-3.103 -0.0908475
-3.103 0.0908475
-3.102 -0.136069
-3.102 0.136069
-3.101 -0.169599
-3.101 0.169599
-3.1 -0.197484
-3.1 0.197484
-3.099 -0.221864
-3.099 0.221864
-3.098 -0.243793
-3.098 0.243793
-3.097 -0.263881
-3.097 0.263881
-3.096 -0.282523
-3.096 0.282523
-3.095 -0.299988
-3.095 0.299988
-3.094 -0.31647
-3.094 0.31647
-3.093 -0.332117
-3.093 0.332117
-3.092 -0.347041
-3.092 0.347041
-3.091 -0.361331
-3.091 0.361331
-3.09 -0.375061
-3.09 0.375061
-3.089 -0.38829
-3.089 0.38829
-3.088 -0.401067
-3.088 0.401067
-3.087 -0.413434
-3.087 0.413434
-3.086 -0.425427
-3.086 0.425427
-3.085 -0.437077
-3.085 0.437077
-3.084 -0.44841
-3.084 0.44841
-3.083 -0.45945
-3.083 0.45945
-3.082 -0.470218
-3.082 0.470218
-3.081 -0.480731
-3.081 0.480731
-3.08 -0.491007
-3.08 0.491007
-3.079 -0.50106
-3.079 0.50106
-3.078 -0.510903
-3.078 0.510903
-3.077 -0.520547
-3.077 0.520547
-3.076 -0.530005
-3.076 0.530005
-3.075 -0.539285
-3.075 0.539285
-3.074 -0.548397
-3.074 0.548397
-3.073 -0.557348
-3.073 0.557348
-3.072 -0.566147
-3.072 0.566147
-3.071 -0.574801
-3.071 0.574801
-3.07 -0.583316
-3.07 0.583316
-3.069 -0.591697
-3.069 0.591697
-3.068 -0.599951
-3.068 0.599951
-3.067 -0.608083
-3.067 0.608083
-3.066 -0.616098
-3.066 0.616098
-3.065 -0.623999
-3.065 0.623999
-3.064 -0.631793
-3.064 0.631793
-3.063 -0.639481
-3.063 0.639481
-3.062 -0.647069
-3.062 0.647069
-3.061 -0.654559
-3.061 0.654559
-3.06 -0.661955
-3.06 0.661955
-3.059 -0.66926
-3.059 0.66926
-3.058 -0.676477
-3.058 0.676477
-3.057 -0.683609
-3.057 0.683609
-3.056 -0.690658
-3.056 0.690658
-3.055 -0.697627
-3.055 0.697627
-3.054 -0.704519
-3.054 0.704519
-3.053 -0.711335
-3.053 0.711335
-3.052 -0.718078
-3.052 0.718078
-3.051 -0.724749
-3.051 0.724749
-3.05 -0.731351
-3.05 0.731351
-3.049 -0.737886
-3.049 0.737886
-3.048 -0.744356
-3.048 0.744356
-3.047 -0.750761
-3.047 0.750761
-3.046 -0.757104
-3.046 0.757104
-3.045 -0.763386
-3.045 0.763386
-3.044 -0.76961
-3.044 0.76961
-3.043 -0.775775
-3.043 0.775775
-3.042 -0.781884
-3.042 0.781884
-3.041 -0.787937
-3.041 0.787937
-3.04 -0.793937
-3.04 0.793937
-3.039 -0.799884
-3.039 0.799884
-3.038 -0.80578
-3.038 0.80578
-3.037 -0.811625
-3.037 0.811625
-3.036 -0.817421
-3.036 0.817421
-3.035 -0.823169
-3.035 0.823169
-3.034 -0.82887
-3.034 0.82887
-3.033 -0.834524
-3.033 0.834524
-3.032 -0.840133
-3.032 0.840133
-3.031 -0.845697
-3.031 0.845697
-3.03 -0.851219
-3.03 0.851219
-3.029 -0.856697
-3.029 0.856697
-3.028 -0.862133
-3.028 0.862133
-3.027 -0.867529
-3.027 0.867529
-3.026 -0.872884
-3.026 0.872884
-3.025 -0.8782
-3.025 0.8782
-3.024 -0.883476
-3.024 0.883476
-3.023 -0.888715
-3.023 0.888715
-3.022 -0.893916
-3.022 0.893916
-3.021 -0.89908
-3.021 0.89908
-3.02 -0.904208
-3.02 0.904208
-3.019 -0.9093
-3.019 0.9093
-3.018 -0.914358
-3.018 0.914358
-3.017 -0.919381
-3.017 0.919381
-3.016 -0.92437
-3.016 0.92437
-3.015 -0.929326
-3.015 0.929326
-3.014 -0.934249
-3.014 0.934249
-3.013 -0.93914
-3.013 0.93914
-3.012 -0.943999
-3.012 0.943999
-3.011 -0.948827
-3.011 0.948827
-3.01 -0.953624
-3.01 0.953624
-3.009 -0.958391
-3.009 0.958391
-3.008 -0.963128
-3.008 0.963128
-3.007 -0.967836
-3.007 0.967836
-3.006 -0.972514
-3.006 0.972514
-3.005 -0.977164
-3.005 0.977164
-3.004 -0.981786
-3.004 0.981786
-3.003 -0.98638
-3.003 0.98638
-3.002 -0.990947
-3.002 0.990947
-3.001 -0.995487
-3.001 0.995487
-3 -1
-3 1
-2.999 -1.00449
-2.999 1.00449
-2.998 -1.00895
-2.998 1.00895
-2.997 -1.01338
-2.997 1.01338
-2.996 -1.01779
-2.996 1.01779
-2.995 -1.02218
-2.995 1.02218
-2.994 -1.02654
-2.994 1.02654
-2.993 -1.03088
-2.993 1.03088
-2.992 -1.03519
-2.992 1.03519
-2.991 -1.03948
-2.991 1.03948
-2.99 -1.04374
-2.99 1.04374
-2.989 -1.04799
-2.989 1.04799
-2.988 -1.05221
-2.988 1.05221
-2.987 -1.0564
-2.987 1.0564
-2.986 -1.06058
-2.986 1.06058
-2.985 -1.06473
-2.985 1.06473
-2.984 -1.06886
-2.984 1.06886
-2.983 -1.07297
-2.983 1.07297
-2.982 -1.07706
-2.982 1.07706
-2.981 -1.08113
-2.981 1.08113
-2.98 -1.08518
-2.98 1.08518
-2.979 -1.0892
-2.979 1.0892
-2.978 -1.09321
-2.978 1.09321
-2.977 -1.0972
-2.977 1.0972
-2.976 -1.10116
-2.976 1.10116
-2.975 -1.10511
-2.975 1.10511
-2.974 -1.10904
-2.974 1.10904
-2.973 -1.11294
-2.973 1.11294
-2.972 -1.11683
-2.972 1.11683
-2.971 -1.1207
-2.971 1.1207
-2.97 -1.12456
-2.97 1.12456
-2.969 -1.12839
-2.969 1.12839
-2.968 -1.13221
-2.968 1.13221
-2.967 -1.136
-2.967 1.136
-2.966 -1.13978
-2.966 1.13978
-2.965 -1.14354
-2.965 1.14354
-2.964 -1.14729
-2.964 1.14729
-2.963 -1.15102
-2.963 1.15102
-2.962 -1.15473
-2.962 1.15473
-2.961 -1.15842
-2.961 1.15842
-2.96 -1.16209
-2.96 1.16209
-2.959 -1.16575
-2.959 1.16575
-2.958 -1.1694
-2.958 1.1694
-2.957 -1.17302
-2.957 1.17302
-2.956 -1.17663
-2.956 1.17663
-2.955 -1.18023
-2.955 1.18023
-2.954 -1.18381
-2.954 1.18381
-2.953 -1.18737
-2.953 1.18737
-2.952 -1.19092
-2.952 1.19092
-2.951 -1.19445
-2.951 1.19445
-2.95 -1.19797
-2.95 1.19797
-2.949 -1.20147
-2.949 1.20147
-2.948 -1.20496
-2.948 1.20496
-2.947 -1.20843
-2.947 1.20843
-2.946 -1.21188
-2.946 1.21188
-2.945 -1.21533
-2.945 1.21533
-2.944 -1.21875
-2.944 1.21875
-2.943 -1.22217
-2.943 1.22217
-2.942 -1.22557
-2.942 1.22557
-2.941 -1.22895
-2.941 1.22895
-2.94 -1.23232
-2.94 1.23232
-2.939 -1.23568
-2.939 1.23568
-2.938 -1.23902
-2.938 1.23902
-2.937 -1.24235
-2.937 1.24235
-2.936 -1.24567
-2.936 1.24567
-2.935 -1.24897
-2.935 1.24897
-2.934 -1.25226
-2.934 1.25226
-2.933 -1.25553
-2.933 1.25553
-2.932 -1.2588
-2.932 1.2588
-2.931 -1.26205
-2.931 1.26205
-2.93 -1.26528
-2.93 1.26528
-2.929 -1.26851
-2.929 1.26851
-2.928 -1.27172
-2.928 1.27172
-2.927 -1.27492
-2.927 1.27492
-2.926 -1.2781
-2.926 1.2781
-2.925 -1.28128
-2.925 1.28128
-2.924 -1.28444
-2.924 1.28444
-2.923 -1.28759
-2.923 1.28759
-2.922 -1.29072
-2.922 1.29072
-2.921 -1.29385
-2.921 1.29385
-2.92 -1.29696
-2.92 1.29696
-2.919 -1.30006
-2.919 1.30006
-2.918 -1.30315
-2.918 1.30315
-2.917 -1.30623
-2.917 1.30623
-2.916 -1.3093
-2.916 1.3093
-2.915 -1.31235
-2.915 1.31235
-2.914 -1.31539
-2.914 1.31539
-2.913 -1.31843
-2.913 1.31843
-2.912 -1.32145
-2.912 1.32145
-2.911 -1.32445
-2.911 1.32445
-2.91 -1.32745
-2.91 1.32745
-2.909 -1.33044
-2.909 1.33044
-2.908 -1.33341
-2.908 1.33341
-2.907 -1.33638
-2.907 1.33638
-2.906 -1.33933
-2.906 1.33933
-2.905 -1.34228
-2.905 1.34228
-2.904 -1.34521
-2.904 1.34521
-2.903 -1.34813
-2.903 1.34813
-2.902 -1.35104
-2.902 1.35104
-2.901 -1.35394
-2.901 1.35394
-2.9 -1.35683
-2.9 1.35683
-2.899 -1.35971
-2.899 1.35971
-2.898 -1.36258
-2.898 1.36258
-2.897 -1.36544
-2.897 1.36544
-2.896 -1.36829
-2.896 1.36829
-2.895 -1.37113
-2.895 1.37113
-2.894 -1.37396
-2.894 1.37396
-2.893 -1.37678
-2.893 1.37678
-2.892 -1.37959
-2.892 1.37959
-2.891 -1.38239
-2.891 1.38239
-2.89 -1.38518
-2.89 1.38518
-2.889 -1.38796
-2.889 1.38796
-2.888 -1.39073
-2.888 1.39073
-2.887 -1.3935
-2.887 1.3935
-2.886 -1.39625
-2.886 1.39625
-2.885 -1.39899
-2.885 1.39899
-2.884 -1.40172
-2.884 1.40172
-2.883 -1.40445
-2.883 1.40445
-2.882 -1.40716
-2.882 1.40716
-2.881 -1.40986
-2.881 1.40986
-2.88 -1.41256
-2.88 1.41256
-2.879 -1.41525
-2.879 1.41525
-2.878 -1.41793
-2.878 1.41793
-2.877 -1.42059
-2.877 1.42059
-2.876 -1.42325
-2.876 1.42325
-2.875 -1.4259
-2.875 1.4259
-2.874 -1.42855
-2.874 1.42855
-2.873 -1.43118
-2.873 1.43118
-2.872 -1.4338
-2.872 1.4338
-2.871 -1.43642
-2.871 1.43642
-2.87 -1.43903
-2.87 1.43903
-2.869 -1.44162
-2.869 1.44162
-2.868 -1.44421
-2.868 1.44421
-2.867 -1.4468
-2.867 1.4468
-2.866 -1.44937
-2.866 1.44937
-2.865 -1.45193
-2.865 1.45193
-2.864 -1.45449
-2.864 1.45449
-2.863 -1.45704
-2.863 1.45704
-2.862 -1.45958
-2.862 1.45958
-2.861 -1.46211
-2.861 1.46211
-2.86 -1.46463
-2.86 1.46463
-2.859 -1.46715
-2.859 1.46715
-2.858 -1.46965
-2.858 1.46965
-2.857 -1.47215
-2.857 1.47215
-2.856 -1.47464
-2.856 1.47464
-2.855 -1.47713
-2.855 1.47713
-2.854 -1.4796
-2.854 1.4796
-2.853 -1.48207
-2.853 1.48207
-2.852 -1.48453
-2.852 1.48453
-2.851 -1.48698
-2.851 1.48698
-2.85 -1.48942
-2.85 1.48942
-2.849 -1.49186
-2.849 1.49186
-2.848 -1.49429
-2.848 1.49429
-2.847 -1.49671
-2.847 1.49671
-2.846 -1.49912
-2.846 1.49912
-2.845 -1.50152
-2.845 1.50152
-2.844 -1.50392
-2.844 1.50392
-2.843 -1.50631
-2.843 1.50631
-2.842 -1.50869
-2.842 1.50869
-2.841 -1.51107
-2.841 1.51107
-2.84 -1.51344
-2.84 1.51344
-2.839 -1.5158
-2.839 1.5158
-2.838 -1.51815
-2.838 1.51815
-2.837 -1.5205
-2.837 1.5205
-2.836 -1.52284
-2.836 1.52284
-2.835 -1.52517
-2.835 1.52517
-2.834 -1.52749
-2.834 1.52749
-2.833 -1.52981
-2.833 1.52981
-2.832 -1.53212
-2.832 1.53212
-2.831 -1.53443
-2.831 1.53443
-2.83 -1.53672
-2.83 1.53672
-2.829 -1.53901
-2.829 1.53901
-2.828 -1.54129
-2.828 1.54129
-2.827 -1.54357
-2.827 1.54357
-2.826 -1.54584
-2.826 1.54584
-2.825 -1.5481
-2.825 1.5481
-2.824 -1.55035
-2.824 1.55035
-2.823 -1.5526
-2.823 1.5526
-2.822 -1.55484
-2.822 1.55484
-2.821 -1.55708
-2.821 1.55708
-2.82 -1.5593
-2.82 1.5593
-2.819 -1.56153
-2.819 1.56153
-2.818 -1.56374
-2.818 1.56374
-2.817 -1.56595
-2.817 1.56595
-2.816 -1.56815
-2.816 1.56815
-2.815 -1.57034
-2.815 1.57034
-2.814 -1.57253
-2.814 1.57253
-2.813 -1.57471
-2.813 1.57471
-2.812 -1.57689
-2.812 1.57689
-2.811 -1.57906
-2.811 1.57906
-2.81 -1.58122
-2.81 1.58122
-2.809 -1.58338
-2.809 1.58338
-2.808 -1.58553
-2.808 1.58553
-2.807 -1.58767
-2.807 1.58767
-2.806 -1.58981
-2.806 1.58981
-2.805 -1.59194
-2.805 1.59194
-2.804 -1.59406
-2.804 1.59406
-2.803 -1.59618
-2.803 1.59618
-2.802 -1.59829
-2.802 1.59829
-2.801 -1.6004
-2.801 1.6004
-2.8 -1.6025
-2.8 1.6025
-2.799 -1.60459
-2.799 1.60459
-2.798 -1.60668
-2.798 1.60668
-2.797 -1.60876
-2.797 1.60876
-2.796 -1.61084
-2.796 1.61084
-2.795 -1.61291
-2.795 1.61291
-2.794 -1.61497
-2.794 1.61497
-2.793 -1.61703
-2.793 1.61703
-2.792 -1.61908
-2.792 1.61908
-2.791 -1.62112
-2.791 1.62112
-2.79 -1.62316
-2.79 1.62316
-2.789 -1.6252
-2.789 1.6252
-2.788 -1.62723
-2.788 1.62723
-2.787 -1.62925
-2.787 1.62925
-2.786 -1.63126
-2.786 1.63126
-2.785 -1.63328
-2.785 1.63328
-2.784 -1.63528
-2.784 1.63528
-2.783 -1.63728
-2.783 1.63728
-2.782 -1.63927
-2.782 1.63927
-2.781 -1.64126
-2.781 1.64126
-2.78 -1.64324
-2.78 1.64324
-2.779 -1.64522
-2.779 1.64522
-2.778 -1.64719
-2.778 1.64719
-2.777 -1.64916
-2.777 1.64916
-2.776 -1.65112
-2.776 1.65112
-2.775 -1.65307
-2.775 1.65307
-2.774 -1.65502
-2.774 1.65502
-2.773 -1.65696
-2.773 1.65696
-2.772 -1.6589
-2.772 1.6589
-2.771 -1.66083
-2.771 1.66083
-2.77 -1.66276
-2.77 1.66276
-2.769 -1.66468
-2.769 1.66468
-2.768 -1.6666
-2.768 1.6666
-2.767 -1.66851
-2.767 1.66851
-2.766 -1.67041
-2.766 1.67041
-2.765 -1.67231
-2.765 1.67231
-2.764 -1.67421
-2.764 1.67421
-2.763 -1.6761
-2.763 1.6761
-2.762 -1.67798
-2.762 1.67798
-2.761 -1.67986
-2.761 1.67986
-2.76 -1.68173
-2.76 1.68173
-2.759 -1.6836
-2.759 1.6836
-2.758 -1.68546
-2.758 1.68546
-2.757 -1.68732
-2.757 1.68732
-2.756 -1.68917
-2.756 1.68917
-2.755 -1.69102
-2.755 1.69102
-2.754 -1.69286
-2.754 1.69286
-2.753 -1.6947
-2.753 1.6947
-2.752 -1.69653
-2.752 1.69653
-2.751 -1.69836
-2.751 1.69836
-2.75 -1.70018
-2.75 1.70018
-2.749 -1.702
-2.749 1.702
-2.748 -1.70381
-2.748 1.70381
-2.747 -1.70562
-2.747 1.70562
-2.746 -1.70742
-2.746 1.70742
-2.745 -1.70922
-2.745 1.70922
-2.744 -1.71101
-2.744 1.71101
-2.743 -1.7128
-2.743 1.7128
-2.742 -1.71458
-2.742 1.71458
-2.741 -1.71636
-2.741 1.71636
-2.74 -1.71813
-2.74 1.71813
-2.739 -1.7199
-2.739 1.7199
-2.738 -1.72166
-2.738 1.72166
-2.737 -1.72342
-2.737 1.72342
-2.736 -1.72517
-2.736 1.72517
-2.735 -1.72692
-2.735 1.72692
-2.734 -1.72867
-2.734 1.72867
-2.733 -1.7304
-2.733 1.7304
-2.732 -1.73214
-2.732 1.73214
-2.731 -1.73387
-2.731 1.73387
-2.73 -1.73559
-2.73 1.73559
-2.729 -1.73731
-2.729 1.73731
-2.728 -1.73903
-2.728 1.73903
-2.727 -1.74074
-2.727 1.74074
-2.726 -1.74245
-2.726 1.74245
-2.725 -1.74415
-2.725 1.74415
-2.724 -1.74584
-2.724 1.74584
-2.723 -1.74754
-2.723 1.74754
-2.722 -1.74922
-2.722 1.74922
-2.721 -1.75091
-2.721 1.75091
-2.72 -1.75258
-2.72 1.75258
-2.719 -1.75426
-2.719 1.75426
-2.718 -1.75593
-2.718 1.75593
-2.717 -1.75759
-2.717 1.75759
-2.716 -1.75925
-2.716 1.75925
-2.715 -1.76091
-2.715 1.76091
-2.714 -1.76256
-2.714 1.76256
-2.713 -1.76421
-2.713 1.76421
-2.712 -1.76585
-2.712 1.76585
-2.711 -1.76749
-2.711 1.76749
-2.71 -1.76912
-2.71 1.76912
-2.709 -1.77075
-2.709 1.77075
-2.708 -1.77237
-2.708 1.77237
-2.707 -1.774
-2.707 1.774
-2.706 -1.77561
-2.706 1.77561
-2.705 -1.77722
-2.705 1.77722
-2.704 -1.77883
-2.704 1.77883
-2.703 -1.78043
-2.703 1.78043
-2.702 -1.78203
-2.702 1.78203
-2.701 -1.78363
-2.701 1.78363
-2.7 -1.78522
-2.7 1.78522
-2.699 -1.7868
-2.699 1.7868
-2.698 -1.78838
-2.698 1.78838
-2.697 -1.78996
-2.697 1.78996
-2.696 -1.79154
-2.696 1.79154
-2.695 -1.7931
-2.695 1.7931
-2.694 -1.79467
-2.694 1.79467
-2.693 -1.79623
-2.693 1.79623
-2.692 -1.79779
-2.692 1.79779
-2.691 -1.79934
-2.691 1.79934
-2.69 -1.80089
-2.69 1.80089
-2.689 -1.80243
-2.689 1.80243
-2.688 -1.80397
-2.688 1.80397
-2.687 -1.80551
-2.687 1.80551
-2.686 -1.80704
-2.686 1.80704
-2.685 -1.80856
-2.685 1.80856
-2.684 -1.81009
-2.684 1.81009
-2.683 -1.81161
-2.683 1.81161
-2.682 -1.81312
-2.682 1.81312
-2.681 -1.81463
-2.681 1.81463
-2.68 -1.81614
-2.68 1.81614
-2.679 -1.81764
-2.679 1.81764
-2.678 -1.81914
-2.678 1.81914
-2.677 -1.82064
-2.677 1.82064
-2.676 -1.82213
-2.676 1.82213
-2.675 -1.82362
-2.675 1.82362
-2.674 -1.8251
-2.674 1.8251
-2.673 -1.82658
-2.673 1.82658
-2.672 -1.82805
-2.672 1.82805
-2.671 -1.82953
-2.671 1.82953
-2.67 -1.83099
-2.67 1.83099
-2.669 -1.83246
-2.669 1.83246
-2.668 -1.83392
-2.668 1.83392
-2.667 -1.83537
-2.667 1.83537
-2.666 -1.83682
-2.666 1.83682
-2.665 -1.83827
-2.665 1.83827
-2.664 -1.83972
-2.664 1.83972
-2.663 -1.84116
-2.663 1.84116
-2.662 -1.84259
-2.662 1.84259
-2.661 -1.84403
-2.661 1.84403
-2.66 -1.84545
-2.66 1.84545
-2.659 -1.84688
-2.659 1.84688
-2.658 -1.8483
-2.658 1.8483
-2.657 -1.84972
-2.657 1.84972
-2.656 -1.85113
-2.656 1.85113
-2.655 -1.85254
-2.655 1.85254
-2.654 -1.85395
-2.654 1.85395
-2.653 -1.85535
-2.653 1.85535
-2.652 -1.85675
-2.652 1.85675
-2.651 -1.85814
-2.651 1.85814
-2.65 -1.85954
-2.65 1.85954
-2.649 -1.86092
-2.649 1.86092
-2.648 -1.86231
-2.648 1.86231
-2.647 -1.86369
-2.647 1.86369
-2.646 -1.86506
-2.646 1.86506
-2.645 -1.86644
-2.645 1.86644
-2.644 -1.86781
-2.644 1.86781
-2.643 -1.86917
-2.643 1.86917
-2.642 -1.87053
-2.642 1.87053
-2.641 -1.87189
-2.641 1.87189
-2.64 -1.87325
-2.64 1.87325
-2.639 -1.8746
-2.639 1.8746
-2.638 -1.87595
-2.638 1.87595
-2.637 -1.87729
-2.637 1.87729
-2.636 -1.87863
-2.636 1.87863
-2.635 -1.87997
-2.635 1.87997
-2.634 -1.8813
-2.634 1.8813
-2.633 -1.88263
-2.633 1.88263
-2.632 -1.88396
-2.632 1.88396
-2.631 -1.88528
-2.631 1.88528
-2.63 -1.8866
-2.63 1.8866
-2.629 -1.88791
-2.629 1.88791
-2.628 -1.88923
-2.628 1.88923
-2.627 -1.89053
-2.627 1.89053
-2.626 -1.89184
-2.626 1.89184
-2.625 -1.89314
-2.625 1.89314
-2.624 -1.89444
-2.624 1.89444
-2.623 -1.89573
-2.623 1.89573
-2.622 -1.89703
-2.622 1.89703
-2.621 -1.89831
-2.621 1.89831
-2.62 -1.8996
-2.62 1.8996
-2.619 -1.90088
-2.619 1.90088
-2.618 -1.90216
-2.618 1.90216
-2.617 -1.90343
-2.617 1.90343
-2.616 -1.9047
-2.616 1.9047
-2.615 -1.90597
-2.615 1.90597
-2.614 -1.90723
-2.614 1.90723
-2.613 -1.90849
-2.613 1.90849
-2.612 -1.90975
-2.612 1.90975
-2.611 -1.911
-2.611 1.911
-2.61 -1.91225
-2.61 1.91225
-2.609 -1.9135
-2.609 1.9135
-2.608 -1.91475
-2.608 1.91475
-2.607 -1.91599
-2.607 1.91599
-2.606 -1.91722
-2.606 1.91722
-2.605 -1.91846
-2.605 1.91846
-2.604 -1.91969
-2.604 1.91969
-2.603 -1.92092
-2.603 1.92092
-2.602 -1.92214
-2.602 1.92214
-2.601 -1.92336
-2.601 1.92336
-2.6 -1.92458
-2.6 1.92458
-2.599 -1.92579
-2.599 1.92579
-2.598 -1.927
-2.598 1.927
-2.597 -1.92821
-2.597 1.92821
-2.596 -1.92942
-2.596 1.92942
-2.595 -1.93062
-2.595 1.93062
-2.594 -1.93181
-2.594 1.93181
-2.593 -1.93301
-2.593 1.93301
-2.592 -1.9342
-2.592 1.9342
-2.591 -1.93539
-2.591 1.93539
-2.59 -1.93657
-2.59 1.93657
-2.589 -1.93776
-2.589 1.93776
-2.588 -1.93894
-2.588 1.93894
-2.587 -1.94011
-2.587 1.94011
-2.586 -1.94128
-2.586 1.94128
-2.585 -1.94245
-2.585 1.94245
-2.584 -1.94362
-2.584 1.94362
-2.583 -1.94478
-2.583 1.94478
-2.582 -1.94594
-2.582 1.94594
-2.581 -1.9471
-2.581 1.9471
-2.58 -1.94825
-2.58 1.94825
-2.579 -1.9494
-2.579 1.9494
-2.578 -1.95055
-2.578 1.95055
-2.577 -1.95169
-2.577 1.95169
-2.576 -1.95284
-2.576 1.95284
-2.575 -1.95397
-2.575 1.95397
-2.574 -1.95511
-2.574 1.95511
-2.573 -1.95624
-2.573 1.95624
-2.572 -1.95737
-2.572 1.95737
-2.571 -1.9585
-2.571 1.9585
-2.57 -1.95962
-2.57 1.95962
-2.569 -1.96074
-2.569 1.96074
-2.568 -1.96186
-2.568 1.96186
-2.567 -1.96297
-2.567 1.96297
-2.566 -1.96408
-2.566 1.96408
-2.565 -1.96519
-2.565 1.96519
-2.564 -1.96629
-2.564 1.96629
-2.563 -1.96739
-2.563 1.96739
-2.562 -1.96849
-2.562 1.96849
-2.561 -1.96959
-2.561 1.96959
-2.56 -1.97068
-2.56 1.97068
-2.559 -1.97177
-2.559 1.97177
-2.558 -1.97286
-2.558 1.97286
-2.557 -1.97394
-2.557 1.97394
-2.556 -1.97502
-2.556 1.97502
-2.555 -1.9761
-2.555 1.9761
-2.554 -1.97717
-2.554 1.97717
-2.553 -1.97825
-2.553 1.97825
-2.552 -1.97932
-2.552 1.97932
-2.551 -1.98038
-2.551 1.98038
-2.55 -1.98145
-2.55 1.98145
-2.549 -1.98251
-2.549 1.98251
-2.548 -1.98356
-2.548 1.98356
-2.547 -1.98462
-2.547 1.98462
-2.546 -1.98567
-2.546 1.98567
-2.545 -1.98672
-2.545 1.98672
-2.544 -1.98776
-2.544 1.98776
-2.543 -1.98881
-2.543 1.98881
-2.542 -1.98985
-2.542 1.98985
-2.541 -1.99088
-2.541 1.99088
-2.54 -1.99192
-2.54 1.99192
-2.539 -1.99295
-2.539 1.99295
-2.538 -1.99398
-2.538 1.99398
-2.537 -1.995
-2.537 1.995
-2.536 -1.99603
-2.536 1.99603
-2.535 -1.99705
-2.535 1.99705
-2.534 -1.99806
-2.534 1.99806
-2.533 -1.99908
-2.533 1.99908
-2.532 -2.00009
-2.532 2.00009
-2.531 -2.0011
-2.531 2.0011
-2.53 -2.0021
-2.53 2.0021
-2.529 -2.00311
-2.529 2.00311
-2.528 -2.00411
-2.528 2.00411
-2.527 -2.00511
-2.527 2.00511
-2.526 -2.0061
-2.526 2.0061
-2.525 -2.00709
-2.525 2.00709
-2.524 -2.00808
-2.524 2.00808
-2.523 -2.00907
-2.523 2.00907
-2.522 -2.01005
-2.522 2.01005
-2.521 -2.01103
-2.521 2.01103
-2.52 -2.01201
-2.52 2.01201
-2.519 -2.01299
-2.519 2.01299
-2.518 -2.01396
-2.518 2.01396
-2.517 -2.01493
-2.517 2.01493
-2.516 -2.0159
-2.516 2.0159
-2.515 -2.01686
-2.515 2.01686
-2.514 -2.01782
-2.514 2.01782
-2.513 -2.01878
-2.513 2.01878
-2.512 -2.01974
-2.512 2.01974
-2.511 -2.02069
-2.511 2.02069
-2.51 -2.02165
-2.51 2.02165
-2.509 -2.02259
-2.509 2.02259
-2.508 -2.02354
-2.508 2.02354
-2.507 -2.02448
-2.507 2.02448
-2.506 -2.02542
-2.506 2.02542
-2.505 -2.02636
-2.505 2.02636
-2.504 -2.0273
-2.504 2.0273
-2.503 -2.02823
-2.503 2.02823
-2.502 -2.02916
-2.502 2.02916
-2.501 -2.03009
-2.501 2.03009
-2.5 -2.03101
-2.5 2.03101
-2.499 -2.03193
-2.499 2.03193
-2.498 -2.03285
-2.498 2.03285
-2.497 -2.03377
-2.497 2.03377
-2.496 -2.03468
-2.496 2.03468
-2.495 -2.03559
-2.495 2.03559
-2.494 -2.0365
-2.494 2.0365
-2.493 -2.03741
-2.493 2.03741
-2.492 -2.03831
-2.492 2.03831
-2.491 -2.03921
-2.491 2.03921
-2.49 -2.04011
-2.49 2.04011
-2.489 -2.04101
-2.489 2.04101
-2.488 -2.0419
-2.488 2.0419
-2.487 -2.04279
-2.487 2.04279
-2.486 -2.04368
-2.486 2.04368
-2.485 -2.04456
-2.485 2.04456
-2.484 -2.04545
-2.484 2.04545
-2.483 -2.04633
-2.483 2.04633
-2.482 -2.0472
-2.482 2.0472
-2.481 -2.04808
-2.481 2.04808
-2.48 -2.04895
-2.48 2.04895
-2.479 -2.04982
-2.479 2.04982
-2.478 -2.05069
-2.478 2.05069
-2.477 -2.05156
-2.477 2.05156
-2.476 -2.05242
-2.476 2.05242
-2.475 -2.05328
-2.475 2.05328
-2.474 -2.05414
-2.474 2.05414
-2.473 -2.05499
-2.473 2.05499
-2.472 -2.05584
-2.472 2.05584
-2.471 -2.05669
-2.471 2.05669
-2.47 -2.05754
-2.47 2.05754
-2.469 -2.05839
-2.469 2.05839
-2.468 -2.05923
-2.468 2.05923
-2.467 -2.06007
-2.467 2.06007
-2.466 -2.06091
-2.466 2.06091
-2.465 -2.06174
-2.465 2.06174
-2.464 -2.06257
-2.464 2.06257
-2.463 -2.0634
-2.463 2.0634
-2.462 -2.06423
-2.462 2.06423
-2.461 -2.06506
-2.461 2.06506
-2.46 -2.06588
-2.46 2.06588
-2.459 -2.0667
-2.459 2.0667
-2.458 -2.06752
-2.458 2.06752
-2.457 -2.06833
-2.457 2.06833
-2.456 -2.06915
-2.456 2.06915
-2.455 -2.06996
-2.455 2.06996
-2.454 -2.07077
-2.454 2.07077
-2.453 -2.07157
-2.453 2.07157
-2.452 -2.07238
-2.452 2.07238
-2.451 -2.07318
-2.451 2.07318
-2.45 -2.07398
-2.45 2.07398
-2.449 -2.07477
-2.449 2.07477
-2.448 -2.07557
-2.448 2.07557
-2.447 -2.07636
-2.447 2.07636
-2.446 -2.07715
-2.446 2.07715
-2.445 -2.07793
-2.445 2.07793
-2.444 -2.07872
-2.444 2.07872
-2.443 -2.0795
-2.443 2.0795
-2.442 -2.08028
-2.442 2.08028
-2.441 -2.08106
-2.441 2.08106
-2.44 -2.08183
-2.44 2.08183
-2.439 -2.0826
-2.439 2.0826
-2.438 -2.08337
-2.438 2.08337
-2.437 -2.08414
-2.437 2.08414
-2.436 -2.08491
-2.436 2.08491
-2.435 -2.08567
-2.435 2.08567
-2.434 -2.08643
-2.434 2.08643
-2.433 -2.08719
-2.433 2.08719
-2.432 -2.08794
-2.432 2.08794
-2.431 -2.0887
-2.431 2.0887
-2.43 -2.08945
-2.43 2.08945
-2.429 -2.0902
-2.429 2.0902
-2.428 -2.09094
-2.428 2.09094
-2.427 -2.09169
-2.427 2.09169
-2.426 -2.09243
-2.426 2.09243
-2.425 -2.09317
-2.425 2.09317
-2.424 -2.09391
-2.424 2.09391
-2.423 -2.09464
-2.423 2.09464
-2.422 -2.09538
-2.422 2.09538
-2.421 -2.09611
-2.421 2.09611
-2.42 -2.09683
-2.42 2.09683
-2.419 -2.09756
-2.419 2.09756
-2.418 -2.09828
-2.418 2.09828
-2.417 -2.099
-2.417 2.099
-2.416 -2.09972
-2.416 2.09972
-2.415 -2.10044
-2.415 2.10044
-2.414 -2.10116
-2.414 2.10116
-2.413 -2.10187
-2.413 2.10187
-2.412 -2.10258
-2.412 2.10258
-2.411 -2.10329
-2.411 2.10329
-2.41 -2.10399
-2.41 2.10399
-2.409 -2.10469
-2.409 2.10469
-2.408 -2.1054
-2.408 2.1054
-2.407 -2.10609
-2.407 2.10609
-2.406 -2.10679
-2.406 2.10679
-2.405 -2.10749
-2.405 2.10749
-2.404 -2.10818
-2.404 2.10818
-2.403 -2.10887
-2.403 2.10887
-2.402 -2.10956
-2.402 2.10956
-2.401 -2.11024
-2.401 2.11024
-2.4 -2.11092
-2.4 2.11092
-2.399 -2.11161
-2.399 2.11161
-2.398 -2.11228
-2.398 2.11228
-2.397 -2.11296
-2.397 2.11296
-2.396 -2.11363
-2.396 2.11363
-2.395 -2.11431
-2.395 2.11431
-2.394 -2.11498
-2.394 2.11498
-2.393 -2.11565
-2.393 2.11565
-2.392 -2.11631
-2.392 2.11631
-2.391 -2.11697
-2.391 2.11697
-2.39 -2.11764
-2.39 2.11764
-2.389 -2.11829
-2.389 2.11829
-2.388 -2.11895
-2.388 2.11895
-2.387 -2.11961
-2.387 2.11961
-2.386 -2.12026
-2.386 2.12026
-2.385 -2.12091
-2.385 2.12091
-2.384 -2.12156
-2.384 2.12156
-2.383 -2.1222
-2.383 2.1222
-2.382 -2.12285
-2.382 2.12285
-2.381 -2.12349
-2.381 2.12349
-2.38 -2.12413
-2.38 2.12413
-2.379 -2.12477
-2.379 2.12477
-2.378 -2.1254
-2.378 2.1254
-2.377 -2.12604
-2.377 2.12604
-2.376 -2.12667
-2.376 2.12667
-2.375 -2.1273
-2.375 2.1273
-2.374 -2.12792
-2.374 2.12792
-2.373 -2.12855
-2.373 2.12855
-2.372 -2.12917
-2.372 2.12917
-2.371 -2.12979
-2.371 2.12979
-2.37 -2.13041
-2.37 2.13041
-2.369 -2.13103
-2.369 2.13103
-2.368 -2.13164
-2.368 2.13164
-2.367 -2.13225
-2.367 2.13225
-2.366 -2.13286
-2.366 2.13286
-2.365 -2.13347
-2.365 2.13347
-2.364 -2.13408
-2.364 2.13408
-2.363 -2.13468
-2.363 2.13468
-2.362 -2.13528
-2.362 2.13528
-2.361 -2.13588
-2.361 2.13588
-2.36 -2.13648
-2.36 2.13648
-2.359 -2.13707
-2.359 2.13707
-2.358 -2.13767
-2.358 2.13767
-2.357 -2.13826
-2.357 2.13826
-2.356 -2.13885
-2.356 2.13885
-2.355 -2.13944
-2.355 2.13944
-2.354 -2.14002
-2.354 2.14002
-2.353 -2.1406
-2.353 2.1406
-2.352 -2.14119
-2.352 2.14119
-2.351 -2.14176
-2.351 2.14176
-2.35 -2.14234
-2.35 2.14234
-2.349 -2.14292
-2.349 2.14292
-2.348 -2.14349
-2.348 2.14349
-2.347 -2.14406
-2.347 2.14406
-2.346 -2.14463
-2.346 2.14463
-2.345 -2.14519
-2.345 2.14519
-2.344 -2.14576
-2.344 2.14576
-2.343 -2.14632
-2.343 2.14632
-2.342 -2.14688
-2.342 2.14688
-2.341 -2.14744
-2.341 2.14744
-2.34 -2.148
-2.34 2.148
-2.339 -2.14855
-2.339 2.14855
-2.338 -2.14911
-2.338 2.14911
-2.337 -2.14966
-2.337 2.14966
-2.336 -2.1502
-2.336 2.1502
-2.335 -2.15075
-2.335 2.15075
-2.334 -2.1513
-2.334 2.1513
-2.333 -2.15184
-2.333 2.15184
-2.332 -2.15238
-2.332 2.15238
-2.331 -2.15292
-2.331 2.15292
-2.33 -2.15345
-2.33 2.15345
-2.329 -2.15399
-2.329 2.15399
-2.328 -2.15452
-2.328 2.15452
-2.327 -2.15505
-2.327 2.15505
-2.326 -2.15558
-2.326 2.15558
-2.325 -2.15611
-2.325 2.15611
-2.324 -2.15663
-2.324 2.15663
-2.323 -2.15715
-2.323 2.15715
-2.322 -2.15768
-2.322 2.15768
-2.321 -2.15819
-2.321 2.15819
-2.32 -2.15871
-2.32 2.15871
-2.319 -2.15923
-2.319 2.15923
-2.318 -2.15974
-2.318 2.15974
-2.317 -2.16025
-2.317 2.16025
-2.316 -2.16076
-2.316 2.16076
-2.315 -2.16127
-2.315 2.16127
-2.314 -2.16177
-2.314 2.16177
-2.313 -2.16227
-2.313 2.16227
-2.312 -2.16278
-2.312 2.16278
-2.311 -2.16327
-2.311 2.16327
-2.31 -2.16377
-2.31 2.16377
-2.309 -2.16427
-2.309 2.16427
-2.308 -2.16476
-2.308 2.16476
-2.307 -2.16525
-2.307 2.16525
-2.306 -2.16574
-2.306 2.16574
-2.305 -2.16623
-2.305 2.16623
-2.304 -2.16672
-2.304 2.16672
-2.303 -2.1672
-2.303 2.1672
-2.302 -2.16768
-2.302 2.16768
-2.301 -2.16816
-2.301 2.16816
-2.3 -2.16864
-2.3 2.16864
-2.299 -2.16912
-2.299 2.16912
-2.298 -2.16959
-2.298 2.16959
-2.297 -2.17006
-2.297 2.17006
-2.296 -2.17053
-2.296 2.17053
-2.295 -2.171
-2.295 2.171
-2.294 -2.17147
-2.294 2.17147
-2.293 -2.17193
-2.293 2.17193
-2.292 -2.1724
-2.292 2.1724
-2.291 -2.17286
-2.291 2.17286
-2.29 -2.17332
-2.29 2.17332
-2.289 -2.17378
-2.289 2.17378
-2.288 -2.17423
-2.288 2.17423
-2.287 -2.17468
-2.287 2.17468
-2.286 -2.17514
-2.286 2.17514
-2.285 -2.17559
-2.285 2.17559
-2.284 -2.17603
-2.284 2.17603
-2.283 -2.17648
-2.283 2.17648
-2.282 -2.17692
-2.282 2.17692
-2.281 -2.17737
-2.281 2.17737
-2.28 -2.17781
-2.28 2.17781
-2.279 -2.17825
-2.279 2.17825
-2.278 -2.17868
-2.278 2.17868
-2.277 -2.17912
-2.277 2.17912
-2.276 -2.17955
-2.276 2.17955
-2.275 -2.17998
-2.275 2.17998
-2.274 -2.18041
-2.274 2.18041
-2.273 -2.18084
-2.273 2.18084
-2.272 -2.18127
-2.272 2.18127
-2.271 -2.18169
-2.271 2.18169
-2.27 -2.18211
-2.27 2.18211
-2.269 -2.18253
-2.269 2.18253
-2.268 -2.18295
-2.268 2.18295
-2.267 -2.18337
-2.267 2.18337
-2.266 -2.18378
-2.266 2.18378
-2.265 -2.1842
-2.265 2.1842
-2.264 -2.18461
-2.264 2.18461
-2.263 -2.18502
-2.263 2.18502
-2.262 -2.18543
-2.262 2.18543
-2.261 -2.18583
-2.261 2.18583
-2.26 -2.18624
-2.26 2.18624
-2.259 -2.18664
-2.259 2.18664
-2.258 -2.18704
-2.258 2.18704
-2.257 -2.18744
-2.257 2.18744
-2.256 -2.18783
-2.256 2.18783
-2.255 -2.18823
-2.255 2.18823
-2.254 -2.18862
-2.254 2.18862
-2.253 -2.18901
-2.253 2.18901
-2.252 -2.1894
-2.252 2.1894
-2.251 -2.18979
-2.251 2.18979
-2.25 -2.19018
-2.25 2.19018
-2.249 -2.19056
-2.249 2.19056
-2.248 -2.19094
-2.248 2.19094
-2.247 -2.19132
-2.247 2.19132
-2.246 -2.1917
-2.246 2.1917
-2.245 -2.19208
-2.245 2.19208
-2.244 -2.19246
-2.244 2.19246
-2.243 -2.19283
-2.243 2.19283
-2.242 -2.1932
-2.242 2.1932
-2.241 -2.19357
-2.241 2.19357
-2.24 -2.19394
-2.24 2.19394
-2.239 -2.19431
-2.239 2.19431
-2.238 -2.19467
-2.238 2.19467
-2.237 -2.19504
-2.237 2.19504
-2.236 -2.1954
-2.236 2.1954
-2.235 -2.19576
-2.235 2.19576
-2.234 -2.19611
-2.234 2.19611
-2.233 -2.19647
-2.233 2.19647
-2.232 -2.19683
-2.232 2.19683
-2.231 -2.19718
-2.231 2.19718
-2.23 -2.19753
-2.23 2.19753
-2.229 -2.19788
-2.229 2.19788
-2.228 -2.19823
-2.228 2.19823
-2.227 -2.19857
-2.227 2.19857
-2.226 -2.19892
-2.226 2.19892
-2.225 -2.19926
-2.225 2.19926
-2.224 -2.1996
-2.224 2.1996
-2.223 -2.19994
-2.223 2.19994
-2.222 -2.20027
-2.222 2.20027
-2.221 -2.20061
-2.221 2.20061
-2.22 -2.20094
-2.22 2.20094
-2.219 -2.20128
-2.219 2.20128
-2.218 -2.20161
-2.218 2.20161
-2.217 -2.20193
-2.217 2.20193
-2.216 -2.20226
-2.216 2.20226
-2.215 -2.20259
-2.215 2.20259
-2.214 -2.20291
-2.214 2.20291
-2.213 -2.20323
-2.213 2.20323
-2.212 -2.20355
-2.212 2.20355
-2.211 -2.20387
-2.211 2.20387
-2.21 -2.20419
-2.21 2.20419
-2.209 -2.2045
-2.209 2.2045
-2.208 -2.20481
-2.208 2.20481
-2.207 -2.20513
-2.207 2.20513
-2.206 -2.20544
-2.206 2.20544
-2.205 -2.20574
-2.205 2.20574
-2.204 -2.20605
-2.204 2.20605
-2.203 -2.20636
-2.203 2.20636
-2.202 -2.20666
-2.202 2.20666
-2.201 -2.20696
-2.201 2.20696
-2.2 -2.20726
-2.2 2.20726
-2.199 -2.20756
-2.199 2.20756
-2.198 -2.20786
-2.198 2.20786
-2.197 -2.20815
-2.197 2.20815
-2.196 -2.20844
-2.196 2.20844
-2.195 -2.20873
-2.195 2.20873
-2.194 -2.20902
-2.194 2.20902
-2.193 -2.20931
-2.193 2.20931
-2.192 -2.2096
-2.192 2.2096
-2.191 -2.20988
-2.191 2.20988
-2.19 -2.21017
-2.19 2.21017
-2.189 -2.21045
-2.189 2.21045
-2.188 -2.21073
-2.188 2.21073
-2.187 -2.21101
-2.187 2.21101
-2.186 -2.21128
-2.186 2.21128
-2.185 -2.21156
-2.185 2.21156
-2.184 -2.21183
-2.184 2.21183
-2.183 -2.2121
-2.183 2.2121
-2.182 -2.21237
-2.182 2.21237
-2.181 -2.21264
-2.181 2.21264
-2.18 -2.21291
-2.18 2.21291
-2.179 -2.21317
-2.179 2.21317
-2.178 -2.21344
-2.178 2.21344
-2.177 -2.2137
-2.177 2.2137
-2.176 -2.21396
-2.176 2.21396
-2.175 -2.21422
-2.175 2.21422
-2.174 -2.21448
-2.174 2.21448
-2.173 -2.21473
-2.173 2.21473
-2.172 -2.21499
-2.172 2.21499
-2.171 -2.21524
-2.171 2.21524
-2.17 -2.21549
-2.17 2.21549
-2.169 -2.21574
-2.169 2.21574
-2.168 -2.21598
-2.168 2.21598
-2.167 -2.21623
-2.167 2.21623
-2.166 -2.21647
-2.166 2.21647
-2.165 -2.21672
-2.165 2.21672
-2.164 -2.21696
-2.164 2.21696
-2.163 -2.2172
-2.163 2.2172
-2.162 -2.21743
-2.162 2.21743
-2.161 -2.21767
-2.161 2.21767
-2.16 -2.21791
-2.16 2.21791
-2.159 -2.21814
-2.159 2.21814
-2.158 -2.21837
-2.158 2.21837
-2.157 -2.2186
-2.157 2.2186
-2.156 -2.21883
-2.156 2.21883
-2.155 -2.21905
-2.155 2.21905
-2.154 -2.21928
-2.154 2.21928
-2.153 -2.2195
-2.153 2.2195
-2.152 -2.21972
-2.152 2.21972
-2.151 -2.21994
-2.151 2.21994
-2.15 -2.22016
-2.15 2.22016
-2.149 -2.22038
-2.149 2.22038
-2.148 -2.2206
-2.148 2.2206
-2.147 -2.22081
-2.147 2.22081
-2.146 -2.22102
-2.146 2.22102
-2.145 -2.22123
-2.145 2.22123
-2.144 -2.22144
-2.144 2.22144
-2.143 -2.22165
-2.143 2.22165
-2.142 -2.22186
-2.142 2.22186
-2.141 -2.22206
-2.141 2.22206
-2.14 -2.22226
-2.14 2.22226
-2.139 -2.22247
-2.139 2.22247
-2.138 -2.22267
-2.138 2.22267
-2.137 -2.22286
-2.137 2.22286
-2.136 -2.22306
-2.136 2.22306
-2.135 -2.22326
-2.135 2.22326
-2.134 -2.22345
-2.134 2.22345
-2.133 -2.22364
-2.133 2.22364
-2.132 -2.22383
-2.132 2.22383
-2.131 -2.22402
-2.131 2.22402
-2.13 -2.22421
-2.13 2.22421
-2.129 -2.22439
-2.129 2.22439
-2.128 -2.22458
-2.128 2.22458
-2.127 -2.22476
-2.127 2.22476
-2.126 -2.22494
-2.126 2.22494
-2.125 -2.22512
-2.125 2.22512
-2.124 -2.2253
-2.124 2.2253
-2.123 -2.22548
-2.123 2.22548
-2.122 -2.22565
-2.122 2.22565
-2.121 -2.22583
-2.121 2.22583
-2.12 -2.226
-2.12 2.226
-2.119 -2.22617
-2.119 2.22617
-2.118 -2.22634
-2.118 2.22634
-2.117 -2.22651
-2.117 2.22651
-2.116 -2.22667
-2.116 2.22667
-2.115 -2.22684
-2.115 2.22684
-2.114 -2.227
-2.114 2.227
-2.113 -2.22716
-2.113 2.22716
-2.112 -2.22732
-2.112 2.22732
-2.111 -2.22748
-2.111 2.22748
-2.11 -2.22764
-2.11 2.22764
-2.109 -2.22779
-2.109 2.22779
-2.108 -2.22795
-2.108 2.22795
-2.107 -2.2281
-2.107 2.2281
-2.106 -2.22825
-2.106 2.22825
-2.105 -2.2284
-2.105 2.2284
-2.104 -2.22855
-2.104 2.22855
-2.103 -2.22869
-2.103 2.22869
-2.102 -2.22884
-2.102 2.22884
-2.101 -2.22898
-2.101 2.22898
-2.1 -2.22913
-2.1 2.22913
-2.099 -2.22927
-2.099 2.22927
-2.098 -2.22941
-2.098 2.22941
-2.097 -2.22954
-2.097 2.22954
-2.096 -2.22968
-2.096 2.22968
-2.095 -2.22981
-2.095 2.22981
-2.094 -2.22995
-2.094 2.22995
-2.093 -2.23008
-2.093 2.23008
-2.092 -2.23021
-2.092 2.23021
-2.091 -2.23034
-2.091 2.23034
-2.09 -2.23046
-2.09 2.23046
-2.089 -2.23059
-2.089 2.23059
-2.088 -2.23071
-2.088 2.23071
-2.087 -2.23084
-2.087 2.23084
-2.086 -2.23096
-2.086 2.23096
-2.085 -2.23108
-2.085 2.23108
-2.084 -2.2312
-2.084 2.2312
-2.083 -2.23131
-2.083 2.23131
-2.082 -2.23143
-2.082 2.23143
-2.081 -2.23154
-2.081 2.23154
-2.08 -2.23166
-2.08 2.23166
-2.079 -2.23177
-2.079 2.23177
-2.078 -2.23188
-2.078 2.23188
-2.077 -2.23198
-2.077 2.23198
-2.076 -2.23209
-2.076 2.23209
-2.075 -2.2322
-2.075 2.2322
-2.074 -2.2323
-2.074 2.2323
-2.073 -2.2324
-2.073 2.2324
-2.072 -2.2325
-2.072 2.2325
-2.071 -2.2326
-2.071 2.2326
-2.07 -2.2327
-2.07 2.2327
-2.069 -2.2328
-2.069 2.2328
-2.068 -2.23289
-2.068 2.23289
-2.067 -2.23299
-2.067 2.23299
-2.066 -2.23308
-2.066 2.23308
-2.065 -2.23317
-2.065 2.23317
-2.064 -2.23326
-2.064 2.23326
-2.063 -2.23335
-2.063 2.23335
-2.062 -2.23343
-2.062 2.23343
-2.061 -2.23352
-2.061 2.23352
-2.06 -2.2336
-2.06 2.2336
-2.059 -2.23369
-2.059 2.23369
-2.058 -2.23377
-2.058 2.23377
-2.057 -2.23385
-2.057 2.23385
-2.056 -2.23392
-2.056 2.23392
-2.055 -2.234
-2.055 2.234
-2.054 -2.23408
-2.054 2.23408
-2.053 -2.23415
-2.053 2.23415
-2.052 -2.23422
-2.052 2.23422
-2.051 -2.23429
-2.051 2.23429
-2.05 -2.23436
-2.05 2.23436
-2.049 -2.23443
-2.049 2.23443
-2.048 -2.2345
-2.048 2.2345
-2.047 -2.23456
-2.047 2.23456
-2.046 -2.23463
-2.046 2.23463
-2.045 -2.23469
-2.045 2.23469
-2.044 -2.23475
-2.044 2.23475
-2.043 -2.23481
-2.043 2.23481
-2.042 -2.23487
-2.042 2.23487
-2.041 -2.23492
-2.041 2.23492
-2.04 -2.23498
-2.04 2.23498
-2.039 -2.23503
-2.039 2.23503
-2.038 -2.23509
-2.038 2.23509
-2.037 -2.23514
-2.037 2.23514
-2.036 -2.23519
-2.036 2.23519
-2.035 -2.23524
-2.035 2.23524
-2.034 -2.23528
-2.034 2.23528
-2.033 -2.23533
-2.033 2.23533
-2.032 -2.23537
-2.032 2.23537
-2.031 -2.23542
-2.031 2.23542
-2.03 -2.23546
-2.03 2.23546
-2.029 -2.2355
-2.029 2.2355
-2.028 -2.23554
-2.028 2.23554
-2.027 -2.23557
-2.027 2.23557
-2.026 -2.23561
-2.026 2.23561
-2.025 -2.23565
-2.025 2.23565
-2.024 -2.23568
-2.024 2.23568
-2.023 -2.23571
-2.023 2.23571
-2.022 -2.23574
-2.022 2.23574
-2.021 -2.23577
-2.021 2.23577
-2.02 -2.2358
-2.02 2.2358
-2.019 -2.23582
-2.019 2.23582
-2.018 -2.23585
-2.018 2.23585
-2.017 -2.23587
-2.017 2.23587
-2.016 -2.2359
-2.016 2.2359
-2.015 -2.23592
-2.015 2.23592
-2.014 -2.23594
-2.014 2.23594
-2.013 -2.23595
-2.013 2.23595
-2.012 -2.23597
-2.012 2.23597
-2.011 -2.23599
-2.011 2.23599
-2.01 -2.236
-2.01 2.236
-2.009 -2.23601
-2.009 2.23601
-2.008 -2.23602
-2.008 2.23602
-2.007 -2.23604
-2.007 2.23604
-2.006 -2.23604
-2.006 2.23604
-2.005 -2.23605
-2.005 2.23605
-2.004 -2.23606
-2.004 2.23606
-2.003 -2.23606
-2.003 2.23606
-2.002 -2.23607
-2.002 2.23607
-2.001 -2.23607
-2.001 2.23607
-2 -2.23607
-2 2.23607
-1.999 -2.23607
-1.999 2.23607
-1.998 -2.23607
-1.998 2.23607
-1.997 -2.23606
-1.997 2.23606
-1.996 -2.23606
-1.996 2.23606
-1.995 -2.23605
-1.995 2.23605
-1.994 -2.23604
-1.994 2.23604
-1.993 -2.23604
-1.993 2.23604
-1.992 -2.23603
-1.992 2.23603
-1.991 -2.23601
-1.991 2.23601
-1.99 -2.236
-1.99 2.236
-1.989 -2.23599
-1.989 2.23599
-1.988 -2.23597
-1.988 2.23597
-1.987 -2.23596
-1.987 2.23596
-1.986 -2.23594
-1.986 2.23594
-1.985 -2.23592
-1.985 2.23592
-1.984 -2.2359
-1.984 2.2359
-1.983 -2.23588
-1.983 2.23588
-1.982 -2.23585
-1.982 2.23585
-1.981 -2.23583
-1.981 2.23583
-1.98 -2.2358
-1.98 2.2358
-1.979 -2.23577
-1.979 2.23577
-1.978 -2.23575
-1.978 2.23575
-1.977 -2.23572
-1.977 2.23572
-1.976 -2.23568
-1.976 2.23568
-1.975 -2.23565
-1.975 2.23565
-1.974 -2.23562
-1.974 2.23562
-1.973 -2.23558
-1.973 2.23558
-1.972 -2.23555
-1.972 2.23555
-1.971 -2.23551
-1.971 2.23551
-1.97 -2.23547
-1.97 2.23547
-1.969 -2.23543
-1.969 2.23543
-1.968 -2.23539
-1.968 2.23539
-1.967 -2.23535
-1.967 2.23535
-1.966 -2.2353
-1.966 2.2353
-1.965 -2.23526
-1.965 2.23526
-1.964 -2.23521
-1.964 2.23521
-1.963 -2.23516
-1.963 2.23516
-1.962 -2.23511
-1.962 2.23511
-1.961 -2.23506
-1.961 2.23506
-1.96 -2.23501
-1.96 2.23501
-1.959 -2.23496
-1.959 2.23496
-1.958 -2.2349
-1.958 2.2349
-1.957 -2.23485
-1.957 2.23485
-1.956 -2.23479
-1.956 2.23479
-1.955 -2.23473
-1.955 2.23473
-1.954 -2.23467
-1.954 2.23467
-1.953 -2.23461
-1.953 2.23461
-1.952 -2.23455
-1.952 2.23455
-1.951 -2.23448
-1.951 2.23448
-1.95 -2.23442
-1.95 2.23442
-1.949 -2.23435
-1.949 2.23435
-1.948 -2.23428
-1.948 2.23428
-1.947 -2.23422
-1.947 2.23422
-1.946 -2.23415
-1.946 2.23415
-1.945 -2.23408
-1.945 2.23408
-1.944 -2.234
-1.944 2.234
-1.943 -2.23393
-1.943 2.23393
-1.942 -2.23385
-1.942 2.23385
-1.941 -2.23378
-1.941 2.23378
-1.94 -2.2337
-1.94 2.2337
-1.939 -2.23362
-1.939 2.23362
-1.938 -2.23354
-1.938 2.23354
-1.937 -2.23346
-1.937 2.23346
-1.936 -2.23338
-1.936 2.23338
-1.935 -2.23329
-1.935 2.23329
-1.934 -2.23321
-1.934 2.23321
-1.933 -2.23312
-1.933 2.23312
-1.932 -2.23303
-1.932 2.23303
-1.931 -2.23295
-1.931 2.23295
-1.93 -2.23286
-1.93 2.23286
-1.929 -2.23276
-1.929 2.23276
-1.928 -2.23267
-1.928 2.23267
-1.927 -2.23258
-1.927 2.23258
-1.926 -2.23248
-1.926 2.23248
-1.925 -2.23239
-1.925 2.23239
-1.924 -2.23229
-1.924 2.23229
-1.923 -2.23219
-1.923 2.23219
-1.922 -2.23209
-1.922 2.23209
-1.921 -2.23199
-1.921 2.23199
-1.92 -2.23189
-1.92 2.23189
-1.919 -2.23178
-1.919 2.23178
-1.918 -2.23168
-1.918 2.23168
-1.917 -2.23157
-1.917 2.23157
-1.916 -2.23146
-1.916 2.23146
-1.915 -2.23135
-1.915 2.23135
-1.914 -2.23124
-1.914 2.23124
-1.913 -2.23113
-1.913 2.23113
-1.912 -2.23102
-1.912 2.23102
-1.911 -2.23091
-1.911 2.23091
-1.91 -2.23079
-1.91 2.23079
-1.909 -2.23067
-1.909 2.23067
-1.908 -2.23056
-1.908 2.23056
-1.907 -2.23044
-1.907 2.23044
-1.906 -2.23032
-1.906 2.23032
-1.905 -2.2302
-1.905 2.2302
-1.904 -2.23008
-1.904 2.23008
-1.903 -2.22995
-1.903 2.22995
-1.902 -2.22983
-1.902 2.22983
-1.901 -2.2297
-1.901 2.2297
-1.9 -2.22957
-1.9 2.22957
-1.899 -2.22945
-1.899 2.22945
-1.898 -2.22932
-1.898 2.22932
-1.897 -2.22918
-1.897 2.22918
-1.896 -2.22905
-1.896 2.22905
-1.895 -2.22892
-1.895 2.22892
-1.894 -2.22879
-1.894 2.22879
-1.893 -2.22865
-1.893 2.22865
-1.892 -2.22851
-1.892 2.22851
-1.891 -2.22837
-1.891 2.22837
-1.89 -2.22823
-1.89 2.22823
-1.889 -2.22809
-1.889 2.22809
-1.888 -2.22795
-1.888 2.22795
-1.887 -2.22781
-1.887 2.22781
-1.886 -2.22767
-1.886 2.22767
-1.885 -2.22752
-1.885 2.22752
-1.884 -2.22737
-1.884 2.22737
-1.883 -2.22723
-1.883 2.22723
-1.882 -2.22708
-1.882 2.22708
-1.881 -2.22693
-1.881 2.22693
-1.88 -2.22678
-1.88 2.22678
-1.879 -2.22662
-1.879 2.22662
-1.878 -2.22647
-1.878 2.22647
-1.877 -2.22631
-1.877 2.22631
-1.876 -2.22616
-1.876 2.22616
-1.875 -2.226
-1.875 2.226
-1.874 -2.22584
-1.874 2.22584
-1.873 -2.22568
-1.873 2.22568
-1.872 -2.22552
-1.872 2.22552
-1.871 -2.22536
-1.871 2.22536
-1.87 -2.2252
-1.87 2.2252
-1.869 -2.22503
-1.869 2.22503
-1.868 -2.22487
-1.868 2.22487
-1.867 -2.2247
-1.867 2.2247
-1.866 -2.22453
-1.866 2.22453
-1.865 -2.22436
-1.865 2.22436
-1.864 -2.22419
-1.864 2.22419
-1.863 -2.22402
-1.863 2.22402
-1.862 -2.22385
-1.862 2.22385
-1.861 -2.22367
-1.861 2.22367
-1.86 -2.2235
-1.86 2.2235
-1.859 -2.22332
-1.859 2.22332
-1.858 -2.22314
-1.858 2.22314
-1.857 -2.22297
-1.857 2.22297
-1.856 -2.22279
-1.856 2.22279
-1.855 -2.22261
-1.855 2.22261
-1.854 -2.22242
-1.854 2.22242
-1.853 -2.22224
-1.853 2.22224
-1.852 -2.22206
-1.852 2.22206
-1.851 -2.22187
-1.851 2.22187
-1.85 -2.22168
-1.85 2.22168
-1.849 -2.22149
-1.849 2.22149
-1.848 -2.22131
-1.848 2.22131
-1.847 -2.22112
-1.847 2.22112
-1.846 -2.22092
-1.846 2.22092
-1.845 -2.22073
-1.845 2.22073
-1.844 -2.22054
-1.844 2.22054
-1.843 -2.22034
-1.843 2.22034
-1.842 -2.22015
-1.842 2.22015
-1.841 -2.21995
-1.841 2.21995
-1.84 -2.21975
-1.84 2.21975
-1.839 -2.21955
-1.839 2.21955
-1.838 -2.21935
-1.838 2.21935
-1.837 -2.21915
-1.837 2.21915
-1.836 -2.21895
-1.836 2.21895
-1.835 -2.21874
-1.835 2.21874
-1.834 -2.21854
-1.834 2.21854
-1.833 -2.21833
-1.833 2.21833
-1.832 -2.21812
-1.832 2.21812
-1.831 -2.21791
-1.831 2.21791
-1.83 -2.2177
-1.83 2.2177
-1.829 -2.21749
-1.829 2.21749
-1.828 -2.21728
-1.828 2.21728
-1.827 -2.21707
-1.827 2.21707
-1.826 -2.21685
-1.826 2.21685
-1.825 -2.21664
-1.825 2.21664
-1.824 -2.21642
-1.824 2.21642
-1.823 -2.2162
-1.823 2.2162
-1.822 -2.21598
-1.822 2.21598
-1.821 -2.21576
-1.821 2.21576
-1.82 -2.21554
-1.82 2.21554
-1.819 -2.21532
-1.819 2.21532
-1.818 -2.2151
-1.818 2.2151
-1.817 -2.21487
-1.817 2.21487
-1.816 -2.21465
-1.816 2.21465
-1.815 -2.21442
-1.815 2.21442
-1.814 -2.21419
-1.814 2.21419
-1.813 -2.21396
-1.813 2.21396
-1.812 -2.21373
-1.812 2.21373
-1.811 -2.2135
-1.811 2.2135
-1.81 -2.21327
-1.81 2.21327
-1.809 -2.21304
-1.809 2.21304
-1.808 -2.2128
-1.808 2.2128
-1.807 -2.21256
-1.807 2.21256
-1.806 -2.21233
-1.806 2.21233
-1.805 -2.21209
-1.805 2.21209
-1.804 -2.21185
-1.804 2.21185
-1.803 -2.21161
-1.803 2.21161
-1.802 -2.21137
-1.802 2.21137
-1.801 -2.21113
-1.801 2.21113
-1.8 -2.21088
-1.8 2.21088
-1.799 -2.21064
-1.799 2.21064
-1.798 -2.21039
-1.798 2.21039
-1.797 -2.21014
-1.797 2.21014
-1.796 -2.2099
-1.796 2.2099
-1.795 -2.20965
-1.795 2.20965
-1.794 -2.2094
-1.794 2.2094
-1.793 -2.20915
-1.793 2.20915
-1.792 -2.20889
-1.792 2.20889
-1.791 -2.20864
-1.791 2.20864
-1.79 -2.20838
-1.79 2.20838
-1.789 -2.20813
-1.789 2.20813
-1.788 -2.20787
-1.788 2.20787
-1.787 -2.20761
-1.787 2.20761
-1.786 -2.20735
-1.786 2.20735
-1.785 -2.20709
-1.785 2.20709
-1.784 -2.20683
-1.784 2.20683
-1.783 -2.20657
-1.783 2.20657
-1.782 -2.20631
-1.782 2.20631
-1.781 -2.20604
-1.781 2.20604
-1.78 -2.20578
-1.78 2.20578
-1.779 -2.20551
-1.779 2.20551
-1.778 -2.20524
-1.778 2.20524
-1.777 -2.20497
-1.777 2.20497
-1.776 -2.2047
-1.776 2.2047
-1.775 -2.20443
-1.775 2.20443
-1.774 -2.20416
-1.774 2.20416
-1.773 -2.20389
-1.773 2.20389
-1.772 -2.20361
-1.772 2.20361
-1.771 -2.20334
-1.771 2.20334
-1.77 -2.20306
-1.77 2.20306
-1.769 -2.20278
-1.769 2.20278
-1.768 -2.2025
-1.768 2.2025
-1.767 -2.20222
-1.767 2.20222
-1.766 -2.20194
-1.766 2.20194
-1.765 -2.20166
-1.765 2.20166
-1.764 -2.20138
-1.764 2.20138
-1.763 -2.20109
-1.763 2.20109
-1.762 -2.20081
-1.762 2.20081
-1.761 -2.20052
-1.761 2.20052
-1.76 -2.20023
-1.76 2.20023
-1.759 -2.19994
-1.759 2.19994
-1.758 -2.19965
-1.758 2.19965
-1.757 -2.19936
-1.757 2.19936
-1.756 -2.19907
-1.756 2.19907
-1.755 -2.19878
-1.755 2.19878
-1.754 -2.19849
-1.754 2.19849
-1.753 -2.19819
-1.753 2.19819
-1.752 -2.19789
-1.752 2.19789
-1.751 -2.1976
-1.751 2.1976
-1.75 -2.1973
-1.75 2.1973
-1.749 -2.197
-1.749 2.197
-1.748 -2.1967
-1.748 2.1967
-1.747 -2.1964
-1.747 2.1964
-1.746 -2.1961
-1.746 2.1961
-1.745 -2.19579
-1.745 2.19579
-1.744 -2.19549
-1.744 2.19549
-1.743 -2.19518
-1.743 2.19518
-1.742 -2.19488
-1.742 2.19488
-1.741 -2.19457
-1.741 2.19457
-1.74 -2.19426
-1.74 2.19426
-1.739 -2.19395
-1.739 2.19395
-1.738 -2.19364
-1.738 2.19364
-1.737 -2.19333
-1.737 2.19333
-1.736 -2.19301
-1.736 2.19301
-1.735 -2.1927
-1.735 2.1927
-1.734 -2.19239
-1.734 2.19239
-1.733 -2.19207
-1.733 2.19207
-1.732 -2.19175
-1.732 2.19175
-1.731 -2.19143
-1.731 2.19143
-1.73 -2.19111
-1.73 2.19111
-1.729 -2.19079
-1.729 2.19079
-1.728 -2.19047
-1.728 2.19047
-1.727 -2.19015
-1.727 2.19015
-1.726 -2.18983
-1.726 2.18983
-1.725 -2.1895
-1.725 2.1895
-1.724 -2.18918
-1.724 2.18918
-1.723 -2.18885
-1.723 2.18885
-1.722 -2.18852
-1.722 2.18852
-1.721 -2.18819
-1.721 2.18819
-1.72 -2.18786
-1.72 2.18786
-1.719 -2.18753
-1.719 2.18753
-1.718 -2.1872
-1.718 2.1872
-1.717 -2.18687
-1.717 2.18687
-1.716 -2.18654
-1.716 2.18654
-1.715 -2.1862
-1.715 2.1862
-1.714 -2.18586
-1.714 2.18586
-1.713 -2.18553
-1.713 2.18553
-1.712 -2.18519
-1.712 2.18519
-1.711 -2.18485
-1.711 2.18485
-1.71 -2.18451
-1.71 2.18451
-1.709 -2.18417
-1.709 2.18417
-1.708 -2.18383
-1.708 2.18383
-1.707 -2.18349
-1.707 2.18349
-1.706 -2.18314
-1.706 2.18314
-1.705 -2.1828
-1.705 2.1828
-1.704 -2.18245
-1.704 2.18245
-1.703 -2.1821
-1.703 2.1821
-1.702 -2.18175
-1.702 2.18175
-1.701 -2.18141
-1.701 2.18141
-1.7 -2.18105
-1.7 2.18105
-1.699 -2.1807
-1.699 2.1807
-1.698 -2.18035
-1.698 2.18035
-1.697 -2.18
-1.697 2.18
-1.696 -2.17964
-1.696 2.17964
-1.695 -2.17929
-1.695 2.17929
-1.694 -2.17893
-1.694 2.17893
-1.693 -2.17857
-1.693 2.17857
-1.692 -2.17822
-1.692 2.17822
-1.691 -2.17786
-1.691 2.17786
-1.69 -2.1775
-1.69 2.1775
-1.689 -2.17714
-1.689 2.17714
-1.688 -2.17677
-1.688 2.17677
-1.687 -2.17641
-1.687 2.17641
-1.686 -2.17604
-1.686 2.17604
-1.685 -2.17568
-1.685 2.17568
-1.684 -2.17531
-1.684 2.17531
-1.683 -2.17495
-1.683 2.17495
-1.682 -2.17458
-1.682 2.17458
-1.681 -2.17421
-1.681 2.17421
-1.68 -2.17384
-1.68 2.17384
-1.679 -2.17347
-1.679 2.17347
-1.678 -2.17309
-1.678 2.17309
-1.677 -2.17272
-1.677 2.17272
-1.676 -2.17235
-1.676 2.17235
-1.675 -2.17197
-1.675 2.17197
-1.674 -2.17159
-1.674 2.17159
-1.673 -2.17122
-1.673 2.17122
-1.672 -2.17084
-1.672 2.17084
-1.671 -2.17046
-1.671 2.17046
-1.67 -2.17008
-1.67 2.17008
-1.669 -2.1697
-1.669 2.1697
-1.668 -2.16931
-1.668 2.16931
-1.667 -2.16893
-1.667 2.16893
-1.666 -2.16855
-1.666 2.16855
-1.665 -2.16816
-1.665 2.16816
-1.664 -2.16777
-1.664 2.16777
-1.663 -2.16739
-1.663 2.16739
-1.662 -2.167
-1.662 2.167
-1.661 -2.16661
-1.661 2.16661
-1.66 -2.16622
-1.66 2.16622
-1.659 -2.16583
-1.659 2.16583
-1.658 -2.16544
-1.658 2.16544
-1.657 -2.16504
-1.657 2.16504
-1.656 -2.16465
-1.656 2.16465
-1.655 -2.16425
-1.655 2.16425
-1.654 -2.16386
-1.654 2.16386
-1.653 -2.16346
-1.653 2.16346
-1.652 -2.16306
-1.652 2.16306
-1.651 -2.16266
-1.651 2.16266
-1.65 -2.16226
-1.65 2.16226
-1.649 -2.16186
-1.649 2.16186
-1.648 -2.16146
-1.648 2.16146
-1.647 -2.16106
-1.647 2.16106
-1.646 -2.16065
-1.646 2.16065
-1.645 -2.16025
-1.645 2.16025
-1.644 -2.15984
-1.644 2.15984
-1.643 -2.15943
-1.643 2.15943
-1.642 -2.15903
-1.642 2.15903
-1.641 -2.15862
-1.641 2.15862
-1.64 -2.15821
-1.64 2.15821
-1.639 -2.1578
-1.639 2.1578
-1.638 -2.15738
-1.638 2.15738
-1.637 -2.15697
-1.637 2.15697
-1.636 -2.15656
-1.636 2.15656
-1.635 -2.15614
-1.635 2.15614
-1.634 -2.15573
-1.634 2.15573
-1.633 -2.15531
-1.633 2.15531
-1.632 -2.15489
-1.632 2.15489
-1.631 -2.15447
-1.631 2.15447
-1.63 -2.15406
-1.63 2.15406
-1.629 -2.15363
-1.629 2.15363
-1.628 -2.15321
-1.628 2.15321
-1.627 -2.15279
-1.627 2.15279
-1.626 -2.15237
-1.626 2.15237
-1.625 -2.15194
-1.625 2.15194
-1.624 -2.15152
-1.624 2.15152
-1.623 -2.15109
-1.623 2.15109
-1.622 -2.15066
-1.622 2.15066
-1.621 -2.15024
-1.621 2.15024
-1.62 -2.14981
-1.62 2.14981
-1.619 -2.14938
-1.619 2.14938
-1.618 -2.14895
-1.618 2.14895
-1.617 -2.14851
-1.617 2.14851
-1.616 -2.14808
-1.616 2.14808
-1.615 -2.14765
-1.615 2.14765
-1.614 -2.14721
-1.614 2.14721
-1.613 -2.14678
-1.613 2.14678
-1.612 -2.14634
-1.612 2.14634
-1.611 -2.1459
-1.611 2.1459
-1.61 -2.14546
-1.61 2.14546
-1.609 -2.14503
-1.609 2.14503
-1.608 -2.14458
-1.608 2.14458
-1.607 -2.14414
-1.607 2.14414
-1.606 -2.1437
-1.606 2.1437
-1.605 -2.14326
-1.605 2.14326
-1.604 -2.14281
-1.604 2.14281
-1.603 -2.14237
-1.603 2.14237
-1.602 -2.14192
-1.602 2.14192
-1.601 -2.14148
-1.601 2.14148
-1.6 -2.14103
-1.6 2.14103
-1.599 -2.14058
-1.599 2.14058
-1.598 -2.14013
-1.598 2.14013
-1.597 -2.13968
-1.597 2.13968
-1.596 -2.13923
-1.596 2.13923
-1.595 -2.13877
-1.595 2.13877
-1.594 -2.13832
-1.594 2.13832
-1.593 -2.13787
-1.593 2.13787
-1.592 -2.13741
-1.592 2.13741
-1.591 -2.13695
-1.591 2.13695
-1.59 -2.1365
-1.59 2.1365
-1.589 -2.13604
-1.589 2.13604
-1.588 -2.13558
-1.588 2.13558
-1.587 -2.13512
-1.587 2.13512
-1.586 -2.13466
-1.586 2.13466
-1.585 -2.1342
-1.585 2.1342
-1.584 -2.13373
-1.584 2.13373
-1.583 -2.13327
-1.583 2.13327
-1.582 -2.13281
-1.582 2.13281
-1.581 -2.13234
-1.581 2.13234
-1.58 -2.13187
-1.58 2.13187
-1.579 -2.13141
-1.579 2.13141
-1.578 -2.13094
-1.578 2.13094
-1.577 -2.13047
-1.577 2.13047
-1.576 -2.13
-1.576 2.13
-1.575 -2.12953
-1.575 2.12953
-1.574 -2.12906
-1.574 2.12906
-1.573 -2.12858
-1.573 2.12858
-1.572 -2.12811
-1.572 2.12811
-1.571 -2.12763
-1.571 2.12763
-1.57 -2.12716
-1.57 2.12716
-1.569 -2.12668
-1.569 2.12668
-1.568 -2.12621
-1.568 2.12621
-1.567 -2.12573
-1.567 2.12573
-1.566 -2.12525
-1.566 2.12525
-1.565 -2.12477
-1.565 2.12477
-1.564 -2.12429
-1.564 2.12429
-1.563 -2.1238
-1.563 2.1238
-1.562 -2.12332
-1.562 2.12332
-1.561 -2.12284
-1.561 2.12284
-1.56 -2.12235
-1.56 2.12235
-1.559 -2.12187
-1.559 2.12187
-1.558 -2.12138
-1.558 2.12138
-1.557 -2.12089
-1.557 2.12089
-1.556 -2.12041
-1.556 2.12041
-1.555 -2.11992
-1.555 2.11992
-1.554 -2.11943
-1.554 2.11943
-1.553 -2.11894
-1.553 2.11894
-1.552 -2.11844
-1.552 2.11844
-1.551 -2.11795
-1.551 2.11795
-1.55 -2.11746
-1.55 2.11746
-1.549 -2.11696
-1.549 2.11696
-1.548 -2.11647
-1.548 2.11647
-1.547 -2.11597
-1.547 2.11597
-1.546 -2.11547
-1.546 2.11547
-1.545 -2.11498
-1.545 2.11498
-1.544 -2.11448
-1.544 2.11448
-1.543 -2.11398
-1.543 2.11398
-1.542 -2.11348
-1.542 2.11348
-1.541 -2.11297
-1.541 2.11297
-1.54 -2.11247
-1.54 2.11247
-1.539 -2.11197
-1.539 2.11197
-1.538 -2.11146
-1.538 2.11146
-1.537 -2.11096
-1.537 2.11096
-1.536 -2.11045
-1.536 2.11045
-1.535 -2.10995
-1.535 2.10995
-1.534 -2.10944
-1.534 2.10944
-1.533 -2.10893
-1.533 2.10893
-1.532 -2.10842
-1.532 2.10842
-1.531 -2.10791
-1.531 2.10791
-1.53 -2.1074
-1.53 2.1074
-1.529 -2.10688
-1.529 2.10688
-1.528 -2.10637
-1.528 2.10637
-1.527 -2.10586
-1.527 2.10586
-1.526 -2.10534
-1.526 2.10534
-1.525 -2.10483
-1.525 2.10483
-1.524 -2.10431
-1.524 2.10431
-1.523 -2.10379
-1.523 2.10379
-1.522 -2.10327
-1.522 2.10327
-1.521 -2.10276
-1.521 2.10276
-1.52 -2.10224
-1.52 2.10224
-1.519 -2.10171
-1.519 2.10171
-1.518 -2.10119
-1.518 2.10119
-1.517 -2.10067
-1.517 2.10067
-1.516 -2.10015
-1.516 2.10015
-1.515 -2.09962
-1.515 2.09962
-1.514 -2.0991
-1.514 2.0991
-1.513 -2.09857
-1.513 2.09857
-1.512 -2.09804
-1.512 2.09804
-1.511 -2.09751
-1.511 2.09751
-1.51 -2.09699
-1.51 2.09699
-1.509 -2.09646
-1.509 2.09646
-1.508 -2.09593
-1.508 2.09593
-1.507 -2.09539
-1.507 2.09539
-1.506 -2.09486
-1.506 2.09486
-1.505 -2.09433
-1.505 2.09433
-1.504 -2.09379
-1.504 2.09379
-1.503 -2.09326
-1.503 2.09326
-1.502 -2.09272
-1.502 2.09272
-1.501 -2.09219
-1.501 2.09219
-1.5 -2.09165
-1.5 2.09165
-1.499 -2.09111
-1.499 2.09111
-1.498 -2.09057
-1.498 2.09057
-1.497 -2.09003
-1.497 2.09003
-1.496 -2.08949
-1.496 2.08949
-1.495 -2.08895
-1.495 2.08895
-1.494 -2.08841
-1.494 2.08841
-1.493 -2.08786
-1.493 2.08786
-1.492 -2.08732
-1.492 2.08732
-1.491 -2.08677
-1.491 2.08677
-1.49 -2.08623
-1.49 2.08623
-1.489 -2.08568
-1.489 2.08568
-1.488 -2.08513
-1.488 2.08513
-1.487 -2.08459
-1.487 2.08459
-1.486 -2.08404
-1.486 2.08404
-1.485 -2.08349
-1.485 2.08349
-1.484 -2.08294
-1.484 2.08294
-1.483 -2.08238
-1.483 2.08238
-1.482 -2.08183
-1.482 2.08183
-1.481 -2.08128
-1.481 2.08128
-1.48 -2.08072
-1.48 2.08072
-1.479 -2.08017
-1.479 2.08017
-1.478 -2.07961
-1.478 2.07961
-1.477 -2.07905
-1.477 2.07905
-1.476 -2.0785
-1.476 2.0785
-1.475 -2.07794
-1.475 2.07794
-1.474 -2.07738
-1.474 2.07738
-1.473 -2.07682
-1.473 2.07682
-1.472 -2.07626
-1.472 2.07626
-1.471 -2.0757
-1.471 2.0757
-1.47 -2.07513
-1.47 2.07513
-1.469 -2.07457
-1.469 2.07457
-1.468 -2.07401
-1.468 2.07401
-1.467 -2.07344
-1.467 2.07344
-1.466 -2.07287
-1.466 2.07287
-1.465 -2.07231
-1.465 2.07231
-1.464 -2.07174
-1.464 2.07174
-1.463 -2.07117
-1.463 2.07117
-1.462 -2.0706
-1.462 2.0706
-1.461 -2.07003
-1.461 2.07003
-1.46 -2.06946
-1.46 2.06946
-1.459 -2.06889
-1.459 2.06889
-1.458 -2.06832
-1.458 2.06832
-1.457 -2.06774
-1.457 2.06774
-1.456 -2.06717
-1.456 2.06717
-1.455 -2.06659
-1.455 2.06659
-1.454 -2.06602
-1.454 2.06602
-1.453 -2.06544
-1.453 2.06544
-1.452 -2.06486
-1.452 2.06486
-1.451 -2.06428
-1.451 2.06428
-1.45 -2.0637
-1.45 2.0637
-1.449 -2.06312
-1.449 2.06312
-1.448 -2.06254
-1.448 2.06254
-1.447 -2.06196
-1.447 2.06196
-1.446 -2.06138
-1.446 2.06138
-1.445 -2.0608
-1.445 2.0608
-1.444 -2.06021
-1.444 2.06021
-1.443 -2.05963
-1.443 2.05963
-1.442 -2.05904
-1.442 2.05904
-1.441 -2.05845
-1.441 2.05845
-1.44 -2.05787
-1.44 2.05787
-1.439 -2.05728
-1.439 2.05728
-1.438 -2.05669
-1.438 2.05669
-1.437 -2.0561
-1.437 2.0561
-1.436 -2.05551
-1.436 2.05551
-1.435 -2.05492
-1.435 2.05492
-1.434 -2.05433
-1.434 2.05433
-1.433 -2.05373
-1.433 2.05373
-1.432 -2.05314
-1.432 2.05314
-1.431 -2.05254
-1.431 2.05254
-1.43 -2.05195
-1.43 2.05195
-1.429 -2.05135
-1.429 2.05135
-1.428 -2.05076
-1.428 2.05076
-1.427 -2.05016
-1.427 2.05016
-1.426 -2.04956
-1.426 2.04956
-1.425 -2.04896
-1.425 2.04896
-1.424 -2.04836
-1.424 2.04836
-1.423 -2.04776
-1.423 2.04776
-1.422 -2.04716
-1.422 2.04716
-1.421 -2.04655
-1.421 2.04655
-1.42 -2.04595
-1.42 2.04595
-1.419 -2.04535
-1.419 2.04535
-1.418 -2.04474
-1.418 2.04474
-1.417 -2.04414
-1.417 2.04414
-1.416 -2.04353
-1.416 2.04353
-1.415 -2.04292
-1.415 2.04292
-1.414 -2.04231
-1.414 2.04231
-1.413 -2.0417
-1.413 2.0417
-1.412 -2.04109
-1.412 2.04109
-1.411 -2.04048
-1.411 2.04048
-1.41 -2.03987
-1.41 2.03987
-1.409 -2.03926
-1.409 2.03926
-1.408 -2.03865
-1.408 2.03865
-1.407 -2.03803
-1.407 2.03803
-1.406 -2.03742
-1.406 2.03742
-1.405 -2.0368
-1.405 2.0368
-1.404 -2.03619
-1.404 2.03619
-1.403 -2.03557
-1.403 2.03557
-1.402 -2.03495
-1.402 2.03495
-1.401 -2.03433
-1.401 2.03433
-1.4 -2.03372
-1.4 2.03372
-1.399 -2.0331
-1.399 2.0331
-1.398 -2.03248
-1.398 2.03248
-1.397 -2.03185
-1.397 2.03185
-1.396 -2.03123
-1.396 2.03123
-1.395 -2.03061
-1.395 2.03061
-1.394 -2.02998
-1.394 2.02998
-1.393 -2.02936
-1.393 2.02936
-1.392 -2.02873
-1.392 2.02873
-1.391 -2.02811
-1.391 2.02811
-1.39 -2.02748
-1.39 2.02748
-1.389 -2.02685
-1.389 2.02685
-1.388 -2.02623
-1.388 2.02623
-1.387 -2.0256
-1.387 2.0256
-1.386 -2.02497
-1.386 2.02497
-1.385 -2.02434
-1.385 2.02434
-1.384 -2.0237
-1.384 2.0237
-1.383 -2.02307
-1.383 2.02307
-1.382 -2.02244
-1.382 2.02244
-1.381 -2.0218
-1.381 2.0218
-1.38 -2.02117
-1.38 2.02117
-1.379 -2.02053
-1.379 2.02053
-1.378 -2.0199
-1.378 2.0199
-1.377 -2.01926
-1.377 2.01926
-1.376 -2.01862
-1.376 2.01862
-1.375 -2.01799
-1.375 2.01799
-1.374 -2.01735
-1.374 2.01735
-1.373 -2.01671
-1.373 2.01671
-1.372 -2.01607
-1.372 2.01607
-1.371 -2.01542
-1.371 2.01542
-1.37 -2.01478
-1.37 2.01478
-1.369 -2.01414
-1.369 2.01414
-1.368 -2.0135
-1.368 2.0135
-1.367 -2.01285
-1.367 2.01285
-1.366 -2.01221
-1.366 2.01221
-1.365 -2.01156
-1.365 2.01156
-1.364 -2.01091
-1.364 2.01091
-1.363 -2.01027
-1.363 2.01027
-1.362 -2.00962
-1.362 2.00962
-1.361 -2.00897
-1.361 2.00897
-1.36 -2.00832
-1.36 2.00832
-1.359 -2.00767
-1.359 2.00767
-1.358 -2.00702
-1.358 2.00702
-1.357 -2.00637
-1.357 2.00637
-1.356 -2.00571
-1.356 2.00571
-1.355 -2.00506
-1.355 2.00506
-1.354 -2.0044
-1.354 2.0044
-1.353 -2.00375
-1.353 2.00375
-1.352 -2.00309
-1.352 2.00309
-1.351 -2.00244
-1.351 2.00244
-1.35 -2.00178
-1.35 2.00178
-1.349 -2.00112
-1.349 2.00112
-1.348 -2.00046
-1.348 2.00046
-1.347 -1.9998
-1.347 1.9998
-1.346 -1.99914
-1.346 1.99914
-1.345 -1.99848
-1.345 1.99848
-1.344 -1.99782
-1.344 1.99782
-1.343 -1.99716
-1.343 1.99716
-1.342 -1.9965
-1.342 1.9965
-1.341 -1.99583
-1.341 1.99583
-1.34 -1.99517
-1.34 1.99517
-1.339 -1.9945
-1.339 1.9945
-1.338 -1.99384
-1.338 1.99384
-1.337 -1.99317
-1.337 1.99317
-1.336 -1.9925
-1.336 1.9925
-1.335 -1.99183
-1.335 1.99183
-1.334 -1.99117
-1.334 1.99117
-1.333 -1.9905
-1.333 1.9905
-1.332 -1.98983
-1.332 1.98983
-1.331 -1.98915
-1.331 1.98915
-1.33 -1.98848
-1.33 1.98848
-1.329 -1.98781
-1.329 1.98781
-1.328 -1.98714
-1.328 1.98714
-1.327 -1.98646
-1.327 1.98646
-1.326 -1.98579
-1.326 1.98579
-1.325 -1.98511
-1.325 1.98511
-1.324 -1.98444
-1.324 1.98444
-1.323 -1.98376
-1.323 1.98376
-1.322 -1.98308
-1.322 1.98308
-1.321 -1.9824
-1.321 1.9824
-1.32 -1.98172
-1.32 1.98172
-1.319 -1.98104
-1.319 1.98104
-1.318 -1.98036
-1.318 1.98036
-1.317 -1.97968
-1.317 1.97968
-1.316 -1.979
-1.316 1.979
-1.315 -1.97832
-1.315 1.97832
-1.314 -1.97764
-1.314 1.97764
-1.313 -1.97695
-1.313 1.97695
-1.312 -1.97627
-1.312 1.97627
-1.311 -1.97558
-1.311 1.97558
-1.31 -1.97489
-1.31 1.97489
-1.309 -1.97421
-1.309 1.97421
-1.308 -1.97352
-1.308 1.97352
-1.307 -1.97283
-1.307 1.97283
-1.306 -1.97214
-1.306 1.97214
-1.305 -1.97145
-1.305 1.97145
-1.304 -1.97076
-1.304 1.97076
-1.303 -1.97007
-1.303 1.97007
-1.302 -1.96938
-1.302 1.96938
-1.301 -1.96869
-1.301 1.96869
-1.3 -1.96799
-1.3 1.96799
-1.299 -1.9673
-1.299 1.9673
-1.298 -1.96661
-1.298 1.96661
-1.297 -1.96591
-1.297 1.96591
-1.296 -1.96521
-1.296 1.96521
-1.295 -1.96452
-1.295 1.96452
-1.294 -1.96382
-1.294 1.96382
-1.293 -1.96312
-1.293 1.96312
-1.292 -1.96242
-1.292 1.96242
-1.291 -1.96172
-1.291 1.96172
-1.29 -1.96102
-1.29 1.96102
-1.289 -1.96032
-1.289 1.96032
-1.288 -1.95962
-1.288 1.95962
-1.287 -1.95892
-1.287 1.95892
-1.286 -1.95822
-1.286 1.95822
-1.285 -1.95751
-1.285 1.95751
-1.284 -1.95681
-1.284 1.95681
-1.283 -1.9561
-1.283 1.9561
-1.282 -1.9554
-1.282 1.9554
-1.281 -1.95469
-1.281 1.95469
-1.28 -1.95398
-1.28 1.95398
-1.279 -1.95327
-1.279 1.95327
-1.278 -1.95257
-1.278 1.95257
-1.277 -1.95186
-1.277 1.95186
-1.276 -1.95115
-1.276 1.95115
-1.275 -1.95044
-1.275 1.95044
-1.274 -1.94973
-1.274 1.94973
-1.273 -1.94901
-1.273 1.94901
-1.272 -1.9483
-1.272 1.9483
-1.271 -1.94759
-1.271 1.94759
-1.27 -1.94687
-1.27 1.94687
-1.269 -1.94616
-1.269 1.94616
-1.268 -1.94544
-1.268 1.94544
-1.267 -1.94473
-1.267 1.94473
-1.266 -1.94401
-1.266 1.94401
-1.265 -1.94329
-1.265 1.94329
-1.264 -1.94258
-1.264 1.94258
-1.263 -1.94186
-1.263 1.94186
-1.262 -1.94114
-1.262 1.94114
-1.261 -1.94042
-1.261 1.94042
-1.26 -1.9397
-1.26 1.9397
-1.259 -1.93898
-1.259 1.93898
-1.258 -1.93825
-1.258 1.93825
-1.257 -1.93753
-1.257 1.93753
-1.256 -1.93681
-1.256 1.93681
-1.255 -1.93608
-1.255 1.93608
-1.254 -1.93536
-1.254 1.93536
-1.253 -1.93463
-1.253 1.93463
-1.252 -1.93391
-1.252 1.93391
-1.251 -1.93318
-1.251 1.93318
-1.25 -1.93245
-1.25 1.93245
-1.249 -1.93173
-1.249 1.93173
-1.248 -1.931
-1.248 1.931
-1.247 -1.93027
-1.247 1.93027
-1.246 -1.92954
-1.246 1.92954
-1.245 -1.92881
-1.245 1.92881
-1.244 -1.92808
-1.244 1.92808
-1.243 -1.92734
-1.243 1.92734
-1.242 -1.92661
-1.242 1.92661
-1.241 -1.92588
-1.241 1.92588
-1.24 -1.92514
-1.24 1.92514
-1.239 -1.92441
-1.239 1.92441
-1.238 -1.92367
-1.238 1.92367
-1.237 -1.92294
-1.237 1.92294
-1.236 -1.9222
-1.236 1.9222
-1.235 -1.92146
-1.235 1.92146
-1.234 -1.92073
-1.234 1.92073
-1.233 -1.91999
-1.233 1.91999
-1.232 -1.91925
-1.232 1.91925
-1.231 -1.91851
-1.231 1.91851
-1.23 -1.91777
-1.23 1.91777
-1.229 -1.91703
-1.229 1.91703
-1.228 -1.91628
-1.228 1.91628
-1.227 -1.91554
-1.227 1.91554
-1.226 -1.9148
-1.226 1.9148
-1.225 -1.91406
-1.225 1.91406
-1.224 -1.91331
-1.224 1.91331
-1.223 -1.91257
-1.223 1.91257
-1.222 -1.91182
-1.222 1.91182
-1.221 -1.91107
-1.221 1.91107
-1.22 -1.91033
-1.22 1.91033
-1.219 -1.90958
-1.219 1.90958
-1.218 -1.90883
-1.218 1.90883
-1.217 -1.90808
-1.217 1.90808
-1.216 -1.90733
-1.216 1.90733
-1.215 -1.90658
-1.215 1.90658
-1.214 -1.90583
-1.214 1.90583
-1.213 -1.90508
-1.213 1.90508
-1.212 -1.90433
-1.212 1.90433
-1.211 -1.90358
-1.211 1.90358
-1.21 -1.90282
-1.21 1.90282
-1.209 -1.90207
-1.209 1.90207
-1.208 -1.90132
-1.208 1.90132
-1.207 -1.90056
-1.207 1.90056
-1.206 -1.8998
-1.206 1.8998
-1.205 -1.89905
-1.205 1.89905
-1.204 -1.89829
-1.204 1.89829
-1.203 -1.89753
-1.203 1.89753
-1.202 -1.89678
-1.202 1.89678
-1.201 -1.89602
-1.201 1.89602
-1.2 -1.89526
-1.2 1.89526
-1.199 -1.8945
-1.199 1.8945
-1.198 -1.89374
-1.198 1.89374
-1.197 -1.89298
-1.197 1.89298
-1.196 -1.89221
-1.196 1.89221
-1.195 -1.89145
-1.195 1.89145
-1.194 -1.89069
-1.194 1.89069
-1.193 -1.88992
-1.193 1.88992
-1.192 -1.88916
-1.192 1.88916
-1.191 -1.88839
-1.191 1.88839
-1.19 -1.88763
-1.19 1.88763
-1.189 -1.88686
-1.189 1.88686
-1.188 -1.8861
-1.188 1.8861
-1.187 -1.88533
-1.187 1.88533
-1.186 -1.88456
-1.186 1.88456
-1.185 -1.88379
-1.185 1.88379
-1.184 -1.88302
-1.184 1.88302
-1.183 -1.88225
-1.183 1.88225
-1.182 -1.88148
-1.182 1.88148
-1.181 -1.88071
-1.181 1.88071
-1.18 -1.87994
-1.18 1.87994
-1.179 -1.87917
-1.179 1.87917
-1.178 -1.87839
-1.178 1.87839
-1.177 -1.87762
-1.177 1.87762
-1.176 -1.87685
-1.176 1.87685
-1.175 -1.87607
-1.175 1.87607
-1.174 -1.8753
-1.174 1.8753
-1.173 -1.87452
-1.173 1.87452
-1.172 -1.87374
-1.172 1.87374
-1.171 -1.87297
-1.171 1.87297
-1.17 -1.87219
-1.17 1.87219
-1.169 -1.87141
-1.169 1.87141
-1.168 -1.87063
-1.168 1.87063
-1.167 -1.86985
-1.167 1.86985
-1.166 -1.86907
-1.166 1.86907
-1.165 -1.86829
-1.165 1.86829
-1.164 -1.86751
-1.164 1.86751
-1.163 -1.86673
-1.163 1.86673
-1.162 -1.86594
-1.162 1.86594
-1.161 -1.86516
-1.161 1.86516
-1.16 -1.86438
-1.16 1.86438
-1.159 -1.86359
-1.159 1.86359
-1.158 -1.86281
-1.158 1.86281
-1.157 -1.86202
-1.157 1.86202
-1.156 -1.86124
-1.156 1.86124
-1.155 -1.86045
-1.155 1.86045
-1.154 -1.85966
-1.154 1.85966
-1.153 -1.85888
-1.153 1.85888
-1.152 -1.85809
-1.152 1.85809
-1.151 -1.8573
-1.151 1.8573
-1.15 -1.85651
-1.15 1.85651
-1.149 -1.85572
-1.149 1.85572
-1.148 -1.85493
-1.148 1.85493
-1.147 -1.85414
-1.147 1.85414
-1.146 -1.85335
-1.146 1.85335
-1.145 -1.85255
-1.145 1.85255
-1.144 -1.85176
-1.144 1.85176
-1.143 -1.85097
-1.143 1.85097
-1.142 -1.85017
-1.142 1.85017
-1.141 -1.84938
-1.141 1.84938
-1.14 -1.84858
-1.14 1.84858
-1.139 -1.84779
-1.139 1.84779
-1.138 -1.84699
-1.138 1.84699
-1.137 -1.84619
-1.137 1.84619
-1.136 -1.8454
-1.136 1.8454
-1.135 -1.8446
-1.135 1.8446
-1.134 -1.8438
-1.134 1.8438
-1.133 -1.843
-1.133 1.843
-1.132 -1.8422
-1.132 1.8422
-1.131 -1.8414
-1.131 1.8414
-1.13 -1.8406
-1.13 1.8406
-1.129 -1.8398
-1.129 1.8398
-1.128 -1.839
-1.128 1.839
-1.127 -1.83819
-1.127 1.83819
-1.126 -1.83739
-1.126 1.83739
-1.125 -1.83659
-1.125 1.83659
-1.124 -1.83578
-1.124 1.83578
-1.123 -1.83498
-1.123 1.83498
-1.122 -1.83417
-1.122 1.83417
-1.121 -1.83337
-1.121 1.83337
-1.12 -1.83256
-1.12 1.83256
-1.119 -1.83175
-1.119 1.83175
-1.118 -1.83094
-1.118 1.83094
-1.117 -1.83014
-1.117 1.83014
-1.116 -1.82933
-1.116 1.82933
-1.115 -1.82852
-1.115 1.82852
-1.114 -1.82771
-1.114 1.82771
-1.113 -1.8269
-1.113 1.8269
-1.112 -1.82609
-1.112 1.82609
-1.111 -1.82528
-1.111 1.82528
-1.11 -1.82446
-1.11 1.82446
-1.109 -1.82365
-1.109 1.82365
-1.108 -1.82284
-1.108 1.82284
-1.107 -1.82202
-1.107 1.82202
-1.106 -1.82121
-1.106 1.82121
-1.105 -1.8204
-1.105 1.8204
-1.104 -1.81958
-1.104 1.81958
-1.103 -1.81877
-1.103 1.81877
-1.102 -1.81795
-1.102 1.81795
-1.101 -1.81713
-1.101 1.81713
-1.1 -1.81631
-1.1 1.81631
-1.099 -1.8155
-1.099 1.8155
-1.098 -1.81468
-1.098 1.81468
-1.097 -1.81386
-1.097 1.81386
-1.096 -1.81304
-1.096 1.81304
-1.095 -1.81222
-1.095 1.81222
-1.094 -1.8114
-1.094 1.8114
-1.093 -1.81058
-1.093 1.81058
-1.092 -1.80976
-1.092 1.80976
-1.091 -1.80894
-1.091 1.80894
-1.09 -1.80811
-1.09 1.80811
-1.089 -1.80729
-1.089 1.80729
-1.088 -1.80647
-1.088 1.80647
-1.087 -1.80564
-1.087 1.80564
-1.086 -1.80482
-1.086 1.80482
-1.085 -1.80399
-1.085 1.80399
-1.084 -1.80317
-1.084 1.80317
-1.083 -1.80234
-1.083 1.80234
-1.082 -1.80151
-1.082 1.80151
-1.081 -1.80069
-1.081 1.80069
-1.08 -1.79986
-1.08 1.79986
-1.079 -1.79903
-1.079 1.79903
-1.078 -1.7982
-1.078 1.7982
-1.077 -1.79737
-1.077 1.79737
-1.076 -1.79654
-1.076 1.79654
-1.075 -1.79571
-1.075 1.79571
-1.074 -1.79488
-1.074 1.79488
-1.073 -1.79405
-1.073 1.79405
-1.072 -1.79322
-1.072 1.79322
-1.071 -1.79238
-1.071 1.79238
-1.07 -1.79155
-1.07 1.79155
-1.069 -1.79072
-1.069 1.79072
-1.068 -1.78988
-1.068 1.78988
-1.067 -1.78905
-1.067 1.78905
-1.066 -1.78821
-1.066 1.78821
-1.065 -1.78738
-1.065 1.78738
-1.064 -1.78654
-1.064 1.78654
-1.063 -1.78571
-1.063 1.78571
-1.062 -1.78487
-1.062 1.78487
-1.061 -1.78403
-1.061 1.78403
-1.06 -1.78319
-1.06 1.78319
-1.059 -1.78236
-1.059 1.78236
-1.058 -1.78152
-1.058 1.78152
-1.057 -1.78068
-1.057 1.78068
-1.056 -1.77984
-1.056 1.77984
-1.055 -1.779
-1.055 1.779
-1.054 -1.77816
-1.054 1.77816
-1.053 -1.77732
-1.053 1.77732
-1.052 -1.77647
-1.052 1.77647
-1.051 -1.77563
-1.051 1.77563
-1.05 -1.77479
-1.05 1.77479
-1.049 -1.77395
-1.049 1.77395
-1.048 -1.7731
-1.048 1.7731
-1.047 -1.77226
-1.047 1.77226
-1.046 -1.77141
-1.046 1.77141
-1.045 -1.77057
-1.045 1.77057
-1.044 -1.76972
-1.044 1.76972
-1.043 -1.76888
-1.043 1.76888
-1.042 -1.76803
-1.042 1.76803
-1.041 -1.76718
-1.041 1.76718
-1.04 -1.76633
-1.04 1.76633
-1.039 -1.76549
-1.039 1.76549
-1.038 -1.76464
-1.038 1.76464
-1.037 -1.76379
-1.037 1.76379
-1.036 -1.76294
-1.036 1.76294
-1.035 -1.76209
-1.035 1.76209
-1.034 -1.76124
-1.034 1.76124
-1.033 -1.76039
-1.033 1.76039
-1.032 -1.75954
-1.032 1.75954
-1.031 -1.75868
-1.031 1.75868
-1.03 -1.75783
-1.03 1.75783
-1.029 -1.75698
-1.029 1.75698
-1.028 -1.75613
-1.028 1.75613
-1.027 -1.75527
-1.027 1.75527
-1.026 -1.75442
-1.026 1.75442
-1.025 -1.75356
-1.025 1.75356
-1.024 -1.75271
-1.024 1.75271
-1.023 -1.75185
-1.023 1.75185
-1.022 -1.751
-1.022 1.751
-1.021 -1.75014
-1.021 1.75014
-1.02 -1.74928
-1.02 1.74928
-1.019 -1.74843
-1.019 1.74843
-1.018 -1.74757
-1.018 1.74757
-1.017 -1.74671
-1.017 1.74671
-1.016 -1.74585
-1.016 1.74585
-1.015 -1.74499
-1.015 1.74499
-1.014 -1.74413
-1.014 1.74413
-1.013 -1.74327
-1.013 1.74327
-1.012 -1.74241
-1.012 1.74241
-1.011 -1.74155
-1.011 1.74155
-1.01 -1.74069
-1.01 1.74069
-1.009 -1.73983
-1.009 1.73983
-1.008 -1.73897
-1.008 1.73897
-1.007 -1.7381
-1.007 1.7381
-1.006 -1.73724
-1.006 1.73724
-1.005 -1.73638
-1.005 1.73638
-1.004 -1.73551
-1.004 1.73551
-1.003 -1.73465
-1.003 1.73465
-1.002 -1.73378
-1.002 1.73378
-1.001 -1.73292
-1.001 1.73292
-1 -1.73205
-1 1.73205
-0.999 -1.73118
-0.999 1.73118
-0.998 -1.73032
-0.998 1.73032
-0.997 -1.72945
-0.997 1.72945
-0.996 -1.72858
-0.996 1.72858
-0.995 -1.72772
-0.995 1.72772
-0.994 -1.72685
-0.994 1.72685
-0.993 -1.72598
-0.993 1.72598
-0.992 -1.72511
-0.992 1.72511
-0.991 -1.72424
-0.991 1.72424
-0.99 -1.72337
-0.99 1.72337
-0.989 -1.7225
-0.989 1.7225
-0.988 -1.72163
-0.988 1.72163
-0.987 -1.72076
-0.987 1.72076
-0.986 -1.71988
-0.986 1.71988
-0.985 -1.71901
-0.985 1.71901
-0.984 -1.71814
-0.984 1.71814
-0.983 -1.71727
-0.983 1.71727
-0.982 -1.71639
-0.982 1.71639
-0.981 -1.71552
-0.981 1.71552
-0.98 -1.71465
-0.98 1.71465
-0.979 -1.71377
-0.979 1.71377
-0.978 -1.7129
-0.978 1.7129
-0.977 -1.71202
-0.977 1.71202
-0.976 -1.71114
-0.976 1.71114
-0.975 -1.71027
-0.975 1.71027
-0.974 -1.70939
-0.974 1.70939
-0.973 -1.70851
-0.973 1.70851
-0.972 -1.70764
-0.972 1.70764
-0.971 -1.70676
-0.971 1.70676
-0.97 -1.70588
-0.97 1.70588
-0.969 -1.705
-0.969 1.705
-0.968 -1.70412
-0.968 1.70412
-0.967 -1.70324
-0.967 1.70324
-0.966 -1.70236
-0.966 1.70236
-0.965 -1.70148
-0.965 1.70148
-0.964 -1.7006
-0.964 1.7006
-0.963 -1.69972
-0.963 1.69972
-0.962 -1.69884
-0.962 1.69884
-0.961 -1.69796
-0.961 1.69796
-0.96 -1.69708
-0.96 1.69708
-0.959 -1.69619
-0.959 1.69619
-0.958 -1.69531
-0.958 1.69531
-0.957 -1.69443
-0.957 1.69443
-0.956 -1.69354
-0.956 1.69354
-0.955 -1.69266
-0.955 1.69266
-0.954 -1.69177
-0.954 1.69177
-0.953 -1.69089
-0.953 1.69089
-0.952 -1.69
-0.952 1.69
-0.951 -1.68912
-0.951 1.68912
-0.95 -1.68823
-0.95 1.68823
-0.949 -1.68734
-0.949 1.68734
-0.948 -1.68646
-0.948 1.68646
-0.947 -1.68557
-0.947 1.68557
-0.946 -1.68468
-0.946 1.68468
-0.945 -1.6838
-0.945 1.6838
-0.944 -1.68291
-0.944 1.68291
-0.943 -1.68202
-0.943 1.68202
-0.942 -1.68113
-0.942 1.68113
-0.941 -1.68024
-0.941 1.68024
-0.94 -1.67935
-0.94 1.67935
-0.939 -1.67846
-0.939 1.67846
-0.938 -1.67757
-0.938 1.67757
-0.937 -1.67668
-0.937 1.67668
-0.936 -1.67579
-0.936 1.67579
-0.935 -1.6749
-0.935 1.6749
-0.934 -1.674
-0.934 1.674
-0.933 -1.67311
-0.933 1.67311
-0.932 -1.67222
-0.932 1.67222
-0.931 -1.67133
-0.931 1.67133
-0.93 -1.67043
-0.93 1.67043
-0.929 -1.66954
-0.929 1.66954
-0.928 -1.66864
-0.928 1.66864
-0.927 -1.66775
-0.927 1.66775
-0.926 -1.66685
-0.926 1.66685
-0.925 -1.66596
-0.925 1.66596
-0.924 -1.66506
-0.924 1.66506
-0.923 -1.66417
-0.923 1.66417
-0.922 -1.66327
-0.922 1.66327
-0.921 -1.66238
-0.921 1.66238
-0.92 -1.66148
-0.92 1.66148
-0.919 -1.66058
-0.919 1.66058
-0.918 -1.65968
-0.918 1.65968
-0.917 -1.65879
-0.917 1.65879
-0.916 -1.65789
-0.916 1.65789
-0.915 -1.65699
-0.915 1.65699
-0.914 -1.65609
-0.914 1.65609
-0.913 -1.65519
-0.913 1.65519
-0.912 -1.65429
-0.912 1.65429
-0.911 -1.65339
-0.911 1.65339
-0.91 -1.65249
-0.91 1.65249
-0.909 -1.65159
-0.909 1.65159
-0.908 -1.65069
-0.908 1.65069
-0.907 -1.64979
-0.907 1.64979
-0.906 -1.64889
-0.906 1.64889
-0.905 -1.64799
-0.905 1.64799
-0.904 -1.64708
-0.904 1.64708
-0.903 -1.64618
-0.903 1.64618
-0.902 -1.64528
-0.902 1.64528
-0.901 -1.64438
-0.901 1.64438
-0.9 -1.64347
-0.9 1.64347
-0.899 -1.64257
-0.899 1.64257
-0.898 -1.64166
-0.898 1.64166
-0.897 -1.64076
-0.897 1.64076
-0.896 -1.63986
-0.896 1.63986
-0.895 -1.63895
-0.895 1.63895
-0.894 -1.63804
-0.894 1.63804
-0.893 -1.63714
-0.893 1.63714
-0.892 -1.63623
-0.892 1.63623
-0.891 -1.63533
-0.891 1.63533
-0.89 -1.63442
-0.89 1.63442
-0.889 -1.63351
-0.889 1.63351
-0.888 -1.63261
-0.888 1.63261
-0.887 -1.6317
-0.887 1.6317
-0.886 -1.63079
-0.886 1.63079
-0.885 -1.62988
-0.885 1.62988
-0.884 -1.62898
-0.884 1.62898
-0.883 -1.62807
-0.883 1.62807
-0.882 -1.62716
-0.882 1.62716
-0.881 -1.62625
-0.881 1.62625
-0.88 -1.62534
-0.88 1.62534
-0.879 -1.62443
-0.879 1.62443
-0.878 -1.62352
-0.878 1.62352
-0.877 -1.62261
-0.877 1.62261
-0.876 -1.6217
-0.876 1.6217
-0.875 -1.62079
-0.875 1.62079
-0.874 -1.61988
-0.874 1.61988
-0.873 -1.61897
-0.873 1.61897
-0.872 -1.61805
-0.872 1.61805
-0.871 -1.61714
-0.871 1.61714
-0.87 -1.61623
-0.87 1.61623
-0.869 -1.61532
-0.869 1.61532
-0.868 -1.6144
-0.868 1.6144
-0.867 -1.61349
-0.867 1.61349
-0.866 -1.61258
-0.866 1.61258
-0.865 -1.61166
-0.865 1.61166
-0.864 -1.61075
-0.864 1.61075
-0.863 -1.60984
-0.863 1.60984
-0.862 -1.60892
-0.862 1.60892
-0.861 -1.60801
-0.861 1.60801
-0.86 -1.60709
-0.86 1.60709
-0.859 -1.60618
-0.859 1.60618
-0.858 -1.60526
-0.858 1.60526
-0.857 -1.60435
-0.857 1.60435
-0.856 -1.60343
-0.856 1.60343
-0.855 -1.60251
-0.855 1.60251
-0.854 -1.6016
-0.854 1.6016
-0.853 -1.60068
-0.853 1.60068
-0.852 -1.59976
-0.852 1.59976
-0.851 -1.59885
-0.851 1.59885
-0.85 -1.59793
-0.85 1.59793
-0.849 -1.59701
-0.849 1.59701
-0.848 -1.59609
-0.848 1.59609
-0.847 -1.59517
-0.847 1.59517
-0.846 -1.59426
-0.846 1.59426
-0.845 -1.59334
-0.845 1.59334
-0.844 -1.59242
-0.844 1.59242
-0.843 -1.5915
-0.843 1.5915
-0.842 -1.59058
-0.842 1.59058
-0.841 -1.58966
-0.841 1.58966
-0.84 -1.58874
-0.84 1.58874
-0.839 -1.58782
-0.839 1.58782
-0.838 -1.5869
-0.838 1.5869
-0.837 -1.58598
-0.837 1.58598
-0.836 -1.58506
-0.836 1.58506
-0.835 -1.58414
-0.835 1.58414
-0.834 -1.58322
-0.834 1.58322
-0.833 -1.58229
-0.833 1.58229
-0.832 -1.58137
-0.832 1.58137
-0.831 -1.58045
-0.831 1.58045
-0.83 -1.57953
-0.83 1.57953
-0.829 -1.57861
-0.829 1.57861
-0.828 -1.57768
-0.828 1.57768
-0.827 -1.57676
-0.827 1.57676
-0.826 -1.57584
-0.826 1.57584
-0.825 -1.57492
-0.825 1.57492
-0.824 -1.57399
-0.824 1.57399
-0.823 -1.57307
-0.823 1.57307
-0.822 -1.57214
-0.822 1.57214
-0.821 -1.57122
-0.821 1.57122
-0.82 -1.5703
-0.82 1.5703
-0.819 -1.56937
-0.819 1.56937
-0.818 -1.56845
-0.818 1.56845
-0.817 -1.56752
-0.817 1.56752
-0.816 -1.5666
-0.816 1.5666
-0.815 -1.56567
-0.815 1.56567
-0.814 -1.56475
-0.814 1.56475
-0.813 -1.56382
-0.813 1.56382
-0.812 -1.5629
-0.812 1.5629
-0.811 -1.56197
-0.811 1.56197
-0.81 -1.56104
-0.81 1.56104
-0.809 -1.56012
-0.809 1.56012
-0.808 -1.55919
-0.808 1.55919
-0.807 -1.55826
-0.807 1.55826
-0.806 -1.55734
-0.806 1.55734
-0.805 -1.55641
-0.805 1.55641
-0.804 -1.55548
-0.804 1.55548
-0.803 -1.55456
-0.803 1.55456
-0.802 -1.55363
-0.802 1.55363
-0.801 -1.5527
-0.801 1.5527
-0.8 -1.55177
-0.8 1.55177
-0.799 -1.55085
-0.799 1.55085
-0.798 -1.54992
-0.798 1.54992
-0.797 -1.54899
-0.797 1.54899
-0.796 -1.54806
-0.796 1.54806
-0.795 -1.54713
-0.795 1.54713
-0.794 -1.5462
-0.794 1.5462
-0.793 -1.54527
-0.793 1.54527
-0.792 -1.54434
-0.792 1.54434
-0.791 -1.54341
-0.791 1.54341
-0.79 -1.54249
-0.79 1.54249
-0.789 -1.54156
-0.789 1.54156
-0.788 -1.54063
-0.788 1.54063
-0.787 -1.5397
-0.787 1.5397
-0.786 -1.53877
-0.786 1.53877
-0.785 -1.53784
-0.785 1.53784
-0.784 -1.53691
-0.784 1.53691
-0.783 -1.53597
-0.783 1.53597
-0.782 -1.53504
-0.782 1.53504
-0.781 -1.53411
-0.781 1.53411
-0.78 -1.53318
-0.78 1.53318
-0.779 -1.53225
-0.779 1.53225
-0.778 -1.53132
-0.778 1.53132
-0.777 -1.53039
-0.777 1.53039
-0.776 -1.52946
-0.776 1.52946
-0.775 -1.52853
-0.775 1.52853
-0.774 -1.52759
-0.774 1.52759
-0.773 -1.52666
-0.773 1.52666
-0.772 -1.52573
-0.772 1.52573
-0.771 -1.5248
-0.771 1.5248
-0.77 -1.52387
-0.77 1.52387
-0.769 -1.52293
-0.769 1.52293
-0.768 -1.522
-0.768 1.522
-0.767 -1.52107
-0.767 1.52107
-0.766 -1.52014
-0.766 1.52014
-0.765 -1.5192
-0.765 1.5192
-0.764 -1.51827
-0.764 1.51827
-0.763 -1.51734
-0.763 1.51734
-0.762 -1.5164
-0.762 1.5164
-0.761 -1.51547
-0.761 1.51547
-0.76 -1.51454
-0.76 1.51454
-0.759 -1.5136
-0.759 1.5136
-0.758 -1.51267
-0.758 1.51267
-0.757 -1.51174
-0.757 1.51174
-0.756 -1.5108
-0.756 1.5108
-0.755 -1.50987
-0.755 1.50987
-0.754 -1.50894
-0.754 1.50894
-0.753 -1.508
-0.753 1.508
-0.752 -1.50707
-0.752 1.50707
-0.751 -1.50613
-0.751 1.50613
-0.75 -1.5052
-0.75 1.5052
-0.749 -1.50427
-0.749 1.50427
-0.748 -1.50333
-0.748 1.50333
-0.747 -1.5024
-0.747 1.5024
-0.746 -1.50146
-0.746 1.50146
-0.745 -1.50053
-0.745 1.50053
-0.744 -1.49959
-0.744 1.49959
-0.743 -1.49866
-0.743 1.49866
-0.742 -1.49772
-0.742 1.49772
-0.741 -1.49679
-0.741 1.49679
-0.74 -1.49585
-0.74 1.49585
-0.739 -1.49492
-0.739 1.49492
-0.738 -1.49398
-0.738 1.49398
-0.737 -1.49305
-0.737 1.49305
-0.736 -1.49211
-0.736 1.49211
-0.735 -1.49118
-0.735 1.49118
-0.734 -1.49024
-0.734 1.49024
-0.733 -1.48931
-0.733 1.48931
-0.732 -1.48837
-0.732 1.48837
-0.731 -1.48744
-0.731 1.48744
-0.73 -1.4865
-0.73 1.4865
-0.729 -1.48556
-0.729 1.48556
-0.728 -1.48463
-0.728 1.48463
-0.727 -1.48369
-0.727 1.48369
-0.726 -1.48276
-0.726 1.48276
-0.725 -1.48182
-0.725 1.48182
-0.724 -1.48089
-0.724 1.48089
-0.723 -1.47995
-0.723 1.47995
-0.722 -1.47901
-0.722 1.47901
-0.721 -1.47808
-0.721 1.47808
-0.72 -1.47714
-0.72 1.47714
-0.719 -1.47621
-0.719 1.47621
-0.718 -1.47527
-0.718 1.47527
-0.717 -1.47434
-0.717 1.47434
-0.716 -1.4734
-0.716 1.4734
-0.715 -1.47246
-0.715 1.47246
-0.714 -1.47153
-0.714 1.47153
-0.713 -1.47059
-0.713 1.47059
-0.712 -1.46966
-0.712 1.46966
-0.711 -1.46872
-0.711 1.46872
-0.71 -1.46778
-0.71 1.46778
-0.709 -1.46685
-0.709 1.46685
-0.708 -1.46591
-0.708 1.46591
-0.707 -1.46498
-0.707 1.46498
-0.706 -1.46404
-0.706 1.46404
-0.705 -1.4631
-0.705 1.4631
-0.704 -1.46217
-0.704 1.46217
-0.703 -1.46123
-0.703 1.46123
-0.702 -1.4603
-0.702 1.4603
-0.701 -1.45936
-0.701 1.45936
-0.7 -1.45842
-0.7 1.45842
-0.699 -1.45749
-0.699 1.45749
-0.698 -1.45655
-0.698 1.45655
-0.697 -1.45562
-0.697 1.45562
-0.696 -1.45468
-0.696 1.45468
-0.695 -1.45374
-0.695 1.45374
-0.694 -1.45281
-0.694 1.45281
-0.693 -1.45187
-0.693 1.45187
-0.692 -1.45094
-0.692 1.45094
-0.691 -1.45
-0.691 1.45
-0.69 -1.44907
-0.69 1.44907
-0.689 -1.44813
-0.689 1.44813
-0.688 -1.44719
-0.688 1.44719
-0.687 -1.44626
-0.687 1.44626
-0.686 -1.44532
-0.686 1.44532
-0.685 -1.44439
-0.685 1.44439
-0.684 -1.44345
-0.684 1.44345
-0.683 -1.44252
-0.683 1.44252
-0.682 -1.44158
-0.682 1.44158
-0.681 -1.44065
-0.681 1.44065
-0.68 -1.43971
-0.68 1.43971
-0.679 -1.43878
-0.679 1.43878
-0.678 -1.43784
-0.678 1.43784
-0.677 -1.43691
-0.677 1.43691
-0.676 -1.43597
-0.676 1.43597
-0.675 -1.43504
-0.675 1.43504
-0.674 -1.4341
-0.674 1.4341
-0.673 -1.43317
-0.673 1.43317
-0.672 -1.43223
-0.672 1.43223
-0.671 -1.4313
-0.671 1.4313
-0.67 -1.43036
-0.67 1.43036
-0.669 -1.42943
-0.669 1.42943
-0.668 -1.42849
-0.668 1.42849
-0.667 -1.42756
-0.667 1.42756
-0.666 -1.42663
-0.666 1.42663
-0.665 -1.42569
-0.665 1.42569
-0.664 -1.42476
-0.664 1.42476
-0.663 -1.42382
-0.663 1.42382
-0.662 -1.42289
-0.662 1.42289
-0.661 -1.42196
-0.661 1.42196
-0.66 -1.42102
-0.66 1.42102
-0.659 -1.42009
-0.659 1.42009
-0.658 -1.41916
-0.658 1.41916
-0.657 -1.41822
-0.657 1.41822
-0.656 -1.41729
-0.656 1.41729
-0.655 -1.41636
-0.655 1.41636
-0.654 -1.41542
-0.654 1.41542
-0.653 -1.41449
-0.653 1.41449
-0.652 -1.41356
-0.652 1.41356
-0.651 -1.41262
-0.651 1.41262
-0.65 -1.41169
-0.65 1.41169
-0.649 -1.41076
-0.649 1.41076
-0.648 -1.40983
-0.648 1.40983
-0.647 -1.4089
-0.647 1.4089
-0.646 -1.40796
-0.646 1.40796
-0.645 -1.40703
-0.645 1.40703
-0.644 -1.4061
-0.644 1.4061
-0.643 -1.40517
-0.643 1.40517
-0.642 -1.40424
-0.642 1.40424
-0.641 -1.40331
-0.641 1.40331
-0.64 -1.40238
-0.64 1.40238
-0.639 -1.40144
-0.639 1.40144
-0.638 -1.40051
-0.638 1.40051
-0.637 -1.39958
-0.637 1.39958
-0.636 -1.39865
-0.636 1.39865
-0.635 -1.39772
-0.635 1.39772
-0.634 -1.39679
-0.634 1.39679
-0.633 -1.39586
-0.633 1.39586
-0.632 -1.39493
-0.632 1.39493
-0.631 -1.394
-0.631 1.394
-0.63 -1.39307
-0.63 1.39307
-0.629 -1.39214
-0.629 1.39214
-0.628 -1.39121
-0.628 1.39121
-0.627 -1.39029
-0.627 1.39029
-0.626 -1.38936
-0.626 1.38936
-0.625 -1.38843
-0.625 1.38843
-0.624 -1.3875
-0.624 1.3875
-0.623 -1.38657
-0.623 1.38657
-0.622 -1.38564
-0.622 1.38564
-0.621 -1.38472
-0.621 1.38472
-0.62 -1.38379
-0.62 1.38379
-0.619 -1.38286
-0.619 1.38286
-0.618 -1.38193
-0.618 1.38193
-0.617 -1.38101
-0.617 1.38101
-0.616 -1.38008
-0.616 1.38008
-0.615 -1.37915
-0.615 1.37915
-0.614 -1.37823
-0.614 1.37823
-0.613 -1.3773
-0.613 1.3773
-0.612 -1.37638
-0.612 1.37638
-0.611 -1.37545
-0.611 1.37545
-0.61 -1.37453
-0.61 1.37453
-0.609 -1.3736
-0.609 1.3736
-0.608 -1.37267
-0.608 1.37267
-0.607 -1.37175
-0.607 1.37175
-0.606 -1.37083
-0.606 1.37083
-0.605 -1.3699
-0.605 1.3699
-0.604 -1.36898
-0.604 1.36898
-0.603 -1.36805
-0.603 1.36805
-0.602 -1.36713
-0.602 1.36713
-0.601 -1.36621
-0.601 1.36621
-0.6 -1.36528
-0.6 1.36528
-0.599 -1.36436
-0.599 1.36436
-0.598 -1.36344
-0.598 1.36344
-0.597 -1.36252
-0.597 1.36252
-0.596 -1.36159
-0.596 1.36159
-0.595 -1.36067
-0.595 1.36067
-0.594 -1.35975
-0.594 1.35975
-0.593 -1.35883
-0.593 1.35883
-0.592 -1.35791
-0.592 1.35791
-0.591 -1.35699
-0.591 1.35699
-0.59 -1.35607
-0.59 1.35607
-0.589 -1.35515
-0.589 1.35515
-0.588 -1.35423
-0.588 1.35423
-0.587 -1.35331
-0.587 1.35331
-0.586 -1.35239
-0.586 1.35239
-0.585 -1.35147
-0.585 1.35147
-0.584 -1.35055
-0.584 1.35055
-0.583 -1.34963
-0.583 1.34963
-0.582 -1.34872
-0.582 1.34872
-0.581 -1.3478
-0.581 1.3478
-0.58 -1.34688
-0.58 1.34688
-0.579 -1.34596
-0.579 1.34596
-0.578 -1.34505
-0.578 1.34505
-0.577 -1.34413
-0.577 1.34413
-0.576 -1.34321
-0.576 1.34321
-0.575 -1.3423
-0.575 1.3423
-0.574 -1.34138
-0.574 1.34138
-0.573 -1.34047
-0.573 1.34047
-0.572 -1.33955
-0.572 1.33955
-0.571 -1.33864
-0.571 1.33864
-0.57 -1.33772
-0.57 1.33772
-0.569 -1.33681
-0.569 1.33681
-0.568 -1.3359
-0.568 1.3359
-0.567 -1.33498
-0.567 1.33498
-0.566 -1.33407
-0.566 1.33407
-0.565 -1.33316
-0.565 1.33316
-0.564 -1.33225
-0.564 1.33225
-0.563 -1.33134
-0.563 1.33134
-0.562 -1.33042
-0.562 1.33042
-0.561 -1.32951
-0.561 1.32951
-0.56 -1.3286
-0.56 1.3286
-0.559 -1.32769
-0.559 1.32769
-0.558 -1.32678
-0.558 1.32678
-0.557 -1.32587
-0.557 1.32587
-0.556 -1.32496
-0.556 1.32496
-0.555 -1.32405
-0.555 1.32405
-0.554 -1.32315
-0.554 1.32315
-0.553 -1.32224
-0.553 1.32224
-0.552 -1.32133
-0.552 1.32133
-0.551 -1.32042
-0.551 1.32042
-0.55 -1.31952
-0.55 1.31952
-0.549 -1.31861
-0.549 1.31861
-0.548 -1.3177
-0.548 1.3177
-0.547 -1.3168
-0.547 1.3168
-0.546 -1.31589
-0.546 1.31589
-0.545 -1.31499
-0.545 1.31499
-0.544 -1.31408
-0.544 1.31408
-0.543 -1.31318
-0.543 1.31318
-0.542 -1.31228
-0.542 1.31228
-0.541 -1.31137
-0.541 1.31137
-0.54 -1.31047
-0.54 1.31047
-0.539 -1.30957
-0.539 1.30957
-0.538 -1.30867
-0.538 1.30867
-0.537 -1.30777
-0.537 1.30777
-0.536 -1.30687
-0.536 1.30687
-0.535 -1.30597
-0.535 1.30597
-0.534 -1.30507
-0.534 1.30507
-0.533 -1.30417
-0.533 1.30417
-0.532 -1.30327
-0.532 1.30327
-0.531 -1.30237
-0.531 1.30237
-0.53 -1.30147
-0.53 1.30147
-0.529 -1.30057
-0.529 1.30057
-0.528 -1.29967
-0.528 1.29967
-0.527 -1.29878
-0.527 1.29878
-0.526 -1.29788
-0.526 1.29788
-0.525 -1.29699
-0.525 1.29699
-0.524 -1.29609
-0.524 1.29609
-0.523 -1.2952
-0.523 1.2952
-0.522 -1.2943
-0.522 1.2943
-0.521 -1.29341
-0.521 1.29341
-0.52 -1.29251
-0.52 1.29251
-0.519 -1.29162
-0.519 1.29162
-0.518 -1.29073
-0.518 1.29073
-0.517 -1.28984
-0.517 1.28984
-0.516 -1.28895
-0.516 1.28895
-0.515 -1.28805
-0.515 1.28805
-0.514 -1.28716
-0.514 1.28716
-0.513 -1.28627
-0.513 1.28627
-0.512 -1.28538
-0.512 1.28538
-0.511 -1.2845
-0.511 1.2845
-0.51 -1.28361
-0.51 1.28361
-0.509 -1.28272
-0.509 1.28272
-0.508 -1.28183
-0.508 1.28183
-0.507 -1.28095
-0.507 1.28095
-0.506 -1.28006
-0.506 1.28006
-0.505 -1.27917
-0.505 1.27917
-0.504 -1.27829
-0.504 1.27829
-0.503 -1.2774
-0.503 1.2774
-0.502 -1.27652
-0.502 1.27652
-0.501 -1.27564
-0.501 1.27564
-0.5 -1.27475
-0.5 1.27475
-0.499 -1.27387
-0.499 1.27387
-0.498 -1.27299
-0.498 1.27299
-0.497 -1.27211
-0.497 1.27211
-0.496 -1.27123
-0.496 1.27123
-0.495 -1.27035
-0.495 1.27035
-0.494 -1.26947
-0.494 1.26947
-0.493 -1.26859
-0.493 1.26859
-0.492 -1.26771
-0.492 1.26771
-0.491 -1.26684
-0.491 1.26684
-0.49 -1.26596
-0.49 1.26596
-0.489 -1.26508
-0.489 1.26508
-0.488 -1.26421
-0.488 1.26421
-0.487 -1.26333
-0.487 1.26333
-0.486 -1.26246
-0.486 1.26246
-0.485 -1.26158
-0.485 1.26158
-0.484 -1.26071
-0.484 1.26071
-0.483 -1.25984
-0.483 1.25984
-0.482 -1.25896
-0.482 1.25896
-0.481 -1.25809
-0.481 1.25809
-0.48 -1.25722
-0.48 1.25722
-0.479 -1.25635
-0.479 1.25635
-0.478 -1.25548
-0.478 1.25548
-0.477 -1.25461
-0.477 1.25461
-0.476 -1.25375
-0.476 1.25375
-0.475 -1.25288
-0.475 1.25288
-0.474 -1.25201
-0.474 1.25201
-0.473 -1.25114
-0.473 1.25114
-0.472 -1.25028
-0.472 1.25028
-0.471 -1.24941
-0.471 1.24941
-0.47 -1.24855
-0.47 1.24855
-0.469 -1.24769
-0.469 1.24769
-0.468 -1.24682
-0.468 1.24682
-0.467 -1.24596
-0.467 1.24596
-0.466 -1.2451
-0.466 1.2451
-0.465 -1.24424
-0.465 1.24424
-0.464 -1.24338
-0.464 1.24338
-0.463 -1.24252
-0.463 1.24252
-0.462 -1.24166
-0.462 1.24166
-0.461 -1.2408
-0.461 1.2408
-0.46 -1.23995
-0.46 1.23995
-0.459 -1.23909
-0.459 1.23909
-0.458 -1.23823
-0.458 1.23823
-0.457 -1.23738
-0.457 1.23738
-0.456 -1.23652
-0.456 1.23652
-0.455 -1.23567
-0.455 1.23567
-0.454 -1.23482
-0.454 1.23482
-0.453 -1.23396
-0.453 1.23396
-0.452 -1.23311
-0.452 1.23311
-0.451 -1.23226
-0.451 1.23226
-0.45 -1.23141
-0.45 1.23141
-0.449 -1.23056
-0.449 1.23056
-0.448 -1.22971
-0.448 1.22971
-0.447 -1.22887
-0.447 1.22887
-0.446 -1.22802
-0.446 1.22802
-0.445 -1.22717
-0.445 1.22717
-0.444 -1.22633
-0.444 1.22633
-0.443 -1.22548
-0.443 1.22548
-0.442 -1.22464
-0.442 1.22464
-0.441 -1.2238
-0.441 1.2238
-0.44 -1.22295
-0.44 1.22295
-0.439 -1.22211
-0.439 1.22211
-0.438 -1.22127
-0.438 1.22127
-0.437 -1.22043
-0.437 1.22043
-0.436 -1.21959
-0.436 1.21959
-0.435 -1.21875
-0.435 1.21875
-0.434 -1.21792
-0.434 1.21792
-0.433 -1.21708
-0.433 1.21708
-0.432 -1.21624
-0.432 1.21624
-0.431 -1.21541
-0.431 1.21541
-0.43 -1.21458
-0.43 1.21458
-0.429 -1.21374
-0.429 1.21374
-0.428 -1.21291
-0.428 1.21291
-0.427 -1.21208
-0.427 1.21208
-0.426 -1.21125
-0.426 1.21125
-0.425 -1.21042
-0.425 1.21042
-0.424 -1.20959
-0.424 1.20959
-0.423 -1.20876
-0.423 1.20876
-0.422 -1.20793
-0.422 1.20793
-0.421 -1.20711
-0.421 1.20711
-0.42 -1.20628
-0.42 1.20628
-0.419 -1.20546
-0.419 1.20546
-0.418 -1.20463
-0.418 1.20463
-0.417 -1.20381
-0.417 1.20381
-0.416 -1.20299
-0.416 1.20299
-0.415 -1.20217
-0.415 1.20217
-0.414 -1.20135
-0.414 1.20135
-0.413 -1.20053
-0.413 1.20053
-0.412 -1.19971
-0.412 1.19971
-0.411 -1.19889
-0.411 1.19889
-0.41 -1.19807
-0.41 1.19807
-0.409 -1.19726
-0.409 1.19726
-0.408 -1.19644
-0.408 1.19644
-0.407 -1.19563
-0.407 1.19563
-0.406 -1.19482
-0.406 1.19482
-0.405 -1.194
-0.405 1.194
-0.404 -1.19319
-0.404 1.19319
-0.403 -1.19238
-0.403 1.19238
-0.402 -1.19157
-0.402 1.19157
-0.401 -1.19077
-0.401 1.19077
-0.4 -1.18996
-0.4 1.18996
-0.399 -1.18915
-0.399 1.18915
-0.398 -1.18835
-0.398 1.18835
-0.397 -1.18754
-0.397 1.18754
-0.396 -1.18674
-0.396 1.18674
-0.395 -1.18594
-0.395 1.18594
-0.394 -1.18514
-0.394 1.18514
-0.393 -1.18433
-0.393 1.18433
-0.392 -1.18354
-0.392 1.18354
-0.391 -1.18274
-0.391 1.18274
-0.39 -1.18194
-0.39 1.18194
-0.389 -1.18114
-0.389 1.18114
-0.388 -1.18035
-0.388 1.18035
-0.387 -1.17955
-0.387 1.17955
-0.386 -1.17876
-0.386 1.17876
-0.385 -1.17797
-0.385 1.17797
-0.384 -1.17718
-0.384 1.17718
-0.383 -1.17639
-0.383 1.17639
-0.382 -1.1756
-0.382 1.1756
-0.381 -1.17481
-0.381 1.17481
-0.38 -1.17402
-0.38 1.17402
-0.379 -1.17324
-0.379 1.17324
-0.378 -1.17245
-0.378 1.17245
-0.377 -1.17167
-0.377 1.17167
-0.376 -1.17088
-0.376 1.17088
-0.375 -1.1701
-0.375 1.1701
-0.374 -1.16932
-0.374 1.16932
-0.373 -1.16854
-0.373 1.16854
-0.372 -1.16776
-0.372 1.16776
-0.371 -1.16699
-0.371 1.16699
-0.37 -1.16621
-0.37 1.16621
-0.369 -1.16544
-0.369 1.16544
-0.368 -1.16466
-0.368 1.16466
-0.367 -1.16389
-0.367 1.16389
-0.366 -1.16312
-0.366 1.16312
-0.365 -1.16235
-0.365 1.16235
-0.364 -1.16158
-0.364 1.16158
-0.363 -1.16081
-0.363 1.16081
-0.362 -1.16004
-0.362 1.16004
-0.361 -1.15927
-0.361 1.15927
-0.36 -1.15851
-0.36 1.15851
-0.359 -1.15775
-0.359 1.15775
-0.358 -1.15698
-0.358 1.15698
-0.357 -1.15622
-0.357 1.15622
-0.356 -1.15546
-0.356 1.15546
-0.355 -1.1547
-0.355 1.1547
-0.354 -1.15394
-0.354 1.15394
-0.353 -1.15319
-0.353 1.15319
-0.352 -1.15243
-0.352 1.15243
-0.351 -1.15168
-0.351 1.15168
-0.35 -1.15092
-0.35 1.15092
-0.349 -1.15017
-0.349 1.15017
-0.348 -1.14942
-0.348 1.14942
-0.347 -1.14867
-0.347 1.14867
-0.346 -1.14792
-0.346 1.14792
-0.345 -1.14718
-0.345 1.14718
-0.344 -1.14643
-0.344 1.14643
-0.343 -1.14568
-0.343 1.14568
-0.342 -1.14494
-0.342 1.14494
-0.341 -1.1442
-0.341 1.1442
-0.34 -1.14346
-0.34 1.14346
-0.339 -1.14272
-0.339 1.14272
-0.338 -1.14198
-0.338 1.14198
-0.337 -1.14124
-0.337 1.14124
-0.336 -1.14051
-0.336 1.14051
-0.335 -1.13977
-0.335 1.13977
-0.334 -1.13904
-0.334 1.13904
-0.333 -1.13831
-0.333 1.13831
-0.332 -1.13758
-0.332 1.13758
-0.331 -1.13685
-0.331 1.13685
-0.33 -1.13612
-0.33 1.13612
-0.329 -1.13539
-0.329 1.13539
-0.328 -1.13466
-0.328 1.13466
-0.327 -1.13394
-0.327 1.13394
-0.326 -1.13322
-0.326 1.13322
-0.325 -1.1325
-0.325 1.1325
-0.324 -1.13178
-0.324 1.13178
-0.323 -1.13106
-0.323 1.13106
-0.322 -1.13034
-0.322 1.13034
-0.321 -1.12962
-0.321 1.12962
-0.32 -1.12891
-0.32 1.12891
-0.319 -1.12819
-0.319 1.12819
-0.318 -1.12748
-0.318 1.12748
-0.317 -1.12677
-0.317 1.12677
-0.316 -1.12606
-0.316 1.12606
-0.315 -1.12535
-0.315 1.12535
-0.314 -1.12465
-0.314 1.12465
-0.313 -1.12394
-0.313 1.12394
-0.312 -1.12324
-0.312 1.12324
-0.311 -1.12253
-0.311 1.12253
-0.31 -1.12183
-0.31 1.12183
-0.309 -1.12113
-0.309 1.12113
-0.308 -1.12043
-0.308 1.12043
-0.307 -1.11974
-0.307 1.11974
-0.306 -1.11904
-0.306 1.11904
-0.305 -1.11835
-0.305 1.11835
-0.304 -1.11766
-0.304 1.11766
-0.303 -1.11696
-0.303 1.11696
-0.302 -1.11627
-0.302 1.11627
-0.301 -1.11559
-0.301 1.11559
-0.3 -1.1149
-0.3 1.1149
-0.299 -1.11421
-0.299 1.11421
-0.298 -1.11353
-0.298 1.11353
-0.297 -1.11285
-0.297 1.11285
-0.296 -1.11217
-0.296 1.11217
-0.295 -1.11149
-0.295 1.11149
-0.294 -1.11081
-0.294 1.11081
-0.293 -1.11013
-0.293 1.11013
-0.292 -1.10946
-0.292 1.10946
-0.291 -1.10878
-0.291 1.10878
-0.29 -1.10811
-0.29 1.10811
-0.289 -1.10744
-0.289 1.10744
-0.288 -1.10677
-0.288 1.10677
-0.287 -1.1061
-0.287 1.1061
-0.286 -1.10544
-0.286 1.10544
-0.285 -1.10477
-0.285 1.10477
-0.284 -1.10411
-0.284 1.10411
-0.283 -1.10345
-0.283 1.10345
-0.282 -1.10279
-0.282 1.10279
-0.281 -1.10213
-0.281 1.10213
-0.28 -1.10148
-0.28 1.10148
-0.279 -1.10082
-0.279 1.10082
-0.278 -1.10017
-0.278 1.10017
-0.277 -1.09951
-0.277 1.09951
-0.276 -1.09886
-0.276 1.09886
-0.275 -1.09822
-0.275 1.09822
-0.274 -1.09757
-0.274 1.09757
-0.273 -1.09692
-0.273 1.09692
-0.272 -1.09628
-0.272 1.09628
-0.271 -1.09564
-0.271 1.09564
-0.27 -1.095
-0.27 1.095
-0.269 -1.09436
-0.269 1.09436
-0.268 -1.09372
-0.268 1.09372
-0.267 -1.09308
-0.267 1.09308
-0.266 -1.09245
-0.266 1.09245
-0.265 -1.09182
-0.265 1.09182
-0.264 -1.09119
-0.264 1.09119
-0.263 -1.09056
-0.263 1.09056
-0.262 -1.08993
-0.262 1.08993
-0.261 -1.0893
-0.261 1.0893
-0.26 -1.08868
-0.26 1.08868
-0.259 -1.08806
-0.259 1.08806
-0.258 -1.08744
-0.258 1.08744
-0.257 -1.08682
-0.257 1.08682
-0.256 -1.0862
-0.256 1.0862
-0.255 -1.08558
-0.255 1.08558
-0.254 -1.08497
-0.254 1.08497
-0.253 -1.08436
-0.253 1.08436
-0.252 -1.08375
-0.252 1.08375
-0.251 -1.08314
-0.251 1.08314
-0.25 -1.08253
-0.25 1.08253
-0.249 -1.08193
-0.249 1.08193
-0.248 -1.08132
-0.248 1.08132
-0.247 -1.08072
-0.247 1.08072
-0.246 -1.08012
-0.246 1.08012
-0.245 -1.07952
-0.245 1.07952
-0.244 -1.07893
-0.244 1.07893
-0.243 -1.07833
-0.243 1.07833
-0.242 -1.07774
-0.242 1.07774
-0.241 -1.07715
-0.241 1.07715
-0.24 -1.07656
-0.24 1.07656
-0.239 -1.07597
-0.239 1.07597
-0.238 -1.07538
-0.238 1.07538
-0.237 -1.0748
-0.237 1.0748
-0.236 -1.07422
-0.236 1.07422
-0.235 -1.07364
-0.235 1.07364
-0.234 -1.07306
-0.234 1.07306
-0.233 -1.07248
-0.233 1.07248
-0.232 -1.07191
-0.232 1.07191
-0.231 -1.07133
-0.231 1.07133
-0.23 -1.07076
-0.23 1.07076
-0.229 -1.07019
-0.229 1.07019
-0.228 -1.06963
-0.228 1.06963
-0.227 -1.06906
-0.227 1.06906
-0.226 -1.0685
-0.226 1.0685
-0.225 -1.06793
-0.225 1.06793
-0.224 -1.06737
-0.224 1.06737
-0.223 -1.06682
-0.223 1.06682
-0.222 -1.06626
-0.222 1.06626
-0.221 -1.06571
-0.221 1.06571
-0.22 -1.06515
-0.22 1.06515
-0.219 -1.0646
-0.219 1.0646
-0.218 -1.06405
-0.218 1.06405
-0.217 -1.06351
-0.217 1.06351
-0.216 -1.06296
-0.216 1.06296
-0.215 -1.06242
-0.215 1.06242
-0.214 -1.06188
-0.214 1.06188
-0.213 -1.06134
-0.213 1.06134
-0.212 -1.0608
-0.212 1.0608
-0.211 -1.06027
-0.211 1.06027
-0.21 -1.05974
-0.21 1.05974
-0.209 -1.0592
-0.209 1.0592
-0.208 -1.05868
-0.208 1.05868
-0.207 -1.05815
-0.207 1.05815
-0.206 -1.05762
-0.206 1.05762
-0.205 -1.0571
-0.205 1.0571
-0.204 -1.05658
-0.204 1.05658
-0.203 -1.05606
-0.203 1.05606
-0.202 -1.05554
-0.202 1.05554
-0.201 -1.05503
-0.201 1.05503
-0.2 -1.05451
-0.2 1.05451
-0.199 -1.054
-0.199 1.054
-0.198 -1.05349
-0.198 1.05349
-0.197 -1.05299
-0.197 1.05299
-0.196 -1.05248
-0.196 1.05248
-0.195 -1.05198
-0.195 1.05198
-0.194 -1.05148
-0.194 1.05148
-0.193 -1.05098
-0.193 1.05098
-0.192 -1.05048
-0.192 1.05048
-0.191 -1.04999
-0.191 1.04999
-0.19 -1.0495
-0.19 1.0495
-0.189 -1.04901
-0.189 1.04901
-0.188 -1.04852
-0.188 1.04852
-0.187 -1.04803
-0.187 1.04803
-0.186 -1.04755
-0.186 1.04755
-0.185 -1.04706
-0.185 1.04706
-0.184 -1.04658
-0.184 1.04658
-0.183 -1.04611
-0.183 1.04611
-0.182 -1.04563
-0.182 1.04563
-0.181 -1.04516
-0.181 1.04516
-0.18 -1.04469
-0.18 1.04469
-0.179 -1.04422
-0.179 1.04422
-0.178 -1.04375
-0.178 1.04375
-0.177 -1.04328
-0.177 1.04328
-0.176 -1.04282
-0.176 1.04282
-0.175 -1.04236
-0.175 1.04236
-0.174 -1.0419
-0.174 1.0419
-0.173 -1.04145
-0.173 1.04145
-0.172 -1.04099
-0.172 1.04099
-0.171 -1.04054
-0.171 1.04054
-0.17 -1.04009
-0.17 1.04009
-0.169 -1.03964
-0.169 1.03964
-0.168 -1.0392
-0.168 1.0392
-0.167 -1.03875
-0.167 1.03875
-0.166 -1.03831
-0.166 1.03831
-0.165 -1.03787
-0.165 1.03787
-0.164 -1.03744
-0.164 1.03744
-0.163 -1.037
-0.163 1.037
-0.162 -1.03657
-0.162 1.03657
-0.161 -1.03614
-0.161 1.03614
-0.16 -1.03571
-0.16 1.03571
-0.159 -1.03529
-0.159 1.03529
-0.158 -1.03487
-0.158 1.03487
-0.157 -1.03445
-0.157 1.03445
-0.156 -1.03403
-0.156 1.03403
-0.155 -1.03361
-0.155 1.03361
-0.154 -1.0332
-0.154 1.0332
-0.153 -1.03279
-0.153 1.03279
-0.152 -1.03238
-0.152 1.03238
-0.151 -1.03197
-0.151 1.03197
-0.15 -1.03156
-0.15 1.03156
-0.149 -1.03116
-0.149 1.03116
-0.148 -1.03076
-0.148 1.03076
-0.147 -1.03036
-0.147 1.03036
-0.146 -1.02997
-0.146 1.02997
-0.145 -1.02958
-0.145 1.02958
-0.144 -1.02919
-0.144 1.02919
-0.143 -1.0288
-0.143 1.0288
-0.142 -1.02841
-0.142 1.02841
-0.141 -1.02803
-0.141 1.02803
-0.14 -1.02765
-0.14 1.02765
-0.139 -1.02727
-0.139 1.02727
-0.138 -1.02689
-0.138 1.02689
-0.137 -1.02652
-0.137 1.02652
-0.136 -1.02614
-0.136 1.02614
-0.135 -1.02578
-0.135 1.02578
-0.134 -1.02541
-0.134 1.02541
-0.133 -1.02504
-0.133 1.02504
-0.132 -1.02468
-0.132 1.02468
-0.131 -1.02432
-0.131 1.02432
-0.13 -1.02396
-0.13 1.02396
-0.129 -1.02361
-0.129 1.02361
-0.128 -1.02326
-0.128 1.02326
-0.127 -1.02291
-0.127 1.02291
-0.126 -1.02256
-0.126 1.02256
-0.125 -1.02221
-0.125 1.02221
-0.124 -1.02187
-0.124 1.02187
-0.123 -1.02153
-0.123 1.02153
-0.122 -1.02119
-0.122 1.02119
-0.121 -1.02086
-0.121 1.02086
-0.12 -1.02053
-0.12 1.02053
-0.119 -1.0202
-0.119 1.0202
-0.118 -1.01987
-0.118 1.01987
-0.117 -1.01954
-0.117 1.01954
-0.116 -1.01922
-0.116 1.01922
-0.115 -1.0189
-0.115 1.0189
-0.114 -1.01858
-0.114 1.01858
-0.113 -1.01827
-0.113 1.01827
-0.112 -1.01795
-0.112 1.01795
-0.111 -1.01764
-0.111 1.01764
-0.11 -1.01733
-0.11 1.01733
-0.109 -1.01703
-0.109 1.01703
-0.108 -1.01673
-0.108 1.01673
-0.107 -1.01643
-0.107 1.01643
-0.106 -1.01613
-0.106 1.01613
-0.105 -1.01583
-0.105 1.01583
-0.104 -1.01554
-0.104 1.01554
-0.103 -1.01525
-0.103 1.01525
-0.102 -1.01496
-0.102 1.01496
-0.101 -1.01468
-0.101 1.01468
-0.1 -1.0144
-0.1 1.0144
-0.099 -1.01412
-0.099 1.01412
-0.098 -1.01384
-0.098 1.01384
-0.097 -1.01357
-0.097 1.01357
-0.096 -1.01329
-0.096 1.01329
-0.095 -1.01302
-0.095 1.01302
-0.094 -1.01276
-0.094 1.01276
-0.093 -1.01249
-0.093 1.01249
-0.092 -1.01223
-0.092 1.01223
-0.091 -1.01197
-0.091 1.01197
-0.09 -1.01172
-0.09 1.01172
-0.089 -1.01146
-0.089 1.01146
-0.088 -1.01121
-0.088 1.01121
-0.087 -1.01096
-0.087 1.01096
-0.086 -1.01072
-0.086 1.01072
-0.085 -1.01048
-0.085 1.01048
-0.084 -1.01024
-0.084 1.01024
-0.083 -1.01
-0.083 1.01
-0.082 -1.00976
-0.082 1.00976
-0.081 -1.00953
-0.081 1.00953
-0.08 -1.0093
-0.08 1.0093
-0.079 -1.00907
-0.079 1.00907
-0.078 -1.00885
-0.078 1.00885
-0.077 -1.00863
-0.077 1.00863
-0.076 -1.00841
-0.076 1.00841
-0.075 -1.00819
-0.075 1.00819
-0.074 -1.00798
-0.074 1.00798
-0.073 -1.00777
-0.073 1.00777
-0.072 -1.00756
-0.072 1.00756
-0.071 -1.00736
-0.071 1.00736
-0.07 -1.00715
-0.07 1.00715
-0.069 -1.00695
-0.069 1.00695
-0.068 -1.00676
-0.068 1.00676
-0.067 -1.00656
-0.067 1.00656
-0.066 -1.00637
-0.066 1.00637
-0.065 -1.00618
-0.065 1.00618
-0.064 -1.00599
-0.064 1.00599
-0.063 -1.00581
-0.063 1.00581
-0.062 -1.00563
-0.062 1.00563
-0.061 -1.00545
-0.061 1.00545
-0.06 -1.00528
-0.06 1.00528
-0.059 -1.00511
-0.059 1.00511
-0.058 -1.00494
-0.058 1.00494
-0.057 -1.00477
-0.057 1.00477
-0.056 -1.00461
-0.056 1.00461
-0.055 -1.00444
-0.055 1.00444
-0.054 -1.00429
-0.054 1.00429
-0.053 -1.00413
-0.053 1.00413
-0.052 -1.00398
-0.052 1.00398
-0.051 -1.00383
-0.051 1.00383
-0.05 -1.00368
-0.05 1.00368
-0.049 -1.00354
-0.049 1.00354
-0.048 -1.00339
-0.048 1.00339
-0.047 -1.00326
-0.047 1.00326
-0.046 -1.00312
-0.046 1.00312
-0.045 -1.00299
-0.045 1.00299
-0.044 -1.00286
-0.044 1.00286
-0.043 -1.00273
-0.043 1.00273
-0.042 -1.00261
-0.042 1.00261
-0.041 -1.00248
-0.041 1.00248
-0.04 -1.00237
-0.04 1.00237
-0.039 -1.00225
-0.039 1.00225
-0.038 -1.00214
-0.038 1.00214
-0.037 -1.00203
-0.037 1.00203
-0.036 -1.00192
-0.036 1.00192
-0.035 -1.00181
-0.035 1.00181
-0.034 -1.00171
-0.034 1.00171
-0.033 -1.00161
-0.033 1.00161
-0.032 -1.00152
-0.032 1.00152
-0.031 -1.00143
-0.031 1.00143
-0.03 -1.00134
-0.03 1.00134
-0.029 -1.00125
-0.029 1.00125
-0.028 -1.00116
-0.028 1.00116
-0.027 -1.00108
-0.027 1.00108
-0.026 -1.001
-0.026 1.001
-0.025 -1.00093
-0.025 1.00093
-0.024 -1.00086
-0.024 1.00086
-0.023 -1.00079
-0.023 1.00079
-0.022 -1.00072
-0.022 1.00072
-0.021 -1.00066
-0.021 1.00066
-0.02 -1.0006
-0.02 1.0006
-0.019 -1.00054
-0.019 1.00054
-0.018 -1.00048
-0.018 1.00048
-0.017 -1.00043
-0.017 1.00043
-0.016 -1.00038
-0.016 1.00038
-0.015 -1.00034
-0.015 1.00034
-0.014 -1.00029
-0.014 1.00029
-0.013 -1.00025
-0.013 1.00025
-0.012 -1.00022
-0.012 1.00022
-0.011 -1.00018
-0.011 1.00018
-0.01 -1.00015
-0.01 1.00015
-0.009 -1.00012
-0.009 1.00012
-0.008 -1.0001
-0.008 1.0001
-0.007 -1.00007
-0.007 1.00007
-0.006 -1.00005
-0.006 1.00005
-0.005 -1.00004
-0.005 1.00004
-0.004 -1.00002
-0.004 1.00002
-0.003 -1.00001
-0.003 1.00001
-0.002 -1.00001
-0.002 1.00001
-0.001 -1
-0.001 1
-1.76482e-12 -1
-1.76482e-12 1
0.001 -1
0.001 1
0.002 -1.00001
0.002 1.00001
0.003 -1.00001
0.003 1.00001
0.004 -1.00002
0.004 1.00002
0.005 -1.00004
0.005 1.00004
0.006 -1.00005
0.006 1.00005
0.007 -1.00007
0.007 1.00007
0.008 -1.0001
0.008 1.0001
0.009 -1.00012
0.009 1.00012
0.01 -1.00015
0.01 1.00015
0.011 -1.00018
0.011 1.00018
0.012 -1.00022
0.012 1.00022
0.013 -1.00025
0.013 1.00025
0.014 -1.0003
0.014 1.0003
0.015 -1.00034
0.015 1.00034
0.016 -1.00039
0.016 1.00039
0.017 -1.00044
0.017 1.00044
0.018 -1.00049
0.018 1.00049
0.019 -1.00054
0.019 1.00054
0.02 -1.0006
0.02 1.0006
0.021 -1.00067
0.021 1.00067
0.022 -1.00073
0.022 1.00073
0.023 -1.0008
0.023 1.0008
0.024 -1.00087
0.024 1.00087
0.025 -1.00094
0.025 1.00094
0.026 -1.00102
0.026 1.00102
0.027 -1.0011
0.027 1.0011
0.028 -1.00119
0.028 1.00119
0.029 -1.00127
0.029 1.00127
0.03 -1.00136
0.03 1.00136
0.031 -1.00146
0.031 1.00146
0.032 -1.00155
0.032 1.00155
0.033 -1.00165
0.033 1.00165
0.034 -1.00175
0.034 1.00175
0.035 -1.00186
0.035 1.00186
0.036 -1.00197
0.036 1.00197
0.037 -1.00208
0.037 1.00208
0.038 -1.00219
0.038 1.00219
0.039 -1.00231
0.039 1.00231
0.04 -1.00243
0.04 1.00243
0.041 -1.00255
0.041 1.00255
0.042 -1.00268
0.042 1.00268
0.043 -1.00281
0.043 1.00281
0.044 -1.00294
0.044 1.00294
0.045 -1.00308
0.045 1.00308
0.046 -1.00322
0.046 1.00322
0.047 -1.00336
0.047 1.00336
0.048 -1.00351
0.048 1.00351
0.049 -1.00365
0.049 1.00365
0.05 -1.00381
0.05 1.00381
0.051 -1.00396
0.051 1.00396
0.052 -1.00412
0.052 1.00412
0.053 -1.00428
0.053 1.00428
0.054 -1.00444
0.054 1.00444
0.055 -1.00461
0.055 1.00461
0.056 -1.00478
0.056 1.00478
0.057 -1.00495
0.057 1.00495
0.058 -1.00513
0.058 1.00513
0.059 -1.00531
0.059 1.00531
0.06 -1.00549
0.06 1.00549
0.061 -1.00568
0.061 1.00568
0.062 -1.00587
0.062 1.00587
0.063 -1.00606
0.063 1.00606
0.064 -1.00626
0.064 1.00626
0.065 -1.00645
0.065 1.00645
0.066 -1.00666
0.066 1.00666
0.067 -1.00686
0.067 1.00686
0.068 -1.00707
0.068 1.00707
0.069 -1.00728
0.069 1.00728
0.07 -1.00749
0.07 1.00749
0.071 -1.00771
0.071 1.00771
0.072 -1.00793
0.072 1.00793
0.073 -1.00815
0.073 1.00815
0.074 -1.00838
0.074 1.00838
0.075 -1.00861
0.075 1.00861
0.076 -1.00884
0.076 1.00884
0.077 -1.00908
0.077 1.00908
0.078 -1.00932
0.078 1.00932
0.079 -1.00956
0.079 1.00956
0.08 -1.00981
0.08 1.00981
0.081 -1.01006
0.081 1.01006
0.082 -1.01031
0.082 1.01031
0.083 -1.01056
0.083 1.01056
0.084 -1.01082
0.084 1.01082
0.085 -1.01108
0.085 1.01108
0.086 -1.01135
0.086 1.01135
0.087 -1.01162
0.087 1.01162
0.088 -1.01189
0.088 1.01189
0.089 -1.01216
0.089 1.01216
0.09 -1.01244
0.09 1.01244
0.091 -1.01272
0.091 1.01272
0.092 -1.013
0.092 1.013
0.093 -1.01329
0.093 1.01329
0.094 -1.01358
0.094 1.01358
0.095 -1.01387
0.095 1.01387
0.096 -1.01417
0.096 1.01417
0.097 -1.01447
0.097 1.01447
0.098 -1.01477
0.098 1.01477
0.099 -1.01507
0.099 1.01507
0.1 -1.01538
0.1 1.01538
0.101 -1.01569
0.101 1.01569
0.102 -1.01601
0.102 1.01601
0.103 -1.01633
0.103 1.01633
0.104 -1.01665
0.104 1.01665
0.105 -1.01697
0.105 1.01697
0.106 -1.0173
0.106 1.0173
0.107 -1.01763
0.107 1.01763
0.108 -1.01796
0.108 1.01796
0.109 -1.0183
0.109 1.0183
0.11 -1.01864
0.11 1.01864
0.111 -1.01899
0.111 1.01899
0.112 -1.01933
0.112 1.01933
0.113 -1.01968
0.113 1.01968
0.114 -1.02003
0.114 1.02003
0.115 -1.02039
0.115 1.02039
0.116 -1.02075
0.116 1.02075
0.117 -1.02111
0.117 1.02111
0.118 -1.02148
0.118 1.02148
0.119 -1.02185
0.119 1.02185
0.12 -1.02222
0.12 1.02222
0.121 -1.02259
0.121 1.02259
0.122 -1.02297
0.122 1.02297
0.123 -1.02335
0.123 1.02335
0.124 -1.02374
0.124 1.02374
0.125 -1.02412
0.125 1.02412
0.126 -1.02451
0.126 1.02451
0.127 -1.02491
0.127 1.02491
0.128 -1.0253
0.128 1.0253
0.129 -1.0257
0.129 1.0257
0.13 -1.02611
0.13 1.02611
0.131 -1.02651
0.131 1.02651
0.132 -1.02692
0.132 1.02692
0.133 -1.02734
0.133 1.02734
0.134 -1.02775
0.134 1.02775
0.135 -1.02817
0.135 1.02817
0.136 -1.02859
0.136 1.02859
0.137 -1.02902
0.137 1.02902
0.138 -1.02945
0.138 1.02945
0.139 -1.02988
0.139 1.02988
0.14 -1.03031
0.14 1.03031
0.141 -1.03075
0.141 1.03075
0.142 -1.03119
0.142 1.03119
0.143 -1.03164
0.143 1.03164
0.144 -1.03208
0.144 1.03208
0.145 -1.03253
0.145 1.03253
0.146 -1.03299
0.146 1.03299
0.147 -1.03344
0.147 1.03344
0.148 -1.0339
0.148 1.0339
0.149 -1.03436
0.149 1.03436
0.15 -1.03483
0.15 1.03483
0.151 -1.0353
0.151 1.0353
0.152 -1.03577
0.152 1.03577
0.153 -1.03625
0.153 1.03625
0.154 -1.03673
0.154 1.03673
0.155 -1.03721
0.155 1.03721
0.156 -1.03769
0.156 1.03769
0.157 -1.03818
0.157 1.03818
0.158 -1.03867
0.158 1.03867
0.159 -1.03916
0.159 1.03916
0.16 -1.03966
0.16 1.03966
0.161 -1.04016
0.161 1.04016
0.162 -1.04066
0.162 1.04066
0.163 -1.04117
0.163 1.04117
0.164 -1.04168
0.164 1.04168
0.165 -1.04219
0.165 1.04219
0.166 -1.04271
0.166 1.04271
0.167 -1.04323
0.167 1.04323
0.168 -1.04375
0.168 1.04375
0.169 -1.04427
0.169 1.04427
0.17 -1.0448
0.17 1.0448
0.171 -1.04533
0.171 1.04533
0.172 -1.04587
0.172 1.04587
0.173 -1.04641
0.173 1.04641
0.174 -1.04695
0.174 1.04695
0.175 -1.04749
0.175 1.04749
0.176 -1.04804
0.176 1.04804
0.177 -1.04859
0.177 1.04859
0.178 -1.04914
0.178 1.04914
0.179 -1.04969
0.179 1.04969
0.18 -1.05025
0.18 1.05025
0.181 -1.05082
0.181 1.05082
0.182 -1.05138
0.182 1.05138
0.183 -1.05195
0.183 1.05195
0.184 -1.05252
0.184 1.05252
0.185 -1.05309
0.185 1.05309
0.186 -1.05367
0.186 1.05367
0.187 -1.05425
0.187 1.05425
0.188 -1.05483
0.188 1.05483
0.189 -1.05542
0.189 1.05542
0.19 -1.05601
0.19 1.05601
0.191 -1.0566
0.191 1.0566
0.192 -1.0572
0.192 1.0572
0.193 -1.0578
0.193 1.0578
0.194 -1.0584
0.194 1.0584
0.195 -1.059
0.195 1.059
0.196 -1.05961
0.196 1.05961
0.197 -1.06022
0.197 1.06022
0.198 -1.06084
0.198 1.06084
0.199 -1.06145
0.199 1.06145
0.2 -1.06207
0.2 1.06207
0.201 -1.0627
0.201 1.0627
0.202 -1.06332
0.202 1.06332
0.203 -1.06395
0.203 1.06395
0.204 -1.06458
0.204 1.06458
0.205 -1.06522
0.205 1.06522
0.206 -1.06586
0.206 1.06586
0.207 -1.0665
0.207 1.0665
0.208 -1.06714
0.208 1.06714
0.209 -1.06779
0.209 1.06779
0.21 -1.06844
0.21 1.06844
0.211 -1.06909
0.211 1.06909
0.212 -1.06975
0.212 1.06975
0.213 -1.07041
0.213 1.07041
0.214 -1.07107
0.214 1.07107
0.215 -1.07173
0.215 1.07173
0.216 -1.0724
0.216 1.0724
0.217 -1.07307
0.217 1.07307
0.218 -1.07375
0.218 1.07375
0.219 -1.07442
0.219 1.07442
0.22 -1.0751
0.22 1.0751
0.221 -1.07579
0.221 1.07579
0.222 -1.07647
0.222 1.07647
0.223 -1.07716
0.223 1.07716
0.224 -1.07785
0.224 1.07785
0.225 -1.07855
0.225 1.07855
0.226 -1.07925
0.226 1.07925
0.227 -1.07995
0.227 1.07995
0.228 -1.08065
0.228 1.08065
0.229 -1.08136
0.229 1.08136
0.23 -1.08207
0.23 1.08207
0.231 -1.08278
0.231 1.08278
0.232 -1.08349
0.232 1.08349
0.233 -1.08421
0.233 1.08421
0.234 -1.08493
0.234 1.08493
0.235 -1.08566
0.235 1.08566
0.236 -1.08638
0.236 1.08638
0.237 -1.08712
0.237 1.08712
0.238 -1.08785
0.238 1.08785
0.239 -1.08858
0.239 1.08858
0.24 -1.08932
0.24 1.08932
0.241 -1.09006
0.241 1.09006
0.242 -1.09081
0.242 1.09081
0.243 -1.09156
0.243 1.09156
0.244 -1.09231
0.244 1.09231
0.245 -1.09306
0.245 1.09306
0.246 -1.09382
0.246 1.09382
0.247 -1.09458
0.247 1.09458
0.248 -1.09534
0.248 1.09534
0.249 -1.0961
0.249 1.0961
0.25 -1.09687
0.25 1.09687
0.251 -1.09764
0.251 1.09764
0.252 -1.09841
0.252 1.09841
0.253 -1.09919
0.253 1.09919
0.254 -1.09997
0.254 1.09997
0.255 -1.10075
0.255 1.10075
0.256 -1.10154
0.256 1.10154
0.257 -1.10233
0.257 1.10233
0.258 -1.10312
0.258 1.10312
0.259 -1.10391
0.259 1.10391
0.26 -1.10471
0.26 1.10471
0.261 -1.10551
0.261 1.10551
0.262 -1.10631
0.262 1.10631
0.263 -1.10711
0.263 1.10711
0.264 -1.10792
0.264 1.10792
0.265 -1.10873
0.265 1.10873
0.266 -1.10954
0.266 1.10954
0.267 -1.11036
0.267 1.11036
0.268 -1.11118
0.268 1.11118
0.269 -1.112
0.269 1.112
0.27 -1.11283
0.27 1.11283
0.271 -1.11365
0.271 1.11365
0.272 -1.11448
0.272 1.11448
0.273 -1.11532
0.273 1.11532
0.274 -1.11615
0.274 1.11615
0.275 -1.11699
0.275 1.11699
0.276 -1.11783
0.276 1.11783
0.277 -1.11868
0.277 1.11868
0.278 -1.11953
0.278 1.11953
0.279 -1.12038
0.279 1.12038
0.28 -1.12123
0.28 1.12123
0.281 -1.12208
0.281 1.12208
0.282 -1.12294
0.282 1.12294
0.283 -1.1238
0.283 1.1238
0.284 -1.12467
0.284 1.12467
0.285 -1.12553
0.285 1.12553
0.286 -1.1264
0.286 1.1264
0.287 -1.12727
0.287 1.12727
0.288 -1.12815
0.288 1.12815
0.289 -1.12903
0.289 1.12903
0.29 -1.12991
0.29 1.12991
0.291 -1.13079
0.291 1.13079
0.292 -1.13168
0.292 1.13168
0.293 -1.13256
0.293 1.13256
0.294 -1.13345
0.294 1.13345
0.295 -1.13435
0.295 1.13435
0.296 -1.13525
0.296 1.13525
0.297 -1.13614
0.297 1.13614
0.298 -1.13705
0.298 1.13705
0.299 -1.13795
0.299 1.13795
0.3 -1.13886
0.3 1.13886
0.301 -1.13977
0.301 1.13977
0.302 -1.14068
0.302 1.14068
0.303 -1.1416
0.303 1.1416
0.304 -1.14252
0.304 1.14252
0.305 -1.14344
0.305 1.14344
0.306 -1.14436
0.306 1.14436
0.307 -1.14529
0.307 1.14529
0.308 -1.14622
0.308 1.14622
0.309 -1.14715
0.309 1.14715
0.31 -1.14808
0.31 1.14808
0.311 -1.14902
0.311 1.14902
0.312 -1.14996
0.312 1.14996
0.313 -1.1509
0.313 1.1509
0.314 -1.15185
0.314 1.15185
0.315 -1.15279
0.315 1.15279
0.316 -1.15374
0.316 1.15374
0.317 -1.1547
0.317 1.1547
0.318 -1.15565
0.318 1.15565
0.319 -1.15661
0.319 1.15661
0.32 -1.15757
0.32 1.15757
0.321 -1.15853
0.321 1.15853
0.322 -1.1595
0.322 1.1595
0.323 -1.16047
0.323 1.16047
0.324 -1.16144
0.324 1.16144
0.325 -1.16241
0.325 1.16241
0.326 -1.16339
0.326 1.16339
0.327 -1.16437
0.327 1.16437
0.328 -1.16535
0.328 1.16535
0.329 -1.16633
0.329 1.16633
0.33 -1.16732
0.33 1.16732
0.331 -1.16831
0.331 1.16831
0.332 -1.1693
0.332 1.1693
0.333 -1.1703
0.333 1.1703
0.334 -1.17129
0.334 1.17129
0.335 -1.17229
0.335 1.17229
0.336 -1.17329
0.336 1.17329
0.337 -1.1743
0.337 1.1743
0.338 -1.17531
0.338 1.17531
0.339 -1.17632
0.339 1.17632
0.34 -1.17733
0.34 1.17733
0.341 -1.17834
0.341 1.17834
0.342 -1.17936
0.342 1.17936
0.343 -1.18038
0.343 1.18038
0.344 -1.1814
0.344 1.1814
0.345 -1.18243
0.345 1.18243
0.346 -1.18346
0.346 1.18346
0.347 -1.18449
0.347 1.18449
0.348 -1.18552
0.348 1.18552
0.349 -1.18655
0.349 1.18655
0.35 -1.18759
0.35 1.18759
0.351 -1.18863
0.351 1.18863
0.352 -1.18967
0.352 1.18967
0.353 -1.19072
0.353 1.19072
0.354 -1.19177
0.354 1.19177
0.355 -1.19282
0.355 1.19282
0.356 -1.19387
0.356 1.19387
0.357 -1.19493
0.357 1.19493
0.358 -1.19598
0.358 1.19598
0.359 -1.19704
0.359 1.19704
0.36 -1.19811
0.36 1.19811
0.361 -1.19917
0.361 1.19917
0.362 -1.20024
0.362 1.20024
0.363 -1.20131
0.363 1.20131
0.364 -1.20238
0.364 1.20238
0.365 -1.20345
0.365 1.20345
0.366 -1.20453
0.366 1.20453
0.367 -1.20561
0.367 1.20561
0.368 -1.20669
0.368 1.20669
0.369 -1.20778
0.369 1.20778
0.37 -1.20886
0.37 1.20886
0.371 -1.20995
0.371 1.20995
0.372 -1.21105
0.372 1.21105
0.373 -1.21214
0.373 1.21214
0.374 -1.21324
0.374 1.21324
0.375 -1.21433
0.375 1.21433
0.376 -1.21544
0.376 1.21544
0.377 -1.21654
0.377 1.21654
0.378 -1.21765
0.378 1.21765
0.379 -1.21875
0.379 1.21875
0.38 -1.21987
0.38 1.21987
0.381 -1.22098
0.381 1.22098
0.382 -1.22209
0.382 1.22209
0.383 -1.22321
0.383 1.22321
0.384 -1.22433
0.384 1.22433
0.385 -1.22546
0.385 1.22546
0.386 -1.22658
0.386 1.22658
0.387 -1.22771
0.387 1.22771
0.388 -1.22884
0.388 1.22884
0.389 -1.22997
0.389 1.22997
0.39 -1.2311
0.39 1.2311
0.391 -1.23224
0.391 1.23224
0.392 -1.23338
0.392 1.23338
0.393 -1.23452
0.393 1.23452
0.394 -1.23567
0.394 1.23567
0.395 -1.23681
0.395 1.23681
0.396 -1.23796
0.396 1.23796
0.397 -1.23911
0.397 1.23911
0.398 -1.24026
0.398 1.24026
0.399 -1.24142
0.399 1.24142
0.4 -1.24258
0.4 1.24258
0.401 -1.24374
0.401 1.24374
0.402 -1.2449
0.402 1.2449
0.403 -1.24606
0.403 1.24606
0.404 -1.24723
0.404 1.24723
0.405 -1.2484
0.405 1.2484
0.406 -1.24957
0.406 1.24957
0.407 -1.25075
0.407 1.25075
0.408 -1.25192
0.408 1.25192
0.409 -1.2531
0.409 1.2531
0.41 -1.25428
0.41 1.25428
0.411 -1.25546
0.411 1.25546
0.412 -1.25665
0.412 1.25665
0.413 -1.25784
0.413 1.25784
0.414 -1.25903
0.414 1.25903
0.415 -1.26022
0.415 1.26022
0.416 -1.26141
0.416 1.26141
0.417 -1.26261
0.417 1.26261
0.418 -1.26381
0.418 1.26381
0.419 -1.26501
0.419 1.26501
0.42 -1.26621
0.42 1.26621
0.421 -1.26742
0.421 1.26742
0.422 -1.26862
0.422 1.26862
0.423 -1.26983
0.423 1.26983
0.424 -1.27104
0.424 1.27104
0.425 -1.27226
0.425 1.27226
0.426 -1.27347
0.426 1.27347
0.427 -1.27469
0.427 1.27469
0.428 -1.27591
0.428 1.27591
0.429 -1.27714
0.429 1.27714
0.43 -1.27836
0.43 1.27836
0.431 -1.27959
0.431 1.27959
0.432 -1.28082
0.432 1.28082
0.433 -1.28205
0.433 1.28205
0.434 -1.28328
0.434 1.28328
0.435 -1.28452
0.435 1.28452
0.436 -1.28576
0.436 1.28576
0.437 -1.287
0.437 1.287
0.438 -1.28824
0.438 1.28824
0.439 -1.28948
0.439 1.28948
0.44 -1.29073
0.44 1.29073
0.441 -1.29198
0.441 1.29198
0.442 -1.29323
0.442 1.29323
0.443 -1.29448
0.443 1.29448
0.444 -1.29574
0.444 1.29574
0.445 -1.297
0.445 1.297
0.446 -1.29825
0.446 1.29825
0.447 -1.29952
0.447 1.29952
0.448 -1.30078
0.448 1.30078
0.449 -1.30205
0.449 1.30205
0.45 -1.30331
0.45 1.30331
0.451 -1.30458
0.451 1.30458
0.452 -1.30586
0.452 1.30586
0.453 -1.30713
0.453 1.30713
0.454 -1.30841
0.454 1.30841
0.455 -1.30968
0.455 1.30968
0.456 -1.31096
0.456 1.31096
0.457 -1.31225
0.457 1.31225
0.458 -1.31353
0.458 1.31353
0.459 -1.31482
0.459 1.31482
0.46 -1.31611
0.46 1.31611
0.461 -1.3174
0.461 1.3174
0.462 -1.31869
0.462 1.31869
0.463 -1.31998
0.463 1.31998
0.464 -1.32128
0.464 1.32128
0.465 -1.32258
0.465 1.32258
0.466 -1.32388
0.466 1.32388
0.467 -1.32518
0.467 1.32518
0.468 -1.32649
0.468 1.32649
0.469 -1.3278
0.469 1.3278
0.47 -1.32911
0.47 1.32911
0.471 -1.33042
0.471 1.33042
0.472 -1.33173
0.472 1.33173
0.473 -1.33305
0.473 1.33305
0.474 -1.33436
0.474 1.33436
0.475 -1.33568
0.475 1.33568
0.476 -1.337
0.476 1.337
0.477 -1.33833
0.477 1.33833
0.478 -1.33965
0.478 1.33965
0.479 -1.34098
0.479 1.34098
0.48 -1.34231
0.48 1.34231
0.481 -1.34364
0.481 1.34364
0.482 -1.34497
0.482 1.34497
0.483 -1.34631
0.483 1.34631
0.484 -1.34765
0.484 1.34765
0.485 -1.34898
0.485 1.34898
0.486 -1.35033
0.486 1.35033
0.487 -1.35167
0.487 1.35167
0.488 -1.35301
0.488 1.35301
0.489 -1.35436
0.489 1.35436
0.49 -1.35571
0.49 1.35571
0.491 -1.35706
0.491 1.35706
0.492 -1.35841
0.492 1.35841
0.493 -1.35977
0.493 1.35977
0.494 -1.36113
0.494 1.36113
0.495 -1.36248
0.495 1.36248
0.496 -1.36384
0.496 1.36384
0.497 -1.36521
0.497 1.36521
0.498 -1.36657
0.498 1.36657
0.499 -1.36794
0.499 1.36794
0.5 -1.36931
0.5 1.36931
0.501 -1.37068
0.501 1.37068
0.502 -1.37205
0.502 1.37205
0.503 -1.37342
0.503 1.37342
0.504 -1.3748
0.504 1.3748
0.505 -1.37618
0.505 1.37618
0.506 -1.37756
0.506 1.37756
0.507 -1.37894
0.507 1.37894
0.508 -1.38032
0.508 1.38032
0.509 -1.38171
0.509 1.38171
0.51 -1.38309
0.51 1.38309
0.511 -1.38448
0.511 1.38448
0.512 -1.38588
0.512 1.38588
0.513 -1.38727
0.513 1.38727
0.514 -1.38866
0.514 1.38866
0.515 -1.39006
0.515 1.39006
0.516 -1.39146
0.516 1.39146
0.517 -1.39286
0.517 1.39286
0.518 -1.39426
0.518 1.39426
0.519 -1.39567
0.519 1.39567
0.52 -1.39707
0.52 1.39707
0.521 -1.39848
0.521 1.39848
0.522 -1.39989
0.522 1.39989
0.523 -1.4013
0.523 1.4013
0.524 -1.40271
0.524 1.40271
0.525 -1.40413
0.525 1.40413
0.526 -1.40555
0.526 1.40555
0.527 -1.40696
0.527 1.40696
0.528 -1.40839
0.528 1.40839
0.529 -1.40981
0.529 1.40981
0.53 -1.41123
0.53 1.41123
0.531 -1.41266
0.531 1.41266
0.532 -1.41409
0.532 1.41409
0.533 -1.41552
0.533 1.41552
0.534 -1.41695
0.534 1.41695
0.535 -1.41838
0.535 1.41838
0.536 -1.41982
0.536 1.41982
0.537 -1.42125
0.537 1.42125
0.538 -1.42269
0.538 1.42269
0.539 -1.42413
0.539 1.42413
0.54 -1.42557
0.54 1.42557
0.541 -1.42702
0.541 1.42702
0.542 -1.42846
0.542 1.42846
0.543 -1.42991
0.543 1.42991
0.544 -1.43136
0.544 1.43136
0.545 -1.43281
0.545 1.43281
0.546 -1.43427
0.546 1.43427
0.547 -1.43572
0.547 1.43572
0.548 -1.43718
0.548 1.43718
0.549 -1.43864
0.549 1.43864
0.55 -1.4401
0.55 1.4401
0.551 -1.44156
0.551 1.44156
0.552 -1.44302
0.552 1.44302
0.553 -1.44449
0.553 1.44449
0.554 -1.44595
0.554 1.44595
0.555 -1.44742
0.555 1.44742
0.556 -1.44889
0.556 1.44889
0.557 -1.45036
0.557 1.45036
0.558 -1.45184
0.558 1.45184
0.559 -1.45331
0.559 1.45331
0.56 -1.45479
0.56 1.45479
0.561 -1.45627
0.561 1.45627
0.562 -1.45775
0.562 1.45775
0.563 -1.45923
0.563 1.45923
0.564 -1.46072
0.564 1.46072
0.565 -1.4622
0.565 1.4622
0.566 -1.46369
0.566 1.46369
0.567 -1.46518
0.567 1.46518
0.568 -1.46667
0.568 1.46667
0.569 -1.46816
0.569 1.46816
0.57 -1.46966
0.57 1.46966
0.571 -1.47115
0.571 1.47115
0.572 -1.47265
0.572 1.47265
0.573 -1.47415
0.573 1.47415
0.574 -1.47565
0.574 1.47565
0.575 -1.47715
0.575 1.47715
0.576 -1.47866
0.576 1.47866
0.577 -1.48016
0.577 1.48016
0.578 -1.48167
0.578 1.48167
0.579 -1.48318
0.579 1.48318
0.58 -1.48469
0.58 1.48469
0.581 -1.48621
0.581 1.48621
0.582 -1.48772
0.582 1.48772
0.583 -1.48924
0.583 1.48924
0.584 -1.49075
0.584 1.49075
0.585 -1.49227
0.585 1.49227
0.586 -1.49379
0.586 1.49379
0.587 -1.49532
0.587 1.49532
0.588 -1.49684
0.588 1.49684
0.589 -1.49837
0.589 1.49837
0.59 -1.49989
0.59 1.49989
0.591 -1.50142
0.591 1.50142
0.592 -1.50295
0.592 1.50295
0.593 -1.50448
0.593 1.50448
0.594 -1.50602
0.594 1.50602
0.595 -1.50755
0.595 1.50755
0.596 -1.50909
0.596 1.50909
0.597 -1.51063
0.597 1.51063
0.598 -1.51217
0.598 1.51217
0.599 -1.51371
0.599 1.51371
0.6 -1.51526
0.6 1.51526
0.601 -1.5168
0.601 1.5168
0.602 -1.51835
0.602 1.51835
0.603 -1.5199
0.603 1.5199
0.604 -1.52145
0.604 1.52145
0.605 -1.523
0.605 1.523
0.606 -1.52455
0.606 1.52455
0.607 -1.5261
0.607 1.5261
0.608 -1.52766
0.608 1.52766
0.609 -1.52922
0.609 1.52922
0.61 -1.53078
0.61 1.53078
0.611 -1.53234
0.611 1.53234
0.612 -1.5339
0.612 1.5339
0.613 -1.53547
0.613 1.53547
0.614 -1.53703
0.614 1.53703
0.615 -1.5386
0.615 1.5386
0.616 -1.54017
0.616 1.54017
0.617 -1.54174
0.617 1.54174
0.618 -1.54331
0.618 1.54331
0.619 -1.54488
0.619 1.54488
0.62 -1.54646
0.62 1.54646
0.621 -1.54803
0.621 1.54803
0.622 -1.54961
0.622 1.54961
0.623 -1.55119
0.623 1.55119
0.624 -1.55277
0.624 1.55277
0.625 -1.55435
0.625 1.55435
0.626 -1.55594
0.626 1.55594
0.627 -1.55752
0.627 1.55752
0.628 -1.55911
0.628 1.55911
0.629 -1.5607
0.629 1.5607
0.63 -1.56229
0.63 1.56229
0.631 -1.56388
0.631 1.56388
0.632 -1.56547
0.632 1.56547
0.633 -1.56707
0.633 1.56707
0.634 -1.56866
0.634 1.56866
0.635 -1.57026
0.635 1.57026
0.636 -1.57186
0.636 1.57186
0.637 -1.57346
0.637 1.57346
0.638 -1.57506
0.638 1.57506
0.639 -1.57667
0.639 1.57667
0.64 -1.57827
0.64 1.57827
0.641 -1.57988
0.641 1.57988
0.642 -1.58149
0.642 1.58149
0.643 -1.5831
0.643 1.5831
0.644 -1.58471
0.644 1.58471
0.645 -1.58632
0.645 1.58632
0.646 -1.58793
0.646 1.58793
0.647 -1.58955
0.647 1.58955
0.648 -1.59117
0.648 1.59117
0.649 -1.59278
0.649 1.59278
0.65 -1.5944
0.65 1.5944
0.651 -1.59603
0.651 1.59603
0.652 -1.59765
0.652 1.59765
0.653 -1.59927
0.653 1.59927
0.654 -1.6009
0.654 1.6009
0.655 -1.60252
0.655 1.60252
0.656 -1.60415
0.656 1.60415
0.657 -1.60578
0.657 1.60578
0.658 -1.60741
0.658 1.60741
0.659 -1.60905
0.659 1.60905
0.66 -1.61068
0.66 1.61068
0.661 -1.61232
0.661 1.61232
0.662 -1.61395
0.662 1.61395
0.663 -1.61559
0.663 1.61559
0.664 -1.61723
0.664 1.61723
0.665 -1.61887
0.665 1.61887
0.666 -1.62052
0.666 1.62052
0.667 -1.62216
0.667 1.62216
0.668 -1.62381
0.668 1.62381
0.669 -1.62545
0.669 1.62545
0.67 -1.6271
0.67 1.6271
0.671 -1.62875
0.671 1.62875
0.672 -1.6304
0.672 1.6304
0.673 -1.63206
0.673 1.63206
0.674 -1.63371
0.674 1.63371
0.675 -1.63537
0.675 1.63537
0.676 -1.63702
0.676 1.63702
0.677 -1.63868
0.677 1.63868
0.678 -1.64034
0.678 1.64034
0.679 -1.642
0.679 1.642
0.68 -1.64366
0.68 1.64366
0.681 -1.64533
0.681 1.64533
0.682 -1.64699
0.682 1.64699
0.683 -1.64866
0.683 1.64866
0.684 -1.65033
0.684 1.65033
0.685 -1.652
0.685 1.652
0.686 -1.65367
0.686 1.65367
0.687 -1.65534
0.687 1.65534
0.688 -1.65701
0.688 1.65701
0.689 -1.65869
0.689 1.65869
0.69 -1.66036
0.69 1.66036
0.691 -1.66204
0.691 1.66204
0.692 -1.66372
0.692 1.66372
0.693 -1.6654
0.693 1.6654
0.694 -1.66708
0.694 1.66708
0.695 -1.66877
0.695 1.66877
0.696 -1.67045
0.696 1.67045
0.697 -1.67214
0.697 1.67214
0.698 -1.67382
0.698 1.67382
0.699 -1.67551
0.699 1.67551
0.7 -1.6772
0.7 1.6772
0.701 -1.67889
0.701 1.67889
0.702 -1.68058
0.702 1.68058
0.703 -1.68228
0.703 1.68228
0.704 -1.68397
0.704 1.68397
0.705 -1.68567
0.705 1.68567
0.706 -1.68737
0.706 1.68737
0.707 -1.68906
0.707 1.68906
0.708 -1.69077
0.708 1.69077
0.709 -1.69247
0.709 1.69247
0.71 -1.69417
0.71 1.69417
0.711 -1.69587
0.711 1.69587
0.712 -1.69758
0.712 1.69758
0.713 -1.69929
0.713 1.69929
0.714 -1.70099
0.714 1.70099
0.715 -1.7027
0.715 1.7027
0.716 -1.70441
0.716 1.70441
0.717 -1.70613
0.717 1.70613
0.718 -1.70784
0.718 1.70784
0.719 -1.70955
0.719 1.70955
0.72 -1.71127
0.72 1.71127
0.721 -1.71299
0.721 1.71299
0.722 -1.71471
0.722 1.71471
0.723 -1.71643
0.723 1.71643
0.724 -1.71815
0.724 1.71815
0.725 -1.71987
0.725 1.71987
0.726 -1.72159
0.726 1.72159
0.727 -1.72332
0.727 1.72332
0.728 -1.72505
0.728 1.72505
0.729 -1.72677
0.729 1.72677
0.73 -1.7285
0.73 1.7285
0.731 -1.73023
0.731 1.73023
0.732 -1.73196
0.732 1.73196
0.733 -1.7337
0.733 1.7337
0.734 -1.73543
0.734 1.73543
0.735 -1.73716
0.735 1.73716
0.736 -1.7389
0.736 1.7389
0.737 -1.74064
0.737 1.74064
0.738 -1.74238
0.738 1.74238
0.739 -1.74412
0.739 1.74412
0.74 -1.74586
0.74 1.74586
0.741 -1.7476
0.741 1.7476
0.742 -1.74935
0.742 1.74935
0.743 -1.75109
0.743 1.75109
0.744 -1.75284
0.744 1.75284
0.745 -1.75459
0.745 1.75459
0.746 -1.75633
0.746 1.75633
0.747 -1.75808
0.747 1.75808
0.748 -1.75984
0.748 1.75984
0.749 -1.76159
0.749 1.76159
0.75 -1.76334
0.75 1.76334
0.751 -1.7651
0.751 1.7651
0.752 -1.76685
0.752 1.76685
0.753 -1.76861
0.753 1.76861
0.754 -1.77037
0.754 1.77037
0.755 -1.77213
0.755 1.77213
0.756 -1.77389
0.756 1.77389
0.757 -1.77565
0.757 1.77565
0.758 -1.77742
0.758 1.77742
0.759 -1.77918
0.759 1.77918
0.76 -1.78095
0.76 1.78095
0.761 -1.78272
0.761 1.78272
0.762 -1.78448
0.762 1.78448
0.763 -1.78625
0.763 1.78625
0.764 -1.78802
0.764 1.78802
0.765 -1.7898
0.765 1.7898
0.766 -1.79157
0.766 1.79157
0.767 -1.79334
0.767 1.79334
0.768 -1.79512
0.768 1.79512
0.769 -1.7969
0.769 1.7969
0.77 -1.79868
0.77 1.79868
0.771 -1.80045
0.771 1.80045
0.772 -1.80224
0.772 1.80224
0.773 -1.80402
0.773 1.80402
0.774 -1.8058
0.774 1.8058
0.775 -1.80758
0.775 1.80758
0.776 -1.80937
0.776 1.80937
0.777 -1.81116
0.777 1.81116
0.778 -1.81294
0.778 1.81294
0.779 -1.81473
0.779 1.81473
0.78 -1.81652
0.78 1.81652
0.781 -1.81831
0.781 1.81831
0.782 -1.82011
0.782 1.82011
0.783 -1.8219
0.783 1.8219
0.784 -1.82369
0.784 1.82369
0.785 -1.82549
0.785 1.82549
0.786 -1.82729
0.786 1.82729
0.787 -1.82908
0.787 1.82908
0.788 -1.83088
0.788 1.83088
0.789 -1.83268
0.789 1.83268
0.79 -1.83449
0.79 1.83449
0.791 -1.83629
0.791 1.83629
0.792 -1.83809
0.792 1.83809
0.793 -1.8399
0.793 1.8399
0.794 -1.8417
0.794 1.8417
0.795 -1.84351
0.795 1.84351
0.796 -1.84532
0.796 1.84532
0.797 -1.84713
0.797 1.84713
0.798 -1.84894
0.798 1.84894
0.799 -1.85075
0.799 1.85075
0.8 -1.85257
0.8 1.85257
0.801 -1.85438
0.801 1.85438
0.802 -1.8562
0.802 1.8562
0.803 -1.85801
0.803 1.85801
0.804 -1.85983
0.804 1.85983
0.805 -1.86165
0.805 1.86165
0.806 -1.86347
0.806 1.86347
0.807 -1.86529
0.807 1.86529
0.808 -1.86711
0.808 1.86711
0.809 -1.86894
0.809 1.86894
0.81 -1.87076
0.81 1.87076
0.811 -1.87259
0.811 1.87259
0.812 -1.87441
0.812 1.87441
0.813 -1.87624
0.813 1.87624
0.814 -1.87807
0.814 1.87807
0.815 -1.8799
0.815 1.8799
0.816 -1.88173
0.816 1.88173
0.817 -1.88356
0.817 1.88356
0.818 -1.8854
0.818 1.8854
0.819 -1.88723
0.819 1.88723
0.82 -1.88907
0.82 1.88907
0.821 -1.8909
0.821 1.8909
0.822 -1.89274
0.822 1.89274
0.823 -1.89458
0.823 1.89458
0.824 -1.89642
0.824 1.89642
0.825 -1.89826
0.825 1.89826
0.826 -1.9001
0.826 1.9001
0.827 -1.90195
0.827 1.90195
0.828 -1.90379
0.828 1.90379
0.829 -1.90564
0.829 1.90564
0.83 -1.90748
0.83 1.90748
0.831 -1.90933
0.831 1.90933
0.832 -1.91118
0.832 1.91118
0.833 -1.91303
0.833 1.91303
0.834 -1.91488
0.834 1.91488
0.835 -1.91673
0.835 1.91673
0.836 -1.91858
0.836 1.91858
0.837 -1.92044
0.837 1.92044
0.838 -1.92229
0.838 1.92229
0.839 -1.92415
0.839 1.92415
0.84 -1.92601
0.84 1.92601
0.841 -1.92787
0.841 1.92787
0.842 -1.92973
0.842 1.92973
0.843 -1.93159
0.843 1.93159
0.844 -1.93345
0.844 1.93345
0.845 -1.93531
0.845 1.93531
0.846 -1.93717
0.846 1.93717
0.847 -1.93904
0.847 1.93904
0.848 -1.9409
0.848 1.9409
0.849 -1.94277
0.849 1.94277
0.85 -1.94464
0.85 1.94464
0.851 -1.94651
0.851 1.94651
0.852 -1.94838
0.852 1.94838
0.853 -1.95025
0.853 1.95025
0.854 -1.95212
0.854 1.95212
0.855 -1.954
0.855 1.954
0.856 -1.95587
0.856 1.95587
0.857 -1.95775
0.857 1.95775
0.858 -1.95962
0.858 1.95962
0.859 -1.9615
0.859 1.9615
0.86 -1.96338
0.86 1.96338
0.861 -1.96526
0.861 1.96526
0.862 -1.96714
0.862 1.96714
0.863 -1.96902
0.863 1.96902
0.864 -1.9709
0.864 1.9709
0.865 -1.97279
0.865 1.97279
0.866 -1.97467
0.866 1.97467
0.867 -1.97656
0.867 1.97656
0.868 -1.97844
0.868 1.97844
0.869 -1.98033
0.869 1.98033
0.87 -1.98222
0.87 1.98222
0.871 -1.98411
0.871 1.98411
0.872 -1.986
0.872 1.986
0.873 -1.98789
0.873 1.98789
0.874 -1.98979
0.874 1.98979
0.875 -1.99168
0.875 1.99168
0.876 -1.99358
0.876 1.99358
0.877 -1.99547
0.877 1.99547
0.878 -1.99737
0.878 1.99737
0.879 -1.99927
0.879 1.99927
0.88 -2.00117
0.88 2.00117
0.881 -2.00307
0.881 2.00307
0.882 -2.00497
0.882 2.00497
0.883 -2.00687
0.883 2.00687
0.884 -2.00877
0.884 2.00877
0.885 -2.01068
0.885 2.01068
0.886 -2.01258
0.886 2.01258
0.887 -2.01449
0.887 2.01449
0.888 -2.0164
0.888 2.0164
0.889 -2.01831
0.889 2.01831
0.89 -2.02022
0.89 2.02022
0.891 -2.02213
0.891 2.02213
0.892 -2.02404
0.892 2.02404
0.893 -2.02595
0.893 2.02595
0.894 -2.02786
0.894 2.02786
0.895 -2.02978
0.895 2.02978
0.896 -2.03169
0.896 2.03169
0.897 -2.03361
0.897 2.03361
0.898 -2.03553
0.898 2.03553
0.899 -2.03744
0.899 2.03744
0.9 -2.03936
0.9 2.03936
0.901 -2.04128
0.901 2.04128
0.902 -2.0432
0.902 2.0432
0.903 -2.04513
0.903 2.04513
0.904 -2.04705
0.904 2.04705
0.905 -2.04897
0.905 2.04897
0.906 -2.0509
0.906 2.0509
0.907 -2.05282
0.907 2.05282
0.908 -2.05475
0.908 2.05475
0.909 -2.05668
0.909 2.05668
0.91 -2.05861
0.91 2.05861
0.911 -2.06054
0.911 2.06054
0.912 -2.06247
0.912 2.06247
0.913 -2.0644
0.913 2.0644
0.914 -2.06633
0.914 2.06633
0.915 -2.06827
0.915 2.06827
0.916 -2.0702
0.916 2.0702
0.917 -2.07214
0.917 2.07214
0.918 -2.07408
0.918 2.07408
0.919 -2.07601
0.919 2.07601
0.92 -2.07795
0.92 2.07795
0.921 -2.07989
0.921 2.07989
0.922 -2.08183
0.922 2.08183
0.923 -2.08377
0.923 2.08377
0.924 -2.08572
0.924 2.08572
0.925 -2.08766
0.925 2.08766
0.926 -2.08961
0.926 2.08961
0.927 -2.09155
0.927 2.09155
0.928 -2.0935
0.928 2.0935
0.929 -2.09544
0.929 2.09544
0.93 -2.09739
0.93 2.09739
0.931 -2.09934
0.931 2.09934
0.932 -2.10129
0.932 2.10129
0.933 -2.10324
0.933 2.10324
0.934 -2.1052
0.934 2.1052
0.935 -2.10715
0.935 2.10715
0.936 -2.1091
0.936 2.1091
0.937 -2.11106
0.937 2.11106
0.938 -2.11301
0.938 2.11301
0.939 -2.11497
0.939 2.11497
0.94 -2.11693
0.94 2.11693
0.941 -2.11889
0.941 2.11889
0.942 -2.12085
0.942 2.12085
0.943 -2.12281
0.943 2.12281
0.944 -2.12477
0.944 2.12477
0.945 -2.12673
0.945 2.12673
0.946 -2.12869
0.946 2.12869
0.947 -2.13066
0.947 2.13066
0.948 -2.13262
0.948 2.13262
0.949 -2.13459
0.949 2.13459
0.95 -2.13656
0.95 2.13656
0.951 -2.13852
0.951 2.13852
0.952 -2.14049
0.952 2.14049
0.953 -2.14246
0.953 2.14246
0.954 -2.14443
0.954 2.14443
0.955 -2.14641
0.955 2.14641
0.956 -2.14838
0.956 2.14838
0.957 -2.15035
0.957 2.15035
0.958 -2.15233
0.958 2.15233
0.959 -2.1543
0.959 2.1543
0.96 -2.15628
0.96 2.15628
0.961 -2.15826
0.961 2.15826
0.962 -2.16023
0.962 2.16023
0.963 -2.16221
0.963 2.16221
0.964 -2.16419
0.964 2.16419
0.965 -2.16617
0.965 2.16617
0.966 -2.16816
0.966 2.16816
0.967 -2.17014
0.967 2.17014
0.968 -2.17212
0.968 2.17212
0.969 -2.17411
0.969 2.17411
0.97 -2.17609
0.97 2.17609
0.971 -2.17808
0.971 2.17808
0.972 -2.18006
0.972 2.18006
0.973 -2.18205
0.973 2.18205
0.974 -2.18404
0.974 2.18404
0.975 -2.18603
0.975 2.18603
0.976 -2.18802
0.976 2.18802
0.977 -2.19001
0.977 2.19001
0.978 -2.19201
0.978 2.19201
0.979 -2.194
0.979 2.194
0.98 -2.19599
0.98 2.19599
0.981 -2.19799
0.981 2.19799
0.982 -2.19999
0.982 2.19999
0.983 -2.20198
0.983 2.20198
0.984 -2.20398
0.984 2.20398
0.985 -2.20598
0.985 2.20598
0.986 -2.20798
0.986 2.20798
0.987 -2.20998
0.987 2.20998
0.988 -2.21198
0.988 2.21198
0.989 -2.21398
0.989 2.21398
0.99 -2.21599
0.99 2.21599
0.991 -2.21799
0.991 2.21799
0.992 -2.22
0.992 2.22
0.993 -2.222
0.993 2.222
0.994 -2.22401
0.994 2.22401
0.995 -2.22602
0.995 2.22602
0.996 -2.22803
0.996 2.22803
0.997 -2.23003
0.997 2.23003
0.998 -2.23204
0.998 2.23204
0.999 -2.23406
0.999 2.23406
1 -2.23607
1 2.23607
1.001 -2.23808
1.001 2.23808
1.002 -2.24009
1.002 2.24009
1.003 -2.24211
1.003 2.24211
1.004 -2.24412
1.004 2.24412
1.005 -2.24614
1.005 2.24614
1.006 -2.24816
1.006 2.24816
1.007 -2.25018
1.007 2.25018
1.008 -2.2522
1.008 2.2522
1.009 -2.25422
1.009 2.25422
1.01 -2.25624
1.01 2.25624
1.011 -2.25826
1.011 2.25826
1.012 -2.26028
1.012 2.26028
1.013 -2.2623
1.013 2.2623
1.014 -2.26433
1.014 2.26433
1.015 -2.26635
1.015 2.26635
1.016 -2.26838
1.016 2.26838
1.017 -2.27041
1.017 2.27041
1.018 -2.27243
1.018 2.27243
1.019 -2.27446
1.019 2.27446
1.02 -2.27649
1.02 2.27649
1.021 -2.27852
1.021 2.27852
1.022 -2.28055
1.022 2.28055
1.023 -2.28258
1.023 2.28258
1.024 -2.28462
1.024 2.28462
1.025 -2.28665
1.025 2.28665
1.026 -2.28868
1.026 2.28868
1.027 -2.29072
1.027 2.29072
1.028 -2.29276
1.028 2.29276
1.029 -2.29479
1.029 2.29479
1.03 -2.29683
1.03 2.29683
1.031 -2.29887
1.031 2.29887
1.032 -2.30091
1.032 2.30091
1.033 -2.30295
1.033 2.30295
1.034 -2.30499
1.034 2.30499
1.035 -2.30703
1.035 2.30703
1.036 -2.30907
1.036 2.30907
1.037 -2.31112
1.037 2.31112
1.038 -2.31316
1.038 2.31316
1.039 -2.31521
1.039 2.31521
1.04 -2.31725
1.04 2.31725
1.041 -2.3193
1.041 2.3193
1.042 -2.32135
1.042 2.32135
1.043 -2.3234
1.043 2.3234
1.044 -2.32545
1.044 2.32545
1.045 -2.3275
1.045 2.3275
1.046 -2.32955
1.046 2.32955
1.047 -2.3316
1.047 2.3316
1.048 -2.33365
1.048 2.33365
1.049 -2.33571
1.049 2.33571
1.05 -2.33776
1.05 2.33776
1.051 -2.33982
1.051 2.33982
1.052 -2.34187
1.052 2.34187
1.053 -2.34393
1.053 2.34393
1.054 -2.34599
1.054 2.34599
1.055 -2.34805
1.055 2.34805
1.056 -2.3501
1.056 2.3501
1.057 -2.35216
1.057 2.35216
1.058 -2.35423
1.058 2.35423
1.059 -2.35629
1.059 2.35629
1.06 -2.35835
1.06 2.35835
1.061 -2.36041
1.061 2.36041
1.062 -2.36248
1.062 2.36248
1.063 -2.36454
1.063 2.36454
1.064 -2.36661
1.064 2.36661
1.065 -2.36868
1.065 2.36868
1.066 -2.37074
1.066 2.37074
1.067 -2.37281
1.067 2.37281
1.068 -2.37488
1.068 2.37488
1.069 -2.37695
1.069 2.37695
1.07 -2.37902
1.07 2.37902
1.071 -2.38109
1.071 2.38109
1.072 -2.38317
1.072 2.38317
1.073 -2.38524
1.073 2.38524
1.074 -2.38731
1.074 2.38731
1.075 -2.38939
1.075 2.38939
1.076 -2.39146
1.076 2.39146
1.077 -2.39354
1.077 2.39354
1.078 -2.39562
1.078 2.39562
1.079 -2.39769
1.079 2.39769
1.08 -2.39977
1.08 2.39977
1.081 -2.40185
1.081 2.40185
1.082 -2.40393
1.082 2.40393
1.083 -2.40601
1.083 2.40601
1.084 -2.4081
1.084 2.4081
1.085 -2.41018
1.085 2.41018
1.086 -2.41226
1.086 2.41226
1.087 -2.41435
1.087 2.41435
1.088 -2.41643
1.088 2.41643
1.089 -2.41852
1.089 2.41852
1.09 -2.42061
1.09 2.42061
1.091 -2.42269
1.091 2.42269
1.092 -2.42478
1.092 2.42478
1.093 -2.42687
1.093 2.42687
1.094 -2.42896
1.094 2.42896
1.095 -2.43105
1.095 2.43105
1.096 -2.43314
1.096 2.43314
1.097 -2.43523
1.097 2.43523
1.098 -2.43733
1.098 2.43733
1.099 -2.43942
1.099 2.43942
1.1 -2.44152
1.1 2.44152
1.101 -2.44361
1.101 2.44361
1.102 -2.44571
1.102 2.44571
1.103 -2.4478
1.103 2.4478
1.104 -2.4499
1.104 2.4499
1.105 -2.452
1.105 2.452
1.106 -2.4541
1.106 2.4541
1.107 -2.4562
1.107 2.4562
1.108 -2.4583
1.108 2.4583
1.109 -2.4604
1.109 2.4604
1.11 -2.46251
1.11 2.46251
1.111 -2.46461
1.111 2.46461
1.112 -2.46671
1.112 2.46671
1.113 -2.46882
1.113 2.46882
1.114 -2.47092
1.114 2.47092
1.115 -2.47303
1.115 2.47303
1.116 -2.47514
1.116 2.47514
1.117 -2.47724
1.117 2.47724
1.118 -2.47935
1.118 2.47935
1.119 -2.48146
1.119 2.48146
1.12 -2.48357
1.12 2.48357
1.121 -2.48568
1.121 2.48568
1.122 -2.48779
1.122 2.48779
1.123 -2.48991
1.123 2.48991
1.124 -2.49202
1.124 2.49202
1.125 -2.49413
1.125 2.49413
1.126 -2.49625
1.126 2.49625
1.127 -2.49836
1.127 2.49836
1.128 -2.50048
1.128 2.50048
1.129 -2.5026
1.129 2.5026
1.13 -2.50471
1.13 2.50471
1.131 -2.50683
1.131 2.50683
1.132 -2.50895
1.132 2.50895
1.133 -2.51107
1.133 2.51107
1.134 -2.51319
1.134 2.51319
1.135 -2.51532
1.135 2.51532
1.136 -2.51744
1.136 2.51744
1.137 -2.51956
1.137 2.51956
1.138 -2.52168
1.138 2.52168
1.139 -2.52381
1.139 2.52381
1.14 -2.52593
1.14 2.52593
1.141 -2.52806
1.141 2.52806
1.142 -2.53019
1.142 2.53019
1.143 -2.53231
1.143 2.53231
1.144 -2.53444
1.144 2.53444
1.145 -2.53657
1.145 2.53657
1.146 -2.5387
1.146 2.5387
1.147 -2.54083
1.147 2.54083
1.148 -2.54296
1.148 2.54296
1.149 -2.5451
1.149 2.5451
1.15 -2.54723
1.15 2.54723
1.151 -2.54936
1.151 2.54936
1.152 -2.5515
1.152 2.5515
1.153 -2.55363
1.153 2.55363
1.154 -2.55577
1.154 2.55577
1.155 -2.5579
1.155 2.5579
1.156 -2.56004
1.156 2.56004
1.157 -2.56218
1.157 2.56218
1.158 -2.56432
1.158 2.56432
1.159 -2.56646
1.159 2.56646
1.16 -2.5686
1.16 2.5686
1.161 -2.57074
1.161 2.57074
1.162 -2.57288
1.162 2.57288
1.163 -2.57502
1.163 2.57502
1.164 -2.57717
1.164 2.57717
1.165 -2.57931
1.165 2.57931
1.166 -2.58146
1.166 2.58146
1.167 -2.5836
1.167 2.5836
1.168 -2.58575
1.168 2.58575
1.169 -2.58789
1.169 2.58789
1.17 -2.59004
1.17 2.59004
1.171 -2.59219
1.171 2.59219
1.172 -2.59434
1.172 2.59434
1.173 -2.59649
1.173 2.59649
1.174 -2.59864
1.174 2.59864
1.175 -2.60079
1.175 2.60079
1.176 -2.60294
1.176 2.60294
1.177 -2.60509
1.177 2.60509
1.178 -2.60725
1.178 2.60725
1.179 -2.6094
1.179 2.6094
1.18 -2.61156
1.18 2.61156
1.181 -2.61371
1.181 2.61371
1.182 -2.61587
1.182 2.61587
1.183 -2.61803
1.183 2.61803
1.184 -2.62018
1.184 2.62018
1.185 -2.62234
1.185 2.62234
1.186 -2.6245
1.186 2.6245
1.187 -2.62666
1.187 2.62666
1.188 -2.62882
1.188 2.62882
1.189 -2.63098
1.189 2.63098
1.19 -2.63315
1.19 2.63315
1.191 -2.63531
1.191 2.63531
1.192 -2.63747
1.192 2.63747
1.193 -2.63964
1.193 2.63964
1.194 -2.6418
1.194 2.6418
1.195 -2.64397
1.195 2.64397
1.196 -2.64613
1.196 2.64613
1.197 -2.6483
1.197 2.6483
1.198 -2.65047
1.198 2.65047
1.199 -2.65264
1.199 2.65264
1.2 -2.65481
1.2 2.65481
1.201 -2.65698
1.201 2.65698
1.202 -2.65915
1.202 2.65915
1.203 -2.66132
1.203 2.66132
1.204 -2.66349
1.204 2.66349
1.205 -2.66566
1.205 2.66566
1.206 -2.66784
1.206 2.66784
1.207 -2.67001
1.207 2.67001
1.208 -2.67219
1.208 2.67219
1.209 -2.67436
1.209 2.67436
1.21 -2.67654
1.21 2.67654
1.211 -2.67872
1.211 2.67872
1.212 -2.68089
1.212 2.68089
1.213 -2.68307
1.213 2.68307
1.214 -2.68525
1.214 2.68525
1.215 -2.68743
1.215 2.68743
1.216 -2.68961
1.216 2.68961
1.217 -2.69179
1.217 2.69179
1.218 -2.69398
1.218 2.69398
1.219 -2.69616
1.219 2.69616
1.22 -2.69834
1.22 2.69834
1.221 -2.70053
1.221 2.70053
1.222 -2.70271
1.222 2.70271
1.223 -2.7049
1.223 2.7049
1.224 -2.70708
1.224 2.70708
1.225 -2.70927
1.225 2.70927
1.226 -2.71146
1.226 2.71146
1.227 -2.71365
1.227 2.71365
1.228 -2.71583
1.228 2.71583
1.229 -2.71802
1.229 2.71802
1.23 -2.72021
1.23 2.72021
1.231 -2.72241
1.231 2.72241
1.232 -2.7246
1.232 2.7246
1.233 -2.72679
1.233 2.72679
1.234 -2.72898
1.234 2.72898
1.235 -2.73118
1.235 2.73118
1.236 -2.73337
1.236 2.73337
1.237 -2.73557
1.237 2.73557
1.238 -2.73776
1.238 2.73776
1.239 -2.73996
1.239 2.73996
1.24 -2.74216
1.24 2.74216
1.241 -2.74435
1.241 2.74435
1.242 -2.74655
1.242 2.74655
1.243 -2.74875
1.243 2.74875
1.244 -2.75095
1.244 2.75095
1.245 -2.75315
1.245 2.75315
1.246 -2.75536
1.246 2.75536
1.247 -2.75756
1.247 2.75756
1.248 -2.75976
1.248 2.75976
1.249 -2.76196
1.249 2.76196
1.25 -2.76417
1.25 2.76417
1.251 -2.76637
1.251 2.76637
1.252 -2.76858
1.252 2.76858
1.253 -2.77078
1.253 2.77078
1.254 -2.77299
1.254 2.77299
1.255 -2.7752
1.255 2.7752
1.256 -2.77741
1.256 2.77741
1.257 -2.77962
1.257 2.77962
1.258 -2.78183
1.258 2.78183
1.259 -2.78404
1.259 2.78404
1.26 -2.78625
1.26 2.78625
1.261 -2.78846
1.261 2.78846
1.262 -2.79067
1.262 2.79067
1.263 -2.79288
1.263 2.79288
1.264 -2.7951
1.264 2.7951
1.265 -2.79731
1.265 2.79731
1.266 -2.79953
1.266 2.79953
1.267 -2.80174
1.267 2.80174
1.268 -2.80396
1.268 2.80396
1.269 -2.80618
1.269 2.80618
1.27 -2.8084
1.27 2.8084
1.271 -2.81061
1.271 2.81061
1.272 -2.81283
1.272 2.81283
1.273 -2.81505
1.273 2.81505
1.274 -2.81727
1.274 2.81727
1.275 -2.81949
1.275 2.81949
1.276 -2.82172
1.276 2.82172
1.277 -2.82394
1.277 2.82394
1.278 -2.82616
1.278 2.82616
1.279 -2.82839
1.279 2.82839
1.28 -2.83061
1.28 2.83061
1.281 -2.83283
1.281 2.83283
1.282 -2.83506
1.282 2.83506
1.283 -2.83729
1.283 2.83729
1.284 -2.83951
1.284 2.83951
1.285 -2.84174
1.285 2.84174
1.286 -2.84397
1.286 2.84397
1.287 -2.8462
1.287 2.8462
1.288 -2.84843
1.288 2.84843
1.289 -2.85066
1.289 2.85066
1.29 -2.85289
1.29 2.85289
1.291 -2.85512
1.291 2.85512
1.292 -2.85736
1.292 2.85736
1.293 -2.85959
1.293 2.85959
1.294 -2.86182
1.294 2.86182
1.295 -2.86406
1.295 2.86406
1.296 -2.86629
1.296 2.86629
1.297 -2.86853
1.297 2.86853
1.298 -2.87076
1.298 2.87076
1.299 -2.873
1.299 2.873
1.3 -2.87524
1.3 2.87524
1.301 -2.87748
1.301 2.87748
1.302 -2.87972
1.302 2.87972
1.303 -2.88196
1.303 2.88196
1.304 -2.8842
1.304 2.8842
1.305 -2.88644
1.305 2.88644
1.306 -2.88868
1.306 2.88868
1.307 -2.89092
1.307 2.89092
1.308 -2.89316
1.308 2.89316
1.309 -2.89541
1.309 2.89541
1.31 -2.89765
1.31 2.89765
1.311 -2.8999
1.311 2.8999
1.312 -2.90214
1.312 2.90214
1.313 -2.90439
1.313 2.90439
1.314 -2.90664
1.314 2.90664
1.315 -2.90888
1.315 2.90888
1.316 -2.91113
1.316 2.91113
1.317 -2.91338
1.317 2.91338
1.318 -2.91563
1.318 2.91563
1.319 -2.91788
1.319 2.91788
1.32 -2.92013
1.32 2.92013
1.321 -2.92238
1.321 2.92238
1.322 -2.92464
1.322 2.92464
1.323 -2.92689
1.323 2.92689
1.324 -2.92914
1.324 2.92914
1.325 -2.9314
1.325 2.9314
1.326 -2.93365
1.326 2.93365
1.327 -2.93591
1.327 2.93591
1.328 -2.93816
1.328 2.93816
1.329 -2.94042
1.329 2.94042
1.33 -2.94268
1.33 2.94268
1.331 -2.94493
1.331 2.94493
1.332 -2.94719
1.332 2.94719
1.333 -2.94945
1.333 2.94945
1.334 -2.95171
1.334 2.95171
1.335 -2.95397
1.335 2.95397
1.336 -2.95623
1.336 2.95623
1.337 -2.95849
1.337 2.95849
1.338 -2.96076
1.338 2.96076
1.339 -2.96302
1.339 2.96302
1.34 -2.96528
1.34 2.96528
1.341 -2.96755
1.341 2.96755
1.342 -2.96981
1.342 2.96981
1.343 -2.97208
1.343 2.97208
1.344 -2.97434
1.344 2.97434
1.345 -2.97661
1.345 2.97661
1.346 -2.97888
1.346 2.97888
1.347 -2.98115
1.347 2.98115
1.348 -2.98342
1.348 2.98342
1.349 -2.98568
1.349 2.98568
1.35 -2.98795
1.35 2.98795
1.351 -2.99023
1.351 2.99023
1.352 -2.9925
1.352 2.9925
1.353 -2.99477
1.353 2.99477
1.354 -2.99704
1.354 2.99704
1.355 -2.99931
1.355 2.99931
1.356 -3.00159
1.356 3.00159
1.357 -3.00386
1.357 3.00386
1.358 -3.00614
1.358 3.00614
1.359 -3.00841
1.359 3.00841
1.36 -3.01069
1.36 3.01069
1.361 -3.01297
1.361 3.01297
1.362 -3.01524
1.362 3.01524
1.363 -3.01752
1.363 3.01752
1.364 -3.0198
1.364 3.0198
1.365 -3.02208
1.365 3.02208
1.366 -3.02436
1.366 3.02436
1.367 -3.02664
1.367 3.02664
1.368 -3.02892
1.368 3.02892
1.369 -3.03121
1.369 3.03121
1.37 -3.03349
1.37 3.03349
1.371 -3.03577
1.371 3.03577
1.372 -3.03806
1.372 3.03806
1.373 -3.04034
1.373 3.04034
1.374 -3.04263
1.374 3.04263
1.375 -3.04491
1.375 3.04491
1.376 -3.0472
1.376 3.0472
1.377 -3.04948
1.377 3.04948
1.378 -3.05177
1.378 3.05177
1.379 -3.05406
1.379 3.05406
1.38 -3.05635
1.38 3.05635
1.381 -3.05864
1.381 3.05864
1.382 -3.06093
1.382 3.06093
1.383 -3.06322
1.383 3.06322
1.384 -3.06551
1.384 3.06551
1.385 -3.0678
1.385 3.0678
1.386 -3.0701
1.386 3.0701
1.387 -3.07239
1.387 3.07239
1.388 -3.07468
1.388 3.07468
1.389 -3.07698
1.389 3.07698
1.39 -3.07927
1.39 3.07927
1.391 -3.08157
1.391 3.08157
1.392 -3.08386
1.392 3.08386
1.393 -3.08616
1.393 3.08616
1.394 -3.08846
1.394 3.08846
1.395 -3.09076
1.395 3.09076
1.396 -3.09306
1.396 3.09306
1.397 -3.09536
1.397 3.09536
1.398 -3.09766
1.398 3.09766
1.399 -3.09996
1.399 3.09996
1.4 -3.10226
1.4 3.10226
1.401 -3.10456
1.401 3.10456
1.402 -3.10686
1.402 3.10686
1.403 -3.10916
1.403 3.10916
1.404 -3.11147
1.404 3.11147
1.405 -3.11377
1.405 3.11377
1.406 -3.11608
1.406 3.11608
1.407 -3.11838
1.407 3.11838
1.408 -3.12069
1.408 3.12069
1.409 -3.123
1.409 3.123
1.41 -3.1253
1.41 3.1253
1.411 -3.12761
1.411 3.12761
1.412 -3.12992
1.412 3.12992
1.413 -3.13223
1.413 3.13223
1.414 -3.13454
1.414 3.13454
1.415 -3.13685
1.415 3.13685
1.416 -3.13916
1.416 3.13916
1.417 -3.14147
1.417 3.14147
1.418 -3.14378
1.418 3.14378
1.419 -3.1461
1.419 3.1461
1.42 -3.14841
1.42 3.14841
1.421 -3.15072
1.421 3.15072
1.422 -3.15304
1.422 3.15304
1.423 -3.15535
1.423 3.15535
1.424 -3.15767
1.424 3.15767
1.425 -3.15999
1.425 3.15999
1.426 -3.1623
1.426 3.1623
1.427 -3.16462
1.427 3.16462
1.428 -3.16694
1.428 3.16694
1.429 -3.16926
1.429 3.16926
1.43 -3.17158
1.43 3.17158
1.431 -3.1739
1.431 3.1739
1.432 -3.17622
1.432 3.17622
1.433 -3.17854
1.433 3.17854
1.434 -3.18086
1.434 3.18086
1.435 -3.18318
1.435 3.18318
1.436 -3.18551
1.436 3.18551
1.437 -3.18783
1.437 3.18783
1.438 -3.19016
1.438 3.19016
1.439 -3.19248
1.439 3.19248
1.44 -3.19481
1.44 3.19481
1.441 -3.19713
1.441 3.19713
1.442 -3.19946
1.442 3.19946
1.443 -3.20179
1.443 3.20179
1.444 -3.20411
1.444 3.20411
1.445 -3.20644
1.445 3.20644
1.446 -3.20877
1.446 3.20877
1.447 -3.2111
1.447 3.2111
1.448 -3.21343
1.448 3.21343
1.449 -3.21576
1.449 3.21576
1.45 -3.21809
1.45 3.21809
1.451 -3.22043
1.451 3.22043
1.452 -3.22276
1.452 3.22276
1.453 -3.22509
1.453 3.22509
1.454 -3.22743
1.454 3.22743
1.455 -3.22976
1.455 3.22976
1.456 -3.23209
1.456 3.23209
1.457 -3.23443
1.457 3.23443
1.458 -3.23677
1.458 3.23677
1.459 -3.2391
1.459 3.2391
1.46 -3.24144
1.46 3.24144
1.461 -3.24378
1.461 3.24378
1.462 -3.24612
1.462 3.24612
1.463 -3.24846
1.463 3.24846
1.464 -3.2508
1.464 3.2508
1.465 -3.25314
1.465 3.25314
1.466 -3.25548
1.466 3.25548
1.467 -3.25782
1.467 3.25782
1.468 -3.26016
1.468 3.26016
1.469 -3.2625
1.469 3.2625
1.47 -3.26485
1.47 3.26485
1.471 -3.26719
1.471 3.26719
1.472 -3.26953
1.472 3.26953
1.473 -3.27188
1.473 3.27188
1.474 -3.27423
1.474 3.27423
1.475 -3.27657
1.475 3.27657
1.476 -3.27892
1.476 3.27892
1.477 -3.28127
1.477 3.28127
1.478 -3.28361
1.478 3.28361
1.479 -3.28596
1.479 3.28596
1.48 -3.28831
1.48 3.28831
1.481 -3.29066
1.481 3.29066
1.482 -3.29301
1.482 3.29301
1.483 -3.29536
1.483 3.29536
1.484 -3.29771
1.484 3.29771
1.485 -3.30007
1.485 3.30007
1.486 -3.30242
1.486 3.30242
1.487 -3.30477
1.487 3.30477
1.488 -3.30713
1.488 3.30713
1.489 -3.30948
1.489 3.30948
1.49 -3.31183
1.49 3.31183
1.491 -3.31419
1.491 3.31419
1.492 -3.31655
1.492 3.31655
1.493 -3.3189
1.493 3.3189
1.494 -3.32126
1.494 3.32126
1.495 -3.32362
1.495 3.32362
1.496 -3.32598
1.496 3.32598
1.497 -3.32834
1.497 3.32834
1.498 -3.3307
1.498 3.3307
1.499 -3.33306
1.499 3.33306
1.5 -3.33542
1.5 3.33542
1.501 -3.33778
1.501 3.33778
1.502 -3.34014
1.502 3.34014
1.503 -3.3425
1.503 3.3425
1.504 -3.34486
1.504 3.34486
1.505 -3.34723
1.505 3.34723
1.506 -3.34959
1.506 3.34959
1.507 -3.35196
1.507 3.35196
1.508 -3.35432
1.508 3.35432
1.509 -3.35669
1.509 3.35669
1.51 -3.35906
1.51 3.35906
1.511 -3.36142
1.511 3.36142
1.512 -3.36379
1.512 3.36379
1.513 -3.36616
1.513 3.36616
1.514 -3.36853
1.514 3.36853
1.515 -3.3709
1.515 3.3709
1.516 -3.37327
1.516 3.37327
1.517 -3.37564
1.517 3.37564
1.518 -3.37801
1.518 3.37801
1.519 -3.38038
1.519 3.38038
1.52 -3.38275
1.52 3.38275
1.521 -3.38512
1.521 3.38512
1.522 -3.3875
1.522 3.3875
1.523 -3.38987
1.523 3.38987
1.524 -3.39225
1.524 3.39225
1.525 -3.39462
1.525 3.39462
1.526 -3.397
1.526 3.397
1.527 -3.39937
1.527 3.39937
1.528 -3.40175
1.528 3.40175
1.529 -3.40413
1.529 3.40413
1.53 -3.40651
1.53 3.40651
1.531 -3.40888
1.531 3.40888
1.532 -3.41126
1.532 3.41126
1.533 -3.41364
1.533 3.41364
1.534 -3.41602
1.534 3.41602
1.535 -3.4184
1.535 3.4184
1.536 -3.42078
1.536 3.42078
1.537 -3.42317
1.537 3.42317
1.538 -3.42555
1.538 3.42555
1.539 -3.42793
1.539 3.42793
1.54 -3.43032
1.54 3.43032
1.541 -3.4327
1.541 3.4327
1.542 -3.43508
1.542 3.43508
1.543 -3.43747
1.543 3.43747
1.544 -3.43986
1.544 3.43986
1.545 -3.44224
1.545 3.44224
1.546 -3.44463
1.546 3.44463
1.547 -3.44702
1.547 3.44702
1.548 -3.4494
1.548 3.4494
1.549 -3.45179
1.549 3.45179
1.55 -3.45418
1.55 3.45418
1.551 -3.45657
1.551 3.45657
1.552 -3.45896
1.552 3.45896
1.553 -3.46135
1.553 3.46135
1.554 -3.46374
1.554 3.46374
1.555 -3.46614
1.555 3.46614
1.556 -3.46853
1.556 3.46853
1.557 -3.47092
1.557 3.47092
1.558 -3.47332
1.558 3.47332
1.559 -3.47571
1.559 3.47571
1.56 -3.47811
1.56 3.47811
1.561 -3.4805
1.561 3.4805
1.562 -3.4829
1.562 3.4829
1.563 -3.48529
1.563 3.48529
1.564 -3.48769
1.564 3.48769
1.565 -3.49009
1.565 3.49009
1.566 -3.49249
1.566 3.49249
1.567 -3.49488
1.567 3.49488
1.568 -3.49728
1.568 3.49728
1.569 -3.49968
1.569 3.49968
1.57 -3.50208
1.57 3.50208
1.571 -3.50449
1.571 3.50449
1.572 -3.50689
1.572 3.50689
1.573 -3.50929
1.573 3.50929
1.574 -3.51169
1.574 3.51169
1.575 -3.51409
1.575 3.51409
1.576 -3.5165
1.576 3.5165
1.577 -3.5189
1.577 3.5189
1.578 -3.52131
1.578 3.52131
1.579 -3.52371
1.579 3.52371
1.58 -3.52612
1.58 3.52612
1.581 -3.52853
1.581 3.52853
1.582 -3.53093
1.582 3.53093
1.583 -3.53334
1.583 3.53334
1.584 -3.53575
1.584 3.53575
1.585 -3.53816
1.585 3.53816
1.586 -3.54057
1.586 3.54057
1.587 -3.54298
1.587 3.54298
1.588 -3.54539
1.588 3.54539
1.589 -3.5478
1.589 3.5478
1.59 -3.55021
1.59 3.55021
1.591 -3.55262
1.591 3.55262
1.592 -3.55503
1.592 3.55503
1.593 -3.55745
1.593 3.55745
1.594 -3.55986
1.594 3.55986
1.595 -3.56227
1.595 3.56227
1.596 -3.56469
1.596 3.56469
1.597 -3.5671
1.597 3.5671
1.598 -3.56952
1.598 3.56952
1.599 -3.57194
1.599 3.57194
1.6 -3.57435
1.6 3.57435
1.601 -3.57677
1.601 3.57677
1.602 -3.57919
1.602 3.57919
1.603 -3.58161
1.603 3.58161
1.604 -3.58403
1.604 3.58403
1.605 -3.58645
1.605 3.58645
1.606 -3.58887
1.606 3.58887
1.607 -3.59129
1.607 3.59129
1.608 -3.59371
1.608 3.59371
1.609 -3.59613
1.609 3.59613
1.61 -3.59855
1.61 3.59855
1.611 -3.60098
1.611 3.60098
1.612 -3.6034
1.612 3.6034
1.613 -3.60582
1.613 3.60582
1.614 -3.60825
1.614 3.60825
1.615 -3.61067
1.615 3.61067
1.616 -3.6131
1.616 3.6131
1.617 -3.61552
1.617 3.61552
1.618 -3.61795
1.618 3.61795
1.619 -3.62038
1.619 3.62038
1.62 -3.62281
1.62 3.62281
1.621 -3.62524
1.621 3.62524
1.622 -3.62766
1.622 3.62766
1.623 -3.63009
1.623 3.63009
1.624 -3.63252
1.624 3.63252
1.625 -3.63495
1.625 3.63495
1.626 -3.63739
1.626 3.63739
1.627 -3.63982
1.627 3.63982
1.628 -3.64225
1.628 3.64225
1.629 -3.64468
1.629 3.64468
1.63 -3.64711
1.63 3.64711
1.631 -3.64955
1.631 3.64955
1.632 -3.65198
1.632 3.65198
1.633 -3.65442
1.633 3.65442
1.634 -3.65685
1.634 3.65685
1.635 -3.65929
1.635 3.65929
1.636 -3.66173
1.636 3.66173
1.637 -3.66416
1.637 3.66416
1.638 -3.6666
1.638 3.6666
1.639 -3.66904
1.639 3.66904
1.64 -3.67148
1.64 3.67148
1.641 -3.67392
1.641 3.67392
1.642 -3.67636
1.642 3.67636
1.643 -3.6788
1.643 3.6788
1.644 -3.68124
1.644 3.68124
1.645 -3.68368
1.645 3.68368
1.646 -3.68612
1.646 3.68612
1.647 -3.68856
1.647 3.68856
1.648 -3.69101
1.648 3.69101
1.649 -3.69345
1.649 3.69345
1.65 -3.69589
1.65 3.69589
1.651 -3.69834
1.651 3.69834
1.652 -3.70078
1.652 3.70078
1.653 -3.70323
1.653 3.70323
1.654 -3.70567
1.654 3.70567
1.655 -3.70812
1.655 3.70812
1.656 -3.71057
1.656 3.71057
1.657 -3.71302
1.657 3.71302
1.658 -3.71546
1.658 3.71546
1.659 -3.71791
1.659 3.71791
1.66 -3.72036
1.66 3.72036
1.661 -3.72281
1.661 3.72281
1.662 -3.72526
1.662 3.72526
1.663 -3.72771
1.663 3.72771
1.664 -3.73017
1.664 3.73017
1.665 -3.73262
1.665 3.73262
1.666 -3.73507
1.666 3.73507
1.667 -3.73752
1.667 3.73752
1.668 -3.73998
1.668 3.73998
1.669 -3.74243
1.669 3.74243
1.67 -3.74488
1.67 3.74488
1.671 -3.74734
1.671 3.74734
1.672 -3.7498
1.672 3.7498
1.673 -3.75225
1.673 3.75225
1.674 -3.75471
1.674 3.75471
1.675 -3.75717
1.675 3.75717
1.676 -3.75962
1.676 3.75962
1.677 -3.76208
1.677 3.76208
1.678 -3.76454
1.678 3.76454
1.679 -3.767
1.679 3.767
1.68 -3.76946
1.68 3.76946
1.681 -3.77192
1.681 3.77192
1.682 -3.77438
1.682 3.77438
1.683 -3.77684
1.683 3.77684
1.684 -3.77931
1.684 3.77931
1.685 -3.78177
1.685 3.78177
1.686 -3.78423
1.686 3.78423
1.687 -3.78669
1.687 3.78669
1.688 -3.78916
1.688 3.78916
1.689 -3.79162
1.689 3.79162
1.69 -3.79409
1.69 3.79409
1.691 -3.79655
1.691 3.79655
1.692 -3.79902
1.692 3.79902
1.693 -3.80149
1.693 3.80149
1.694 -3.80395
1.694 3.80395
1.695 -3.80642
1.695 3.80642
1.696 -3.80889
1.696 3.80889
1.697 -3.81136
1.697 3.81136
1.698 -3.81383
1.698 3.81383
1.699 -3.8163
1.699 3.8163
1.7 -3.81877
1.7 3.81877
1.701 -3.82124
1.701 3.82124
1.702 -3.82371
1.702 3.82371
1.703 -3.82618
1.703 3.82618
1.704 -3.82866
1.704 3.82866
1.705 -3.83113
1.705 3.83113
1.706 -3.8336
1.706 3.8336
1.707 -3.83608
1.707 3.83608
1.708 -3.83855
1.708 3.83855
1.709 -3.84103
1.709 3.84103
1.71 -3.8435
1.71 3.8435
1.711 -3.84598
1.711 3.84598
1.712 -3.84846
1.712 3.84846
1.713 -3.85093
1.713 3.85093
1.714 -3.85341
1.714 3.85341
1.715 -3.85589
1.715 3.85589
1.716 -3.85837
1.716 3.85837
1.717 -3.86085
1.717 3.86085
1.718 -3.86333
1.718 3.86333
1.719 -3.86581
1.719 3.86581
1.72 -3.86829
1.72 3.86829
1.721 -3.87077
1.721 3.87077
1.722 -3.87325
1.722 3.87325
1.723 -3.87573
1.723 3.87573
1.724 -3.87822
1.724 3.87822
1.725 -3.8807
1.725 3.8807
1.726 -3.88318
1.726 3.88318
1.727 -3.88567
1.727 3.88567
1.728 -3.88815
1.728 3.88815
1.729 -3.89064
1.729 3.89064
1.73 -3.89312
1.73 3.89312
1.731 -3.89561
1.731 3.89561
1.732 -3.8981
1.732 3.8981
1.733 -3.90059
1.733 3.90059
1.734 -3.90307
1.734 3.90307
1.735 -3.90556
1.735 3.90556
1.736 -3.90805
1.736 3.90805
1.737 -3.91054
1.737 3.91054
1.738 -3.91303
1.738 3.91303
1.739 -3.91552
1.739 3.91552
1.74 -3.91801
1.74 3.91801
1.741 -3.9205
1.741 3.9205
1.742 -3.923
1.742 3.923
1.743 -3.92549
1.743 3.92549
1.744 -3.92798
1.744 3.92798
1.745 -3.93048
1.745 3.93048
1.746 -3.93297
1.746 3.93297
1.747 -3.93547
1.747 3.93547
1.748 -3.93796
1.748 3.93796
1.749 -3.94046
1.749 3.94046
1.75 -3.94295
1.75 3.94295
1.751 -3.94545
1.751 3.94545
1.752 -3.94795
1.752 3.94795
1.753 -3.95044
1.753 3.95044
1.754 -3.95294
1.754 3.95294
1.755 -3.95544
1.755 3.95544
1.756 -3.95794
1.756 3.95794
1.757 -3.96044
1.757 3.96044
1.758 -3.96294
1.758 3.96294
1.759 -3.96544
1.759 3.96544
1.76 -3.96794
1.76 3.96794
1.761 -3.97045
1.761 3.97045
1.762 -3.97295
1.762 3.97295
1.763 -3.97545
1.763 3.97545
1.764 -3.97795
1.764 3.97795
1.765 -3.98046
1.765 3.98046
1.766 -3.98296
1.766 3.98296
1.767 -3.98547
1.767 3.98547
1.768 -3.98797
1.768 3.98797
1.769 -3.99048
1.769 3.99048
1.77 -3.99299
1.77 3.99299
1.771 -3.99549
1.771 3.99549
1.772 -3.998
1.772 3.998
1.773 -4.00051
1.773 4.00051
1.774 -4.00302
1.774 4.00302
1.775 -4.00553
1.775 4.00553
1.776 -4.00804
1.776 4.00804
1.777 -4.01055
1.777 4.01055
1.778 -4.01306
1.778 4.01306
1.779 -4.01557
1.779 4.01557
1.78 -4.01808
1.78 4.01808
1.781 -4.02059
1.781 4.02059
1.782 -4.0231
1.782 4.0231
1.783 -4.02562
1.783 4.02562
1.784 -4.02813
1.784 4.02813
1.785 -4.03064
1.785 4.03064
1.786 -4.03316
1.786 4.03316
1.787 -4.03567
1.787 4.03567
1.788 -4.03819
1.788 4.03819
1.789 -4.0407
1.789 4.0407
1.79 -4.04322
1.79 4.04322
1.791 -4.04574
1.791 4.04574
1.792 -4.04826
1.792 4.04826
1.793 -4.05077
1.793 4.05077
1.794 -4.05329
1.794 4.05329
1.795 -4.05581
1.795 4.05581
1.796 -4.05833
1.796 4.05833
1.797 -4.06085
1.797 4.06085
1.798 -4.06337
1.798 4.06337
1.799 -4.06589
1.799 4.06589
1.8 -4.06841
1.8 4.06841
1.801 -4.07094
1.801 4.07094
1.802 -4.07346
1.802 4.07346
1.803 -4.07598
1.803 4.07598
1.804 -4.07851
1.804 4.07851
1.805 -4.08103
1.805 4.08103
1.806 -4.08356
1.806 4.08356
1.807 -4.08608
1.807 4.08608
1.808 -4.08861
1.808 4.08861
1.809 -4.09113
1.809 4.09113
1.81 -4.09366
1.81 4.09366
1.811 -4.09619
1.811 4.09619
1.812 -4.09871
1.812 4.09871
1.813 -4.10124
1.813 4.10124
1.814 -4.10377
1.814 4.10377
1.815 -4.1063
1.815 4.1063
1.816 -4.10883
1.816 4.10883
1.817 -4.11136
1.817 4.11136
1.818 -4.11389
1.818 4.11389
1.819 -4.11642
1.819 4.11642
1.82 -4.11895
1.82 4.11895
1.821 -4.12148
1.821 4.12148
1.822 -4.12402
1.822 4.12402
1.823 -4.12655
1.823 4.12655
1.824 -4.12908
1.824 4.12908
1.825 -4.13162
1.825 4.13162
1.826 -4.13415
1.826 4.13415
1.827 -4.13669
1.827 4.13669
1.828 -4.13922
1.828 4.13922
1.829 -4.14176
1.829 4.14176
1.83 -4.1443
1.83 4.1443
1.831 -4.14683
1.831 4.14683
1.832 -4.14937
1.832 4.14937
1.833 -4.15191
1.833 4.15191
1.834 -4.15445
1.834 4.15445
1.835 -4.15699
1.835 4.15699
1.836 -4.15953
1.836 4.15953
1.837 -4.16207
1.837 4.16207
1.838 -4.16461
1.838 4.16461
1.839 -4.16715
1.839 4.16715
1.84 -4.16969
1.84 4.16969
1.841 -4.17223
1.841 4.17223
1.842 -4.17477
1.842 4.17477
1.843 -4.17732
1.843 4.17732
1.844 -4.17986
1.844 4.17986
1.845 -4.1824
1.845 4.1824
1.846 -4.18495
1.846 4.18495
1.847 -4.18749
1.847 4.18749
1.848 -4.19004
1.848 4.19004
1.849 -4.19258
1.849 4.19258
1.85 -4.19513
1.85 4.19513
1.851 -4.19768
1.851 4.19768
1.852 -4.20023
1.852 4.20023
1.853 -4.20277
1.853 4.20277
1.854 -4.20532
1.854 4.20532
1.855 -4.20787
1.855 4.20787
1.856 -4.21042
1.856 4.21042
1.857 -4.21297
1.857 4.21297
1.858 -4.21552
1.858 4.21552
1.859 -4.21807
1.859 4.21807
1.86 -4.22062
1.86 4.22062
1.861 -4.22317
1.861 4.22317
1.862 -4.22573
1.862 4.22573
1.863 -4.22828
1.863 4.22828
1.864 -4.23083
1.864 4.23083
1.865 -4.23339
1.865 4.23339
1.866 -4.23594
1.866 4.23594
1.867 -4.2385
1.867 4.2385
1.868 -4.24105
1.868 4.24105
1.869 -4.24361
1.869 4.24361
1.87 -4.24616
1.87 4.24616
1.871 -4.24872
1.871 4.24872
1.872 -4.25128
1.872 4.25128
1.873 -4.25384
1.873 4.25384
1.874 -4.25639
1.874 4.25639
1.875 -4.25895
1.875 4.25895
1.876 -4.26151
1.876 4.26151
1.877 -4.26407
1.877 4.26407
1.878 -4.26663
1.878 4.26663
1.879 -4.26919
1.879 4.26919
1.88 -4.27175
1.88 4.27175
1.881 -4.27431
1.881 4.27431
1.882 -4.27688
1.882 4.27688
1.883 -4.27944
1.883 4.27944
1.884 -4.282
1.884 4.282
1.885 -4.28457
1.885 4.28457
1.886 -4.28713
1.886 4.28713
1.887 -4.28969
1.887 4.28969
1.888 -4.29226
1.888 4.29226
1.889 -4.29482
1.889 4.29482
1.89 -4.29739
1.89 4.29739
1.891 -4.29996
1.891 4.29996
1.892 -4.30252
1.892 4.30252
1.893 -4.30509
1.893 4.30509
1.894 -4.30766
1.894 4.30766
1.895 -4.31023
1.895 4.31023
1.896 -4.3128
1.896 4.3128
1.897 -4.31537
1.897 4.31537
1.898 -4.31794
1.898 4.31794
1.899 -4.32051
1.899 4.32051
1.9 -4.32308
1.9 4.32308
1.901 -4.32565
1.901 4.32565
1.902 -4.32822
1.902 4.32822
1.903 -4.33079
1.903 4.33079
1.904 -4.33337
1.904 4.33337
1.905 -4.33594
1.905 4.33594
1.906 -4.33851
1.906 4.33851
1.907 -4.34109
1.907 4.34109
1.908 -4.34366
1.908 4.34366
1.909 -4.34624
1.909 4.34624
1.91 -4.34881
1.91 4.34881
1.911 -4.35139
1.911 4.35139
1.912 -4.35397
1.912 4.35397
1.913 -4.35654
1.913 4.35654
1.914 -4.35912
1.914 4.35912
1.915 -4.3617
1.915 4.3617
1.916 -4.36428
1.916 4.36428
1.917 -4.36686
1.917 4.36686
1.918 -4.36944
1.918 4.36944
1.919 -4.37202
1.919 4.37202
1.92 -4.3746
1.92 4.3746
1.921 -4.37718
1.921 4.37718
1.922 -4.37976
1.922 4.37976
1.923 -4.38234
1.923 4.38234
1.924 -4.38492
1.924 4.38492
1.925 -4.38751
1.925 4.38751
1.926 -4.39009
1.926 4.39009
1.927 -4.39267
1.927 4.39267
1.928 -4.39526
1.928 4.39526
1.929 -4.39784
1.929 4.39784
1.93 -4.40043
1.93 4.40043
1.931 -4.40301
1.931 4.40301
1.932 -4.4056
1.932 4.4056
1.933 -4.40819
1.933 4.40819
1.934 -4.41077
1.934 4.41077
1.935 -4.41336
1.935 4.41336
1.936 -4.41595
1.936 4.41595
1.937 -4.41854
1.937 4.41854
1.938 -4.42113
1.938 4.42113
1.939 -4.42372
1.939 4.42372
1.94 -4.42631
1.94 4.42631
1.941 -4.4289
1.941 4.4289
1.942 -4.43149
1.942 4.43149
1.943 -4.43408
1.943 4.43408
1.944 -4.43667
1.944 4.43667
1.945 -4.43926
1.945 4.43926
1.946 -4.44186
1.946 4.44186
1.947 -4.44445
1.947 4.44445
1.948 -4.44704
1.948 4.44704
1.949 -4.44964
1.949 4.44964
1.95 -4.45223
1.95 4.45223
1.951 -4.45483
1.951 4.45483
1.952 -4.45742
1.952 4.45742
1.953 -4.46002
1.953 4.46002
1.954 -4.46262
1.954 4.46262
1.955 -4.46521
1.955 4.46521
1.956 -4.46781
1.956 4.46781
1.957 -4.47041
1.957 4.47041
1.958 -4.47301
1.958 4.47301
1.959 -4.47561
1.959 4.47561
1.96 -4.47821
1.96 4.47821
1.961 -4.48081
1.961 4.48081
1.962 -4.48341
1.962 4.48341
1.963 -4.48601
1.963 4.48601
1.964 -4.48861
1.964 4.48861
1.965 -4.49121
1.965 4.49121
1.966 -4.49381
1.966 4.49381
1.967 -4.49642
1.967 4.49642
1.968 -4.49902
1.968 4.49902
1.969 -4.50162
1.969 4.50162
1.97 -4.50423
1.97 4.50423
1.971 -4.50683
1.971 4.50683
1.972 -4.50944
1.972 4.50944
1.973 -4.51204
1.973 4.51204
1.974 -4.51465
1.974 4.51465
1.975 -4.51726
1.975 4.51726
1.976 -4.51986
1.976 4.51986
1.977 -4.52247
1.977 4.52247
1.978 -4.52508
1.978 4.52508
1.979 -4.52769
1.979 4.52769
1.98 -4.5303
1.98 4.5303
1.981 -4.53291
1.981 4.53291
1.982 -4.53552
1.982 4.53552
1.983 -4.53813
1.983 4.53813
1.984 -4.54074
1.984 4.54074
1.985 -4.54335
1.985 4.54335
1.986 -4.54596
1.986 4.54596
1.987 -4.54857
1.987 4.54857
1.988 -4.55119
1.988 4.55119
1.989 -4.5538
1.989 4.5538
1.99 -4.55641
1.99 4.55641
1.991 -4.55903
1.991 4.55903
1.992 -4.56164
1.992 4.56164
1.993 -4.56426
1.993 4.56426
1.994 -4.56687
1.994 4.56687
1.995 -4.56949
1.995 4.56949
1.996 -4.5721
1.996 4.5721
1.997 -4.57472
1.997 4.57472
1.998 -4.57734
1.998 4.57734
1.999 -4.57996
1.999 4.57996
2 -4.58258
2 4.58258
2.001 -4.58519
2.001 4.58519
2.002 -4.58781
2.002 4.58781
2.003 -4.59043
2.003 4.59043
2.004 -4.59305
2.004 4.59305
2.005 -4.59567
2.005 4.59567
2.006 -4.5983
2.006 4.5983
2.007 -4.60092
2.007 4.60092
2.008 -4.60354
2.008 4.60354
2.009 -4.60616
2.009 4.60616
2.01 -4.60879
2.01 4.60879
2.011 -4.61141
2.011 4.61141
2.012 -4.61403
2.012 4.61403
2.013 -4.61666
2.013 4.61666
2.014 -4.61928
2.014 4.61928
2.015 -4.62191
2.015 4.62191
2.016 -4.62453
2.016 4.62453
2.017 -4.62716
2.017 4.62716
2.018 -4.62979
2.018 4.62979
2.019 -4.63241
2.019 4.63241
2.02 -4.63504
2.02 4.63504
2.021 -4.63767
2.021 4.63767
2.022 -4.6403
2.022 4.6403
2.023 -4.64293
2.023 4.64293
2.024 -4.64556
2.024 4.64556
2.025 -4.64819
2.025 4.64819
2.026 -4.65082
2.026 4.65082
2.027 -4.65345
2.027 4.65345
2.028 -4.65608
2.028 4.65608
2.029 -4.65871
2.029 4.65871
2.03 -4.66134
2.03 4.66134
2.031 -4.66398
2.031 4.66398
2.032 -4.66661
2.032 4.66661
2.033 -4.66924
2.033 4.66924
2.034 -4.67188
2.034 4.67188
2.035 -4.67451
2.035 4.67451
2.036 -4.67715
2.036 4.67715
2.037 -4.67978
2.037 4.67978
2.038 -4.68242
2.038 4.68242
2.039 -4.68506
2.039 4.68506
2.04 -4.68769
2.04 4.68769
2.041 -4.69033
2.041 4.69033
2.042 -4.69297
2.042 4.69297
2.043 -4.69561
2.043 4.69561
2.044 -4.69825
2.044 4.69825
2.045 -4.70088
2.045 4.70088
2.046 -4.70352
2.046 4.70352
2.047 -4.70616
2.047 4.70616
2.048 -4.70881
2.048 4.70881
2.049 -4.71145
2.049 4.71145
2.05 -4.71409
2.05 4.71409
2.051 -4.71673
2.051 4.71673
2.052 -4.71937
2.052 4.71937
2.053 -4.72202
2.053 4.72202
2.054 -4.72466
2.054 4.72466
2.055 -4.7273
2.055 4.7273
2.056 -4.72995
2.056 4.72995
2.057 -4.73259
2.057 4.73259
2.058 -4.73524
2.058 4.73524
2.059 -4.73788
2.059 4.73788
2.06 -4.74053
2.06 4.74053
2.061 -4.74318
2.061 4.74318
2.062 -4.74582
2.062 4.74582
2.063 -4.74847
2.063 4.74847
2.064 -4.75112
2.064 4.75112
2.065 -4.75377
2.065 4.75377
2.066 -4.75642
2.066 4.75642
2.067 -4.75907
2.067 4.75907
2.068 -4.76172
2.068 4.76172
2.069 -4.76437
2.069 4.76437
2.07 -4.76702
2.07 4.76702
2.071 -4.76967
2.071 4.76967
2.072 -4.77232
2.072 4.77232
2.073 -4.77497
2.073 4.77497
2.074 -4.77762
2.074 4.77762
2.075 -4.78028
2.075 4.78028
2.076 -4.78293
2.076 4.78293
2.077 -4.78558
2.077 4.78558
2.078 -4.78824
2.078 4.78824
2.079 -4.79089
2.079 4.79089
2.08 -4.79355
2.08 4.79355
2.081 -4.7962
2.081 4.7962
2.082 -4.79886
2.082 4.79886
2.083 -4.80152
2.083 4.80152
2.084 -4.80417
2.084 4.80417
2.085 -4.80683
2.085 4.80683
2.086 -4.80949
2.086 4.80949
2.087 -4.81215
2.087 4.81215
2.088 -4.81481
2.088 4.81481
2.089 -4.81747
2.089 4.81747
2.09 -4.82013
2.09 4.82013
2.091 -4.82279
2.091 4.82279
2.092 -4.82545
2.092 4.82545
2.093 -4.82811
2.093 4.82811
2.094 -4.83077
2.094 4.83077
2.095 -4.83343
2.095 4.83343
2.096 -4.8361
2.096 4.8361
2.097 -4.83876
2.097 4.83876
2.098 -4.84142
2.098 4.84142
2.099 -4.84409
2.099 4.84409
2.1 -4.84675
2.1 4.84675
2.101 -4.84942
2.101 4.84942
2.102 -4.85208
2.102 4.85208
2.103 -4.85475
2.103 4.85475
2.104 -4.85741
2.104 4.85741
2.105 -4.86008
2.105 4.86008
2.106 -4.86275
2.106 4.86275
2.107 -4.86542
2.107 4.86542
2.108 -4.86808
2.108 4.86808
2.109 -4.87075
2.109 4.87075
2.11 -4.87342
2.11 4.87342
2.111 -4.87609
2.111 4.87609
2.112 -4.87876
2.112 4.87876
2.113 -4.88143
2.113 4.88143
2.114 -4.8841
2.114 4.8841
2.115 -4.88677
2.115 4.88677
2.116 -4.88944
2.116 4.88944
2.117 -4.89212
2.117 4.89212
2.118 -4.89479
2.118 4.89479
2.119 -4.89746
2.119 4.89746
2.12 -4.90014
2.12 4.90014
2.121 -4.90281
2.121 4.90281
2.122 -4.90548
2.122 4.90548
2.123 -4.90816
2.123 4.90816
2.124 -4.91083
2.124 4.91083
2.125 -4.91351
2.125 4.91351
2.126 -4.91619
2.126 4.91619
2.127 -4.91886
2.127 4.91886
2.128 -4.92154
2.128 4.92154
2.129 -4.92422
2.129 4.92422
2.13 -4.9269
2.13 4.9269
2.131 -4.92957
2.131 4.92957
2.132 -4.93225
2.132 4.93225
2.133 -4.93493
2.133 4.93493
2.134 -4.93761
2.134 4.93761
2.135 -4.94029
2.135 4.94029
2.136 -4.94297
2.136 4.94297
2.137 -4.94565
2.137 4.94565
2.138 -4.94834
2.138 4.94834
2.139 -4.95102
2.139 4.95102
2.14 -4.9537
2.14 4.9537
2.141 -4.95638
2.141 4.95638
2.142 -4.95907
2.142 4.95907
2.143 -4.96175
2.143 4.96175
2.144 -4.96443
2.144 4.96443
2.145 -4.96712
2.145 4.96712
2.146 -4.9698
2.146 4.9698
2.147 -4.97249
2.147 4.97249
2.148 -4.97518
2.148 4.97518
2.149 -4.97786
2.149 4.97786
2.15 -4.98055
2.15 4.98055
2.151 -4.98324
2.151 4.98324
2.152 -4.98592
2.152 4.98592
2.153 -4.98861
2.153 4.98861
2.154 -4.9913
2.154 4.9913
2.155 -4.99399
2.155 4.99399
2.156 -4.99668
2.156 4.99668
2.157 -4.99937
2.157 4.99937
2.158 -5.00206
2.158 5.00206
2.159 -5.00475
2.159 5.00475
2.16 -5.00744
2.16 5.00744
2.161 -5.01014
2.161 5.01014
2.162 -5.01283
2.162 5.01283
2.163 -5.01552
2.163 5.01552
2.164 -5.01821
2.164 5.01821
2.165 -5.02091
2.165 5.02091
2.166 -5.0236
2.166 5.0236
2.167 -5.0263
2.167 5.0263
2.168 -5.02899
2.168 5.02899
2.169 -5.03169
2.169 5.03169
2.17 -5.03438
2.17 5.03438
2.171 -5.03708
2.171 5.03708
2.172 -5.03978
2.172 5.03978
2.173 -5.04247
2.173 5.04247
2.174 -5.04517
2.174 5.04517
2.175 -5.04787
2.175 5.04787
2.176 -5.05057
2.176 5.05057
2.177 -5.05327
2.177 5.05327
2.178 -5.05597
2.178 5.05597
2.179 -5.05867
2.179 5.05867
2.18 -5.06137
2.18 5.06137
2.181 -5.06407
2.181 5.06407
2.182 -5.06677
2.182 5.06677
2.183 -5.06947
2.183 5.06947
2.184 -5.07217
2.184 5.07217
2.185 -5.07488
2.185 5.07488
2.186 -5.07758
2.186 5.07758
2.187 -5.08028
2.187 5.08028
2.188 -5.08299
2.188 5.08299
2.189 -5.08569
2.189 5.08569
2.19 -5.08839
2.19 5.08839
2.191 -5.0911
2.191 5.0911
2.192 -5.09381
2.192 5.09381
2.193 -5.09651
2.193 5.09651
2.194 -5.09922
2.194 5.09922
2.195 -5.10193
2.195 5.10193
2.196 -5.10463
2.196 5.10463
2.197 -5.10734
2.197 5.10734
2.198 -5.11005
2.198 5.11005
2.199 -5.11276
2.199 5.11276
2.2 -5.11547
2.2 5.11547
2.201 -5.11818
2.201 5.11818
2.202 -5.12089
2.202 5.12089
2.203 -5.1236
2.203 5.1236
2.204 -5.12631
2.204 5.12631
2.205 -5.12902
2.205 5.12902
2.206 -5.13173
2.206 5.13173
2.207 -5.13444
2.207 5.13444
2.208 -5.13716
2.208 5.13716
2.209 -5.13987
2.209 5.13987
2.21 -5.14258
2.21 5.14258
2.211 -5.1453
2.211 5.1453
2.212 -5.14801
2.212 5.14801
2.213 -5.15073
2.213 5.15073
2.214 -5.15344
2.214 5.15344
2.215 -5.15616
2.215 5.15616
2.216 -5.15887
2.216 5.15887
2.217 -5.16159
2.217 5.16159
2.218 -5.16431
2.218 5.16431
2.219 -5.16703
2.219 5.16703
2.22 -5.16974
2.22 5.16974
2.221 -5.17246
2.221 5.17246
2.222 -5.17518
2.222 5.17518
2.223 -5.1779
2.223 5.1779
2.224 -5.18062
2.224 5.18062
2.225 -5.18334
2.225 5.18334
2.226 -5.18606
2.226 5.18606
2.227 -5.18878
2.227 5.18878
2.228 -5.1915
2.228 5.1915
2.229 -5.19423
2.229 5.19423
2.23 -5.19695
2.23 5.19695
2.231 -5.19967
2.231 5.19967
2.232 -5.20239
2.232 5.20239
2.233 -5.20512
2.233 5.20512
2.234 -5.20784
2.234 5.20784
2.235 -5.21057
2.235 5.21057
2.236 -5.21329
2.236 5.21329
2.237 -5.21602
2.237 5.21602
2.238 -5.21874
2.238 5.21874
2.239 -5.22147
2.239 5.22147
2.24 -5.2242
2.24 5.2242
2.241 -5.22692
2.241 5.22692
2.242 -5.22965
2.242 5.22965
2.243 -5.23238
2.243 5.23238
2.244 -5.23511
2.244 5.23511
2.245 -5.23784
2.245 5.23784
2.246 -5.24057
2.246 5.24057
2.247 -5.2433
2.247 5.2433
2.248 -5.24603
2.248 5.24603
2.249 -5.24876
2.249 5.24876
2.25 -5.25149
2.25 5.25149
2.251 -5.25422
2.251 5.25422
2.252 -5.25695
2.252 5.25695
2.253 -5.25968
2.253 5.25968
2.254 -5.26242
2.254 5.26242
2.255 -5.26515
2.255 5.26515
2.256 -5.26788
2.256 5.26788
2.257 -5.27062
2.257 5.27062
2.258 -5.27335
2.258 5.27335
2.259 -5.27609
2.259 5.27609
2.26 -5.27882
2.26 5.27882
2.261 -5.28156
2.261 5.28156
2.262 -5.2843
2.262 5.2843
2.263 -5.28703
2.263 5.28703
2.264 -5.28977
2.264 5.28977
2.265 -5.29251
2.265 5.29251
2.266 -5.29525
2.266 5.29525
2.267 -5.29798
2.267 5.29798
2.268 -5.30072
2.268 5.30072
2.269 -5.30346
2.269 5.30346
2.27 -5.3062
2.27 5.3062
2.271 -5.30894
2.271 5.30894
2.272 -5.31168
2.272 5.31168
2.273 -5.31442
2.273 5.31442
2.274 -5.31717
2.274 5.31717
2.275 -5.31991
2.275 5.31991
2.276 -5.32265
2.276 5.32265
2.277 -5.32539
2.277 5.32539
2.278 -5.32814
2.278 5.32814
2.279 -5.33088
2.279 5.33088
2.28 -5.33362
2.28 5.33362
2.281 -5.33637
2.281 5.33637
2.282 -5.33911
2.282 5.33911
2.283 -5.34186
2.283 5.34186
2.284 -5.34461
2.284 5.34461
2.285 -5.34735
2.285 5.34735
2.286 -5.3501
2.286 5.3501
2.287 -5.35285
2.287 5.35285
2.288 -5.35559
2.288 5.35559
2.289 -5.35834
2.289 5.35834
2.29 -5.36109
2.29 5.36109
2.291 -5.36384
2.291 5.36384
2.292 -5.36659
2.292 5.36659
2.293 -5.36934
2.293 5.36934
2.294 -5.37209
2.294 5.37209
2.295 -5.37484
2.295 5.37484
2.296 -5.37759
2.296 5.37759
2.297 -5.38034
2.297 5.38034
2.298 -5.38309
2.298 5.38309
2.299 -5.38585
2.299 5.38585
2.3 -5.3886
2.3 5.3886
2.301 -5.39135
2.301 5.39135
2.302 -5.39411
2.302 5.39411
2.303 -5.39686
2.303 5.39686
2.304 -5.39961
2.304 5.39961
2.305 -5.40237
2.305 5.40237
2.306 -5.40513
2.306 5.40513
2.307 -5.40788
2.307 5.40788
2.308 -5.41064
2.308 5.41064
2.309 -5.41339
2.309 5.41339
2.31 -5.41615
2.31 5.41615
2.311 -5.41891
2.311 5.41891
2.312 -5.42167
2.312 5.42167
2.313 -5.42442
2.313 5.42442
2.314 -5.42718
2.314 5.42718
2.315 -5.42994
2.315 5.42994
2.316 -5.4327
2.316 5.4327
2.317 -5.43546
2.317 5.43546
2.318 -5.43822
2.318 5.43822
2.319 -5.44098
2.319 5.44098
2.32 -5.44375
2.32 5.44375
2.321 -5.44651
2.321 5.44651
2.322 -5.44927
2.322 5.44927
2.323 -5.45203
2.323 5.45203
2.324 -5.4548
2.324 5.4548
2.325 -5.45756
2.325 5.45756
2.326 -5.46032
2.326 5.46032
2.327 -5.46309
2.327 5.46309
2.328 -5.46585
2.328 5.46585
2.329 -5.46862
2.329 5.46862
2.33 -5.47138
2.33 5.47138
2.331 -5.47415
2.331 5.47415
2.332 -5.47692
2.332 5.47692
2.333 -5.47968
2.333 5.47968
2.334 -5.48245
2.334 5.48245
2.335 -5.48522
2.335 5.48522
2.336 -5.48799
2.336 5.48799
2.337 -5.49076
2.337 5.49076
2.338 -5.49352
2.338 5.49352
2.339 -5.49629
2.339 5.49629
2.34 -5.49906
2.34 5.49906
2.341 -5.50183
2.341 5.50183
2.342 -5.50461
2.342 5.50461
2.343 -5.50738
2.343 5.50738
2.344 -5.51015
2.344 5.51015
2.345 -5.51292
2.345 5.51292
2.346 -5.51569
2.346 5.51569
2.347 -5.51847
2.347 5.51847
2.348 -5.52124
2.348 5.52124
2.349 -5.52401
2.349 5.52401
2.35 -5.52679
2.35 5.52679
2.351 -5.52956
2.351 5.52956
2.352 -5.53234
2.352 5.53234
2.353 -5.53511
2.353 5.53511
2.354 -5.53789
2.354 5.53789
2.355 -5.54066
2.355 5.54066
2.356 -5.54344
2.356 5.54344
2.357 -5.54622
2.357 5.54622
2.358 -5.549
2.358 5.549
2.359 -5.55177
2.359 5.55177
2.36 -5.55455
2.36 5.55455
2.361 -5.55733
2.361 5.55733
2.362 -5.56011
2.362 5.56011
2.363 -5.56289
2.363 5.56289
2.364 -5.56567
2.364 5.56567
2.365 -5.56845
2.365 5.56845
2.366 -5.57123
2.366 5.57123
2.367 -5.57401
2.367 5.57401
2.368 -5.5768
2.368 5.5768
2.369 -5.57958
2.369 5.57958
2.37 -5.58236
2.37 5.58236
2.371 -5.58514
2.371 5.58514
2.372 -5.58793
2.372 5.58793
2.373 -5.59071
2.373 5.59071
2.374 -5.5935
2.374 5.5935
2.375 -5.59628
2.375 5.59628
2.376 -5.59907
2.376 5.59907
2.377 -5.60185
2.377 5.60185
2.378 -5.60464
2.378 5.60464
2.379 -5.60742
2.379 5.60742
2.38 -5.61021
2.38 5.61021
2.381 -5.613
2.381 5.613
2.382 -5.61579
2.382 5.61579
2.383 -5.61857
2.383 5.61857
2.384 -5.62136
2.384 5.62136
2.385 -5.62415
2.385 5.62415
2.386 -5.62694
2.386 5.62694
2.387 -5.62973
2.387 5.62973
2.388 -5.63252
2.388 5.63252
2.389 -5.63531
2.389 5.63531
2.39 -5.6381
2.39 5.6381
2.391 -5.6409
2.391 5.6409
2.392 -5.64369
2.392 5.64369
2.393 -5.64648
2.393 5.64648
2.394 -5.64927
2.394 5.64927
2.395 -5.65207
2.395 5.65207
2.396 -5.65486
2.396 5.65486
2.397 -5.65765
2.397 5.65765
2.398 -5.66045
2.398 5.66045
2.399 -5.66324
2.399 5.66324
2.4 -5.66604
2.4 5.66604
2.401 -5.66883
2.401 5.66883
2.402 -5.67163
2.402 5.67163
2.403 -5.67443
2.403 5.67443
2.404 -5.67722
2.404 5.67722
2.405 -5.68002
2.405 5.68002
2.406 -5.68282
2.406 5.68282
2.407 -5.68562
2.407 5.68562
2.408 -5.68842
2.408 5.68842
2.409 -5.69122
2.409 5.69122
2.41 -5.69402
2.41 5.69402
2.411 -5.69682
2.411 5.69682
2.412 -5.69962
2.412 5.69962
2.413 -5.70242
2.413 5.70242
2.414 -5.70522
2.414 5.70522
2.415 -5.70802
2.415 5.70802
2.416 -5.71082
2.416 5.71082
2.417 -5.71363
2.417 5.71363
2.418 -5.71643
2.418 5.71643
2.419 -5.71923
2.419 5.71923
2.42 -5.72204
2.42 5.72204
2.421 -5.72484
2.421 5.72484
2.422 -5.72764
2.422 5.72764
2.423 -5.73045
2.423 5.73045
2.424 -5.73325
2.424 5.73325
2.425 -5.73606
2.425 5.73606
2.426 -5.73887
2.426 5.73887
2.427 -5.74167
2.427 5.74167
2.428 -5.74448
2.428 5.74448
2.429 -5.74729
2.429 5.74729
2.43 -5.7501
2.43 5.7501
2.431 -5.7529
2.431 5.7529
2.432 -5.75571
2.432 5.75571
2.433 -5.75852
2.433 5.75852
2.434 -5.76133
2.434 5.76133
2.435 -5.76414
2.435 5.76414
2.436 -5.76695
2.436 5.76695
2.437 -5.76976
2.437 5.76976
2.438 -5.77258
2.438 5.77258
2.439 -5.77539
2.439 5.77539
2.44 -5.7782
2.44 5.7782
2.441 -5.78101
2.441 5.78101
2.442 -5.78382
2.442 5.78382
2.443 -5.78664
2.443 5.78664
2.444 -5.78945
2.444 5.78945
2.445 -5.79227
2.445 5.79227
2.446 -5.79508
2.446 5.79508
2.447 -5.7979
2.447 5.7979
2.448 -5.80071
2.448 5.80071
2.449 -5.80353
2.449 5.80353
2.45 -5.80634
2.45 5.80634
2.451 -5.80916
2.451 5.80916
2.452 -5.81198
2.452 5.81198
2.453 -5.81479
2.453 5.81479
2.454 -5.81761
2.454 5.81761
2.455 -5.82043
2.455 5.82043
2.456 -5.82325
2.456 5.82325
2.457 -5.82607
2.457 5.82607
2.458 -5.82889
2.458 5.82889
2.459 -5.83171
2.459 5.83171
2.46 -5.83453
2.46 5.83453
2.461 -5.83735
2.461 5.83735
2.462 -5.84017
2.462 5.84017
2.463 -5.84299
2.463 5.84299
2.464 -5.84582
2.464 5.84582
2.465 -5.84864
2.465 5.84864
2.466 -5.85146
2.466 5.85146
2.467 -5.85428
2.467 5.85428
2.468 -5.85711
2.468 5.85711
2.469 -5.85993
2.469 5.85993
2.47 -5.86276
2.47 5.86276
2.471 -5.86558
2.471 5.86558
2.472 -5.86841
2.472 5.86841
2.473 -5.87123
2.473 5.87123
2.474 -5.87406
2.474 5.87406
2.475 -5.87689
2.475 5.87689
2.476 -5.87971
2.476 5.87971
2.477 -5.88254
2.477 5.88254
2.478 -5.88537
2.478 5.88537
2.479 -5.8882
2.479 5.8882
2.48 -5.89103
2.48 5.89103
2.481 -5.89386
2.481 5.89386
2.482 -5.89669
2.482 5.89669
2.483 -5.89952
2.483 5.89952
2.484 -5.90235
2.484 5.90235
2.485 -5.90518
2.485 5.90518
2.486 -5.90801
2.486 5.90801
2.487 -5.91084
2.487 5.91084
2.488 -5.91367
2.488 5.91367
2.489 -5.9165
2.489 5.9165
2.49 -5.91934
2.49 5.91934
2.491 -5.92217
2.491 5.92217
2.492 -5.925
2.492 5.925
2.493 -5.92784
2.493 5.92784
2.494 -5.93067
2.494 5.93067
2.495 -5.93351
2.495 5.93351
2.496 -5.93634
2.496 5.93634
2.497 -5.93918
2.497 5.93918
2.498 -5.94201
2.498 5.94201
2.499 -5.94485
2.499 5.94485
2.5 -5.94769
2.5 5.94769
2.501 -5.95053
2.501 5.95053
2.502 -5.95336
2.502 5.95336
2.503 -5.9562
2.503 5.9562
2.504 -5.95904
2.504 5.95904
2.505 -5.96188
2.505 5.96188
2.506 -5.96472
2.506 5.96472
2.507 -5.96756
2.507 5.96756
2.508 -5.9704
2.508 5.9704
2.509 -5.97324
2.509 5.97324
2.51 -5.97608
2.51 5.97608
2.511 -5.97892
2.511 5.97892
2.512 -5.98177
2.512 5.98177
2.513 -5.98461
2.513 5.98461
2.514 -5.98745
2.514 5.98745
2.515 -5.99029
2.515 5.99029
2.516 -5.99314
2.516 5.99314
2.517 -5.99598
2.517 5.99598
2.518 -5.99883
2.518 5.99883
2.519 -6.00167
2.519 6.00167
2.52 -6.00452
2.52 6.00452
2.521 -6.00736
2.521 6.00736
2.522 -6.01021
2.522 6.01021
2.523 -6.01305
2.523 6.01305
2.524 -6.0159
2.524 6.0159
2.525 -6.01875
2.525 6.01875
2.526 -6.0216
2.526 6.0216
2.527 -6.02444
2.527 6.02444
2.528 -6.02729
2.528 6.02729
2.529 -6.03014
2.529 6.03014
2.53 -6.03299
2.53 6.03299
2.531 -6.03584
2.531 6.03584
2.532 -6.03869
2.532 6.03869
2.533 -6.04154
2.533 6.04154
2.534 -6.04439
2.534 6.04439
2.535 -6.04724
2.535 6.04724
2.536 -6.0501
2.536 6.0501
2.537 -6.05295
2.537 6.05295
2.538 -6.0558
2.538 6.0558
2.539 -6.05865
2.539 6.05865
2.54 -6.06151
2.54 6.06151
2.541 -6.06436
2.541 6.06436
2.542 -6.06721
2.542 6.06721
2.543 -6.07007
2.543 6.07007
2.544 -6.07292
2.544 6.07292
2.545 -6.07578
2.545 6.07578
2.546 -6.07864
2.546 6.07864
2.547 -6.08149
2.547 6.08149
2.548 -6.08435
2.548 6.08435
2.549 -6.08721
2.549 6.08721
2.55 -6.09006
2.55 6.09006
2.551 -6.09292
2.551 6.09292
2.552 -6.09578
2.552 6.09578
2.553 -6.09864
2.553 6.09864
2.554 -6.1015
2.554 6.1015
2.555 -6.10436
2.555 6.10436
2.556 -6.10722
2.556 6.10722
2.557 -6.11008
2.557 6.11008
2.558 -6.11294
2.558 6.11294
2.559 -6.1158
2.559 6.1158
2.56 -6.11866
2.56 6.11866
2.561 -6.12152
2.561 6.12152
2.562 -6.12439
2.562 6.12439
2.563 -6.12725
2.563 6.12725
2.564 -6.13011
2.564 6.13011
2.565 -6.13298
2.565 6.13298
2.566 -6.13584
2.566 6.13584
2.567 -6.1387
2.567 6.1387
2.568 -6.14157
2.568 6.14157
2.569 -6.14443
2.569 6.14443
2.57 -6.1473
2.57 6.1473
2.571 -6.15017
2.571 6.15017
2.572 -6.15303
2.572 6.15303
2.573 -6.1559
2.573 6.1559
2.574 -6.15877
2.574 6.15877
2.575 -6.16163
2.575 6.16163
2.576 -6.1645
2.576 6.1645
2.577 -6.16737
2.577 6.16737
2.578 -6.17024
2.578 6.17024
2.579 -6.17311
2.579 6.17311
2.58 -6.17598
2.58 6.17598
2.581 -6.17885
2.581 6.17885
2.582 -6.18172
2.582 6.18172
2.583 -6.18459
2.583 6.18459
2.584 -6.18746
2.584 6.18746
2.585 -6.19033
2.585 6.19033
2.586 -6.19321
2.586 6.19321
2.587 -6.19608
2.587 6.19608
2.588 -6.19895
2.588 6.19895
2.589 -6.20182
2.589 6.20182
2.59 -6.2047
2.59 6.2047
2.591 -6.20757
2.591 6.20757
2.592 -6.21045
2.592 6.21045
2.593 -6.21332
2.593 6.21332
2.594 -6.2162
2.594 6.2162
2.595 -6.21907
2.595 6.21907
2.596 -6.22195
2.596 6.22195
2.597 -6.22483
2.597 6.22483
2.598 -6.2277
2.598 6.2277
2.599 -6.23058
2.599 6.23058
2.6 -6.23346
2.6 6.23346
2.601 -6.23634
2.601 6.23634
2.602 -6.23921
2.602 6.23921
2.603 -6.24209
2.603 6.24209
2.604 -6.24497
2.604 6.24497
2.605 -6.24785
2.605 6.24785
2.606 -6.25073
2.606 6.25073
2.607 -6.25361
2.607 6.25361
2.608 -6.2565
2.608 6.2565
2.609 -6.25938
2.609 6.25938
2.61 -6.26226
2.61 6.26226
2.611 -6.26514
2.611 6.26514
2.612 -6.26802
2.612 6.26802
2.613 -6.27091
2.613 6.27091
2.614 -6.27379
2.614 6.27379
2.615 -6.27667
2.615 6.27667
2.616 -6.27956
2.616 6.27956
2.617 -6.28244
2.617 6.28244
2.618 -6.28533
2.618 6.28533
2.619 -6.28821
2.619 6.28821
2.62 -6.2911
2.62 6.2911
2.621 -6.29399
2.621 6.29399
2.622 -6.29687
2.622 6.29687
2.623 -6.29976
2.623 6.29976
2.624 -6.30265
2.624 6.30265
2.625 -6.30553
2.625 6.30553
2.626 -6.30842
2.626 6.30842
2.627 -6.31131
2.627 6.31131
2.628 -6.3142
2.628 6.3142
2.629 -6.31709
2.629 6.31709
2.63 -6.31998
2.63 6.31998
2.631 -6.32287
2.631 6.32287
2.632 -6.32576
2.632 6.32576
2.633 -6.32865
2.633 6.32865
2.634 -6.33154
2.634 6.33154
2.635 -6.33444
2.635 6.33444
2.636 -6.33733
2.636 6.33733
2.637 -6.34022
2.637 6.34022
2.638 -6.34311
2.638 6.34311
2.639 -6.34601
2.639 6.34601
2.64 -6.3489
2.64 6.3489
2.641 -6.3518
2.641 6.3518
2.642 -6.35469
2.642 6.35469
2.643 -6.35759
2.643 6.35759
2.644 -6.36048
2.644 6.36048
2.645 -6.36338
2.645 6.36338
2.646 -6.36627
2.646 6.36627
2.647 -6.36917
2.647 6.36917
2.648 -6.37207
2.648 6.37207
2.649 -6.37496
2.649 6.37496
2.65 -6.37786
2.65 6.37786
2.651 -6.38076
2.651 6.38076
2.652 -6.38366
2.652 6.38366
2.653 -6.38656
2.653 6.38656
2.654 -6.38946
2.654 6.38946
2.655 -6.39236
2.655 6.39236
2.656 -6.39526
2.656 6.39526
2.657 -6.39816
2.657 6.39816
2.658 -6.40106
2.658 6.40106
2.659 -6.40396
2.659 6.40396
2.66 -6.40686
2.66 6.40686
2.661 -6.40977
2.661 6.40977
2.662 -6.41267
2.662 6.41267
2.663 -6.41557
2.663 6.41557
2.664 -6.41847
2.664 6.41847
2.665 -6.42138
2.665 6.42138
2.666 -6.42428
2.666 6.42428
2.667 -6.42719
2.667 6.42719
2.668 -6.43009
2.668 6.43009
2.669 -6.433
2.669 6.433
2.67 -6.4359
2.67 6.4359
2.671 -6.43881
2.671 6.43881
2.672 -6.44172
2.672 6.44172
2.673 -6.44462
2.673 6.44462
2.674 -6.44753
2.674 6.44753
2.675 -6.45044
2.675 6.45044
2.676 -6.45335
2.676 6.45335
2.677 -6.45626
2.677 6.45626
2.678 -6.45917
2.678 6.45917
2.679 -6.46208
2.679 6.46208
2.68 -6.46499
2.68 6.46499
2.681 -6.4679
2.681 6.4679
2.682 -6.47081
2.682 6.47081
2.683 -6.47372
2.683 6.47372
2.684 -6.47663
2.684 6.47663
2.685 -6.47954
2.685 6.47954
2.686 -6.48245
2.686 6.48245
2.687 -6.48537
2.687 6.48537
2.688 -6.48828
2.688 6.48828
2.689 -6.49119
2.689 6.49119
2.69 -6.49411
2.69 6.49411
2.691 -6.49702
2.691 6.49702
2.692 -6.49993
2.692 6.49993
2.693 -6.50285
2.693 6.50285
2.694 -6.50577
2.694 6.50577
2.695 -6.50868
2.695 6.50868
2.696 -6.5116
2.696 6.5116
2.697 -6.51451
2.697 6.51451
2.698 -6.51743
2.698 6.51743
2.699 -6.52035
2.699 6.52035
2.7 -6.52327
2.7 6.52327
2.701 -6.52618
2.701 6.52618
2.702 -6.5291
2.702 6.5291
2.703 -6.53202
2.703 6.53202
2.704 -6.53494
2.704 6.53494
2.705 -6.53786
2.705 6.53786
2.706 -6.54078
2.706 6.54078
2.707 -6.5437
2.707 6.5437
2.708 -6.54662
2.708 6.54662
2.709 -6.54954
2.709 6.54954
2.71 -6.55247
2.71 6.55247
2.711 -6.55539
2.711 6.55539
2.712 -6.55831
2.712 6.55831
2.713 -6.56123
2.713 6.56123
2.714 -6.56416
2.714 6.56416
2.715 -6.56708
2.715 6.56708
2.716 -6.57
2.716 6.57
2.717 -6.57293
2.717 6.57293
2.718 -6.57585
2.718 6.57585
2.719 -6.57878
2.719 6.57878
2.72 -6.58171
2.72 6.58171
2.721 -6.58463
2.721 6.58463
2.722 -6.58756
2.722 6.58756
2.723 -6.59049
2.723 6.59049
2.724 -6.59341
2.724 6.59341
2.725 -6.59634
2.725 6.59634
2.726 -6.59927
2.726 6.59927
2.727 -6.6022
2.727 6.6022
2.728 -6.60513
2.728 6.60513
2.729 -6.60805
2.729 6.60805
2.73 -6.61098
2.73 6.61098
2.731 -6.61391
2.731 6.61391
2.732 -6.61685
2.732 6.61685
2.733 -6.61978
2.733 6.61978
2.734 -6.62271
2.734 6.62271
2.735 -6.62564
2.735 6.62564
2.736 -6.62857
2.736 6.62857
2.737 -6.6315
2.737 6.6315
2.738 -6.63444
2.738 6.63444
2.739 -6.63737
2.739 6.63737
2.74 -6.6403
2.74 6.6403
2.741 -6.64324
2.741 6.64324
2.742 -6.64617
2.742 6.64617
2.743 -6.64911
2.743 6.64911
2.744 -6.65204
2.744 6.65204
2.745 -6.65498
2.745 6.65498
2.746 -6.65791
2.746 6.65791
2.747 -6.66085
2.747 6.66085
2.748 -6.66379
2.748 6.66379
2.749 -6.66672
2.749 6.66672
2.75 -6.66966
2.75 6.66966
2.751 -6.6726
2.751 6.6726
2.752 -6.67554
2.752 6.67554
2.753 -6.67848
2.753 6.67848
2.754 -6.68141
2.754 6.68141
2.755 -6.68435
2.755 6.68435
2.756 -6.68729
2.756 6.68729
2.757 -6.69023
2.757 6.69023
2.758 -6.69318
2.758 6.69318
2.759 -6.69612
2.759 6.69612
2.76 -6.69906
2.76 6.69906
2.761 -6.702
2.761 6.702
2.762 -6.70494
2.762 6.70494
2.763 -6.70788
2.763 6.70788
2.764 -6.71083
2.764 6.71083
2.765 -6.71377
2.765 6.71377
2.766 -6.71671
2.766 6.71671
2.767 -6.71966
2.767 6.71966
2.768 -6.7226
2.768 6.7226
2.769 -6.72555
2.769 6.72555
2.77 -6.72849
2.77 6.72849
2.771 -6.73144
2.771 6.73144
2.772 -6.73439
2.772 6.73439
2.773 -6.73733
2.773 6.73733
2.774 -6.74028
2.774 6.74028
2.775 -6.74323
2.775 6.74323
2.776 -6.74617
2.776 6.74617
2.777 -6.74912
2.777 6.74912
2.778 -6.75207
2.778 6.75207
2.779 -6.75502
2.779 6.75502
2.78 -6.75797
2.78 6.75797
2.781 -6.76092
2.781 6.76092
2.782 -6.76387
2.782 6.76387
2.783 -6.76682
2.783 6.76682
2.784 -6.76977
2.784 6.76977
2.785 -6.77272
2.785 6.77272
2.786 -6.77567
2.786 6.77567
2.787 -6.77863
2.787 6.77863
2.788 -6.78158
2.788 6.78158
2.789 -6.78453
2.789 6.78453
2.79 -6.78748
2.79 6.78748
2.791 -6.79044
2.791 6.79044
2.792 -6.79339
2.792 6.79339
2.793 -6.79635
2.793 6.79635
2.794 -6.7993
2.794 6.7993
2.795 -6.80226
2.795 6.80226
2.796 -6.80521
2.796 6.80521
2.797 -6.80817
2.797 6.80817
2.798 -6.81112
2.798 6.81112
2.799 -6.81408
2.799 6.81408
2.8 -6.81704
2.8 6.81704
2.801 -6.81999
2.801 6.81999
2.802 -6.82295
2.802 6.82295
2.803 -6.82591
2.803 6.82591
2.804 -6.82887
2.804 6.82887
2.805 -6.83183
2.805 6.83183
2.806 -6.83479
2.806 6.83479
2.807 -6.83775
2.807 6.83775
2.808 -6.84071
2.808 6.84071
2.809 -6.84367
2.809 6.84367
2.81 -6.84663
2.81 6.84663
2.811 -6.84959
2.811 6.84959
2.812 -6.85255
2.812 6.85255
2.813 -6.85552
2.813 6.85552
2.814 -6.85848
2.814 6.85848
2.815 -6.86144
2.815 6.86144
2.816 -6.8644
2.816 6.8644
2.817 -6.86737
2.817 6.86737
2.818 -6.87033
2.818 6.87033
2.819 -6.8733
2.819 6.8733
2.82 -6.87626
2.82 6.87626
2.821 -6.87923
2.821 6.87923
2.822 -6.88219
2.822 6.88219
2.823 -6.88516
2.823 6.88516
2.824 -6.88812
2.824 6.88812
2.825 -6.89109
2.825 6.89109
2.826 -6.89406
2.826 6.89406
2.827 -6.89703
2.827 6.89703
2.828 -6.89999
2.828 6.89999
2.829 -6.90296
2.829 6.90296
2.83 -6.90593
2.83 6.90593
2.831 -6.9089
2.831 6.9089
2.832 -6.91187
2.832 6.91187
2.833 -6.91484
2.833 6.91484
2.834 -6.91781
2.834 6.91781
2.835 -6.92078
2.835 6.92078
2.836 -6.92375
2.836 6.92375
2.837 -6.92672
2.837 6.92672
2.838 -6.9297
2.838 6.9297
2.839 -6.93267
2.839 6.93267
2.84 -6.93564
2.84 6.93564
2.841 -6.93861
2.841 6.93861
2.842 -6.94159
2.842 6.94159
2.843 -6.94456
2.843 6.94456
2.844 -6.94753
2.844 6.94753
2.845 -6.95051
2.845 6.95051
2.846 -6.95348
2.846 6.95348
2.847 -6.95646
2.847 6.95646
2.848 -6.95944
2.848 6.95944
2.849 -6.96241
2.849 6.96241
2.85 -6.96539
2.85 6.96539
2.851 -6.96836
2.851 6.96836
2.852 -6.97134
2.852 6.97134
2.853 -6.97432
2.853 6.97432
2.854 -6.9773
2.854 6.9773
2.855 -6.98028
2.855 6.98028
2.856 -6.98325
2.856 6.98325
2.857 -6.98623
2.857 6.98623
2.858 -6.98921
2.858 6.98921
2.859 -6.99219
2.859 6.99219
2.86 -6.99517
2.86 6.99517
2.861 -6.99815
2.861 6.99815
2.862 -7.00114
2.862 7.00114
2.863 -7.00412
2.863 7.00412
2.864 -7.0071
2.864 7.0071
2.865 -7.01008
2.865 7.01008
2.866 -7.01306
2.866 7.01306
2.867 -7.01605
2.867 7.01605
2.868 -7.01903
2.868 7.01903
2.869 -7.02201
2.869 7.02201
2.87 -7.025
2.87 7.025
2.871 -7.02798
2.871 7.02798
2.872 -7.03097
2.872 7.03097
2.873 -7.03395
2.873 7.03395
2.874 -7.03694
2.874 7.03694
2.875 -7.03993
2.875 7.03993
2.876 -7.04291
2.876 7.04291
2.877 -7.0459
2.877 7.0459
2.878 -7.04889
2.878 7.04889
2.879 -7.05187
2.879 7.05187
2.88 -7.05486
2.88 7.05486
2.881 -7.05785
2.881 7.05785
2.882 -7.06084
2.882 7.06084
2.883 -7.06383
2.883 7.06383
2.884 -7.06682
2.884 7.06682
2.885 -7.06981
2.885 7.06981
2.886 -7.0728
2.886 7.0728
2.887 -7.07579
2.887 7.07579
2.888 -7.07878
2.888 7.07878
2.889 -7.08177
2.889 7.08177
2.89 -7.08476
2.89 7.08476
2.891 -7.08776
2.891 7.08776
2.892 -7.09075
2.892 7.09075
2.893 -7.09374
2.893 7.09374
2.894 -7.09673
2.894 7.09673
2.895 -7.09973
2.895 7.09973
2.896 -7.10272
2.896 7.10272
2.897 -7.10572
2.897 7.10572
2.898 -7.10871
2.898 7.10871
2.899 -7.11171
2.899 7.11171
2.9 -7.1147
2.9 7.1147
2.901 -7.1177
2.901 7.1177
2.902 -7.1207
2.902 7.1207
2.903 -7.12369
2.903 7.12369
2.904 -7.12669
2.904 7.12669
2.905 -7.12969
2.905 7.12969
2.906 -7.13269
2.906 7.13269
2.907 -7.13568
2.907 7.13568
2.908 -7.13868
2.908 7.13868
2.909 -7.14168
2.909 7.14168
2.91 -7.14468
2.91 7.14468
2.911 -7.14768
2.911 7.14768
2.912 -7.15068
2.912 7.15068
2.913 -7.15368
2.913 7.15368
2.914 -7.15668
2.914 7.15668
2.915 -7.15968
2.915 7.15968
2.916 -7.16269
2.916 7.16269
2.917 -7.16569
2.917 7.16569
2.918 -7.16869
2.918 7.16869
2.919 -7.17169
2.919 7.17169
2.92 -7.1747
2.92 7.1747
2.921 -7.1777
2.921 7.1777
2.922 -7.18071
2.922 7.18071
2.923 -7.18371
2.923 7.18371
2.924 -7.18672
2.924 7.18672
2.925 -7.18972
2.925 7.18972
2.926 -7.19273
2.926 7.19273
2.927 -7.19573
2.927 7.19573
2.928 -7.19874
2.928 7.19874
2.929 -7.20175
2.929 7.20175
2.93 -7.20475
2.93 7.20475
2.931 -7.20776
2.931 7.20776
2.932 -7.21077
2.932 7.21077
2.933 -7.21378
2.933 7.21378
2.934 -7.21678
2.934 7.21678
2.935 -7.21979
2.935 7.21979
2.936 -7.2228
2.936 7.2228
2.937 -7.22581
2.937 7.22581
2.938 -7.22882
2.938 7.22882
2.939 -7.23183
2.939 7.23183
2.94 -7.23485
2.94 7.23485
2.941 -7.23786
2.941 7.23786
2.942 -7.24087
2.942 7.24087
2.943 -7.24388
2.943 7.24388
2.944 -7.24689
2.944 7.24689
2.945 -7.24991
2.945 7.24991
2.946 -7.25292
2.946 7.25292
2.947 -7.25593
2.947 7.25593
2.948 -7.25895
2.948 7.25895
2.949 -7.26196
2.949 7.26196
2.95 -7.26498
2.95 7.26498
2.951 -7.26799
2.951 7.26799
2.952 -7.27101
2.952 7.27101
2.953 -7.27402
2.953 7.27402
2.954 -7.27704
2.954 7.27704
2.955 -7.28006
2.955 7.28006
2.956 -7.28307
2.956 7.28307
2.957 -7.28609
2.957 7.28609
2.958 -7.28911
2.958 7.28911
2.959 -7.29213
2.959 7.29213
2.96 -7.29514
2.96 7.29514
2.961 -7.29816
2.961 7.29816
2.962 -7.30118
2.962 7.30118
2.963 -7.3042
2.963 7.3042
2.964 -7.30722
2.964 7.30722
2.965 -7.31024
2.965 7.31024
2.966 -7.31326
2.966 7.31326
2.967 -7.31629
2.967 7.31629
2.968 -7.31931
2.968 7.31931
2.969 -7.32233
2.969 7.32233
2.97 -7.32535
2.97 7.32535
2.971 -7.32837
2.971 7.32837
2.972 -7.3314
2.972 7.3314
2.973 -7.33442
2.973 7.33442
2.974 -7.33744
2.974 7.33744
2.975 -7.34047
2.975 7.34047
2.976 -7.34349
2.976 7.34349
2.977 -7.34652
2.977 7.34652
2.978 -7.34954
2.978 7.34954
2.979 -7.35257
2.979 7.35257
2.98 -7.3556
2.98 7.3556
2.981 -7.35862
2.981 7.35862
2.982 -7.36165
2.982 7.36165
2.983 -7.36468
2.983 7.36468
2.984 -7.3677
2.984 7.3677
2.985 -7.37073
2.985 7.37073
2.986 -7.37376
2.986 7.37376
2.987 -7.37679
2.987 7.37679
2.988 -7.37982
2.988 7.37982
2.989 -7.38285
2.989 7.38285
2.99 -7.38588
2.99 7.38588
2.991 -7.38891
2.991 7.38891
2.992 -7.39194
2.992 7.39194
2.993 -7.39497
2.993 7.39497
2.994 -7.398
2.994 7.398
2.995 -7.40103
2.995 7.40103
2.996 -7.40407
2.996 7.40407
2.997 -7.4071
2.997 7.4071
2.998 -7.41013
2.998 7.41013
2.999 -7.41316
2.999 7.41316
3 -7.4162
3 7.4162
3.001 -7.41923
3.001 7.41923
3.002 -7.42227
3.002 7.42227
3.003 -7.4253
3.003 7.4253
3.004 -7.42834
3.004 7.42834
3.005 -7.43137
3.005 7.43137
3.006 -7.43441
3.006 7.43441
3.007 -7.43745
3.007 7.43745
3.008 -7.44048
3.008 7.44048
3.009 -7.44352
3.009 7.44352
3.01 -7.44656
3.01 7.44656
3.011 -7.44959
3.011 7.44959
3.012 -7.45263
3.012 7.45263
3.013 -7.45567
3.013 7.45567
3.014 -7.45871
3.014 7.45871
3.015 -7.46175
3.015 7.46175
3.016 -7.46479
3.016 7.46479
3.017 -7.46783
3.017 7.46783
3.018 -7.47087
3.018 7.47087
3.019 -7.47391
3.019 7.47391
3.02 -7.47695
3.02 7.47695
3.021 -7.47999
3.021 7.47999
3.022 -7.48304
3.022 7.48304
3.023 -7.48608
3.023 7.48608
3.024 -7.48912
3.024 7.48912
3.025 -7.49216
3.025 7.49216
3.026 -7.49521
3.026 7.49521
3.027 -7.49825
3.027 7.49825
3.028 -7.5013
3.028 7.5013
3.029 -7.50434
3.029 7.50434
3.03 -7.50738
3.03 7.50738
3.031 -7.51043
3.031 7.51043
3.032 -7.51348
3.032 7.51348
3.033 -7.51652
3.033 7.51652
3.034 -7.51957
3.034 7.51957
3.035 -7.52262
3.035 7.52262
3.036 -7.52566
3.036 7.52566
3.037 -7.52871
3.037 7.52871
3.038 -7.53176
3.038 7.53176
3.039 -7.53481
3.039 7.53481
3.04 -7.53786
3.04 7.53786
3.041 -7.5409
3.041 7.5409
3.042 -7.54395
3.042 7.54395
3.043 -7.547
3.043 7.547
3.044 -7.55005
3.044 7.55005
3.045 -7.5531
3.045 7.5531
3.046 -7.55616
3.046 7.55616
3.047 -7.55921
3.047 7.55921
3.048 -7.56226
3.048 7.56226
3.049 -7.56531
3.049 7.56531
3.05 -7.56836
3.05 7.56836
3.051 -7.57142
3.051 7.57142
3.052 -7.57447
3.052 7.57447
3.053 -7.57752
3.053 7.57752
3.054 -7.58058
3.054 7.58058
3.055 -7.58363
3.055 7.58363
3.056 -7.58669
3.056 7.58669
3.057 -7.58974
3.057 7.58974
3.058 -7.5928
3.058 7.5928
3.059 -7.59585
3.059 7.59585
3.06 -7.59891
3.06 7.59891
3.061 -7.60197
3.061 7.60197
3.062 -7.60502
3.062 7.60502
3.063 -7.60808
3.063 7.60808
3.064 -7.61114
3.064 7.61114
3.065 -7.6142
3.065 7.6142
3.066 -7.61725
3.066 7.61725
3.067 -7.62031
3.067 7.62031
3.068 -7.62337
3.068 7.62337
3.069 -7.62643
3.069 7.62643
3.07 -7.62949
3.07 7.62949
3.071 -7.63255
3.071 7.63255
3.072 -7.63561
3.072 7.63561
3.073 -7.63867
3.073 7.63867
3.074 -7.64174
3.074 7.64174
3.075 -7.6448
3.075 7.6448
3.076 -7.64786
3.076 7.64786
3.077 -7.65092
3.077 7.65092
3.078 -7.65398
3.078 7.65398
3.079 -7.65705
3.079 7.65705
3.08 -7.66011
3.08 7.66011
3.081 -7.66318
3.081 7.66318
3.082 -7.66624
3.082 7.66624
3.083 -7.66931
3.083 7.66931
3.084 -7.67237
3.084 7.67237
3.085 -7.67544
3.085 7.67544
3.086 -7.6785
3.086 7.6785
3.087 -7.68157
3.087 7.68157
3.088 -7.68463
3.088 7.68463
3.089 -7.6877
3.089 7.6877
3.09 -7.69077
3.09 7.69077
3.091 -7.69384
3.091 7.69384
3.092 -7.69691
3.092 7.69691
3.093 -7.69997
3.093 7.69997
3.094 -7.70304
3.094 7.70304
3.095 -7.70611
3.095 7.70611
3.096 -7.70918
3.096 7.70918
3.097 -7.71225
3.097 7.71225
3.098 -7.71532
3.098 7.71532
3.099 -7.71839
3.099 7.71839
3.1 -7.72146
3.1 7.72146
3.101 -7.72454
3.101 7.72454
3.102 -7.72761
3.102 7.72761
3.103 -7.73068
3.103 7.73068
3.104 -7.73375
3.104 7.73375
3.105 -7.73682
3.105 7.73682
3.106 -7.7399
3.106 7.7399
3.107 -7.74297
3.107 7.74297
3.108 -7.74605
3.108 7.74605
3.109 -7.74912
3.109 7.74912
3.11 -7.7522
3.11 7.7522
3.111 -7.75527
3.111 7.75527
3.112 -7.75835
3.112 7.75835
3.113 -7.76142
3.113 7.76142
3.114 -7.7645
3.114 7.7645
3.115 -7.76757
3.115 7.76757
3.116 -7.77065
3.116 7.77065
3.117 -7.77373
3.117 7.77373
3.118 -7.77681
3.118 7.77681
3.119 -7.77989
3.119 7.77989
3.12 -7.78296
3.12 7.78296
3.121 -7.78604
3.121 7.78604
3.122 -7.78912
3.122 7.78912
3.123 -7.7922
3.123 7.7922
3.124 -7.79528
3.124 7.79528
3.125 -7.79836
3.125 7.79836
3.126 -7.80144
3.126 7.80144
3.127 -7.80452
3.127 7.80452
3.128 -7.80761
3.128 7.80761
3.129 -7.81069
3.129 7.81069
3.13 -7.81377
3.13 7.81377
3.131 -7.81685
3.131 7.81685
3.132 -7.81994
3.132 7.81994
3.133 -7.82302
3.133 7.82302
3.134 -7.8261
3.134 7.8261
3.135 -7.82919
3.135 7.82919
3.136 -7.83227
3.136 7.83227
3.137 -7.83536
3.137 7.83536
3.138 -7.83844
3.138 7.83844
3.139 -7.84153
3.139 7.84153
3.14 -7.84461
3.14 7.84461
3.141 -7.8477
3.141 7.8477
3.142 -7.85079
3.142 7.85079
3.143 -7.85387
3.143 7.85387
3.144 -7.85696
3.144 7.85696
3.145 -7.86005
3.145 7.86005
3.146 -7.86314
3.146 7.86314
3.147 -7.86622
3.147 7.86622
3.148 -7.86931
3.148 7.86931
3.149 -7.8724
3.149 7.8724
3.15 -7.87549
3.15 7.87549
3.151 -7.87858
3.151 7.87858
3.152 -7.88167
3.152 7.88167
3.153 -7.88476
3.153 7.88476
3.154 -7.88785
3.154 7.88785
3.155 -7.89095
3.155 7.89095
3.156 -7.89404
3.156 7.89404
3.157 -7.89713
3.157 7.89713
3.158 -7.90022
3.158 7.90022
3.159 -7.90332
3.159 7.90332
3.16 -7.90641
3.16 7.90641
3.161 -7.9095
3.161 7.9095
3.162 -7.9126
3.162 7.9126
3.163 -7.91569
3.163 7.91569
3.164 -7.91879
3.164 7.91879
3.165 -7.92188
3.165 7.92188
3.166 -7.92498
3.166 7.92498
3.167 -7.92807
3.167 7.92807
3.168 -7.93117
3.168 7.93117
3.169 -7.93426
3.169 7.93426
3.17 -7.93736
3.17 7.93736
3.171 -7.94046
3.171 7.94046
3.172 -7.94356
3.172 7.94356
3.173 -7.94666
3.173 7.94666
3.174 -7.94975
3.174 7.94975
3.175 -7.95285
3.175 7.95285
3.176 -7.95595
3.176 7.95595
3.177 -7.95905
3.177 7.95905
3.178 -7.96215
3.178 7.96215
3.179 -7.96525
3.179 7.96525
3.18 -7.96835
3.18 7.96835
3.181 -7.97145
3.181 7.97145
3.182 -7.97455
3.182 7.97455
3.183 -7.97766
3.183 7.97766
3.184 -7.98076
3.184 7.98076
3.185 -7.98386
3.185 7.98386
3.186 -7.98696
3.186 7.98696
3.187 -7.99007
3.187 7.99007
3.188 -7.99317
3.188 7.99317
3.189 -7.99627
3.189 7.99627
3.19 -7.99938
3.19 7.99938
3.191 -8.00248
3.191 8.00248
3.192 -8.00559
3.192 8.00559
3.193 -8.00869
3.193 8.00869
3.194 -8.0118
3.194 8.0118
3.195 -8.01491
3.195 8.01491
3.196 -8.01801
3.196 8.01801
3.197 -8.02112
3.197 8.02112
3.198 -8.02423
3.198 8.02423
3.199 -8.02733
3.199 8.02733
3.2 -8.03044
3.2 8.03044
3.201 -8.03355
3.201 8.03355
3.202 -8.03666
3.202 8.03666
3.203 -8.03977
3.203 8.03977
3.204 -8.04288
3.204 8.04288
3.205 -8.04599
3.205 8.04599
3.206 -8.0491
3.206 8.0491
3.207 -8.05221
3.207 8.05221
3.208 -8.05532
3.208 8.05532
3.209 -8.05843
3.209 8.05843
3.21 -8.06154
3.21 8.06154
3.211 -8.06465
3.211 8.06465
3.212 -8.06777
3.212 8.06777
3.213 -8.07088
3.213 8.07088
3.214 -8.07399
3.214 8.07399
3.215 -8.07711
3.215 8.07711
3.216 -8.08022
3.216 8.08022
3.217 -8.08333
3.217 8.08333
3.218 -8.08645
3.218 8.08645
3.219 -8.08956
3.219 8.08956
3.22 -8.09268
3.22 8.09268
3.221 -8.09579
3.221 8.09579
3.222 -8.09891
3.222 8.09891
3.223 -8.10203
3.223 8.10203
3.224 -8.10514
3.224 8.10514
3.225 -8.10826
3.225 8.10826
3.226 -8.11138
3.226 8.11138
3.227 -8.1145
3.227 8.1145
3.228 -8.11761
3.228 8.11761
3.229 -8.12073
3.229 8.12073
3.23 -8.12385
3.23 8.12385
3.231 -8.12697
3.231 8.12697
3.232 -8.13009
3.232 8.13009
3.233 -8.13321
3.233 8.13321
3.234 -8.13633
3.234 8.13633
3.235 -8.13945
3.235 8.13945
3.236 -8.14257
3.236 8.14257
3.237 -8.14569
3.237 8.14569
3.238 -8.14882
3.238 8.14882
3.239 -8.15194
3.239 8.15194
3.24 -8.15506
3.24 8.15506
3.241 -8.15818
3.241 8.15818
3.242 -8.16131
3.242 8.16131
3.243 -8.16443
3.243 8.16443
3.244 -8.16756
3.244 8.16756
3.245 -8.17068
3.245 8.17068
3.246 -8.1738
3.246 8.1738
3.247 -8.17693
3.247 8.17693
3.248 -8.18006
3.248 8.18006
3.249 -8.18318
3.249 8.18318
3.25 -8.18631
3.25 8.18631
3.251 -8.18943
3.251 8.18943
3.252 -8.19256
3.252 8.19256
3.253 -8.19569
3.253 8.19569
3.254 -8.19882
3.254 8.19882
3.255 -8.20194
3.255 8.20194
3.256 -8.20507
3.256 8.20507
3.257 -8.2082
3.257 8.2082
3.258 -8.21133
3.258 8.21133
3.259 -8.21446
3.259 8.21446
3.26 -8.21759
3.26 8.21759
3.261 -8.22072
3.261 8.22072
3.262 -8.22385
3.262 8.22385
3.263 -8.22698
3.263 8.22698
3.264 -8.23011
3.264 8.23011
3.265 -8.23324
3.265 8.23324
3.266 -8.23638
3.266 8.23638
3.267 -8.23951
3.267 8.23951
3.268 -8.24264
3.268 8.24264
3.269 -8.24577
3.269 8.24577
3.27 -8.24891
3.27 8.24891
3.271 -8.25204
3.271 8.25204
3.272 -8.25518
3.272 8.25518
3.273 -8.25831
3.273 8.25831
3.274 -8.26145
3.274 8.26145
3.275 -8.26458
3.275 8.26458
3.276 -8.26772
3.276 8.26772
3.277 -8.27085
3.277 8.27085
3.278 -8.27399
3.278 8.27399
3.279 -8.27713
3.279 8.27713
3.28 -8.28026
3.28 8.28026
3.281 -8.2834
3.281 8.2834
3.282 -8.28654
3.282 8.28654
3.283 -8.28968
3.283 8.28968
3.284 -8.29281
3.284 8.29281
3.285 -8.29595
3.285 8.29595
3.286 -8.29909
3.286 8.29909
3.287 -8.30223
3.287 8.30223
3.288 -8.30537
3.288 8.30537
3.289 -8.30851
3.289 8.30851
3.29 -8.31165
3.29 8.31165
3.291 -8.31479
3.291 8.31479
3.292 -8.31794
3.292 8.31794
3.293 -8.32108
3.293 8.32108
3.294 -8.32422
3.294 8.32422
3.295 -8.32736
3.295 8.32736
3.296 -8.33051
3.296 8.33051
3.297 -8.33365
3.297 8.33365
3.298 -8.33679
3.298 8.33679
3.299 -8.33994
3.299 8.33994
3.3 -8.34308
3.3 8.34308
3.301 -8.34623
3.301 8.34623
3.302 -8.34937
3.302 8.34937
3.303 -8.35252
3.303 8.35252
3.304 -8.35566
3.304 8.35566
3.305 -8.35881
3.305 8.35881
3.306 -8.36195
3.306 8.36195
3.307 -8.3651
3.307 8.3651
3.308 -8.36825
3.308 8.36825
3.309 -8.3714
3.309 8.3714
3.31 -8.37454
3.31 8.37454
3.311 -8.37769
3.311 8.37769
3.312 -8.38084
3.312 8.38084
3.313 -8.38399
3.313 8.38399
3.314 -8.38714
3.314 8.38714
3.315 -8.39029
3.315 8.39029
3.316 -8.39344
3.316 8.39344
3.317 -8.39659
3.317 8.39659
3.318 -8.39974
3.318 8.39974
3.319 -8.40289
3.319 8.40289
3.32 -8.40604
3.32 8.40604
3.321 -8.4092
3.321 8.4092
3.322 -8.41235
3.322 8.41235
3.323 -8.4155
3.323 8.4155
3.324 -8.41865
3.324 8.41865
3.325 -8.42181
3.325 8.42181
3.326 -8.42496
3.326 8.42496
3.327 -8.42811
3.327 8.42811
3.328 -8.43127
3.328 8.43127
3.329 -8.43442
3.329 8.43442
3.33 -8.43758
3.33 8.43758
3.331 -8.44073
3.331 8.44073
3.332 -8.44389
3.332 8.44389
3.333 -8.44705
3.333 8.44705
3.334 -8.4502
3.334 8.4502
3.335 -8.45336
3.335 8.45336
3.336 -8.45652
3.336 8.45652
3.337 -8.45967
3.337 8.45967
3.338 -8.46283
3.338 8.46283
3.339 -8.46599
3.339 8.46599
3.34 -8.46915
3.34 8.46915
3.341 -8.47231
3.341 8.47231
3.342 -8.47547
3.342 8.47547
3.343 -8.47863
3.343 8.47863
3.344 -8.48179
3.344 8.48179
3.345 -8.48495
3.345 8.48495
3.346 -8.48811
3.346 8.48811
3.347 -8.49127
3.347 8.49127
3.348 -8.49443
3.348 8.49443
3.349 -8.49759
3.349 8.49759
3.35 -8.50076
3.35 8.50076
3.351 -8.50392
3.351 8.50392
3.352 -8.50708
3.352 8.50708
3.353 -8.51025
3.353 8.51025
3.354 -8.51341
3.354 8.51341
3.355 -8.51657
3.355 8.51657
3.356 -8.51974
3.356 8.51974
3.357 -8.5229
3.357 8.5229
3.358 -8.52607
3.358 8.52607
3.359 -8.52923
3.359 8.52923
3.36 -8.5324
3.36 8.5324
3.361 -8.53557
3.361 8.53557
3.362 -8.53873
3.362 8.53873
3.363 -8.5419
3.363 8.5419
3.364 -8.54507
3.364 8.54507
3.365 -8.54824
3.365 8.54824
3.366 -8.5514
3.366 8.5514
3.367 -8.55457
3.367 8.55457
3.368 -8.55774
3.368 8.55774
3.369 -8.56091
3.369 8.56091
3.37 -8.56408
3.37 8.56408
3.371 -8.56725
3.371 8.56725
3.372 -8.57042
3.372 8.57042
3.373 -8.57359
3.373 8.57359
3.374 -8.57676
3.374 8.57676
3.375 -8.57993
3.375 8.57993
3.376 -8.5831
3.376 8.5831
3.377 -8.58628
3.377 8.58628
3.378 -8.58945
3.378 8.58945
3.379 -8.59262
3.379 8.59262
3.38 -8.59579
3.38 8.59579
3.381 -8.59897
3.381 8.59897
3.382 -8.60214
3.382 8.60214
3.383 -8.60532
3.383 8.60532
3.384 -8.60849
3.384 8.60849
3.385 -8.61166
3.385 8.61166
3.386 -8.61484
3.386 8.61484
3.387 -8.61802
3.387 8.61802
3.388 -8.62119
3.388 8.62119
3.389 -8.62437
3.389 8.62437
3.39 -8.62754
3.39 8.62754
3.391 -8.63072
3.391 8.63072
3.392 -8.6339
3.392 8.6339
3.393 -8.63708
3.393 8.63708
3.394 -8.64025
3.394 8.64025
3.395 -8.64343
3.395 8.64343
3.396 -8.64661
3.396 8.64661
3.397 -8.64979
3.397 8.64979
3.398 -8.65297
3.398 8.65297
3.399 -8.65615
3.399 8.65615
3.4 -8.65933
3.4 8.65933
3.401 -8.66251
3.401 8.66251
3.402 -8.66569
3.402 8.66569
3.403 -8.66887
3.403 8.66887
3.404 -8.67205
3.404 8.67205
3.405 -8.67524
3.405 8.67524
3.406 -8.67842
3.406 8.67842
3.407 -8.6816
3.407 8.6816
3.408 -8.68478
3.408 8.68478
3.409 -8.68797
3.409 8.68797
3.41 -8.69115
3.41 8.69115
3.411 -8.69434
3.411 8.69434
3.412 -8.69752
3.412 8.69752
3.413 -8.70071
3.413 8.70071
3.414 -8.70389
3.414 8.70389
3.415 -8.70708
3.415 8.70708
3.416 -8.71026
3.416 8.71026
3.417 -8.71345
3.417 8.71345
3.418 -8.71663
3.418 8.71663
3.419 -8.71982
3.419 8.71982
3.42 -8.72301
3.42 8.72301
3.421 -8.7262
3.421 8.7262
3.422 -8.72938
3.422 8.72938
3.423 -8.73257
3.423 8.73257
3.424 -8.73576
3.424 8.73576
3.425 -8.73895
3.425 8.73895
3.426 -8.74214
3.426 8.74214
3.427 -8.74533
3.427 8.74533
3.428 -8.74852
3.428 8.74852
3.429 -8.75171
3.429 8.75171
3.43 -8.7549
3.43 8.7549
3.431 -8.75809
3.431 8.75809
3.432 -8.76128
3.432 8.76128
3.433 -8.76448
3.433 8.76448
3.434 -8.76767
3.434 8.76767
3.435 -8.77086
3.435 8.77086
3.436 -8.77405
3.436 8.77405
3.437 -8.77725
3.437 8.77725
3.438 -8.78044
3.438 8.78044
3.439 -8.78364
3.439 8.78364
3.44 -8.78683
3.44 8.78683
3.441 -8.79002
3.441 8.79002
3.442 -8.79322
3.442 8.79322
3.443 -8.79642
3.443 8.79642
3.444 -8.79961
3.444 8.79961
3.445 -8.80281
3.445 8.80281
3.446 -8.806
3.446 8.806
3.447 -8.8092
3.447 8.8092
3.448 -8.8124
3.448 8.8124
3.449 -8.8156
3.449 8.8156
3.45 -8.81879
3.45 8.81879
3.451 -8.82199
3.451 8.82199
3.452 -8.82519
3.452 8.82519
3.453 -8.82839
3.453 8.82839
3.454 -8.83159
3.454 8.83159
3.455 -8.83479
3.455 8.83479
3.456 -8.83799
3.456 8.83799
3.457 -8.84119
3.457 8.84119
3.458 -8.84439
3.458 8.84439
3.459 -8.84759
3.459 8.84759
3.46 -8.85079
3.46 8.85079
3.461 -8.85399
3.461 8.85399
3.462 -8.8572
3.462 8.8572
3.463 -8.8604
3.463 8.8604
3.464 -8.8636
3.464 8.8636
3.465 -8.86681
3.465 8.86681
3.466 -8.87001
3.466 8.87001
3.467 -8.87321
3.467 8.87321
3.468 -8.87642
3.468 8.87642
3.469 -8.87962
3.469 8.87962
3.47 -8.88283
3.47 8.88283
3.471 -8.88603
3.471 8.88603
3.472 -8.88924
3.472 8.88924
3.473 -8.89244
3.473 8.89244
3.474 -8.89565
3.474 8.89565
3.475 -8.89886
3.475 8.89886
3.476 -8.90207
3.476 8.90207
3.477 -8.90527
3.477 8.90527
3.478 -8.90848
3.478 8.90848
3.479 -8.91169
3.479 8.91169
3.48 -8.9149
3.48 8.9149
3.481 -8.91811
3.481 8.91811
3.482 -8.92132
3.482 8.92132
3.483 -8.92453
3.483 8.92453
3.484 -8.92773
3.484 8.92773
3.485 -8.93095
3.485 8.93095
3.486 -8.93416
3.486 8.93416
3.487 -8.93737
3.487 8.93737
3.488 -8.94058
3.488 8.94058
3.489 -8.94379
3.489 8.94379
3.49 -8.947
3.49 8.947
3.491 -8.95021
3.491 8.95021
3.492 -8.95343
3.492 8.95343
3.493 -8.95664
3.493 8.95664
3.494 -8.95985
3.494 8.95985
3.495 -8.96307
3.495 8.96307
3.496 -8.96628
3.496 8.96628
3.497 -8.9695
3.497 8.9695
3.498 -8.97271
3.498 8.97271
3.499 -8.97593
3.499 8.97593
3.5 -8.97914
3.5 8.97914
3.501 -8.98236
3.501 8.98236
3.502 -8.98557
3.502 8.98557
3.503 -8.98879
3.503 8.98879
3.504 -8.99201
3.504 8.99201
3.505 -8.99523
3.505 8.99523
3.506 -8.99844
3.506 8.99844
3.507 -9.00166
3.507 9.00166
3.508 -9.00488
3.508 9.00488
3.509 -9.0081
3.509 9.0081
3.51 -9.01132
3.51 9.01132
3.511 -9.01454
3.511 9.01454
3.512 -9.01776
3.512 9.01776
3.513 -9.02098
3.513 9.02098
3.514 -9.0242
3.514 9.0242
3.515 -9.02742
3.515 9.02742
3.516 -9.03064
3.516 9.03064
3.517 -9.03386
3.517 9.03386
3.518 -9.03708
3.518 9.03708
3.519 -9.04031
3.519 9.04031
3.52 -9.04353
3.52 9.04353
3.521 -9.04675
3.521 9.04675
3.522 -9.04997
3.522 9.04997
3.523 -9.0532
3.523 9.0532
3.524 -9.05642
3.524 9.05642
3.525 -9.05965
3.525 9.05965
3.526 -9.06287
3.526 9.06287
3.527 -9.0661
3.527 9.0661
3.528 -9.06932
3.528 9.06932
3.529 -9.07255
3.529 9.07255
3.53 -9.07577
3.53 9.07577
3.531 -9.079
3.531 9.079
3.532 -9.08223
3.532 9.08223
3.533 -9.08545
3.533 9.08545
3.534 -9.08868
3.534 9.08868
3.535 -9.09191
3.535 9.09191
3.536 -9.09514
3.536 9.09514
3.537 -9.09837
3.537 9.09837
3.538 -9.1016
3.538 9.1016
3.539 -9.10483
3.539 9.10483
3.54 -9.10805
3.54 9.10805
3.541 -9.11128
3.541 9.11128
3.542 -9.11452
3.542 9.11452
3.543 -9.11775
3.543 9.11775
3.544 -9.12098
3.544 9.12098
3.545 -9.12421
3.545 9.12421
3.546 -9.12744
3.546 9.12744
3.547 -9.13067
3.547 9.13067
3.548 -9.1339
3.548 9.1339
3.549 -9.13714
3.549 9.13714
3.55 -9.14037
3.55 9.14037
3.551 -9.1436
3.551 9.1436
3.552 -9.14684
3.552 9.14684
3.553 -9.15007
3.553 9.15007
3.554 -9.15331
3.554 9.15331
3.555 -9.15654
3.555 9.15654
3.556 -9.15978
3.556 9.15978
3.557 -9.16301
3.557 9.16301
3.558 -9.16625
3.558 9.16625
3.559 -9.16948
3.559 9.16948
3.56 -9.17272
3.56 9.17272
3.561 -9.17596
3.561 9.17596
3.562 -9.1792
3.562 9.1792
3.563 -9.18243
3.563 9.18243
3.564 -9.18567
3.564 9.18567
3.565 -9.18891
3.565 9.18891
3.566 -9.19215
3.566 9.19215
3.567 -9.19539
3.567 9.19539
3.568 -9.19863
3.568 9.19863
3.569 -9.20187
3.569 9.20187
3.57 -9.20511
3.57 9.20511
3.571 -9.20835
3.571 9.20835
3.572 -9.21159
3.572 9.21159
3.573 -9.21483
3.573 9.21483
3.574 -9.21807
3.574 9.21807
3.575 -9.22131
3.575 9.22131
3.576 -9.22456
3.576 9.22456
3.577 -9.2278
3.577 9.2278
3.578 -9.23104
3.578 9.23104
3.579 -9.23428
3.579 9.23428
3.58 -9.23753
3.58 9.23753
3.581 -9.24077
3.581 9.24077
3.582 -9.24402
3.582 9.24402
3.583 -9.24726
3.583 9.24726
3.584 -9.25051
3.584 9.25051
3.585 -9.25375
3.585 9.25375
3.586 -9.257
3.586 9.257
3.587 -9.26024
3.587 9.26024
3.588 -9.26349
3.588 9.26349
3.589 -9.26674
3.589 9.26674
3.59 -9.26998
3.59 9.26998
3.591 -9.27323
3.591 9.27323
3.592 -9.27648
3.592 9.27648
3.593 -9.27973
3.593 9.27973
3.594 -9.28297
3.594 9.28297
3.595 -9.28622
3.595 9.28622
3.596 -9.28947
3.596 9.28947
3.597 -9.29272
3.597 9.29272
3.598 -9.29597
3.598 9.29597
3.599 -9.29922
3.599 9.29922
3.6 -9.30247
3.6 9.30247
3.601 -9.30572
3.601 9.30572
3.602 -9.30897
3.602 9.30897
3.603 -9.31223
3.603 9.31223
3.604 -9.31548
3.604 9.31548
3.605 -9.31873
3.605 9.31873
3.606 -9.32198
3.606 9.32198
3.607 -9.32524
3.607 9.32524
3.608 -9.32849
3.608 9.32849
3.609 -9.33174
3.609 9.33174
3.61 -9.335
3.61 9.335
3.611 -9.33825
3.611 9.33825
3.612 -9.34151
3.612 9.34151
3.613 -9.34476
3.613 9.34476
3.614 -9.34802
3.614 9.34802
3.615 -9.35127
3.615 9.35127
3.616 -9.35453
3.616 9.35453
3.617 -9.35779
3.617 9.35779
3.618 -9.36104
3.618 9.36104
3.619 -9.3643
3.619 9.3643
3.62 -9.36756
3.62 9.36756
3.621 -9.37082
3.621 9.37082
3.622 -9.37407
3.622 9.37407
3.623 -9.37733
3.623 9.37733
3.624 -9.38059
3.624 9.38059
3.625 -9.38385
3.625 9.38385
3.626 -9.38711
3.626 9.38711
3.627 -9.39037
3.627 9.39037
3.628 -9.39363
3.628 9.39363
3.629 -9.39689
3.629 9.39689
3.63 -9.40015
3.63 9.40015
3.631 -9.40341
3.631 9.40341
3.632 -9.40667
3.632 9.40667
3.633 -9.40994
3.633 9.40994
3.634 -9.4132
3.634 9.4132
3.635 -9.41646
3.635 9.41646
3.636 -9.41972
3.636 9.41972
3.637 -9.42299
3.637 9.42299
3.638 -9.42625
3.638 9.42625
3.639 -9.42952
3.639 9.42952
3.64 -9.43278
3.64 9.43278
3.641 -9.43605
3.641 9.43605
3.642 -9.43931
3.642 9.43931
3.643 -9.44258
3.643 9.44258
3.644 -9.44584
3.644 9.44584
3.645 -9.44911
3.645 9.44911
3.646 -9.45237
3.646 9.45237
3.647 -9.45564
3.647 9.45564
3.648 -9.45891
3.648 9.45891
3.649 -9.46218
3.649 9.46218
3.65 -9.46544
3.65 9.46544
3.651 -9.46871
3.651 9.46871
3.652 -9.47198
3.652 9.47198
3.653 -9.47525
3.653 9.47525
3.654 -9.47852
3.654 9.47852
3.655 -9.48179
3.655 9.48179
3.656 -9.48506
3.656 9.48506
3.657 -9.48833
3.657 9.48833
3.658 -9.4916
3.658 9.4916
3.659 -9.49487
3.659 9.49487
3.66 -9.49814
3.66 9.49814
3.661 -9.50141
3.661 9.50141
3.662 -9.50469
3.662 9.50469
3.663 -9.50796
3.663 9.50796
3.664 -9.51123
3.664 9.51123
3.665 -9.5145
3.665 9.5145
3.666 -9.51778
3.666 9.51778
3.667 -9.52105
3.667 9.52105
3.668 -9.52432
3.668 9.52432
3.669 -9.5276
3.669 9.5276
3.67 -9.53087
3.67 9.53087
3.671 -9.53415
3.671 9.53415
3.672 -9.53742
3.672 9.53742
3.673 -9.5407
3.673 9.5407
3.674 -9.54398
3.674 9.54398
3.675 -9.54725
3.675 9.54725
3.676 -9.55053
3.676 9.55053
3.677 -9.55381
3.677 9.55381
3.678 -9.55709
3.678 9.55709
3.679 -9.56036
3.679 9.56036
3.68 -9.56364
3.68 9.56364
3.681 -9.56692
3.681 9.56692
3.682 -9.5702
3.682 9.5702
3.683 -9.57348
3.683 9.57348
3.684 -9.57676
3.684 9.57676
3.685 -9.58004
3.685 9.58004
3.686 -9.58332
3.686 9.58332
3.687 -9.5866
3.687 9.5866
3.688 -9.58988
3.688 9.58988
3.689 -9.59316
3.689 9.59316
3.69 -9.59644
3.69 9.59644
3.691 -9.59972
3.691 9.59972
3.692 -9.60301
3.692 9.60301
3.693 -9.60629
3.693 9.60629
3.694 -9.60957
3.694 9.60957
3.695 -9.61286
3.695 9.61286
3.696 -9.61614
3.696 9.61614
3.697 -9.61942
3.697 9.61942
3.698 -9.62271
3.698 9.62271
3.699 -9.62599
3.699 9.62599
3.7 -9.62928
3.7 9.62928
3.701 -9.63256
3.701 9.63256
3.702 -9.63585
3.702 9.63585
3.703 -9.63914
3.703 9.63914
3.704 -9.64242
3.704 9.64242
3.705 -9.64571
3.705 9.64571
3.706 -9.649
3.706 9.649
3.707 -9.65228
3.707 9.65228
3.708 -9.65557
3.708 9.65557
3.709 -9.65886
3.709 9.65886
3.71 -9.66215
3.71 9.66215
3.711 -9.66544
3.711 9.66544
3.712 -9.66873
3.712 9.66873
3.713 -9.67202
3.713 9.67202
3.714 -9.67531
3.714 9.67531
3.715 -9.6786
3.715 9.6786
3.716 -9.68189
3.716 9.68189
3.717 -9.68518
3.717 9.68518
3.718 -9.68847
3.718 9.68847
3.719 -9.69176
3.719 9.69176
3.72 -9.69505
3.72 9.69505
3.721 -9.69835
3.721 9.69835
3.722 -9.70164
3.722 9.70164
3.723 -9.70493
3.723 9.70493
3.724 -9.70822
3.724 9.70822
3.725 -9.71152
3.725 9.71152
3.726 -9.71481
3.726 9.71481
3.727 -9.71811
3.727 9.71811
3.728 -9.7214
3.728 9.7214
3.729 -9.7247
3.729 9.7247
3.73 -9.72799
3.73 9.72799
3.731 -9.73129
3.731 9.73129
3.732 -9.73458
3.732 9.73458
3.733 -9.73788
3.733 9.73788
3.734 -9.74118
3.734 9.74118
3.735 -9.74447
3.735 9.74447
3.736 -9.74777
3.736 9.74777
3.737 -9.75107
3.737 9.75107
3.738 -9.75437
3.738 9.75437
3.739 -9.75767
3.739 9.75767
3.74 -9.76096
3.74 9.76096
3.741 -9.76426
3.741 9.76426
3.742 -9.76756
3.742 9.76756
3.743 -9.77086
3.743 9.77086
3.744 -9.77416
3.744 9.77416
3.745 -9.77746
3.745 9.77746
3.746 -9.78076
3.746 9.78076
3.747 -9.78407
3.747 9.78407
3.748 -9.78737
3.748 9.78737
3.749 -9.79067
3.749 9.79067
3.75 -9.79397
3.75 9.79397
3.751 -9.79727
3.751 9.79727
3.752 -9.80058
3.752 9.80058
3.753 -9.80388
3.753 9.80388
3.754 -9.80718
3.754 9.80718
3.755 -9.81049
3.755 9.81049
3.756 -9.81379
3.756 9.81379
3.757 -9.8171
3.757 9.8171
3.758 -9.8204
3.758 9.8204
3.759 -9.82371
3.759 9.82371
3.76 -9.82701
3.76 9.82701
3.761 -9.83032
3.761 9.83032
3.762 -9.83362
3.762 9.83362
3.763 -9.83693
3.763 9.83693
3.764 -9.84024
3.764 9.84024
3.765 -9.84355
3.765 9.84355
3.766 -9.84685
3.766 9.84685
3.767 -9.85016
3.767 9.85016
3.768 -9.85347
3.768 9.85347
3.769 -9.85678
3.769 9.85678
3.77 -9.86009
3.77 9.86009
3.771 -9.8634
3.771 9.8634
3.772 -9.86671
3.772 9.86671
3.773 -9.87002
3.773 9.87002
3.774 -9.87333
3.774 9.87333
3.775 -9.87664
3.775 9.87664
3.776 -9.87995
3.776 9.87995
3.777 -9.88326
3.777 9.88326
3.778 -9.88657
3.778 9.88657
3.779 -9.88988
3.779 9.88988
3.78 -9.8932
3.78 9.8932
3.781 -9.89651
3.781 9.89651
3.782 -9.89982
3.782 9.89982
3.783 -9.90314
3.783 9.90314
3.784 -9.90645
3.784 9.90645
3.785 -9.90976
3.785 9.90976
3.786 -9.91308
3.786 9.91308
3.787 -9.91639
3.787 9.91639
3.788 -9.91971
3.788 9.91971
3.789 -9.92302
3.789 9.92302
3.79 -9.92634
3.79 9.92634
3.791 -9.92966
3.791 9.92966
3.792 -9.93297
3.792 9.93297
3.793 -9.93629
3.793 9.93629
3.794 -9.93961
3.794 9.93961
3.795 -9.94293
3.795 9.94293
3.796 -9.94624
3.796 9.94624
3.797 -9.94956
3.797 9.94956
3.798 -9.95288
3.798 9.95288
3.799 -9.9562
3.799 9.9562
3.8 -9.95952
3.8 9.95952
3.801 -9.96284
3.801 9.96284
3.802 -9.96616
3.802 9.96616
3.803 -9.96948
3.803 9.96948
3.804 -9.9728
3.804 9.9728
3.805 -9.97612
3.805 9.97612
3.806 -9.97944
3.806 9.97944
3.807 -9.98276
3.807 9.98276
3.808 -9.98608
3.808 9.98608
3.809 -9.98941
3.809 9.98941
3.81 -9.99273
3.81 9.99273
3.811 -9.99605
3.811 9.99605
3.812 -9.99938
3.812 9.99938
3.813 -10.0027
3.813 10.0027
3.814 -10.006
3.814 10.006
3.815 -10.0093
3.815 10.0093
3.816 -10.0127
3.816 10.0127
3.817 -10.016
3.817 10.016
3.818 -10.0193
3.818 10.0193
3.819 -10.0226
3.819 10.0226
3.82 -10.026
3.82 10.026
3.821 -10.0293
3.821 10.0293
3.822 -10.0326
3.822 10.0326
3.823 -10.036
3.823 10.036
3.824 -10.0393
3.824 10.0393
3.825 -10.0426
3.825 10.0426
3.826 -10.0459
3.826 10.0459
3.827 -10.0493
3.827 10.0493
3.828 -10.0526
3.828 10.0526
3.829 -10.0559
3.829 10.0559
3.83 -10.0593
3.83 10.0593
3.831 -10.0626
3.831 10.0626
3.832 -10.0659
3.832 10.0659
3.833 -10.0692
3.833 10.0692
3.834 -10.0726
3.834 10.0726
3.835 -10.0759
3.835 10.0759
3.836 -10.0792
3.836 10.0792
3.837 -10.0826
3.837 10.0826
3.838 -10.0859
3.838 10.0859
3.839 -10.0892
3.839 10.0892
3.84 -10.0926
3.84 10.0926
3.841 -10.0959
3.841 10.0959
3.842 -10.0992
3.842 10.0992
3.843 -10.1026
3.843 10.1026
3.844 -10.1059
3.844 10.1059
3.845 -10.1092
3.845 10.1092
3.846 -10.1126
3.846 10.1126
3.847 -10.1159
3.847 10.1159
3.848 -10.1192
3.848 10.1192
3.849 -10.1226
3.849 10.1226
3.85 -10.1259
3.85 10.1259
3.851 -10.1293
3.851 10.1293
3.852 -10.1326
3.852 10.1326
3.853 -10.1359
3.853 10.1359
3.854 -10.1393
3.854 10.1393
3.855 -10.1426
3.855 10.1426
3.856 -10.1459
3.856 10.1459
3.857 -10.1493
3.857 10.1493
3.858 -10.1526
3.858 10.1526
3.859 -10.156
3.859 10.156
3.86 -10.1593
3.86 10.1593
3.861 -10.1626
3.861 10.1626
3.862 -10.166
3.862 10.166
3.863 -10.1693
3.863 10.1693
3.864 -10.1727
3.864 10.1727
3.865 -10.176
3.865 10.176
3.866 -10.1793
3.866 10.1793
3.867 -10.1827
3.867 10.1827
3.868 -10.186
3.868 10.186
3.869 -10.1894
3.869 10.1894
3.87 -10.1927
3.87 10.1927
3.871 -10.1961
3.871 10.1961
3.872 -10.1994
3.872 10.1994
3.873 -10.2027
3.873 10.2027
3.874 -10.2061
3.874 10.2061
3.875 -10.2094
3.875 10.2094
3.876 -10.2128
3.876 10.2128
3.877 -10.2161
3.877 10.2161
3.878 -10.2195
3.878 10.2195
3.879 -10.2228
3.879 10.2228
3.88 -10.2262
3.88 10.2262
3.881 -10.2295
3.881 10.2295
3.882 -10.2328
3.882 10.2328
3.883 -10.2362
3.883 10.2362
3.884 -10.2395
3.884 10.2395
3.885 -10.2429
3.885 10.2429
3.886 -10.2462
3.886 10.2462
3.887 -10.2496
3.887 10.2496
3.888 -10.2529
3.888 10.2529
3.889 -10.2563
3.889 10.2563
3.89 -10.2596
3.89 10.2596
3.891 -10.263
3.891 10.263
3.892 -10.2663
3.892 10.2663
3.893 -10.2697
3.893 10.2697
3.894 -10.273
3.894 10.273
3.895 -10.2764
3.895 10.2764
3.896 -10.2797
3.896 10.2797
3.897 -10.2831
3.897 10.2831
3.898 -10.2864
3.898 10.2864
3.899 -10.2898
3.899 10.2898
3.9 -10.2932
3.9 10.2932
3.901 -10.2965
3.901 10.2965
3.902 -10.2999
3.902 10.2999
3.903 -10.3032
3.903 10.3032
3.904 -10.3066
3.904 10.3066
3.905 -10.3099
3.905 10.3099
3.906 -10.3133
3.906 10.3133
3.907 -10.3166
3.907 10.3166
3.908 -10.32
3.908 10.32
3.909 -10.3233
3.909 10.3233
3.91 -10.3267
3.91 10.3267
3.911 -10.3301
3.911 10.3301
3.912 -10.3334
3.912 10.3334
3.913 -10.3368
3.913 10.3368
3.914 -10.3401
3.914 10.3401
3.915 -10.3435
3.915 10.3435
3.916 -10.3468
3.916 10.3468
3.917 -10.3502
3.917 10.3502
3.918 -10.3536
3.918 10.3536
3.919 -10.3569
3.919 10.3569
3.92 -10.3603
3.92 10.3603
3.921 -10.3636
3.921 10.3636
3.922 -10.367
3.922 10.367
3.923 -10.3704
3.923 10.3704
3.924 -10.3737
3.924 10.3737
3.925 -10.3771
3.925 10.3771
3.926 -10.3804
3.926 10.3804
3.927 -10.3838
3.927 10.3838
3.928 -10.3872
3.928 10.3872
3.929 -10.3905
3.929 10.3905
3.93 -10.3939
3.93 10.3939
3.931 -10.3973
3.931 10.3973
3.932 -10.4006
3.932 10.4006
3.933 -10.404
3.933 10.404
3.934 -10.4074
3.934 10.4074
3.935 -10.4107
3.935 10.4107
3.936 -10.4141
3.936 10.4141
3.937 -10.4175
3.937 10.4175
3.938 -10.4208
3.938 10.4208
3.939 -10.4242
3.939 10.4242
3.94 -10.4275
3.94 10.4275
3.941 -10.4309
3.941 10.4309
3.942 -10.4343
3.942 10.4343
3.943 -10.4377
3.943 10.4377
3.944 -10.441
3.944 10.441
3.945 -10.4444
3.945 10.4444
3.946 -10.4478
3.946 10.4478
3.947 -10.4511
3.947 10.4511
3.948 -10.4545
3.948 10.4545
3.949 -10.4579
3.949 10.4579
3.95 -10.4612
3.95 10.4612
3.951 -10.4646
3.951 10.4646
3.952 -10.468
3.952 10.468
3.953 -10.4713
3.953 10.4713
3.954 -10.4747
3.954 10.4747
3.955 -10.4781
3.955 10.4781
3.956 -10.4815
3.956 10.4815
3.957 -10.4848
3.957 10.4848
3.958 -10.4882
3.958 10.4882
3.959 -10.4916
3.959 10.4916
3.96 -10.4949
3.96 10.4949
3.961 -10.4983
3.961 10.4983
3.962 -10.5017
3.962 10.5017
3.963 -10.5051
3.963 10.5051
3.964 -10.5084
3.964 10.5084
3.965 -10.5118
3.965 10.5118
3.966 -10.5152
3.966 10.5152
3.967 -10.5186
3.967 10.5186
3.968 -10.5219
3.968 10.5219
3.969 -10.5253
3.969 10.5253
3.97 -10.5287
3.97 10.5287
3.971 -10.5321
3.971 10.5321
3.972 -10.5355
3.972 10.5355
3.973 -10.5388
3.973 10.5388
3.974 -10.5422
3.974 10.5422
3.975 -10.5456
3.975 10.5456
3.976 -10.549
3.976 10.549
3.977 -10.5523
3.977 10.5523
3.978 -10.5557
3.978 10.5557
3.979 -10.5591
3.979 10.5591
3.98 -10.5625
3.98 10.5625
3.981 -10.5659
3.981 10.5659
3.982 -10.5692
3.982 10.5692
3.983 -10.5726
3.983 10.5726
3.984 -10.576
3.984 10.576
3.985 -10.5794
3.985 10.5794
3.986 -10.5828
3.986 10.5828
3.987 -10.5861
3.987 10.5861
3.988 -10.5895
3.988 10.5895
3.989 -10.5929
3.989 10.5929
3.99 -10.5963
3.99 10.5963
3.991 -10.5997
3.991 10.5997
3.992 -10.6031
3.992 10.6031
3.993 -10.6064
3.993 10.6064
3.994 -10.6098
3.994 10.6098
3.995 -10.6132
3.995 10.6132
3.996 -10.6166
3.996 10.6166
3.997 -10.62
3.997 10.62
3.998 -10.6234
3.998 10.6234
3.999 -10.6268
3.999 10.6268
4 -10.6301
4 10.6301
4.001 -10.6335
4.001 10.6335
4.002 -10.6369
4.002 10.6369
4.003 -10.6403
4.003 10.6403
4.004 -10.6437
4.004 10.6437
4.005 -10.6471
4.005 10.6471
4.006 -10.6505
4.006 10.6505
4.007 -10.6539
4.007 10.6539
4.008 -10.6572
4.008 10.6572
4.009 -10.6606
4.009 10.6606
4.01 -10.664
4.01 10.664
4.011 -10.6674
4.011 10.6674
4.012 -10.6708
4.012 10.6708
4.013 -10.6742
4.013 10.6742
4.014 -10.6776
4.014 10.6776
4.015 -10.681
4.015 10.681
4.016 -10.6844
4.016 10.6844
4.017 -10.6878
4.017 10.6878
4.018 -10.6912
4.018 10.6912
4.019 -10.6946
4.019 10.6946
4.02 -10.6979
4.02 10.6979
4.021 -10.7013
4.021 10.7013
4.022 -10.7047
4.022 10.7047
4.023 -10.7081
4.023 10.7081
4.024 -10.7115
4.024 10.7115
4.025 -10.7149
4.025 10.7149
4.026 -10.7183
4.026 10.7183
4.027 -10.7217
4.027 10.7217
4.028 -10.7251
4.028 10.7251
4.029 -10.7285
4.029 10.7285
4.03 -10.7319
4.03 10.7319
4.031 -10.7353
4.031 10.7353
4.032 -10.7387
4.032 10.7387
4.033 -10.7421
4.033 10.7421
4.034 -10.7455
4.034 10.7455
4.035 -10.7489
4.035 10.7489
4.036 -10.7523
4.036 10.7523
4.037 -10.7557
4.037 10.7557
4.038 -10.7591
4.038 10.7591
4.039 -10.7625
4.039 10.7625
4.04 -10.7659
4.04 10.7659
4.041 -10.7693
4.041 10.7693
4.042 -10.7727
4.042 10.7727
4.043 -10.7761
4.043 10.7761
4.044 -10.7795
4.044 10.7795
4.045 -10.7829
4.045 10.7829
4.046 -10.7863
4.046 10.7863
4.047 -10.7897
4.047 10.7897
4.048 -10.7931
4.048 10.7931
4.049 -10.7965
4.049 10.7965
4.05 -10.7999
4.05 10.7999
4.051 -10.8033
4.051 10.8033
4.052 -10.8067
4.052 10.8067
4.053 -10.8101
4.053 10.8101
4.054 -10.8135
4.054 10.8135
4.055 -10.8169
4.055 10.8169
4.056 -10.8203
4.056 10.8203
4.057 -10.8237
4.057 10.8237
4.058 -10.8271
4.058 10.8271
4.059 -10.8305
4.059 10.8305
4.06 -10.8339
4.06 10.8339
4.061 -10.8373
4.061 10.8373
4.062 -10.8408
4.062 10.8408
4.063 -10.8442
4.063 10.8442
4.064 -10.8476
4.064 10.8476
4.065 -10.851
4.065 10.851
4.066 -10.8544
4.066 10.8544
4.067 -10.8578
4.067 10.8578
4.068 -10.8612
4.068 10.8612
4.069 -10.8646
4.069 10.8646
4.07 -10.868
4.07 10.868
4.071 -10.8714
4.071 10.8714
4.072 -10.8748
4.072 10.8748
4.073 -10.8783
4.073 10.8783
4.074 -10.8817
4.074 10.8817
4.075 -10.8851
4.075 10.8851
4.076 -10.8885
4.076 10.8885
4.077 -10.8919
4.077 10.8919
4.078 -10.8953
4.078 10.8953
4.079 -10.8987
4.079 10.8987
4.08 -10.9021
4.08 10.9021
4.081 -10.9055
4.081 10.9055
4.082 -10.909
4.082 10.909
4.083 -10.9124
4.083 10.9124
4.084 -10.9158
4.084 10.9158
4.085 -10.9192
4.085 10.9192
4.086 -10.9226
4.086 10.9226
4.087 -10.926
4.087 10.926
4.088 -10.9294
4.088 10.9294
4.089 -10.9329
4.089 10.9329
4.09 -10.9363
4.09 10.9363
4.091 -10.9397
4.091 10.9397
4.092 -10.9431
4.092 10.9431
4.093 -10.9465
4.093 10.9465
4.094 -10.9499
4.094 10.9499
4.095 -10.9534
4.095 10.9534
4.096 -10.9568
4.096 10.9568
4.097 -10.9602
4.097 10.9602
4.098 -10.9636
4.098 10.9636
4.099 -10.967
4.099 10.967
4.1 -10.9705
4.1 10.9705
4.101 -10.9739
4.101 10.9739
4.102 -10.9773
4.102 10.9773
4.103 -10.9807
4.103 10.9807
4.104 -10.9841
4.104 10.9841
4.105 -10.9876
4.105 10.9876
4.106 -10.991
4.106 10.991
4.107 -10.9944
4.107 10.9944
4.108 -10.9978
4.108 10.9978
4.109 -11.0013
4.109 11.0013
4.11 -11.0047
4.11 11.0047
4.111 -11.0081
4.111 11.0081
4.112 -11.0115
4.112 11.0115
4.113 -11.0149
4.113 11.0149
4.114 -11.0184
4.114 11.0184
4.115 -11.0218
4.115 11.0218
4.116 -11.0252
4.116 11.0252
4.117 -11.0286
4.117 11.0286
4.118 -11.0321
4.118 11.0321
4.119 -11.0355
4.119 11.0355
4.12 -11.0389
4.12 11.0389
4.121 -11.0423
4.121 11.0423
4.122 -11.0458
4.122 11.0458
4.123 -11.0492
4.123 11.0492
4.124 -11.0526
4.124 11.0526
4.125 -11.0561
4.125 11.0561
4.126 -11.0595
4.126 11.0595
4.127 -11.0629
4.127 11.0629
4.128 -11.0663
4.128 11.0663
4.129 -11.0698
4.129 11.0698
4.13 -11.0732
4.13 11.0732
4.131 -11.0766
4.131 11.0766
4.132 -11.0801
4.132 11.0801
4.133 -11.0835
4.133 11.0835
4.134 -11.0869
4.134 11.0869
4.135 -11.0903
4.135 11.0903
4.136 -11.0938
4.136 11.0938
4.137 -11.0972
4.137 11.0972
4.138 -11.1006
4.138 11.1006
4.139 -11.1041
4.139 11.1041
4.14 -11.1075
4.14 11.1075
4.141 -11.1109
4.141 11.1109
4.142 -11.1144
4.142 11.1144
4.143 -11.1178
4.143 11.1178
4.144 -11.1212
4.144 11.1212
4.145 -11.1247
4.145 11.1247
4.146 -11.1281
4.146 11.1281
4.147 -11.1315
4.147 11.1315
4.148 -11.135
4.148 11.135
4.149 -11.1384
4.149 11.1384
4.15 -11.1419
4.15 11.1419
4.151 -11.1453
4.151 11.1453
4.152 -11.1487
4.152 11.1487
4.153 -11.1522
4.153 11.1522
4.154 -11.1556
4.154 11.1556
4.155 -11.159
4.155 11.159
4.156 -11.1625
4.156 11.1625
4.157 -11.1659
4.157 11.1659
4.158 -11.1694
4.158 11.1694
4.159 -11.1728
4.159 11.1728
4.16 -11.1762
4.16 11.1762
4.161 -11.1797
4.161 11.1797
4.162 -11.1831
4.162 11.1831
4.163 -11.1865
4.163 11.1865
4.164 -11.19
4.164 11.19
4.165 -11.1934
4.165 11.1934
4.166 -11.1969
4.166 11.1969
4.167 -11.2003
4.167 11.2003
4.168 -11.2038
4.168 11.2038
4.169 -11.2072
4.169 11.2072
4.17 -11.2106
4.17 11.2106
4.171 -11.2141
4.171 11.2141
4.172 -11.2175
4.172 11.2175
4.173 -11.221
4.173 11.221
4.174 -11.2244
4.174 11.2244
4.175 -11.2279
4.175 11.2279
4.176 -11.2313
4.176 11.2313
4.177 -11.2347
4.177 11.2347
4.178 -11.2382
4.178 11.2382
4.179 -11.2416
4.179 11.2416
4.18 -11.2451
4.18 11.2451
4.181 -11.2485
4.181 11.2485
4.182 -11.252
4.182 11.252
4.183 -11.2554
4.183 11.2554
4.184 -11.2589
4.184 11.2589
4.185 -11.2623
4.185 11.2623
4.186 -11.2658
4.186 11.2658
4.187 -11.2692
4.187 11.2692
4.188 -11.2727
4.188 11.2727
4.189 -11.2761
4.189 11.2761
4.19 -11.2796
4.19 11.2796
4.191 -11.283
4.191 11.283
4.192 -11.2865
4.192 11.2865
4.193 -11.2899
4.193 11.2899
4.194 -11.2934
4.194 11.2934
4.195 -11.2968
4.195 11.2968
4.196 -11.3003
4.196 11.3003
4.197 -11.3037
4.197 11.3037
4.198 -11.3072
4.198 11.3072
4.199 -11.3106
4.199 11.3106
4.2 -11.3141
4.2 11.3141
4.201 -11.3175
4.201 11.3175
4.202 -11.321
4.202 11.321
4.203 -11.3244
4.203 11.3244
4.204 -11.3279
4.204 11.3279
4.205 -11.3313
4.205 11.3313
4.206 -11.3348
4.206 11.3348
4.207 -11.3382
4.207 11.3382
4.208 -11.3417
4.208 11.3417
4.209 -11.3451
4.209 11.3451
4.21 -11.3486
4.21 11.3486
4.211 -11.3521
4.211 11.3521
4.212 -11.3555
4.212 11.3555
4.213 -11.359
4.213 11.359
4.214 -11.3624
4.214 11.3624
4.215 -11.3659
4.215 11.3659
4.216 -11.3693
4.216 11.3693
4.217 -11.3728
4.217 11.3728
4.218 -11.3763
4.218 11.3763
4.219 -11.3797
4.219 11.3797
4.22 -11.3832
4.22 11.3832
4.221 -11.3866
4.221 11.3866
4.222 -11.3901
4.222 11.3901
4.223 -11.3936
4.223 11.3936
4.224 -11.397
4.224 11.397
4.225 -11.4005
4.225 11.4005
4.226 -11.4039
4.226 11.4039
4.227 -11.4074
4.227 11.4074
4.228 -11.4109
4.228 11.4109
4.229 -11.4143
4.229 11.4143
4.23 -11.4178
4.23 11.4178
4.231 -11.4212
4.231 11.4212
4.232 -11.4247
4.232 11.4247
4.233 -11.4282
4.233 11.4282
4.234 -11.4316
4.234 11.4316
4.235 -11.4351
4.235 11.4351
4.236 -11.4386
4.236 11.4386
4.237 -11.442
4.237 11.442
4.238 -11.4455
4.238 11.4455
4.239 -11.449
4.239 11.449
4.24 -11.4524
4.24 11.4524
4.241 -11.4559
4.241 11.4559
4.242 -11.4593
4.242 11.4593
4.243 -11.4628
4.243 11.4628
4.244 -11.4663
4.244 11.4663
4.245 -11.4697
4.245 11.4697
4.246 -11.4732
4.246 11.4732
4.247 -11.4767
4.247 11.4767
4.248 -11.4801
4.248 11.4801
4.249 -11.4836
4.249 11.4836
4.25 -11.4871
4.25 11.4871
4.251 -11.4906
4.251 11.4906
4.252 -11.494
4.252 11.494
4.253 -11.4975
4.253 11.4975
4.254 -11.501
4.254 11.501
4.255 -11.5044
4.255 11.5044
4.256 -11.5079
4.256 11.5079
4.257 -11.5114
4.257 11.5114
4.258 -11.5148
4.258 11.5148
4.259 -11.5183
4.259 11.5183
4.26 -11.5218
4.26 11.5218
4.261 -11.5253
4.261 11.5253
4.262 -11.5287
4.262 11.5287
4.263 -11.5322
4.263 11.5322
4.264 -11.5357
4.264 11.5357
4.265 -11.5392
4.265 11.5392
4.266 -11.5426
4.266 11.5426
4.267 -11.5461
4.267 11.5461
4.268 -11.5496
4.268 11.5496
4.269 -11.553
4.269 11.553
4.27 -11.5565
4.27 11.5565
4.271 -11.56
4.271 11.56
4.272 -11.5635
4.272 11.5635
4.273 -11.5669
4.273 11.5669
4.274 -11.5704
4.274 11.5704
4.275 -11.5739
4.275 11.5739
4.276 -11.5774
4.276 11.5774
4.277 -11.5809
4.277 11.5809
4.278 -11.5843
4.278 11.5843
4.279 -11.5878
4.279 11.5878
4.28 -11.5913
4.28 11.5913
4.281 -11.5948
4.281 11.5948
4.282 -11.5982
4.282 11.5982
4.283 -11.6017
4.283 11.6017
4.284 -11.6052
4.284 11.6052
4.285 -11.6087
4.285 11.6087
4.286 -11.6122
4.286 11.6122
4.287 -11.6156
4.287 11.6156
4.288 -11.6191
4.288 11.6191
4.289 -11.6226
4.289 11.6226
4.29 -11.6261
4.29 11.6261
4.291 -11.6296
4.291 11.6296
4.292 -11.6331
4.292 11.6331
4.293 -11.6365
4.293 11.6365
4.294 -11.64
4.294 11.64
4.295 -11.6435
4.295 11.6435
4.296 -11.647
4.296 11.647
4.297 -11.6505
4.297 11.6505
4.298 -11.6539
4.298 11.6539
4.299 -11.6574
4.299 11.6574
4.3 -11.6609
4.3 11.6609
4.301 -11.6644
4.301 11.6644
4.302 -11.6679
4.302 11.6679
4.303 -11.6714
4.303 11.6714
4.304 -11.6749
4.304 11.6749
4.305 -11.6783
4.305 11.6783
4.306 -11.6818
4.306 11.6818
4.307 -11.6853
4.307 11.6853
4.308 -11.6888
4.308 11.6888
4.309 -11.6923
4.309 11.6923
4.31 -11.6958
4.31 11.6958
4.311 -11.6993
4.311 11.6993
4.312 -11.7028
4.312 11.7028
4.313 -11.7062
4.313 11.7062
4.314 -11.7097
4.314 11.7097
4.315 -11.7132
4.315 11.7132
4.316 -11.7167
4.316 11.7167
4.317 -11.7202
4.317 11.7202
4.318 -11.7237
4.318 11.7237
4.319 -11.7272
4.319 11.7272
4.32 -11.7307
4.32 11.7307
4.321 -11.7342
4.321 11.7342
4.322 -11.7377
4.322 11.7377
4.323 -11.7412
4.323 11.7412
4.324 -11.7446
4.324 11.7446
4.325 -11.7481
4.325 11.7481
4.326 -11.7516
4.326 11.7516
4.327 -11.7551
4.327 11.7551
4.328 -11.7586
4.328 11.7586
4.329 -11.7621
4.329 11.7621
4.33 -11.7656
4.33 11.7656
4.331 -11.7691
4.331 11.7691
4.332 -11.7726
4.332 11.7726
4.333 -11.7761
4.333 11.7761
4.334 -11.7796
4.334 11.7796
4.335 -11.7831
4.335 11.7831
4.336 -11.7866
4.336 11.7866
4.337 -11.7901
4.337 11.7901
4.338 -11.7936
4.338 11.7936
4.339 -11.7971
4.339 11.7971
4.34 -11.8006
4.34 11.8006
4.341 -11.8041
4.341 11.8041
4.342 -11.8076
4.342 11.8076
4.343 -11.8111
4.343 11.8111
4.344 -11.8146
4.344 11.8146
4.345 -11.8181
4.345 11.8181
4.346 -11.8216
4.346 11.8216
4.347 -11.8251
4.347 11.8251
4.348 -11.8286
4.348 11.8286
4.349 -11.8321
4.349 11.8321
4.35 -11.8356
4.35 11.8356
4.351 -11.8391
4.351 11.8391
4.352 -11.8426
4.352 11.8426
4.353 -11.8461
4.353 11.8461
4.354 -11.8496
4.354 11.8496
4.355 -11.8531
4.355 11.8531
4.356 -11.8566
4.356 11.8566
4.357 -11.8601
4.357 11.8601
4.358 -11.8636
4.358 11.8636
4.359 -11.8671
4.359 11.8671
4.36 -11.8706
4.36 11.8706
4.361 -11.8741
4.361 11.8741
4.362 -11.8776
4.362 11.8776
4.363 -11.8811
4.363 11.8811
4.364 -11.8846
4.364 11.8846
4.365 -11.8881
4.365 11.8881
4.366 -11.8916
4.366 11.8916
4.367 -11.8951
4.367 11.8951
4.368 -11.8986
4.368 11.8986
4.369 -11.9021
4.369 11.9021
4.37 -11.9056
4.37 11.9056
4.371 -11.9091
4.371 11.9091
4.372 -11.9127
4.372 11.9127
4.373 -11.9162
4.373 11.9162
4.374 -11.9197
4.374 11.9197
4.375 -11.9232
4.375 11.9232
4.376 -11.9267
4.376 11.9267
4.377 -11.9302
4.377 11.9302
4.378 -11.9337
4.378 11.9337
4.379 -11.9372
4.379 11.9372
4.38 -11.9407
4.38 11.9407
4.381 -11.9442
4.381 11.9442
4.382 -11.9477
4.382 11.9477
4.383 -11.9513
4.383 11.9513
4.384 -11.9548
4.384 11.9548
4.385 -11.9583
4.385 11.9583
4.386 -11.9618
4.386 11.9618
4.387 -11.9653
4.387 11.9653
4.388 -11.9688
4.388 11.9688
4.389 -11.9723
4.389 11.9723
4.39 -11.9758
4.39 11.9758
4.391 -11.9794
4.391 11.9794
4.392 -11.9829
4.392 11.9829
4.393 -11.9864
4.393 11.9864
4.394 -11.9899
4.394 11.9899
4.395 -11.9934
4.395 11.9934
4.396 -11.9969
4.396 11.9969
4.397 -12.0004
4.397 12.0004
4.398 -12.004
4.398 12.004
4.399 -12.0075
4.399 12.0075
4.4 -12.011
4.4 12.011
4.401 -12.0145
4.401 12.0145
4.402 -12.018
4.402 12.018
4.403 -12.0215
4.403 12.0215
4.404 -12.0251
4.404 12.0251
4.405 -12.0286
4.405 12.0286
4.406 -12.0321
4.406 12.0321
4.407 -12.0356
4.407 12.0356
4.408 -12.0391
4.408 12.0391
4.409 -12.0427
4.409 12.0427
4.41 -12.0462
4.41 12.0462
4.411 -12.0497
4.411 12.0497
4.412 -12.0532
4.412 12.0532
4.413 -12.0567
4.413 12.0567
4.414 -12.0603
4.414 12.0603
4.415 -12.0638
4.415 12.0638
4.416 -12.0673
4.416 12.0673
4.417 -12.0708
4.417 12.0708
4.418 -12.0743
4.418 12.0743
4.419 -12.0779
4.419 12.0779
4.42 -12.0814
4.42 12.0814
4.421 -12.0849
4.421 12.0849
4.422 -12.0884
4.422 12.0884
4.423 -12.092
4.423 12.092
4.424 -12.0955
4.424 12.0955
4.425 -12.099
4.425 12.099
4.426 -12.1025
4.426 12.1025
4.427 -12.1061
4.427 12.1061
4.428 -12.1096
4.428 12.1096
4.429 -12.1131
4.429 12.1131
4.43 -12.1166
4.43 12.1166
4.431 -12.1202
4.431 12.1202
4.432 -12.1237
4.432 12.1237
4.433 -12.1272
4.433 12.1272
4.434 -12.1307
4.434 12.1307
4.435 -12.1343
4.435 12.1343
4.436 -12.1378
4.436 12.1378
4.437 -12.1413
4.437 12.1413
4.438 -12.1449
4.438 12.1449
4.439 -12.1484
4.439 12.1484
4.44 -12.1519
4.44 12.1519
4.441 -12.1555
4.441 12.1555
4.442 -12.159
4.442 12.159
4.443 -12.1625
4.443 12.1625
4.444 -12.166
4.444 12.166
4.445 -12.1696
4.445 12.1696
4.446 -12.1731
4.446 12.1731
4.447 -12.1766
4.447 12.1766
4.448 -12.1802
4.448 12.1802
4.449 -12.1837
4.449 12.1837
4.45 -12.1872
4.45 12.1872
4.451 -12.1908
4.451 12.1908
4.452 -12.1943
4.452 12.1943
4.453 -12.1978
4.453 12.1978
4.454 -12.2014
4.454 12.2014
4.455 -12.2049
4.455 12.2049
4.456 -12.2084
4.456 12.2084
4.457 -12.212
4.457 12.212
4.458 -12.2155
4.458 12.2155
4.459 -12.219
4.459 12.219
4.46 -12.2226
4.46 12.2226
4.461 -12.2261
4.461 12.2261
4.462 -12.2296
4.462 12.2296
4.463 -12.2332
4.463 12.2332
4.464 -12.2367
4.464 12.2367
4.465 -12.2403
4.465 12.2403
4.466 -12.2438
4.466 12.2438
4.467 -12.2473
4.467 12.2473
4.468 -12.2509
4.468 12.2509
4.469 -12.2544
4.469 12.2544
4.47 -12.2579
4.47 12.2579
4.471 -12.2615
4.471 12.2615
4.472 -12.265
4.472 12.265
4.473 -12.2686
4.473 12.2686
4.474 -12.2721
4.474 12.2721
4.475 -12.2756
4.475 12.2756
4.476 -12.2792
4.476 12.2792
4.477 -12.2827
4.477 12.2827
4.478 -12.2863
4.478 12.2863
4.479 -12.2898
4.479 12.2898
4.48 -12.2934
4.48 12.2934
4.481 -12.2969
4.481 12.2969
4.482 -12.3004
4.482 12.3004
4.483 -12.304
4.483 12.304
4.484 -12.3075
4.484 12.3075
4.485 -12.3111
4.485 12.3111
4.486 -12.3146
4.486 12.3146
4.487 -12.3182
4.487 12.3182
4.488 -12.3217
4.488 12.3217
4.489 -12.3252
4.489 12.3252
4.49 -12.3288
4.49 12.3288
4.491 -12.3323
4.491 12.3323
4.492 -12.3359
4.492 12.3359
4.493 -12.3394
4.493 12.3394
4.494 -12.343
4.494 12.343
4.495 -12.3465
4.495 12.3465
4.496 -12.3501
4.496 12.3501
4.497 -12.3536
4.497 12.3536
4.498 -12.3572
4.498 12.3572
4.499 -12.3607
4.499 12.3607
4.5 -12.3643
4.5 12.3643
4.501 -12.3678
4.501 12.3678
4.502 -12.3714
4.502 12.3714
4.503 -12.3749
4.503 12.3749
4.504 -12.3785
4.504 12.3785
4.505 -12.382
4.505 12.382
4.506 -12.3856
4.506 12.3856
4.507 -12.3891
4.507 12.3891
4.508 -12.3927
4.508 12.3927
4.509 -12.3962
4.509 12.3962
4.51 -12.3998
4.51 12.3998
4.511 -12.4033
4.511 12.4033
4.512 -12.4069
4.512 12.4069
4.513 -12.4104
4.513 12.4104
4.514 -12.414
4.514 12.414
4.515 -12.4175
4.515 12.4175
4.516 -12.4211
4.516 12.4211
4.517 -12.4246
4.517 12.4246
4.518 -12.4282
4.518 12.4282
4.519 -12.4317
4.519 12.4317
4.52 -12.4353
4.52 12.4353
4.521 -12.4389
4.521 12.4389
4.522 -12.4424
4.522 12.4424
4.523 -12.446
4.523 12.446
4.524 -12.4495
4.524 12.4495
4.525 -12.4531
4.525 12.4531
4.526 -12.4566
4.526 12.4566
4.527 -12.4602
4.527 12.4602
4.528 -12.4637
4.528 12.4637
4.529 -12.4673
4.529 12.4673
4.53 -12.4709
4.53 12.4709
4.531 -12.4744
4.531 12.4744
4.532 -12.478
4.532 12.478
4.533 -12.4815
4.533 12.4815
4.534 -12.4851
4.534 12.4851
4.535 -12.4887
4.535 12.4887
4.536 -12.4922
4.536 12.4922
4.537 -12.4958
4.537 12.4958
4.538 -12.4993
4.538 12.4993
4.539 -12.5029
4.539 12.5029
4.54 -12.5065
4.54 12.5065
4.541 -12.51
4.541 12.51
4.542 -12.5136
4.542 12.5136
4.543 -12.5171
4.543 12.5171
4.544 -12.5207
4.544 12.5207
4.545 -12.5243
4.545 12.5243
4.546 -12.5278
4.546 12.5278
4.547 -12.5314
4.547 12.5314
4.548 -12.535
4.548 12.535
4.549 -12.5385
4.549 12.5385
4.55 -12.5421
4.55 12.5421
4.551 -12.5456
4.551 12.5456
4.552 -12.5492
4.552 12.5492
4.553 -12.5528
4.553 12.5528
4.554 -12.5563
4.554 12.5563
4.555 -12.5599
4.555 12.5599
4.556 -12.5635
4.556 12.5635
4.557 -12.567
4.557 12.567
4.558 -12.5706
4.558 12.5706
4.559 -12.5742
4.559 12.5742
4.56 -12.5777
4.56 12.5777
4.561 -12.5813
4.561 12.5813
4.562 -12.5849
4.562 12.5849
4.563 -12.5884
4.563 12.5884
4.564 -12.592
4.564 12.592
4.565 -12.5956
4.565 12.5956
4.566 -12.5992
4.566 12.5992
4.567 -12.6027
4.567 12.6027
4.568 -12.6063
4.568 12.6063
4.569 -12.6099
4.569 12.6099
4.57 -12.6134
4.57 12.6134
4.571 -12.617
4.571 12.617
4.572 -12.6206
4.572 12.6206
4.573 -12.6241
4.573 12.6241
4.574 -12.6277
4.574 12.6277
4.575 -12.6313
4.575 12.6313
4.576 -12.6349
4.576 12.6349
4.577 -12.6384
4.577 12.6384
4.578 -12.642
4.578 12.642
4.579 -12.6456
4.579 12.6456
4.58 -12.6492
4.58 12.6492
4.581 -12.6527
4.581 12.6527
4.582 -12.6563
4.582 12.6563
4.583 -12.6599
4.583 12.6599
4.584 -12.6635
4.584 12.6635
4.585 -12.667
4.585 12.667
4.586 -12.6706
4.586 12.6706
4.587 -12.6742
4.587 12.6742
4.588 -12.6778
4.588 12.6778
4.589 -12.6813
4.589 12.6813
4.59 -12.6849
4.59 12.6849
4.591 -12.6885
4.591 12.6885
4.592 -12.6921
4.592 12.6921
4.593 -12.6956
4.593 12.6956
4.594 -12.6992
4.594 12.6992
4.595 -12.7028
4.595 12.7028
4.596 -12.7064
4.596 12.7064
4.597 -12.71
4.597 12.71
4.598 -12.7135
4.598 12.7135
4.599 -12.7171
4.599 12.7171
4.6 -12.7207
4.6 12.7207
4.601 -12.7243
4.601 12.7243
4.602 -12.7279
4.602 12.7279
4.603 -12.7314
4.603 12.7314
4.604 -12.735
4.604 12.735
4.605 -12.7386
4.605 12.7386
4.606 -12.7422
4.606 12.7422
4.607 -12.7458
4.607 12.7458
4.608 -12.7493
4.608 12.7493
4.609 -12.7529
4.609 12.7529
4.61 -12.7565
4.61 12.7565
4.611 -12.7601
4.611 12.7601
4.612 -12.7637
4.612 12.7637
4.613 -12.7673
4.613 12.7673
4.614 -12.7708
4.614 12.7708
4.615 -12.7744
4.615 12.7744
4.616 -12.778
4.616 12.778
4.617 -12.7816
4.617 12.7816
4.618 -12.7852
4.618 12.7852
4.619 -12.7888
4.619 12.7888
4.62 -12.7924
4.62 12.7924
4.621 -12.7959
4.621 12.7959
4.622 -12.7995
4.622 12.7995
4.623 -12.8031
4.623 12.8031
4.624 -12.8067
4.624 12.8067
4.625 -12.8103
4.625 12.8103
4.626 -12.8139
4.626 12.8139
4.627 -12.8175
4.627 12.8175
4.628 -12.8211
4.628 12.8211
4.629 -12.8246
4.629 12.8246
4.63 -12.8282
4.63 12.8282
4.631 -12.8318
4.631 12.8318
4.632 -12.8354
4.632 12.8354
4.633 -12.839
4.633 12.839
4.634 -12.8426
4.634 12.8426
4.635 -12.8462
4.635 12.8462
4.636 -12.8498
4.636 12.8498
4.637 -12.8534
4.637 12.8534
4.638 -12.857
4.638 12.857
4.639 -12.8605
4.639 12.8605
4.64 -12.8641
4.64 12.8641
4.641 -12.8677
4.641 12.8677
4.642 -12.8713
4.642 12.8713
4.643 -12.8749
4.643 12.8749
4.644 -12.8785
4.644 12.8785
4.645 -12.8821
4.645 12.8821
4.646 -12.8857
4.646 12.8857
4.647 -12.8893
4.647 12.8893
4.648 -12.8929
4.648 12.8929
4.649 -12.8965
4.649 12.8965
4.65 -12.9001
4.65 12.9001
4.651 -12.9037
4.651 12.9037
4.652 -12.9073
4.652 12.9073
4.653 -12.9109
4.653 12.9109
4.654 -12.9145
4.654 12.9145
4.655 -12.9181
4.655 12.9181
4.656 -12.9217
4.656 12.9217
4.657 -12.9253
4.657 12.9253
4.658 -12.9289
4.658 12.9289
4.659 -12.9325
4.659 12.9325
4.66 -12.9361
4.66 12.9361
4.661 -12.9397
4.661 12.9397
4.662 -12.9433
4.662 12.9433
4.663 -12.9469
4.663 12.9469
4.664 -12.9505
4.664 12.9505
4.665 -12.9541
4.665 12.9541
4.666 -12.9577
4.666 12.9577
4.667 -12.9613
4.667 12.9613
4.668 -12.9649
4.668 12.9649
4.669 -12.9685
4.669 12.9685
4.67 -12.9721
4.67 12.9721
4.671 -12.9757
4.671 12.9757
4.672 -12.9793
4.672 12.9793
4.673 -12.9829
4.673 12.9829
4.674 -12.9865
4.674 12.9865
4.675 -12.9901
4.675 12.9901
4.676 -12.9937
4.676 12.9937
4.677 -12.9973
4.677 12.9973
4.678 -13.0009
4.678 13.0009
4.679 -13.0045
4.679 13.0045
4.68 -13.0081
4.68 13.0081
4.681 -13.0117
4.681 13.0117
4.682 -13.0153
4.682 13.0153
4.683 -13.0189
4.683 13.0189
4.684 -13.0225
4.684 13.0225
4.685 -13.0261
4.685 13.0261
4.686 -13.0297
4.686 13.0297
4.687 -13.0333
4.687 13.0333
4.688 -13.0369
4.688 13.0369
4.689 -13.0405
4.689 13.0405
4.69 -13.0442
4.69 13.0442
4.691 -13.0478
4.691 13.0478
4.692 -13.0514
4.692 13.0514
4.693 -13.055
4.693 13.055
4.694 -13.0586
4.694 13.0586
4.695 -13.0622
4.695 13.0622
4.696 -13.0658
4.696 13.0658
4.697 -13.0694
4.697 13.0694
4.698 -13.073
4.698 13.073
4.699 -13.0766
4.699 13.0766
4.7 -13.0803
4.7 13.0803
4.701 -13.0839
4.701 13.0839
4.702 -13.0875
4.702 13.0875
4.703 -13.0911
4.703 13.0911
4.704 -13.0947
4.704 13.0947
4.705 -13.0983
4.705 13.0983
4.706 -13.1019
4.706 13.1019
4.707 -13.1055
4.707 13.1055
4.708 -13.1092
4.708 13.1092
4.709 -13.1128
4.709 13.1128
4.71 -13.1164
4.71 13.1164
4.711 -13.12
4.711 13.12
4.712 -13.1236
4.712 13.1236
4.713 -13.1272
4.713 13.1272
4.714 -13.1308
4.714 13.1308
4.715 -13.1345
4.715 13.1345
4.716 -13.1381
4.716 13.1381
4.717 -13.1417
4.717 13.1417
4.718 -13.1453
4.718 13.1453
4.719 -13.1489
4.719 13.1489
4.72 -13.1525
4.72 13.1525
4.721 -13.1562
4.721 13.1562
4.722 -13.1598
4.722 13.1598
4.723 -13.1634
4.723 13.1634
4.724 -13.167
4.724 13.167
4.725 -13.1706
4.725 13.1706
4.726 -13.1742
4.726 13.1742
4.727 -13.1779
4.727 13.1779
4.728 -13.1815
4.728 13.1815
4.729 -13.1851
4.729 13.1851
4.73 -13.1887
4.73 13.1887
4.731 -13.1923
4.731 13.1923
4.732 -13.196
4.732 13.196
4.733 -13.1996
4.733 13.1996
4.734 -13.2032
4.734 13.2032
4.735 -13.2068
4.735 13.2068
4.736 -13.2105
4.736 13.2105
4.737 -13.2141
4.737 13.2141
4.738 -13.2177
4.738 13.2177
4.739 -13.2213
4.739 13.2213
4.74 -13.2249
4.74 13.2249
4.741 -13.2286
4.741 13.2286
4.742 -13.2322
4.742 13.2322
4.743 -13.2358
4.743 13.2358
4.744 -13.2394
4.744 13.2394
4.745 -13.2431
4.745 13.2431
4.746 -13.2467
4.746 13.2467
4.747 -13.2503
4.747 13.2503
4.748 -13.2539
4.748 13.2539
4.749 -13.2576
4.749 13.2576
4.75 -13.2612
4.75 13.2612
4.751 -13.2648
4.751 13.2648
4.752 -13.2685
4.752 13.2685
4.753 -13.2721
4.753 13.2721
4.754 -13.2757
4.754 13.2757
4.755 -13.2793
4.755 13.2793
4.756 -13.283
4.756 13.283
4.757 -13.2866
4.757 13.2866
4.758 -13.2902
4.758 13.2902
4.759 -13.2939
4.759 13.2939
4.76 -13.2975
4.76 13.2975
4.761 -13.3011
4.761 13.3011
4.762 -13.3047
4.762 13.3047
4.763 -13.3084
4.763 13.3084
4.764 -13.312
4.764 13.312
4.765 -13.3156
4.765 13.3156
4.766 -13.3193
4.766 13.3193
4.767 -13.3229
4.767 13.3229
4.768 -13.3265
4.768 13.3265
4.769 -13.3302
4.769 13.3302
4.77 -13.3338
4.77 13.3338
4.771 -13.3374
4.771 13.3374
4.772 -13.3411
4.772 13.3411
4.773 -13.3447
4.773 13.3447
4.774 -13.3483
4.774 13.3483
4.775 -13.352
4.775 13.352
4.776 -13.3556
4.776 13.3556
4.777 -13.3592
4.777 13.3592
4.778 -13.3629
4.778 13.3629
4.779 -13.3665
4.779 13.3665
4.78 -13.3701
4.78 13.3701
4.781 -13.3738
4.781 13.3738
4.782 -13.3774
4.782 13.3774
4.783 -13.381
4.783 13.381
4.784 -13.3847
4.784 13.3847
4.785 -13.3883
4.785 13.3883
4.786 -13.392
4.786 13.392
4.787 -13.3956
4.787 13.3956
4.788 -13.3992
4.788 13.3992
4.789 -13.4029
4.789 13.4029
4.79 -13.4065
4.79 13.4065
4.791 -13.4102
4.791 13.4102
4.792 -13.4138
4.792 13.4138
4.793 -13.4174
4.793 13.4174
4.794 -13.4211
4.794 13.4211
4.795 -13.4247
4.795 13.4247
4.796 -13.4284
4.796 13.4284
4.797 -13.432
4.797 13.432
4.798 -13.4356
4.798 13.4356
4.799 -13.4393
4.799 13.4393
4.8 -13.4429
4.8 13.4429
4.801 -13.4466
4.801 13.4466
4.802 -13.4502
4.802 13.4502
4.803 -13.4538
4.803 13.4538
4.804 -13.4575
4.804 13.4575
4.805 -13.4611
4.805 13.4611
4.806 -13.4648
4.806 13.4648
4.807 -13.4684
4.807 13.4684
4.808 -13.4721
4.808 13.4721
4.809 -13.4757
4.809 13.4757
4.81 -13.4794
4.81 13.4794
4.811 -13.483
4.811 13.483
4.812 -13.4866
4.812 13.4866
4.813 -13.4903
4.813 13.4903
4.814 -13.4939
4.814 13.4939
4.815 -13.4976
4.815 13.4976
4.816 -13.5012
4.816 13.5012
4.817 -13.5049
4.817 13.5049
4.818 -13.5085
4.818 13.5085
4.819 -13.5122
4.819 13.5122
4.82 -13.5158
4.82 13.5158
4.821 -13.5195
4.821 13.5195
4.822 -13.5231
4.822 13.5231
4.823 -13.5268
4.823 13.5268
4.824 -13.5304
4.824 13.5304
4.825 -13.5341
4.825 13.5341
4.826 -13.5377
4.826 13.5377
4.827 -13.5414
4.827 13.5414
4.828 -13.545
4.828 13.545
4.829 -13.5487
4.829 13.5487
4.83 -13.5523
4.83 13.5523
4.831 -13.556
4.831 13.556
4.832 -13.5596
4.832 13.5596
4.833 -13.5633
4.833 13.5633
4.834 -13.5669
4.834 13.5669
4.835 -13.5706
4.835 13.5706
4.836 -13.5742
4.836 13.5742
4.837 -13.5779
4.837 13.5779
4.838 -13.5815
4.838 13.5815
4.839 -13.5852
4.839 13.5852
4.84 -13.5888
4.84 13.5888
4.841 -13.5925
4.841 13.5925
4.842 -13.5962
4.842 13.5962
4.843 -13.5998
4.843 13.5998
4.844 -13.6035
4.844 13.6035
4.845 -13.6071
4.845 13.6071
4.846 -13.6108
4.846 13.6108
4.847 -13.6144
4.847 13.6144
4.848 -13.6181
4.848 13.6181
4.849 -13.6217
4.849 13.6217
4.85 -13.6254
4.85 13.6254
4.851 -13.6291
4.851 13.6291
4.852 -13.6327
4.852 13.6327
4.853 -13.6364
4.853 13.6364
4.854 -13.64
4.854 13.64
4.855 -13.6437
4.855 13.6437
4.856 -13.6474
4.856 13.6474
4.857 -13.651
4.857 13.651
4.858 -13.6547
4.858 13.6547
4.859 -13.6583
4.859 13.6583
4.86 -13.662
4.86 13.662
4.861 -13.6657
4.861 13.6657
4.862 -13.6693
4.862 13.6693
4.863 -13.673
4.863 13.673
4.864 -13.6766
4.864 13.6766
4.865 -13.6803
4.865 13.6803
4.866 -13.684
4.866 13.684
4.867 -13.6876
4.867 13.6876
4.868 -13.6913
4.868 13.6913
4.869 -13.6949
4.869 13.6949
4.87 -13.6986
4.87 13.6986
4.871 -13.7023
4.871 13.7023
4.872 -13.7059
4.872 13.7059
4.873 -13.7096
4.873 13.7096
4.874 -13.7133
4.874 13.7133
4.875 -13.7169
4.875 13.7169
4.876 -13.7206
4.876 13.7206
4.877 -13.7243
4.877 13.7243
4.878 -13.7279
4.878 13.7279
4.879 -13.7316
4.879 13.7316
4.88 -13.7353
4.88 13.7353
4.881 -13.7389
4.881 13.7389
4.882 -13.7426
4.882 13.7426
4.883 -13.7463
4.883 13.7463
4.884 -13.7499
4.884 13.7499
4.885 -13.7536
4.885 13.7536
4.886 -13.7573
4.886 13.7573
4.887 -13.7609
4.887 13.7609
4.888 -13.7646
4.888 13.7646
4.889 -13.7683
4.889 13.7683
4.89 -13.7719
4.89 13.7719
4.891 -13.7756
4.891 13.7756
4.892 -13.7793
4.892 13.7793
4.893 -13.783
4.893 13.783
4.894 -13.7866
4.894 13.7866
4.895 -13.7903
4.895 13.7903
4.896 -13.794
4.896 13.794
4.897 -13.7976
4.897 13.7976
4.898 -13.8013
4.898 13.8013
4.899 -13.805
4.899 13.805
4.9 -13.8087
4.9 13.8087
4.901 -13.8123
4.901 13.8123
4.902 -13.816
4.902 13.816
4.903 -13.8197
4.903 13.8197
4.904 -13.8233
4.904 13.8233
4.905 -13.827
4.905 13.827
4.906 -13.8307
4.906 13.8307
4.907 -13.8344
4.907 13.8344
4.908 -13.838
4.908 13.838
4.909 -13.8417
4.909 13.8417
4.91 -13.8454
4.91 13.8454
4.911 -13.8491
4.911 13.8491
4.912 -13.8528
4.912 13.8528
4.913 -13.8564
4.913 13.8564
4.914 -13.8601
4.914 13.8601
4.915 -13.8638
4.915 13.8638
4.916 -13.8675
4.916 13.8675
4.917 -13.8711
4.917 13.8711
4.918 -13.8748
4.918 13.8748
4.919 -13.8785
4.919 13.8785
4.92 -13.8822
4.92 13.8822
4.921 -13.8859
4.921 13.8859
4.922 -13.8895
4.922 13.8895
4.923 -13.8932
4.923 13.8932
4.924 -13.8969
4.924 13.8969
4.925 -13.9006
4.925 13.9006
4.926 -13.9042
4.926 13.9042
4.927 -13.9079
4.927 13.9079
4.928 -13.9116
4.928 13.9116
4.929 -13.9153
4.929 13.9153
4.93 -13.919
4.93 13.919
4.931 -13.9227
4.931 13.9227
4.932 -13.9263
4.932 13.9263
4.933 -13.93
4.933 13.93
4.934 -13.9337
4.934 13.9337
4.935 -13.9374
4.935 13.9374
4.936 -13.9411
4.936 13.9411
4.937 -13.9448
4.937 13.9448
4.938 -13.9484
4.938 13.9484
4.939 -13.9521
4.939 13.9521
4.94 -13.9558
4.94 13.9558
4.941 -13.9595
4.941 13.9595
4.942 -13.9632
4.942 13.9632
4.943 -13.9669
4.943 13.9669
4.944 -13.9706
4.944 13.9706
4.945 -13.9742
4.945 13.9742
4.946 -13.9779
4.946 13.9779
4.947 -13.9816
4.947 13.9816
4.948 -13.9853
4.948 13.9853
4.949 -13.989
4.949 13.989
4.95 -13.9927
4.95 13.9927
4.951 -13.9964
4.951 13.9964
4.952 -14
4.952 14
4.953 -14.0037
4.953 14.0037
4.954 -14.0074
4.954 14.0074
4.955 -14.0111
4.955 14.0111
4.956 -14.0148
4.956 14.0148
4.957 -14.0185
4.957 14.0185
4.958 -14.0222
4.958 14.0222
4.959 -14.0259
4.959 14.0259
4.96 -14.0296
4.96 14.0296
4.961 -14.0333
4.961 14.0333
4.962 -14.0369
4.962 14.0369
4.963 -14.0406
4.963 14.0406
4.964 -14.0443
4.964 14.0443
4.965 -14.048
4.965 14.048
4.966 -14.0517
4.966 14.0517
4.967 -14.0554
4.967 14.0554
4.968 -14.0591
4.968 14.0591
4.969 -14.0628
4.969 14.0628
4.97 -14.0665
4.97 14.0665
4.971 -14.0702
4.971 14.0702
4.972 -14.0739
4.972 14.0739
4.973 -14.0776
4.973 14.0776
4.974 -14.0813
4.974 14.0813
4.975 -14.085
4.975 14.085
4.976 -14.0887
4.976 14.0887
4.977 -14.0924
4.977 14.0924
4.978 -14.0961
4.978 14.0961
4.979 -14.0997
4.979 14.0997
4.98 -14.1034
4.98 14.1034
4.981 -14.1071
4.981 14.1071
4.982 -14.1108
4.982 14.1108
4.983 -14.1145
4.983 14.1145
4.984 -14.1182
4.984 14.1182
4.985 -14.1219
4.985 14.1219
4.986 -14.1256
4.986 14.1256
4.987 -14.1293
4.987 14.1293
4.988 -14.133
4.988 14.133
4.989 -14.1367
4.989 14.1367
4.99 -14.1404
4.99 14.1404
4.991 -14.1441
4.991 14.1441
4.992 -14.1478
4.992 14.1478
4.993 -14.1515
4.993 14.1515
4.994 -14.1552
4.994 14.1552
4.995 -14.1589
4.995 14.1589
4.996 -14.1626
4.996 14.1626
4.997 -14.1663
4.997 14.1663
4.998 -14.17
4.998 14.17
4.999 -14.1737
4.999 14.1737
5 -14.1774
5 14.1774
5.001 -14.1812
5.001 14.1812
5.002 -14.1849
5.002 14.1849
5.003 -14.1886
5.003 14.1886
5.004 -14.1923
5.004 14.1923
5.005 -14.196
5.005 14.196
5.006 -14.1997
5.006 14.1997
5.007 -14.2034
5.007 14.2034
5.008 -14.2071
5.008 14.2071
5.009 -14.2108
5.009 14.2108
5.01 -14.2145
5.01 14.2145
5.011 -14.2182
5.011 14.2182
5.012 -14.2219
5.012 14.2219
5.013 -14.2256
5.013 14.2256
5.014 -14.2293
5.014 14.2293
5.015 -14.233
5.015 14.233
5.016 -14.2367
5.016 14.2367
5.017 -14.2404
5.017 14.2404
5.018 -14.2442
5.018 14.2442
5.019 -14.2479
5.019 14.2479
5.02 -14.2516
5.02 14.2516
5.021 -14.2553
5.021 14.2553
5.022 -14.259
5.022 14.259
5.023 -14.2627
5.023 14.2627
5.024 -14.2664
5.024 14.2664
5.025 -14.2701
5.025 14.2701
5.026 -14.2738
5.026 14.2738
5.027 -14.2775
5.027 14.2775
5.028 -14.2813
5.028 14.2813
5.029 -14.285
5.029 14.285
5.03 -14.2887
5.03 14.2887
5.031 -14.2924
5.031 14.2924
5.032 -14.2961
5.032 14.2961
5.033 -14.2998
5.033 14.2998
5.034 -14.3035
5.034 14.3035
5.035 -14.3072
5.035 14.3072
5.036 -14.311
5.036 14.311
5.037 -14.3147
5.037 14.3147
5.038 -14.3184
5.038 14.3184
5.039 -14.3221
5.039 14.3221
5.04 -14.3258
5.04 14.3258
5.041 -14.3295
5.041 14.3295
5.042 -14.3332
5.042 14.3332
5.043 -14.337
5.043 14.337
5.044 -14.3407
5.044 14.3407
5.045 -14.3444
5.045 14.3444
5.046 -14.3481
5.046 14.3481
5.047 -14.3518
5.047 14.3518
5.048 -14.3555
5.048 14.3555
5.049 -14.3593
5.049 14.3593
5.05 -14.363
5.05 14.363
5.051 -14.3667
5.051 14.3667
5.052 -14.3704
5.052 14.3704
5.053 -14.3741
5.053 14.3741
5.054 -14.3779
5.054 14.3779
5.055 -14.3816
5.055 14.3816
5.056 -14.3853
5.056 14.3853
5.057 -14.389
5.057 14.389
5.058 -14.3927
5.058 14.3927
5.059 -14.3965
5.059 14.3965
5.06 -14.4002
5.06 14.4002
5.061 -14.4039
5.061 14.4039
5.062 -14.4076
5.062 14.4076
5.063 -14.4113
5.063 14.4113
5.064 -14.4151
5.064 14.4151
5.065 -14.4188
5.065 14.4188
5.066 -14.4225
5.066 14.4225
5.067 -14.4262
5.067 14.4262
5.068 -14.43
5.068 14.43
5.069 -14.4337
5.069 14.4337
5.07 -14.4374
5.07 14.4374
5.071 -14.4411
5.071 14.4411
5.072 -14.4448
5.072 14.4448
5.073 -14.4486
5.073 14.4486
5.074 -14.4523
5.074 14.4523
5.075 -14.456
5.075 14.456
5.076 -14.4598
5.076 14.4598
5.077 -14.4635
5.077 14.4635
5.078 -14.4672
5.078 14.4672
5.079 -14.4709
5.079 14.4709
5.08 -14.4747
5.08 14.4747
5.081 -14.4784
5.081 14.4784
5.082 -14.4821
5.082 14.4821
5.083 -14.4858
5.083 14.4858
5.084 -14.4896
5.084 14.4896
5.085 -14.4933
5.085 14.4933
5.086 -14.497
5.086 14.497
5.087 -14.5008
5.087 14.5008
5.088 -14.5045
5.088 14.5045
5.089 -14.5082
5.089 14.5082
5.09 -14.5119
5.09 14.5119
5.091 -14.5157
5.091 14.5157
5.092 -14.5194
5.092 14.5194
5.093 -14.5231
5.093 14.5231
5.094 -14.5269
5.094 14.5269
5.095 -14.5306
5.095 14.5306
5.096 -14.5343
5.096 14.5343
5.097 -14.5381
5.097 14.5381
5.098 -14.5418
5.098 14.5418
5.099 -14.5455
5.099 14.5455
5.1 -14.5493
5.1 14.5493
5.101 -14.553
5.101 14.553
5.102 -14.5567
5.102 14.5567
5.103 -14.5605
5.103 14.5605
5.104 -14.5642
5.104 14.5642
5.105 -14.5679
5.105 14.5679
5.106 -14.5717
5.106 14.5717
5.107 -14.5754
5.107 14.5754
5.108 -14.5791
5.108 14.5791
5.109 -14.5829
5.109 14.5829
5.11 -14.5866
5.11 14.5866
5.111 -14.5903
5.111 14.5903
5.112 -14.5941
5.112 14.5941
5.113 -14.5978
5.113 14.5978
5.114 -14.6016
5.114 14.6016
5.115 -14.6053
5.115 14.6053
5.116 -14.609
5.116 14.609
5.117 -14.6128
5.117 14.6128
5.118 -14.6165
5.118 14.6165
5.119 -14.6202
5.119 14.6202
5.12 -14.624
5.12 14.624
5.121 -14.6277
5.121 14.6277
5.122 -14.6315
5.122 14.6315
5.123 -14.6352
5.123 14.6352
5.124 -14.6389
5.124 14.6389
5.125 -14.6427
5.125 14.6427
5.126 -14.6464
5.126 14.6464
5.127 -14.6502
5.127 14.6502
5.128 -14.6539
5.128 14.6539
5.129 -14.6576
5.129 14.6576
5.13 -14.6614
5.13 14.6614
5.131 -14.6651
5.131 14.6651
5.132 -14.6689
5.132 14.6689
5.133 -14.6726
5.133 14.6726
5.134 -14.6764
5.134 14.6764
5.135 -14.6801
5.135 14.6801
5.136 -14.6838
5.136 14.6838
5.137 -14.6876
5.137 14.6876
5.138 -14.6913
5.138 14.6913
5.139 -14.6951
5.139 14.6951
5.14 -14.6988
5.14 14.6988
5.141 -14.7026
5.141 14.7026
5.142 -14.7063
5.142 14.7063
5.143 -14.7101
5.143 14.7101
5.144 -14.7138
5.144 14.7138
5.145 -14.7176
5.145 14.7176
5.146 -14.7213
5.146 14.7213
5.147 -14.7251
5.147 14.7251
5.148 -14.7288
5.148 14.7288
5.149 -14.7325
5.149 14.7325
5.15 -14.7363
5.15 14.7363
5.151 -14.74
5.151 14.74
5.152 -14.7438
5.152 14.7438
5.153 -14.7475
5.153 14.7475
5.154 -14.7513
5.154 14.7513
5.155 -14.755
5.155 14.755
5.156 -14.7588
5.156 14.7588
5.157 -14.7625
5.157 14.7625
5.158 -14.7663
5.158 14.7663
5.159 -14.77
5.159 14.77
5.16 -14.7738
5.16 14.7738
5.161 -14.7775
5.161 14.7775
5.162 -14.7813
5.162 14.7813
5.163 -14.785
5.163 14.785
5.164 -14.7888
5.164 14.7888
5.165 -14.7926
5.165 14.7926
5.166 -14.7963
5.166 14.7963
5.167 -14.8001
5.167 14.8001
5.168 -14.8038
5.168 14.8038
5.169 -14.8076
5.169 14.8076
5.17 -14.8113
5.17 14.8113
5.171 -14.8151
5.171 14.8151
5.172 -14.8188
5.172 14.8188
5.173 -14.8226
5.173 14.8226
5.174 -14.8263
5.174 14.8263
5.175 -14.8301
5.175 14.8301
5.176 -14.8338
5.176 14.8338
5.177 -14.8376
5.177 14.8376
5.178 -14.8414
5.178 14.8414
5.179 -14.8451
5.179 14.8451
5.18 -14.8489
5.18 14.8489
5.181 -14.8526
5.181 14.8526
5.182 -14.8564
5.182 14.8564
5.183 -14.8601
5.183 14.8601
5.184 -14.8639
5.184 14.8639
5.185 -14.8677
5.185 14.8677
5.186 -14.8714
5.186 14.8714
5.187 -14.8752
5.187 14.8752
5.188 -14.8789
5.188 14.8789
5.189 -14.8827
5.189 14.8827
5.19 -14.8865
5.19 14.8865
5.191 -14.8902
5.191 14.8902
5.192 -14.894
5.192 14.894
5.193 -14.8977
5.193 14.8977
5.194 -14.9015
5.194 14.9015
5.195 -14.9053
5.195 14.9053
5.196 -14.909
5.196 14.909
5.197 -14.9128
5.197 14.9128
5.198 -14.9165
5.198 14.9165
5.199 -14.9203
5.199 14.9203
5.2 -14.9241
5.2 14.9241
5.201 -14.9278
5.201 14.9278
5.202 -14.9316
5.202 14.9316
5.203 -14.9354
5.203 14.9354
5.204 -14.9391
5.204 14.9391
5.205 -14.9429
5.205 14.9429
5.206 -14.9467
5.206 14.9467
5.207 -14.9504
5.207 14.9504
5.208 -14.9542
5.208 14.9542
5.209 -14.958
5.209 14.958
5.21 -14.9617
5.21 14.9617
5.211 -14.9655
5.211 14.9655
5.212 -14.9693
5.212 14.9693
5.213 -14.973
5.213 14.973
5.214 -14.9768
5.214 14.9768
5.215 -14.9806
5.215 14.9806
5.216 -14.9843
5.216 14.9843
5.217 -14.9881
5.217 14.9881
5.218 -14.9919
5.218 14.9919
5.219 -14.9956
5.219 14.9956
5.22 -14.9994
5.22 14.9994
5.221 -15.0032
5.221 15.0032
5.222 -15.0069
5.222 15.0069
5.223 -15.0107
5.223 15.0107
5.224 -15.0145
5.224 15.0145
5.225 -15.0182
5.225 15.0182
5.226 -15.022
5.226 15.022
5.227 -15.0258
5.227 15.0258
5.228 -15.0296
5.228 15.0296
5.229 -15.0333
5.229 15.0333
5.23 -15.0371
5.23 15.0371
5.231 -15.0409
5.231 15.0409
5.232 -15.0446
5.232 15.0446
5.233 -15.0484
5.233 15.0484
5.234 -15.0522
5.234 15.0522
5.235 -15.056
5.235 15.056
5.236 -15.0597
5.236 15.0597
5.237 -15.0635
5.237 15.0635
5.238 -15.0673
5.238 15.0673
5.239 -15.0711
5.239 15.0711
5.24 -15.0748
5.24 15.0748
5.241 -15.0786
5.241 15.0786
5.242 -15.0824
5.242 15.0824
5.243 -15.0862
5.243 15.0862
5.244 -15.0899
5.244 15.0899
5.245 -15.0937
5.245 15.0937
5.246 -15.0975
5.246 15.0975
5.247 -15.1013
5.247 15.1013
5.248 -15.105
5.248 15.105
5.249 -15.1088
5.249 15.1088
5.25 -15.1126
5.25 15.1126
5.251 -15.1164
5.251 15.1164
5.252 -15.1202
5.252 15.1202
5.253 -15.1239
5.253 15.1239
5.254 -15.1277
5.254 15.1277
5.255 -15.1315
5.255 15.1315
5.256 -15.1353
5.256 15.1353
5.257 -15.1391
5.257 15.1391
5.258 -15.1428
5.258 15.1428
5.259 -15.1466
5.259 15.1466
5.26 -15.1504
5.26 15.1504
5.261 -15.1542
5.261 15.1542
5.262 -15.158
5.262 15.158
5.263 -15.1617
5.263 15.1617
5.264 -15.1655
5.264 15.1655
5.265 -15.1693
5.265 15.1693
5.266 -15.1731
5.266 15.1731
5.267 -15.1769
5.267 15.1769
5.268 -15.1806
5.268 15.1806
5.269 -15.1844
5.269 15.1844
5.27 -15.1882
5.27 15.1882
5.271 -15.192
5.271 15.192
5.272 -15.1958
5.272 15.1958
5.273 -15.1996
5.273 15.1996
5.274 -15.2034
5.274 15.2034
5.275 -15.2071
5.275 15.2071
5.276 -15.2109
5.276 15.2109
5.277 -15.2147
5.277 15.2147
5.278 -15.2185
5.278 15.2185
5.279 -15.2223
5.279 15.2223
5.28 -15.2261
5.28 15.2261
5.281 -15.2299
5.281 15.2299
5.282 -15.2336
5.282 15.2336
5.283 -15.2374
5.283 15.2374
5.284 -15.2412
5.284 15.2412
5.285 -15.245
5.285 15.245
5.286 -15.2488
5.286 15.2488
5.287 -15.2526
5.287 15.2526
5.288 -15.2564
5.288 15.2564
5.289 -15.2602
5.289 15.2602
5.29 -15.264
5.29 15.264
5.291 -15.2677
5.291 15.2677
5.292 -15.2715
5.292 15.2715
5.293 -15.2753
5.293 15.2753
5.294 -15.2791
5.294 15.2791
5.295 -15.2829
5.295 15.2829
5.296 -15.2867
5.296 15.2867
5.297 -15.2905
5.297 15.2905
5.298 -15.2943
5.298 15.2943
5.299 -15.2981
5.299 15.2981
5.3 -15.3019
5.3 15.3019
5.301 -15.3057
5.301 15.3057
5.302 -15.3094
5.302 15.3094
5.303 -15.3132
5.303 15.3132
5.304 -15.317
5.304 15.317
5.305 -15.3208
5.305 15.3208
5.306 -15.3246
5.306 15.3246
5.307 -15.3284
5.307 15.3284
5.308 -15.3322
5.308 15.3322
5.309 -15.336
5.309 15.336
5.31 -15.3398
5.31 15.3398
5.311 -15.3436
5.311 15.3436
5.312 -15.3474
5.312 15.3474
5.313 -15.3512
5.313 15.3512
5.314 -15.355
5.314 15.355
5.315 -15.3588
5.315 15.3588
5.316 -15.3626
5.316 15.3626
5.317 -15.3664
5.317 15.3664
5.318 -15.3702
5.318 15.3702
5.319 -15.374
5.319 15.374
5.32 -15.3778
5.32 15.3778
5.321 -15.3816
5.321 15.3816
5.322 -15.3854
5.322 15.3854
5.323 -15.3892
5.323 15.3892
5.324 -15.393
5.324 15.393
5.325 -15.3968
5.325 15.3968
5.326 -15.4006
5.326 15.4006
5.327 -15.4044
5.327 15.4044
5.328 -15.4082
5.328 15.4082
5.329 -15.412
5.329 15.412
5.33 -15.4158
5.33 15.4158
5.331 -15.4196
5.331 15.4196
5.332 -15.4234
5.332 15.4234
5.333 -15.4272
5.333 15.4272
5.334 -15.431
5.334 15.431
5.335 -15.4348
5.335 15.4348
5.336 -15.4386
5.336 15.4386
5.337 -15.4424
5.337 15.4424
5.338 -15.4462
5.338 15.4462
5.339 -15.45
5.339 15.45
5.34 -15.4538
5.34 15.4538
5.341 -15.4576
5.341 15.4576
5.342 -15.4614
5.342 15.4614
5.343 -15.4652
5.343 15.4652
5.344 -15.469
5.344 15.469
5.345 -15.4728
5.345 15.4728
5.346 -15.4766
5.346 15.4766
5.347 -15.4804
5.347 15.4804
5.348 -15.4843
5.348 15.4843
5.349 -15.4881
5.349 15.4881
5.35 -15.4919
5.35 15.4919
5.351 -15.4957
5.351 15.4957
5.352 -15.4995
5.352 15.4995
5.353 -15.5033
5.353 15.5033
5.354 -15.5071
5.354 15.5071
5.355 -15.5109
5.355 15.5109
5.356 -15.5147
5.356 15.5147
5.357 -15.5185
5.357 15.5185
5.358 -15.5223
5.358 15.5223
5.359 -15.5261
5.359 15.5261
5.36 -15.53
5.36 15.53
5.361 -15.5338
5.361 15.5338
5.362 -15.5376
5.362 15.5376
5.363 -15.5414
5.363 15.5414
5.364 -15.5452
5.364 15.5452
5.365 -15.549
5.365 15.549
5.366 -15.5528
5.366 15.5528
5.367 -15.5566
5.367 15.5566
5.368 -15.5604
5.368 15.5604
5.369 -15.5643
5.369 15.5643
5.37 -15.5681
5.37 15.5681
5.371 -15.5719
5.371 15.5719
5.372 -15.5757
5.372 15.5757
5.373 -15.5795
5.373 15.5795
5.374 -15.5833
5.374 15.5833
5.375 -15.5871
5.375 15.5871
5.376 -15.591
5.376 15.591
5.377 -15.5948
5.377 15.5948
5.378 -15.5986
5.378 15.5986
5.379 -15.6024
5.379 15.6024
5.38 -15.6062
5.38 15.6062
5.381 -15.61
5.381 15.61
5.382 -15.6139
5.382 15.6139
5.383 -15.6177
5.383 15.6177
5.384 -15.6215
5.384 15.6215
5.385 -15.6253
5.385 15.6253
5.386 -15.6291
5.386 15.6291
5.387 -15.6329
5.387 15.6329
5.388 -15.6368
5.388 15.6368
5.389 -15.6406
5.389 15.6406
5.39 -15.6444
5.39 15.6444
5.391 -15.6482
5.391 15.6482
5.392 -15.652
5.392 15.652
5.393 -15.6559
5.393 15.6559
5.394 -15.6597
5.394 15.6597
5.395 -15.6635
5.395 15.6635
5.396 -15.6673
5.396 15.6673
5.397 -15.6711
5.397 15.6711
5.398 -15.675
5.398 15.675
5.399 -15.6788
5.399 15.6788
5.4 -15.6826
5.4 15.6826
5.401 -15.6864
5.401 15.6864
5.402 -15.6902
5.402 15.6902
5.403 -15.6941
5.403 15.6941
5.404 -15.6979
5.404 15.6979
5.405 -15.7017
5.405 15.7017
5.406 -15.7055
5.406 15.7055
5.407 -15.7094
5.407 15.7094
5.408 -15.7132
5.408 15.7132
5.409 -15.717
5.409 15.717
5.41 -15.7208
5.41 15.7208
5.411 -15.7247
5.411 15.7247
5.412 -15.7285
5.412 15.7285
5.413 -15.7323
5.413 15.7323
5.414 -15.7361
5.414 15.7361
5.415 -15.74
5.415 15.74
5.416 -15.7438
5.416 15.7438
5.417 -15.7476
5.417 15.7476
5.418 -15.7514
5.418 15.7514
5.419 -15.7553
5.419 15.7553
5.42 -15.7591
5.42 15.7591
5.421 -15.7629
5.421 15.7629
5.422 -15.7668
5.422 15.7668
5.423 -15.7706
5.423 15.7706
5.424 -15.7744
5.424 15.7744
5.425 -15.7782
5.425 15.7782
5.426 -15.7821
5.426 15.7821
5.427 -15.7859
5.427 15.7859
5.428 -15.7897
5.428 15.7897
5.429 -15.7936
5.429 15.7936
5.43 -15.7974
5.43 15.7974
5.431 -15.8012
5.431 15.8012
5.432 -15.8051
5.432 15.8051
5.433 -15.8089
5.433 15.8089
5.434 -15.8127
5.434 15.8127
5.435 -15.8166
5.435 15.8166
5.436 -15.8204
5.436 15.8204
5.437 -15.8242
5.437 15.8242
5.438 -15.8281
5.438 15.8281
5.439 -15.8319
5.439 15.8319
5.44 -15.8357
5.44 15.8357
5.441 -15.8396
5.441 15.8396
5.442 -15.8434
5.442 15.8434
5.443 -15.8472
5.443 15.8472
5.444 -15.8511
5.444 15.8511
5.445 -15.8549
5.445 15.8549
5.446 -15.8587
5.446 15.8587
5.447 -15.8626
5.447 15.8626
5.448 -15.8664
5.448 15.8664
5.449 -15.8702
5.449 15.8702
5.45 -15.8741
5.45 15.8741
5.451 -15.8779
5.451 15.8779
5.452 -15.8817
5.452 15.8817
5.453 -15.8856
5.453 15.8856
5.454 -15.8894
5.454 15.8894
5.455 -15.8933
5.455 15.8933
5.456 -15.8971
5.456 15.8971
5.457 -15.9009
5.457 15.9009
5.458 -15.9048
5.458 15.9048
5.459 -15.9086
5.459 15.9086
5.46 -15.9125
5.46 15.9125
5.461 -15.9163
5.461 15.9163
5.462 -15.9201
5.462 15.9201
5.463 -15.924
5.463 15.924
5.464 -15.9278
5.464 15.9278
5.465 -15.9317
5.465 15.9317
5.466 -15.9355
5.466 15.9355
5.467 -15.9393
5.467 15.9393
5.468 -15.9432
5.468 15.9432
5.469 -15.947
5.469 15.947
5.47 -15.9509
5.47 15.9509
5.471 -15.9547
5.471 15.9547
5.472 -15.9585
5.472 15.9585
5.473 -15.9624
5.473 15.9624
5.474 -15.9662
5.474 15.9662
5.475 -15.9701
5.475 15.9701
5.476 -15.9739
5.476 15.9739
5.477 -15.9778
5.477 15.9778
5.478 -15.9816
5.478 15.9816
5.479 -15.9855
5.479 15.9855
5.48 -15.9893
5.48 15.9893
5.481 -15.9931
5.481 15.9931
5.482 -15.997
5.482 15.997
5.483 -16.0008
5.483 16.0008
5.484 -16.0047
5.484 16.0047
5.485 -16.0085
5.485 16.0085
5.486 -16.0124
5.486 16.0124
5.487 -16.0162
5.487 16.0162
5.488 -16.0201
5.488 16.0201
5.489 -16.0239
5.489 16.0239
5.49 -16.0278
5.49 16.0278
5.491 -16.0316
5.491 16.0316
5.492 -16.0355
5.492 16.0355
5.493 -16.0393
5.493 16.0393
5.494 -16.0432
5.494 16.0432
5.495 -16.047
5.495 16.047
5.496 -16.0509
5.496 16.0509
5.497 -16.0547
5.497 16.0547
5.498 -16.0586
5.498 16.0586
5.499 -16.0624
5.499 16.0624
5.5 -16.0663
5.5 16.0663
5.501 -16.0701
5.501 16.0701
5.502 -16.074
5.502 16.074
5.503 -16.0778
5.503 16.0778
5.504 -16.0817
5.504 16.0817
5.505 -16.0855
5.505 16.0855
5.506 -16.0894
5.506 16.0894
5.507 -16.0932
5.507 16.0932
5.508 -16.0971
5.508 16.0971
5.509 -16.1009
5.509 16.1009
5.51 -16.1048
5.51 16.1048
5.511 -16.1087
5.511 16.1087
5.512 -16.1125
5.512 16.1125
5.513 -16.1164
5.513 16.1164
5.514 -16.1202
5.514 16.1202
5.515 -16.1241
5.515 16.1241
5.516 -16.1279
5.516 16.1279
5.517 -16.1318
5.517 16.1318
5.518 -16.1356
5.518 16.1356
5.519 -16.1395
5.519 16.1395
5.52 -16.1434
5.52 16.1434
5.521 -16.1472
5.521 16.1472
5.522 -16.1511
5.522 16.1511
5.523 -16.1549
5.523 16.1549
5.524 -16.1588
5.524 16.1588
5.525 -16.1626
5.525 16.1626
5.526 -16.1665
5.526 16.1665
5.527 -16.1704
5.527 16.1704
5.528 -16.1742
5.528 16.1742
5.529 -16.1781
5.529 16.1781
5.53 -16.1819
5.53 16.1819
5.531 -16.1858
5.531 16.1858
5.532 -16.1897
5.532 16.1897
5.533 -16.1935
5.533 16.1935
5.534 -16.1974
5.534 16.1974
5.535 -16.2012
5.535 16.2012
5.536 -16.2051
5.536 16.2051
5.537 -16.209
5.537 16.209
5.538 -16.2128
5.538 16.2128
5.539 -16.2167
5.539 16.2167
5.54 -16.2206
5.54 16.2206
5.541 -16.2244
5.541 16.2244
5.542 -16.2283
5.542 16.2283
5.543 -16.2321
5.543 16.2321
5.544 -16.236
5.544 16.236
5.545 -16.2399
5.545 16.2399
5.546 -16.2437
5.546 16.2437
5.547 -16.2476
5.547 16.2476
5.548 -16.2515
5.548 16.2515
5.549 -16.2553
5.549 16.2553
5.55 -16.2592
5.55 16.2592
5.551 -16.2631
5.551 16.2631
5.552 -16.2669
5.552 16.2669
5.553 -16.2708
5.553 16.2708
5.554 -16.2747
5.554 16.2747
5.555 -16.2785
5.555 16.2785
5.556 -16.2824
5.556 16.2824
5.557 -16.2863
5.557 16.2863
5.558 -16.2901
5.558 16.2901
5.559 -16.294
5.559 16.294
5.56 -16.2979
5.56 16.2979
5.561 -16.3017
5.561 16.3017
5.562 -16.3056
5.562 16.3056
5.563 -16.3095
5.563 16.3095
5.564 -16.3133
5.564 16.3133
5.565 -16.3172
5.565 16.3172
5.566 -16.3211
5.566 16.3211
5.567 -16.325
5.567 16.325
5.568 -16.3288
5.568 16.3288
5.569 -16.3327
5.569 16.3327
5.57 -16.3366
5.57 16.3366
5.571 -16.3404
5.571 16.3404
5.572 -16.3443
5.572 16.3443
5.573 -16.3482
5.573 16.3482
5.574 -16.3521
5.574 16.3521
5.575 -16.3559
5.575 16.3559
5.576 -16.3598
5.576 16.3598
5.577 -16.3637
5.577 16.3637
5.578 -16.3675
5.578 16.3675
5.579 -16.3714
5.579 16.3714
5.58 -16.3753
5.58 16.3753
5.581 -16.3792
5.581 16.3792
5.582 -16.383
5.582 16.383
5.583 -16.3869
5.583 16.3869
5.584 -16.3908
5.584 16.3908
5.585 -16.3947
5.585 16.3947
5.586 -16.3985
5.586 16.3985
5.587 -16.4024
5.587 16.4024
5.588 -16.4063
5.588 16.4063
5.589 -16.4102
5.589 16.4102
5.59 -16.4141
5.59 16.4141
5.591 -16.4179
5.591 16.4179
5.592 -16.4218
5.592 16.4218
5.593 -16.4257
5.593 16.4257
5.594 -16.4296
5.594 16.4296
5.595 -16.4334
5.595 16.4334
5.596 -16.4373
5.596 16.4373
5.597 -16.4412
5.597 16.4412
5.598 -16.4451
5.598 16.4451
5.599 -16.449
5.599 16.449
5.6 -16.4528
5.6 16.4528
5.601 -16.4567
5.601 16.4567
5.602 -16.4606
5.602 16.4606
5.603 -16.4645
5.603 16.4645
5.604 -16.4684
5.604 16.4684
5.605 -16.4722
5.605 16.4722
5.606 -16.4761
5.606 16.4761
5.607 -16.48
5.607 16.48
5.608 -16.4839
5.608 16.4839
5.609 -16.4878
5.609 16.4878
5.61 -16.4917
5.61 16.4917
5.611 -16.4955
5.611 16.4955
5.612 -16.4994
5.612 16.4994
5.613 -16.5033
5.613 16.5033
5.614 -16.5072
5.614 16.5072
5.615 -16.5111
5.615 16.5111
5.616 -16.515
5.616 16.515
5.617 -16.5188
5.617 16.5188
5.618 -16.5227
5.618 16.5227
5.619 -16.5266
5.619 16.5266
5.62 -16.5305
5.62 16.5305
5.621 -16.5344
5.621 16.5344
5.622 -16.5383
5.622 16.5383
5.623 -16.5422
5.623 16.5422
5.624 -16.546
5.624 16.546
5.625 -16.5499
5.625 16.5499
5.626 -16.5538
5.626 16.5538
5.627 -16.5577
5.627 16.5577
5.628 -16.5616
5.628 16.5616
5.629 -16.5655
5.629 16.5655
5.63 -16.5694
5.63 16.5694
5.631 -16.5733
5.631 16.5733
5.632 -16.5772
5.632 16.5772
5.633 -16.581
5.633 16.581
5.634 -16.5849
5.634 16.5849
5.635 -16.5888
5.635 16.5888
5.636 -16.5927
5.636 16.5927
5.637 -16.5966
5.637 16.5966
5.638 -16.6005
5.638 16.6005
5.639 -16.6044
5.639 16.6044
5.64 -16.6083
5.64 16.6083
5.641 -16.6122
5.641 16.6122
5.642 -16.6161
5.642 16.6161
5.643 -16.62
5.643 16.62
5.644 -16.6238
5.644 16.6238
5.645 -16.6277
5.645 16.6277
5.646 -16.6316
5.646 16.6316
5.647 -16.6355
5.647 16.6355
5.648 -16.6394
5.648 16.6394
5.649 -16.6433
5.649 16.6433
5.65 -16.6472
5.65 16.6472
5.651 -16.6511
5.651 16.6511
5.652 -16.655
5.652 16.655
5.653 -16.6589
5.653 16.6589
5.654 -16.6628
5.654 16.6628
5.655 -16.6667
5.655 16.6667
5.656 -16.6706
5.656 16.6706
5.657 -16.6745
5.657 16.6745
5.658 -16.6784
5.658 16.6784
5.659 -16.6823
5.659 16.6823
5.66 -16.6862
5.66 16.6862
5.661 -16.6901
5.661 16.6901
5.662 -16.694
5.662 16.694
5.663 -16.6979
5.663 16.6979
5.664 -16.7018
5.664 16.7018
5.665 -16.7057
5.665 16.7057
5.666 -16.7096
5.666 16.7096
5.667 -16.7135
5.667 16.7135
5.668 -16.7174
5.668 16.7174
5.669 -16.7213
5.669 16.7213
5.67 -16.7252
5.67 16.7252
5.671 -16.7291
5.671 16.7291
5.672 -16.733
5.672 16.733
5.673 -16.7369
5.673 16.7369
5.674 -16.7408
5.674 16.7408
5.675 -16.7447
5.675 16.7447
5.676 -16.7486
5.676 16.7486
5.677 -16.7525
5.677 16.7525
5.678 -16.7564
5.678 16.7564
5.679 -16.7603
5.679 16.7603
5.68 -16.7642
5.68 16.7642
5.681 -16.7681
5.681 16.7681
5.682 -16.772
5.682 16.772
5.683 -16.7759
5.683 16.7759
5.684 -16.7798
5.684 16.7798
5.685 -16.7837
5.685 16.7837
5.686 -16.7876
5.686 16.7876
5.687 -16.7915
5.687 16.7915
5.688 -16.7954
5.688 16.7954
5.689 -16.7993
5.689 16.7993
5.69 -16.8032
5.69 16.8032
5.691 -16.8071
5.691 16.8071
5.692 -16.811
5.692 16.811
5.693 -16.8149
5.693 16.8149
5.694 -16.8188
5.694 16.8188
5.695 -16.8228
5.695 16.8228
5.696 -16.8267
5.696 16.8267
5.697 -16.8306
5.697 16.8306
5.698 -16.8345
5.698 16.8345
5.699 -16.8384
5.699 16.8384
5.7 -16.8423
5.7 16.8423
5.701 -16.8462
5.701 16.8462
5.702 -16.8501
5.702 16.8501
5.703 -16.854
5.703 16.854
5.704 -16.8579
5.704 16.8579
5.705 -16.8618
5.705 16.8618
5.706 -16.8658
5.706 16.8658
5.707 -16.8697
5.707 16.8697
5.708 -16.8736
5.708 16.8736
5.709 -16.8775
5.709 16.8775
5.71 -16.8814
5.71 16.8814
5.711 -16.8853
5.711 16.8853
5.712 -16.8892
5.712 16.8892
5.713 -16.8931
5.713 16.8931
5.714 -16.8971
5.714 16.8971
5.715 -16.901
5.715 16.901
5.716 -16.9049
5.716 16.9049
5.717 -16.9088
5.717 16.9088
5.718 -16.9127
5.718 16.9127
5.719 -16.9166
5.719 16.9166
5.72 -16.9205
5.72 16.9205
5.721 -16.9244
5.721 16.9244
5.722 -16.9284
5.722 16.9284
5.723 -16.9323
5.723 16.9323
5.724 -16.9362
5.724 16.9362
5.725 -16.9401
5.725 16.9401
5.726 -16.944
5.726 16.944
5.727 -16.9479
5.727 16.9479
5.728 -16.9519
5.728 16.9519
5.729 -16.9558
5.729 16.9558
5.73 -16.9597
5.73 16.9597
5.731 -16.9636
5.731 16.9636
5.732 -16.9675
5.732 16.9675
5.733 -16.9714
5.733 16.9714
5.734 -16.9754
5.734 16.9754
5.735 -16.9793
5.735 16.9793
5.736 -16.9832
5.736 16.9832
5.737 -16.9871
5.737 16.9871
5.738 -16.991
5.738 16.991
5.739 -16.995
5.739 16.995
5.74 -16.9989
5.74 16.9989
5.741 -17.0028
5.741 17.0028
5.742 -17.0067
5.742 17.0067
5.743 -17.0106
5.743 17.0106
5.744 -17.0146
5.744 17.0146
5.745 -17.0185
5.745 17.0185
5.746 -17.0224
5.746 17.0224
5.747 -17.0263
5.747 17.0263
5.748 -17.0303
5.748 17.0303
5.749 -17.0342
5.749 17.0342
5.75 -17.0381
5.75 17.0381
5.751 -17.042
5.751 17.042
5.752 -17.0459
5.752 17.0459
5.753 -17.0499
5.753 17.0499
5.754 -17.0538
5.754 17.0538
5.755 -17.0577
5.755 17.0577
5.756 -17.0616
5.756 17.0616
5.757 -17.0656
5.757 17.0656
5.758 -17.0695
5.758 17.0695
5.759 -17.0734
5.759 17.0734
5.76 -17.0773
5.76 17.0773
5.761 -17.0813
5.761 17.0813
5.762 -17.0852
5.762 17.0852
5.763 -17.0891
5.763 17.0891
5.764 -17.0931
5.764 17.0931
5.765 -17.097
5.765 17.097
5.766 -17.1009
5.766 17.1009
5.767 -17.1048
5.767 17.1048
5.768 -17.1088
5.768 17.1088
5.769 -17.1127
5.769 17.1127
5.77 -17.1166
5.77 17.1166
5.771 -17.1206
5.771 17.1206
5.772 -17.1245
5.772 17.1245
5.773 -17.1284
5.773 17.1284
5.774 -17.1323
5.774 17.1323
5.775 -17.1363
5.775 17.1363
5.776 -17.1402
5.776 17.1402
5.777 -17.1441
5.777 17.1441
5.778 -17.1481
5.778 17.1481
5.779 -17.152
5.779 17.152
5.78 -17.1559
5.78 17.1559
5.781 -17.1599
5.781 17.1599
5.782 -17.1638
5.782 17.1638
5.783 -17.1677
5.783 17.1677
5.784 -17.1717
5.784 17.1717
5.785 -17.1756
5.785 17.1756
5.786 -17.1795
5.786 17.1795
5.787 -17.1835
5.787 17.1835
5.788 -17.1874
5.788 17.1874
5.789 -17.1913
5.789 17.1913
5.79 -17.1953
5.79 17.1953
5.791 -17.1992
5.791 17.1992
5.792 -17.2031
5.792 17.2031
5.793 -17.2071
5.793 17.2071
5.794 -17.211
5.794 17.211
5.795 -17.2149
5.795 17.2149
5.796 -17.2189
5.796 17.2189
5.797 -17.2228
5.797 17.2228
5.798 -17.2267
5.798 17.2267
5.799 -17.2307
5.799 17.2307
5.8 -17.2346
5.8 17.2346
5.801 -17.2386
5.801 17.2386
5.802 -17.2425
5.802 17.2425
5.803 -17.2464
5.803 17.2464
5.804 -17.2504
5.804 17.2504
5.805 -17.2543
5.805 17.2543
5.806 -17.2582
5.806 17.2582
5.807 -17.2622
5.807 17.2622
5.808 -17.2661
5.808 17.2661
5.809 -17.2701
5.809 17.2701
5.81 -17.274
5.81 17.274
5.811 -17.2779
5.811 17.2779
5.812 -17.2819
5.812 17.2819
5.813 -17.2858
5.813 17.2858
5.814 -17.2898
5.814 17.2898
5.815 -17.2937
5.815 17.2937
5.816 -17.2977
5.816 17.2977
5.817 -17.3016
5.817 17.3016
5.818 -17.3055
5.818 17.3055
5.819 -17.3095
5.819 17.3095
5.82 -17.3134
5.82 17.3134
5.821 -17.3174
5.821 17.3174
5.822 -17.3213
5.822 17.3213
5.823 -17.3253
5.823 17.3253
5.824 -17.3292
5.824 17.3292
5.825 -17.3331
5.825 17.3331
5.826 -17.3371
5.826 17.3371
5.827 -17.341
5.827 17.341
5.828 -17.345
5.828 17.345
5.829 -17.3489
5.829 17.3489
5.83 -17.3529
5.83 17.3529
5.831 -17.3568
5.831 17.3568
5.832 -17.3608
5.832 17.3608
5.833 -17.3647
5.833 17.3647
5.834 -17.3687
5.834 17.3687
5.835 -17.3726
5.835 17.3726
5.836 -17.3765
5.836 17.3765
5.837 -17.3805
5.837 17.3805
5.838 -17.3844
5.838 17.3844
5.839 -17.3884
5.839 17.3884
5.84 -17.3923
5.84 17.3923
5.841 -17.3963
5.841 17.3963
5.842 -17.4002
5.842 17.4002
5.843 -17.4042
5.843 17.4042
5.844 -17.4081
5.844 17.4081
5.845 -17.4121
5.845 17.4121
5.846 -17.416
5.846 17.416
5.847 -17.42
5.847 17.42
5.848 -17.4239
5.848 17.4239
5.849 -17.4279
5.849 17.4279
5.85 -17.4318
5.85 17.4318
5.851 -17.4358
5.851 17.4358
5.852 -17.4397
5.852 17.4397
5.853 -17.4437
5.853 17.4437
5.854 -17.4477
5.854 17.4477
5.855 -17.4516
5.855 17.4516
5.856 -17.4556
5.856 17.4556
5.857 -17.4595
5.857 17.4595
5.858 -17.4635
5.858 17.4635
5.859 -17.4674
5.859 17.4674
5.86 -17.4714
5.86 17.4714
5.861 -17.4753
5.861 17.4753
5.862 -17.4793
5.862 17.4793
5.863 -17.4832
5.863 17.4832
5.864 -17.4872
5.864 17.4872
5.865 -17.4911
5.865 17.4911
5.866 -17.4951
5.866 17.4951
5.867 -17.4991
5.867 17.4991
5.868 -17.503
5.868 17.503
5.869 -17.507
5.869 17.507
5.87 -17.5109
5.87 17.5109
5.871 -17.5149
5.871 17.5149
5.872 -17.5188
5.872 17.5188
5.873 -17.5228
5.873 17.5228
5.874 -17.5268
5.874 17.5268
5.875 -17.5307
5.875 17.5307
5.876 -17.5347
5.876 17.5347
5.877 -17.5386
5.877 17.5386
5.878 -17.5426
5.878 17.5426
5.879 -17.5466
5.879 17.5466
5.88 -17.5505
5.88 17.5505
5.881 -17.5545
5.881 17.5545
5.882 -17.5584
5.882 17.5584
5.883 -17.5624
5.883 17.5624
5.884 -17.5664
5.884 17.5664
5.885 -17.5703
5.885 17.5703
5.886 -17.5743
5.886 17.5743
5.887 -17.5782
5.887 17.5782
5.888 -17.5822
5.888 17.5822
5.889 -17.5862
5.889 17.5862
5.89 -17.5901
5.89 17.5901
5.891 -17.5941
5.891 17.5941
5.892 -17.5981
5.892 17.5981
5.893 -17.602
5.893 17.602
5.894 -17.606
5.894 17.606
5.895 -17.61
5.895 17.61
5.896 -17.6139
5.896 17.6139
5.897 -17.6179
5.897 17.6179
5.898 -17.6218
5.898 17.6218
5.899 -17.6258
5.899 17.6258
5.9 -17.6298
5.9 17.6298
5.901 -17.6337
5.901 17.6337
5.902 -17.6377
5.902 17.6377
5.903 -17.6417
5.903 17.6417
5.904 -17.6456
5.904 17.6456
5.905 -17.6496
5.905 17.6496
5.906 -17.6536
5.906 17.6536
5.907 -17.6575
5.907 17.6575
5.908 -17.6615
5.908 17.6615
5.909 -17.6655
5.909 17.6655
5.91 -17.6694
5.91 17.6694
5.911 -17.6734
5.911 17.6734
5.912 -17.6774
5.912 17.6774
5.913 -17.6814
5.913 17.6814
5.914 -17.6853
5.914 17.6853
5.915 -17.6893
5.915 17.6893
5.916 -17.6933
5.916 17.6933
5.917 -17.6972
5.917 17.6972
5.918 -17.7012
5.918 17.7012
5.919 -17.7052
5.919 17.7052
5.92 -17.7091
5.92 17.7091
5.921 -17.7131
5.921 17.7131
5.922 -17.7171
5.922 17.7171
5.923 -17.7211
5.923 17.7211
5.924 -17.725
5.924 17.725
5.925 -17.729
5.925 17.729
5.926 -17.733
5.926 17.733
5.927 -17.737
5.927 17.737
5.928 -17.7409
5.928 17.7409
5.929 -17.7449
5.929 17.7449
5.93 -17.7489
5.93 17.7489
5.931 -17.7528
5.931 17.7528
5.932 -17.7568
5.932 17.7568
5.933 -17.7608
5.933 17.7608
5.934 -17.7648
5.934 17.7648
5.935 -17.7687
5.935 17.7687
5.936 -17.7727
5.936 17.7727
5.937 -17.7767
5.937 17.7767
5.938 -17.7807
5.938 17.7807
5.939 -17.7847
5.939 17.7847
5.94 -17.7886
5.94 17.7886
5.941 -17.7926
5.941 17.7926
5.942 -17.7966
5.942 17.7966
5.943 -17.8006
5.943 17.8006
5.944 -17.8045
5.944 17.8045
5.945 -17.8085
5.945 17.8085
5.946 -17.8125
5.946 17.8125
5.947 -17.8165
5.947 17.8165
5.948 -17.8205
5.948 17.8205
5.949 -17.8244
5.949 17.8244
5.95 -17.8284
5.95 17.8284
5.951 -17.8324
5.951 17.8324
5.952 -17.8364
5.952 17.8364
5.953 -17.8404
5.953 17.8404
5.954 -17.8443
5.954 17.8443
5.955 -17.8483
5.955 17.8483
5.956 -17.8523
5.956 17.8523
5.957 -17.8563
5.957 17.8563
5.958 -17.8603
5.958 17.8603
5.959 -17.8642
5.959 17.8642
5.96 -17.8682
5.96 17.8682
5.961 -17.8722
5.961 17.8722
5.962 -17.8762
5.962 17.8762
5.963 -17.8802
5.963 17.8802
5.964 -17.8842
5.964 17.8842
5.965 -17.8881
5.965 17.8881
5.966 -17.8921
5.966 17.8921
5.967 -17.8961
5.967 17.8961
5.968 -17.9001
5.968 17.9001
5.969 -17.9041
5.969 17.9041
5.97 -17.9081
5.97 17.9081
5.971 -17.9121
5.971 17.9121
5.972 -17.916
5.972 17.916
5.973 -17.92
5.973 17.92
5.974 -17.924
5.974 17.924
5.975 -17.928
5.975 17.928
5.976 -17.932
5.976 17.932
5.977 -17.936
5.977 17.936
5.978 -17.94
5.978 17.94
5.979 -17.9439
5.979 17.9439
5.98 -17.9479
5.98 17.9479
5.981 -17.9519
5.981 17.9519
5.982 -17.9559
5.982 17.9559
5.983 -17.9599
5.983 17.9599
5.984 -17.9639
5.984 17.9639
5.985 -17.9679
5.985 17.9679
5.986 -17.9719
5.986 17.9719
5.987 -17.9759
5.987 17.9759
5.988 -17.9799
5.988 17.9799
5.989 -17.9838
5.989 17.9838
5.99 -17.9878
5.99 17.9878
5.991 -17.9918
5.991 17.9918
5.992 -17.9958
5.992 17.9958
5.993 -17.9998
5.993 17.9998
5.994 -18.0038
5.994 18.0038
5.995 -18.0078
5.995 18.0078
5.996 -18.0118
5.996 18.0118
5.997 -18.0158
5.997 18.0158
5.998 -18.0198
5.998 18.0198
5.999 -18.0238
5.999 18.0238
6 -18.0278
6 18.0278
6.001 -18.0318
6.001 18.0318
6.002 -18.0357
6.002 18.0357
6.003 -18.0397
6.003 18.0397
6.004 -18.0437
6.004 18.0437
6.005 -18.0477
6.005 18.0477
6.006 -18.0517
6.006 18.0517
6.007 -18.0557
6.007 18.0557
6.008 -18.0597
6.008 18.0597
6.009 -18.0637
6.009 18.0637
6.01 -18.0677
6.01 18.0677
6.011 -18.0717
6.011 18.0717
6.012 -18.0757
6.012 18.0757
6.013 -18.0797
6.013 18.0797
6.014 -18.0837
6.014 18.0837
6.015 -18.0877
6.015 18.0877
6.016 -18.0917
6.016 18.0917
6.017 -18.0957
6.017 18.0957
6.018 -18.0997
6.018 18.0997
6.019 -18.1037
6.019 18.1037
6.02 -18.1077
6.02 18.1077
6.021 -18.1117
6.021 18.1117
6.022 -18.1157
6.022 18.1157
6.023 -18.1197
6.023 18.1197
6.024 -18.1237
6.024 18.1237
6.025 -18.1277
6.025 18.1277
6.026 -18.1317
6.026 18.1317
6.027 -18.1357
6.027 18.1357
6.028 -18.1397
6.028 18.1397
6.029 -18.1437
6.029 18.1437
6.03 -18.1477
6.03 18.1477
6.031 -18.1517
6.031 18.1517
6.032 -18.1557
6.032 18.1557
6.033 -18.1597
6.033 18.1597
6.034 -18.1637
6.034 18.1637
6.035 -18.1677
6.035 18.1677
6.036 -18.1717
6.036 18.1717
6.037 -18.1757
6.037 18.1757
6.038 -18.1797
6.038 18.1797
6.039 -18.1837
6.039 18.1837
6.04 -18.1877
6.04 18.1877
6.041 -18.1917
6.041 18.1917
6.042 -18.1957
6.042 18.1957
6.043 -18.1998
6.043 18.1998
6.044 -18.2038
6.044 18.2038
6.045 -18.2078
6.045 18.2078
6.046 -18.2118
6.046 18.2118
6.047 -18.2158
6.047 18.2158
6.048 -18.2198
6.048 18.2198
6.049 -18.2238
6.049 18.2238
6.05 -18.2278
6.05 18.2278
6.051 -18.2318
6.051 18.2318
6.052 -18.2358
6.052 18.2358
6.053 -18.2398
6.053 18.2398
6.054 -18.2438
6.054 18.2438
6.055 -18.2478
6.055 18.2478
6.056 -18.2519
6.056 18.2519
6.057 -18.2559
6.057 18.2559
6.058 -18.2599
6.058 18.2599
6.059 -18.2639
6.059 18.2639
6.06 -18.2679
6.06 18.2679
6.061 -18.2719
6.061 18.2719
6.062 -18.2759
6.062 18.2759
6.063 -18.2799
6.063 18.2799
6.064 -18.2839
6.064 18.2839
6.065 -18.2879
6.065 18.2879
6.066 -18.292
6.066 18.292
6.067 -18.296
6.067 18.296
6.068 -18.3
6.068 18.3
6.069 -18.304
6.069 18.304
6.07 -18.308
6.07 18.308
6.071 -18.312
6.071 18.312
6.072 -18.316
6.072 18.316
6.073 -18.3201
6.073 18.3201
6.074 -18.3241
6.074 18.3241
6.075 -18.3281
6.075 18.3281
6.076 -18.3321
6.076 18.3321
6.077 -18.3361
6.077 18.3361
6.078 -18.3401
6.078 18.3401
6.079 -18.3441
6.079 18.3441
6.08 -18.3482
6.08 18.3482
6.081 -18.3522
6.081 18.3522
6.082 -18.3562
6.082 18.3562
6.083 -18.3602
6.083 18.3602
6.084 -18.3642
6.084 18.3642
6.085 -18.3682
6.085 18.3682
6.086 -18.3723
6.086 18.3723
6.087 -18.3763
6.087 18.3763
6.088 -18.3803
6.088 18.3803
6.089 -18.3843
6.089 18.3843
6.09 -18.3883
6.09 18.3883
6.091 -18.3924
6.091 18.3924
6.092 -18.3964
6.092 18.3964
6.093 -18.4004
6.093 18.4004
6.094 -18.4044
6.094 18.4044
6.095 -18.4084
6.095 18.4084
6.096 -18.4125
6.096 18.4125
6.097 -18.4165
6.097 18.4165
6.098 -18.4205
6.098 18.4205
6.099 -18.4245
6.099 18.4245
6.1 -18.4285
6.1 18.4285
6.101 -18.4326
6.101 18.4326
6.102 -18.4366
6.102 18.4366
6.103 -18.4406
6.103 18.4406
6.104 -18.4446
6.104 18.4446
6.105 -18.4486
6.105 18.4486
6.106 -18.4527
6.106 18.4527
6.107 -18.4567
6.107 18.4567
6.108 -18.4607
6.108 18.4607
6.109 -18.4647
6.109 18.4647
6.11 -18.4688
6.11 18.4688
6.111 -18.4728
6.111 18.4728
6.112 -18.4768
6.112 18.4768
6.113 -18.4808
6.113 18.4808
6.114 -18.4849
6.114 18.4849
6.115 -18.4889
6.115 18.4889
6.116 -18.4929
6.116 18.4929
6.117 -18.4969
6.117 18.4969
6.118 -18.501
6.118 18.501
6.119 -18.505
6.119 18.505
6.12 -18.509
6.12 18.509
6.121 -18.5131
6.121 18.5131
6.122 -18.5171
6.122 18.5171
6.123 -18.5211
6.123 18.5211
6.124 -18.5251
6.124 18.5251
6.125 -18.5292
6.125 18.5292
6.126 -18.5332
6.126 18.5332
6.127 -18.5372
6.127 18.5372
6.128 -18.5413
6.128 18.5413
6.129 -18.5453
6.129 18.5453
6.13 -18.5493
6.13 18.5493
6.131 -18.5533
6.131 18.5533
6.132 -18.5574
6.132 18.5574
6.133 -18.5614
6.133 18.5614
6.134 -18.5654
6.134 18.5654
6.135 -18.5695
6.135 18.5695
6.136 -18.5735
6.136 18.5735
6.137 -18.5775
6.137 18.5775
6.138 -18.5816
6.138 18.5816
6.139 -18.5856
6.139 18.5856
6.14 -18.5896
6.14 18.5896
6.141 -18.5937
6.141 18.5937
6.142 -18.5977
6.142 18.5977
6.143 -18.6017
6.143 18.6017
6.144 -18.6058
6.144 18.6058
6.145 -18.6098
6.145 18.6098
6.146 -18.6138
6.146 18.6138
6.147 -18.6179
6.147 18.6179
6.148 -18.6219
6.148 18.6219
6.149 -18.6259
6.149 18.6259
6.15 -18.63
6.15 18.63
6.151 -18.634
6.151 18.634
6.152 -18.638
6.152 18.638
6.153 -18.6421
6.153 18.6421
6.154 -18.6461
6.154 18.6461
6.155 -18.6502
6.155 18.6502
6.156 -18.6542
6.156 18.6542
6.157 -18.6582
6.157 18.6582
6.158 -18.6623
6.158 18.6623
6.159 -18.6663
6.159 18.6663
6.16 -18.6703
6.16 18.6703
6.161 -18.6744
6.161 18.6744
6.162 -18.6784
6.162 18.6784
6.163 -18.6825
6.163 18.6825
6.164 -18.6865
6.164 18.6865
6.165 -18.6905
6.165 18.6905
6.166 -18.6946
6.166 18.6946
6.167 -18.6986
6.167 18.6986
6.168 -18.7027
6.168 18.7027
6.169 -18.7067
6.169 18.7067
6.17 -18.7107
6.17 18.7107
6.171 -18.7148
6.171 18.7148
6.172 -18.7188
6.172 18.7188
6.173 -18.7229
6.173 18.7229
6.174 -18.7269
6.174 18.7269
6.175 -18.7309
6.175 18.7309
6.176 -18.735
6.176 18.735
6.177 -18.739
6.177 18.739
6.178 -18.7431
6.178 18.7431
6.179 -18.7471
6.179 18.7471
6.18 -18.7512
6.18 18.7512
6.181 -18.7552
6.181 18.7552
6.182 -18.7593
6.182 18.7593
6.183 -18.7633
6.183 18.7633
6.184 -18.7673
6.184 18.7673
6.185 -18.7714
6.185 18.7714
6.186 -18.7754
6.186 18.7754
6.187 -18.7795
6.187 18.7795
6.188 -18.7835
6.188 18.7835
6.189 -18.7876
6.189 18.7876
6.19 -18.7916
6.19 18.7916
6.191 -18.7957
6.191 18.7957
6.192 -18.7997
6.192 18.7997
6.193 -18.8038
6.193 18.8038
6.194 -18.8078
6.194 18.8078
6.195 -18.8119
6.195 18.8119
6.196 -18.8159
6.196 18.8159
6.197 -18.82
6.197 18.82
6.198 -18.824
6.198 18.824
6.199 -18.8281
6.199 18.8281
6.2 -18.8321
6.2 18.8321
6.201 -18.8361
6.201 18.8361
6.202 -18.8402
6.202 18.8402
6.203 -18.8442
6.203 18.8442
6.204 -18.8483
6.204 18.8483
6.205 -18.8524
6.205 18.8524
6.206 -18.8564
6.206 18.8564
6.207 -18.8605
6.207 18.8605
6.208 -18.8645
6.208 18.8645
6.209 -18.8686
6.209 18.8686
6.21 -18.8726
6.21 18.8726
6.211 -18.8767
6.211 18.8767
6.212 -18.8807
6.212 18.8807
6.213 -18.8848
6.213 18.8848
6.214 -18.8888
6.214 18.8888
6.215 -18.8929
6.215 18.8929
6.216 -18.8969
6.216 18.8969
6.217 -18.901
6.217 18.901
6.218 -18.905
6.218 18.905
6.219 -18.9091
6.219 18.9091
6.22 -18.9131
6.22 18.9131
6.221 -18.9172
6.221 18.9172
6.222 -18.9213
6.222 18.9213
6.223 -18.9253
6.223 18.9253
6.224 -18.9294
6.224 18.9294
6.225 -18.9334
6.225 18.9334
6.226 -18.9375
6.226 18.9375
6.227 -18.9415
6.227 18.9415
6.228 -18.9456
6.228 18.9456
6.229 -18.9497
6.229 18.9497
6.23 -18.9537
6.23 18.9537
6.231 -18.9578
6.231 18.9578
6.232 -18.9618
6.232 18.9618
6.233 -18.9659
6.233 18.9659
6.234 -18.9699
6.234 18.9699
6.235 -18.974
6.235 18.974
6.236 -18.9781
6.236 18.9781
6.237 -18.9821
6.237 18.9821
6.238 -18.9862
6.238 18.9862
6.239 -18.9902
6.239 18.9902
6.24 -18.9943
6.24 18.9943
6.241 -18.9984
6.241 18.9984
6.242 -19.0024
6.242 19.0024
6.243 -19.0065
6.243 19.0065
6.244 -19.0105
6.244 19.0105
6.245 -19.0146
6.245 19.0146
6.246 -19.0187
6.246 19.0187
6.247 -19.0227
6.247 19.0227
6.248 -19.0268
6.248 19.0268
6.249 -19.0309
6.249 19.0309
6.25 -19.0349
6.25 19.0349
6.251 -19.039
6.251 19.039
6.252 -19.043
6.252 19.043
6.253 -19.0471
6.253 19.0471
6.254 -19.0512
6.254 19.0512
6.255 -19.0552
6.255 19.0552
6.256 -19.0593
6.256 19.0593
6.257 -19.0634
6.257 19.0634
6.258 -19.0674
6.258 19.0674
6.259 -19.0715
6.259 19.0715
6.26 -19.0756
6.26 19.0756
6.261 -19.0796
6.261 19.0796
6.262 -19.0837
6.262 19.0837
6.263 -19.0878
6.263 19.0878
6.264 -19.0918
6.264 19.0918
6.265 -19.0959
6.265 19.0959
6.266 -19.1
6.266 19.1
6.267 -19.104
6.267 19.104
6.268 -19.1081
6.268 19.1081
6.269 -19.1122
6.269 19.1122
6.27 -19.1162
6.27 19.1162
6.271 -19.1203
6.271 19.1203
6.272 -19.1244
6.272 19.1244
6.273 -19.1284
6.273 19.1284
6.274 -19.1325
6.274 19.1325
6.275 -19.1366
6.275 19.1366
6.276 -19.1407
6.276 19.1407
6.277 -19.1447
6.277 19.1447
6.278 -19.1488
6.278 19.1488
6.279 -19.1529
6.279 19.1529
6.28 -19.1569
6.28 19.1569
6.281 -19.161
6.281 19.161
6.282 -19.1651
6.282 19.1651
6.283 -19.1692
6.283 19.1692
6.284 -19.1732
6.284 19.1732
6.285 -19.1773
6.285 19.1773
6.286 -19.1814
6.286 19.1814
6.287 -19.1854
6.287 19.1854
6.288 -19.1895
6.288 19.1895
6.289 -19.1936
6.289 19.1936
6.29 -19.1977
6.29 19.1977
6.291 -19.2017
6.291 19.2017
6.292 -19.2058
6.292 19.2058
6.293 -19.2099
6.293 19.2099
6.294 -19.214
6.294 19.214
6.295 -19.218
6.295 19.218
6.296 -19.2221
6.296 19.2221
6.297 -19.2262
6.297 19.2262
6.298 -19.2303
6.298 19.2303
6.299 -19.2343
6.299 19.2343
6.3 -19.2384
6.3 19.2384
6.301 -19.2425
6.301 19.2425
6.302 -19.2466
6.302 19.2466
6.303 -19.2507
6.303 19.2507
6.304 -19.2547
6.304 19.2547
6.305 -19.2588
6.305 19.2588
6.306 -19.2629
6.306 19.2629
6.307 -19.267
6.307 19.267
6.308 -19.271
6.308 19.271
6.309 -19.2751
6.309 19.2751
6.31 -19.2792
6.31 19.2792
6.311 -19.2833
6.311 19.2833
6.312 -19.2874
6.312 19.2874
6.313 -19.2914
6.313 19.2914
6.314 -19.2955
6.314 19.2955
6.315 -19.2996
6.315 19.2996
6.316 -19.3037
6.316 19.3037
6.317 -19.3078
6.317 19.3078
6.318 -19.3119
6.318 19.3119
6.319 -19.3159
6.319 19.3159
6.32 -19.32
6.32 19.32
6.321 -19.3241
6.321 19.3241
6.322 -19.3282
6.322 19.3282
6.323 -19.3323
6.323 19.3323
6.324 -19.3364
6.324 19.3364
6.325 -19.3404
6.325 19.3404
6.326 -19.3445
6.326 19.3445
6.327 -19.3486
6.327 19.3486
6.328 -19.3527
6.328 19.3527
6.329 -19.3568
6.329 19.3568
6.33 -19.3609
6.33 19.3609
6.331 -19.3649
6.331 19.3649
6.332 -19.369
6.332 19.369
6.333 -19.3731
6.333 19.3731
6.334 -19.3772
6.334 19.3772
6.335 -19.3813
6.335 19.3813
6.336 -19.3854
6.336 19.3854
6.337 -19.3895
6.337 19.3895
6.338 -19.3935
6.338 19.3935
6.339 -19.3976
6.339 19.3976
6.34 -19.4017
6.34 19.4017
6.341 -19.4058
6.341 19.4058
6.342 -19.4099
6.342 19.4099
6.343 -19.414
6.343 19.414
6.344 -19.4181
6.344 19.4181
6.345 -19.4222
6.345 19.4222
6.346 -19.4263
6.346 19.4263
6.347 -19.4303
6.347 19.4303
6.348 -19.4344
6.348 19.4344
6.349 -19.4385
6.349 19.4385
6.35 -19.4426
6.35 19.4426
6.351 -19.4467
6.351 19.4467
6.352 -19.4508
6.352 19.4508
6.353 -19.4549
6.353 19.4549
6.354 -19.459
6.354 19.459
6.355 -19.4631
6.355 19.4631
6.356 -19.4672
6.356 19.4672
6.357 -19.4713
6.357 19.4713
6.358 -19.4754
6.358 19.4754
6.359 -19.4794
6.359 19.4794
6.36 -19.4835
6.36 19.4835
6.361 -19.4876
6.361 19.4876
6.362 -19.4917
6.362 19.4917
6.363 -19.4958
6.363 19.4958
6.364 -19.4999
6.364 19.4999
6.365 -19.504
6.365 19.504
6.366 -19.5081
6.366 19.5081
6.367 -19.5122
6.367 19.5122
6.368 -19.5163
6.368 19.5163
6.369 -19.5204
6.369 19.5204
6.37 -19.5245
6.37 19.5245
6.371 -19.5286
6.371 19.5286
6.372 -19.5327
6.372 19.5327
6.373 -19.5368
6.373 19.5368
6.374 -19.5409
6.374 19.5409
6.375 -19.545
6.375 19.545
6.376 -19.5491
6.376 19.5491
6.377 -19.5532
6.377 19.5532
6.378 -19.5573
6.378 19.5573
6.379 -19.5614
6.379 19.5614
6.38 -19.5655
6.38 19.5655
6.381 -19.5696
6.381 19.5696
6.382 -19.5737
6.382 19.5737
6.383 -19.5778
6.383 19.5778
6.384 -19.5819
6.384 19.5819
6.385 -19.586
6.385 19.586
6.386 -19.5901
6.386 19.5901
6.387 -19.5942
6.387 19.5942
6.388 -19.5983
6.388 19.5983
6.389 -19.6024
6.389 19.6024
6.39 -19.6065
6.39 19.6065
6.391 -19.6106
6.391 19.6106
6.392 -19.6147
6.392 19.6147
6.393 -19.6188
6.393 19.6188
6.394 -19.6229
6.394 19.6229
6.395 -19.627
6.395 19.627
6.396 -19.6311
6.396 19.6311
6.397 -19.6352
6.397 19.6352
6.398 -19.6393
6.398 19.6393
6.399 -19.6434
6.399 19.6434
6.4 -19.6475
6.4 19.6475
6.401 -19.6516
6.401 19.6516
6.402 -19.6557
6.402 19.6557
6.403 -19.6598
6.403 19.6598
6.404 -19.6639
6.404 19.6639
6.405 -19.668
6.405 19.668
6.406 -19.6721
6.406 19.6721
6.407 -19.6762
6.407 19.6762
6.408 -19.6803
6.408 19.6803
6.409 -19.6844
6.409 19.6844
6.41 -19.6886
6.41 19.6886
6.411 -19.6927
6.411 19.6927
6.412 -19.6968
6.412 19.6968
6.413 -19.7009
6.413 19.7009
6.414 -19.705
6.414 19.705
6.415 -19.7091
6.415 19.7091
6.416 -19.7132
6.416 19.7132
6.417 -19.7173
6.417 19.7173
6.418 -19.7214
6.418 19.7214
6.419 -19.7255
6.419 19.7255
6.42 -19.7296
6.42 19.7296
6.421 -19.7337
6.421 19.7337
6.422 -19.7379
6.422 19.7379
6.423 -19.742
6.423 19.742
6.424 -19.7461
6.424 19.7461
6.425 -19.7502
6.425 19.7502
6.426 -19.7543
6.426 19.7543
6.427 -19.7584
6.427 19.7584
6.428 -19.7625
6.428 19.7625
6.429 -19.7666
6.429 19.7666
6.43 -19.7707
6.43 19.7707
6.431 -19.7749
6.431 19.7749
6.432 -19.779
6.432 19.779
6.433 -19.7831
6.433 19.7831
6.434 -19.7872
6.434 19.7872
6.435 -19.7913
6.435 19.7913
6.436 -19.7954
6.436 19.7954
6.437 -19.7995
6.437 19.7995
6.438 -19.8037
6.438 19.8037
6.439 -19.8078
6.439 19.8078
6.44 -19.8119
6.44 19.8119
6.441 -19.816
6.441 19.816
6.442 -19.8201
6.442 19.8201
6.443 -19.8242
6.443 19.8242
6.444 -19.8283
6.444 19.8283
6.445 -19.8325
6.445 19.8325
6.446 -19.8366
6.446 19.8366
6.447 -19.8407
6.447 19.8407
6.448 -19.8448
6.448 19.8448
6.449 -19.8489
6.449 19.8489
6.45 -19.8531
6.45 19.8531
6.451 -19.8572
6.451 19.8572
6.452 -19.8613
6.452 19.8613
6.453 -19.8654
6.453 19.8654
6.454 -19.8695
6.454 19.8695
6.455 -19.8736
6.455 19.8736
6.456 -19.8778
6.456 19.8778
6.457 -19.8819
6.457 19.8819
6.458 -19.886
6.458 19.886
6.459 -19.8901
6.459 19.8901
6.46 -19.8942
6.46 19.8942
6.461 -19.8984
6.461 19.8984
6.462 -19.9025
6.462 19.9025
6.463 -19.9066
6.463 19.9066
6.464 -19.9107
6.464 19.9107
6.465 -19.9149
6.465 19.9149
6.466 -19.919
6.466 19.919
6.467 -19.9231
6.467 19.9231
6.468 -19.9272
6.468 19.9272
6.469 -19.9313
6.469 19.9313
6.47 -19.9355
6.47 19.9355
6.471 -19.9396
6.471 19.9396
6.472 -19.9437
6.472 19.9437
6.473 -19.9478
6.473 19.9478
6.474 -19.952
6.474 19.952
6.475 -19.9561
6.475 19.9561
6.476 -19.9602
6.476 19.9602
6.477 -19.9643
6.477 19.9643
6.478 -19.9685
6.478 19.9685
6.479 -19.9726
6.479 19.9726
6.48 -19.9767
6.48 19.9767
6.481 -19.9808
6.481 19.9808
6.482 -19.985
6.482 19.985
6.483 -19.9891
6.483 19.9891
6.484 -19.9932
6.484 19.9932
6.485 -19.9973
6.485 19.9973
6.486 -20.0015
6.486 20.0015
6.487 -20.0056
6.487 20.0056
6.488 -20.0097
6.488 20.0097
6.489 -20.0139
6.489 20.0139
6.49 -20.018
6.49 20.018
6.491 -20.0221
6.491 20.0221
6.492 -20.0262
6.492 20.0262
6.493 -20.0304
6.493 20.0304
6.494 -20.0345
6.494 20.0345
6.495 -20.0386
6.495 20.0386
6.496 -20.0428
6.496 20.0428
6.497 -20.0469
6.497 20.0469
6.498 -20.051
6.498 20.051
6.499 -20.0552
6.499 20.0552
6.5 -20.0593
6.5 20.0593
6.501 -20.0634
6.501 20.0634
6.502 -20.0676
6.502 20.0676
6.503 -20.0717
6.503 20.0717
6.504 -20.0758
6.504 20.0758
6.505 -20.0799
6.505 20.0799
6.506 -20.0841
6.506 20.0841
6.507 -20.0882
6.507 20.0882
6.508 -20.0923
6.508 20.0923
6.509 -20.0965
6.509 20.0965
6.51 -20.1006
6.51 20.1006
6.511 -20.1048
6.511 20.1048
6.512 -20.1089
6.512 20.1089
6.513 -20.113
6.513 20.113
6.514 -20.1172
6.514 20.1172
6.515 -20.1213
6.515 20.1213
6.516 -20.1254
6.516 20.1254
6.517 -20.1296
6.517 20.1296
6.518 -20.1337
6.518 20.1337
6.519 -20.1378
6.519 20.1378
6.52 -20.142
6.52 20.142
6.521 -20.1461
6.521 20.1461
6.522 -20.1502
6.522 20.1502
6.523 -20.1544
6.523 20.1544
6.524 -20.1585
6.524 20.1585
6.525 -20.1627
6.525 20.1627
6.526 -20.1668
6.526 20.1668
6.527 -20.1709
6.527 20.1709
6.528 -20.1751
6.528 20.1751
6.529 -20.1792
6.529 20.1792
6.53 -20.1834
6.53 20.1834
6.531 -20.1875
6.531 20.1875
6.532 -20.1916
6.532 20.1916
6.533 -20.1958
6.533 20.1958
6.534 -20.1999
6.534 20.1999
6.535 -20.2041
6.535 20.2041
6.536 -20.2082
6.536 20.2082
6.537 -20.2123
6.537 20.2123
6.538 -20.2165
6.538 20.2165
6.539 -20.2206
6.539 20.2206
6.54 -20.2248
6.54 20.2248
6.541 -20.2289
6.541 20.2289
6.542 -20.233
6.542 20.233
6.543 -20.2372
6.543 20.2372
6.544 -20.2413
6.544 20.2413
6.545 -20.2455
6.545 20.2455
6.546 -20.2496
6.546 20.2496
6.547 -20.2538
6.547 20.2538
6.548 -20.2579
6.548 20.2579
6.549 -20.2621
6.549 20.2621
6.55 -20.2662
6.55 20.2662
6.551 -20.2703
6.551 20.2703
6.552 -20.2745
6.552 20.2745
6.553 -20.2786
6.553 20.2786
6.554 -20.2828
6.554 20.2828
6.555 -20.2869
6.555 20.2869
6.556 -20.2911
6.556 20.2911
6.557 -20.2952
6.557 20.2952
6.558 -20.2994
6.558 20.2994
6.559 -20.3035
6.559 20.3035
6.56 -20.3077
6.56 20.3077
6.561 -20.3118
6.561 20.3118
6.562 -20.316
6.562 20.316
6.563 -20.3201
6.563 20.3201
6.564 -20.3243
6.564 20.3243
6.565 -20.3284
6.565 20.3284
6.566 -20.3326
6.566 20.3326
6.567 -20.3367
6.567 20.3367
6.568 -20.3409
6.568 20.3409
6.569 -20.345
6.569 20.345
6.57 -20.3492
6.57 20.3492
6.571 -20.3533
6.571 20.3533
6.572 -20.3575
6.572 20.3575
6.573 -20.3616
6.573 20.3616
6.574 -20.3658
6.574 20.3658
6.575 -20.3699
6.575 20.3699
6.576 -20.3741
6.576 20.3741
6.577 -20.3782
6.577 20.3782
6.578 -20.3824
6.578 20.3824
6.579 -20.3865
6.579 20.3865
6.58 -20.3907
6.58 20.3907
6.581 -20.3948
6.581 20.3948
6.582 -20.399
6.582 20.399
6.583 -20.4031
6.583 20.4031
6.584 -20.4073
6.584 20.4073
6.585 -20.4114
6.585 20.4114
6.586 -20.4156
6.586 20.4156
6.587 -20.4198
6.587 20.4198
6.588 -20.4239
6.588 20.4239
6.589 -20.4281
6.589 20.4281
6.59 -20.4322
6.59 20.4322
6.591 -20.4364
6.591 20.4364
6.592 -20.4405
6.592 20.4405
6.593 -20.4447
6.593 20.4447
6.594 -20.4488
6.594 20.4488
6.595 -20.453
6.595 20.453
6.596 -20.4572
6.596 20.4572
6.597 -20.4613
6.597 20.4613
6.598 -20.4655
6.598 20.4655
6.599 -20.4696
6.599 20.4696
6.6 -20.4738
6.6 20.4738
6.601 -20.4779
6.601 20.4779
6.602 -20.4821
6.602 20.4821
6.603 -20.4863
6.603 20.4863
6.604 -20.4904
6.604 20.4904
6.605 -20.4946
6.605 20.4946
6.606 -20.4987
6.606 20.4987
6.607 -20.5029
6.607 20.5029
6.608 -20.5071
6.608 20.5071
6.609 -20.5112
6.609 20.5112
6.61 -20.5154
6.61 20.5154
6.611 -20.5195
6.611 20.5195
6.612 -20.5237
6.612 20.5237
6.613 -20.5279
6.613 20.5279
6.614 -20.532
6.614 20.532
6.615 -20.5362
6.615 20.5362
6.616 -20.5404
6.616 20.5404
6.617 -20.5445
6.617 20.5445
6.618 -20.5487
6.618 20.5487
6.619 -20.5528
6.619 20.5528
6.62 -20.557
6.62 20.557
6.621 -20.5612
6.621 20.5612
6.622 -20.5653
6.622 20.5653
6.623 -20.5695
6.623 20.5695
6.624 -20.5737
6.624 20.5737
6.625 -20.5778
6.625 20.5778
6.626 -20.582
6.626 20.582
6.627 -20.5862
6.627 20.5862
6.628 -20.5903
6.628 20.5903
6.629 -20.5945
6.629 20.5945
6.63 -20.5987
6.63 20.5987
6.631 -20.6028
6.631 20.6028
6.632 -20.607
6.632 20.607
6.633 -20.6112
6.633 20.6112
6.634 -20.6153
6.634 20.6153
6.635 -20.6195
6.635 20.6195
6.636 -20.6237
6.636 20.6237
6.637 -20.6278
6.637 20.6278
6.638 -20.632
6.638 20.632
6.639 -20.6362
6.639 20.6362
6.64 -20.6403
6.64 20.6403
6.641 -20.6445
6.641 20.6445
6.642 -20.6487
6.642 20.6487
6.643 -20.6529
6.643 20.6529
6.644 -20.657
6.644 20.657
6.645 -20.6612
6.645 20.6612
6.646 -20.6654
6.646 20.6654
6.647 -20.6695
6.647 20.6695
6.648 -20.6737
6.648 20.6737
6.649 -20.6779
6.649 20.6779
6.65 -20.682
6.65 20.682
6.651 -20.6862
6.651 20.6862
6.652 -20.6904
6.652 20.6904
6.653 -20.6946
6.653 20.6946
6.654 -20.6987
6.654 20.6987
6.655 -20.7029
6.655 20.7029
6.656 -20.7071
6.656 20.7071
6.657 -20.7113
6.657 20.7113
6.658 -20.7154
6.658 20.7154
6.659 -20.7196
6.659 20.7196
6.66 -20.7238
6.66 20.7238
6.661 -20.728
6.661 20.728
6.662 -20.7321
6.662 20.7321
6.663 -20.7363
6.663 20.7363
6.664 -20.7405
6.664 20.7405
6.665 -20.7447
6.665 20.7447
6.666 -20.7488
6.666 20.7488
6.667 -20.753
6.667 20.753
6.668 -20.7572
6.668 20.7572
6.669 -20.7614
6.669 20.7614
6.67 -20.7655
6.67 20.7655
6.671 -20.7697
6.671 20.7697
6.672 -20.7739
6.672 20.7739
6.673 -20.7781
6.673 20.7781
6.674 -20.7823
6.674 20.7823
6.675 -20.7864
6.675 20.7864
6.676 -20.7906
6.676 20.7906
6.677 -20.7948
6.677 20.7948
6.678 -20.799
6.678 20.799
6.679 -20.8031
6.679 20.8031
6.68 -20.8073
6.68 20.8073
6.681 -20.8115
6.681 20.8115
6.682 -20.8157
6.682 20.8157
6.683 -20.8199
6.683 20.8199
6.684 -20.824
6.684 20.824
6.685 -20.8282
6.685 20.8282
6.686 -20.8324
6.686 20.8324
6.687 -20.8366
6.687 20.8366
6.688 -20.8408
6.688 20.8408
6.689 -20.845
6.689 20.845
6.69 -20.8491
6.69 20.8491
6.691 -20.8533
6.691 20.8533
6.692 -20.8575
6.692 20.8575
6.693 -20.8617
6.693 20.8617
6.694 -20.8659
6.694 20.8659
6.695 -20.8701
6.695 20.8701
6.696 -20.8742
6.696 20.8742
6.697 -20.8784
6.697 20.8784
6.698 -20.8826
6.698 20.8826
6.699 -20.8868
6.699 20.8868
6.7 -20.891
6.7 20.891
6.701 -20.8952
6.701 20.8952
6.702 -20.8994
6.702 20.8994
6.703 -20.9035
6.703 20.9035
6.704 -20.9077
6.704 20.9077
6.705 -20.9119
6.705 20.9119
6.706 -20.9161
6.706 20.9161
6.707 -20.9203
6.707 20.9203
6.708 -20.9245
6.708 20.9245
6.709 -20.9287
6.709 20.9287
6.71 -20.9328
6.71 20.9328
6.711 -20.937
6.711 20.937
6.712 -20.9412
6.712 20.9412
6.713 -20.9454
6.713 20.9454
6.714 -20.9496
6.714 20.9496
6.715 -20.9538
6.715 20.9538
6.716 -20.958
6.716 20.958
6.717 -20.9622
6.717 20.9622
6.718 -20.9664
6.718 20.9664
6.719 -20.9705
6.719 20.9705
6.72 -20.9747
6.72 20.9747
6.721 -20.9789
6.721 20.9789
6.722 -20.9831
6.722 20.9831
6.723 -20.9873
6.723 20.9873
6.724 -20.9915
6.724 20.9915
6.725 -20.9957
6.725 20.9957
6.726 -20.9999
6.726 20.9999
6.727 -21.0041
6.727 21.0041
6.728 -21.0083
6.728 21.0083
6.729 -21.0125
6.729 21.0125
6.73 -21.0167
6.73 21.0167
6.731 -21.0209
6.731 21.0209
6.732 -21.025
6.732 21.025
6.733 -21.0292
6.733 21.0292
6.734 -21.0334
6.734 21.0334
6.735 -21.0376
6.735 21.0376
6.736 -21.0418
6.736 21.0418
6.737 -21.046
6.737 21.046
6.738 -21.0502
6.738 21.0502
6.739 -21.0544
6.739 21.0544
6.74 -21.0586
6.74 21.0586
6.741 -21.0628
6.741 21.0628
6.742 -21.067
6.742 21.067
6.743 -21.0712
6.743 21.0712
6.744 -21.0754
6.744 21.0754
6.745 -21.0796
6.745 21.0796
6.746 -21.0838
6.746 21.0838
6.747 -21.088
6.747 21.088
6.748 -21.0922
6.748 21.0922
6.749 -21.0964
6.749 21.0964
6.75 -21.1006
6.75 21.1006
6.751 -21.1048
6.751 21.1048
6.752 -21.109
6.752 21.109
6.753 -21.1132
6.753 21.1132
6.754 -21.1174
6.754 21.1174
6.755 -21.1216
6.755 21.1216
6.756 -21.1258
6.756 21.1258
6.757 -21.13
6.757 21.13
6.758 -21.1342
6.758 21.1342
6.759 -21.1384
6.759 21.1384
6.76 -21.1426
6.76 21.1426
6.761 -21.1468
6.761 21.1468
6.762 -21.151
6.762 21.151
6.763 -21.1552
6.763 21.1552
6.764 -21.1594
6.764 21.1594
6.765 -21.1636
6.765 21.1636
6.766 -21.1678
6.766 21.1678
6.767 -21.172
6.767 21.172
6.768 -21.1762
6.768 21.1762
6.769 -21.1804
6.769 21.1804
6.77 -21.1846
6.77 21.1846
6.771 -21.1888
6.771 21.1888
6.772 -21.193
6.772 21.193
6.773 -21.1972
6.773 21.1972
6.774 -21.2014
6.774 21.2014
6.775 -21.2056
6.775 21.2056
6.776 -21.2098
6.776 21.2098
6.777 -21.214
6.777 21.214
6.778 -21.2182
6.778 21.2182
6.779 -21.2225
6.779 21.2225
6.78 -21.2267
6.78 21.2267
6.781 -21.2309
6.781 21.2309
6.782 -21.2351
6.782 21.2351
6.783 -21.2393
6.783 21.2393
6.784 -21.2435
6.784 21.2435
6.785 -21.2477
6.785 21.2477
6.786 -21.2519
6.786 21.2519
6.787 -21.2561
6.787 21.2561
6.788 -21.2603
6.788 21.2603
6.789 -21.2645
6.789 21.2645
6.79 -21.2687
6.79 21.2687
6.791 -21.2729
6.791 21.2729
6.792 -21.2772
6.792 21.2772
6.793 -21.2814
6.793 21.2814
6.794 -21.2856
6.794 21.2856
6.795 -21.2898
6.795 21.2898
6.796 -21.294
6.796 21.294
6.797 -21.2982
6.797 21.2982
6.798 -21.3024
6.798 21.3024
6.799 -21.3066
6.799 21.3066
6.8 -21.3108
6.8 21.3108
6.801 -21.3151
6.801 21.3151
6.802 -21.3193
6.802 21.3193
6.803 -21.3235
6.803 21.3235
6.804 -21.3277
6.804 21.3277
6.805 -21.3319
6.805 21.3319
6.806 -21.3361
6.806 21.3361
6.807 -21.3403
6.807 21.3403
6.808 -21.3445
6.808 21.3445
6.809 -21.3488
6.809 21.3488
6.81 -21.353
6.81 21.353
6.811 -21.3572
6.811 21.3572
6.812 -21.3614
6.812 21.3614
6.813 -21.3656
6.813 21.3656
6.814 -21.3698
6.814 21.3698
6.815 -21.3741
6.815 21.3741
6.816 -21.3783
6.816 21.3783
6.817 -21.3825
6.817 21.3825
6.818 -21.3867
6.818 21.3867
6.819 -21.3909
6.819 21.3909
6.82 -21.3951
6.82 21.3951
6.821 -21.3994
6.821 21.3994
6.822 -21.4036
6.822 21.4036
6.823 -21.4078
6.823 21.4078
6.824 -21.412
6.824 21.412
6.825 -21.4162
6.825 21.4162
6.826 -21.4204
6.826 21.4204
6.827 -21.4247
6.827 21.4247
6.828 -21.4289
6.828 21.4289
6.829 -21.4331
6.829 21.4331
6.83 -21.4373
6.83 21.4373
6.831 -21.4415
6.831 21.4415
6.832 -21.4458
6.832 21.4458
6.833 -21.45
6.833 21.45
6.834 -21.4542
6.834 21.4542
6.835 -21.4584
6.835 21.4584
6.836 -21.4626
6.836 21.4626
6.837 -21.4669
6.837 21.4669
6.838 -21.4711
6.838 21.4711
6.839 -21.4753
6.839 21.4753
6.84 -21.4795
6.84 21.4795
6.841 -21.4838
6.841 21.4838
6.842 -21.488
6.842 21.488
6.843 -21.4922
6.843 21.4922
6.844 -21.4964
6.844 21.4964
6.845 -21.5006
6.845 21.5006
6.846 -21.5049
6.846 21.5049
6.847 -21.5091
6.847 21.5091
6.848 -21.5133
6.848 21.5133
6.849 -21.5175
6.849 21.5175
6.85 -21.5218
6.85 21.5218
6.851 -21.526
6.851 21.526
6.852 -21.5302
6.852 21.5302
6.853 -21.5344
6.853 21.5344
6.854 -21.5387
6.854 21.5387
6.855 -21.5429
6.855 21.5429
6.856 -21.5471
6.856 21.5471
6.857 -21.5514
6.857 21.5514
6.858 -21.5556
6.858 21.5556
6.859 -21.5598
6.859 21.5598
6.86 -21.564
6.86 21.564
6.861 -21.5683
6.861 21.5683
6.862 -21.5725
6.862 21.5725
6.863 -21.5767
6.863 21.5767
6.864 -21.5809
6.864 21.5809
6.865 -21.5852
6.865 21.5852
6.866 -21.5894
6.866 21.5894
6.867 -21.5936
6.867 21.5936
6.868 -21.5979
6.868 21.5979
6.869 -21.6021
6.869 21.6021
6.87 -21.6063
6.87 21.6063
6.871 -21.6106
6.871 21.6106
6.872 -21.6148
6.872 21.6148
6.873 -21.619
6.873 21.619
6.874 -21.6233
6.874 21.6233
6.875 -21.6275
6.875 21.6275
6.876 -21.6317
6.876 21.6317
6.877 -21.6359
6.877 21.6359
6.878 -21.6402
6.878 21.6402
6.879 -21.6444
6.879 21.6444
6.88 -21.6486
6.88 21.6486
6.881 -21.6529
6.881 21.6529
6.882 -21.6571
6.882 21.6571
6.883 -21.6613
6.883 21.6613
6.884 -21.6656
6.884 21.6656
6.885 -21.6698
6.885 21.6698
6.886 -21.674
6.886 21.674
6.887 -21.6783
6.887 21.6783
6.888 -21.6825
6.888 21.6825
6.889 -21.6868
6.889 21.6868
6.89 -21.691
6.89 21.691
6.891 -21.6952
6.891 21.6952
6.892 -21.6995
6.892 21.6995
6.893 -21.7037
6.893 21.7037
6.894 -21.7079
6.894 21.7079
6.895 -21.7122
6.895 21.7122
6.896 -21.7164
6.896 21.7164
6.897 -21.7206
6.897 21.7206
6.898 -21.7249
6.898 21.7249
6.899 -21.7291
6.899 21.7291
6.9 -21.7334
6.9 21.7334
6.901 -21.7376
6.901 21.7376
6.902 -21.7418
6.902 21.7418
6.903 -21.7461
6.903 21.7461
6.904 -21.7503
6.904 21.7503
6.905 -21.7546
6.905 21.7546
6.906 -21.7588
6.906 21.7588
6.907 -21.763
6.907 21.763
6.908 -21.7673
6.908 21.7673
6.909 -21.7715
6.909 21.7715
6.91 -21.7758
6.91 21.7758
6.911 -21.78
6.911 21.78
6.912 -21.7842
6.912 21.7842
6.913 -21.7885
6.913 21.7885
6.914 -21.7927
6.914 21.7927
6.915 -21.797
6.915 21.797
6.916 -21.8012
6.916 21.8012
6.917 -21.8055
6.917 21.8055
6.918 -21.8097
6.918 21.8097
6.919 -21.8139
6.919 21.8139
6.92 -21.8182
6.92 21.8182
6.921 -21.8224
6.921 21.8224
6.922 -21.8267
6.922 21.8267
6.923 -21.8309
6.923 21.8309
6.924 -21.8352
6.924 21.8352
6.925 -21.8394
6.925 21.8394
6.926 -21.8436
6.926 21.8436
6.927 -21.8479
6.927 21.8479
6.928 -21.8521
6.928 21.8521
6.929 -21.8564
6.929 21.8564
6.93 -21.8606
6.93 21.8606
6.931 -21.8649
6.931 21.8649
6.932 -21.8691
6.932 21.8691
6.933 -21.8734
6.933 21.8734
6.934 -21.8776
6.934 21.8776
6.935 -21.8819
6.935 21.8819
6.936 -21.8861
6.936 21.8861
6.937 -21.8904
6.937 21.8904
6.938 -21.8946
6.938 21.8946
6.939 -21.8989
6.939 21.8989
6.94 -21.9031
6.94 21.9031
6.941 -21.9074
6.941 21.9074
6.942 -21.9116
6.942 21.9116
6.943 -21.9159
6.943 21.9159
6.944 -21.9201
6.944 21.9201
6.945 -21.9244
6.945 21.9244
6.946 -21.9286
6.946 21.9286
6.947 -21.9329
6.947 21.9329
6.948 -21.9371
6.948 21.9371
6.949 -21.9414
6.949 21.9414
6.95 -21.9456
6.95 21.9456
6.951 -21.9499
6.951 21.9499
6.952 -21.9541
6.952 21.9541
6.953 -21.9584
6.953 21.9584
6.954 -21.9626
6.954 21.9626
6.955 -21.9669
6.955 21.9669
6.956 -21.9711
6.956 21.9711
6.957 -21.9754
6.957 21.9754
6.958 -21.9796
6.958 21.9796
6.959 -21.9839
6.959 21.9839
6.96 -21.9881
6.96 21.9881
6.961 -21.9924
6.961 21.9924
6.962 -21.9966
6.962 21.9966
6.963 -22.0009
6.963 22.0009
6.964 -22.0052
6.964 22.0052
6.965 -22.0094
6.965 22.0094
6.966 -22.0137
6.966 22.0137
6.967 -22.0179
6.967 22.0179
6.968 -22.0222
6.968 22.0222
6.969 -22.0264
6.969 22.0264
6.97 -22.0307
6.97 22.0307
6.971 -22.035
6.971 22.035
6.972 -22.0392
6.972 22.0392
6.973 -22.0435
6.973 22.0435
6.974 -22.0477
6.974 22.0477
6.975 -22.052
6.975 22.052
6.976 -22.0562
6.976 22.0562
6.977 -22.0605
6.977 22.0605
6.978 -22.0648
6.978 22.0648
6.979 -22.069
6.979 22.069
6.98 -22.0733
6.98 22.0733
6.981 -22.0775
6.981 22.0775
6.982 -22.0818
6.982 22.0818
6.983 -22.0861
6.983 22.0861
6.984 -22.0903
6.984 22.0903
6.985 -22.0946
6.985 22.0946
6.986 -22.0988
6.986 22.0988
6.987 -22.1031
6.987 22.1031
6.988 -22.1074
6.988 22.1074
6.989 -22.1116
6.989 22.1116
6.99 -22.1159
6.99 22.1159
6.991 -22.1201
6.991 22.1201
6.992 -22.1244
6.992 22.1244
6.993 -22.1287
6.993 22.1287
6.994 -22.1329
6.994 22.1329
6.995 -22.1372
6.995 22.1372
6.996 -22.1415
6.996 22.1415
6.997 -22.1457
6.997 22.1457
6.998 -22.15
6.998 22.15
6.999 -22.1543
6.999 22.1543
7 -22.1585
7 22.1585
7.001 -22.1628
7.001 22.1628
7.002 -22.167
7.002 22.167
7.003 -22.1713
7.003 22.1713
7.004 -22.1756
7.004 22.1756
7.005 -22.1798
7.005 22.1798
7.006 -22.1841
7.006 22.1841
7.007 -22.1884
7.007 22.1884
7.008 -22.1926
7.008 22.1926
7.009 -22.1969
7.009 22.1969
7.01 -22.2012
7.01 22.2012
7.011 -22.2054
7.011 22.2054
7.012 -22.2097
7.012 22.2097
7.013 -22.214
7.013 22.214
7.014 -22.2183
7.014 22.2183
7.015 -22.2225
7.015 22.2225
7.016 -22.2268
7.016 22.2268
7.017 -22.2311
7.017 22.2311
7.018 -22.2353
7.018 22.2353
7.019 -22.2396
7.019 22.2396
7.02 -22.2439
7.02 22.2439
7.021 -22.2481
7.021 22.2481
7.022 -22.2524
7.022 22.2524
7.023 -22.2567
7.023 22.2567
7.024 -22.2609
7.024 22.2609
7.025 -22.2652
7.025 22.2652
7.026 -22.2695
7.026 22.2695
7.027 -22.2738
7.027 22.2738
7.028 -22.278
7.028 22.278
7.029 -22.2823
7.029 22.2823
7.03 -22.2866
7.03 22.2866
7.031 -22.2909
7.031 22.2909
7.032 -22.2951
7.032 22.2951
7.033 -22.2994
7.033 22.2994
7.034 -22.3037
7.034 22.3037
7.035 -22.3079
7.035 22.3079
7.036 -22.3122
7.036 22.3122
7.037 -22.3165
7.037 22.3165
7.038 -22.3208
7.038 22.3208
7.039 -22.325
7.039 22.325
7.04 -22.3293
7.04 22.3293
7.041 -22.3336
7.041 22.3336
7.042 -22.3379
7.042 22.3379
7.043 -22.3421
7.043 22.3421
7.044 -22.3464
7.044 22.3464
7.045 -22.3507
7.045 22.3507
7.046 -22.355
7.046 22.355
7.047 -22.3593
7.047 22.3593
7.048 -22.3635
7.048 22.3635
7.049 -22.3678
7.049 22.3678
7.05 -22.3721
7.05 22.3721
7.051 -22.3764
7.051 22.3764
7.052 -22.3806
7.052 22.3806
7.053 -22.3849
7.053 22.3849
7.054 -22.3892
7.054 22.3892
7.055 -22.3935
7.055 22.3935
7.056 -22.3978
7.056 22.3978
7.057 -22.402
7.057 22.402
7.058 -22.4063
7.058 22.4063
7.059 -22.4106
7.059 22.4106
7.06 -22.4149
7.06 22.4149
7.061 -22.4192
7.061 22.4192
7.062 -22.4234
7.062 22.4234
7.063 -22.4277
7.063 22.4277
7.064 -22.432
7.064 22.432
7.065 -22.4363
7.065 22.4363
7.066 -22.4406
7.066 22.4406
7.067 -22.4448
7.067 22.4448
7.068 -22.4491
7.068 22.4491
7.069 -22.4534
7.069 22.4534
7.07 -22.4577
7.07 22.4577
7.071 -22.462
7.071 22.462
7.072 -22.4663
7.072 22.4663
7.073 -22.4705
7.073 22.4705
7.074 -22.4748
7.074 22.4748
7.075 -22.4791
7.075 22.4791
7.076 -22.4834
7.076 22.4834
7.077 -22.4877
7.077 22.4877
7.078 -22.492
7.078 22.492
7.079 -22.4963
7.079 22.4963
7.08 -22.5005
7.08 22.5005
7.081 -22.5048
7.081 22.5048
7.082 -22.5091
7.082 22.5091
7.083 -22.5134
7.083 22.5134
7.084 -22.5177
7.084 22.5177
7.085 -22.522
7.085 22.522
7.086 -22.5263
7.086 22.5263
7.087 -22.5305
7.087 22.5305
7.088 -22.5348
7.088 22.5348
7.089 -22.5391
7.089 22.5391
7.09 -22.5434
7.09 22.5434
7.091 -22.5477
7.091 22.5477
7.092 -22.552
7.092 22.552
7.093 -22.5563
7.093 22.5563
7.094 -22.5606
7.094 22.5606
7.095 -22.5649
7.095 22.5649
7.096 -22.5691
7.096 22.5691
7.097 -22.5734
7.097 22.5734
7.098 -22.5777
7.098 22.5777
7.099 -22.582
7.099 22.582
7.1 -22.5863
7.1 22.5863
7.101 -22.5906
7.101 22.5906
7.102 -22.5949
7.102 22.5949
7.103 -22.5992
7.103 22.5992
7.104 -22.6035
7.104 22.6035
7.105 -22.6078
7.105 22.6078
7.106 -22.6121
7.106 22.6121
7.107 -22.6163
7.107 22.6163
7.108 -22.6206
7.108 22.6206
7.109 -22.6249
7.109 22.6249
7.11 -22.6292
7.11 22.6292
7.111 -22.6335
7.111 22.6335
7.112 -22.6378
7.112 22.6378
7.113 -22.6421
7.113 22.6421
7.114 -22.6464
7.114 22.6464
7.115 -22.6507
7.115 22.6507
7.116 -22.655
7.116 22.655
7.117 -22.6593
7.117 22.6593
7.118 -22.6636
7.118 22.6636
7.119 -22.6679
7.119 22.6679
7.12 -22.6722
7.12 22.6722
7.121 -22.6765
7.121 22.6765
7.122 -22.6808
7.122 22.6808
7.123 -22.6851
7.123 22.6851
7.124 -22.6894
7.124 22.6894
7.125 -22.6937
7.125 22.6937
7.126 -22.698
7.126 22.698
7.127 -22.7022
7.127 22.7022
7.128 -22.7065
7.128 22.7065
7.129 -22.7108
7.129 22.7108
7.13 -22.7151
7.13 22.7151
7.131 -22.7194
7.131 22.7194
7.132 -22.7237
7.132 22.7237
7.133 -22.728
7.133 22.728
7.134 -22.7323
7.134 22.7323
7.135 -22.7366
7.135 22.7366
7.136 -22.7409
7.136 22.7409
7.137 -22.7452
7.137 22.7452
7.138 -22.7495
7.138 22.7495
7.139 -22.7538
7.139 22.7538
7.14 -22.7581
7.14 22.7581
7.141 -22.7624
7.141 22.7624
7.142 -22.7667
7.142 22.7667
7.143 -22.771
7.143 22.771
7.144 -22.7754
7.144 22.7754
7.145 -22.7797
7.145 22.7797
7.146 -22.784
7.146 22.784
7.147 -22.7883
7.147 22.7883
7.148 -22.7926
7.148 22.7926
7.149 -22.7969
7.149 22.7969
7.15 -22.8012
7.15 22.8012
7.151 -22.8055
7.151 22.8055
7.152 -22.8098
7.152 22.8098
7.153 -22.8141
7.153 22.8141
7.154 -22.8184
7.154 22.8184
7.155 -22.8227
7.155 22.8227
7.156 -22.827
7.156 22.827
7.157 -22.8313
7.157 22.8313
7.158 -22.8356
7.158 22.8356
7.159 -22.8399
7.159 22.8399
7.16 -22.8442
7.16 22.8442
7.161 -22.8485
7.161 22.8485
7.162 -22.8528
7.162 22.8528
7.163 -22.8571
7.163 22.8571
7.164 -22.8615
7.164 22.8615
7.165 -22.8658
7.165 22.8658
7.166 -22.8701
7.166 22.8701
7.167 -22.8744
7.167 22.8744
7.168 -22.8787
7.168 22.8787
7.169 -22.883
7.169 22.883
7.17 -22.8873
7.17 22.8873
7.171 -22.8916
7.171 22.8916
7.172 -22.8959
7.172 22.8959
7.173 -22.9002
7.173 22.9002
7.174 -22.9045
7.174 22.9045
7.175 -22.9088
7.175 22.9088
7.176 -22.9132
7.176 22.9132
7.177 -22.9175
7.177 22.9175
7.178 -22.9218
7.178 22.9218
7.179 -22.9261
7.179 22.9261
7.18 -22.9304
7.18 22.9304
7.181 -22.9347
7.181 22.9347
7.182 -22.939
7.182 22.939
7.183 -22.9433
7.183 22.9433
7.184 -22.9477
7.184 22.9477
7.185 -22.952
7.185 22.952
7.186 -22.9563
7.186 22.9563
7.187 -22.9606
7.187 22.9606
7.188 -22.9649
7.188 22.9649
7.189 -22.9692
7.189 22.9692
7.19 -22.9735
7.19 22.9735
7.191 -22.9778
7.191 22.9778
7.192 -22.9822
7.192 22.9822
7.193 -22.9865
7.193 22.9865
7.194 -22.9908
7.194 22.9908
7.195 -22.9951
7.195 22.9951
7.196 -22.9994
7.196 22.9994
7.197 -23.0037
7.197 23.0037
7.198 -23.0081
7.198 23.0081
7.199 -23.0124
7.199 23.0124
7.2 -23.0167
7.2 23.0167
7.201 -23.021
7.201 23.021
7.202 -23.0253
7.202 23.0253
7.203 -23.0296
7.203 23.0296
7.204 -23.034
7.204 23.034
7.205 -23.0383
7.205 23.0383
7.206 -23.0426
7.206 23.0426
7.207 -23.0469
7.207 23.0469
7.208 -23.0512
7.208 23.0512
7.209 -23.0556
7.209 23.0556
7.21 -23.0599
7.21 23.0599
7.211 -23.0642
7.211 23.0642
7.212 -23.0685
7.212 23.0685
7.213 -23.0728
7.213 23.0728
7.214 -23.0772
7.214 23.0772
7.215 -23.0815
7.215 23.0815
7.216 -23.0858
7.216 23.0858
7.217 -23.0901
7.217 23.0901
7.218 -23.0944
7.218 23.0944
7.219 -23.0988
7.219 23.0988
7.22 -23.1031
7.22 23.1031
7.221 -23.1074
7.221 23.1074
7.222 -23.1117
7.222 23.1117
7.223 -23.116
7.223 23.116
7.224 -23.1204
7.224 23.1204
7.225 -23.1247
7.225 23.1247
7.226 -23.129
7.226 23.129
7.227 -23.1333
7.227 23.1333
7.228 -23.1377
7.228 23.1377
7.229 -23.142
7.229 23.142
7.23 -23.1463
7.23 23.1463
7.231 -23.1506
7.231 23.1506
7.232 -23.155
7.232 23.155
7.233 -23.1593
7.233 23.1593
7.234 -23.1636
7.234 23.1636
7.235 -23.1679
7.235 23.1679
7.236 -23.1723
7.236 23.1723
7.237 -23.1766
7.237 23.1766
7.238 -23.1809
7.238 23.1809
7.239 -23.1852
7.239 23.1852
7.24 -23.1896
7.24 23.1896
7.241 -23.1939
7.241 23.1939
7.242 -23.1982
7.242 23.1982
7.243 -23.2026
7.243 23.2026
7.244 -23.2069
7.244 23.2069
7.245 -23.2112
7.245 23.2112
7.246 -23.2155
7.246 23.2155
7.247 -23.2199
7.247 23.2199
7.248 -23.2242
7.248 23.2242
7.249 -23.2285
7.249 23.2285
7.25 -23.2329
7.25 23.2329
7.251 -23.2372
7.251 23.2372
7.252 -23.2415
7.252 23.2415
7.253 -23.2458
7.253 23.2458
7.254 -23.2502
7.254 23.2502
7.255 -23.2545
7.255 23.2545
7.256 -23.2588
7.256 23.2588
7.257 -23.2632
7.257 23.2632
7.258 -23.2675
7.258 23.2675
7.259 -23.2718
7.259 23.2718
7.26 -23.2762
7.26 23.2762
7.261 -23.2805
7.261 23.2805
7.262 -23.2848
7.262 23.2848
7.263 -23.2892
7.263 23.2892
7.264 -23.2935
7.264 23.2935
7.265 -23.2978
7.265 23.2978
7.266 -23.3022
7.266 23.3022
7.267 -23.3065
7.267 23.3065
7.268 -23.3108
7.268 23.3108
7.269 -23.3152
7.269 23.3152
7.27 -23.3195
7.27 23.3195
7.271 -23.3238
7.271 23.3238
7.272 -23.3282
7.272 23.3282
7.273 -23.3325
7.273 23.3325
7.274 -23.3368
7.274 23.3368
7.275 -23.3412
7.275 23.3412
7.276 -23.3455
7.276 23.3455
7.277 -23.3499
7.277 23.3499
7.278 -23.3542
7.278 23.3542
7.279 -23.3585
7.279 23.3585
7.28 -23.3629
7.28 23.3629
7.281 -23.3672
7.281 23.3672
7.282 -23.3715
7.282 23.3715
7.283 -23.3759
7.283 23.3759
7.284 -23.3802
7.284 23.3802
7.285 -23.3846
7.285 23.3846
7.286 -23.3889
7.286 23.3889
7.287 -23.3932
7.287 23.3932
7.288 -23.3976
7.288 23.3976
7.289 -23.4019
7.289 23.4019
7.29 -23.4063
7.29 23.4063
7.291 -23.4106
7.291 23.4106
7.292 -23.4149
7.292 23.4149
7.293 -23.4193
7.293 23.4193
7.294 -23.4236
7.294 23.4236
7.295 -23.428
7.295 23.428
7.296 -23.4323
7.296 23.4323
7.297 -23.4366
7.297 23.4366
7.298 -23.441
7.298 23.441
7.299 -23.4453
7.299 23.4453
7.3 -23.4497
7.3 23.4497
7.301 -23.454
7.301 23.454
7.302 -23.4584
7.302 23.4584
7.303 -23.4627
7.303 23.4627
7.304 -23.467
7.304 23.467
7.305 -23.4714
7.305 23.4714
7.306 -23.4757
7.306 23.4757
7.307 -23.4801
7.307 23.4801
7.308 -23.4844
7.308 23.4844
7.309 -23.4888
7.309 23.4888
7.31 -23.4931
7.31 23.4931
7.311 -23.4975
7.311 23.4975
7.312 -23.5018
7.312 23.5018
7.313 -23.5061
7.313 23.5061
7.314 -23.5105
7.314 23.5105
7.315 -23.5148
7.315 23.5148
7.316 -23.5192
7.316 23.5192
7.317 -23.5235
7.317 23.5235
7.318 -23.5279
7.318 23.5279
7.319 -23.5322
7.319 23.5322
7.32 -23.5366
7.32 23.5366
7.321 -23.5409
7.321 23.5409
7.322 -23.5453
7.322 23.5453
7.323 -23.5496
7.323 23.5496
7.324 -23.554
7.324 23.554
7.325 -23.5583
7.325 23.5583
7.326 -23.5627
7.326 23.5627
7.327 -23.567
7.327 23.567
7.328 -23.5714
7.328 23.5714
7.329 -23.5757
7.329 23.5757
7.33 -23.5801
7.33 23.5801
7.331 -23.5844
7.331 23.5844
7.332 -23.5888
7.332 23.5888
7.333 -23.5931
7.333 23.5931
7.334 -23.5975
7.334 23.5975
7.335 -23.6018
7.335 23.6018
7.336 -23.6062
7.336 23.6062
7.337 -23.6105
7.337 23.6105
7.338 -23.6149
7.338 23.6149
7.339 -23.6192
7.339 23.6192
7.34 -23.6236
7.34 23.6236
7.341 -23.6279
7.341 23.6279
7.342 -23.6323
7.342 23.6323
7.343 -23.6366
7.343 23.6366
7.344 -23.641
7.344 23.641
7.345 -23.6454
7.345 23.6454
7.346 -23.6497
7.346 23.6497
7.347 -23.6541
7.347 23.6541
7.348 -23.6584
7.348 23.6584
7.349 -23.6628
7.349 23.6628
7.35 -23.6671
7.35 23.6671
7.351 -23.6715
7.351 23.6715
7.352 -23.6758
7.352 23.6758
7.353 -23.6802
7.353 23.6802
7.354 -23.6846
7.354 23.6846
7.355 -23.6889
7.355 23.6889
7.356 -23.6933
7.356 23.6933
7.357 -23.6976
7.357 23.6976
7.358 -23.702
7.358 23.702
7.359 -23.7063
7.359 23.7063
7.36 -23.7107
7.36 23.7107
7.361 -23.7151
7.361 23.7151
7.362 -23.7194
7.362 23.7194
7.363 -23.7238
7.363 23.7238
7.364 -23.7281
7.364 23.7281
7.365 -23.7325
7.365 23.7325
7.366 -23.7368
7.366 23.7368
7.367 -23.7412
7.367 23.7412
7.368 -23.7456
7.368 23.7456
7.369 -23.7499
7.369 23.7499
7.37 -23.7543
7.37 23.7543
7.371 -23.7586
7.371 23.7586
7.372 -23.763
7.372 23.763
7.373 -23.7674
7.373 23.7674
7.374 -23.7717
7.374 23.7717
7.375 -23.7761
7.375 23.7761
7.376 -23.7805
7.376 23.7805
7.377 -23.7848
7.377 23.7848
7.378 -23.7892
7.378 23.7892
7.379 -23.7935
7.379 23.7935
7.38 -23.7979
7.38 23.7979
7.381 -23.8023
7.381 23.8023
7.382 -23.8066
7.382 23.8066
7.383 -23.811
7.383 23.811
7.384 -23.8154
7.384 23.8154
7.385 -23.8197
7.385 23.8197
7.386 -23.8241
7.386 23.8241
7.387 -23.8285
7.387 23.8285
7.388 -23.8328
7.388 23.8328
7.389 -23.8372
7.389 23.8372
7.39 -23.8416
7.39 23.8416
7.391 -23.8459
7.391 23.8459
7.392 -23.8503
7.392 23.8503
7.393 -23.8547
7.393 23.8547
7.394 -23.859
7.394 23.859
7.395 -23.8634
7.395 23.8634
7.396 -23.8678
7.396 23.8678
7.397 -23.8721
7.397 23.8721
7.398 -23.8765
7.398 23.8765
7.399 -23.8809
7.399 23.8809
7.4 -23.8852
7.4 23.8852
7.401 -23.8896
7.401 23.8896
7.402 -23.894
7.402 23.894
7.403 -23.8983
7.403 23.8983
7.404 -23.9027
7.404 23.9027
7.405 -23.9071
7.405 23.9071
7.406 -23.9114
7.406 23.9114
7.407 -23.9158
7.407 23.9158
7.408 -23.9202
7.408 23.9202
7.409 -23.9246
7.409 23.9246
7.41 -23.9289
7.41 23.9289
7.411 -23.9333
7.411 23.9333
7.412 -23.9377
7.412 23.9377
7.413 -23.942
7.413 23.942
7.414 -23.9464
7.414 23.9464
7.415 -23.9508
7.415 23.9508
7.416 -23.9552
7.416 23.9552
7.417 -23.9595
7.417 23.9595
7.418 -23.9639
7.418 23.9639
7.419 -23.9683
7.419 23.9683
7.42 -23.9726
7.42 23.9726
7.421 -23.977
7.421 23.977
7.422 -23.9814
7.422 23.9814
7.423 -23.9858
7.423 23.9858
7.424 -23.9901
7.424 23.9901
7.425 -23.9945
7.425 23.9945
7.426 -23.9989
7.426 23.9989
7.427 -24.0033
7.427 24.0033
7.428 -24.0076
7.428 24.0076
7.429 -24.012
7.429 24.012
7.43 -24.0164
7.43 24.0164
7.431 -24.0208
7.431 24.0208
7.432 -24.0251
7.432 24.0251
7.433 -24.0295
7.433 24.0295
7.434 -24.0339
7.434 24.0339
7.435 -24.0383
7.435 24.0383
7.436 -24.0427
7.436 24.0427
7.437 -24.047
7.437 24.047
7.438 -24.0514
7.438 24.0514
7.439 -24.0558
7.439 24.0558
7.44 -24.0602
7.44 24.0602
7.441 -24.0645
7.441 24.0645
7.442 -24.0689
7.442 24.0689
7.443 -24.0733
7.443 24.0733
7.444 -24.0777
7.444 24.0777
7.445 -24.0821
7.445 24.0821
7.446 -24.0864
7.446 24.0864
7.447 -24.0908
7.447 24.0908
7.448 -24.0952
7.448 24.0952
7.449 -24.0996
7.449 24.0996
7.45 -24.104
7.45 24.104
7.451 -24.1083
7.451 24.1083
7.452 -24.1127
7.452 24.1127
7.453 -24.1171
7.453 24.1171
7.454 -24.1215
7.454 24.1215
7.455 -24.1259
7.455 24.1259
7.456 -24.1303
7.456 24.1303
7.457 -24.1346
7.457 24.1346
7.458 -24.139
7.458 24.139
7.459 -24.1434
7.459 24.1434
7.46 -24.1478
7.46 24.1478
7.461 -24.1522
7.461 24.1522
7.462 -24.1566
7.462 24.1566
7.463 -24.1609
7.463 24.1609
7.464 -24.1653
7.464 24.1653
7.465 -24.1697
7.465 24.1697
7.466 -24.1741
7.466 24.1741
7.467 -24.1785
7.467 24.1785
7.468 -24.1829
7.468 24.1829
7.469 -24.1873
7.469 24.1873
7.47 -24.1916
7.47 24.1916
7.471 -24.196
7.471 24.196
7.472 -24.2004
7.472 24.2004
7.473 -24.2048
7.473 24.2048
7.474 -24.2092
7.474 24.2092
7.475 -24.2136
7.475 24.2136
7.476 -24.218
7.476 24.218
7.477 -24.2223
7.477 24.2223
7.478 -24.2267
7.478 24.2267
7.479 -24.2311
7.479 24.2311
7.48 -24.2355
7.48 24.2355
7.481 -24.2399
7.481 24.2399
7.482 -24.2443
7.482 24.2443
7.483 -24.2487
7.483 24.2487
7.484 -24.2531
7.484 24.2531
7.485 -24.2575
7.485 24.2575
7.486 -24.2619
7.486 24.2619
7.487 -24.2662
7.487 24.2662
7.488 -24.2706
7.488 24.2706
7.489 -24.275
7.489 24.275
7.49 -24.2794
7.49 24.2794
7.491 -24.2838
7.491 24.2838
7.492 -24.2882
7.492 24.2882
7.493 -24.2926
7.493 24.2926
7.494 -24.297
7.494 24.297
7.495 -24.3014
7.495 24.3014
7.496 -24.3058
7.496 24.3058
7.497 -24.3102
7.497 24.3102
7.498 -24.3146
7.498 24.3146
7.499 -24.3189
7.499 24.3189
7.5 -24.3233
7.5 24.3233
7.501 -24.3277
7.501 24.3277
7.502 -24.3321
7.502 24.3321
7.503 -24.3365
7.503 24.3365
7.504 -24.3409
7.504 24.3409
7.505 -24.3453
7.505 24.3453
7.506 -24.3497
7.506 24.3497
7.507 -24.3541
7.507 24.3541
7.508 -24.3585
7.508 24.3585
7.509 -24.3629
7.509 24.3629
7.51 -24.3673
7.51 24.3673
7.511 -24.3717
7.511 24.3717
7.512 -24.3761
7.512 24.3761
7.513 -24.3805
7.513 24.3805
7.514 -24.3849
7.514 24.3849
7.515 -24.3893
7.515 24.3893
7.516 -24.3937
7.516 24.3937
7.517 -24.3981
7.517 24.3981
7.518 -24.4025
7.518 24.4025
7.519 -24.4069
7.519 24.4069
7.52 -24.4113
7.52 24.4113
7.521 -24.4157
7.521 24.4157
7.522 -24.4201
7.522 24.4201
7.523 -24.4245
7.523 24.4245
7.524 -24.4289
7.524 24.4289
7.525 -24.4333
7.525 24.4333
7.526 -24.4377
7.526 24.4377
7.527 -24.4421
7.527 24.4421
7.528 -24.4465
7.528 24.4465
7.529 -24.4509
7.529 24.4509
7.53 -24.4553
7.53 24.4553
7.531 -24.4597
7.531 24.4597
7.532 -24.4641
7.532 24.4641
7.533 -24.4685
7.533 24.4685
7.534 -24.4729
7.534 24.4729
7.535 -24.4773
7.535 24.4773
7.536 -24.4817
7.536 24.4817
7.537 -24.4861
7.537 24.4861
7.538 -24.4905
7.538 24.4905
7.539 -24.4949
7.539 24.4949
7.54 -24.4993
7.54 24.4993
7.541 -24.5037
7.541 24.5037
7.542 -24.5081
7.542 24.5081
7.543 -24.5125
7.543 24.5125
7.544 -24.5169
7.544 24.5169
7.545 -24.5213
7.545 24.5213
7.546 -24.5257
7.546 24.5257
7.547 -24.5301
7.547 24.5301
7.548 -24.5345
7.548 24.5345
7.549 -24.539
7.549 24.539
7.55 -24.5434
7.55 24.5434
7.551 -24.5478
7.551 24.5478
7.552 -24.5522
7.552 24.5522
7.553 -24.5566
7.553 24.5566
7.554 -24.561
7.554 24.561
7.555 -24.5654
7.555 24.5654
7.556 -24.5698
7.556 24.5698
7.557 -24.5742
7.557 24.5742
7.558 -24.5786
7.558 24.5786
7.559 -24.583
7.559 24.583
7.56 -24.5874
7.56 24.5874
7.561 -24.5918
7.561 24.5918
7.562 -24.5963
7.562 24.5963
7.563 -24.6007
7.563 24.6007
7.564 -24.6051
7.564 24.6051
7.565 -24.6095
7.565 24.6095
7.566 -24.6139
7.566 24.6139
7.567 -24.6183
7.567 24.6183
7.568 -24.6227
7.568 24.6227
7.569 -24.6271
7.569 24.6271
7.57 -24.6315
7.57 24.6315
7.571 -24.636
7.571 24.636
7.572 -24.6404
7.572 24.6404
7.573 -24.6448
7.573 24.6448
7.574 -24.6492
7.574 24.6492
7.575 -24.6536
7.575 24.6536
7.576 -24.658
7.576 24.658
7.577 -24.6624
7.577 24.6624
7.578 -24.6668
7.578 24.6668
7.579 -24.6713
7.579 24.6713
7.58 -24.6757
7.58 24.6757
7.581 -24.6801
7.581 24.6801
7.582 -24.6845
7.582 24.6845
7.583 -24.6889
7.583 24.6889
7.584 -24.6933
7.584 24.6933
7.585 -24.6977
7.585 24.6977
7.586 -24.7022
7.586 24.7022
7.587 -24.7066
7.587 24.7066
7.588 -24.711
7.588 24.711
7.589 -24.7154
7.589 24.7154
7.59 -24.7198
7.59 24.7198
7.591 -24.7242
7.591 24.7242
7.592 -24.7287
7.592 24.7287
7.593 -24.7331
7.593 24.7331
7.594 -24.7375
7.594 24.7375
7.595 -24.7419
7.595 24.7419
7.596 -24.7463
7.596 24.7463
7.597 -24.7507
7.597 24.7507
7.598 -24.7552
7.598 24.7552
7.599 -24.7596
7.599 24.7596
7.6 -24.764
7.6 24.764
7.601 -24.7684
7.601 24.7684
7.602 -24.7728
7.602 24.7728
7.603 -24.7773
7.603 24.7773
7.604 -24.7817
7.604 24.7817
7.605 -24.7861
7.605 24.7861
7.606 -24.7905
7.606 24.7905
7.607 -24.7949
7.607 24.7949
7.608 -24.7994
7.608 24.7994
7.609 -24.8038
7.609 24.8038
7.61 -24.8082
7.61 24.8082
7.611 -24.8126
7.611 24.8126
7.612 -24.8171
7.612 24.8171
7.613 -24.8215
7.613 24.8215
7.614 -24.8259
7.614 24.8259
7.615 -24.8303
7.615 24.8303
7.616 -24.8347
7.616 24.8347
7.617 -24.8392
7.617 24.8392
7.618 -24.8436
7.618 24.8436
7.619 -24.848
7.619 24.848
7.62 -24.8524
7.62 24.8524
7.621 -24.8569
7.621 24.8569
7.622 -24.8613
7.622 24.8613
7.623 -24.8657
7.623 24.8657
7.624 -24.8701
7.624 24.8701
7.625 -24.8746
7.625 24.8746
7.626 -24.879
7.626 24.879
7.627 -24.8834
7.627 24.8834
7.628 -24.8878
7.628 24.8878
7.629 -24.8923
7.629 24.8923
7.63 -24.8967
7.63 24.8967
7.631 -24.9011
7.631 24.9011
7.632 -24.9056
7.632 24.9056
7.633 -24.91
7.633 24.91
7.634 -24.9144
7.634 24.9144
7.635 -24.9188
7.635 24.9188
7.636 -24.9233
7.636 24.9233
7.637 -24.9277
7.637 24.9277
7.638 -24.9321
7.638 24.9321
7.639 -24.9366
7.639 24.9366
7.64 -24.941
7.64 24.941
7.641 -24.9454
7.641 24.9454
7.642 -24.9498
7.642 24.9498
7.643 -24.9543
7.643 24.9543
7.644 -24.9587
7.644 24.9587
7.645 -24.9631
7.645 24.9631
7.646 -24.9676
7.646 24.9676
7.647 -24.972
7.647 24.972
7.648 -24.9764
7.648 24.9764
7.649 -24.9809
7.649 24.9809
7.65 -24.9853
7.65 24.9853
7.651 -24.9897
7.651 24.9897
7.652 -24.9942
7.652 24.9942
7.653 -24.9986
7.653 24.9986
7.654 -25.003
7.654 25.003
7.655 -25.0075
7.655 25.0075
7.656 -25.0119
7.656 25.0119
7.657 -25.0163
7.657 25.0163
7.658 -25.0208
7.658 25.0208
7.659 -25.0252
7.659 25.0252
7.66 -25.0296
7.66 25.0296
7.661 -25.0341
7.661 25.0341
7.662 -25.0385
7.662 25.0385
7.663 -25.0429
7.663 25.0429
7.664 -25.0474
7.664 25.0474
7.665 -25.0518
7.665 25.0518
7.666 -25.0562
7.666 25.0562
7.667 -25.0607
7.667 25.0607
7.668 -25.0651
7.668 25.0651
7.669 -25.0695
7.669 25.0695
7.67 -25.074
7.67 25.074
7.671 -25.0784
7.671 25.0784
7.672 -25.0829
7.672 25.0829
7.673 -25.0873
7.673 25.0873
7.674 -25.0917
7.674 25.0917
7.675 -25.0962
7.675 25.0962
7.676 -25.1006
7.676 25.1006
7.677 -25.105
7.677 25.105
7.678 -25.1095
7.678 25.1095
7.679 -25.1139
7.679 25.1139
7.68 -25.1184
7.68 25.1184
7.681 -25.1228
7.681 25.1228
7.682 -25.1272
7.682 25.1272
7.683 -25.1317
7.683 25.1317
7.684 -25.1361
7.684 25.1361
7.685 -25.1406
7.685 25.1406
7.686 -25.145
7.686 25.145
7.687 -25.1494
7.687 25.1494
7.688 -25.1539
7.688 25.1539
7.689 -25.1583
7.689 25.1583
7.69 -25.1628
7.69 25.1628
7.691 -25.1672
7.691 25.1672
7.692 -25.1717
7.692 25.1717
7.693 -25.1761
7.693 25.1761
7.694 -25.1805
7.694 25.1805
7.695 -25.185
7.695 25.185
7.696 -25.1894
7.696 25.1894
7.697 -25.1939
7.697 25.1939
7.698 -25.1983
7.698 25.1983
7.699 -25.2028
7.699 25.2028
7.7 -25.2072
7.7 25.2072
7.701 -25.2116
7.701 25.2116
7.702 -25.2161
7.702 25.2161
7.703 -25.2205
7.703 25.2205
7.704 -25.225
7.704 25.225
7.705 -25.2294
7.705 25.2294
7.706 -25.2339
7.706 25.2339
7.707 -25.2383
7.707 25.2383
7.708 -25.2428
7.708 25.2428
7.709 -25.2472
7.709 25.2472
7.71 -25.2517
7.71 25.2517
7.711 -25.2561
7.711 25.2561
7.712 -25.2606
7.712 25.2606
7.713 -25.265
7.713 25.265
7.714 -25.2694
7.714 25.2694
7.715 -25.2739
7.715 25.2739
7.716 -25.2783
7.716 25.2783
7.717 -25.2828
7.717 25.2828
7.718 -25.2872
7.718 25.2872
7.719 -25.2917
7.719 25.2917
7.72 -25.2961
7.72 25.2961
7.721 -25.3006
7.721 25.3006
7.722 -25.305
7.722 25.305
7.723 -25.3095
7.723 25.3095
7.724 -25.3139
7.724 25.3139
7.725 -25.3184
7.725 25.3184
7.726 -25.3228
7.726 25.3228
7.727 -25.3273
7.727 25.3273
7.728 -25.3317
7.728 25.3317
7.729 -25.3362
7.729 25.3362
7.73 -25.3407
7.73 25.3407
7.731 -25.3451
7.731 25.3451
7.732 -25.3496
7.732 25.3496
7.733 -25.354
7.733 25.354
7.734 -25.3585
7.734 25.3585
7.735 -25.3629
7.735 25.3629
7.736 -25.3674
7.736 25.3674
7.737 -25.3718
7.737 25.3718
7.738 -25.3763
7.738 25.3763
7.739 -25.3807
7.739 25.3807
7.74 -25.3852
7.74 25.3852
7.741 -25.3896
7.741 25.3896
7.742 -25.3941
7.742 25.3941
7.743 -25.3986
7.743 25.3986
7.744 -25.403
7.744 25.403
7.745 -25.4075
7.745 25.4075
7.746 -25.4119
7.746 25.4119
7.747 -25.4164
7.747 25.4164
7.748 -25.4208
7.748 25.4208
7.749 -25.4253
7.749 25.4253
7.75 -25.4297
7.75 25.4297
7.751 -25.4342
7.751 25.4342
7.752 -25.4387
7.752 25.4387
7.753 -25.4431
7.753 25.4431
7.754 -25.4476
7.754 25.4476
7.755 -25.452
7.755 25.452
7.756 -25.4565
7.756 25.4565
7.757 -25.4609
7.757 25.4609
7.758 -25.4654
7.758 25.4654
7.759 -25.4699
7.759 25.4699
7.76 -25.4743
7.76 25.4743
7.761 -25.4788
7.761 25.4788
7.762 -25.4832
7.762 25.4832
7.763 -25.4877
7.763 25.4877
7.764 -25.4922
7.764 25.4922
7.765 -25.4966
7.765 25.4966
7.766 -25.5011
7.766 25.5011
7.767 -25.5056
7.767 25.5056
7.768 -25.51
7.768 25.51
7.769 -25.5145
7.769 25.5145
7.77 -25.5189
7.77 25.5189
7.771 -25.5234
7.771 25.5234
7.772 -25.5279
7.772 25.5279
7.773 -25.5323
7.773 25.5323
7.774 -25.5368
7.774 25.5368
7.775 -25.5413
7.775 25.5413
7.776 -25.5457
7.776 25.5457
7.777 -25.5502
7.777 25.5502
7.778 -25.5546
7.778 25.5546
7.779 -25.5591
7.779 25.5591
7.78 -25.5636
7.78 25.5636
7.781 -25.568
7.781 25.568
7.782 -25.5725
7.782 25.5725
7.783 -25.577
7.783 25.577
7.784 -25.5814
7.784 25.5814
7.785 -25.5859
7.785 25.5859
7.786 -25.5904
7.786 25.5904
7.787 -25.5948
7.787 25.5948
7.788 -25.5993
7.788 25.5993
7.789 -25.6038
7.789 25.6038
7.79 -25.6082
7.79 25.6082
7.791 -25.6127
7.791 25.6127
7.792 -25.6172
7.792 25.6172
7.793 -25.6216
7.793 25.6216
7.794 -25.6261
7.794 25.6261
7.795 -25.6306
7.795 25.6306
7.796 -25.635
7.796 25.635
7.797 -25.6395
7.797 25.6395
7.798 -25.644
7.798 25.644
7.799 -25.6484
7.799 25.6484
7.8 -25.6529
7.8 25.6529
7.801 -25.6574
7.801 25.6574
7.802 -25.6619
7.802 25.6619
7.803 -25.6663
7.803 25.6663
7.804 -25.6708
7.804 25.6708
7.805 -25.6753
7.805 25.6753
7.806 -25.6797
7.806 25.6797
7.807 -25.6842
7.807 25.6842
7.808 -25.6887
7.808 25.6887
7.809 -25.6932
7.809 25.6932
7.81 -25.6976
7.81 25.6976
7.811 -25.7021
7.811 25.7021
7.812 -25.7066
7.812 25.7066
7.813 -25.711
7.813 25.711
7.814 -25.7155
7.814 25.7155
7.815 -25.72
7.815 25.72
7.816 -25.7245
7.816 25.7245
7.817 -25.7289
7.817 25.7289
7.818 -25.7334
7.818 25.7334
7.819 -25.7379
7.819 25.7379
7.82 -25.7424
7.82 25.7424
7.821 -25.7468
7.821 25.7468
7.822 -25.7513
7.822 25.7513
7.823 -25.7558
7.823 25.7558
7.824 -25.7603
7.824 25.7603
7.825 -25.7647
7.825 25.7647
7.826 -25.7692
7.826 25.7692
7.827 -25.7737
7.827 25.7737
7.828 -25.7782
7.828 25.7782
7.829 -25.7826
7.829 25.7826
7.83 -25.7871
7.83 25.7871
7.831 -25.7916
7.831 25.7916
7.832 -25.7961
7.832 25.7961
7.833 -25.8005
7.833 25.8005
7.834 -25.805
7.834 25.805
7.835 -25.8095
7.835 25.8095
7.836 -25.814
7.836 25.814
7.837 -25.8185
7.837 25.8185
7.838 -25.8229
7.838 25.8229
7.839 -25.8274
7.839 25.8274
7.84 -25.8319
7.84 25.8319
7.841 -25.8364
7.841 25.8364
7.842 -25.8409
7.842 25.8409
7.843 -25.8453
7.843 25.8453
7.844 -25.8498
7.844 25.8498
7.845 -25.8543
7.845 25.8543
7.846 -25.8588
7.846 25.8588
7.847 -25.8633
7.847 25.8633
7.848 -25.8677
7.848 25.8677
7.849 -25.8722
7.849 25.8722
7.85 -25.8767
7.85 25.8767
7.851 -25.8812
7.851 25.8812
7.852 -25.8857
7.852 25.8857
7.853 -25.8902
7.853 25.8902
7.854 -25.8946
7.854 25.8946
7.855 -25.8991
7.855 25.8991
7.856 -25.9036
7.856 25.9036
7.857 -25.9081
7.857 25.9081
7.858 -25.9126
7.858 25.9126
7.859 -25.9171
7.859 25.9171
7.86 -25.9215
7.86 25.9215
7.861 -25.926
7.861 25.926
7.862 -25.9305
7.862 25.9305
7.863 -25.935
7.863 25.935
7.864 -25.9395
7.864 25.9395
7.865 -25.944
7.865 25.944
7.866 -25.9485
7.866 25.9485
7.867 -25.9529
7.867 25.9529
7.868 -25.9574
7.868 25.9574
7.869 -25.9619
7.869 25.9619
7.87 -25.9664
7.87 25.9664
7.871 -25.9709
7.871 25.9709
7.872 -25.9754
7.872 25.9754
7.873 -25.9799
7.873 25.9799
7.874 -25.9844
7.874 25.9844
7.875 -25.9888
7.875 25.9888
7.876 -25.9933
7.876 25.9933
7.877 -25.9978
7.877 25.9978
7.878 -26.0023
7.878 26.0023
7.879 -26.0068
7.879 26.0068
7.88 -26.0113
7.88 26.0113
7.881 -26.0158
7.881 26.0158
7.882 -26.0203
7.882 26.0203
7.883 -26.0248
7.883 26.0248
7.884 -26.0292
7.884 26.0292
7.885 -26.0337
7.885 26.0337
7.886 -26.0382
7.886 26.0382
7.887 -26.0427
7.887 26.0427
7.888 -26.0472
7.888 26.0472
7.889 -26.0517
7.889 26.0517
7.89 -26.0562
7.89 26.0562
7.891 -26.0607
7.891 26.0607
7.892 -26.0652
7.892 26.0652
7.893 -26.0697
7.893 26.0697
7.894 -26.0742
7.894 26.0742
7.895 -26.0787
7.895 26.0787
7.896 -26.0832
7.896 26.0832
7.897 -26.0876
7.897 26.0876
7.898 -26.0921
7.898 26.0921
7.899 -26.0966
7.899 26.0966
7.9 -26.1011
7.9 26.1011
7.901 -26.1056
7.901 26.1056
7.902 -26.1101
7.902 26.1101
7.903 -26.1146
7.903 26.1146
7.904 -26.1191
7.904 26.1191
7.905 -26.1236
7.905 26.1236
7.906 -26.1281
7.906 26.1281
7.907 -26.1326
7.907 26.1326
7.908 -26.1371
7.908 26.1371
7.909 -26.1416
7.909 26.1416
7.91 -26.1461
7.91 26.1461
7.911 -26.1506
7.911 26.1506
7.912 -26.1551
7.912 26.1551
7.913 -26.1596
7.913 26.1596
7.914 -26.1641
7.914 26.1641
7.915 -26.1686
7.915 26.1686
7.916 -26.1731
7.916 26.1731
7.917 -26.1776
7.917 26.1776
7.918 -26.1821
7.918 26.1821
7.919 -26.1866
7.919 26.1866
7.92 -26.1911
7.92 26.1911
7.921 -26.1956
7.921 26.1956
7.922 -26.2001
7.922 26.2001
7.923 -26.2046
7.923 26.2046
7.924 -26.2091
7.924 26.2091
7.925 -26.2136
7.925 26.2136
7.926 -26.2181
7.926 26.2181
7.927 -26.2226
7.927 26.2226
7.928 -26.2271
7.928 26.2271
7.929 -26.2316
7.929 26.2316
7.93 -26.2361
7.93 26.2361
7.931 -26.2406
7.931 26.2406
7.932 -26.2451
7.932 26.2451
7.933 -26.2496
7.933 26.2496
7.934 -26.2541
7.934 26.2541
7.935 -26.2586
7.935 26.2586
7.936 -26.2631
7.936 26.2631
7.937 -26.2676
7.937 26.2676
7.938 -26.2721
7.938 26.2721
7.939 -26.2766
7.939 26.2766
7.94 -26.2811
7.94 26.2811
7.941 -26.2856
7.941 26.2856
7.942 -26.2901
7.942 26.2901
7.943 -26.2946
7.943 26.2946
7.944 -26.2991
7.944 26.2991
7.945 -26.3036
7.945 26.3036
7.946 -26.3081
7.946 26.3081
7.947 -26.3127
7.947 26.3127
7.948 -26.3172
7.948 26.3172
7.949 -26.3217
7.949 26.3217
7.95 -26.3262
7.95 26.3262
7.951 -26.3307
7.951 26.3307
7.952 -26.3352
7.952 26.3352
7.953 -26.3397
7.953 26.3397
7.954 -26.3442
7.954 26.3442
7.955 -26.3487
7.955 26.3487
7.956 -26.3532
7.956 26.3532
7.957 -26.3577
7.957 26.3577
7.958 -26.3622
7.958 26.3622
7.959 -26.3667
7.959 26.3667
7.96 -26.3713
7.96 26.3713
7.961 -26.3758
7.961 26.3758
7.962 -26.3803
7.962 26.3803
7.963 -26.3848
7.963 26.3848
7.964 -26.3893
7.964 26.3893
7.965 -26.3938
7.965 26.3938
7.966 -26.3983
7.966 26.3983
7.967 -26.4028
7.967 26.4028
7.968 -26.4073
7.968 26.4073
7.969 -26.4119
7.969 26.4119
7.97 -26.4164
7.97 26.4164
7.971 -26.4209
7.971 26.4209
7.972 -26.4254
7.972 26.4254
7.973 -26.4299
7.973 26.4299
7.974 -26.4344
7.974 26.4344
7.975 -26.4389
7.975 26.4389
7.976 -26.4434
7.976 26.4434
7.977 -26.448
7.977 26.448
7.978 -26.4525
7.978 26.4525
7.979 -26.457
7.979 26.457
7.98 -26.4615
7.98 26.4615
7.981 -26.466
7.981 26.466
7.982 -26.4705
7.982 26.4705
7.983 -26.475
7.983 26.475
7.984 -26.4796
7.984 26.4796
7.985 -26.4841
7.985 26.4841
7.986 -26.4886
7.986 26.4886
7.987 -26.4931
7.987 26.4931
7.988 -26.4976
7.988 26.4976
7.989 -26.5021
7.989 26.5021
7.99 -26.5067
7.99 26.5067
7.991 -26.5112
7.991 26.5112
7.992 -26.5157
7.992 26.5157
7.993 -26.5202
7.993 26.5202
7.994 -26.5247
7.994 26.5247
7.995 -26.5292
7.995 26.5292
7.996 -26.5338
7.996 26.5338
7.997 -26.5383
7.997 26.5383
7.998 -26.5428
7.998 26.5428
7.999 -26.5473
7.999 26.5473
8 -26.5518
8 26.5518
8.001 -26.5564
8.001 26.5564
8.002 -26.5609
8.002 26.5609
8.003 -26.5654
8.003 26.5654
8.004 -26.5699
8.004 26.5699
8.005 -26.5744
8.005 26.5744
8.006 -26.579
8.006 26.579
8.007 -26.5835
8.007 26.5835
8.008 -26.588
8.008 26.588
8.009 -26.5925
8.009 26.5925
8.01 -26.597
8.01 26.597
8.011 -26.6016
8.011 26.6016
8.012 -26.6061
8.012 26.6061
8.013 -26.6106
8.013 26.6106
8.014 -26.6151
8.014 26.6151
8.015 -26.6197
8.015 26.6197
8.016 -26.6242
8.016 26.6242
8.017 -26.6287
8.017 26.6287
8.018 -26.6332
8.018 26.6332
8.019 -26.6378
8.019 26.6378
8.02 -26.6423
8.02 26.6423
8.021 -26.6468
8.021 26.6468
8.022 -26.6513
8.022 26.6513
8.023 -26.6558
8.023 26.6558
8.024 -26.6604
8.024 26.6604
8.025 -26.6649
8.025 26.6649
8.026 -26.6694
8.026 26.6694
8.027 -26.674
8.027 26.674
8.028 -26.6785
8.028 26.6785
8.029 -26.683
8.029 26.683
8.03 -26.6875
8.03 26.6875
8.031 -26.6921
8.031 26.6921
8.032 -26.6966
8.032 26.6966
8.033 -26.7011
8.033 26.7011
8.034 -26.7056
8.034 26.7056
8.035 -26.7102
8.035 26.7102
8.036 -26.7147
8.036 26.7147
8.037 -26.7192
8.037 26.7192
8.038 -26.7238
8.038 26.7238
8.039 -26.7283
8.039 26.7283
8.04 -26.7328
8.04 26.7328
8.041 -26.7373
8.041 26.7373
8.042 -26.7419
8.042 26.7419
8.043 -26.7464
8.043 26.7464
8.044 -26.7509
8.044 26.7509
8.045 -26.7555
8.045 26.7555
8.046 -26.76
8.046 26.76
8.047 -26.7645
8.047 26.7645
8.048 -26.7691
8.048 26.7691
8.049 -26.7736
8.049 26.7736
8.05 -26.7781
8.05 26.7781
8.051 -26.7827
8.051 26.7827
8.052 -26.7872
8.052 26.7872
8.053 -26.7917
8.053 26.7917
8.054 -26.7962
8.054 26.7962
8.055 -26.8008
8.055 26.8008
8.056 -26.8053
8.056 26.8053
8.057 -26.8098
8.057 26.8098
8.058 -26.8144
8.058 26.8144
8.059 -26.8189
8.059 26.8189
8.06 -26.8234
8.06 26.8234
8.061 -26.828
8.061 26.828
8.062 -26.8325
8.062 26.8325
8.063 -26.8371
8.063 26.8371
8.064 -26.8416
8.064 26.8416
8.065 -26.8461
8.065 26.8461
8.066 -26.8507
8.066 26.8507
8.067 -26.8552
8.067 26.8552
8.068 -26.8597
8.068 26.8597
8.069 -26.8643
8.069 26.8643
8.07 -26.8688
8.07 26.8688
8.071 -26.8733
8.071 26.8733
8.072 -26.8779
8.072 26.8779
8.073 -26.8824
8.073 26.8824
8.074 -26.887
8.074 26.887
8.075 -26.8915
8.075 26.8915
8.076 -26.896
8.076 26.896
8.077 -26.9006
8.077 26.9006
8.078 -26.9051
8.078 26.9051
8.079 -26.9096
8.079 26.9096
8.08 -26.9142
8.08 26.9142
8.081 -26.9187
8.081 26.9187
8.082 -26.9233
8.082 26.9233
8.083 -26.9278
8.083 26.9278
8.084 -26.9323
8.084 26.9323
8.085 -26.9369
8.085 26.9369
8.086 -26.9414
8.086 26.9414
8.087 -26.946
8.087 26.946
8.088 -26.9505
8.088 26.9505
8.089 -26.955
8.089 26.955
8.09 -26.9596
8.09 26.9596
8.091 -26.9641
8.091 26.9641
8.092 -26.9687
8.092 26.9687
8.093 -26.9732
8.093 26.9732
8.094 -26.9778
8.094 26.9778
8.095 -26.9823
8.095 26.9823
8.096 -26.9868
8.096 26.9868
8.097 -26.9914
8.097 26.9914
8.098 -26.9959
8.098 26.9959
8.099 -27.0005
8.099 27.0005
8.1 -27.005
8.1 27.005
8.101 -27.0096
8.101 27.0096
8.102 -27.0141
8.102 27.0141
8.103 -27.0187
8.103 27.0187
8.104 -27.0232
8.104 27.0232
8.105 -27.0277
8.105 27.0277
8.106 -27.0323
8.106 27.0323
8.107 -27.0368
8.107 27.0368
8.108 -27.0414
8.108 27.0414
8.109 -27.0459
8.109 27.0459
8.11 -27.0505
8.11 27.0505
8.111 -27.055
8.111 27.055
8.112 -27.0596
8.112 27.0596
8.113 -27.0641
8.113 27.0641
8.114 -27.0687
8.114 27.0687
8.115 -27.0732
8.115 27.0732
8.116 -27.0778
8.116 27.0778
8.117 -27.0823
8.117 27.0823
8.118 -27.0869
8.118 27.0869
8.119 -27.0914
8.119 27.0914
8.12 -27.096
8.12 27.096
8.121 -27.1005
8.121 27.1005
8.122 -27.105
8.122 27.105
8.123 -27.1096
8.123 27.1096
8.124 -27.1141
8.124 27.1141
8.125 -27.1187
8.125 27.1187
8.126 -27.1232
8.126 27.1232
8.127 -27.1278
8.127 27.1278
8.128 -27.1324
8.128 27.1324
8.129 -27.1369
8.129 27.1369
8.13 -27.1415
8.13 27.1415
8.131 -27.146
8.131 27.146
8.132 -27.1506
8.132 27.1506
8.133 -27.1551
8.133 27.1551
8.134 -27.1597
8.134 27.1597
8.135 -27.1642
8.135 27.1642
8.136 -27.1688
8.136 27.1688
8.137 -27.1733
8.137 27.1733
8.138 -27.1779
8.138 27.1779
8.139 -27.1824
8.139 27.1824
8.14 -27.187
8.14 27.187
8.141 -27.1915
8.141 27.1915
8.142 -27.1961
8.142 27.1961
8.143 -27.2006
8.143 27.2006
8.144 -27.2052
8.144 27.2052
8.145 -27.2098
8.145 27.2098
8.146 -27.2143
8.146 27.2143
8.147 -27.2189
8.147 27.2189
8.148 -27.2234
8.148 27.2234
8.149 -27.228
8.149 27.228
8.15 -27.2325
8.15 27.2325
8.151 -27.2371
8.151 27.2371
8.152 -27.2416
8.152 27.2416
8.153 -27.2462
8.153 27.2462
8.154 -27.2508
8.154 27.2508
8.155 -27.2553
8.155 27.2553
8.156 -27.2599
8.156 27.2599
8.157 -27.2644
8.157 27.2644
8.158 -27.269
8.158 27.269
8.159 -27.2736
8.159 27.2736
8.16 -27.2781
8.16 27.2781
8.161 -27.2827
8.161 27.2827
8.162 -27.2872
8.162 27.2872
8.163 -27.2918
8.163 27.2918
8.164 -27.2963
8.164 27.2963
8.165 -27.3009
8.165 27.3009
8.166 -27.3055
8.166 27.3055
8.167 -27.31
8.167 27.31
8.168 -27.3146
8.168 27.3146
8.169 -27.3192
8.169 27.3192
8.17 -27.3237
8.17 27.3237
8.171 -27.3283
8.171 27.3283
8.172 -27.3328
8.172 27.3328
8.173 -27.3374
8.173 27.3374
8.174 -27.342
8.174 27.342
8.175 -27.3465
8.175 27.3465
8.176 -27.3511
8.176 27.3511
8.177 -27.3556
8.177 27.3556
8.178 -27.3602
8.178 27.3602
8.179 -27.3648
8.179 27.3648
8.18 -27.3693
8.18 27.3693
8.181 -27.3739
8.181 27.3739
8.182 -27.3785
8.182 27.3785
8.183 -27.383
8.183 27.383
8.184 -27.3876
8.184 27.3876
8.185 -27.3922
8.185 27.3922
8.186 -27.3967
8.186 27.3967
8.187 -27.4013
8.187 27.4013
8.188 -27.4059
8.188 27.4059
8.189 -27.4104
8.189 27.4104
8.19 -27.415
8.19 27.415
8.191 -27.4196
8.191 27.4196
8.192 -27.4241
8.192 27.4241
8.193 -27.4287
8.193 27.4287
8.194 -27.4333
8.194 27.4333
8.195 -27.4378
8.195 27.4378
8.196 -27.4424
8.196 27.4424
8.197 -27.447
8.197 27.447
8.198 -27.4515
8.198 27.4515
8.199 -27.4561
8.199 27.4561
8.2 -27.4607
8.2 27.4607
8.201 -27.4652
8.201 27.4652
8.202 -27.4698
8.202 27.4698
8.203 -27.4744
8.203 27.4744
8.204 -27.4789
8.204 27.4789
8.205 -27.4835
8.205 27.4835
8.206 -27.4881
8.206 27.4881
8.207 -27.4926
8.207 27.4926
8.208 -27.4972
8.208 27.4972
8.209 -27.5018
8.209 27.5018
8.21 -27.5064
8.21 27.5064
8.211 -27.5109
8.211 27.5109
8.212 -27.5155
8.212 27.5155
8.213 -27.5201
8.213 27.5201
8.214 -27.5246
8.214 27.5246
8.215 -27.5292
8.215 27.5292
8.216 -27.5338
8.216 27.5338
8.217 -27.5384
8.217 27.5384
8.218 -27.5429
8.218 27.5429
8.219 -27.5475
8.219 27.5475
8.22 -27.5521
8.22 27.5521
8.221 -27.5567
8.221 27.5567
8.222 -27.5612
8.222 27.5612
8.223 -27.5658
8.223 27.5658
8.224 -27.5704
8.224 27.5704
8.225 -27.575
8.225 27.575
8.226 -27.5795
8.226 27.5795
8.227 -27.5841
8.227 27.5841
8.228 -27.5887
8.228 27.5887
8.229 -27.5933
8.229 27.5933
8.23 -27.5978
8.23 27.5978
8.231 -27.6024
8.231 27.6024
8.232 -27.607
8.232 27.607
8.233 -27.6116
8.233 27.6116
8.234 -27.6161
8.234 27.6161
8.235 -27.6207
8.235 27.6207
8.236 -27.6253
8.236 27.6253
8.237 -27.6299
8.237 27.6299
8.238 -27.6345
8.238 27.6345
8.239 -27.639
8.239 27.639
8.24 -27.6436
8.24 27.6436
8.241 -27.6482
8.241 27.6482
8.242 -27.6528
8.242 27.6528
8.243 -27.6573
8.243 27.6573
8.244 -27.6619
8.244 27.6619
8.245 -27.6665
8.245 27.6665
8.246 -27.6711
8.246 27.6711
8.247 -27.6757
8.247 27.6757
8.248 -27.6802
8.248 27.6802
8.249 -27.6848
8.249 27.6848
8.25 -27.6894
8.25 27.6894
8.251 -27.694
8.251 27.694
8.252 -27.6986
8.252 27.6986
8.253 -27.7031
8.253 27.7031
8.254 -27.7077
8.254 27.7077
8.255 -27.7123
8.255 27.7123
8.256 -27.7169
8.256 27.7169
8.257 -27.7215
8.257 27.7215
8.258 -27.7261
8.258 27.7261
8.259 -27.7306
8.259 27.7306
8.26 -27.7352
8.26 27.7352
8.261 -27.7398
8.261 27.7398
8.262 -27.7444
8.262 27.7444
8.263 -27.749
8.263 27.749
8.264 -27.7536
8.264 27.7536
8.265 -27.7581
8.265 27.7581
8.266 -27.7627
8.266 27.7627
8.267 -27.7673
8.267 27.7673
8.268 -27.7719
8.268 27.7719
8.269 -27.7765
8.269 27.7765
8.27 -27.7811
8.27 27.7811
8.271 -27.7857
8.271 27.7857
8.272 -27.7902
8.272 27.7902
8.273 -27.7948
8.273 27.7948
8.274 -27.7994
8.274 27.7994
8.275 -27.804
8.275 27.804
8.276 -27.8086
8.276 27.8086
8.277 -27.8132
8.277 27.8132
8.278 -27.8178
8.278 27.8178
8.279 -27.8224
8.279 27.8224
8.28 -27.8269
8.28 27.8269
8.281 -27.8315
8.281 27.8315
8.282 -27.8361
8.282 27.8361
8.283 -27.8407
8.283 27.8407
8.284 -27.8453
8.284 27.8453
8.285 -27.8499
8.285 27.8499
8.286 -27.8545
8.286 27.8545
8.287 -27.8591
8.287 27.8591
8.288 -27.8637
8.288 27.8637
8.289 -27.8682
8.289 27.8682
8.29 -27.8728
8.29 27.8728
8.291 -27.8774
8.291 27.8774
8.292 -27.882
8.292 27.882
8.293 -27.8866
8.293 27.8866
8.294 -27.8912
8.294 27.8912
8.295 -27.8958
8.295 27.8958
8.296 -27.9004
8.296 27.9004
8.297 -27.905
8.297 27.905
8.298 -27.9096
8.298 27.9096
8.299 -27.9142
8.299 27.9142
8.3 -27.9188
8.3 27.9188
8.301 -27.9234
8.301 27.9234
8.302 -27.9279
8.302 27.9279
8.303 -27.9325
8.303 27.9325
8.304 -27.9371
8.304 27.9371
8.305 -27.9417
8.305 27.9417
8.306 -27.9463
8.306 27.9463
8.307 -27.9509
8.307 27.9509
8.308 -27.9555
8.308 27.9555
8.309 -27.9601
8.309 27.9601
8.31 -27.9647
8.31 27.9647
8.311 -27.9693
8.311 27.9693
8.312 -27.9739
8.312 27.9739
8.313 -27.9785
8.313 27.9785
8.314 -27.9831
8.314 27.9831
8.315 -27.9877
8.315 27.9877
8.316 -27.9923
8.316 27.9923
8.317 -27.9969
8.317 27.9969
8.318 -28.0015
8.318 28.0015
8.319 -28.0061
8.319 28.0061
8.32 -28.0107
8.32 28.0107
8.321 -28.0153
8.321 28.0153
8.322 -28.0199
8.322 28.0199
8.323 -28.0245
8.323 28.0245
8.324 -28.0291
8.324 28.0291
8.325 -28.0337
8.325 28.0337
8.326 -28.0383
8.326 28.0383
8.327 -28.0429
8.327 28.0429
8.328 -28.0475
8.328 28.0475
8.329 -28.0521
8.329 28.0521
8.33 -28.0567
8.33 28.0567
8.331 -28.0613
8.331 28.0613
8.332 -28.0659
8.332 28.0659
8.333 -28.0705
8.333 28.0705
8.334 -28.0751
8.334 28.0751
8.335 -28.0797
8.335 28.0797
8.336 -28.0843
8.336 28.0843
8.337 -28.0889
8.337 28.0889
8.338 -28.0935
8.338 28.0935
8.339 -28.0981
8.339 28.0981
8.34 -28.1027
8.34 28.1027
8.341 -28.1073
8.341 28.1073
8.342 -28.1119
8.342 28.1119
8.343 -28.1165
8.343 28.1165
8.344 -28.1211
8.344 28.1211
8.345 -28.1257
8.345 28.1257
8.346 -28.1303
8.346 28.1303
8.347 -28.1349
8.347 28.1349
8.348 -28.1395
8.348 28.1395
8.349 -28.1441
8.349 28.1441
8.35 -28.1487
8.35 28.1487
8.351 -28.1533
8.351 28.1533
8.352 -28.1579
8.352 28.1579
8.353 -28.1625
8.353 28.1625
8.354 -28.1671
8.354 28.1671
8.355 -28.1717
8.355 28.1717
8.356 -28.1764
8.356 28.1764
8.357 -28.181
8.357 28.181
8.358 -28.1856
8.358 28.1856
8.359 -28.1902
8.359 28.1902
8.36 -28.1948
8.36 28.1948
8.361 -28.1994
8.361 28.1994
8.362 -28.204
8.362 28.204
8.363 -28.2086
8.363 28.2086
8.364 -28.2132
8.364 28.2132
8.365 -28.2178
8.365 28.2178
8.366 -28.2224
8.366 28.2224
8.367 -28.227
8.367 28.227
8.368 -28.2317
8.368 28.2317
8.369 -28.2363
8.369 28.2363
8.37 -28.2409
8.37 28.2409
8.371 -28.2455
8.371 28.2455
8.372 -28.2501
8.372 28.2501
8.373 -28.2547
8.373 28.2547
8.374 -28.2593
8.374 28.2593
8.375 -28.2639
8.375 28.2639
8.376 -28.2685
8.376 28.2685
8.377 -28.2732
8.377 28.2732
8.378 -28.2778
8.378 28.2778
8.379 -28.2824
8.379 28.2824
8.38 -28.287
8.38 28.287
8.381 -28.2916
8.381 28.2916
8.382 -28.2962
8.382 28.2962
8.383 -28.3008
8.383 28.3008
8.384 -28.3054
8.384 28.3054
8.385 -28.3101
8.385 28.3101
8.386 -28.3147
8.386 28.3147
8.387 -28.3193
8.387 28.3193
8.388 -28.3239
8.388 28.3239
8.389 -28.3285
8.389 28.3285
8.39 -28.3331
8.39 28.3331
8.391 -28.3377
8.391 28.3377
8.392 -28.3424
8.392 28.3424
8.393 -28.347
8.393 28.347
8.394 -28.3516
8.394 28.3516
8.395 -28.3562
8.395 28.3562
8.396 -28.3608
8.396 28.3608
8.397 -28.3654
8.397 28.3654
8.398 -28.3701
8.398 28.3701
8.399 -28.3747
8.399 28.3747
8.4 -28.3793
8.4 28.3793
8.401 -28.3839
8.401 28.3839
8.402 -28.3885
8.402 28.3885
8.403 -28.3931
8.403 28.3931
8.404 -28.3978
8.404 28.3978
8.405 -28.4024
8.405 28.4024
8.406 -28.407
8.406 28.407
8.407 -28.4116
8.407 28.4116
8.408 -28.4162
8.408 28.4162
8.409 -28.4209
8.409 28.4209
8.41 -28.4255
8.41 28.4255
8.411 -28.4301
8.411 28.4301
8.412 -28.4347
8.412 28.4347
8.413 -28.4393
8.413 28.4393
8.414 -28.444
8.414 28.444
8.415 -28.4486
8.415 28.4486
8.416 -28.4532
8.416 28.4532
8.417 -28.4578
8.417 28.4578
8.418 -28.4624
8.418 28.4624
8.419 -28.4671
8.419 28.4671
8.42 -28.4717
8.42 28.4717
8.421 -28.4763
8.421 28.4763
8.422 -28.4809
8.422 28.4809
8.423 -28.4856
8.423 28.4856
8.424 -28.4902
8.424 28.4902
8.425 -28.4948
8.425 28.4948
8.426 -28.4994
8.426 28.4994
8.427 -28.504
8.427 28.504
8.428 -28.5087
8.428 28.5087
8.429 -28.5133
8.429 28.5133
8.43 -28.5179
8.43 28.5179
8.431 -28.5225
8.431 28.5225
8.432 -28.5272
8.432 28.5272
8.433 -28.5318
8.433 28.5318
8.434 -28.5364
8.434 28.5364
8.435 -28.541
8.435 28.541
8.436 -28.5457
8.436 28.5457
8.437 -28.5503
8.437 28.5503
8.438 -28.5549
8.438 28.5549
8.439 -28.5596
8.439 28.5596
8.44 -28.5642
8.44 28.5642
8.441 -28.5688
8.441 28.5688
8.442 -28.5734
8.442 28.5734
8.443 -28.5781
8.443 28.5781
8.444 -28.5827
8.444 28.5827
8.445 -28.5873
8.445 28.5873
8.446 -28.5919
8.446 28.5919
8.447 -28.5966
8.447 28.5966
8.448 -28.6012
8.448 28.6012
8.449 -28.6058
8.449 28.6058
8.45 -28.6105
8.45 28.6105
8.451 -28.6151
8.451 28.6151
8.452 -28.6197
8.452 28.6197
8.453 -28.6244
8.453 28.6244
8.454 -28.629
8.454 28.629
8.455 -28.6336
8.455 28.6336
8.456 -28.6382
8.456 28.6382
8.457 -28.6429
8.457 28.6429
8.458 -28.6475
8.458 28.6475
8.459 -28.6521
8.459 28.6521
8.46 -28.6568
8.46 28.6568
8.461 -28.6614
8.461 28.6614
8.462 -28.666
8.462 28.666
8.463 -28.6707
8.463 28.6707
8.464 -28.6753
8.464 28.6753
8.465 -28.6799
8.465 28.6799
8.466 -28.6846
8.466 28.6846
8.467 -28.6892
8.467 28.6892
8.468 -28.6938
8.468 28.6938
8.469 -28.6985
8.469 28.6985
8.47 -28.7031
8.47 28.7031
8.471 -28.7077
8.471 28.7077
8.472 -28.7124
8.472 28.7124
8.473 -28.717
8.473 28.717
8.474 -28.7216
8.474 28.7216
8.475 -28.7263
8.475 28.7263
8.476 -28.7309
8.476 28.7309
8.477 -28.7355
8.477 28.7355
8.478 -28.7402
8.478 28.7402
8.479 -28.7448
8.479 28.7448
8.48 -28.7495
8.48 28.7495
8.481 -28.7541
8.481 28.7541
8.482 -28.7587
8.482 28.7587
8.483 -28.7634
8.483 28.7634
8.484 -28.768
8.484 28.768
8.485 -28.7726
8.485 28.7726
8.486 -28.7773
8.486 28.7773
8.487 -28.7819
8.487 28.7819
8.488 -28.7866
8.488 28.7866
8.489 -28.7912
8.489 28.7912
8.49 -28.7958
8.49 28.7958
8.491 -28.8005
8.491 28.8005
8.492 -28.8051
8.492 28.8051
8.493 -28.8098
8.493 28.8098
8.494 -28.8144
8.494 28.8144
8.495 -28.819
8.495 28.819
8.496 -28.8237
8.496 28.8237
8.497 -28.8283
8.497 28.8283
8.498 -28.833
8.498 28.833
8.499 -28.8376
8.499 28.8376
8.5 -28.8422
8.5 28.8422
8.501 -28.8469
8.501 28.8469
8.502 -28.8515
8.502 28.8515
8.503 -28.8562
8.503 28.8562
8.504 -28.8608
8.504 28.8608
8.505 -28.8655
8.505 28.8655
8.506 -28.8701
8.506 28.8701
8.507 -28.8747
8.507 28.8747
8.508 -28.8794
8.508 28.8794
8.509 -28.884
8.509 28.884
8.51 -28.8887
8.51 28.8887
8.511 -28.8933
8.511 28.8933
8.512 -28.898
8.512 28.898
8.513 -28.9026
8.513 28.9026
8.514 -28.9072
8.514 28.9072
8.515 -28.9119
8.515 28.9119
8.516 -28.9165
8.516 28.9165
8.517 -28.9212
8.517 28.9212
8.518 -28.9258
8.518 28.9258
8.519 -28.9305
8.519 28.9305
8.52 -28.9351
8.52 28.9351
8.521 -28.9398
8.521 28.9398
8.522 -28.9444
8.522 28.9444
8.523 -28.9491
8.523 28.9491
8.524 -28.9537
8.524 28.9537
8.525 -28.9584
8.525 28.9584
8.526 -28.963
8.526 28.963
8.527 -28.9677
8.527 28.9677
8.528 -28.9723
8.528 28.9723
8.529 -28.977
8.529 28.977
8.53 -28.9816
8.53 28.9816
8.531 -28.9862
8.531 28.9862
8.532 -28.9909
8.532 28.9909
8.533 -28.9955
8.533 28.9955
8.534 -29.0002
8.534 29.0002
8.535 -29.0048
8.535 29.0048
8.536 -29.0095
8.536 29.0095
8.537 -29.0141
8.537 29.0141
8.538 -29.0188
8.538 29.0188
8.539 -29.0235
8.539 29.0235
8.54 -29.0281
8.54 29.0281
8.541 -29.0328
8.541 29.0328
8.542 -29.0374
8.542 29.0374
8.543 -29.0421
8.543 29.0421
8.544 -29.0467
8.544 29.0467
8.545 -29.0514
8.545 29.0514
8.546 -29.056
8.546 29.056
8.547 -29.0607
8.547 29.0607
8.548 -29.0653
8.548 29.0653
8.549 -29.07
8.549 29.07
8.55 -29.0746
8.55 29.0746
8.551 -29.0793
8.551 29.0793
8.552 -29.0839
8.552 29.0839
8.553 -29.0886
8.553 29.0886
8.554 -29.0932
8.554 29.0932
8.555 -29.0979
8.555 29.0979
8.556 -29.1026
8.556 29.1026
8.557 -29.1072
8.557 29.1072
8.558 -29.1119
8.558 29.1119
8.559 -29.1165
8.559 29.1165
8.56 -29.1212
8.56 29.1212
8.561 -29.1258
8.561 29.1258
8.562 -29.1305
8.562 29.1305
8.563 -29.1351
8.563 29.1351
8.564 -29.1398
8.564 29.1398
8.565 -29.1445
8.565 29.1445
8.566 -29.1491
8.566 29.1491
8.567 -29.1538
8.567 29.1538
8.568 -29.1584
8.568 29.1584
8.569 -29.1631
8.569 29.1631
8.57 -29.1677
8.57 29.1677
8.571 -29.1724
8.571 29.1724
8.572 -29.1771
8.572 29.1771
8.573 -29.1817
8.573 29.1817
8.574 -29.1864
8.574 29.1864
8.575 -29.191
8.575 29.191
8.576 -29.1957
8.576 29.1957
8.577 -29.2004
8.577 29.2004
8.578 -29.205
8.578 29.205
8.579 -29.2097
8.579 29.2097
8.58 -29.2143
8.58 29.2143
8.581 -29.219
8.581 29.219
8.582 -29.2237
8.582 29.2237
8.583 -29.2283
8.583 29.2283
8.584 -29.233
8.584 29.233
8.585 -29.2377
8.585 29.2377
8.586 -29.2423
8.586 29.2423
8.587 -29.247
8.587 29.247
8.588 -29.2516
8.588 29.2516
8.589 -29.2563
8.589 29.2563
8.59 -29.261
8.59 29.261
8.591 -29.2656
8.591 29.2656
8.592 -29.2703
8.592 29.2703
8.593 -29.275
8.593 29.275
8.594 -29.2796
8.594 29.2796
8.595 -29.2843
8.595 29.2843
8.596 -29.2889
8.596 29.2889
8.597 -29.2936
8.597 29.2936
8.598 -29.2983
8.598 29.2983
8.599 -29.3029
8.599 29.3029
8.6 -29.3076
8.6 29.3076
8.601 -29.3123
8.601 29.3123
8.602 -29.3169
8.602 29.3169
8.603 -29.3216
8.603 29.3216
8.604 -29.3263
8.604 29.3263
8.605 -29.3309
8.605 29.3309
8.606 -29.3356
8.606 29.3356
8.607 -29.3403
8.607 29.3403
8.608 -29.3449
8.608 29.3449
8.609 -29.3496
8.609 29.3496
8.61 -29.3543
8.61 29.3543
8.611 -29.3589
8.611 29.3589
8.612 -29.3636
8.612 29.3636
8.613 -29.3683
8.613 29.3683
8.614 -29.373
8.614 29.373
8.615 -29.3776
8.615 29.3776
8.616 -29.3823
8.616 29.3823
8.617 -29.387
8.617 29.387
8.618 -29.3916
8.618 29.3916
8.619 -29.3963
8.619 29.3963
8.62 -29.401
8.62 29.401
8.621 -29.4056
8.621 29.4056
8.622 -29.4103
8.622 29.4103
8.623 -29.415
8.623 29.415
8.624 -29.4197
8.624 29.4197
8.625 -29.4243
8.625 29.4243
8.626 -29.429
8.626 29.429
8.627 -29.4337
8.627 29.4337
8.628 -29.4383
8.628 29.4383
8.629 -29.443
8.629 29.443
8.63 -29.4477
8.63 29.4477
8.631 -29.4524
8.631 29.4524
8.632 -29.457
8.632 29.457
8.633 -29.4617
8.633 29.4617
8.634 -29.4664
8.634 29.4664
8.635 -29.4711
8.635 29.4711
8.636 -29.4757
8.636 29.4757
8.637 -29.4804
8.637 29.4804
8.638 -29.4851
8.638 29.4851
8.639 -29.4898
8.639 29.4898
8.64 -29.4944
8.64 29.4944
8.641 -29.4991
8.641 29.4991
8.642 -29.5038
8.642 29.5038
8.643 -29.5085
8.643 29.5085
8.644 -29.5131
8.644 29.5131
8.645 -29.5178
8.645 29.5178
8.646 -29.5225
8.646 29.5225
8.647 -29.5272
8.647 29.5272
8.648 -29.5318
8.648 29.5318
8.649 -29.5365
8.649 29.5365
8.65 -29.5412
8.65 29.5412
8.651 -29.5459
8.651 29.5459
8.652 -29.5505
8.652 29.5505
8.653 -29.5552
8.653 29.5552
8.654 -29.5599
8.654 29.5599
8.655 -29.5646
8.655 29.5646
8.656 -29.5693
8.656 29.5693
8.657 -29.5739
8.657 29.5739
8.658 -29.5786
8.658 29.5786
8.659 -29.5833
8.659 29.5833
8.66 -29.588
8.66 29.588
8.661 -29.5927
8.661 29.5927
8.662 -29.5973
8.662 29.5973
8.663 -29.602
8.663 29.602
8.664 -29.6067
8.664 29.6067
8.665 -29.6114
8.665 29.6114
8.666 -29.6161
8.666 29.6161
8.667 -29.6207
8.667 29.6207
8.668 -29.6254
8.668 29.6254
8.669 -29.6301
8.669 29.6301
8.67 -29.6348
8.67 29.6348
8.671 -29.6395
8.671 29.6395
8.672 -29.6442
8.672 29.6442
8.673 -29.6488
8.673 29.6488
8.674 -29.6535
8.674 29.6535
8.675 -29.6582
8.675 29.6582
8.676 -29.6629
8.676 29.6629
8.677 -29.6676
8.677 29.6676
8.678 -29.6723
8.678 29.6723
8.679 -29.6769
8.679 29.6769
8.68 -29.6816
8.68 29.6816
8.681 -29.6863
8.681 29.6863
8.682 -29.691
8.682 29.691
8.683 -29.6957
8.683 29.6957
8.684 -29.7004
8.684 29.7004
8.685 -29.7051
8.685 29.7051
8.686 -29.7097
8.686 29.7097
8.687 -29.7144
8.687 29.7144
8.688 -29.7191
8.688 29.7191
8.689 -29.7238
8.689 29.7238
8.69 -29.7285
8.69 29.7285
8.691 -29.7332
8.691 29.7332
8.692 -29.7379
8.692 29.7379
8.693 -29.7426
8.693 29.7426
8.694 -29.7472
8.694 29.7472
8.695 -29.7519
8.695 29.7519
8.696 -29.7566
8.696 29.7566
8.697 -29.7613
8.697 29.7613
8.698 -29.766
8.698 29.766
8.699 -29.7707
8.699 29.7707
8.7 -29.7754
8.7 29.7754
8.701 -29.7801
8.701 29.7801
8.702 -29.7848
8.702 29.7848
8.703 -29.7894
8.703 29.7894
8.704 -29.7941
8.704 29.7941
8.705 -29.7988
8.705 29.7988
8.706 -29.8035
8.706 29.8035
8.707 -29.8082
8.707 29.8082
8.708 -29.8129
8.708 29.8129
8.709 -29.8176
8.709 29.8176
8.71 -29.8223
8.71 29.8223
8.711 -29.827
8.711 29.827
8.712 -29.8317
8.712 29.8317
8.713 -29.8364
8.713 29.8364
8.714 -29.8411
8.714 29.8411
8.715 -29.8457
8.715 29.8457
8.716 -29.8504
8.716 29.8504
8.717 -29.8551
8.717 29.8551
8.718 -29.8598
8.718 29.8598
8.719 -29.8645
8.719 29.8645
8.72 -29.8692
8.72 29.8692
8.721 -29.8739
8.721 29.8739
8.722 -29.8786
8.722 29.8786
8.723 -29.8833
8.723 29.8833
8.724 -29.888
8.724 29.888
8.725 -29.8927
8.725 29.8927
8.726 -29.8974
8.726 29.8974
8.727 -29.9021
8.727 29.9021
8.728 -29.9068
8.728 29.9068
8.729 -29.9115
8.729 29.9115
8.73 -29.9162
8.73 29.9162
8.731 -29.9209
8.731 29.9209
8.732 -29.9256
8.732 29.9256
8.733 -29.9303
8.733 29.9303
8.734 -29.935
8.734 29.935
8.735 -29.9397
8.735 29.9397
8.736 -29.9444
8.736 29.9444
8.737 -29.9491
8.737 29.9491
8.738 -29.9538
8.738 29.9538
8.739 -29.9585
8.739 29.9585
8.74 -29.9632
8.74 29.9632
8.741 -29.9679
8.741 29.9679
8.742 -29.9725
8.742 29.9725
8.743 -29.9772
8.743 29.9772
8.744 -29.9819
8.744 29.9819
8.745 -29.9866
8.745 29.9866
8.746 -29.9914
8.746 29.9914
8.747 -29.9961
8.747 29.9961
8.748 -30.0008
8.748 30.0008
8.749 -30.0055
8.749 30.0055
8.75 -30.0102
8.75 30.0102
8.751 -30.0149
8.751 30.0149
8.752 -30.0196
8.752 30.0196
8.753 -30.0243
8.753 30.0243
8.754 -30.029
8.754 30.029
8.755 -30.0337
8.755 30.0337
8.756 -30.0384
8.756 30.0384
8.757 -30.0431
8.757 30.0431
8.758 -30.0478
8.758 30.0478
8.759 -30.0525
8.759 30.0525
8.76 -30.0572
8.76 30.0572
8.761 -30.0619
8.761 30.0619
8.762 -30.0666
8.762 30.0666
8.763 -30.0713
8.763 30.0713
8.764 -30.076
8.764 30.076
8.765 -30.0807
8.765 30.0807
8.766 -30.0854
8.766 30.0854
8.767 -30.0901
8.767 30.0901
8.768 -30.0948
8.768 30.0948
8.769 -30.0995
8.769 30.0995
8.77 -30.1042
8.77 30.1042
8.771 -30.1089
8.771 30.1089
8.772 -30.1136
8.772 30.1136
8.773 -30.1184
8.773 30.1184
8.774 -30.1231
8.774 30.1231
8.775 -30.1278
8.775 30.1278
8.776 -30.1325
8.776 30.1325
8.777 -30.1372
8.777 30.1372
8.778 -30.1419
8.778 30.1419
8.779 -30.1466
8.779 30.1466
8.78 -30.1513
8.78 30.1513
8.781 -30.156
8.781 30.156
8.782 -30.1607
8.782 30.1607
8.783 -30.1654
8.783 30.1654
8.784 -30.1701
8.784 30.1701
8.785 -30.1749
8.785 30.1749
8.786 -30.1796
8.786 30.1796
8.787 -30.1843
8.787 30.1843
8.788 -30.189
8.788 30.189
8.789 -30.1937
8.789 30.1937
8.79 -30.1984
8.79 30.1984
8.791 -30.2031
8.791 30.2031
8.792 -30.2078
8.792 30.2078
8.793 -30.2125
8.793 30.2125
8.794 -30.2173
8.794 30.2173
8.795 -30.222
8.795 30.222
8.796 -30.2267
8.796 30.2267
8.797 -30.2314
8.797 30.2314
8.798 -30.2361
8.798 30.2361
8.799 -30.2408
8.799 30.2408
8.8 -30.2455
8.8 30.2455
8.801 -30.2502
8.801 30.2502
8.802 -30.255
8.802 30.255
8.803 -30.2597
8.803 30.2597
8.804 -30.2644
8.804 30.2644
8.805 -30.2691
8.805 30.2691
8.806 -30.2738
8.806 30.2738
8.807 -30.2785
8.807 30.2785
8.808 -30.2832
8.808 30.2832
8.809 -30.288
8.809 30.288
8.81 -30.2927
8.81 30.2927
8.811 -30.2974
8.811 30.2974
8.812 -30.3021
8.812 30.3021
8.813 -30.3068
8.813 30.3068
8.814 -30.3115
8.814 30.3115
8.815 -30.3163
8.815 30.3163
8.816 -30.321
8.816 30.321
8.817 -30.3257
8.817 30.3257
8.818 -30.3304
8.818 30.3304
8.819 -30.3351
8.819 30.3351
8.82 -30.3398
8.82 30.3398
8.821 -30.3446
8.821 30.3446
8.822 -30.3493
8.822 30.3493
8.823 -30.354
8.823 30.354
8.824 -30.3587
8.824 30.3587
8.825 -30.3634
8.825 30.3634
8.826 -30.3682
8.826 30.3682
8.827 -30.3729
8.827 30.3729
8.828 -30.3776
8.828 30.3776
8.829 -30.3823
8.829 30.3823
8.83 -30.387
8.83 30.387
8.831 -30.3918
8.831 30.3918
8.832 -30.3965
8.832 30.3965
8.833 -30.4012
8.833 30.4012
8.834 -30.4059
8.834 30.4059
8.835 -30.4106
8.835 30.4106
8.836 -30.4154
8.836 30.4154
8.837 -30.4201
8.837 30.4201
8.838 -30.4248
8.838 30.4248
8.839 -30.4295
8.839 30.4295
8.84 -30.4343
8.84 30.4343
8.841 -30.439
8.841 30.439
8.842 -30.4437
8.842 30.4437
8.843 -30.4484
8.843 30.4484
8.844 -30.4531
8.844 30.4531
8.845 -30.4579
8.845 30.4579
8.846 -30.4626
8.846 30.4626
8.847 -30.4673
8.847 30.4673
8.848 -30.472
8.848 30.472
8.849 -30.4768
8.849 30.4768
8.85 -30.4815
8.85 30.4815
8.851 -30.4862
8.851 30.4862
8.852 -30.4909
8.852 30.4909
8.853 -30.4957
8.853 30.4957
8.854 -30.5004
8.854 30.5004
8.855 -30.5051
8.855 30.5051
8.856 -30.5099
8.856 30.5099
8.857 -30.5146
8.857 30.5146
8.858 -30.5193
8.858 30.5193
8.859 -30.524
8.859 30.524
8.86 -30.5288
8.86 30.5288
8.861 -30.5335
8.861 30.5335
8.862 -30.5382
8.862 30.5382
8.863 -30.5429
8.863 30.5429
8.864 -30.5477
8.864 30.5477
8.865 -30.5524
8.865 30.5524
8.866 -30.5571
8.866 30.5571
8.867 -30.5619
8.867 30.5619
8.868 -30.5666
8.868 30.5666
8.869 -30.5713
8.869 30.5713
8.87 -30.576
8.87 30.576
8.871 -30.5808
8.871 30.5808
8.872 -30.5855
8.872 30.5855
8.873 -30.5902
8.873 30.5902
8.874 -30.595
8.874 30.595
8.875 -30.5997
8.875 30.5997
8.876 -30.6044
8.876 30.6044
8.877 -30.6092
8.877 30.6092
8.878 -30.6139
8.878 30.6139
8.879 -30.6186
8.879 30.6186
8.88 -30.6234
8.88 30.6234
8.881 -30.6281
8.881 30.6281
8.882 -30.6328
8.882 30.6328
8.883 -30.6376
8.883 30.6376
8.884 -30.6423
8.884 30.6423
8.885 -30.647
8.885 30.647
8.886 -30.6518
8.886 30.6518
8.887 -30.6565
8.887 30.6565
8.888 -30.6612
8.888 30.6612
8.889 -30.666
8.889 30.666
8.89 -30.6707
8.89 30.6707
8.891 -30.6754
8.891 30.6754
8.892 -30.6802
8.892 30.6802
8.893 -30.6849
8.893 30.6849
8.894 -30.6896
8.894 30.6896
8.895 -30.6944
8.895 30.6944
8.896 -30.6991
8.896 30.6991
8.897 -30.7038
8.897 30.7038
8.898 -30.7086
8.898 30.7086
8.899 -30.7133
8.899 30.7133
8.9 -30.7181
8.9 30.7181
8.901 -30.7228
8.901 30.7228
8.902 -30.7275
8.902 30.7275
8.903 -30.7323
8.903 30.7323
8.904 -30.737
8.904 30.737
8.905 -30.7417
8.905 30.7417
8.906 -30.7465
8.906 30.7465
8.907 -30.7512
8.907 30.7512
8.908 -30.756
8.908 30.756
8.909 -30.7607
8.909 30.7607
8.91 -30.7654
8.91 30.7654
8.911 -30.7702
8.911 30.7702
8.912 -30.7749
8.912 30.7749
8.913 -30.7797
8.913 30.7797
8.914 -30.7844
8.914 30.7844
8.915 -30.7891
8.915 30.7891
8.916 -30.7939
8.916 30.7939
8.917 -30.7986
8.917 30.7986
8.918 -30.8034
8.918 30.8034
8.919 -30.8081
8.919 30.8081
8.92 -30.8128
8.92 30.8128
8.921 -30.8176
8.921 30.8176
8.922 -30.8223
8.922 30.8223
8.923 -30.8271
8.923 30.8271
8.924 -30.8318
8.924 30.8318
8.925 -30.8366
8.925 30.8366
8.926 -30.8413
8.926 30.8413
8.927 -30.846
8.927 30.846
8.928 -30.8508
8.928 30.8508
8.929 -30.8555
8.929 30.8555
8.93 -30.8603
8.93 30.8603
8.931 -30.865
8.931 30.865
8.932 -30.8698
8.932 30.8698
8.933 -30.8745
8.933 30.8745
8.934 -30.8793
8.934 30.8793
8.935 -30.884
8.935 30.884
8.936 -30.8887
8.936 30.8887
8.937 -30.8935
8.937 30.8935
8.938 -30.8982
8.938 30.8982
8.939 -30.903
8.939 30.903
8.94 -30.9077
8.94 30.9077
8.941 -30.9125
8.941 30.9125
8.942 -30.9172
8.942 30.9172
8.943 -30.922
8.943 30.922
8.944 -30.9267
8.944 30.9267
8.945 -30.9315
8.945 30.9315
8.946 -30.9362
8.946 30.9362
8.947 -30.941
8.947 30.941
8.948 -30.9457
8.948 30.9457
8.949 -30.9505
8.949 30.9505
8.95 -30.9552
8.95 30.9552
8.951 -30.96
8.951 30.96
8.952 -30.9647
8.952 30.9647
8.953 -30.9695
8.953 30.9695
8.954 -30.9742
8.954 30.9742
8.955 -30.979
8.955 30.979
8.956 -30.9837
8.956 30.9837
8.957 -30.9885
8.957 30.9885
8.958 -30.9932
8.958 30.9932
8.959 -30.998
8.959 30.998
8.96 -31.0027
8.96 31.0027
8.961 -31.0075
8.961 31.0075
8.962 -31.0122
8.962 31.0122
8.963 -31.017
8.963 31.017
8.964 -31.0217
8.964 31.0217
8.965 -31.0265
8.965 31.0265
8.966 -31.0312
8.966 31.0312
8.967 -31.036
8.967 31.036
8.968 -31.0407
8.968 31.0407
8.969 -31.0455
8.969 31.0455
8.97 -31.0502
8.97 31.0502
8.971 -31.055
8.971 31.055
8.972 -31.0597
8.972 31.0597
8.973 -31.0645
8.973 31.0645
8.974 -31.0692
8.974 31.0692
8.975 -31.074
8.975 31.074
8.976 -31.0788
8.976 31.0788
8.977 -31.0835
8.977 31.0835
8.978 -31.0883
8.978 31.0883
8.979 -31.093
8.979 31.093
8.98 -31.0978
8.98 31.0978
8.981 -31.1025
8.981 31.1025
8.982 -31.1073
8.982 31.1073
8.983 -31.1121
8.983 31.1121
8.984 -31.1168
8.984 31.1168
8.985 -31.1216
8.985 31.1216
8.986 -31.1263
8.986 31.1263
8.987 -31.1311
8.987 31.1311
8.988 -31.1358
8.988 31.1358
8.989 -31.1406
8.989 31.1406
8.99 -31.1454
8.99 31.1454
8.991 -31.1501
8.991 31.1501
8.992 -31.1549
8.992 31.1549
8.993 -31.1596
8.993 31.1596
8.994 -31.1644
8.994 31.1644
8.995 -31.1691
8.995 31.1691
8.996 -31.1739
8.996 31.1739
8.997 -31.1787
8.997 31.1787
8.998 -31.1834
8.998 31.1834
8.999 -31.1882
8.999 31.1882
9 -31.1929
9 31.1929
9.001 -31.1977
9.001 31.1977
9.002 -31.2025
9.002 31.2025
9.003 -31.2072
9.003 31.2072
9.004 -31.212
9.004 31.212
9.005 -31.2168
9.005 31.2168
9.006 -31.2215
9.006 31.2215
9.007 -31.2263
9.007 31.2263
9.008 -31.231
9.008 31.231
9.009 -31.2358
9.009 31.2358
9.01 -31.2406
9.01 31.2406
9.011 -31.2453
9.011 31.2453
9.012 -31.2501
9.012 31.2501
9.013 -31.2549
9.013 31.2549
9.014 -31.2596
9.014 31.2596
9.015 -31.2644
9.015 31.2644
9.016 -31.2691
9.016 31.2691
9.017 -31.2739
9.017 31.2739
9.018 -31.2787
9.018 31.2787
9.019 -31.2834
9.019 31.2834
9.02 -31.2882
9.02 31.2882
9.021 -31.293
9.021 31.293
9.022 -31.2977
9.022 31.2977
9.023 -31.3025
9.023 31.3025
9.024 -31.3073
9.024 31.3073
9.025 -31.312
9.025 31.312
9.026 -31.3168
9.026 31.3168
9.027 -31.3216
9.027 31.3216
9.028 -31.3263
9.028 31.3263
9.029 -31.3311
9.029 31.3311
9.03 -31.3359
9.03 31.3359
9.031 -31.3406
9.031 31.3406
9.032 -31.3454
9.032 31.3454
9.033 -31.3502
9.033 31.3502
9.034 -31.3549
9.034 31.3549
9.035 -31.3597
9.035 31.3597
9.036 -31.3645
9.036 31.3645
9.037 -31.3693
9.037 31.3693
9.038 -31.374
9.038 31.374
9.039 -31.3788
9.039 31.3788
9.04 -31.3836
9.04 31.3836
9.041 -31.3883
9.041 31.3883
9.042 -31.3931
9.042 31.3931
9.043 -31.3979
9.043 31.3979
9.044 -31.4026
9.044 31.4026
9.045 -31.4074
9.045 31.4074
9.046 -31.4122
9.046 31.4122
9.047 -31.417
9.047 31.417
9.048 -31.4217
9.048 31.4217
9.049 -31.4265
9.049 31.4265
9.05 -31.4313
9.05 31.4313
9.051 -31.436
9.051 31.436
9.052 -31.4408
9.052 31.4408
9.053 -31.4456
9.053 31.4456
9.054 -31.4504
9.054 31.4504
9.055 -31.4551
9.055 31.4551
9.056 -31.4599
9.056 31.4599
9.057 -31.4647
9.057 31.4647
9.058 -31.4695
9.058 31.4695
9.059 -31.4742
9.059 31.4742
9.06 -31.479
9.06 31.479
9.061 -31.4838
9.061 31.4838
9.062 -31.4886
9.062 31.4886
9.063 -31.4933
9.063 31.4933
9.064 -31.4981
9.064 31.4981
9.065 -31.5029
9.065 31.5029
9.066 -31.5077
9.066 31.5077
9.067 -31.5124
9.067 31.5124
9.068 -31.5172
9.068 31.5172
9.069 -31.522
9.069 31.522
9.07 -31.5268
9.07 31.5268
9.071 -31.5315
9.071 31.5315
9.072 -31.5363
9.072 31.5363
9.073 -31.5411
9.073 31.5411
9.074 -31.5459
9.074 31.5459
9.075 -31.5507
9.075 31.5507
9.076 -31.5554
9.076 31.5554
9.077 -31.5602
9.077 31.5602
9.078 -31.565
9.078 31.565
9.079 -31.5698
9.079 31.5698
9.08 -31.5746
9.08 31.5746
9.081 -31.5793
9.081 31.5793
9.082 -31.5841
9.082 31.5841
9.083 -31.5889
9.083 31.5889
9.084 -31.5937
9.084 31.5937
9.085 -31.5985
9.085 31.5985
9.086 -31.6032
9.086 31.6032
9.087 -31.608
9.087 31.608
9.088 -31.6128
9.088 31.6128
9.089 -31.6176
9.089 31.6176
9.09 -31.6224
9.09 31.6224
9.091 -31.6271
9.091 31.6271
9.092 -31.6319
9.092 31.6319
9.093 -31.6367
9.093 31.6367
9.094 -31.6415
9.094 31.6415
9.095 -31.6463
9.095 31.6463
9.096 -31.6511
9.096 31.6511
9.097 -31.6558
9.097 31.6558
9.098 -31.6606
9.098 31.6606
9.099 -31.6654
9.099 31.6654
9.1 -31.6702
9.1 31.6702
9.101 -31.675
9.101 31.675
9.102 -31.6798
9.102 31.6798
9.103 -31.6845
9.103 31.6845
9.104 -31.6893
9.104 31.6893
9.105 -31.6941
9.105 31.6941
9.106 -31.6989
9.106 31.6989
9.107 -31.7037
9.107 31.7037
9.108 -31.7085
9.108 31.7085
9.109 -31.7133
9.109 31.7133
9.11 -31.718
9.11 31.718
9.111 -31.7228
9.111 31.7228
9.112 -31.7276
9.112 31.7276
9.113 -31.7324
9.113 31.7324
9.114 -31.7372
9.114 31.7372
9.115 -31.742
9.115 31.742
9.116 -31.7468
9.116 31.7468
9.117 -31.7516
9.117 31.7516
9.118 -31.7563
9.118 31.7563
9.119 -31.7611
9.119 31.7611
9.12 -31.7659
9.12 31.7659
9.121 -31.7707
9.121 31.7707
9.122 -31.7755
9.122 31.7755
9.123 -31.7803
9.123 31.7803
9.124 -31.7851
9.124 31.7851
9.125 -31.7899
9.125 31.7899
9.126 -31.7947
9.126 31.7947
9.127 -31.7994
9.127 31.7994
9.128 -31.8042
9.128 31.8042
9.129 -31.809
9.129 31.809
9.13 -31.8138
9.13 31.8138
9.131 -31.8186
9.131 31.8186
9.132 -31.8234
9.132 31.8234
9.133 -31.8282
9.133 31.8282
9.134 -31.833
9.134 31.833
9.135 -31.8378
9.135 31.8378
9.136 -31.8426
9.136 31.8426
9.137 -31.8474
9.137 31.8474
9.138 -31.8522
9.138 31.8522
9.139 -31.857
9.139 31.857
9.14 -31.8617
9.14 31.8617
9.141 -31.8665
9.141 31.8665
9.142 -31.8713
9.142 31.8713
9.143 -31.8761
9.143 31.8761
9.144 -31.8809
9.144 31.8809
9.145 -31.8857
9.145 31.8857
9.146 -31.8905
9.146 31.8905
9.147 -31.8953
9.147 31.8953
9.148 -31.9001
9.148 31.9001
9.149 -31.9049
9.149 31.9049
9.15 -31.9097
9.15 31.9097
9.151 -31.9145
9.151 31.9145
9.152 -31.9193
9.152 31.9193
9.153 -31.9241
9.153 31.9241
9.154 -31.9289
9.154 31.9289
9.155 -31.9337
9.155 31.9337
9.156 -31.9385
9.156 31.9385
9.157 -31.9433
9.157 31.9433
9.158 -31.9481
9.158 31.9481
9.159 -31.9529
9.159 31.9529
9.16 -31.9577
9.16 31.9577
9.161 -31.9625
9.161 31.9625
9.162 -31.9673
9.162 31.9673
9.163 -31.9721
9.163 31.9721
9.164 -31.9769
9.164 31.9769
9.165 -31.9817
9.165 31.9817
9.166 -31.9865
9.166 31.9865
9.167 -31.9913
9.167 31.9913
9.168 -31.9961
9.168 31.9961
9.169 -32.0009
9.169 32.0009
9.17 -32.0057
9.17 32.0057
9.171 -32.0105
9.171 32.0105
9.172 -32.0153
9.172 32.0153
9.173 -32.0201
9.173 32.0201
9.174 -32.0249
9.174 32.0249
9.175 -32.0297
9.175 32.0297
9.176 -32.0345
9.176 32.0345
9.177 -32.0393
9.177 32.0393
9.178 -32.0441
9.178 32.0441
9.179 -32.0489
9.179 32.0489
9.18 -32.0537
9.18 32.0537
9.181 -32.0585
9.181 32.0585
9.182 -32.0633
9.182 32.0633
9.183 -32.0681
9.183 32.0681
9.184 -32.0729
9.184 32.0729
9.185 -32.0777
9.185 32.0777
9.186 -32.0825
9.186 32.0825
9.187 -32.0873
9.187 32.0873
9.188 -32.0921
9.188 32.0921
9.189 -32.0969
9.189 32.0969
9.19 -32.1017
9.19 32.1017
9.191 -32.1065
9.191 32.1065
9.192 -32.1113
9.192 32.1113
9.193 -32.1161
9.193 32.1161
9.194 -32.1209
9.194 32.1209
9.195 -32.1257
9.195 32.1257
9.196 -32.1305
9.196 32.1305
9.197 -32.1354
9.197 32.1354
9.198 -32.1402
9.198 32.1402
9.199 -32.145
9.199 32.145
9.2 -32.1498
9.2 32.1498
9.201 -32.1546
9.201 32.1546
9.202 -32.1594
9.202 32.1594
9.203 -32.1642
9.203 32.1642
9.204 -32.169
9.204 32.169
9.205 -32.1738
9.205 32.1738
9.206 -32.1786
9.206 32.1786
9.207 -32.1834
9.207 32.1834
9.208 -32.1882
9.208 32.1882
9.209 -32.1931
9.209 32.1931
9.21 -32.1979
9.21 32.1979
9.211 -32.2027
9.211 32.2027
9.212 -32.2075
9.212 32.2075
9.213 -32.2123
9.213 32.2123
9.214 -32.2171
9.214 32.2171
9.215 -32.2219
9.215 32.2219
9.216 -32.2267
9.216 32.2267
9.217 -32.2315
9.217 32.2315
9.218 -32.2363
9.218 32.2363
9.219 -32.2412
9.219 32.2412
9.22 -32.246
9.22 32.246
9.221 -32.2508
9.221 32.2508
9.222 -32.2556
9.222 32.2556
9.223 -32.2604
9.223 32.2604
9.224 -32.2652
9.224 32.2652
9.225 -32.27
9.225 32.27
9.226 -32.2748
9.226 32.2748
9.227 -32.2797
9.227 32.2797
9.228 -32.2845
9.228 32.2845
9.229 -32.2893
9.229 32.2893
9.23 -32.2941
9.23 32.2941
9.231 -32.2989
9.231 32.2989
9.232 -32.3037
9.232 32.3037
9.233 -32.3085
9.233 32.3085
9.234 -32.3134
9.234 32.3134
9.235 -32.3182
9.235 32.3182
9.236 -32.323
9.236 32.323
9.237 -32.3278
9.237 32.3278
9.238 -32.3326
9.238 32.3326
9.239 -32.3374
9.239 32.3374
9.24 -32.3423
9.24 32.3423
9.241 -32.3471
9.241 32.3471
9.242 -32.3519
9.242 32.3519
9.243 -32.3567
9.243 32.3567
9.244 -32.3615
9.244 32.3615
9.245 -32.3663
9.245 32.3663
9.246 -32.3712
9.246 32.3712
9.247 -32.376
9.247 32.376
9.248 -32.3808
9.248 32.3808
9.249 -32.3856
9.249 32.3856
9.25 -32.3904
9.25 32.3904
9.251 -32.3953
9.251 32.3953
9.252 -32.4001
9.252 32.4001
9.253 -32.4049
9.253 32.4049
9.254 -32.4097
9.254 32.4097
9.255 -32.4145
9.255 32.4145
9.256 -32.4194
9.256 32.4194
9.257 -32.4242
9.257 32.4242
9.258 -32.429
9.258 32.429
9.259 -32.4338
9.259 32.4338
9.26 -32.4386
9.26 32.4386
9.261 -32.4435
9.261 32.4435
9.262 -32.4483
9.262 32.4483
9.263 -32.4531
9.263 32.4531
9.264 -32.4579
9.264 32.4579
9.265 -32.4628
9.265 32.4628
9.266 -32.4676
9.266 32.4676
9.267 -32.4724
9.267 32.4724
9.268 -32.4772
9.268 32.4772
9.269 -32.482
9.269 32.482
9.27 -32.4869
9.27 32.4869
9.271 -32.4917
9.271 32.4917
9.272 -32.4965
9.272 32.4965
9.273 -32.5013
9.273 32.5013
9.274 -32.5062
9.274 32.5062
9.275 -32.511
9.275 32.511
9.276 -32.5158
9.276 32.5158
9.277 -32.5206
9.277 32.5206
9.278 -32.5255
9.278 32.5255
9.279 -32.5303
9.279 32.5303
9.28 -32.5351
9.28 32.5351
9.281 -32.5399
9.281 32.5399
9.282 -32.5448
9.282 32.5448
9.283 -32.5496
9.283 32.5496
9.284 -32.5544
9.284 32.5544
9.285 -32.5593
9.285 32.5593
9.286 -32.5641
9.286 32.5641
9.287 -32.5689
9.287 32.5689
9.288 -32.5737
9.288 32.5737
9.289 -32.5786
9.289 32.5786
9.29 -32.5834
9.29 32.5834
9.291 -32.5882
9.291 32.5882
9.292 -32.593
9.292 32.593
9.293 -32.5979
9.293 32.5979
9.294 -32.6027
9.294 32.6027
9.295 -32.6075
9.295 32.6075
9.296 -32.6124
9.296 32.6124
9.297 -32.6172
9.297 32.6172
9.298 -32.622
9.298 32.622
9.299 -32.6269
9.299 32.6269
9.3 -32.6317
9.3 32.6317
9.301 -32.6365
9.301 32.6365
9.302 -32.6413
9.302 32.6413
9.303 -32.6462
9.303 32.6462
9.304 -32.651
9.304 32.651
9.305 -32.6558
9.305 32.6558
9.306 -32.6607
9.306 32.6607
9.307 -32.6655
9.307 32.6655
9.308 -32.6703
9.308 32.6703
9.309 -32.6752
9.309 32.6752
9.31 -32.68
9.31 32.68
9.311 -32.6848
9.311 32.6848
9.312 -32.6897
9.312 32.6897
9.313 -32.6945
9.313 32.6945
9.314 -32.6993
9.314 32.6993
9.315 -32.7042
9.315 32.7042
9.316 -32.709
9.316 32.709
9.317 -32.7138
9.317 32.7138
9.318 -32.7187
9.318 32.7187
9.319 -32.7235
9.319 32.7235
9.32 -32.7283
9.32 32.7283
9.321 -32.7332
9.321 32.7332
9.322 -32.738
9.322 32.738
9.323 -32.7429
9.323 32.7429
9.324 -32.7477
9.324 32.7477
9.325 -32.7525
9.325 32.7525
9.326 -32.7574
9.326 32.7574
9.327 -32.7622
9.327 32.7622
9.328 -32.767
9.328 32.767
9.329 -32.7719
9.329 32.7719
9.33 -32.7767
9.33 32.7767
9.331 -32.7816
9.331 32.7816
9.332 -32.7864
9.332 32.7864
9.333 -32.7912
9.333 32.7912
9.334 -32.7961
9.334 32.7961
9.335 -32.8009
9.335 32.8009
9.336 -32.8057
9.336 32.8057
9.337 -32.8106
9.337 32.8106
9.338 -32.8154
9.338 32.8154
9.339 -32.8203
9.339 32.8203
9.34 -32.8251
9.34 32.8251
9.341 -32.8299
9.341 32.8299
9.342 -32.8348
9.342 32.8348
9.343 -32.8396
9.343 32.8396
9.344 -32.8445
9.344 32.8445
9.345 -32.8493
9.345 32.8493
9.346 -32.8541
9.346 32.8541
9.347 -32.859
9.347 32.859
9.348 -32.8638
9.348 32.8638
9.349 -32.8687
9.349 32.8687
9.35 -32.8735
9.35 32.8735
9.351 -32.8784
9.351 32.8784
9.352 -32.8832
9.352 32.8832
9.353 -32.888
9.353 32.888
9.354 -32.8929
9.354 32.8929
9.355 -32.8977
9.355 32.8977
9.356 -32.9026
9.356 32.9026
9.357 -32.9074
9.357 32.9074
9.358 -32.9123
9.358 32.9123
9.359 -32.9171
9.359 32.9171
9.36 -32.9219
9.36 32.9219
9.361 -32.9268
9.361 32.9268
9.362 -32.9316
9.362 32.9316
9.363 -32.9365
9.363 32.9365
9.364 -32.9413
9.364 32.9413
9.365 -32.9462
9.365 32.9462
9.366 -32.951
9.366 32.951
9.367 -32.9559
9.367 32.9559
9.368 -32.9607
9.368 32.9607
9.369 -32.9656
9.369 32.9656
9.37 -32.9704
9.37 32.9704
9.371 -32.9753
9.371 32.9753
9.372 -32.9801
9.372 32.9801
9.373 -32.9849
9.373 32.9849
9.374 -32.9898
9.374 32.9898
9.375 -32.9946
9.375 32.9946
9.376 -32.9995
9.376 32.9995
9.377 -33.0043
9.377 33.0043
9.378 -33.0092
9.378 33.0092
9.379 -33.014
9.379 33.014
9.38 -33.0189
9.38 33.0189
9.381 -33.0237
9.381 33.0237
9.382 -33.0286
9.382 33.0286
9.383 -33.0334
9.383 33.0334
9.384 -33.0383
9.384 33.0383
9.385 -33.0431
9.385 33.0431
9.386 -33.048
9.386 33.048
9.387 -33.0528
9.387 33.0528
9.388 -33.0577
9.388 33.0577
9.389 -33.0625
9.389 33.0625
9.39 -33.0674
9.39 33.0674
9.391 -33.0722
9.391 33.0722
9.392 -33.0771
9.392 33.0771
9.393 -33.0819
9.393 33.0819
9.394 -33.0868
9.394 33.0868
9.395 -33.0917
9.395 33.0917
9.396 -33.0965
9.396 33.0965
9.397 -33.1014
9.397 33.1014
9.398 -33.1062
9.398 33.1062
9.399 -33.1111
9.399 33.1111
9.4 -33.1159
9.4 33.1159
9.401 -33.1208
9.401 33.1208
9.402 -33.1256
9.402 33.1256
9.403 -33.1305
9.403 33.1305
9.404 -33.1353
9.404 33.1353
9.405 -33.1402
9.405 33.1402
9.406 -33.145
9.406 33.145
9.407 -33.1499
9.407 33.1499
9.408 -33.1548
9.408 33.1548
9.409 -33.1596
9.409 33.1596
9.41 -33.1645
9.41 33.1645
9.411 -33.1693
9.411 33.1693
9.412 -33.1742
9.412 33.1742
9.413 -33.179
9.413 33.179
9.414 -33.1839
9.414 33.1839
9.415 -33.1888
9.415 33.1888
9.416 -33.1936
9.416 33.1936
9.417 -33.1985
9.417 33.1985
9.418 -33.2033
9.418 33.2033
9.419 -33.2082
9.419 33.2082
9.42 -33.213
9.42 33.213
9.421 -33.2179
9.421 33.2179
9.422 -33.2228
9.422 33.2228
9.423 -33.2276
9.423 33.2276
9.424 -33.2325
9.424 33.2325
9.425 -33.2373
9.425 33.2373
9.426 -33.2422
9.426 33.2422
9.427 -33.2471
9.427 33.2471
9.428 -33.2519
9.428 33.2519
9.429 -33.2568
9.429 33.2568
9.43 -33.2616
9.43 33.2616
9.431 -33.2665
9.431 33.2665
9.432 -33.2714
9.432 33.2714
9.433 -33.2762
9.433 33.2762
9.434 -33.2811
9.434 33.2811
9.435 -33.2859
9.435 33.2859
9.436 -33.2908
9.436 33.2908
9.437 -33.2957
9.437 33.2957
9.438 -33.3005
9.438 33.3005
9.439 -33.3054
9.439 33.3054
9.44 -33.3103
9.44 33.3103
9.441 -33.3151
9.441 33.3151
9.442 -33.32
9.442 33.32
9.443 -33.3248
9.443 33.3248
9.444 -33.3297
9.444 33.3297
9.445 -33.3346
9.445 33.3346
9.446 -33.3394
9.446 33.3394
9.447 -33.3443
9.447 33.3443
9.448 -33.3492
9.448 33.3492
9.449 -33.354
9.449 33.354
9.45 -33.3589
9.45 33.3589
9.451 -33.3638
9.451 33.3638
9.452 -33.3686
9.452 33.3686
9.453 -33.3735
9.453 33.3735
9.454 -33.3784
9.454 33.3784
9.455 -33.3832
9.455 33.3832
9.456 -33.3881
9.456 33.3881
9.457 -33.393
9.457 33.393
9.458 -33.3978
9.458 33.3978
9.459 -33.4027
9.459 33.4027
9.46 -33.4076
9.46 33.4076
9.461 -33.4124
9.461 33.4124
9.462 -33.4173
9.462 33.4173
9.463 -33.4222
9.463 33.4222
9.464 -33.427
9.464 33.427
9.465 -33.4319
9.465 33.4319
9.466 -33.4368
9.466 33.4368
9.467 -33.4416
9.467 33.4416
9.468 -33.4465
9.468 33.4465
9.469 -33.4514
9.469 33.4514
9.47 -33.4563
9.47 33.4563
9.471 -33.4611
9.471 33.4611
9.472 -33.466
9.472 33.466
9.473 -33.4709
9.473 33.4709
9.474 -33.4757
9.474 33.4757
9.475 -33.4806
9.475 33.4806
9.476 -33.4855
9.476 33.4855
9.477 -33.4903
9.477 33.4903
9.478 -33.4952
9.478 33.4952
9.479 -33.5001
9.479 33.5001
9.48 -33.505
9.48 33.505
9.481 -33.5098
9.481 33.5098
9.482 -33.5147
9.482 33.5147
9.483 -33.5196
9.483 33.5196
9.484 -33.5245
9.484 33.5245
9.485 -33.5293
9.485 33.5293
9.486 -33.5342
9.486 33.5342
9.487 -33.5391
9.487 33.5391
9.488 -33.5439
9.488 33.5439
9.489 -33.5488
9.489 33.5488
9.49 -33.5537
9.49 33.5537
9.491 -33.5586
9.491 33.5586
9.492 -33.5634
9.492 33.5634
9.493 -33.5683
9.493 33.5683
9.494 -33.5732
9.494 33.5732
9.495 -33.5781
9.495 33.5781
9.496 -33.5829
9.496 33.5829
9.497 -33.5878
9.497 33.5878
9.498 -33.5927
9.498 33.5927
9.499 -33.5976
9.499 33.5976
9.5 -33.6025
9.5 33.6025
9.501 -33.6073
9.501 33.6073
9.502 -33.6122
9.502 33.6122
9.503 -33.6171
9.503 33.6171
9.504 -33.622
9.504 33.622
9.505 -33.6268
9.505 33.6268
9.506 -33.6317
9.506 33.6317
9.507 -33.6366
9.507 33.6366
9.508 -33.6415
9.508 33.6415
9.509 -33.6464
9.509 33.6464
9.51 -33.6512
9.51 33.6512
9.511 -33.6561
9.511 33.6561
9.512 -33.661
9.512 33.661
9.513 -33.6659
9.513 33.6659
9.514 -33.6708
9.514 33.6708
9.515 -33.6756
9.515 33.6756
9.516 -33.6805
9.516 33.6805
9.517 -33.6854
9.517 33.6854
9.518 -33.6903
9.518 33.6903
9.519 -33.6952
9.519 33.6952
9.52 -33.7
9.52 33.7
9.521 -33.7049
9.521 33.7049
9.522 -33.7098
9.522 33.7098
9.523 -33.7147
9.523 33.7147
9.524 -33.7196
9.524 33.7196
9.525 -33.7244
9.525 33.7244
9.526 -33.7293
9.526 33.7293
9.527 -33.7342
9.527 33.7342
9.528 -33.7391
9.528 33.7391
9.529 -33.744
9.529 33.744
9.53 -33.7489
9.53 33.7489
9.531 -33.7537
9.531 33.7537
9.532 -33.7586
9.532 33.7586
9.533 -33.7635
9.533 33.7635
9.534 -33.7684
9.534 33.7684
9.535 -33.7733
9.535 33.7733
9.536 -33.7782
9.536 33.7782
9.537 -33.7831
9.537 33.7831
9.538 -33.7879
9.538 33.7879
9.539 -33.7928
9.539 33.7928
9.54 -33.7977
9.54 33.7977
9.541 -33.8026
9.541 33.8026
9.542 -33.8075
9.542 33.8075
9.543 -33.8124
9.543 33.8124
9.544 -33.8173
9.544 33.8173
9.545 -33.8221
9.545 33.8221
9.546 -33.827
9.546 33.827
9.547 -33.8319
9.547 33.8319
9.548 -33.8368
9.548 33.8368
9.549 -33.8417
9.549 33.8417
9.55 -33.8466
9.55 33.8466
9.551 -33.8515
9.551 33.8515
9.552 -33.8564
9.552 33.8564
9.553 -33.8613
9.553 33.8613
9.554 -33.8661
9.554 33.8661
9.555 -33.871
9.555 33.871
9.556 -33.8759
9.556 33.8759
9.557 -33.8808
9.557 33.8808
9.558 -33.8857
9.558 33.8857
9.559 -33.8906
9.559 33.8906
9.56 -33.8955
9.56 33.8955
9.561 -33.9004
9.561 33.9004
9.562 -33.9053
9.562 33.9053
9.563 -33.9102
9.563 33.9102
9.564 -33.915
9.564 33.915
9.565 -33.9199
9.565 33.9199
9.566 -33.9248
9.566 33.9248
9.567 -33.9297
9.567 33.9297
9.568 -33.9346
9.568 33.9346
9.569 -33.9395
9.569 33.9395
9.57 -33.9444
9.57 33.9444
9.571 -33.9493
9.571 33.9493
9.572 -33.9542
9.572 33.9542
9.573 -33.9591
9.573 33.9591
9.574 -33.964
9.574 33.964
9.575 -33.9689
9.575 33.9689
9.576 -33.9738
9.576 33.9738
9.577 -33.9787
9.577 33.9787
9.578 -33.9835
9.578 33.9835
9.579 -33.9884
9.579 33.9884
9.58 -33.9933
9.58 33.9933
9.581 -33.9982
9.581 33.9982
9.582 -34.0031
9.582 34.0031
9.583 -34.008
9.583 34.008
9.584 -34.0129
9.584 34.0129
9.585 -34.0178
9.585 34.0178
9.586 -34.0227
9.586 34.0227
9.587 -34.0276
9.587 34.0276
9.588 -34.0325
9.588 34.0325
9.589 -34.0374
9.589 34.0374
9.59 -34.0423
9.59 34.0423
9.591 -34.0472
9.591 34.0472
9.592 -34.0521
9.592 34.0521
9.593 -34.057
9.593 34.057
9.594 -34.0619
9.594 34.0619
9.595 -34.0668
9.595 34.0668
9.596 -34.0717
9.596 34.0717
9.597 -34.0766
9.597 34.0766
9.598 -34.0815
9.598 34.0815
9.599 -34.0864
9.599 34.0864
9.6 -34.0913
9.6 34.0913
9.601 -34.0962
9.601 34.0962
9.602 -34.1011
9.602 34.1011
9.603 -34.106
9.603 34.106
9.604 -34.1109
9.604 34.1109
9.605 -34.1158
9.605 34.1158
9.606 -34.1207
9.606 34.1207
9.607 -34.1256
9.607 34.1256
9.608 -34.1305
9.608 34.1305
9.609 -34.1354
9.609 34.1354
9.61 -34.1403
9.61 34.1403
9.611 -34.1452
9.611 34.1452
9.612 -34.1501
9.612 34.1501
9.613 -34.155
9.613 34.155
9.614 -34.1599
9.614 34.1599
9.615 -34.1648
9.615 34.1648
9.616 -34.1697
9.616 34.1697
9.617 -34.1746
9.617 34.1746
9.618 -34.1795
9.618 34.1795
9.619 -34.1844
9.619 34.1844
9.62 -34.1893
9.62 34.1893
9.621 -34.1942
9.621 34.1942
9.622 -34.1991
9.622 34.1991
9.623 -34.204
9.623 34.204
9.624 -34.2089
9.624 34.2089
9.625 -34.2139
9.625 34.2139
9.626 -34.2188
9.626 34.2188
9.627 -34.2237
9.627 34.2237
9.628 -34.2286
9.628 34.2286
9.629 -34.2335
9.629 34.2335
9.63 -34.2384
9.63 34.2384
9.631 -34.2433
9.631 34.2433
9.632 -34.2482
9.632 34.2482
9.633 -34.2531
9.633 34.2531
9.634 -34.258
9.634 34.258
9.635 -34.2629
9.635 34.2629
9.636 -34.2678
9.636 34.2678
9.637 -34.2727
9.637 34.2727
9.638 -34.2776
9.638 34.2776
9.639 -34.2826
9.639 34.2826
9.64 -34.2875
9.64 34.2875
9.641 -34.2924
9.641 34.2924
9.642 -34.2973
9.642 34.2973
9.643 -34.3022
9.643 34.3022
9.644 -34.3071
9.644 34.3071
9.645 -34.312
9.645 34.312
9.646 -34.3169
9.646 34.3169
9.647 -34.3218
9.647 34.3218
9.648 -34.3267
9.648 34.3267
9.649 -34.3317
9.649 34.3317
9.65 -34.3366
9.65 34.3366
9.651 -34.3415
9.651 34.3415
9.652 -34.3464
9.652 34.3464
9.653 -34.3513
9.653 34.3513
9.654 -34.3562
9.654 34.3562
9.655 -34.3611
9.655 34.3611
9.656 -34.366
9.656 34.366
9.657 -34.3709
9.657 34.3709
9.658 -34.3759
9.658 34.3759
9.659 -34.3808
9.659 34.3808
9.66 -34.3857
9.66 34.3857
9.661 -34.3906
9.661 34.3906
9.662 -34.3955
9.662 34.3955
9.663 -34.4004
9.663 34.4004
9.664 -34.4053
9.664 34.4053
9.665 -34.4103
9.665 34.4103
9.666 -34.4152
9.666 34.4152
9.667 -34.4201
9.667 34.4201
9.668 -34.425
9.668 34.425
9.669 -34.4299
9.669 34.4299
9.67 -34.4348
9.67 34.4348
9.671 -34.4397
9.671 34.4397
9.672 -34.4447
9.672 34.4447
9.673 -34.4496
9.673 34.4496
9.674 -34.4545
9.674 34.4545
9.675 -34.4594
9.675 34.4594
9.676 -34.4643
9.676 34.4643
9.677 -34.4692
9.677 34.4692
9.678 -34.4742
9.678 34.4742
9.679 -34.4791
9.679 34.4791
9.68 -34.484
9.68 34.484
9.681 -34.4889
9.681 34.4889
9.682 -34.4938
9.682 34.4938
9.683 -34.4988
9.683 34.4988
9.684 -34.5037
9.684 34.5037
9.685 -34.5086
9.685 34.5086
9.686 -34.5135
9.686 34.5135
9.687 -34.5184
9.687 34.5184
9.688 -34.5234
9.688 34.5234
9.689 -34.5283
9.689 34.5283
9.69 -34.5332
9.69 34.5332
9.691 -34.5381
9.691 34.5381
9.692 -34.543
9.692 34.543
9.693 -34.548
9.693 34.548
9.694 -34.5529
9.694 34.5529
9.695 -34.5578
9.695 34.5578
9.696 -34.5627
9.696 34.5627
9.697 -34.5676
9.697 34.5676
9.698 -34.5726
9.698 34.5726
9.699 -34.5775
9.699 34.5775
9.7 -34.5824
9.7 34.5824
9.701 -34.5873
9.701 34.5873
9.702 -34.5923
9.702 34.5923
9.703 -34.5972
9.703 34.5972
9.704 -34.6021
9.704 34.6021
9.705 -34.607
9.705 34.607
9.706 -34.6119
9.706 34.6119
9.707 -34.6169
9.707 34.6169
9.708 -34.6218
9.708 34.6218
9.709 -34.6267
9.709 34.6267
9.71 -34.6316
9.71 34.6316
9.711 -34.6366
9.711 34.6366
9.712 -34.6415
9.712 34.6415
9.713 -34.6464
9.713 34.6464
9.714 -34.6513
9.714 34.6513
9.715 -34.6563
9.715 34.6563
9.716 -34.6612
9.716 34.6612
9.717 -34.6661
9.717 34.6661
9.718 -34.6711
9.718 34.6711
9.719 -34.676
9.719 34.676
9.72 -34.6809
9.72 34.6809
9.721 -34.6858
9.721 34.6858
9.722 -34.6908
9.722 34.6908
9.723 -34.6957
9.723 34.6957
9.724 -34.7006
9.724 34.7006
9.725 -34.7055
9.725 34.7055
9.726 -34.7105
9.726 34.7105
9.727 -34.7154
9.727 34.7154
9.728 -34.7203
9.728 34.7203
9.729 -34.7253
9.729 34.7253
9.73 -34.7302
9.73 34.7302
9.731 -34.7351
9.731 34.7351
9.732 -34.74
9.732 34.74
9.733 -34.745
9.733 34.745
9.734 -34.7499
9.734 34.7499
9.735 -34.7548
9.735 34.7548
9.736 -34.7598
9.736 34.7598
9.737 -34.7647
9.737 34.7647
9.738 -34.7696
9.738 34.7696
9.739 -34.7746
9.739 34.7746
9.74 -34.7795
9.74 34.7795
9.741 -34.7844
9.741 34.7844
9.742 -34.7894
9.742 34.7894
9.743 -34.7943
9.743 34.7943
9.744 -34.7992
9.744 34.7992
9.745 -34.8042
9.745 34.8042
9.746 -34.8091
9.746 34.8091
9.747 -34.814
9.747 34.814
9.748 -34.819
9.748 34.819
9.749 -34.8239
9.749 34.8239
9.75 -34.8288
9.75 34.8288
9.751 -34.8338
9.751 34.8338
9.752 -34.8387
9.752 34.8387
9.753 -34.8436
9.753 34.8436
9.754 -34.8486
9.754 34.8486
9.755 -34.8535
9.755 34.8535
9.756 -34.8584
9.756 34.8584
9.757 -34.8634
9.757 34.8634
9.758 -34.8683
9.758 34.8683
9.759 -34.8732
9.759 34.8732
9.76 -34.8782
9.76 34.8782
9.761 -34.8831
9.761 34.8831
9.762 -34.888
9.762 34.888
9.763 -34.893
9.763 34.893
9.764 -34.8979
9.764 34.8979
9.765 -34.9029
9.765 34.9029
9.766 -34.9078
9.766 34.9078
9.767 -34.9127
9.767 34.9127
9.768 -34.9177
9.768 34.9177
9.769 -34.9226
9.769 34.9226
9.77 -34.9275
9.77 34.9275
9.771 -34.9325
9.771 34.9325
9.772 -34.9374
9.772 34.9374
9.773 -34.9424
9.773 34.9424
9.774 -34.9473
9.774 34.9473
9.775 -34.9522
9.775 34.9522
9.776 -34.9572
9.776 34.9572
9.777 -34.9621
9.777 34.9621
9.778 -34.9671
9.778 34.9671
9.779 -34.972
9.779 34.972
9.78 -34.9769
9.78 34.9769
9.781 -34.9819
9.781 34.9819
9.782 -34.9868
9.782 34.9868
9.783 -34.9918
9.783 34.9918
9.784 -34.9967
9.784 34.9967
9.785 -35.0016
9.785 35.0016
9.786 -35.0066
9.786 35.0066
9.787 -35.0115
9.787 35.0115
9.788 -35.0165
9.788 35.0165
9.789 -35.0214
9.789 35.0214
9.79 -35.0264
9.79 35.0264
9.791 -35.0313
9.791 35.0313
9.792 -35.0362
9.792 35.0362
9.793 -35.0412
9.793 35.0412
9.794 -35.0461
9.794 35.0461
9.795 -35.0511
9.795 35.0511
9.796 -35.056
9.796 35.056
9.797 -35.061
9.797 35.061
9.798 -35.0659
9.798 35.0659
9.799 -35.0709
9.799 35.0709
9.8 -35.0758
9.8 35.0758
9.801 -35.0807
9.801 35.0807
9.802 -35.0857
9.802 35.0857
9.803 -35.0906
9.803 35.0906
9.804 -35.0956
9.804 35.0956
9.805 -35.1005
9.805 35.1005
9.806 -35.1055
9.806 35.1055
9.807 -35.1104
9.807 35.1104
9.808 -35.1154
9.808 35.1154
9.809 -35.1203
9.809 35.1203
9.81 -35.1253
9.81 35.1253
9.811 -35.1302
9.811 35.1302
9.812 -35.1352
9.812 35.1352
9.813 -35.1401
9.813 35.1401
9.814 -35.1451
9.814 35.1451
9.815 -35.15
9.815 35.15
9.816 -35.155
9.816 35.155
9.817 -35.1599
9.817 35.1599
9.818 -35.1649
9.818 35.1649
9.819 -35.1698
9.819 35.1698
9.82 -35.1748
9.82 35.1748
9.821 -35.1797
9.821 35.1797
9.822 -35.1847
9.822 35.1847
9.823 -35.1896
9.823 35.1896
9.824 -35.1946
9.824 35.1946
9.825 -35.1995
9.825 35.1995
9.826 -35.2045
9.826 35.2045
9.827 -35.2094
9.827 35.2094
9.828 -35.2144
9.828 35.2144
9.829 -35.2193
9.829 35.2193
9.83 -35.2243
9.83 35.2243
9.831 -35.2292
9.831 35.2292
9.832 -35.2342
9.832 35.2342
9.833 -35.2391
9.833 35.2391
9.834 -35.2441
9.834 35.2441
9.835 -35.249
9.835 35.249
9.836 -35.254
9.836 35.254
9.837 -35.2589
9.837 35.2589
9.838 -35.2639
9.838 35.2639
9.839 -35.2688
9.839 35.2688
9.84 -35.2738
9.84 35.2738
9.841 -35.2788
9.841 35.2788
9.842 -35.2837
9.842 35.2837
9.843 -35.2887
9.843 35.2887
9.844 -35.2936
9.844 35.2936
9.845 -35.2986
9.845 35.2986
9.846 -35.3035
9.846 35.3035
9.847 -35.3085
9.847 35.3085
9.848 -35.3134
9.848 35.3134
9.849 -35.3184
9.849 35.3184
9.85 -35.3234
9.85 35.3234
9.851 -35.3283
9.851 35.3283
9.852 -35.3333
9.852 35.3333
9.853 -35.3382
9.853 35.3382
9.854 -35.3432
9.854 35.3432
9.855 -35.3481
9.855 35.3481
9.856 -35.3531
9.856 35.3531
9.857 -35.3581
9.857 35.3581
9.858 -35.363
9.858 35.363
9.859 -35.368
9.859 35.368
9.86 -35.3729
9.86 35.3729
9.861 -35.3779
9.861 35.3779
9.862 -35.3828
9.862 35.3828
9.863 -35.3878
9.863 35.3878
9.864 -35.3928
9.864 35.3928
9.865 -35.3977
9.865 35.3977
9.866 -35.4027
9.866 35.4027
9.867 -35.4076
9.867 35.4076
9.868 -35.4126
9.868 35.4126
9.869 -35.4176
9.869 35.4176
9.87 -35.4225
9.87 35.4225
9.871 -35.4275
9.871 35.4275
9.872 -35.4325
9.872 35.4325
9.873 -35.4374
9.873 35.4374
9.874 -35.4424
9.874 35.4424
9.875 -35.4473
9.875 35.4473
9.876 -35.4523
9.876 35.4523
9.877 -35.4573
9.877 35.4573
9.878 -35.4622
9.878 35.4622
9.879 -35.4672
9.879 35.4672
9.88 -35.4722
9.88 35.4722
9.881 -35.4771
9.881 35.4771
9.882 -35.4821
9.882 35.4821
9.883 -35.487
9.883 35.487
9.884 -35.492
9.884 35.492
9.885 -35.497
9.885 35.497
9.886 -35.5019
9.886 35.5019
9.887 -35.5069
9.887 35.5069
9.888 -35.5119
9.888 35.5119
9.889 -35.5168
9.889 35.5168
9.89 -35.5218
9.89 35.5218
9.891 -35.5268
9.891 35.5268
9.892 -35.5317
9.892 35.5317
9.893 -35.5367
9.893 35.5367
9.894 -35.5417
9.894 35.5417
9.895 -35.5466
9.895 35.5466
9.896 -35.5516
9.896 35.5516
9.897 -35.5566
9.897 35.5566
9.898 -35.5615
9.898 35.5615
9.899 -35.5665
9.899 35.5665
9.9 -35.5715
9.9 35.5715
9.901 -35.5764
9.901 35.5764
9.902 -35.5814
9.902 35.5814
9.903 -35.5864
9.903 35.5864
9.904 -35.5913
9.904 35.5913
9.905 -35.5963
9.905 35.5963
9.906 -35.6013
9.906 35.6013
9.907 -35.6062
9.907 35.6062
9.908 -35.6112
9.908 35.6112
9.909 -35.6162
9.909 35.6162
9.91 -35.6212
9.91 35.6212
9.911 -35.6261
9.911 35.6261
9.912 -35.6311
9.912 35.6311
9.913 -35.6361
9.913 35.6361
9.914 -35.641
9.914 35.641
9.915 -35.646
9.915 35.646
9.916 -35.651
9.916 35.651
9.917 -35.6559
9.917 35.6559
9.918 -35.6609
9.918 35.6609
9.919 -35.6659
9.919 35.6659
9.92 -35.6709
9.92 35.6709
9.921 -35.6758
9.921 35.6758
9.922 -35.6808
9.922 35.6808
9.923 -35.6858
9.923 35.6858
9.924 -35.6908
9.924 35.6908
9.925 -35.6957
9.925 35.6957
9.926 -35.7007
9.926 35.7007
9.927 -35.7057
9.927 35.7057
9.928 -35.7107
9.928 35.7107
9.929 -35.7156
9.929 35.7156
9.93 -35.7206
9.93 35.7206
9.931 -35.7256
9.931 35.7256
9.932 -35.7306
9.932 35.7306
9.933 -35.7355
9.933 35.7355
9.934 -35.7405
9.934 35.7405
9.935 -35.7455
9.935 35.7455
9.936 -35.7505
9.936 35.7505
9.937 -35.7554
9.937 35.7554
9.938 -35.7604
9.938 35.7604
9.939 -35.7654
9.939 35.7654
9.94 -35.7704
9.94 35.7704
9.941 -35.7753
9.941 35.7753
9.942 -35.7803
9.942 35.7803
9.943 -35.7853
9.943 35.7853
9.944 -35.7903
9.944 35.7903
9.945 -35.7952
9.945 35.7952
9.946 -35.8002
9.946 35.8002
9.947 -35.8052
9.947 35.8052
9.948 -35.8102
9.948 35.8102
9.949 -35.8152
9.949 35.8152
9.95 -35.8201
9.95 35.8201
9.951 -35.8251
9.951 35.8251
9.952 -35.8301
9.952 35.8301
9.953 -35.8351
9.953 35.8351
9.954 -35.8401
9.954 35.8401
9.955 -35.845
9.955 35.845
9.956 -35.85
9.956 35.85
9.957 -35.855
9.957 35.855
9.958 -35.86
9.958 35.86
9.959 -35.865
9.959 35.865
9.96 -35.8699
9.96 35.8699
9.961 -35.8749
9.961 35.8749
9.962 -35.8799
9.962 35.8799
9.963 -35.8849
9.963 35.8849
9.964 -35.8899
9.964 35.8899
9.965 -35.8949
9.965 35.8949
9.966 -35.8998
9.966 35.8998
9.967 -35.9048
9.967 35.9048
9.968 -35.9098
9.968 35.9098
9.969 -35.9148
9.969 35.9148
9.97 -35.9198
9.97 35.9198
9.971 -35.9248
9.971 35.9248
9.972 -35.9297
9.972 35.9297
9.973 -35.9347
9.973 35.9347
9.974 -35.9397
9.974 35.9397
9.975 -35.9447
9.975 35.9447
9.976 -35.9497
9.976 35.9497
9.977 -35.9547
9.977 35.9547
9.978 -35.9596
9.978 35.9596
9.979 -35.9646
9.979 35.9646
9.98 -35.9696
9.98 35.9696
9.981 -35.9746
9.981 35.9746
9.982 -35.9796
9.982 35.9796
9.983 -35.9846
9.983 35.9846
9.984 -35.9896
9.984 35.9896
9.985 -35.9945
9.985 35.9945
9.986 -35.9995
9.986 35.9995
9.987 -36.0045
9.987 36.0045
9.988 -36.0095
9.988 36.0095
9.989 -36.0145
9.989 36.0145
9.99 -36.0195
9.99 36.0195
9.991 -36.0245
9.991 36.0245
9.992 -36.0295
9.992 36.0295
9.993 -36.0345
9.993 36.0345
9.994 -36.0394
9.994 36.0394
9.995 -36.0444
9.995 36.0444
9.996 -36.0494
9.996 36.0494
9.997 -36.0544
9.997 36.0544
9.998 -36.0594
9.998 36.0594
9.999 -36.0644
9.999 36.0644
10 -36.0694
10 36.0694
10.001 -36.0744
10.001 36.0744
10.002 -36.0794
10.002 36.0794
10.003 -36.0843
10.003 36.0843
10.004 -36.0893
10.004 36.0893
10.005 -36.0943
10.005 36.0943
10.006 -36.0993
10.006 36.0993
10.007 -36.1043
10.007 36.1043
10.008 -36.1093
10.008 36.1093
10.009 -36.1143
10.009 36.1143
10.01 -36.1193
10.01 36.1193
10.011 -36.1243
10.011 36.1243
10.012 -36.1293
10.012 36.1293
10.013 -36.1343
10.013 36.1343
10.014 -36.1393
10.014 36.1393
10.015 -36.1443
10.015 36.1443
10.016 -36.1493
10.016 36.1493
10.017 -36.1542
10.017 36.1542
10.018 -36.1592
10.018 36.1592
10.019 -36.1642
10.019 36.1642
10.02 -36.1692
10.02 36.1692
10.021 -36.1742
10.021 36.1742
10.022 -36.1792
10.022 36.1792
10.023 -36.1842
10.023 36.1842
10.024 -36.1892
10.024 36.1892
10.025 -36.1942
10.025 36.1942
10.026 -36.1992
10.026 36.1992
10.027 -36.2042
10.027 36.2042
10.028 -36.2092
10.028 36.2092
10.029 -36.2142
10.029 36.2142
10.03 -36.2192
10.03 36.2192
10.031 -36.2242
10.031 36.2242
10.032 -36.2292
10.032 36.2292
10.033 -36.2342
10.033 36.2342
10.034 -36.2392
10.034 36.2392
10.035 -36.2442
10.035 36.2442
10.036 -36.2492
10.036 36.2492
10.037 -36.2542
10.037 36.2542
10.038 -36.2592
10.038 36.2592
10.039 -36.2642
10.039 36.2642
10.04 -36.2692
10.04 36.2692
10.041 -36.2742
10.041 36.2742
10.042 -36.2792
10.042 36.2792
10.043 -36.2842
10.043 36.2842
10.044 -36.2892
10.044 36.2892
10.045 -36.2942
10.045 36.2942
10.046 -36.2992
10.046 36.2992
10.047 -36.3042
10.047 36.3042
10.048 -36.3092
10.048 36.3092
10.049 -36.3142
10.049 36.3142
10.05 -36.3192
10.05 36.3192
10.051 -36.3242
10.051 36.3242
10.052 -36.3292
10.052 36.3292
10.053 -36.3342
10.053 36.3342
10.054 -36.3392
10.054 36.3392
10.055 -36.3442
10.055 36.3442
10.056 -36.3492
10.056 36.3492
10.057 -36.3542
10.057 36.3542
10.058 -36.3592
10.058 36.3592
10.059 -36.3642
10.059 36.3642
10.06 -36.3692
10.06 36.3692
10.061 -36.3742
10.061 36.3742
10.062 -36.3792
10.062 36.3792
10.063 -36.3842
10.063 36.3842
10.064 -36.3892
10.064 36.3892
10.065 -36.3942
10.065 36.3942
10.066 -36.3992
10.066 36.3992
10.067 -36.4042
10.067 36.4042
10.068 -36.4092
10.068 36.4092
10.069 -36.4142
10.069 36.4142
10.07 -36.4193
10.07 36.4193
10.071 -36.4243
10.071 36.4243
10.072 -36.4293
10.072 36.4293
10.073 -36.4343
10.073 36.4343
10.074 -36.4393
10.074 36.4393
10.075 -36.4443
10.075 36.4443
10.076 -36.4493
10.076 36.4493
10.077 -36.4543
10.077 36.4543
10.078 -36.4593
10.078 36.4593
10.079 -36.4643
10.079 36.4643
10.08 -36.4693
10.08 36.4693
10.081 -36.4743
10.081 36.4743
10.082 -36.4793
10.082 36.4793
10.083 -36.4844
10.083 36.4844
10.084 -36.4894
10.084 36.4894
10.085 -36.4944
10.085 36.4944
10.086 -36.4994
10.086 36.4994
10.087 -36.5044
10.087 36.5044
10.088 -36.5094
10.088 36.5094
10.089 -36.5144
10.089 36.5144
10.09 -36.5194
10.09 36.5194
10.091 -36.5244
10.091 36.5244
10.092 -36.5294
10.092 36.5294
10.093 -36.5345
10.093 36.5345
10.094 -36.5395
10.094 36.5395
10.095 -36.5445
10.095 36.5445
10.096 -36.5495
10.096 36.5495
10.097 -36.5545
10.097 36.5545
10.098 -36.5595
10.098 36.5595
10.099 -36.5645
10.099 36.5645
10.1 -36.5695
10.1 36.5695
10.101 -36.5745
10.101 36.5745
10.102 -36.5796
10.102 36.5796
10.103 -36.5846
10.103 36.5846
10.104 -36.5896
10.104 36.5896
10.105 -36.5946
10.105 36.5946
10.106 -36.5996
10.106 36.5996
10.107 -36.6046
10.107 36.6046
10.108 -36.6096
10.108 36.6096
10.109 -36.6147
10.109 36.6147
10.11 -36.6197
10.11 36.6197
10.111 -36.6247
10.111 36.6247
10.112 -36.6297
10.112 36.6297
10.113 -36.6347
10.113 36.6347
10.114 -36.6397
10.114 36.6397
10.115 -36.6448
10.115 36.6448
10.116 -36.6498
10.116 36.6498
10.117 -36.6548
10.117 36.6548
10.118 -36.6598
10.118 36.6598
10.119 -36.6648
10.119 36.6648
10.12 -36.6698
10.12 36.6698
10.121 -36.6749
10.121 36.6749
10.122 -36.6799
10.122 36.6799
10.123 -36.6849
10.123 36.6849
10.124 -36.6899
10.124 36.6899
10.125 -36.6949
10.125 36.6949
10.126 -36.6999
10.126 36.6999
10.127 -36.705
10.127 36.705
10.128 -36.71
10.128 36.71
10.129 -36.715
10.129 36.715
10.13 -36.72
10.13 36.72
10.131 -36.725
10.131 36.725
10.132 -36.7301
10.132 36.7301
10.133 -36.7351
10.133 36.7351
10.134 -36.7401
10.134 36.7401
10.135 -36.7451
10.135 36.7451
10.136 -36.7501
10.136 36.7501
10.137 -36.7552
10.137 36.7552
10.138 -36.7602
10.138 36.7602
10.139 -36.7652
10.139 36.7652
10.14 -36.7702
10.14 36.7702
10.141 -36.7752
10.141 36.7752
10.142 -36.7803
10.142 36.7803
10.143 -36.7853
10.143 36.7853
10.144 -36.7903
10.144 36.7903
10.145 -36.7953
10.145 36.7953
10.146 -36.8004
10.146 36.8004
10.147 -36.8054
10.147 36.8054
10.148 -36.8104
10.148 36.8104
10.149 -36.8154
10.149 36.8154
10.15 -36.8205
10.15 36.8205
10.151 -36.8255
10.151 36.8255
10.152 -36.8305
10.152 36.8305
10.153 -36.8355
10.153 36.8355
10.154 -36.8406
10.154 36.8406
10.155 -36.8456
10.155 36.8456
10.156 -36.8506
10.156 36.8506
10.157 -36.8556
10.157 36.8556
10.158 -36.8607
10.158 36.8607
10.159 -36.8657
10.159 36.8657
10.16 -36.8707
10.16 36.8707
10.161 -36.8757
10.161 36.8757
10.162 -36.8808
10.162 36.8808
10.163 -36.8858
10.163 36.8858
10.164 -36.8908
10.164 36.8908
10.165 -36.8958
10.165 36.8958
10.166 -36.9009
10.166 36.9009
10.167 -36.9059
10.167 36.9059
10.168 -36.9109
10.168 36.9109
10.169 -36.9159
10.169 36.9159
10.17 -36.921
10.17 36.921
10.171 -36.926
10.171 36.926
10.172 -36.931
10.172 36.931
10.173 -36.9361
10.173 36.9361
10.174 -36.9411
10.174 36.9411
10.175 -36.9461
10.175 36.9461
10.176 -36.9512
10.176 36.9512
10.177 -36.9562
10.177 36.9562
10.178 -36.9612
10.178 36.9612
10.179 -36.9662
10.179 36.9662
10.18 -36.9713
10.18 36.9713
10.181 -36.9763
10.181 36.9763
10.182 -36.9813
10.182 36.9813
10.183 -36.9864
10.183 36.9864
10.184 -36.9914
10.184 36.9914
10.185 -36.9964
10.185 36.9964
10.186 -37.0015
10.186 37.0015
10.187 -37.0065
10.187 37.0065
10.188 -37.0115
10.188 37.0115
10.189 -37.0166
10.189 37.0166
10.19 -37.0216
10.19 37.0216
10.191 -37.0266
10.191 37.0266
10.192 -37.0317
10.192 37.0317
10.193 -37.0367
10.193 37.0367
10.194 -37.0417
10.194 37.0417
10.195 -37.0468
10.195 37.0468
10.196 -37.0518
10.196 37.0518
10.197 -37.0568
10.197 37.0568
10.198 -37.0619
10.198 37.0619
10.199 -37.0669
10.199 37.0669
10.2 -37.0719
10.2 37.0719
10.201 -37.077
10.201 37.077
10.202 -37.082
10.202 37.082
10.203 -37.087
10.203 37.087
10.204 -37.0921
10.204 37.0921
10.205 -37.0971
10.205 37.0971
10.206 -37.1021
10.206 37.1021
10.207 -37.1072
10.207 37.1072
10.208 -37.1122
10.208 37.1122
10.209 -37.1173
10.209 37.1173
10.21 -37.1223
10.21 37.1223
10.211 -37.1273
10.211 37.1273
10.212 -37.1324
10.212 37.1324
10.213 -37.1374
10.213 37.1374
10.214 -37.1424
10.214 37.1424
10.215 -37.1475
10.215 37.1475
10.216 -37.1525
10.216 37.1525
10.217 -37.1576
10.217 37.1576
10.218 -37.1626
10.218 37.1626
10.219 -37.1676
10.219 37.1676
10.22 -37.1727
10.22 37.1727
10.221 -37.1777
10.221 37.1777
10.222 -37.1828
10.222 37.1828
10.223 -37.1878
10.223 37.1878
10.224 -37.1928
10.224 37.1928
10.225 -37.1979
10.225 37.1979
10.226 -37.2029
10.226 37.2029
10.227 -37.208
10.227 37.208
10.228 -37.213
10.228 37.213
10.229 -37.218
10.229 37.218
10.23 -37.2231
10.23 37.2231
10.231 -37.2281
10.231 37.2281
10.232 -37.2332
10.232 37.2332
10.233 -37.2382
10.233 37.2382
10.234 -37.2433
10.234 37.2433
10.235 -37.2483
10.235 37.2483
10.236 -37.2533
10.236 37.2533
10.237 -37.2584
10.237 37.2584
10.238 -37.2634
10.238 37.2634
10.239 -37.2685
10.239 37.2685
10.24 -37.2735
10.24 37.2735
10.241 -37.2786
10.241 37.2786
10.242 -37.2836
10.242 37.2836
10.243 -37.2886
10.243 37.2886
10.244 -37.2937
10.244 37.2937
10.245 -37.2987
10.245 37.2987
10.246 -37.3038
10.246 37.3038
10.247 -37.3088
10.247 37.3088
10.248 -37.3139
10.248 37.3139
10.249 -37.3189
10.249 37.3189
10.25 -37.324
10.25 37.324
10.251 -37.329
10.251 37.329
10.252 -37.3341
10.252 37.3341
10.253 -37.3391
10.253 37.3391
10.254 -37.3441
10.254 37.3441
10.255 -37.3492
10.255 37.3492
10.256 -37.3542
10.256 37.3542
10.257 -37.3593
10.257 37.3593
10.258 -37.3643
10.258 37.3643
10.259 -37.3694
10.259 37.3694
10.26 -37.3744
10.26 37.3744
10.261 -37.3795
10.261 37.3795
10.262 -37.3845
10.262 37.3845
10.263 -37.3896
10.263 37.3896
10.264 -37.3946
10.264 37.3946
10.265 -37.3997
10.265 37.3997
10.266 -37.4047
10.266 37.4047
10.267 -37.4098
10.267 37.4098
10.268 -37.4148
10.268 37.4148
10.269 -37.4199
10.269 37.4199
10.27 -37.4249
10.27 37.4249
10.271 -37.43
10.271 37.43
10.272 -37.435
10.272 37.435
10.273 -37.4401
10.273 37.4401
10.274 -37.4451
10.274 37.4451
10.275 -37.4502
10.275 37.4502
10.276 -37.4552
10.276 37.4552
10.277 -37.4603
10.277 37.4603
10.278 -37.4653
10.278 37.4653
10.279 -37.4704
10.279 37.4704
10.28 -37.4754
10.28 37.4754
10.281 -37.4805
10.281 37.4805
10.282 -37.4856
10.282 37.4856
10.283 -37.4906
10.283 37.4906
10.284 -37.4957
10.284 37.4957
10.285 -37.5007
10.285 37.5007
10.286 -37.5058
10.286 37.5058
10.287 -37.5108
10.287 37.5108
10.288 -37.5159
10.288 37.5159
10.289 -37.5209
10.289 37.5209
10.29 -37.526
10.29 37.526
10.291 -37.531
10.291 37.531
10.292 -37.5361
10.292 37.5361
10.293 -37.5412
10.293 37.5412
10.294 -37.5462
10.294 37.5462
10.295 -37.5513
10.295 37.5513
10.296 -37.5563
10.296 37.5563
10.297 -37.5614
10.297 37.5614
10.298 -37.5664
10.298 37.5664
10.299 -37.5715
10.299 37.5715
10.3 -37.5765
10.3 37.5765
10.301 -37.5816
10.301 37.5816
10.302 -37.5867
10.302 37.5867
10.303 -37.5917
10.303 37.5917
10.304 -37.5968
10.304 37.5968
10.305 -37.6018
10.305 37.6018
10.306 -37.6069
10.306 37.6069
10.307 -37.612
10.307 37.612
10.308 -37.617
10.308 37.617
10.309 -37.6221
10.309 37.6221
10.31 -37.6271
10.31 37.6271
10.311 -37.6322
10.311 37.6322
10.312 -37.6373
10.312 37.6373
10.313 -37.6423
10.313 37.6423
10.314 -37.6474
10.314 37.6474
10.315 -37.6524
10.315 37.6524
10.316 -37.6575
10.316 37.6575
10.317 -37.6626
10.317 37.6626
10.318 -37.6676
10.318 37.6676
10.319 -37.6727
10.319 37.6727
10.32 -37.6777
10.32 37.6777
10.321 -37.6828
10.321 37.6828
10.322 -37.6879
10.322 37.6879
10.323 -37.6929
10.323 37.6929
10.324 -37.698
10.324 37.698
10.325 -37.703
10.325 37.703
10.326 -37.7081
10.326 37.7081
10.327 -37.7132
10.327 37.7132
10.328 -37.7182
10.328 37.7182
10.329 -37.7233
10.329 37.7233
10.33 -37.7284
10.33 37.7284
10.331 -37.7334
10.331 37.7334
10.332 -37.7385
10.332 37.7385
10.333 -37.7436
10.333 37.7436
10.334 -37.7486
10.334 37.7486
10.335 -37.7537
10.335 37.7537
10.336 -37.7588
10.336 37.7588
10.337 -37.7638
10.337 37.7638
10.338 -37.7689
10.338 37.7689
10.339 -37.774
10.339 37.774
10.34 -37.779
10.34 37.779
10.341 -37.7841
10.341 37.7841
10.342 -37.7891
10.342 37.7891
10.343 -37.7942
10.343 37.7942
10.344 -37.7993
10.344 37.7993
10.345 -37.8044
10.345 37.8044
10.346 -37.8094
10.346 37.8094
10.347 -37.8145
10.347 37.8145
10.348 -37.8196
10.348 37.8196
10.349 -37.8246
10.349 37.8246
10.35 -37.8297
10.35 37.8297
10.351 -37.8348
10.351 37.8348
10.352 -37.8398
10.352 37.8398
10.353 -37.8449
10.353 37.8449
10.354 -37.85
10.354 37.85
10.355 -37.855
10.355 37.855
10.356 -37.8601
10.356 37.8601
10.357 -37.8652
10.357 37.8652
10.358 -37.8702
10.358 37.8702
10.359 -37.8753
10.359 37.8753
10.36 -37.8804
10.36 37.8804
10.361 -37.8855
10.361 37.8855
10.362 -37.8905
10.362 37.8905
10.363 -37.8956
10.363 37.8956
10.364 -37.9007
10.364 37.9007
10.365 -37.9057
10.365 37.9057
10.366 -37.9108
10.366 37.9108
10.367 -37.9159
10.367 37.9159
10.368 -37.921
10.368 37.921
10.369 -37.926
10.369 37.926
10.37 -37.9311
10.37 37.9311
10.371 -37.9362
10.371 37.9362
10.372 -37.9412
10.372 37.9412
10.373 -37.9463
10.373 37.9463
10.374 -37.9514
10.374 37.9514
10.375 -37.9565
10.375 37.9565
10.376 -37.9615
10.376 37.9615
10.377 -37.9666
10.377 37.9666
10.378 -37.9717
10.378 37.9717
10.379 -37.9768
10.379 37.9768
10.38 -37.9818
10.38 37.9818
10.381 -37.9869
10.381 37.9869
10.382 -37.992
10.382 37.992
10.383 -37.9971
10.383 37.9971
10.384 -38.0021
10.384 38.0021
10.385 -38.0072
10.385 38.0072
10.386 -38.0123
10.386 38.0123
10.387 -38.0174
10.387 38.0174
10.388 -38.0224
10.388 38.0224
10.389 -38.0275
10.389 38.0275
10.39 -38.0326
10.39 38.0326
10.391 -38.0377
10.391 38.0377
10.392 -38.0428
10.392 38.0428
10.393 -38.0478
10.393 38.0478
10.394 -38.0529
10.394 38.0529
10.395 -38.058
10.395 38.058
10.396 -38.0631
10.396 38.0631
10.397 -38.0681
10.397 38.0681
10.398 -38.0732
10.398 38.0732
10.399 -38.0783
10.399 38.0783
10.4 -38.0834
10.4 38.0834
10.401 -38.0885
10.401 38.0885
10.402 -38.0935
10.402 38.0935
10.403 -38.0986
10.403 38.0986
10.404 -38.1037
10.404 38.1037
10.405 -38.1088
10.405 38.1088
10.406 -38.1139
10.406 38.1139
10.407 -38.1189
10.407 38.1189
10.408 -38.124
10.408 38.124
10.409 -38.1291
10.409 38.1291
10.41 -38.1342
10.41 38.1342
10.411 -38.1393
10.411 38.1393
10.412 -38.1444
10.412 38.1444
10.413 -38.1494
10.413 38.1494
10.414 -38.1545
10.414 38.1545
10.415 -38.1596
10.415 38.1596
10.416 -38.1647
10.416 38.1647
10.417 -38.1698
10.417 38.1698
10.418 -38.1748
10.418 38.1748
10.419 -38.1799
10.419 38.1799
10.42 -38.185
10.42 38.185
10.421 -38.1901
10.421 38.1901
10.422 -38.1952
10.422 38.1952
10.423 -38.2003
10.423 38.2003
10.424 -38.2054
10.424 38.2054
10.425 -38.2104
10.425 38.2104
10.426 -38.2155
10.426 38.2155
10.427 -38.2206
10.427 38.2206
10.428 -38.2257
10.428 38.2257
10.429 -38.2308
10.429 38.2308
10.43 -38.2359
10.43 38.2359
10.431 -38.2409
10.431 38.2409
10.432 -38.246
10.432 38.246
10.433 -38.2511
10.433 38.2511
10.434 -38.2562
10.434 38.2562
10.435 -38.2613
10.435 38.2613
10.436 -38.2664
10.436 38.2664
10.437 -38.2715
10.437 38.2715
10.438 -38.2766
10.438 38.2766
10.439 -38.2816
10.439 38.2816
10.44 -38.2867
10.44 38.2867
10.441 -38.2918
10.441 38.2918
10.442 -38.2969
10.442 38.2969
10.443 -38.302
10.443 38.302
10.444 -38.3071
10.444 38.3071
10.445 -38.3122
10.445 38.3122
10.446 -38.3173
10.446 38.3173
10.447 -38.3224
10.447 38.3224
10.448 -38.3274
10.448 38.3274
10.449 -38.3325
10.449 38.3325
10.45 -38.3376
10.45 38.3376
10.451 -38.3427
10.451 38.3427
10.452 -38.3478
10.452 38.3478
10.453 -38.3529
10.453 38.3529
10.454 -38.358
10.454 38.358
10.455 -38.3631
10.455 38.3631
10.456 -38.3682
10.456 38.3682
10.457 -38.3733
10.457 38.3733
10.458 -38.3784
10.458 38.3784
10.459 -38.3834
10.459 38.3834
10.46 -38.3885
10.46 38.3885
10.461 -38.3936
10.461 38.3936
10.462 -38.3987
10.462 38.3987
10.463 -38.4038
10.463 38.4038
10.464 -38.4089
10.464 38.4089
10.465 -38.414
10.465 38.414
10.466 -38.4191
10.466 38.4191
10.467 -38.4242
10.467 38.4242
10.468 -38.4293
10.468 38.4293
10.469 -38.4344
10.469 38.4344
10.47 -38.4395
10.47 38.4395
10.471 -38.4446
10.471 38.4446
10.472 -38.4497
10.472 38.4497
10.473 -38.4548
10.473 38.4548
10.474 -38.4599
10.474 38.4599
10.475 -38.465
10.475 38.465
10.476 -38.4701
10.476 38.4701
10.477 -38.4751
10.477 38.4751
10.478 -38.4802
10.478 38.4802
10.479 -38.4853
10.479 38.4853
10.48 -38.4904
10.48 38.4904
10.481 -38.4955
10.481 38.4955
10.482 -38.5006
10.482 38.5006
10.483 -38.5057
10.483 38.5057
10.484 -38.5108
10.484 38.5108
10.485 -38.5159
10.485 38.5159
10.486 -38.521
10.486 38.521
10.487 -38.5261
10.487 38.5261
10.488 -38.5312
10.488 38.5312
10.489 -38.5363
10.489 38.5363
10.49 -38.5414
10.49 38.5414
10.491 -38.5465
10.491 38.5465
10.492 -38.5516
10.492 38.5516
10.493 -38.5567
10.493 38.5567
10.494 -38.5618
10.494 38.5618
10.495 -38.5669
10.495 38.5669
10.496 -38.572
10.496 38.572
10.497 -38.5771
10.497 38.5771
10.498 -38.5822
10.498 38.5822
10.499 -38.5873
10.499 38.5873
10.5 -38.5924
10.5 38.5924
10.501 -38.5975
10.501 38.5975
10.502 -38.6026
10.502 38.6026
10.503 -38.6077
10.503 38.6077
10.504 -38.6128
10.504 38.6128
10.505 -38.6179
10.505 38.6179
10.506 -38.623
10.506 38.623
10.507 -38.6281
10.507 38.6281
10.508 -38.6332
10.508 38.6332
10.509 -38.6383
10.509 38.6383
10.51 -38.6434
10.51 38.6434
10.511 -38.6486
10.511 38.6486
10.512 -38.6537
10.512 38.6537
10.513 -38.6588
10.513 38.6588
10.514 -38.6639
10.514 38.6639
10.515 -38.669
10.515 38.669
10.516 -38.6741
10.516 38.6741
10.517 -38.6792
10.517 38.6792
10.518 -38.6843
10.518 38.6843
10.519 -38.6894
10.519 38.6894
10.52 -38.6945
10.52 38.6945
10.521 -38.6996
10.521 38.6996
10.522 -38.7047
10.522 38.7047
10.523 -38.7098
10.523 38.7098
10.524 -38.7149
10.524 38.7149
10.525 -38.72
10.525 38.72
10.526 -38.7251
10.526 38.7251
10.527 -38.7302
10.527 38.7302
10.528 -38.7353
10.528 38.7353
10.529 -38.7405
10.529 38.7405
10.53 -38.7456
10.53 38.7456
10.531 -38.7507
10.531 38.7507
10.532 -38.7558
10.532 38.7558
10.533 -38.7609
10.533 38.7609
10.534 -38.766
10.534 38.766
10.535 -38.7711
10.535 38.7711
10.536 -38.7762
10.536 38.7762
10.537 -38.7813
10.537 38.7813
10.538 -38.7864
10.538 38.7864
10.539 -38.7915
10.539 38.7915
10.54 -38.7967
10.54 38.7967
10.541 -38.8018
10.541 38.8018
10.542 -38.8069
10.542 38.8069
10.543 -38.812
10.543 38.812
10.544 -38.8171
10.544 38.8171
10.545 -38.8222
10.545 38.8222
10.546 -38.8273
10.546 38.8273
10.547 -38.8324
10.547 38.8324
10.548 -38.8375
10.548 38.8375
10.549 -38.8427
10.549 38.8427
10.55 -38.8478
10.55 38.8478
10.551 -38.8529
10.551 38.8529
10.552 -38.858
10.552 38.858
10.553 -38.8631
10.553 38.8631
10.554 -38.8682
10.554 38.8682
10.555 -38.8733
10.555 38.8733
10.556 -38.8784
10.556 38.8784
10.557 -38.8836
10.557 38.8836
10.558 -38.8887
10.558 38.8887
10.559 -38.8938
10.559 38.8938
10.56 -38.8989
10.56 38.8989
10.561 -38.904
10.561 38.904
10.562 -38.9091
10.562 38.9091
10.563 -38.9142
10.563 38.9142
10.564 -38.9194
10.564 38.9194
10.565 -38.9245
10.565 38.9245
10.566 -38.9296
10.566 38.9296
10.567 -38.9347
10.567 38.9347
10.568 -38.9398
10.568 38.9398
10.569 -38.9449
10.569 38.9449
10.57 -38.9501
10.57 38.9501
10.571 -38.9552
10.571 38.9552
10.572 -38.9603
10.572 38.9603
10.573 -38.9654
10.573 38.9654
10.574 -38.9705
10.574 38.9705
10.575 -38.9756
10.575 38.9756
10.576 -38.9808
10.576 38.9808
10.577 -38.9859
10.577 38.9859
10.578 -38.991
10.578 38.991
10.579 -38.9961
10.579 38.9961
10.58 -39.0012
10.58 39.0012
10.581 -39.0064
10.581 39.0064
10.582 -39.0115
10.582 39.0115
10.583 -39.0166
10.583 39.0166
10.584 -39.0217
10.584 39.0217
10.585 -39.0268
10.585 39.0268
10.586 -39.032
10.586 39.032
10.587 -39.0371
10.587 39.0371
10.588 -39.0422
10.588 39.0422
10.589 -39.0473
10.589 39.0473
10.59 -39.0524
10.59 39.0524
10.591 -39.0576
10.591 39.0576
10.592 -39.0627
10.592 39.0627
10.593 -39.0678
10.593 39.0678
10.594 -39.0729
10.594 39.0729
10.595 -39.078
10.595 39.078
10.596 -39.0832
10.596 39.0832
10.597 -39.0883
10.597 39.0883
10.598 -39.0934
10.598 39.0934
10.599 -39.0985
10.599 39.0985
10.6 -39.1037
10.6 39.1037
10.601 -39.1088
10.601 39.1088
10.602 -39.1139
10.602 39.1139
10.603 -39.119
10.603 39.119
10.604 -39.1242
10.604 39.1242
10.605 -39.1293
10.605 39.1293
10.606 -39.1344
10.606 39.1344
10.607 -39.1395
10.607 39.1395
10.608 -39.1447
10.608 39.1447
10.609 -39.1498
10.609 39.1498
10.61 -39.1549
10.61 39.1549
10.611 -39.16
10.611 39.16
10.612 -39.1652
10.612 39.1652
10.613 -39.1703
10.613 39.1703
10.614 -39.1754
10.614 39.1754
10.615 -39.1805
10.615 39.1805
10.616 -39.1857
10.616 39.1857
10.617 -39.1908
10.617 39.1908
10.618 -39.1959
10.618 39.1959
10.619 -39.201
10.619 39.201
10.62 -39.2062
10.62 39.2062
10.621 -39.2113
10.621 39.2113
10.622 -39.2164
10.622 39.2164
10.623 -39.2216
10.623 39.2216
10.624 -39.2267
10.624 39.2267
10.625 -39.2318
10.625 39.2318
10.626 -39.2369
10.626 39.2369
10.627 -39.2421
10.627 39.2421
10.628 -39.2472
10.628 39.2472
10.629 -39.2523
10.629 39.2523
10.63 -39.2575
10.63 39.2575
10.631 -39.2626
10.631 39.2626
10.632 -39.2677
10.632 39.2677
10.633 -39.2728
10.633 39.2728
10.634 -39.278
10.634 39.278
10.635 -39.2831
10.635 39.2831
10.636 -39.2882
10.636 39.2882
10.637 -39.2934
10.637 39.2934
10.638 -39.2985
10.638 39.2985
10.639 -39.3036
10.639 39.3036
10.64 -39.3088
10.64 39.3088
10.641 -39.3139
10.641 39.3139
10.642 -39.319
10.642 39.319
10.643 -39.3242
10.643 39.3242
10.644 -39.3293
10.644 39.3293
10.645 -39.3344
10.645 39.3344
10.646 -39.3396
10.646 39.3396
10.647 -39.3447
10.647 39.3447
10.648 -39.3498
10.648 39.3498
10.649 -39.355
10.649 39.355
10.65 -39.3601
10.65 39.3601
10.651 -39.3652
10.651 39.3652
10.652 -39.3704
10.652 39.3704
10.653 -39.3755
10.653 39.3755
10.654 -39.3806
10.654 39.3806
10.655 -39.3858
10.655 39.3858
10.656 -39.3909
10.656 39.3909
10.657 -39.396
10.657 39.396
10.658 -39.4012
10.658 39.4012
10.659 -39.4063
10.659 39.4063
10.66 -39.4114
10.66 39.4114
10.661 -39.4166
10.661 39.4166
10.662 -39.4217
10.662 39.4217
10.663 -39.4269
10.663 39.4269
10.664 -39.432
10.664 39.432
10.665 -39.4371
10.665 39.4371
10.666 -39.4423
10.666 39.4423
10.667 -39.4474
10.667 39.4474
10.668 -39.4525
10.668 39.4525
10.669 -39.4577
10.669 39.4577
10.67 -39.4628
10.67 39.4628
10.671 -39.468
10.671 39.468
10.672 -39.4731
10.672 39.4731
10.673 -39.4782
10.673 39.4782
10.674 -39.4834
10.674 39.4834
10.675 -39.4885
10.675 39.4885
10.676 -39.4937
10.676 39.4937
10.677 -39.4988
10.677 39.4988
10.678 -39.5039
10.678 39.5039
10.679 -39.5091
10.679 39.5091
10.68 -39.5142
10.68 39.5142
10.681 -39.5194
10.681 39.5194
10.682 -39.5245
10.682 39.5245
10.683 -39.5296
10.683 39.5296
10.684 -39.5348
10.684 39.5348
10.685 -39.5399
10.685 39.5399
10.686 -39.5451
10.686 39.5451
10.687 -39.5502
10.687 39.5502
10.688 -39.5554
10.688 39.5554
10.689 -39.5605
10.689 39.5605
10.69 -39.5656
10.69 39.5656
10.691 -39.5708
10.691 39.5708
10.692 -39.5759
10.692 39.5759
10.693 -39.5811
10.693 39.5811
10.694 -39.5862
10.694 39.5862
10.695 -39.5914
10.695 39.5914
10.696 -39.5965
10.696 39.5965
10.697 -39.6016
10.697 39.6016
10.698 -39.6068
10.698 39.6068
10.699 -39.6119
10.699 39.6119
10.7 -39.6171
10.7 39.6171
10.701 -39.6222
10.701 39.6222
10.702 -39.6274
10.702 39.6274
10.703 -39.6325
10.703 39.6325
10.704 -39.6377
10.704 39.6377
10.705 -39.6428
10.705 39.6428
10.706 -39.648
10.706 39.648
10.707 -39.6531
10.707 39.6531
10.708 -39.6582
10.708 39.6582
10.709 -39.6634
10.709 39.6634
10.71 -39.6685
10.71 39.6685
10.711 -39.6737
10.711 39.6737
10.712 -39.6788
10.712 39.6788
10.713 -39.684
10.713 39.684
10.714 -39.6891
10.714 39.6891
10.715 -39.6943
10.715 39.6943
10.716 -39.6994
10.716 39.6994
10.717 -39.7046
10.717 39.7046
10.718 -39.7097
10.718 39.7097
10.719 -39.7149
10.719 39.7149
10.72 -39.72
10.72 39.72
10.721 -39.7252
10.721 39.7252
10.722 -39.7303
10.722 39.7303
10.723 -39.7355
10.723 39.7355
10.724 -39.7406
10.724 39.7406
10.725 -39.7458
10.725 39.7458
10.726 -39.7509
10.726 39.7509
10.727 -39.7561
10.727 39.7561
10.728 -39.7612
10.728 39.7612
10.729 -39.7664
10.729 39.7664
10.73 -39.7715
10.73 39.7715
10.731 -39.7767
10.731 39.7767
10.732 -39.7818
10.732 39.7818
10.733 -39.787
10.733 39.787
10.734 -39.7921
10.734 39.7921
10.735 -39.7973
10.735 39.7973
10.736 -39.8024
10.736 39.8024
10.737 -39.8076
10.737 39.8076
10.738 -39.8128
10.738 39.8128
10.739 -39.8179
10.739 39.8179
10.74 -39.8231
10.74 39.8231
10.741 -39.8282
10.741 39.8282
10.742 -39.8334
10.742 39.8334
10.743 -39.8385
10.743 39.8385
10.744 -39.8437
10.744 39.8437
10.745 -39.8488
10.745 39.8488
10.746 -39.854
10.746 39.854
10.747 -39.8591
10.747 39.8591
10.748 -39.8643
10.748 39.8643
10.749 -39.8695
10.749 39.8695
10.75 -39.8746
10.75 39.8746
10.751 -39.8798
10.751 39.8798
10.752 -39.8849
10.752 39.8849
10.753 -39.8901
10.753 39.8901
10.754 -39.8952
10.754 39.8952
10.755 -39.9004
10.755 39.9004
10.756 -39.9055
10.756 39.9055
10.757 -39.9107
10.757 39.9107
10.758 -39.9159
10.758 39.9159
10.759 -39.921
10.759 39.921
10.76 -39.9262
10.76 39.9262
10.761 -39.9313
10.761 39.9313
10.762 -39.9365
10.762 39.9365
10.763 -39.9417
10.763 39.9417
10.764 -39.9468
10.764 39.9468
10.765 -39.952
10.765 39.952
10.766 -39.9571
10.766 39.9571
10.767 -39.9623
10.767 39.9623
10.768 -39.9675
10.768 39.9675
10.769 -39.9726
10.769 39.9726
10.77 -39.9778
10.77 39.9778
10.771 -39.9829
10.771 39.9829
10.772 -39.9881
10.772 39.9881
10.773 -39.9933
10.773 39.9933
10.774 -39.9984
10.774 39.9984
10.775 -40.0036
10.775 40.0036
10.776 -40.0087
10.776 40.0087
10.777 -40.0139
10.777 40.0139
10.778 -40.0191
10.778 40.0191
10.779 -40.0242
10.779 40.0242
10.78 -40.0294
10.78 40.0294
10.781 -40.0345
10.781 40.0345
10.782 -40.0397
10.782 40.0397
10.783 -40.0449
10.783 40.0449
10.784 -40.05
10.784 40.05
10.785 -40.0552
10.785 40.0552
10.786 -40.0604
10.786 40.0604
10.787 -40.0655
10.787 40.0655
10.788 -40.0707
10.788 40.0707
10.789 -40.0759
10.789 40.0759
10.79 -40.081
10.79 40.081
10.791 -40.0862
10.791 40.0862
10.792 -40.0914
10.792 40.0914
10.793 -40.0965
10.793 40.0965
10.794 -40.1017
10.794 40.1017
10.795 -40.1068
10.795 40.1068
10.796 -40.112
10.796 40.112
10.797 -40.1172
10.797 40.1172
10.798 -40.1223
10.798 40.1223
10.799 -40.1275
10.799 40.1275
10.8 -40.1327
10.8 40.1327
10.801 -40.1378
10.801 40.1378
10.802 -40.143
10.802 40.143
10.803 -40.1482
10.803 40.1482
10.804 -40.1533
10.804 40.1533
10.805 -40.1585
10.805 40.1585
10.806 -40.1637
10.806 40.1637
10.807 -40.1689
10.807 40.1689
10.808 -40.174
10.808 40.174
10.809 -40.1792
10.809 40.1792
10.81 -40.1844
10.81 40.1844
10.811 -40.1895
10.811 40.1895
10.812 -40.1947
10.812 40.1947
10.813 -40.1999
10.813 40.1999
10.814 -40.205
10.814 40.205
10.815 -40.2102
10.815 40.2102
10.816 -40.2154
10.816 40.2154
10.817 -40.2205
10.817 40.2205
10.818 -40.2257
10.818 40.2257
10.819 -40.2309
10.819 40.2309
10.82 -40.2361
10.82 40.2361
10.821 -40.2412
10.821 40.2412
10.822 -40.2464
10.822 40.2464
10.823 -40.2516
10.823 40.2516
10.824 -40.2567
10.824 40.2567
10.825 -40.2619
10.825 40.2619
10.826 -40.2671
10.826 40.2671
10.827 -40.2723
10.827 40.2723
10.828 -40.2774
10.828 40.2774
10.829 -40.2826
10.829 40.2826
10.83 -40.2878
10.83 40.2878
10.831 -40.293
10.831 40.293
10.832 -40.2981
10.832 40.2981
10.833 -40.3033
10.833 40.3033
10.834 -40.3085
10.834 40.3085
10.835 -40.3137
10.835 40.3137
10.836 -40.3188
10.836 40.3188
10.837 -40.324
10.837 40.324
10.838 -40.3292
10.838 40.3292
10.839 -40.3344
10.839 40.3344
10.84 -40.3395
10.84 40.3395
10.841 -40.3447
10.841 40.3447
10.842 -40.3499
10.842 40.3499
10.843 -40.3551
10.843 40.3551
10.844 -40.3602
10.844 40.3602
10.845 -40.3654
10.845 40.3654
10.846 -40.3706
10.846 40.3706
10.847 -40.3758
10.847 40.3758
10.848 -40.3809
10.848 40.3809
10.849 -40.3861
10.849 40.3861
10.85 -40.3913
10.85 40.3913
10.851 -40.3965
10.851 40.3965
10.852 -40.4016
10.852 40.4016
10.853 -40.4068
10.853 40.4068
10.854 -40.412
10.854 40.412
10.855 -40.4172
10.855 40.4172
10.856 -40.4224
10.856 40.4224
10.857 -40.4275
10.857 40.4275
10.858 -40.4327
10.858 40.4327
10.859 -40.4379
10.859 40.4379
10.86 -40.4431
10.86 40.4431
10.861 -40.4483
10.861 40.4483
10.862 -40.4534
10.862 40.4534
10.863 -40.4586
10.863 40.4586
10.864 -40.4638
10.864 40.4638
10.865 -40.469
10.865 40.469
10.866 -40.4742
10.866 40.4742
10.867 -40.4793
10.867 40.4793
10.868 -40.4845
10.868 40.4845
10.869 -40.4897
10.869 40.4897
10.87 -40.4949
10.87 40.4949
10.871 -40.5001
10.871 40.5001
10.872 -40.5053
10.872 40.5053
10.873 -40.5104
10.873 40.5104
10.874 -40.5156
10.874 40.5156
10.875 -40.5208
10.875 40.5208
10.876 -40.526
10.876 40.526
10.877 -40.5312
10.877 40.5312
10.878 -40.5364
10.878 40.5364
10.879 -40.5415
10.879 40.5415
10.88 -40.5467
10.88 40.5467
10.881 -40.5519
10.881 40.5519
10.882 -40.5571
10.882 40.5571
10.883 -40.5623
10.883 40.5623
10.884 -40.5675
10.884 40.5675
10.885 -40.5726
10.885 40.5726
10.886 -40.5778
10.886 40.5778
10.887 -40.583
10.887 40.583
10.888 -40.5882
10.888 40.5882
10.889 -40.5934
10.889 40.5934
10.89 -40.5986
10.89 40.5986
10.891 -40.6038
10.891 40.6038
10.892 -40.6089
10.892 40.6089
10.893 -40.6141
10.893 40.6141
10.894 -40.6193
10.894 40.6193
10.895 -40.6245
10.895 40.6245
10.896 -40.6297
10.896 40.6297
10.897 -40.6349
10.897 40.6349
10.898 -40.6401
10.898 40.6401
10.899 -40.6453
10.899 40.6453
10.9 -40.6504
10.9 40.6504
10.901 -40.6556
10.901 40.6556
10.902 -40.6608
10.902 40.6608
10.903 -40.666
10.903 40.666
10.904 -40.6712
10.904 40.6712
10.905 -40.6764
10.905 40.6764
10.906 -40.6816
10.906 40.6816
10.907 -40.6868
10.907 40.6868
10.908 -40.692
10.908 40.692
10.909 -40.6972
10.909 40.6972
10.91 -40.7023
10.91 40.7023
10.911 -40.7075
10.911 40.7075
10.912 -40.7127
10.912 40.7127
10.913 -40.7179
10.913 40.7179
10.914 -40.7231
10.914 40.7231
10.915 -40.7283
10.915 40.7283
10.916 -40.7335
10.916 40.7335
10.917 -40.7387
10.917 40.7387
10.918 -40.7439
10.918 40.7439
10.919 -40.7491
10.919 40.7491
10.92 -40.7543
10.92 40.7543
10.921 -40.7595
10.921 40.7595
10.922 -40.7646
10.922 40.7646
10.923 -40.7698
10.923 40.7698
10.924 -40.775
10.924 40.775
10.925 -40.7802
10.925 40.7802
10.926 -40.7854
10.926 40.7854
10.927 -40.7906
10.927 40.7906
10.928 -40.7958
10.928 40.7958
10.929 -40.801
10.929 40.801
10.93 -40.8062
10.93 40.8062
10.931 -40.8114
10.931 40.8114
10.932 -40.8166
10.932 40.8166
10.933 -40.8218
10.933 40.8218
10.934 -40.827
10.934 40.827
10.935 -40.8322
10.935 40.8322
10.936 -40.8374
10.936 40.8374
10.937 -40.8426
10.937 40.8426
10.938 -40.8478
10.938 40.8478
10.939 -40.853
10.939 40.853
10.94 -40.8582
10.94 40.8582
10.941 -40.8634
10.941 40.8634
10.942 -40.8686
10.942 40.8686
10.943 -40.8738
10.943 40.8738
10.944 -40.879
10.944 40.879
10.945 -40.8842
10.945 40.8842
10.946 -40.8893
10.946 40.8893
10.947 -40.8945
10.947 40.8945
10.948 -40.8997
10.948 40.8997
10.949 -40.9049
10.949 40.9049
10.95 -40.9101
10.95 40.9101
10.951 -40.9153
10.951 40.9153
10.952 -40.9205
10.952 40.9205
10.953 -40.9257
10.953 40.9257
10.954 -40.9309
10.954 40.9309
10.955 -40.9361
10.955 40.9361
10.956 -40.9413
10.956 40.9413
10.957 -40.9465
10.957 40.9465
10.958 -40.9517
10.958 40.9517
10.959 -40.9569
10.959 40.9569
10.96 -40.9621
10.96 40.9621
10.961 -40.9673
10.961 40.9673
10.962 -40.9726
10.962 40.9726
10.963 -40.9778
10.963 40.9778
10.964 -40.983
10.964 40.983
10.965 -40.9882
10.965 40.9882
10.966 -40.9934
10.966 40.9934
10.967 -40.9986
10.967 40.9986
10.968 -41.0038
10.968 41.0038
10.969 -41.009
10.969 41.009
10.97 -41.0142
10.97 41.0142
10.971 -41.0194
10.971 41.0194
10.972 -41.0246
10.972 41.0246
10.973 -41.0298
10.973 41.0298
10.974 -41.035
10.974 41.035
10.975 -41.0402
10.975 41.0402
10.976 -41.0454
10.976 41.0454
10.977 -41.0506
10.977 41.0506
10.978 -41.0558
10.978 41.0558
10.979 -41.061
10.979 41.061
10.98 -41.0662
10.98 41.0662
10.981 -41.0714
10.981 41.0714
10.982 -41.0766
10.982 41.0766
10.983 -41.0818
10.983 41.0818
10.984 -41.087
10.984 41.087
10.985 -41.0923
10.985 41.0923
10.986 -41.0975
10.986 41.0975
10.987 -41.1027
10.987 41.1027
10.988 -41.1079
10.988 41.1079
10.989 -41.1131
10.989 41.1131
10.99 -41.1183
10.99 41.1183
10.991 -41.1235
10.991 41.1235
10.992 -41.1287
10.992 41.1287
10.993 -41.1339
10.993 41.1339
10.994 -41.1391
10.994 41.1391
10.995 -41.1443
10.995 41.1443
10.996 -41.1495
10.996 41.1495
10.997 -41.1547
10.997 41.1547
10.998 -41.16
10.998 41.16
10.999 -41.1652
10.999 41.1652
11 -41.1704
11 41.1704
11.001 -41.1756
11.001 41.1756
11.002 -41.1808
11.002 41.1808
11.003 -41.186
11.003 41.186
11.004 -41.1912
11.004 41.1912
11.005 -41.1964
11.005 41.1964
11.006 -41.2016
11.006 41.2016
11.007 -41.2069
11.007 41.2069
11.008 -41.2121
11.008 41.2121
11.009 -41.2173
11.009 41.2173
11.01 -41.2225
11.01 41.2225
11.011 -41.2277
11.011 41.2277
11.012 -41.2329
11.012 41.2329
11.013 -41.2381
11.013 41.2381
11.014 -41.2433
11.014 41.2433
11.015 -41.2486
11.015 41.2486
11.016 -41.2538
11.016 41.2538
11.017 -41.259
11.017 41.259
11.018 -41.2642
11.018 41.2642
11.019 -41.2694
11.019 41.2694
11.02 -41.2746
11.02 41.2746
11.021 -41.2798
11.021 41.2798
11.022 -41.2851
11.022 41.2851
11.023 -41.2903
11.023 41.2903
11.024 -41.2955
11.024 41.2955
11.025 -41.3007
11.025 41.3007
11.026 -41.3059
11.026 41.3059
11.027 -41.3111
11.027 41.3111
11.028 -41.3163
11.028 41.3163
11.029 -41.3216
11.029 41.3216
11.03 -41.3268
11.03 41.3268
11.031 -41.332
11.031 41.332
11.032 -41.3372
11.032 41.3372
11.033 -41.3424
11.033 41.3424
11.034 -41.3476
11.034 41.3476
11.035 -41.3529
11.035 41.3529
11.036 -41.3581
11.036 41.3581
11.037 -41.3633
11.037 41.3633
11.038 -41.3685
11.038 41.3685
11.039 -41.3737
11.039 41.3737
11.04 -41.379
11.04 41.379
11.041 -41.3842
11.041 41.3842
11.042 -41.3894
11.042 41.3894
11.043 -41.3946
11.043 41.3946
11.044 -41.3998
11.044 41.3998
11.045 -41.405
11.045 41.405
11.046 -41.4103
11.046 41.4103
11.047 -41.4155
11.047 41.4155
11.048 -41.4207
11.048 41.4207
11.049 -41.4259
11.049 41.4259
11.05 -41.4311
11.05 41.4311
11.051 -41.4364
11.051 41.4364
11.052 -41.4416
11.052 41.4416
11.053 -41.4468
11.053 41.4468
11.054 -41.452
11.054 41.452
11.055 -41.4573
11.055 41.4573
11.056 -41.4625
11.056 41.4625
11.057 -41.4677
11.057 41.4677
11.058 -41.4729
11.058 41.4729
11.059 -41.4781
11.059 41.4781
11.06 -41.4834
11.06 41.4834
11.061 -41.4886
11.061 41.4886
11.062 -41.4938
11.062 41.4938
11.063 -41.499
11.063 41.499
11.064 -41.5043
11.064 41.5043
11.065 -41.5095
11.065 41.5095
11.066 -41.5147
11.066 41.5147
11.067 -41.5199
11.067 41.5199
11.068 -41.5252
11.068 41.5252
11.069 -41.5304
11.069 41.5304
11.07 -41.5356
11.07 41.5356
11.071 -41.5408
11.071 41.5408
11.072 -41.5461
11.072 41.5461
11.073 -41.5513
11.073 41.5513
11.074 -41.5565
11.074 41.5565
11.075 -41.5617
11.075 41.5617
11.076 -41.567
11.076 41.567
11.077 -41.5722
11.077 41.5722
11.078 -41.5774
11.078 41.5774
11.079 -41.5826
11.079 41.5826
11.08 -41.5879
11.08 41.5879
11.081 -41.5931
11.081 41.5931
11.082 -41.5983
11.082 41.5983
11.083 -41.6036
11.083 41.6036
11.084 -41.6088
11.084 41.6088
11.085 -41.614
11.085 41.614
11.086 -41.6192
11.086 41.6192
11.087 -41.6245
11.087 41.6245
11.088 -41.6297
11.088 41.6297
11.089 -41.6349
11.089 41.6349
11.09 -41.6402
11.09 41.6402
11.091 -41.6454
11.091 41.6454
11.092 -41.6506
11.092 41.6506
11.093 -41.6558
11.093 41.6558
11.094 -41.6611
11.094 41.6611
11.095 -41.6663
11.095 41.6663
11.096 -41.6715
11.096 41.6715
11.097 -41.6768
11.097 41.6768
11.098 -41.682
11.098 41.682
11.099 -41.6872
11.099 41.6872
11.1 -41.6925
11.1 41.6925
11.101 -41.6977
11.101 41.6977
11.102 -41.7029
11.102 41.7029
11.103 -41.7082
11.103 41.7082
11.104 -41.7134
11.104 41.7134
11.105 -41.7186
11.105 41.7186
11.106 -41.7239
11.106 41.7239
11.107 -41.7291
11.107 41.7291
11.108 -41.7343
11.108 41.7343
11.109 -41.7395
11.109 41.7395
11.11 -41.7448
11.11 41.7448
11.111 -41.75
11.111 41.75
11.112 -41.7553
11.112 41.7553
11.113 -41.7605
11.113 41.7605
11.114 -41.7657
11.114 41.7657
11.115 -41.771
11.115 41.771
11.116 -41.7762
11.116 41.7762
11.117 -41.7814
11.117 41.7814
11.118 -41.7867
11.118 41.7867
11.119 -41.7919
11.119 41.7919
11.12 -41.7971
11.12 41.7971
11.121 -41.8024
11.121 41.8024
11.122 -41.8076
11.122 41.8076
11.123 -41.8128
11.123 41.8128
11.124 -41.8181
11.124 41.8181
11.125 -41.8233
11.125 41.8233
11.126 -41.8285
11.126 41.8285
11.127 -41.8338
11.127 41.8338
11.128 -41.839
11.128 41.839
11.129 -41.8443
11.129 41.8443
11.13 -41.8495
11.13 41.8495
11.131 -41.8547
11.131 41.8547
11.132 -41.86
11.132 41.86
11.133 -41.8652
11.133 41.8652
11.134 -41.8705
11.134 41.8705
11.135 -41.8757
11.135 41.8757
11.136 -41.8809
11.136 41.8809
11.137 -41.8862
11.137 41.8862
11.138 -41.8914
11.138 41.8914
11.139 -41.8966
11.139 41.8966
11.14 -41.9019
11.14 41.9019
11.141 -41.9071
11.141 41.9071
11.142 -41.9124
11.142 41.9124
11.143 -41.9176
11.143 41.9176
11.144 -41.9229
11.144 41.9229
11.145 -41.9281
11.145 41.9281
11.146 -41.9333
11.146 41.9333
11.147 -41.9386
11.147 41.9386
11.148 -41.9438
11.148 41.9438
11.149 -41.9491
11.149 41.9491
11.15 -41.9543
11.15 41.9543
11.151 -41.9595
11.151 41.9595
11.152 -41.9648
11.152 41.9648
11.153 -41.97
11.153 41.97
11.154 -41.9753
11.154 41.9753
11.155 -41.9805
11.155 41.9805
11.156 -41.9858
11.156 41.9858
11.157 -41.991
11.157 41.991
11.158 -41.9962
11.158 41.9962
11.159 -42.0015
11.159 42.0015
11.16 -42.0067
11.16 42.0067
11.161 -42.012
11.161 42.012
11.162 -42.0172
11.162 42.0172
11.163 -42.0225
11.163 42.0225
11.164 -42.0277
11.164 42.0277
11.165 -42.033
11.165 42.033
11.166 -42.0382
11.166 42.0382
11.167 -42.0434
11.167 42.0434
11.168 -42.0487
11.168 42.0487
11.169 -42.0539
11.169 42.0539
11.17 -42.0592
11.17 42.0592
11.171 -42.0644
11.171 42.0644
11.172 -42.0697
11.172 42.0697
11.173 -42.0749
11.173 42.0749
11.174 -42.0802
11.174 42.0802
11.175 -42.0854
11.175 42.0854
11.176 -42.0907
11.176 42.0907
11.177 -42.0959
11.177 42.0959
11.178 -42.1012
11.178 42.1012
11.179 -42.1064
11.179 42.1064
11.18 -42.1117
11.18 42.1117
11.181 -42.1169
11.181 42.1169
11.182 -42.1222
11.182 42.1222
11.183 -42.1274
11.183 42.1274
11.184 -42.1327
11.184 42.1327
11.185 -42.1379
11.185 42.1379
11.186 -42.1432
11.186 42.1432
11.187 -42.1484
11.187 42.1484
11.188 -42.1537
11.188 42.1537
11.189 -42.1589
11.189 42.1589
11.19 -42.1642
11.19 42.1642
11.191 -42.1694
11.191 42.1694
11.192 -42.1747
11.192 42.1747
11.193 -42.1799
11.193 42.1799
11.194 -42.1852
11.194 42.1852
11.195 -42.1904
11.195 42.1904
11.196 -42.1957
11.196 42.1957
11.197 -42.2009
11.197 42.2009
11.198 -42.2062
11.198 42.2062
11.199 -42.2114
11.199 42.2114
11.2 -42.2167
11.2 42.2167
11.201 -42.2219
11.201 42.2219
11.202 -42.2272
11.202 42.2272
11.203 -42.2324
11.203 42.2324
11.204 -42.2377
11.204 42.2377
11.205 -42.2429
11.205 42.2429
11.206 -42.2482
11.206 42.2482
11.207 -42.2535
11.207 42.2535
11.208 -42.2587
11.208 42.2587
11.209 -42.264
11.209 42.264
11.21 -42.2692
11.21 42.2692
11.211 -42.2745
11.211 42.2745
11.212 -42.2797
11.212 42.2797
11.213 -42.285
11.213 42.285
11.214 -42.2902
11.214 42.2902
11.215 -42.2955
11.215 42.2955
11.216 -42.3008
11.216 42.3008
11.217 -42.306
11.217 42.306
11.218 -42.3113
11.218 42.3113
11.219 -42.3165
11.219 42.3165
11.22 -42.3218
11.22 42.3218
11.221 -42.327
11.221 42.327
11.222 -42.3323
11.222 42.3323
11.223 -42.3376
11.223 42.3376
11.224 -42.3428
11.224 42.3428
11.225 -42.3481
11.225 42.3481
11.226 -42.3533
11.226 42.3533
11.227 -42.3586
11.227 42.3586
11.228 -42.3638
11.228 42.3638
11.229 -42.3691
11.229 42.3691
11.23 -42.3744
11.23 42.3744
11.231 -42.3796
11.231 42.3796
11.232 -42.3849
11.232 42.3849
11.233 -42.3901
11.233 42.3901
11.234 -42.3954
11.234 42.3954
11.235 -42.4007
11.235 42.4007
11.236 -42.4059
11.236 42.4059
11.237 -42.4112
11.237 42.4112
11.238 -42.4164
11.238 42.4164
11.239 -42.4217
11.239 42.4217
11.24 -42.427
11.24 42.427
11.241 -42.4322
11.241 42.4322
11.242 -42.4375
11.242 42.4375
11.243 -42.4428
11.243 42.4428
11.244 -42.448
11.244 42.448
11.245 -42.4533
11.245 42.4533
11.246 -42.4585
11.246 42.4585
11.247 -42.4638
11.247 42.4638
11.248 -42.4691
11.248 42.4691
11.249 -42.4743
11.249 42.4743
11.25 -42.4796
11.25 42.4796
11.251 -42.4849
11.251 42.4849
11.252 -42.4901
11.252 42.4901
11.253 -42.4954
11.253 42.4954
11.254 -42.5006
11.254 42.5006
11.255 -42.5059
11.255 42.5059
11.256 -42.5112
11.256 42.5112
11.257 -42.5164
11.257 42.5164
11.258 -42.5217
11.258 42.5217
11.259 -42.527
11.259 42.527
11.26 -42.5322
11.26 42.5322
11.261 -42.5375
11.261 42.5375
11.262 -42.5428
11.262 42.5428
11.263 -42.548
11.263 42.548
11.264 -42.5533
11.264 42.5533
11.265 -42.5586
11.265 42.5586
11.266 -42.5638
11.266 42.5638
11.267 -42.5691
11.267 42.5691
11.268 -42.5744
11.268 42.5744
11.269 -42.5796
11.269 42.5796
11.27 -42.5849
11.27 42.5849
11.271 -42.5902
11.271 42.5902
11.272 -42.5954
11.272 42.5954
11.273 -42.6007
11.273 42.6007
11.274 -42.606
11.274 42.606
11.275 -42.6112
11.275 42.6112
11.276 -42.6165
11.276 42.6165
11.277 -42.6218
11.277 42.6218
11.278 -42.6271
11.278 42.6271
11.279 -42.6323
11.279 42.6323
11.28 -42.6376
11.28 42.6376
11.281 -42.6429
11.281 42.6429
11.282 -42.6481
11.282 42.6481
11.283 -42.6534
11.283 42.6534
11.284 -42.6587
11.284 42.6587
11.285 -42.6639
11.285 42.6639
11.286 -42.6692
11.286 42.6692
11.287 -42.6745
11.287 42.6745
11.288 -42.6798
11.288 42.6798
11.289 -42.685
11.289 42.685
11.29 -42.6903
11.29 42.6903
11.291 -42.6956
11.291 42.6956
11.292 -42.7008
11.292 42.7008
11.293 -42.7061
11.293 42.7061
11.294 -42.7114
11.294 42.7114
11.295 -42.7167
11.295 42.7167
11.296 -42.7219
11.296 42.7219
11.297 -42.7272
11.297 42.7272
11.298 -42.7325
11.298 42.7325
11.299 -42.7378
11.299 42.7378
11.3 -42.743
11.3 42.743
11.301 -42.7483
11.301 42.7483
11.302 -42.7536
11.302 42.7536
11.303 -42.7589
11.303 42.7589
11.304 -42.7641
11.304 42.7641
11.305 -42.7694
11.305 42.7694
11.306 -42.7747
11.306 42.7747
11.307 -42.78
11.307 42.78
11.308 -42.7852
11.308 42.7852
11.309 -42.7905
11.309 42.7905
11.31 -42.7958
11.31 42.7958
11.311 -42.8011
11.311 42.8011
11.312 -42.8063
11.312 42.8063
11.313 -42.8116
11.313 42.8116
11.314 -42.8169
11.314 42.8169
11.315 -42.8222
11.315 42.8222
11.316 -42.8274
11.316 42.8274
11.317 -42.8327
11.317 42.8327
11.318 -42.838
11.318 42.838
11.319 -42.8433
11.319 42.8433
11.32 -42.8486
11.32 42.8486
11.321 -42.8538
11.321 42.8538
11.322 -42.8591
11.322 42.8591
11.323 -42.8644
11.323 42.8644
11.324 -42.8697
11.324 42.8697
11.325 -42.875
11.325 42.875
11.326 -42.8802
11.326 42.8802
11.327 -42.8855
11.327 42.8855
11.328 -42.8908
11.328 42.8908
11.329 -42.8961
11.329 42.8961
11.33 -42.9014
11.33 42.9014
11.331 -42.9066
11.331 42.9066
11.332 -42.9119
11.332 42.9119
11.333 -42.9172
11.333 42.9172
11.334 -42.9225
11.334 42.9225
11.335 -42.9278
11.335 42.9278
11.336 -42.933
11.336 42.933
11.337 -42.9383
11.337 42.9383
11.338 -42.9436
11.338 42.9436
11.339 -42.9489
11.339 42.9489
11.34 -42.9542
11.34 42.9542
11.341 -42.9595
11.341 42.9595
11.342 -42.9647
11.342 42.9647
11.343 -42.97
11.343 42.97
11.344 -42.9753
11.344 42.9753
11.345 -42.9806
11.345 42.9806
11.346 -42.9859
11.346 42.9859
11.347 -42.9912
11.347 42.9912
11.348 -42.9964
11.348 42.9964
11.349 -43.0017
11.349 43.0017
11.35 -43.007
11.35 43.007
11.351 -43.0123
11.351 43.0123
11.352 -43.0176
11.352 43.0176
11.353 -43.0229
11.353 43.0229
11.354 -43.0282
11.354 43.0282
11.355 -43.0334
11.355 43.0334
11.356 -43.0387
11.356 43.0387
11.357 -43.044
11.357 43.044
11.358 -43.0493
11.358 43.0493
11.359 -43.0546
11.359 43.0546
11.36 -43.0599
11.36 43.0599
11.361 -43.0652
11.361 43.0652
11.362 -43.0704
11.362 43.0704
11.363 -43.0757
11.363 43.0757
11.364 -43.081
11.364 43.081
11.365 -43.0863
11.365 43.0863
11.366 -43.0916
11.366 43.0916
11.367 -43.0969
11.367 43.0969
11.368 -43.1022
11.368 43.1022
11.369 -43.1075
11.369 43.1075
11.37 -43.1127
11.37 43.1127
11.371 -43.118
11.371 43.118
11.372 -43.1233
11.372 43.1233
11.373 -43.1286
11.373 43.1286
11.374 -43.1339
11.374 43.1339
11.375 -43.1392
11.375 43.1392
11.376 -43.1445
11.376 43.1445
11.377 -43.1498
11.377 43.1498
11.378 -43.1551
11.378 43.1551
11.379 -43.1604
11.379 43.1604
11.38 -43.1656
11.38 43.1656
11.381 -43.1709
11.381 43.1709
11.382 -43.1762
11.382 43.1762
11.383 -43.1815
11.383 43.1815
11.384 -43.1868
11.384 43.1868
11.385 -43.1921
11.385 43.1921
11.386 -43.1974
11.386 43.1974
11.387 -43.2027
11.387 43.2027
11.388 -43.208
11.388 43.208
11.389 -43.2133
11.389 43.2133
11.39 -43.2186
11.39 43.2186
11.391 -43.2239
11.391 43.2239
11.392 -43.2292
11.392 43.2292
11.393 -43.2345
11.393 43.2345
11.394 -43.2397
11.394 43.2397
11.395 -43.245
11.395 43.245
11.396 -43.2503
11.396 43.2503
11.397 -43.2556
11.397 43.2556
11.398 -43.2609
11.398 43.2609
11.399 -43.2662
11.399 43.2662
11.4 -43.2715
11.4 43.2715
11.401 -43.2768
11.401 43.2768
11.402 -43.2821
11.402 43.2821
11.403 -43.2874
11.403 43.2874
11.404 -43.2927
11.404 43.2927
11.405 -43.298
11.405 43.298
11.406 -43.3033
11.406 43.3033
11.407 -43.3086
11.407 43.3086
11.408 -43.3139
11.408 43.3139
11.409 -43.3192
11.409 43.3192
11.41 -43.3245
11.41 43.3245
11.411 -43.3298
11.411 43.3298
11.412 -43.3351
11.412 43.3351
11.413 -43.3404
11.413 43.3404
11.414 -43.3457
11.414 43.3457
11.415 -43.351
11.415 43.351
11.416 -43.3563
11.416 43.3563
11.417 -43.3616
11.417 43.3616
11.418 -43.3669
11.418 43.3669
11.419 -43.3722
11.419 43.3722
11.42 -43.3775
11.42 43.3775
11.421 -43.3828
11.421 43.3828
11.422 -43.3881
11.422 43.3881
11.423 -43.3934
11.423 43.3934
11.424 -43.3987
11.424 43.3987
11.425 -43.404
11.425 43.404
11.426 -43.4093
11.426 43.4093
11.427 -43.4146
11.427 43.4146
11.428 -43.4199
11.428 43.4199
11.429 -43.4252
11.429 43.4252
11.43 -43.4305
11.43 43.4305
11.431 -43.4358
11.431 43.4358
11.432 -43.4411
11.432 43.4411
11.433 -43.4464
11.433 43.4464
11.434 -43.4517
11.434 43.4517
11.435 -43.457
11.435 43.457
11.436 -43.4623
11.436 43.4623
11.437 -43.4676
11.437 43.4676
11.438 -43.4729
11.438 43.4729
11.439 -43.4782
11.439 43.4782
11.44 -43.4835
11.44 43.4835
11.441 -43.4888
11.441 43.4888
11.442 -43.4941
11.442 43.4941
11.443 -43.4994
11.443 43.4994
11.444 -43.5047
11.444 43.5047
11.445 -43.51
11.445 43.51
11.446 -43.5153
11.446 43.5153
11.447 -43.5206
11.447 43.5206
11.448 -43.5259
11.448 43.5259
11.449 -43.5312
11.449 43.5312
11.45 -43.5365
11.45 43.5365
11.451 -43.5419
11.451 43.5419
11.452 -43.5472
11.452 43.5472
11.453 -43.5525
11.453 43.5525
11.454 -43.5578
11.454 43.5578
11.455 -43.5631
11.455 43.5631
11.456 -43.5684
11.456 43.5684
11.457 -43.5737
11.457 43.5737
11.458 -43.579
11.458 43.579
11.459 -43.5843
11.459 43.5843
11.46 -43.5896
11.46 43.5896
11.461 -43.5949
11.461 43.5949
11.462 -43.6002
11.462 43.6002
11.463 -43.6055
11.463 43.6055
11.464 -43.6109
11.464 43.6109
11.465 -43.6162
11.465 43.6162
11.466 -43.6215
11.466 43.6215
11.467 -43.6268
11.467 43.6268
11.468 -43.6321
11.468 43.6321
11.469 -43.6374
11.469 43.6374
11.47 -43.6427
11.47 43.6427
11.471 -43.648
11.471 43.648
11.472 -43.6533
11.472 43.6533
11.473 -43.6586
11.473 43.6586
11.474 -43.664
11.474 43.664
11.475 -43.6693
11.475 43.6693
11.476 -43.6746
11.476 43.6746
11.477 -43.6799
11.477 43.6799
11.478 -43.6852
11.478 43.6852
11.479 -43.6905
11.479 43.6905
11.48 -43.6958
11.48 43.6958
11.481 -43.7011
11.481 43.7011
11.482 -43.7064
11.482 43.7064
11.483 -43.7118
11.483 43.7118
11.484 -43.7171
11.484 43.7171
11.485 -43.7224
11.485 43.7224
11.486 -43.7277
11.486 43.7277
11.487 -43.733
11.487 43.733
11.488 -43.7383
11.488 43.7383
11.489 -43.7436
11.489 43.7436
11.49 -43.749
11.49 43.749
11.491 -43.7543
11.491 43.7543
11.492 -43.7596
11.492 43.7596
11.493 -43.7649
11.493 43.7649
11.494 -43.7702
11.494 43.7702
11.495 -43.7755
11.495 43.7755
11.496 -43.7808
11.496 43.7808
11.497 -43.7862
11.497 43.7862
11.498 -43.7915
11.498 43.7915
11.499 -43.7968
11.499 43.7968
11.5 -43.8021
11.5 43.8021
11.501 -43.8074
11.501 43.8074
11.502 -43.8127
11.502 43.8127
11.503 -43.8181
11.503 43.8181
11.504 -43.8234
11.504 43.8234
11.505 -43.8287
11.505 43.8287
11.506 -43.834
11.506 43.834
11.507 -43.8393
11.507 43.8393
11.508 -43.8447
11.508 43.8447
11.509 -43.85
11.509 43.85
11.51 -43.8553
11.51 43.8553
11.511 -43.8606
11.511 43.8606
11.512 -43.8659
11.512 43.8659
11.513 -43.8712
11.513 43.8712
11.514 -43.8766
11.514 43.8766
11.515 -43.8819
11.515 43.8819
11.516 -43.8872
11.516 43.8872
11.517 -43.8925
11.517 43.8925
11.518 -43.8978
11.518 43.8978
11.519 -43.9032
11.519 43.9032
11.52 -43.9085
11.52 43.9085
11.521 -43.9138
11.521 43.9138
11.522 -43.9191
11.522 43.9191
11.523 -43.9244
11.523 43.9244
11.524 -43.9298
11.524 43.9298
11.525 -43.9351
11.525 43.9351
11.526 -43.9404
11.526 43.9404
11.527 -43.9457
11.527 43.9457
11.528 -43.9511
11.528 43.9511
11.529 -43.9564
11.529 43.9564
11.53 -43.9617
11.53 43.9617
11.531 -43.967
11.531 43.967
11.532 -43.9723
11.532 43.9723
11.533 -43.9777
11.533 43.9777
11.534 -43.983
11.534 43.983
11.535 -43.9883
11.535 43.9883
11.536 -43.9936
11.536 43.9936
11.537 -43.999
11.537 43.999
11.538 -44.0043
11.538 44.0043
11.539 -44.0096
11.539 44.0096
11.54 -44.0149
11.54 44.0149
11.541 -44.0203
11.541 44.0203
11.542 -44.0256
11.542 44.0256
11.543 -44.0309
11.543 44.0309
11.544 -44.0362
11.544 44.0362
11.545 -44.0416
11.545 44.0416
11.546 -44.0469
11.546 44.0469
11.547 -44.0522
11.547 44.0522
11.548 -44.0575
11.548 44.0575
11.549 -44.0629
11.549 44.0629
11.55 -44.0682
11.55 44.0682
11.551 -44.0735
11.551 44.0735
11.552 -44.0789
11.552 44.0789
11.553 -44.0842
11.553 44.0842
11.554 -44.0895
11.554 44.0895
11.555 -44.0948
11.555 44.0948
11.556 -44.1002
11.556 44.1002
11.557 -44.1055
11.557 44.1055
11.558 -44.1108
11.558 44.1108
11.559 -44.1162
11.559 44.1162
11.56 -44.1215
11.56 44.1215
11.561 -44.1268
11.561 44.1268
11.562 -44.1321
11.562 44.1321
11.563 -44.1375
11.563 44.1375
11.564 -44.1428
11.564 44.1428
11.565 -44.1481
11.565 44.1481
11.566 -44.1535
11.566 44.1535
11.567 -44.1588
11.567 44.1588
11.568 -44.1641
11.568 44.1641
11.569 -44.1695
11.569 44.1695
11.57 -44.1748
11.57 44.1748
11.571 -44.1801
11.571 44.1801
11.572 -44.1854
11.572 44.1854
11.573 -44.1908
11.573 44.1908
11.574 -44.1961
11.574 44.1961
11.575 -44.2014
11.575 44.2014
11.576 -44.2068
11.576 44.2068
11.577 -44.2121
11.577 44.2121
11.578 -44.2174
11.578 44.2174
11.579 -44.2228
11.579 44.2228
11.58 -44.2281
11.58 44.2281
11.581 -44.2334
11.581 44.2334
11.582 -44.2388
11.582 44.2388
11.583 -44.2441
11.583 44.2441
11.584 -44.2494
11.584 44.2494
11.585 -44.2548
11.585 44.2548
11.586 -44.2601
11.586 44.2601
11.587 -44.2654
11.587 44.2654
11.588 -44.2708
11.588 44.2708
11.589 -44.2761
11.589 44.2761
11.59 -44.2815
11.59 44.2815
11.591 -44.2868
11.591 44.2868
11.592 -44.2921
11.592 44.2921
11.593 -44.2975
11.593 44.2975
11.594 -44.3028
11.594 44.3028
11.595 -44.3081
11.595 44.3081
11.596 -44.3135
11.596 44.3135
11.597 -44.3188
11.597 44.3188
11.598 -44.3241
11.598 44.3241
11.599 -44.3295
11.599 44.3295
11.6 -44.3348
11.6 44.3348
11.601 -44.3402
11.601 44.3402
11.602 -44.3455
11.602 44.3455
11.603 -44.3508
11.603 44.3508
11.604 -44.3562
11.604 44.3562
11.605 -44.3615
11.605 44.3615
11.606 -44.3668
11.606 44.3668
11.607 -44.3722
11.607 44.3722
11.608 -44.3775
11.608 44.3775
11.609 -44.3829
11.609 44.3829
11.61 -44.3882
11.61 44.3882
11.611 -44.3935
11.611 44.3935
11.612 -44.3989
11.612 44.3989
11.613 -44.4042
11.613 44.4042
11.614 -44.4096
11.614 44.4096
11.615 -44.4149
11.615 44.4149
11.616 -44.4202
11.616 44.4202
11.617 -44.4256
11.617 44.4256
11.618 -44.4309
11.618 44.4309
11.619 -44.4363
11.619 44.4363
11.62 -44.4416
11.62 44.4416
11.621 -44.447
11.621 44.447
11.622 -44.4523
11.622 44.4523
11.623 -44.4576
11.623 44.4576
11.624 -44.463
11.624 44.463
11.625 -44.4683
11.625 44.4683
11.626 -44.4737
11.626 44.4737
11.627 -44.479
11.627 44.479
11.628 -44.4844
11.628 44.4844
11.629 -44.4897
11.629 44.4897
11.63 -44.495
11.63 44.495
11.631 -44.5004
11.631 44.5004
11.632 -44.5057
11.632 44.5057
11.633 -44.5111
11.633 44.5111
11.634 -44.5164
11.634 44.5164
11.635 -44.5218
11.635 44.5218
11.636 -44.5271
11.636 44.5271
11.637 -44.5325
11.637 44.5325
11.638 -44.5378
11.638 44.5378
11.639 -44.5431
11.639 44.5431
11.64 -44.5485
11.64 44.5485
11.641 -44.5538
11.641 44.5538
11.642 -44.5592
11.642 44.5592
11.643 -44.5645
11.643 44.5645
11.644 -44.5699
11.644 44.5699
11.645 -44.5752
11.645 44.5752
11.646 -44.5806
11.646 44.5806
11.647 -44.5859
11.647 44.5859
11.648 -44.5913
11.648 44.5913
11.649 -44.5966
11.649 44.5966
11.65 -44.602
11.65 44.602
11.651 -44.6073
11.651 44.6073
11.652 -44.6127
11.652 44.6127
11.653 -44.618
11.653 44.618
11.654 -44.6234
11.654 44.6234
11.655 -44.6287
11.655 44.6287
11.656 -44.634
11.656 44.634
11.657 -44.6394
11.657 44.6394
11.658 -44.6447
11.658 44.6447
11.659 -44.6501
11.659 44.6501
11.66 -44.6554
11.66 44.6554
11.661 -44.6608
11.661 44.6608
11.662 -44.6661
11.662 44.6661
11.663 -44.6715
11.663 44.6715
11.664 -44.6769
11.664 44.6769
11.665 -44.6822
11.665 44.6822
11.666 -44.6876
11.666 44.6876
11.667 -44.6929
11.667 44.6929
11.668 -44.6983
11.668 44.6983
11.669 -44.7036
11.669 44.7036
11.67 -44.709
11.67 44.709
11.671 -44.7143
11.671 44.7143
11.672 -44.7197
11.672 44.7197
11.673 -44.725
11.673 44.725
11.674 -44.7304
11.674 44.7304
11.675 -44.7357
11.675 44.7357
11.676 -44.7411
11.676 44.7411
11.677 -44.7464
11.677 44.7464
11.678 -44.7518
11.678 44.7518
11.679 -44.7571
11.679 44.7571
11.68 -44.7625
11.68 44.7625
11.681 -44.7678
11.681 44.7678
11.682 -44.7732
11.682 44.7732
11.683 -44.7786
11.683 44.7786
11.684 -44.7839
11.684 44.7839
11.685 -44.7893
11.685 44.7893
11.686 -44.7946
11.686 44.7946
11.687 -44.8
11.687 44.8
11.688 -44.8053
11.688 44.8053
11.689 -44.8107
11.689 44.8107
11.69 -44.816
11.69 44.816
11.691 -44.8214
11.691 44.8214
11.692 -44.8268
11.692 44.8268
11.693 -44.8321
11.693 44.8321
11.694 -44.8375
11.694 44.8375
11.695 -44.8428
11.695 44.8428
11.696 -44.8482
11.696 44.8482
11.697 -44.8535
11.697 44.8535
11.698 -44.8589
11.698 44.8589
11.699 -44.8643
11.699 44.8643
11.7 -44.8696
11.7 44.8696
11.701 -44.875
11.701 44.875
11.702 -44.8803
11.702 44.8803
11.703 -44.8857
11.703 44.8857
11.704 -44.8911
11.704 44.8911
11.705 -44.8964
11.705 44.8964
11.706 -44.9018
11.706 44.9018
11.707 -44.9071
11.707 44.9071
11.708 -44.9125
11.708 44.9125
11.709 -44.9179
11.709 44.9179
11.71 -44.9232
11.71 44.9232
11.711 -44.9286
11.711 44.9286
11.712 -44.9339
11.712 44.9339
11.713 -44.9393
11.713 44.9393
11.714 -44.9447
11.714 44.9447
11.715 -44.95
11.715 44.95
11.716 -44.9554
11.716 44.9554
11.717 -44.9607
11.717 44.9607
11.718 -44.9661
11.718 44.9661
11.719 -44.9715
11.719 44.9715
11.72 -44.9768
11.72 44.9768
11.721 -44.9822
11.721 44.9822
11.722 -44.9876
11.722 44.9876
11.723 -44.9929
11.723 44.9929
11.724 -44.9983
11.724 44.9983
11.725 -45.0037
11.725 45.0037
11.726 -45.009
11.726 45.009
11.727 -45.0144
11.727 45.0144
11.728 -45.0197
11.728 45.0197
11.729 -45.0251
11.729 45.0251
11.73 -45.0305
11.73 45.0305
11.731 -45.0358
11.731 45.0358
11.732 -45.0412
11.732 45.0412
11.733 -45.0466
11.733 45.0466
11.734 -45.0519
11.734 45.0519
11.735 -45.0573
11.735 45.0573
11.736 -45.0627
11.736 45.0627
11.737 -45.068
11.737 45.068
11.738 -45.0734
11.738 45.0734
11.739 -45.0788
11.739 45.0788
11.74 -45.0841
11.74 45.0841
11.741 -45.0895
11.741 45.0895
11.742 -45.0949
11.742 45.0949
11.743 -45.1002
11.743 45.1002
11.744 -45.1056
11.744 45.1056
11.745 -45.111
11.745 45.111
11.746 -45.1163
11.746 45.1163
11.747 -45.1217
11.747 45.1217
11.748 -45.1271
11.748 45.1271
11.749 -45.1324
11.749 45.1324
11.75 -45.1378
11.75 45.1378
11.751 -45.1432
11.751 45.1432
11.752 -45.1485
11.752 45.1485
11.753 -45.1539
11.753 45.1539
11.754 -45.1593
11.754 45.1593
11.755 -45.1647
11.755 45.1647
11.756 -45.17
11.756 45.17
11.757 -45.1754
11.757 45.1754
11.758 -45.1808
11.758 45.1808
11.759 -45.1861
11.759 45.1861
11.76 -45.1915
11.76 45.1915
11.761 -45.1969
11.761 45.1969
11.762 -45.2023
11.762 45.2023
11.763 -45.2076
11.763 45.2076
11.764 -45.213
11.764 45.213
11.765 -45.2184
11.765 45.2184
11.766 -45.2237
11.766 45.2237
11.767 -45.2291
11.767 45.2291
11.768 -45.2345
11.768 45.2345
11.769 -45.2399
11.769 45.2399
11.77 -45.2452
11.77 45.2452
11.771 -45.2506
11.771 45.2506
11.772 -45.256
11.772 45.256
11.773 -45.2614
11.773 45.2614
11.774 -45.2667
11.774 45.2667
11.775 -45.2721
11.775 45.2721
11.776 -45.2775
11.776 45.2775
11.777 -45.2828
11.777 45.2828
11.778 -45.2882
11.778 45.2882
11.779 -45.2936
11.779 45.2936
11.78 -45.299
11.78 45.299
11.781 -45.3043
11.781 45.3043
11.782 -45.3097
11.782 45.3097
11.783 -45.3151
11.783 45.3151
11.784 -45.3205
11.784 45.3205
11.785 -45.3259
11.785 45.3259
11.786 -45.3312
11.786 45.3312
11.787 -45.3366
11.787 45.3366
11.788 -45.342
11.788 45.342
11.789 -45.3474
11.789 45.3474
11.79 -45.3527
11.79 45.3527
11.791 -45.3581
11.791 45.3581
11.792 -45.3635
11.792 45.3635
11.793 -45.3689
11.793 45.3689
11.794 -45.3742
11.794 45.3742
11.795 -45.3796
11.795 45.3796
11.796 -45.385
11.796 45.385
11.797 -45.3904
11.797 45.3904
11.798 -45.3958
11.798 45.3958
11.799 -45.4011
11.799 45.4011
11.8 -45.4065
11.8 45.4065
11.801 -45.4119
11.801 45.4119
11.802 -45.4173
11.802 45.4173
11.803 -45.4227
11.803 45.4227
11.804 -45.428
11.804 45.428
11.805 -45.4334
11.805 45.4334
11.806 -45.4388
11.806 45.4388
11.807 -45.4442
11.807 45.4442
11.808 -45.4496
11.808 45.4496
11.809 -45.4549
11.809 45.4549
11.81 -45.4603
11.81 45.4603
11.811 -45.4657
11.811 45.4657
11.812 -45.4711
11.812 45.4711
11.813 -45.4765
11.813 45.4765
11.814 -45.4819
11.814 45.4819
11.815 -45.4872
11.815 45.4872
11.816 -45.4926
11.816 45.4926
11.817 -45.498
11.817 45.498
11.818 -45.5034
11.818 45.5034
11.819 -45.5088
11.819 45.5088
11.82 -45.5141
11.82 45.5141
11.821 -45.5195
11.821 45.5195
11.822 -45.5249
11.822 45.5249
11.823 -45.5303
11.823 45.5303
11.824 -45.5357
11.824 45.5357
11.825 -45.5411
11.825 45.5411
11.826 -45.5465
11.826 45.5465
11.827 -45.5518
11.827 45.5518
11.828 -45.5572
11.828 45.5572
11.829 -45.5626
11.829 45.5626
11.83 -45.568
11.83 45.568
11.831 -45.5734
11.831 45.5734
11.832 -45.5788
11.832 45.5788
11.833 -45.5842
11.833 45.5842
11.834 -45.5895
11.834 45.5895
11.835 -45.5949
11.835 45.5949
11.836 -45.6003
11.836 45.6003
11.837 -45.6057
11.837 45.6057
11.838 -45.6111
11.838 45.6111
11.839 -45.6165
11.839 45.6165
11.84 -45.6219
11.84 45.6219
11.841 -45.6272
11.841 45.6272
11.842 -45.6326
11.842 45.6326
11.843 -45.638
11.843 45.638
11.844 -45.6434
11.844 45.6434
11.845 -45.6488
11.845 45.6488
11.846 -45.6542
11.846 45.6542
11.847 -45.6596
11.847 45.6596
11.848 -45.665
11.848 45.665
11.849 -45.6704
11.849 45.6704
11.85 -45.6757
11.85 45.6757
11.851 -45.6811
11.851 45.6811
11.852 -45.6865
11.852 45.6865
11.853 -45.6919
11.853 45.6919
11.854 -45.6973
11.854 45.6973
11.855 -45.7027
11.855 45.7027
11.856 -45.7081
11.856 45.7081
11.857 -45.7135
11.857 45.7135
11.858 -45.7189
11.858 45.7189
11.859 -45.7243
11.859 45.7243
11.86 -45.7297
11.86 45.7297
11.861 -45.7351
11.861 45.7351
11.862 -45.7404
11.862 45.7404
11.863 -45.7458
11.863 45.7458
11.864 -45.7512
11.864 45.7512
11.865 -45.7566
11.865 45.7566
11.866 -45.762
11.866 45.762
11.867 -45.7674
11.867 45.7674
11.868 -45.7728
11.868 45.7728
11.869 -45.7782
11.869 45.7782
11.87 -45.7836
11.87 45.7836
11.871 -45.789
11.871 45.789
11.872 -45.7944
11.872 45.7944
11.873 -45.7998
11.873 45.7998
11.874 -45.8052
11.874 45.8052
11.875 -45.8106
11.875 45.8106
11.876 -45.816
11.876 45.816
11.877 -45.8214
11.877 45.8214
11.878 -45.8267
11.878 45.8267
11.879 -45.8321
11.879 45.8321
11.88 -45.8375
11.88 45.8375
11.881 -45.8429
11.881 45.8429
11.882 -45.8483
11.882 45.8483
11.883 -45.8537
11.883 45.8537
11.884 -45.8591
11.884 45.8591
11.885 -45.8645
11.885 45.8645
11.886 -45.8699
11.886 45.8699
11.887 -45.8753
11.887 45.8753
11.888 -45.8807
11.888 45.8807
11.889 -45.8861
11.889 45.8861
11.89 -45.8915
11.89 45.8915
11.891 -45.8969
11.891 45.8969
11.892 -45.9023
11.892 45.9023
11.893 -45.9077
11.893 45.9077
11.894 -45.9131
11.894 45.9131
11.895 -45.9185
11.895 45.9185
11.896 -45.9239
11.896 45.9239
11.897 -45.9293
11.897 45.9293
11.898 -45.9347
11.898 45.9347
11.899 -45.9401
11.899 45.9401
11.9 -45.9455
11.9 45.9455
11.901 -45.9509
11.901 45.9509
11.902 -45.9563
11.902 45.9563
11.903 -45.9617
11.903 45.9617
11.904 -45.9671
11.904 45.9671
11.905 -45.9725
11.905 45.9725
11.906 -45.9779
11.906 45.9779
11.907 -45.9833
11.907 45.9833
11.908 -45.9887
11.908 45.9887
11.909 -45.9941
11.909 45.9941
11.91 -45.9995
11.91 45.9995
11.911 -46.0049
11.911 46.0049
11.912 -46.0103
11.912 46.0103
11.913 -46.0157
11.913 46.0157
11.914 -46.0211
11.914 46.0211
11.915 -46.0265
11.915 46.0265
11.916 -46.0319
11.916 46.0319
11.917 -46.0373
11.917 46.0373
11.918 -46.0427
11.918 46.0427
11.919 -46.0481
11.919 46.0481
11.92 -46.0535
11.92 46.0535
11.921 -46.059
11.921 46.059
11.922 -46.0644
11.922 46.0644
11.923 -46.0698
11.923 46.0698
11.924 -46.0752
11.924 46.0752
11.925 -46.0806
11.925 46.0806
11.926 -46.086
11.926 46.086
11.927 -46.0914
11.927 46.0914
11.928 -46.0968
11.928 46.0968
11.929 -46.1022
11.929 46.1022
11.93 -46.1076
11.93 46.1076
11.931 -46.113
11.931 46.113
11.932 -46.1184
11.932 46.1184
11.933 -46.1238
11.933 46.1238
11.934 -46.1292
11.934 46.1292
11.935 -46.1346
11.935 46.1346
11.936 -46.14
11.936 46.14
11.937 -46.1454
11.937 46.1454
11.938 -46.1509
11.938 46.1509
11.939 -46.1563
11.939 46.1563
11.94 -46.1617
11.94 46.1617
11.941 -46.1671
11.941 46.1671
11.942 -46.1725
11.942 46.1725
11.943 -46.1779
11.943 46.1779
11.944 -46.1833
11.944 46.1833
11.945 -46.1887
11.945 46.1887
11.946 -46.1941
11.946 46.1941
11.947 -46.1995
11.947 46.1995
11.948 -46.2049
11.948 46.2049
11.949 -46.2104
11.949 46.2104
11.95 -46.2158
11.95 46.2158
11.951 -46.2212
11.951 46.2212
11.952 -46.2266
11.952 46.2266
11.953 -46.232
11.953 46.232
11.954 -46.2374
11.954 46.2374
11.955 -46.2428
11.955 46.2428
11.956 -46.2482
11.956 46.2482
11.957 -46.2536
11.957 46.2536
11.958 -46.2591
11.958 46.2591
11.959 -46.2645
11.959 46.2645
11.96 -46.2699
11.96 46.2699
11.961 -46.2753
11.961 46.2753
11.962 -46.2807
11.962 46.2807
11.963 -46.2861
11.963 46.2861
11.964 -46.2915
11.964 46.2915
11.965 -46.297
11.965 46.297
11.966 -46.3024
11.966 46.3024
11.967 -46.3078
11.967 46.3078
11.968 -46.3132
11.968 46.3132
11.969 -46.3186
11.969 46.3186
11.97 -46.324
11.97 46.324
11.971 -46.3294
11.971 46.3294
11.972 -46.3349
11.972 46.3349
11.973 -46.3403
11.973 46.3403
11.974 -46.3457
11.974 46.3457
11.975 -46.3511
11.975 46.3511
11.976 -46.3565
11.976 46.3565
11.977 -46.3619
11.977 46.3619
11.978 -46.3673
11.978 46.3673
11.979 -46.3728
11.979 46.3728
11.98 -46.3782
11.98 46.3782
11.981 -46.3836
11.981 46.3836
11.982 -46.389
11.982 46.389
11.983 -46.3944
11.983 46.3944
11.984 -46.3998
11.984 46.3998
11.985 -46.4053
11.985 46.4053
11.986 -46.4107
11.986 46.4107
11.987 -46.4161
11.987 46.4161
11.988 -46.4215
11.988 46.4215
11.989 -46.4269
11.989 46.4269
11.99 -46.4324
11.99 46.4324
11.991 -46.4378
11.991 46.4378
11.992 -46.4432
11.992 46.4432
11.993 -46.4486
11.993 46.4486
11.994 -46.454
11.994 46.454
11.995 -46.4595
11.995 46.4595
11.996 -46.4649
11.996 46.4649
11.997 -46.4703
11.997 46.4703
11.998 -46.4757
11.998 46.4757
11.999 -46.4811
11.999 46.4811
12 -46.4866
12 46.4866
12.001 -46.492
12.001 46.492
12.002 -46.4974
12.002 46.4974
12.003 -46.5028
12.003 46.5028
12.004 -46.5082
12.004 46.5082
12.005 -46.5137
12.005 46.5137
12.006 -46.5191
12.006 46.5191
12.007 -46.5245
12.007 46.5245
12.008 -46.5299
12.008 46.5299
12.009 -46.5354
12.009 46.5354
12.01 -46.5408
12.01 46.5408
12.011 -46.5462
12.011 46.5462
12.012 -46.5516
12.012 46.5516
12.013 -46.557
12.013 46.557
12.014 -46.5625
12.014 46.5625
12.015 -46.5679
12.015 46.5679
12.016 -46.5733
12.016 46.5733
12.017 -46.5787
12.017 46.5787
12.018 -46.5842
12.018 46.5842
12.019 -46.5896
12.019 46.5896
12.02 -46.595
12.02 46.595
12.021 -46.6004
12.021 46.6004
12.022 -46.6059
12.022 46.6059
12.023 -46.6113
12.023 46.6113
12.024 -46.6167
12.024 46.6167
12.025 -46.6221
12.025 46.6221
12.026 -46.6276
12.026 46.6276
12.027 -46.633
12.027 46.633
12.028 -46.6384
12.028 46.6384
12.029 -46.6439
12.029 46.6439
12.03 -46.6493
12.03 46.6493
12.031 -46.6547
12.031 46.6547
12.032 -46.6601
12.032 46.6601
12.033 -46.6656
12.033 46.6656
12.034 -46.671
12.034 46.671
12.035 -46.6764
12.035 46.6764
12.036 -46.6818
12.036 46.6818
12.037 -46.6873
12.037 46.6873
12.038 -46.6927
12.038 46.6927
12.039 -46.6981
12.039 46.6981
12.04 -46.7036
12.04 46.7036
12.041 -46.709
12.041 46.709
12.042 -46.7144
12.042 46.7144
12.043 -46.7198
12.043 46.7198
12.044 -46.7253
12.044 46.7253
12.045 -46.7307
12.045 46.7307
12.046 -46.7361
12.046 46.7361
12.047 -46.7416
12.047 46.7416
12.048 -46.747
12.048 46.747
12.049 -46.7524
12.049 46.7524
12.05 -46.7579
12.05 46.7579
12.051 -46.7633
12.051 46.7633
12.052 -46.7687
12.052 46.7687
12.053 -46.7742
12.053 46.7742
12.054 -46.7796
12.054 46.7796
12.055 -46.785
12.055 46.785
12.056 -46.7905
12.056 46.7905
12.057 -46.7959
12.057 46.7959
12.058 -46.8013
12.058 46.8013
12.059 -46.8068
12.059 46.8068
12.06 -46.8122
12.06 46.8122
12.061 -46.8176
12.061 46.8176
12.062 -46.8231
12.062 46.8231
12.063 -46.8285
12.063 46.8285
12.064 -46.8339
12.064 46.8339
12.065 -46.8394
12.065 46.8394
12.066 -46.8448
12.066 46.8448
12.067 -46.8502
12.067 46.8502
12.068 -46.8557
12.068 46.8557
12.069 -46.8611
12.069 46.8611
12.07 -46.8665
12.07 46.8665
12.071 -46.872
12.071 46.872
12.072 -46.8774
12.072 46.8774
12.073 -46.8828
12.073 46.8828
12.074 -46.8883
12.074 46.8883
12.075 -46.8937
12.075 46.8937
12.076 -46.8991
12.076 46.8991
12.077 -46.9046
12.077 46.9046
12.078 -46.91
12.078 46.91
12.079 -46.9155
12.079 46.9155
12.08 -46.9209
12.08 46.9209
12.081 -46.9263
12.081 46.9263
12.082 -46.9318
12.082 46.9318
12.083 -46.9372
12.083 46.9372
12.084 -46.9426
12.084 46.9426
12.085 -46.9481
12.085 46.9481
12.086 -46.9535
12.086 46.9535
12.087 -46.959
12.087 46.959
12.088 -46.9644
12.088 46.9644
12.089 -46.9698
12.089 46.9698
12.09 -46.9753
12.09 46.9753
12.091 -46.9807
12.091 46.9807
12.092 -46.9862
12.092 46.9862
12.093 -46.9916
12.093 46.9916
12.094 -46.997
12.094 46.997
12.095 -47.0025
12.095 47.0025
12.096 -47.0079
12.096 47.0079
12.097 -47.0134
12.097 47.0134
12.098 -47.0188
12.098 47.0188
12.099 -47.0242
12.099 47.0242
12.1 -47.0297
12.1 47.0297
12.101 -47.0351
12.101 47.0351
12.102 -47.0406
12.102 47.0406
12.103 -47.046
12.103 47.046
12.104 -47.0515
12.104 47.0515
12.105 -47.0569
12.105 47.0569
12.106 -47.0623
12.106 47.0623
12.107 -47.0678
12.107 47.0678
12.108 -47.0732
12.108 47.0732
12.109 -47.0787
12.109 47.0787
12.11 -47.0841
12.11 47.0841
12.111 -47.0896
12.111 47.0896
12.112 -47.095
12.112 47.095
12.113 -47.1004
12.113 47.1004
12.114 -47.1059
12.114 47.1059
12.115 -47.1113
12.115 47.1113
12.116 -47.1168
12.116 47.1168
12.117 -47.1222
12.117 47.1222
12.118 -47.1277
12.118 47.1277
12.119 -47.1331
12.119 47.1331
12.12 -47.1386
12.12 47.1386
12.121 -47.144
12.121 47.144
12.122 -47.1494
12.122 47.1494
12.123 -47.1549
12.123 47.1549
12.124 -47.1603
12.124 47.1603
12.125 -47.1658
12.125 47.1658
12.126 -47.1712
12.126 47.1712
12.127 -47.1767
12.127 47.1767
12.128 -47.1821
12.128 47.1821
12.129 -47.1876
12.129 47.1876
12.13 -47.193
12.13 47.193
12.131 -47.1985
12.131 47.1985
12.132 -47.2039
12.132 47.2039
12.133 -47.2094
12.133 47.2094
12.134 -47.2148
12.134 47.2148
12.135 -47.2203
12.135 47.2203
12.136 -47.2257
12.136 47.2257
12.137 -47.2312
12.137 47.2312
12.138 -47.2366
12.138 47.2366
12.139 -47.2421
12.139 47.2421
12.14 -47.2475
12.14 47.2475
12.141 -47.253
12.141 47.253
12.142 -47.2584
12.142 47.2584
12.143 -47.2639
12.143 47.2639
12.144 -47.2693
12.144 47.2693
12.145 -47.2748
12.145 47.2748
12.146 -47.2802
12.146 47.2802
12.147 -47.2857
12.147 47.2857
12.148 -47.2911
12.148 47.2911
12.149 -47.2966
12.149 47.2966
12.15 -47.302
12.15 47.302
12.151 -47.3075
12.151 47.3075
12.152 -47.3129
12.152 47.3129
12.153 -47.3184
12.153 47.3184
12.154 -47.3238
12.154 47.3238
12.155 -47.3293
12.155 47.3293
12.156 -47.3347
12.156 47.3347
12.157 -47.3402
12.157 47.3402
12.158 -47.3456
12.158 47.3456
12.159 -47.3511
12.159 47.3511
12.16 -47.3565
12.16 47.3565
12.161 -47.362
12.161 47.362
12.162 -47.3675
12.162 47.3675
12.163 -47.3729
12.163 47.3729
12.164 -47.3784
12.164 47.3784
12.165 -47.3838
12.165 47.3838
12.166 -47.3893
12.166 47.3893
12.167 -47.3947
12.167 47.3947
12.168 -47.4002
12.168 47.4002
12.169 -47.4056
12.169 47.4056
12.17 -47.4111
12.17 47.4111
12.171 -47.4166
12.171 47.4166
12.172 -47.422
12.172 47.422
12.173 -47.4275
12.173 47.4275
12.174 -47.4329
12.174 47.4329
12.175 -47.4384
12.175 47.4384
12.176 -47.4438
12.176 47.4438
12.177 -47.4493
12.177 47.4493
12.178 -47.4548
12.178 47.4548
12.179 -47.4602
12.179 47.4602
12.18 -47.4657
12.18 47.4657
12.181 -47.4711
12.181 47.4711
12.182 -47.4766
12.182 47.4766
12.183 -47.482
12.183 47.482
12.184 -47.4875
12.184 47.4875
12.185 -47.493
12.185 47.493
12.186 -47.4984
12.186 47.4984
12.187 -47.5039
12.187 47.5039
12.188 -47.5093
12.188 47.5093
12.189 -47.5148
12.189 47.5148
12.19 -47.5203
12.19 47.5203
12.191 -47.5257
12.191 47.5257
12.192 -47.5312
12.192 47.5312
12.193 -47.5366
12.193 47.5366
12.194 -47.5421
12.194 47.5421
12.195 -47.5476
12.195 47.5476
12.196 -47.553
12.196 47.553
12.197 -47.5585
12.197 47.5585
12.198 -47.5639
12.198 47.5639
12.199 -47.5694
12.199 47.5694
12.2 -47.5749
12.2 47.5749
12.201 -47.5803
12.201 47.5803
12.202 -47.5858
12.202 47.5858
12.203 -47.5913
12.203 47.5913
12.204 -47.5967
12.204 47.5967
12.205 -47.6022
12.205 47.6022
12.206 -47.6076
12.206 47.6076
12.207 -47.6131
12.207 47.6131
12.208 -47.6186
12.208 47.6186
12.209 -47.624
12.209 47.624
12.21 -47.6295
12.21 47.6295
12.211 -47.635
12.211 47.635
12.212 -47.6404
12.212 47.6404
12.213 -47.6459
12.213 47.6459
12.214 -47.6514
12.214 47.6514
12.215 -47.6568
12.215 47.6568
12.216 -47.6623
12.216 47.6623
12.217 -47.6678
12.217 47.6678
12.218 -47.6732
12.218 47.6732
12.219 -47.6787
12.219 47.6787
12.22 -47.6842
12.22 47.6842
12.221 -47.6896
12.221 47.6896
12.222 -47.6951
12.222 47.6951
12.223 -47.7006
12.223 47.7006
12.224 -47.706
12.224 47.706
12.225 -47.7115
12.225 47.7115
12.226 -47.717
12.226 47.717
12.227 -47.7224
12.227 47.7224
12.228 -47.7279
12.228 47.7279
12.229 -47.7334
12.229 47.7334
12.23 -47.7388
12.23 47.7388
12.231 -47.7443
12.231 47.7443
12.232 -47.7498
12.232 47.7498
12.233 -47.7552
12.233 47.7552
12.234 -47.7607
12.234 47.7607
12.235 -47.7662
12.235 47.7662
12.236 -47.7716
12.236 47.7716
12.237 -47.7771
12.237 47.7771
12.238 -47.7826
12.238 47.7826
12.239 -47.788
12.239 47.788
12.24 -47.7935
12.24 47.7935
12.241 -47.799
12.241 47.799
12.242 -47.8045
12.242 47.8045
12.243 -47.8099
12.243 47.8099
12.244 -47.8154
12.244 47.8154
12.245 -47.8209
12.245 47.8209
12.246 -47.8263
12.246 47.8263
12.247 -47.8318
12.247 47.8318
12.248 -47.8373
12.248 47.8373
12.249 -47.8428
12.249 47.8428
12.25 -47.8482
12.25 47.8482
12.251 -47.8537
12.251 47.8537
12.252 -47.8592
12.252 47.8592
12.253 -47.8646
12.253 47.8646
12.254 -47.8701
12.254 47.8701
12.255 -47.8756
12.255 47.8756
12.256 -47.8811
12.256 47.8811
12.257 -47.8865
12.257 47.8865
12.258 -47.892
12.258 47.892
12.259 -47.8975
12.259 47.8975
12.26 -47.903
12.26 47.903
12.261 -47.9084
12.261 47.9084
12.262 -47.9139
12.262 47.9139
12.263 -47.9194
12.263 47.9194
12.264 -47.9249
12.264 47.9249
12.265 -47.9303
12.265 47.9303
12.266 -47.9358
12.266 47.9358
12.267 -47.9413
12.267 47.9413
12.268 -47.9468
12.268 47.9468
12.269 -47.9522
12.269 47.9522
12.27 -47.9577
12.27 47.9577
12.271 -47.9632
12.271 47.9632
12.272 -47.9687
12.272 47.9687
12.273 -47.9741
12.273 47.9741
12.274 -47.9796
12.274 47.9796
12.275 -47.9851
12.275 47.9851
12.276 -47.9906
12.276 47.9906
12.277 -47.9961
12.277 47.9961
12.278 -48.0015
12.278 48.0015
12.279 -48.007
12.279 48.007
12.28 -48.0125
12.28 48.0125
12.281 -48.018
12.281 48.018
12.282 -48.0235
12.282 48.0235
12.283 -48.0289
12.283 48.0289
12.284 -48.0344
12.284 48.0344
12.285 -48.0399
12.285 48.0399
12.286 -48.0454
12.286 48.0454
12.287 -48.0508
12.287 48.0508
12.288 -48.0563
12.288 48.0563
12.289 -48.0618
12.289 48.0618
12.29 -48.0673
12.29 48.0673
12.291 -48.0728
12.291 48.0728
12.292 -48.0783
12.292 48.0783
12.293 -48.0837
12.293 48.0837
12.294 -48.0892
12.294 48.0892
12.295 -48.0947
12.295 48.0947
12.296 -48.1002
12.296 48.1002
12.297 -48.1057
12.297 48.1057
12.298 -48.1111
12.298 48.1111
12.299 -48.1166
12.299 48.1166
12.3 -48.1221
12.3 48.1221
12.301 -48.1276
12.301 48.1276
12.302 -48.1331
12.302 48.1331
12.303 -48.1386
12.303 48.1386
12.304 -48.144
12.304 48.144
12.305 -48.1495
12.305 48.1495
12.306 -48.155
12.306 48.155
12.307 -48.1605
12.307 48.1605
12.308 -48.166
12.308 48.166
12.309 -48.1715
12.309 48.1715
12.31 -48.1769
12.31 48.1769
12.311 -48.1824
12.311 48.1824
12.312 -48.1879
12.312 48.1879
12.313 -48.1934
12.313 48.1934
12.314 -48.1989
12.314 48.1989
12.315 -48.2044
12.315 48.2044
12.316 -48.2099
12.316 48.2099
12.317 -48.2153
12.317 48.2153
12.318 -48.2208
12.318 48.2208
12.319 -48.2263
12.319 48.2263
12.32 -48.2318
12.32 48.2318
12.321 -48.2373
12.321 48.2373
12.322 -48.2428
12.322 48.2428
12.323 -48.2483
12.323 48.2483
12.324 -48.2537
12.324 48.2537
12.325 -48.2592
12.325 48.2592
12.326 -48.2647
12.326 48.2647
12.327 -48.2702
12.327 48.2702
12.328 -48.2757
12.328 48.2757
12.329 -48.2812
12.329 48.2812
12.33 -48.2867
12.33 48.2867
12.331 -48.2922
12.331 48.2922
12.332 -48.2977
12.332 48.2977
12.333 -48.3031
12.333 48.3031
12.334 -48.3086
12.334 48.3086
12.335 -48.3141
12.335 48.3141
12.336 -48.3196
12.336 48.3196
12.337 -48.3251
12.337 48.3251
12.338 -48.3306
12.338 48.3306
12.339 -48.3361
12.339 48.3361
12.34 -48.3416
12.34 48.3416
12.341 -48.3471
12.341 48.3471
12.342 -48.3526
12.342 48.3526
12.343 -48.358
12.343 48.358
12.344 -48.3635
12.344 48.3635
12.345 -48.369
12.345 48.369
12.346 -48.3745
12.346 48.3745
12.347 -48.38
12.347 48.38
12.348 -48.3855
12.348 48.3855
12.349 -48.391
12.349 48.391
12.35 -48.3965
12.35 48.3965
12.351 -48.402
12.351 48.402
12.352 -48.4075
12.352 48.4075
12.353 -48.413
12.353 48.413
12.354 -48.4185
12.354 48.4185
12.355 -48.424
12.355 48.424
12.356 -48.4295
12.356 48.4295
12.357 -48.4349
12.357 48.4349
12.358 -48.4404
12.358 48.4404
12.359 -48.4459
12.359 48.4459
12.36 -48.4514
12.36 48.4514
12.361 -48.4569
12.361 48.4569
12.362 -48.4624
12.362 48.4624
12.363 -48.4679
12.363 48.4679
12.364 -48.4734
12.364 48.4734
12.365 -48.4789
12.365 48.4789
12.366 -48.4844
12.366 48.4844
12.367 -48.4899
12.367 48.4899
12.368 -48.4954
12.368 48.4954
12.369 -48.5009
12.369 48.5009
12.37 -48.5064
12.37 48.5064
12.371 -48.5119
12.371 48.5119
12.372 -48.5174
12.372 48.5174
12.373 -48.5229
12.373 48.5229
12.374 -48.5284
12.374 48.5284
12.375 -48.5339
12.375 48.5339
12.376 -48.5394
12.376 48.5394
12.377 -48.5449
12.377 48.5449
12.378 -48.5504
12.378 48.5504
12.379 -48.5559
12.379 48.5559
12.38 -48.5614
12.38 48.5614
12.381 -48.5669
12.381 48.5669
12.382 -48.5724
12.382 48.5724
12.383 -48.5779
12.383 48.5779
12.384 -48.5834
12.384 48.5834
12.385 -48.5889
12.385 48.5889
12.386 -48.5944
12.386 48.5944
12.387 -48.5999
12.387 48.5999
12.388 -48.6054
12.388 48.6054
12.389 -48.6109
12.389 48.6109
12.39 -48.6164
12.39 48.6164
12.391 -48.6219
12.391 48.6219
12.392 -48.6274
12.392 48.6274
12.393 -48.6329
12.393 48.6329
12.394 -48.6384
12.394 48.6384
12.395 -48.6439
12.395 48.6439
12.396 -48.6494
12.396 48.6494
12.397 -48.6549
12.397 48.6549
12.398 -48.6604
12.398 48.6604
12.399 -48.6659
12.399 48.6659
12.4 -48.6714
12.4 48.6714
12.401 -48.6769
12.401 48.6769
12.402 -48.6824
12.402 48.6824
12.403 -48.6879
12.403 48.6879
12.404 -48.6934
12.404 48.6934
12.405 -48.6989
12.405 48.6989
12.406 -48.7044
12.406 48.7044
12.407 -48.7099
12.407 48.7099
12.408 -48.7154
12.408 48.7154
12.409 -48.7209
12.409 48.7209
12.41 -48.7264
12.41 48.7264
12.411 -48.7319
12.411 48.7319
12.412 -48.7374
12.412 48.7374
12.413 -48.7429
12.413 48.7429
12.414 -48.7485
12.414 48.7485
12.415 -48.754
12.415 48.754
12.416 -48.7595
12.416 48.7595
12.417 -48.765
12.417 48.765
12.418 -48.7705
12.418 48.7705
12.419 -48.776
12.419 48.776
12.42 -48.7815
12.42 48.7815
12.421 -48.787
12.421 48.787
12.422 -48.7925
12.422 48.7925
12.423 -48.798
12.423 48.798
12.424 -48.8035
12.424 48.8035
12.425 -48.809
12.425 48.809
12.426 -48.8145
12.426 48.8145
12.427 -48.82
12.427 48.82
12.428 -48.8256
12.428 48.8256
12.429 -48.8311
12.429 48.8311
12.43 -48.8366
12.43 48.8366
12.431 -48.8421
12.431 48.8421
12.432 -48.8476
12.432 48.8476
12.433 -48.8531
12.433 48.8531
12.434 -48.8586
12.434 48.8586
12.435 -48.8641
12.435 48.8641
12.436 -48.8696
12.436 48.8696
12.437 -48.8751
12.437 48.8751
12.438 -48.8806
12.438 48.8806
12.439 -48.8862
12.439 48.8862
12.44 -48.8917
12.44 48.8917
12.441 -48.8972
12.441 48.8972
12.442 -48.9027
12.442 48.9027
12.443 -48.9082
12.443 48.9082
12.444 -48.9137
12.444 48.9137
12.445 -48.9192
12.445 48.9192
12.446 -48.9247
12.446 48.9247
12.447 -48.9303
12.447 48.9303
12.448 -48.9358
12.448 48.9358
12.449 -48.9413
12.449 48.9413
12.45 -48.9468
12.45 48.9468
12.451 -48.9523
12.451 48.9523
12.452 -48.9578
12.452 48.9578
12.453 -48.9633
12.453 48.9633
12.454 -48.9688
12.454 48.9688
12.455 -48.9744
12.455 48.9744
12.456 -48.9799
12.456 48.9799
12.457 -48.9854
12.457 48.9854
12.458 -48.9909
12.458 48.9909
12.459 -48.9964
12.459 48.9964
12.46 -49.0019
12.46 49.0019
12.461 -49.0075
12.461 49.0075
12.462 -49.013
12.462 49.013
12.463 -49.0185
12.463 49.0185
12.464 -49.024
12.464 49.024
12.465 -49.0295
12.465 49.0295
12.466 -49.035
12.466 49.035
12.467 -49.0405
12.467 49.0405
12.468 -49.0461
12.468 49.0461
12.469 -49.0516
12.469 49.0516
12.47 -49.0571
12.47 49.0571
12.471 -49.0626
12.471 49.0626
12.472 -49.0681
12.472 49.0681
12.473 -49.0737
12.473 49.0737
12.474 -49.0792
12.474 49.0792
12.475 -49.0847
12.475 49.0847
12.476 -49.0902
12.476 49.0902
12.477 -49.0957
12.477 49.0957
12.478 -49.1012
12.478 49.1012
12.479 -49.1068
12.479 49.1068
12.48 -49.1123
12.48 49.1123
12.481 -49.1178
12.481 49.1178
12.482 -49.1233
12.482 49.1233
12.483 -49.1288
12.483 49.1288
12.484 -49.1344
12.484 49.1344
12.485 -49.1399
12.485 49.1399
12.486 -49.1454
12.486 49.1454
12.487 -49.1509
12.487 49.1509
12.488 -49.1564
12.488 49.1564
12.489 -49.162
12.489 49.162
12.49 -49.1675
12.49 49.1675
12.491 -49.173
12.491 49.173
12.492 -49.1785
12.492 49.1785
12.493 -49.184
12.493 49.184
12.494 -49.1896
12.494 49.1896
12.495 -49.1951
12.495 49.1951
12.496 -49.2006
12.496 49.2006
12.497 -49.2061
12.497 49.2061
12.498 -49.2117
12.498 49.2117
12.499 -49.2172
12.499 49.2172
12.5 -49.2227
12.5 49.2227
12.501 -49.2282
12.501 49.2282
12.502 -49.2338
12.502 49.2338
12.503 -49.2393
12.503 49.2393
12.504 -49.2448
12.504 49.2448
12.505 -49.2503
12.505 49.2503
12.506 -49.2559
12.506 49.2559
12.507 -49.2614
12.507 49.2614
12.508 -49.2669
12.508 49.2669
12.509 -49.2724
12.509 49.2724
12.51 -49.278
12.51 49.278
12.511 -49.2835
12.511 49.2835
12.512 -49.289
12.512 49.289
12.513 -49.2945
12.513 49.2945
12.514 -49.3001
12.514 49.3001
12.515 -49.3056
12.515 49.3056
12.516 -49.3111
12.516 49.3111
12.517 -49.3166
12.517 49.3166
12.518 -49.3222
12.518 49.3222
12.519 -49.3277
12.519 49.3277
12.52 -49.3332
12.52 49.3332
12.521 -49.3387
12.521 49.3387
12.522 -49.3443
12.522 49.3443
12.523 -49.3498
12.523 49.3498
12.524 -49.3553
12.524 49.3553
12.525 -49.3609
12.525 49.3609
12.526 -49.3664
12.526 49.3664
12.527 -49.3719
12.527 49.3719
12.528 -49.3774
12.528 49.3774
12.529 -49.383
12.529 49.383
12.53 -49.3885
12.53 49.3885
12.531 -49.394
12.531 49.394
12.532 -49.3996
12.532 49.3996
12.533 -49.4051
12.533 49.4051
12.534 -49.4106
12.534 49.4106
12.535 -49.4162
12.535 49.4162
12.536 -49.4217
12.536 49.4217
12.537 -49.4272
12.537 49.4272
12.538 -49.4327
12.538 49.4327
12.539 -49.4383
12.539 49.4383
12.54 -49.4438
12.54 49.4438
12.541 -49.4493
12.541 49.4493
12.542 -49.4549
12.542 49.4549
12.543 -49.4604
12.543 49.4604
12.544 -49.4659
12.544 49.4659
12.545 -49.4715
12.545 49.4715
12.546 -49.477
12.546 49.477
12.547 -49.4825
12.547 49.4825
12.548 -49.4881
12.548 49.4881
12.549 -49.4936
12.549 49.4936
12.55 -49.4991
12.55 49.4991
12.551 -49.5047
12.551 49.5047
12.552 -49.5102
12.552 49.5102
12.553 -49.5157
12.553 49.5157
12.554 -49.5213
12.554 49.5213
12.555 -49.5268
12.555 49.5268
12.556 -49.5323
12.556 49.5323
12.557 -49.5379
12.557 49.5379
12.558 -49.5434
12.558 49.5434
12.559 -49.5489
12.559 49.5489
12.56 -49.5545
12.56 49.5545
12.561 -49.56
12.561 49.56
12.562 -49.5655
12.562 49.5655
12.563 -49.5711
12.563 49.5711
12.564 -49.5766
12.564 49.5766
12.565 -49.5822
12.565 49.5822
12.566 -49.5877
12.566 49.5877
12.567 -49.5932
12.567 49.5932
12.568 -49.5988
12.568 49.5988
12.569 -49.6043
12.569 49.6043
12.57 -49.6098
12.57 49.6098
12.571 -49.6154
12.571 49.6154
12.572 -49.6209
12.572 49.6209
12.573 -49.6265
12.573 49.6265
12.574 -49.632
12.574 49.632
12.575 -49.6375
12.575 49.6375
12.576 -49.6431
12.576 49.6431
12.577 -49.6486
12.577 49.6486
12.578 -49.6541
12.578 49.6541
12.579 -49.6597
12.579 49.6597
12.58 -49.6652
12.58 49.6652
12.581 -49.6708
12.581 49.6708
12.582 -49.6763
12.582 49.6763
12.583 -49.6818
12.583 49.6818
12.584 -49.6874
12.584 49.6874
12.585 -49.6929
12.585 49.6929
12.586 -49.6985
12.586 49.6985
12.587 -49.704
12.587 49.704
12.588 -49.7095
12.588 49.7095
12.589 -49.7151
12.589 49.7151
12.59 -49.7206
12.59 49.7206
12.591 -49.7262
12.591 49.7262
12.592 -49.7317
12.592 49.7317
12.593 -49.7373
12.593 49.7373
12.594 -49.7428
12.594 49.7428
12.595 -49.7483
12.595 49.7483
12.596 -49.7539
12.596 49.7539
12.597 -49.7594
12.597 49.7594
12.598 -49.765
12.598 49.765
12.599 -49.7705
12.599 49.7705
12.6 -49.7761
12.6 49.7761
12.601 -49.7816
12.601 49.7816
12.602 -49.7871
12.602 49.7871
12.603 -49.7927
12.603 49.7927
12.604 -49.7982
12.604 49.7982
12.605 -49.8038
12.605 49.8038
12.606 -49.8093
12.606 49.8093
12.607 -49.8149
12.607 49.8149
12.608 -49.8204
12.608 49.8204
12.609 -49.826
12.609 49.826
12.61 -49.8315
12.61 49.8315
12.611 -49.8371
12.611 49.8371
12.612 -49.8426
12.612 49.8426
12.613 -49.8481
12.613 49.8481
12.614 -49.8537
12.614 49.8537
12.615 -49.8592
12.615 49.8592
12.616 -49.8648
12.616 49.8648
12.617 -49.8703
12.617 49.8703
12.618 -49.8759
12.618 49.8759
12.619 -49.8814
12.619 49.8814
12.62 -49.887
12.62 49.887
12.621 -49.8925
12.621 49.8925
12.622 -49.8981
12.622 49.8981
12.623 -49.9036
12.623 49.9036
12.624 -49.9092
12.624 49.9092
12.625 -49.9147
12.625 49.9147
12.626 -49.9203
12.626 49.9203
12.627 -49.9258
12.627 49.9258
12.628 -49.9314
12.628 49.9314
12.629 -49.9369
12.629 49.9369
12.63 -49.9425
12.63 49.9425
12.631 -49.948
12.631 49.948
12.632 -49.9536
12.632 49.9536
12.633 -49.9591
12.633 49.9591
12.634 -49.9647
12.634 49.9647
12.635 -49.9702
12.635 49.9702
12.636 -49.9758
12.636 49.9758
12.637 -49.9813
12.637 49.9813
12.638 -49.9869
12.638 49.9869
12.639 -49.9924
12.639 49.9924
12.64 -49.998
12.64 49.998
12.641 -50.0035
12.641 50.0035
12.642 -50.0091
12.642 50.0091
12.643 -50.0146
12.643 50.0146
12.644 -50.0202
12.644 50.0202
12.645 -50.0257
12.645 50.0257
12.646 -50.0313
12.646 50.0313
12.647 -50.0368
12.647 50.0368
12.648 -50.0424
12.648 50.0424
12.649 -50.0479
12.649 50.0479
12.65 -50.0535
12.65 50.0535
12.651 -50.059
12.651 50.059
12.652 -50.0646
12.652 50.0646
12.653 -50.0702
12.653 50.0702
12.654 -50.0757
12.654 50.0757
12.655 -50.0813
12.655 50.0813
12.656 -50.0868
12.656 50.0868
12.657 -50.0924
12.657 50.0924
12.658 -50.0979
12.658 50.0979
12.659 -50.1035
12.659 50.1035
12.66 -50.109
12.66 50.109
12.661 -50.1146
12.661 50.1146
12.662 -50.1202
12.662 50.1202
12.663 -50.1257
12.663 50.1257
12.664 -50.1313
12.664 50.1313
12.665 -50.1368
12.665 50.1368
12.666 -50.1424
12.666 50.1424
12.667 -50.1479
12.667 50.1479
12.668 -50.1535
12.668 50.1535
12.669 -50.1591
12.669 50.1591
12.67 -50.1646
12.67 50.1646
12.671 -50.1702
12.671 50.1702
12.672 -50.1757
12.672 50.1757
12.673 -50.1813
12.673 50.1813
12.674 -50.1868
12.674 50.1868
12.675 -50.1924
12.675 50.1924
12.676 -50.198
12.676 50.198
12.677 -50.2035
12.677 50.2035
12.678 -50.2091
12.678 50.2091
12.679 -50.2146
12.679 50.2146
12.68 -50.2202
12.68 50.2202
12.681 -50.2258
12.681 50.2258
12.682 -50.2313
12.682 50.2313
12.683 -50.2369
12.683 50.2369
12.684 -50.2424
12.684 50.2424
12.685 -50.248
12.685 50.248
12.686 -50.2536
12.686 50.2536
12.687 -50.2591
12.687 50.2591
12.688 -50.2647
12.688 50.2647
12.689 -50.2702
12.689 50.2702
12.69 -50.2758
12.69 50.2758
12.691 -50.2814
12.691 50.2814
12.692 -50.2869
12.692 50.2869
12.693 -50.2925
12.693 50.2925
12.694 -50.2981
12.694 50.2981
12.695 -50.3036
12.695 50.3036
12.696 -50.3092
12.696 50.3092
12.697 -50.3147
12.697 50.3147
12.698 -50.3203
12.698 50.3203
12.699 -50.3259
12.699 50.3259
12.7 -50.3314
12.7 50.3314
12.701 -50.337
12.701 50.337
12.702 -50.3426
12.702 50.3426
12.703 -50.3481
12.703 50.3481
12.704 -50.3537
12.704 50.3537
12.705 -50.3593
12.705 50.3593
12.706 -50.3648
12.706 50.3648
12.707 -50.3704
12.707 50.3704
12.708 -50.3759
12.708 50.3759
12.709 -50.3815
12.709 50.3815
12.71 -50.3871
12.71 50.3871
12.711 -50.3926
12.711 50.3926
12.712 -50.3982
12.712 50.3982
12.713 -50.4038
12.713 50.4038
12.714 -50.4093
12.714 50.4093
12.715 -50.4149
12.715 50.4149
12.716 -50.4205
12.716 50.4205
12.717 -50.426
12.717 50.426
12.718 -50.4316
12.718 50.4316
12.719 -50.4372
12.719 50.4372
12.72 -50.4427
12.72 50.4427
12.721 -50.4483
12.721 50.4483
12.722 -50.4539
12.722 50.4539
12.723 -50.4595
12.723 50.4595
12.724 -50.465
12.724 50.465
12.725 -50.4706
12.725 50.4706
12.726 -50.4762
12.726 50.4762
12.727 -50.4817
12.727 50.4817
12.728 -50.4873
12.728 50.4873
12.729 -50.4929
12.729 50.4929
12.73 -50.4984
12.73 50.4984
12.731 -50.504
12.731 50.504
12.732 -50.5096
12.732 50.5096
12.733 -50.5151
12.733 50.5151
12.734 -50.5207
12.734 50.5207
12.735 -50.5263
12.735 50.5263
12.736 -50.5319
12.736 50.5319
12.737 -50.5374
12.737 50.5374
12.738 -50.543
12.738 50.543
12.739 -50.5486
12.739 50.5486
12.74 -50.5541
12.74 50.5541
12.741 -50.5597
12.741 50.5597
12.742 -50.5653
12.742 50.5653
12.743 -50.5709
12.743 50.5709
12.744 -50.5764
12.744 50.5764
12.745 -50.582
12.745 50.582
12.746 -50.5876
12.746 50.5876
12.747 -50.5932
12.747 50.5932
12.748 -50.5987
12.748 50.5987
12.749 -50.6043
12.749 50.6043
12.75 -50.6099
12.75 50.6099
12.751 -50.6154
12.751 50.6154
12.752 -50.621
12.752 50.621
12.753 -50.6266
12.753 50.6266
12.754 -50.6322
12.754 50.6322
12.755 -50.6377
12.755 50.6377
12.756 -50.6433
12.756 50.6433
12.757 -50.6489
12.757 50.6489
12.758 -50.6545
12.758 50.6545
12.759 -50.66
12.759 50.66
12.76 -50.6656
12.76 50.6656
12.761 -50.6712
12.761 50.6712
12.762 -50.6768
12.762 50.6768
12.763 -50.6824
12.763 50.6824
12.764 -50.6879
12.764 50.6879
12.765 -50.6935
12.765 50.6935
12.766 -50.6991
12.766 50.6991
12.767 -50.7047
12.767 50.7047
12.768 -50.7102
12.768 50.7102
12.769 -50.7158
12.769 50.7158
12.77 -50.7214
12.77 50.7214
12.771 -50.727
12.771 50.727
12.772 -50.7325
12.772 50.7325
12.773 -50.7381
12.773 50.7381
12.774 -50.7437
12.774 50.7437
12.775 -50.7493
12.775 50.7493
12.776 -50.7549
12.776 50.7549
12.777 -50.7604
12.777 50.7604
12.778 -50.766
12.778 50.766
12.779 -50.7716
12.779 50.7716
12.78 -50.7772
12.78 50.7772
12.781 -50.7828
12.781 50.7828
12.782 -50.7883
12.782 50.7883
12.783 -50.7939
12.783 50.7939
12.784 -50.7995
12.784 50.7995
12.785 -50.8051
12.785 50.8051
12.786 -50.8107
12.786 50.8107
12.787 -50.8162
12.787 50.8162
12.788 -50.8218
12.788 50.8218
12.789 -50.8274
12.789 50.8274
12.79 -50.833
12.79 50.833
12.791 -50.8386
12.791 50.8386
12.792 -50.8442
12.792 50.8442
12.793 -50.8497
12.793 50.8497
12.794 -50.8553
12.794 50.8553
12.795 -50.8609
12.795 50.8609
12.796 -50.8665
12.796 50.8665
12.797 -50.8721
12.797 50.8721
12.798 -50.8777
12.798 50.8777
12.799 -50.8832
12.799 50.8832
12.8 -50.8888
12.8 50.8888
12.801 -50.8944
12.801 50.8944
12.802 -50.9
12.802 50.9
12.803 -50.9056
12.803 50.9056
12.804 -50.9112
12.804 50.9112
12.805 -50.9167
12.805 50.9167
12.806 -50.9223
12.806 50.9223
12.807 -50.9279
12.807 50.9279
12.808 -50.9335
12.808 50.9335
12.809 -50.9391
12.809 50.9391
12.81 -50.9447
12.81 50.9447
12.811 -50.9503
12.811 50.9503
12.812 -50.9558
12.812 50.9558
12.813 -50.9614
12.813 50.9614
12.814 -50.967
12.814 50.967
12.815 -50.9726
12.815 50.9726
12.816 -50.9782
12.816 50.9782
12.817 -50.9838
12.817 50.9838
12.818 -50.9894
12.818 50.9894
12.819 -50.995
12.819 50.995
12.82 -51.0005
12.82 51.0005
12.821 -51.0061
12.821 51.0061
12.822 -51.0117
12.822 51.0117
12.823 -51.0173
12.823 51.0173
12.824 -51.0229
12.824 51.0229
12.825 -51.0285
12.825 51.0285
12.826 -51.0341
12.826 51.0341
12.827 -51.0397
12.827 51.0397
12.828 -51.0452
12.828 51.0452
12.829 -51.0508
12.829 51.0508
12.83 -51.0564
12.83 51.0564
12.831 -51.062
12.831 51.062
12.832 -51.0676
12.832 51.0676
12.833 -51.0732
12.833 51.0732
12.834 -51.0788
12.834 51.0788
12.835 -51.0844
12.835 51.0844
12.836 -51.09
12.836 51.09
12.837 -51.0956
12.837 51.0956
12.838 -51.1012
12.838 51.1012
12.839 -51.1067
12.839 51.1067
12.84 -51.1123
12.84 51.1123
12.841 -51.1179
12.841 51.1179
12.842 -51.1235
12.842 51.1235
12.843 -51.1291
12.843 51.1291
12.844 -51.1347
12.844 51.1347
12.845 -51.1403
12.845 51.1403
12.846 -51.1459
12.846 51.1459
12.847 -51.1515
12.847 51.1515
12.848 -51.1571
12.848 51.1571
12.849 -51.1627
12.849 51.1627
12.85 -51.1683
12.85 51.1683
12.851 -51.1739
12.851 51.1739
12.852 -51.1795
12.852 51.1795
12.853 -51.1851
12.853 51.1851
12.854 -51.1906
12.854 51.1906
12.855 -51.1962
12.855 51.1962
12.856 -51.2018
12.856 51.2018
12.857 -51.2074
12.857 51.2074
12.858 -51.213
12.858 51.213
12.859 -51.2186
12.859 51.2186
12.86 -51.2242
12.86 51.2242
12.861 -51.2298
12.861 51.2298
12.862 -51.2354
12.862 51.2354
12.863 -51.241
12.863 51.241
12.864 -51.2466
12.864 51.2466
12.865 -51.2522
12.865 51.2522
12.866 -51.2578
12.866 51.2578
12.867 -51.2634
12.867 51.2634
12.868 -51.269
12.868 51.269
12.869 -51.2746
12.869 51.2746
12.87 -51.2802
12.87 51.2802
12.871 -51.2858
12.871 51.2858
12.872 -51.2914
12.872 51.2914
12.873 -51.297
12.873 51.297
12.874 -51.3026
12.874 51.3026
12.875 -51.3082
12.875 51.3082
12.876 -51.3138
12.876 51.3138
12.877 -51.3194
12.877 51.3194
12.878 -51.325
12.878 51.325
12.879 -51.3306
12.879 51.3306
12.88 -51.3362
12.88 51.3362
12.881 -51.3418
12.881 51.3418
12.882 -51.3474
12.882 51.3474
12.883 -51.353
12.883 51.353
12.884 -51.3586
12.884 51.3586
12.885 -51.3642
12.885 51.3642
12.886 -51.3698
12.886 51.3698
12.887 -51.3754
12.887 51.3754
12.888 -51.381
12.888 51.381
12.889 -51.3866
12.889 51.3866
12.89 -51.3922
12.89 51.3922
12.891 -51.3978
12.891 51.3978
12.892 -51.4034
12.892 51.4034
12.893 -51.409
12.893 51.409
12.894 -51.4146
12.894 51.4146
12.895 -51.4202
12.895 51.4202
12.896 -51.4258
12.896 51.4258
12.897 -51.4314
12.897 51.4314
12.898 -51.437
12.898 51.437
12.899 -51.4426
12.899 51.4426
12.9 -51.4482
12.9 51.4482
12.901 -51.4538
12.901 51.4538
12.902 -51.4594
12.902 51.4594
12.903 -51.465
12.903 51.465
12.904 -51.4706
12.904 51.4706
12.905 -51.4762
12.905 51.4762
12.906 -51.4818
12.906 51.4818
12.907 -51.4874
12.907 51.4874
12.908 -51.4931
12.908 51.4931
12.909 -51.4987
12.909 51.4987
12.91 -51.5043
12.91 51.5043
12.911 -51.5099
12.911 51.5099
12.912 -51.5155
12.912 51.5155
12.913 -51.5211
12.913 51.5211
12.914 -51.5267
12.914 51.5267
12.915 -51.5323
12.915 51.5323
12.916 -51.5379
12.916 51.5379
12.917 -51.5435
12.917 51.5435
12.918 -51.5491
12.918 51.5491
12.919 -51.5547
12.919 51.5547
12.92 -51.5603
12.92 51.5603
12.921 -51.5659
12.921 51.5659
12.922 -51.5716
12.922 51.5716
12.923 -51.5772
12.923 51.5772
12.924 -51.5828
12.924 51.5828
12.925 -51.5884
12.925 51.5884
12.926 -51.594
12.926 51.594
12.927 -51.5996
12.927 51.5996
12.928 -51.6052
12.928 51.6052
12.929 -51.6108
12.929 51.6108
12.93 -51.6164
12.93 51.6164
12.931 -51.622
12.931 51.622
12.932 -51.6276
12.932 51.6276
12.933 -51.6333
12.933 51.6333
12.934 -51.6389
12.934 51.6389
12.935 -51.6445
12.935 51.6445
12.936 -51.6501
12.936 51.6501
12.937 -51.6557
12.937 51.6557
12.938 -51.6613
12.938 51.6613
12.939 -51.6669
12.939 51.6669
12.94 -51.6725
12.94 51.6725
12.941 -51.6781
12.941 51.6781
12.942 -51.6838
12.942 51.6838
12.943 -51.6894
12.943 51.6894
12.944 -51.695
12.944 51.695
12.945 -51.7006
12.945 51.7006
12.946 -51.7062
12.946 51.7062
12.947 -51.7118
12.947 51.7118
12.948 -51.7174
12.948 51.7174
12.949 -51.7231
12.949 51.7231
12.95 -51.7287
12.95 51.7287
12.951 -51.7343
12.951 51.7343
12.952 -51.7399
12.952 51.7399
12.953 -51.7455
12.953 51.7455
12.954 -51.7511
12.954 51.7511
12.955 -51.7567
12.955 51.7567
12.956 -51.7624
12.956 51.7624
12.957 -51.768
12.957 51.768
12.958 -51.7736
12.958 51.7736
12.959 -51.7792
12.959 51.7792
12.96 -51.7848
12.96 51.7848
12.961 -51.7904
12.961 51.7904
12.962 -51.796
12.962 51.796
12.963 -51.8017
12.963 51.8017
12.964 -51.8073
12.964 51.8073
12.965 -51.8129
12.965 51.8129
12.966 -51.8185
12.966 51.8185
12.967 -51.8241
12.967 51.8241
12.968 -51.8297
12.968 51.8297
12.969 -51.8354
12.969 51.8354
12.97 -51.841
12.97 51.841
12.971 -51.8466
12.971 51.8466
12.972 -51.8522
12.972 51.8522
12.973 -51.8578
12.973 51.8578
12.974 -51.8635
12.974 51.8635
12.975 -51.8691
12.975 51.8691
12.976 -51.8747
12.976 51.8747
12.977 -51.8803
12.977 51.8803
12.978 -51.8859
12.978 51.8859
12.979 -51.8916
12.979 51.8916
12.98 -51.8972
12.98 51.8972
12.981 -51.9028
12.981 51.9028
12.982 -51.9084
12.982 51.9084
12.983 -51.914
12.983 51.914
12.984 -51.9197
12.984 51.9197
12.985 -51.9253
12.985 51.9253
12.986 -51.9309
12.986 51.9309
12.987 -51.9365
12.987 51.9365
12.988 -51.9421
12.988 51.9421
12.989 -51.9478
12.989 51.9478
12.99 -51.9534
12.99 51.9534
12.991 -51.959
12.991 51.959
12.992 -51.9646
12.992 51.9646
12.993 -51.9703
12.993 51.9703
12.994 -51.9759
12.994 51.9759
12.995 -51.9815
12.995 51.9815
12.996 -51.9871
12.996 51.9871
12.997 -51.9927
12.997 51.9927
12.998 -51.9984
12.998 51.9984
12.999 -52.004
12.999 52.004
13 -52.0096
13 52.0096
13.001 -52.0152
13.001 52.0152
13.002 -52.0209
13.002 52.0209
13.003 -52.0265
13.003 52.0265
13.004 -52.0321
13.004 52.0321
13.005 -52.0377
13.005 52.0377
13.006 -52.0434
13.006 52.0434
13.007 -52.049
13.007 52.049
13.008 -52.0546
13.008 52.0546
13.009 -52.0602
13.009 52.0602
13.01 -52.0659
13.01 52.0659
13.011 -52.0715
13.011 52.0715
13.012 -52.0771
13.012 52.0771
13.013 -52.0827
13.013 52.0827
13.014 -52.0884
13.014 52.0884
13.015 -52.094
13.015 52.094
13.016 -52.0996
13.016 52.0996
13.017 -52.1053
13.017 52.1053
13.018 -52.1109
13.018 52.1109
13.019 -52.1165
13.019 52.1165
13.02 -52.1221
13.02 52.1221
13.021 -52.1278
13.021 52.1278
13.022 -52.1334
13.022 52.1334
13.023 -52.139
13.023 52.139
13.024 -52.1446
13.024 52.1446
13.025 -52.1503
13.025 52.1503
13.026 -52.1559
13.026 52.1559
13.027 -52.1615
13.027 52.1615
13.028 -52.1672
13.028 52.1672
13.029 -52.1728
13.029 52.1728
13.03 -52.1784
13.03 52.1784
13.031 -52.1841
13.031 52.1841
13.032 -52.1897
13.032 52.1897
13.033 -52.1953
13.033 52.1953
13.034 -52.2009
13.034 52.2009
13.035 -52.2066
13.035 52.2066
13.036 -52.2122
13.036 52.2122
13.037 -52.2178
13.037 52.2178
13.038 -52.2235
13.038 52.2235
13.039 -52.2291
13.039 52.2291
13.04 -52.2347
13.04 52.2347
13.041 -52.2404
13.041 52.2404
13.042 -52.246
13.042 52.246
13.043 -52.2516
13.043 52.2516
13.044 -52.2573
13.044 52.2573
13.045 -52.2629
13.045 52.2629
13.046 -52.2685
13.046 52.2685
13.047 -52.2742
13.047 52.2742
13.048 -52.2798
13.048 52.2798
13.049 -52.2854
13.049 52.2854
13.05 -52.2911
13.05 52.2911
13.051 -52.2967
13.051 52.2967
13.052 -52.3023
13.052 52.3023
13.053 -52.308
13.053 52.308
13.054 -52.3136
13.054 52.3136
13.055 -52.3192
13.055 52.3192
13.056 -52.3249
13.056 52.3249
13.057 -52.3305
13.057 52.3305
13.058 -52.3361
13.058 52.3361
13.059 -52.3418
13.059 52.3418
13.06 -52.3474
13.06 52.3474
13.061 -52.353
13.061 52.353
13.062 -52.3587
13.062 52.3587
13.063 -52.3643
13.063 52.3643
13.064 -52.37
13.064 52.37
13.065 -52.3756
13.065 52.3756
13.066 -52.3812
13.066 52.3812
13.067 -52.3869
13.067 52.3869
13.068 -52.3925
13.068 52.3925
13.069 -52.3981
13.069 52.3981
13.07 -52.4038
13.07 52.4038
13.071 -52.4094
13.071 52.4094
13.072 -52.4151
13.072 52.4151
13.073 -52.4207
13.073 52.4207
13.074 -52.4263
13.074 52.4263
13.075 -52.432
13.075 52.432
13.076 -52.4376
13.076 52.4376
13.077 -52.4433
13.077 52.4433
13.078 -52.4489
13.078 52.4489
13.079 -52.4545
13.079 52.4545
13.08 -52.4602
13.08 52.4602
13.081 -52.4658
13.081 52.4658
13.082 -52.4714
13.082 52.4714
13.083 -52.4771
13.083 52.4771
13.084 -52.4827
13.084 52.4827
13.085 -52.4884
13.085 52.4884
13.086 -52.494
13.086 52.494
13.087 -52.4997
13.087 52.4997
13.088 -52.5053
13.088 52.5053
13.089 -52.5109
13.089 52.5109
13.09 -52.5166
13.09 52.5166
13.091 -52.5222
13.091 52.5222
13.092 -52.5279
13.092 52.5279
13.093 -52.5335
13.093 52.5335
13.094 -52.5391
13.094 52.5391
13.095 -52.5448
13.095 52.5448
13.096 -52.5504
13.096 52.5504
13.097 -52.5561
13.097 52.5561
13.098 -52.5617
13.098 52.5617
13.099 -52.5674
13.099 52.5674
13.1 -52.573
13.1 52.573
13.101 -52.5787
13.101 52.5787
13.102 -52.5843
13.102 52.5843
13.103 -52.5899
13.103 52.5899
13.104 -52.5956
13.104 52.5956
13.105 -52.6012
13.105 52.6012
13.106 -52.6069
13.106 52.6069
13.107 -52.6125
13.107 52.6125
13.108 -52.6182
13.108 52.6182
13.109 -52.6238
13.109 52.6238
13.11 -52.6295
13.11 52.6295
13.111 -52.6351
13.111 52.6351
13.112 -52.6407
13.112 52.6407
13.113 -52.6464
13.113 52.6464
13.114 -52.652
13.114 52.652
13.115 -52.6577
13.115 52.6577
13.116 -52.6633
13.116 52.6633
13.117 -52.669
13.117 52.669
13.118 -52.6746
13.118 52.6746
13.119 -52.6803
13.119 52.6803
13.12 -52.6859
13.12 52.6859
13.121 -52.6916
13.121 52.6916
13.122 -52.6972
13.122 52.6972
13.123 -52.7029
13.123 52.7029
13.124 -52.7085
13.124 52.7085
13.125 -52.7142
13.125 52.7142
13.126 -52.7198
13.126 52.7198
13.127 -52.7255
13.127 52.7255
13.128 -52.7311
13.128 52.7311
13.129 -52.7368
13.129 52.7368
13.13 -52.7424
13.13 52.7424
13.131 -52.7481
13.131 52.7481
13.132 -52.7537
13.132 52.7537
13.133 -52.7594
13.133 52.7594
13.134 -52.765
13.134 52.765
13.135 -52.7707
13.135 52.7707
13.136 -52.7763
13.136 52.7763
13.137 -52.782
13.137 52.782
13.138 -52.7876
13.138 52.7876
13.139 -52.7933
13.139 52.7933
13.14 -52.7989
13.14 52.7989
13.141 -52.8046
13.141 52.8046
13.142 -52.8102
13.142 52.8102
13.143 -52.8159
13.143 52.8159
13.144 -52.8215
13.144 52.8215
13.145 -52.8272
13.145 52.8272
13.146 -52.8328
13.146 52.8328
13.147 -52.8385
13.147 52.8385
13.148 -52.8441
13.148 52.8441
13.149 -52.8498
13.149 52.8498
13.15 -52.8554
13.15 52.8554
13.151 -52.8611
13.151 52.8611
13.152 -52.8668
13.152 52.8668
13.153 -52.8724
13.153 52.8724
13.154 -52.8781
13.154 52.8781
13.155 -52.8837
13.155 52.8837
13.156 -52.8894
13.156 52.8894
13.157 -52.895
13.157 52.895
13.158 -52.9007
13.158 52.9007
13.159 -52.9063
13.159 52.9063
13.16 -52.912
13.16 52.912
13.161 -52.9177
13.161 52.9177
13.162 -52.9233
13.162 52.9233
13.163 -52.929
13.163 52.929
13.164 -52.9346
13.164 52.9346
13.165 -52.9403
13.165 52.9403
13.166 -52.9459
13.166 52.9459
13.167 -52.9516
13.167 52.9516
13.168 -52.9572
13.168 52.9572
13.169 -52.9629
13.169 52.9629
13.17 -52.9686
13.17 52.9686
13.171 -52.9742
13.171 52.9742
13.172 -52.9799
13.172 52.9799
13.173 -52.9855
13.173 52.9855
13.174 -52.9912
13.174 52.9912
13.175 -52.9969
13.175 52.9969
13.176 -53.0025
13.176 53.0025
13.177 -53.0082
13.177 53.0082
13.178 -53.0138
13.178 53.0138
13.179 -53.0195
13.179 53.0195
13.18 -53.0252
13.18 53.0252
13.181 -53.0308
13.181 53.0308
13.182 -53.0365
13.182 53.0365
13.183 -53.0421
13.183 53.0421
13.184 -53.0478
13.184 53.0478
13.185 -53.0535
13.185 53.0535
13.186 -53.0591
13.186 53.0591
13.187 -53.0648
13.187 53.0648
13.188 -53.0704
13.188 53.0704
13.189 -53.0761
13.189 53.0761
13.19 -53.0818
13.19 53.0818
13.191 -53.0874
13.191 53.0874
13.192 -53.0931
13.192 53.0931
13.193 -53.0987
13.193 53.0987
13.194 -53.1044
13.194 53.1044
13.195 -53.1101
13.195 53.1101
13.196 -53.1157
13.196 53.1157
13.197 -53.1214
13.197 53.1214
13.198 -53.1271
13.198 53.1271
13.199 -53.1327
13.199 53.1327
13.2 -53.1384
13.2 53.1384
13.201 -53.144
13.201 53.144
13.202 -53.1497
13.202 53.1497
13.203 -53.1554
13.203 53.1554
13.204 -53.161
13.204 53.161
13.205 -53.1667
13.205 53.1667
13.206 -53.1724
13.206 53.1724
13.207 -53.178
13.207 53.178
13.208 -53.1837
13.208 53.1837
13.209 -53.1894
13.209 53.1894
13.21 -53.195
13.21 53.195
13.211 -53.2007
13.211 53.2007
13.212 -53.2064
13.212 53.2064
13.213 -53.212
13.213 53.212
13.214 -53.2177
13.214 53.2177
13.215 -53.2234
13.215 53.2234
13.216 -53.229
13.216 53.229
13.217 -53.2347
13.217 53.2347
13.218 -53.2404
13.218 53.2404
13.219 -53.246
13.219 53.246
13.22 -53.2517
13.22 53.2517
13.221 -53.2574
13.221 53.2574
13.222 -53.263
13.222 53.263
13.223 -53.2687
13.223 53.2687
13.224 -53.2744
13.224 53.2744
13.225 -53.28
13.225 53.28
13.226 -53.2857
13.226 53.2857
13.227 -53.2914
13.227 53.2914
13.228 -53.297
13.228 53.297
13.229 -53.3027
13.229 53.3027
13.23 -53.3084
13.23 53.3084
13.231 -53.3141
13.231 53.3141
13.232 -53.3197
13.232 53.3197
13.233 -53.3254
13.233 53.3254
13.234 -53.3311
13.234 53.3311
13.235 -53.3367
13.235 53.3367
13.236 -53.3424
13.236 53.3424
13.237 -53.3481
13.237 53.3481
13.238 -53.3537
13.238 53.3537
13.239 -53.3594
13.239 53.3594
13.24 -53.3651
13.24 53.3651
13.241 -53.3708
13.241 53.3708
13.242 -53.3764
13.242 53.3764
13.243 -53.3821
13.243 53.3821
13.244 -53.3878
13.244 53.3878
13.245 -53.3935
13.245 53.3935
13.246 -53.3991
13.246 53.3991
13.247 -53.4048
13.247 53.4048
13.248 -53.4105
13.248 53.4105
13.249 -53.4161
13.249 53.4161
13.25 -53.4218
13.25 53.4218
13.251 -53.4275
13.251 53.4275
13.252 -53.4332
13.252 53.4332
13.253 -53.4388
13.253 53.4388
13.254 -53.4445
13.254 53.4445
13.255 -53.4502
13.255 53.4502
13.256 -53.4559
13.256 53.4559
13.257 -53.4615
13.257 53.4615
13.258 -53.4672
13.258 53.4672
13.259 -53.4729
13.259 53.4729
13.26 -53.4786
13.26 53.4786
13.261 -53.4842
13.261 53.4842
13.262 -53.4899
13.262 53.4899
13.263 -53.4956
13.263 53.4956
13.264 -53.5013
13.264 53.5013
13.265 -53.5069
13.265 53.5069
13.266 -53.5126
13.266 53.5126
13.267 -53.5183
13.267 53.5183
13.268 -53.524
13.268 53.524
13.269 -53.5297
13.269 53.5297
13.27 -53.5353
13.27 53.5353
13.271 -53.541
13.271 53.541
13.272 -53.5467
13.272 53.5467
13.273 -53.5524
13.273 53.5524
13.274 -53.558
13.274 53.558
13.275 -53.5637
13.275 53.5637
13.276 -53.5694
13.276 53.5694
13.277 -53.5751
13.277 53.5751
13.278 -53.5808
13.278 53.5808
13.279 -53.5864
13.279 53.5864
13.28 -53.5921
13.28 53.5921
13.281 -53.5978
13.281 53.5978
13.282 -53.6035
13.282 53.6035
13.283 -53.6092
13.283 53.6092
13.284 -53.6148
13.284 53.6148
13.285 -53.6205
13.285 53.6205
13.286 -53.6262
13.286 53.6262
13.287 -53.6319
13.287 53.6319
13.288 -53.6376
13.288 53.6376
13.289 -53.6432
13.289 53.6432
13.29 -53.6489
13.29 53.6489
13.291 -53.6546
13.291 53.6546
13.292 -53.6603
13.292 53.6603
13.293 -53.666
13.293 53.666
13.294 -53.6716
13.294 53.6716
13.295 -53.6773
13.295 53.6773
13.296 -53.683
13.296 53.683
13.297 -53.6887
13.297 53.6887
13.298 -53.6944
13.298 53.6944
13.299 -53.7001
13.299 53.7001
13.3 -53.7057
13.3 53.7057
13.301 -53.7114
13.301 53.7114
13.302 -53.7171
13.302 53.7171
13.303 -53.7228
13.303 53.7228
13.304 -53.7285
13.304 53.7285
13.305 -53.7342
13.305 53.7342
13.306 -53.7398
13.306 53.7398
13.307 -53.7455
13.307 53.7455
13.308 -53.7512
13.308 53.7512
13.309 -53.7569
13.309 53.7569
13.31 -53.7626
13.31 53.7626
13.311 -53.7683
13.311 53.7683
13.312 -53.774
13.312 53.774
13.313 -53.7796
13.313 53.7796
13.314 -53.7853
13.314 53.7853
13.315 -53.791
13.315 53.791
13.316 -53.7967
13.316 53.7967
13.317 -53.8024
13.317 53.8024
13.318 -53.8081
13.318 53.8081
13.319 -53.8138
13.319 53.8138
13.32 -53.8195
13.32 53.8195
13.321 -53.8251
13.321 53.8251
13.322 -53.8308
13.322 53.8308
13.323 -53.8365
13.323 53.8365
13.324 -53.8422
13.324 53.8422
13.325 -53.8479
13.325 53.8479
13.326 -53.8536
13.326 53.8536
13.327 -53.8593
13.327 53.8593
13.328 -53.865
13.328 53.865
13.329 -53.8706
13.329 53.8706
13.33 -53.8763
13.33 53.8763
13.331 -53.882
13.331 53.882
13.332 -53.8877
13.332 53.8877
13.333 -53.8934
13.333 53.8934
13.334 -53.8991
13.334 53.8991
13.335 -53.9048
13.335 53.9048
13.336 -53.9105
13.336 53.9105
13.337 -53.9162
13.337 53.9162
13.338 -53.9219
13.338 53.9219
13.339 -53.9275
13.339 53.9275
13.34 -53.9332
13.34 53.9332
13.341 -53.9389
13.341 53.9389
13.342 -53.9446
13.342 53.9446
13.343 -53.9503
13.343 53.9503
13.344 -53.956
13.344 53.956
13.345 -53.9617
13.345 53.9617
13.346 -53.9674
13.346 53.9674
13.347 -53.9731
13.347 53.9731
13.348 -53.9788
13.348 53.9788
13.349 -53.9845
13.349 53.9845
13.35 -53.9902
13.35 53.9902
13.351 -53.9959
13.351 53.9959
13.352 -54.0016
13.352 54.0016
13.353 -54.0072
13.353 54.0072
13.354 -54.0129
13.354 54.0129
13.355 -54.0186
13.355 54.0186
13.356 -54.0243
13.356 54.0243
13.357 -54.03
13.357 54.03
13.358 -54.0357
13.358 54.0357
13.359 -54.0414
13.359 54.0414
13.36 -54.0471
13.36 54.0471
13.361 -54.0528
13.361 54.0528
13.362 -54.0585
13.362 54.0585
13.363 -54.0642
13.363 54.0642
13.364 -54.0699
13.364 54.0699
13.365 -54.0756
13.365 54.0756
13.366 -54.0813
13.366 54.0813
13.367 -54.087
13.367 54.087
13.368 -54.0927
13.368 54.0927
13.369 -54.0984
13.369 54.0984
13.37 -54.1041
13.37 54.1041
13.371 -54.1098
13.371 54.1098
13.372 -54.1155
13.372 54.1155
13.373 -54.1212
13.373 54.1212
13.374 -54.1269
13.374 54.1269
13.375 -54.1326
13.375 54.1326
13.376 -54.1383
13.376 54.1383
13.377 -54.144
13.377 54.144
13.378 -54.1497
13.378 54.1497
13.379 -54.1554
13.379 54.1554
13.38 -54.1611
13.38 54.1611
13.381 -54.1668
13.381 54.1668
13.382 -54.1725
13.382 54.1725
13.383 -54.1782
13.383 54.1782
13.384 -54.1839
13.384 54.1839
13.385 -54.1896
13.385 54.1896
13.386 -54.1953
13.386 54.1953
13.387 -54.201
13.387 54.201
13.388 -54.2067
13.388 54.2067
13.389 -54.2124
13.389 54.2124
13.39 -54.2181
13.39 54.2181
13.391 -54.2238
13.391 54.2238
13.392 -54.2295
13.392 54.2295
13.393 -54.2352
13.393 54.2352
13.394 -54.2409
13.394 54.2409
13.395 -54.2466
13.395 54.2466
13.396 -54.2523
13.396 54.2523
13.397 -54.258
13.397 54.258
13.398 -54.2637
13.398 54.2637
13.399 -54.2694
13.399 54.2694
13.4 -54.2751
13.4 54.2751
13.401 -54.2808
13.401 54.2808
13.402 -54.2865
13.402 54.2865
13.403 -54.2922
13.403 54.2922
13.404 -54.2979
13.404 54.2979
13.405 -54.3036
13.405 54.3036
13.406 -54.3093
13.406 54.3093
13.407 -54.315
13.407 54.315
13.408 -54.3207
13.408 54.3207
13.409 -54.3264
13.409 54.3264
13.41 -54.3321
13.41 54.3321
13.411 -54.3378
13.411 54.3378
13.412 -54.3435
13.412 54.3435
13.413 -54.3492
13.413 54.3492
13.414 -54.3549
13.414 54.3549
13.415 -54.3606
13.415 54.3606
13.416 -54.3664
13.416 54.3664
13.417 -54.3721
13.417 54.3721
13.418 -54.3778
13.418 54.3778
13.419 -54.3835
13.419 54.3835
13.42 -54.3892
13.42 54.3892
13.421 -54.3949
13.421 54.3949
13.422 -54.4006
13.422 54.4006
13.423 -54.4063
13.423 54.4063
13.424 -54.412
13.424 54.412
13.425 -54.4177
13.425 54.4177
13.426 -54.4234
13.426 54.4234
13.427 -54.4291
13.427 54.4291
13.428 -54.4348
13.428 54.4348
13.429 -54.4406
13.429 54.4406
13.43 -54.4463
13.43 54.4463
13.431 -54.452
13.431 54.452
13.432 -54.4577
13.432 54.4577
13.433 -54.4634
13.433 54.4634
13.434 -54.4691
13.434 54.4691
13.435 -54.4748
13.435 54.4748
13.436 -54.4805
13.436 54.4805
13.437 -54.4862
13.437 54.4862
13.438 -54.4919
13.438 54.4919
13.439 -54.4977
13.439 54.4977
13.44 -54.5034
13.44 54.5034
13.441 -54.5091
13.441 54.5091
13.442 -54.5148
13.442 54.5148
13.443 -54.5205
13.443 54.5205
13.444 -54.5262
13.444 54.5262
13.445 -54.5319
13.445 54.5319
13.446 -54.5376
13.446 54.5376
13.447 -54.5433
13.447 54.5433
13.448 -54.5491
13.448 54.5491
13.449 -54.5548
13.449 54.5548
13.45 -54.5605
13.45 54.5605
13.451 -54.5662
13.451 54.5662
13.452 -54.5719
13.452 54.5719
13.453 -54.5776
13.453 54.5776
13.454 -54.5833
13.454 54.5833
13.455 -54.589
13.455 54.589
13.456 -54.5948
13.456 54.5948
13.457 -54.6005
13.457 54.6005
13.458 -54.6062
13.458 54.6062
13.459 -54.6119
13.459 54.6119
13.46 -54.6176
13.46 54.6176
13.461 -54.6233
13.461 54.6233
13.462 -54.6291
13.462 54.6291
13.463 -54.6348
13.463 54.6348
13.464 -54.6405
13.464 54.6405
13.465 -54.6462
13.465 54.6462
13.466 -54.6519
13.466 54.6519
13.467 -54.6576
13.467 54.6576
13.468 -54.6633
13.468 54.6633
13.469 -54.6691
13.469 54.6691
13.47 -54.6748
13.47 54.6748
13.471 -54.6805
13.471 54.6805
13.472 -54.6862
13.472 54.6862
13.473 -54.6919
13.473 54.6919
13.474 -54.6976
13.474 54.6976
13.475 -54.7034
13.475 54.7034
13.476 -54.7091
13.476 54.7091
13.477 -54.7148
13.477 54.7148
13.478 -54.7205
13.478 54.7205
13.479 -54.7262
13.479 54.7262
13.48 -54.732
13.48 54.732
13.481 -54.7377
13.481 54.7377
13.482 -54.7434
13.482 54.7434
13.483 -54.7491
13.483 54.7491
13.484 -54.7548
13.484 54.7548
13.485 -54.7606
13.485 54.7606
13.486 -54.7663
13.486 54.7663
13.487 -54.772
13.487 54.772
13.488 -54.7777
13.488 54.7777
13.489 -54.7834
13.489 54.7834
13.49 -54.7892
13.49 54.7892
13.491 -54.7949
13.491 54.7949
13.492 -54.8006
13.492 54.8006
13.493 -54.8063
13.493 54.8063
13.494 -54.812
13.494 54.812
13.495 -54.8178
13.495 54.8178
13.496 -54.8235
13.496 54.8235
13.497 -54.8292
13.497 54.8292
13.498 -54.8349
13.498 54.8349
13.499 -54.8407
13.499 54.8407
13.5 -54.8464
13.5 54.8464
13.501 -54.8521
13.501 54.8521
13.502 -54.8578
13.502 54.8578
13.503 -54.8635
13.503 54.8635
13.504 -54.8693
13.504 54.8693
13.505 -54.875
13.505 54.875
13.506 -54.8807
13.506 54.8807
13.507 -54.8864
13.507 54.8864
13.508 -54.8922
13.508 54.8922
13.509 -54.8979
13.509 54.8979
13.51 -54.9036
13.51 54.9036
13.511 -54.9093
13.511 54.9093
13.512 -54.9151
13.512 54.9151
13.513 -54.9208
13.513 54.9208
13.514 -54.9265
13.514 54.9265
13.515 -54.9322
13.515 54.9322
13.516 -54.938
13.516 54.938
13.517 -54.9437
13.517 54.9437
13.518 -54.9494
13.518 54.9494
13.519 -54.9551
13.519 54.9551
13.52 -54.9609
13.52 54.9609
13.521 -54.9666
13.521 54.9666
13.522 -54.9723
13.522 54.9723
13.523 -54.9781
13.523 54.9781
13.524 -54.9838
13.524 54.9838
13.525 -54.9895
13.525 54.9895
13.526 -54.9952
13.526 54.9952
13.527 -55.001
13.527 55.001
13.528 -55.0067
13.528 55.0067
13.529 -55.0124
13.529 55.0124
13.53 -55.0181
13.53 55.0181
13.531 -55.0239
13.531 55.0239
13.532 -55.0296
13.532 55.0296
13.533 -55.0353
13.533 55.0353
13.534 -55.0411
13.534 55.0411
13.535 -55.0468
13.535 55.0468
13.536 -55.0525
13.536 55.0525
13.537 -55.0583
13.537 55.0583
13.538 -55.064
13.538 55.064
13.539 -55.0697
13.539 55.0697
13.54 -55.0754
13.54 55.0754
13.541 -55.0812
13.541 55.0812
13.542 -55.0869
13.542 55.0869
13.543 -55.0926
13.543 55.0926
13.544 -55.0984
13.544 55.0984
13.545 -55.1041
13.545 55.1041
13.546 -55.1098
13.546 55.1098
13.547 -55.1156
13.547 55.1156
13.548 -55.1213
13.548 55.1213
13.549 -55.127
13.549 55.127
13.55 -55.1328
13.55 55.1328
13.551 -55.1385
13.551 55.1385
13.552 -55.1442
13.552 55.1442
13.553 -55.15
13.553 55.15
13.554 -55.1557
13.554 55.1557
13.555 -55.1614
13.555 55.1614
13.556 -55.1672
13.556 55.1672
13.557 -55.1729
13.557 55.1729
13.558 -55.1786
13.558 55.1786
13.559 -55.1844
13.559 55.1844
13.56 -55.1901
13.56 55.1901
13.561 -55.1958
13.561 55.1958
13.562 -55.2016
13.562 55.2016
13.563 -55.2073
13.563 55.2073
13.564 -55.213
13.564 55.213
13.565 -55.2188
13.565 55.2188
13.566 -55.2245
13.566 55.2245
13.567 -55.2302
13.567 55.2302
13.568 -55.236
13.568 55.236
13.569 -55.2417
13.569 55.2417
13.57 -55.2475
13.57 55.2475
13.571 -55.2532
13.571 55.2532
13.572 -55.2589
13.572 55.2589
13.573 -55.2647
13.573 55.2647
13.574 -55.2704
13.574 55.2704
13.575 -55.2761
13.575 55.2761
13.576 -55.2819
13.576 55.2819
13.577 -55.2876
13.577 55.2876
13.578 -55.2934
13.578 55.2934
13.579 -55.2991
13.579 55.2991
13.58 -55.3048
13.58 55.3048
13.581 -55.3106
13.581 55.3106
13.582 -55.3163
13.582 55.3163
13.583 -55.322
13.583 55.322
13.584 -55.3278
13.584 55.3278
13.585 -55.3335
13.585 55.3335
13.586 -55.3393
13.586 55.3393
13.587 -55.345
13.587 55.345
13.588 -55.3507
13.588 55.3507
13.589 -55.3565
13.589 55.3565
13.59 -55.3622
13.59 55.3622
13.591 -55.368
13.591 55.368
13.592 -55.3737
13.592 55.3737
13.593 -55.3794
13.593 55.3794
13.594 -55.3852
13.594 55.3852
13.595 -55.3909
13.595 55.3909
13.596 -55.3967
13.596 55.3967
13.597 -55.4024
13.597 55.4024
13.598 -55.4082
13.598 55.4082
13.599 -55.4139
13.599 55.4139
13.6 -55.4196
13.6 55.4196
13.601 -55.4254
13.601 55.4254
13.602 -55.4311
13.602 55.4311
13.603 -55.4369
13.603 55.4369
13.604 -55.4426
13.604 55.4426
13.605 -55.4483
13.605 55.4483
13.606 -55.4541
13.606 55.4541
13.607 -55.4598
13.607 55.4598
13.608 -55.4656
13.608 55.4656
13.609 -55.4713
13.609 55.4713
13.61 -55.4771
13.61 55.4771
13.611 -55.4828
13.611 55.4828
13.612 -55.4886
13.612 55.4886
13.613 -55.4943
13.613 55.4943
13.614 -55.5
13.614 55.5
13.615 -55.5058
13.615 55.5058
13.616 -55.5115
13.616 55.5115
13.617 -55.5173
13.617 55.5173
13.618 -55.523
13.618 55.523
13.619 -55.5288
13.619 55.5288
13.62 -55.5345
13.62 55.5345
13.621 -55.5403
13.621 55.5403
13.622 -55.546
13.622 55.546
13.623 -55.5518
13.623 55.5518
13.624 -55.5575
13.624 55.5575
13.625 -55.5633
13.625 55.5633
13.626 -55.569
13.626 55.569
13.627 -55.5748
13.627 55.5748
13.628 -55.5805
13.628 55.5805
13.629 -55.5862
13.629 55.5862
13.63 -55.592
13.63 55.592
13.631 -55.5977
13.631 55.5977
13.632 -55.6035
13.632 55.6035
13.633 -55.6092
13.633 55.6092
13.634 -55.615
13.634 55.615
13.635 -55.6207
13.635 55.6207
13.636 -55.6265
13.636 55.6265
13.637 -55.6322
13.637 55.6322
13.638 -55.638
13.638 55.638
13.639 -55.6437
13.639 55.6437
13.64 -55.6495
13.64 55.6495
13.641 -55.6552
13.641 55.6552
13.642 -55.661
13.642 55.661
13.643 -55.6667
13.643 55.6667
13.644 -55.6725
13.644 55.6725
13.645 -55.6782
13.645 55.6782
13.646 -55.684
13.646 55.684
13.647 -55.6897
13.647 55.6897
13.648 -55.6955
13.648 55.6955
13.649 -55.7012
13.649 55.7012
13.65 -55.707
13.65 55.707
13.651 -55.7128
13.651 55.7128
13.652 -55.7185
13.652 55.7185
13.653 -55.7243
13.653 55.7243
13.654 -55.73
13.654 55.73
13.655 -55.7358
13.655 55.7358
13.656 -55.7415
13.656 55.7415
13.657 -55.7473
13.657 55.7473
13.658 -55.753
13.658 55.753
13.659 -55.7588
13.659 55.7588
13.66 -55.7645
13.66 55.7645
13.661 -55.7703
13.661 55.7703
13.662 -55.776
13.662 55.776
13.663 -55.7818
13.663 55.7818
13.664 -55.7875
13.664 55.7875
13.665 -55.7933
13.665 55.7933
13.666 -55.7991
13.666 55.7991
13.667 -55.8048
13.667 55.8048
13.668 -55.8106
13.668 55.8106
13.669 -55.8163
13.669 55.8163
13.67 -55.8221
13.67 55.8221
13.671 -55.8278
13.671 55.8278
13.672 -55.8336
13.672 55.8336
13.673 -55.8393
13.673 55.8393
13.674 -55.8451
13.674 55.8451
13.675 -55.8509
13.675 55.8509
13.676 -55.8566
13.676 55.8566
13.677 -55.8624
13.677 55.8624
13.678 -55.8681
13.678 55.8681
13.679 -55.8739
13.679 55.8739
13.68 -55.8796
13.68 55.8796
13.681 -55.8854
13.681 55.8854
13.682 -55.8912
13.682 55.8912
13.683 -55.8969
13.683 55.8969
13.684 -55.9027
13.684 55.9027
13.685 -55.9084
13.685 55.9084
13.686 -55.9142
13.686 55.9142
13.687 -55.92
13.687 55.92
13.688 -55.9257
13.688 55.9257
13.689 -55.9315
13.689 55.9315
13.69 -55.9372
13.69 55.9372
13.691 -55.943
13.691 55.943
13.692 -55.9488
13.692 55.9488
13.693 -55.9545
13.693 55.9545
13.694 -55.9603
13.694 55.9603
13.695 -55.966
13.695 55.966
13.696 -55.9718
13.696 55.9718
13.697 -55.9776
13.697 55.9776
13.698 -55.9833
13.698 55.9833
13.699 -55.9891
13.699 55.9891
13.7 -55.9948
13.7 55.9948
13.701 -56.0006
13.701 56.0006
13.702 -56.0064
13.702 56.0064
13.703 -56.0121
13.703 56.0121
13.704 -56.0179
13.704 56.0179
13.705 -56.0237
13.705 56.0237
13.706 -56.0294
13.706 56.0294
13.707 -56.0352
13.707 56.0352
13.708 -56.0409
13.708 56.0409
13.709 -56.0467
13.709 56.0467
13.71 -56.0525
13.71 56.0525
13.711 -56.0582
13.711 56.0582
13.712 -56.064
13.712 56.064
13.713 -56.0698
13.713 56.0698
13.714 -56.0755
13.714 56.0755
13.715 -56.0813
13.715 56.0813
13.716 -56.0871
13.716 56.0871
13.717 -56.0928
13.717 56.0928
13.718 -56.0986
13.718 56.0986
13.719 -56.1044
13.719 56.1044
13.72 -56.1101
13.72 56.1101
13.721 -56.1159
13.721 56.1159
13.722 -56.1217
13.722 56.1217
13.723 -56.1274
13.723 56.1274
13.724 -56.1332
13.724 56.1332
13.725 -56.139
13.725 56.139
13.726 -56.1447
13.726 56.1447
13.727 -56.1505
13.727 56.1505
13.728 -56.1563
13.728 56.1563
13.729 -56.162
13.729 56.162
13.73 -56.1678
13.73 56.1678
13.731 -56.1736
13.731 56.1736
13.732 -56.1793
13.732 56.1793
13.733 -56.1851
13.733 56.1851
13.734 -56.1909
13.734 56.1909
13.735 -56.1966
13.735 56.1966
13.736 -56.2024
13.736 56.2024
13.737 -56.2082
13.737 56.2082
13.738 -56.2139
13.738 56.2139
13.739 -56.2197
13.739 56.2197
13.74 -56.2255
13.74 56.2255
13.741 -56.2312
13.741 56.2312
13.742 -56.237
13.742 56.237
13.743 -56.2428
13.743 56.2428
13.744 -56.2486
13.744 56.2486
13.745 -56.2543
13.745 56.2543
13.746 -56.2601
13.746 56.2601
13.747 -56.2659
13.747 56.2659
13.748 -56.2716
13.748 56.2716
13.749 -56.2774
13.749 56.2774
13.75 -56.2832
13.75 56.2832
13.751 -56.289
13.751 56.289
13.752 -56.2947
13.752 56.2947
13.753 -56.3005
13.753 56.3005
13.754 -56.3063
13.754 56.3063
13.755 -56.312
13.755 56.312
13.756 -56.3178
13.756 56.3178
13.757 -56.3236
13.757 56.3236
13.758 -56.3294
13.758 56.3294
13.759 -56.3351
13.759 56.3351
13.76 -56.3409
13.76 56.3409
13.761 -56.3467
13.761 56.3467
13.762 -56.3525
13.762 56.3525
13.763 -56.3582
13.763 56.3582
13.764 -56.364
13.764 56.364
13.765 -56.3698
13.765 56.3698
13.766 -56.3756
13.766 56.3756
13.767 -56.3813
13.767 56.3813
13.768 -56.3871
13.768 56.3871
13.769 -56.3929
13.769 56.3929
13.77 -56.3987
13.77 56.3987
13.771 -56.4044
13.771 56.4044
13.772 -56.4102
13.772 56.4102
13.773 -56.416
13.773 56.416
13.774 -56.4218
13.774 56.4218
13.775 -56.4275
13.775 56.4275
13.776 -56.4333
13.776 56.4333
13.777 -56.4391
13.777 56.4391
13.778 -56.4449
13.778 56.4449
13.779 -56.4506
13.779 56.4506
13.78 -56.4564
13.78 56.4564
13.781 -56.4622
13.781 56.4622
13.782 -56.468
13.782 56.468
13.783 -56.4738
13.783 56.4738
13.784 -56.4795
13.784 56.4795
13.785 -56.4853
13.785 56.4853
13.786 -56.4911
13.786 56.4911
13.787 -56.4969
13.787 56.4969
13.788 -56.5026
13.788 56.5026
13.789 -56.5084
13.789 56.5084
13.79 -56.5142
13.79 56.5142
13.791 -56.52
13.791 56.52
13.792 -56.5258
13.792 56.5258
13.793 -56.5315
13.793 56.5315
13.794 -56.5373
13.794 56.5373
13.795 -56.5431
13.795 56.5431
13.796 -56.5489
13.796 56.5489
13.797 -56.5547
13.797 56.5547
13.798 -56.5604
13.798 56.5604
13.799 -56.5662
13.799 56.5662
13.8 -56.572
13.8 56.572
13.801 -56.5778
13.801 56.5778
13.802 -56.5836
13.802 56.5836
13.803 -56.5894
13.803 56.5894
13.804 -56.5951
13.804 56.5951
13.805 -56.6009
13.805 56.6009
13.806 -56.6067
13.806 56.6067
13.807 -56.6125
13.807 56.6125
13.808 -56.6183
13.808 56.6183
13.809 -56.624
13.809 56.624
13.81 -56.6298
13.81 56.6298
13.811 -56.6356
13.811 56.6356
13.812 -56.6414
13.812 56.6414
13.813 -56.6472
13.813 56.6472
13.814 -56.653
13.814 56.653
13.815 -56.6587
13.815 56.6587
13.816 -56.6645
13.816 56.6645
13.817 -56.6703
13.817 56.6703
13.818 -56.6761
13.818 56.6761
13.819 -56.6819
13.819 56.6819
13.82 -56.6877
13.82 56.6877
13.821 -56.6935
13.821 56.6935
13.822 -56.6992
13.822 56.6992
13.823 -56.705
13.823 56.705
13.824 -56.7108
13.824 56.7108
13.825 -56.7166
13.825 56.7166
13.826 -56.7224
13.826 56.7224
13.827 -56.7282
13.827 56.7282
13.828 -56.734
13.828 56.734
13.829 -56.7397
13.829 56.7397
13.83 -56.7455
13.83 56.7455
13.831 -56.7513
13.831 56.7513
13.832 -56.7571
13.832 56.7571
13.833 -56.7629
13.833 56.7629
13.834 -56.7687
13.834 56.7687
13.835 -56.7745
13.835 56.7745
13.836 -56.7803
13.836 56.7803
13.837 -56.786
13.837 56.786
13.838 -56.7918
13.838 56.7918
13.839 -56.7976
13.839 56.7976
13.84 -56.8034
13.84 56.8034
13.841 -56.8092
13.841 56.8092
13.842 -56.815
13.842 56.815
13.843 -56.8208
13.843 56.8208
13.844 -56.8266
13.844 56.8266
13.845 -56.8324
13.845 56.8324
13.846 -56.8382
13.846 56.8382
13.847 -56.8439
13.847 56.8439
13.848 -56.8497
13.848 56.8497
13.849 -56.8555
13.849 56.8555
13.85 -56.8613
13.85 56.8613
13.851 -56.8671
13.851 56.8671
13.852 -56.8729
13.852 56.8729
13.853 -56.8787
13.853 56.8787
13.854 -56.8845
13.854 56.8845
13.855 -56.8903
13.855 56.8903
13.856 -56.8961
13.856 56.8961
13.857 -56.9019
13.857 56.9019
13.858 -56.9076
13.858 56.9076
13.859 -56.9134
13.859 56.9134
13.86 -56.9192
13.86 56.9192
13.861 -56.925
13.861 56.925
13.862 -56.9308
13.862 56.9308
13.863 -56.9366
13.863 56.9366
13.864 -56.9424
13.864 56.9424
13.865 -56.9482
13.865 56.9482
13.866 -56.954
13.866 56.954
13.867 -56.9598
13.867 56.9598
13.868 -56.9656
13.868 56.9656
13.869 -56.9714
13.869 56.9714
13.87 -56.9772
13.87 56.9772
13.871 -56.983
13.871 56.983
13.872 -56.9888
13.872 56.9888
13.873 -56.9946
13.873 56.9946
13.874 -57.0004
13.874 57.0004
13.875 -57.0062
13.875 57.0062
13.876 -57.0119
13.876 57.0119
13.877 -57.0177
13.877 57.0177
13.878 -57.0235
13.878 57.0235
13.879 -57.0293
13.879 57.0293
13.88 -57.0351
13.88 57.0351
13.881 -57.0409
13.881 57.0409
13.882 -57.0467
13.882 57.0467
13.883 -57.0525
13.883 57.0525
13.884 -57.0583
13.884 57.0583
13.885 -57.0641
13.885 57.0641
13.886 -57.0699
13.886 57.0699
13.887 -57.0757
13.887 57.0757
13.888 -57.0815
13.888 57.0815
13.889 -57.0873
13.889 57.0873
13.89 -57.0931
13.89 57.0931
13.891 -57.0989
13.891 57.0989
13.892 -57.1047
13.892 57.1047
13.893 -57.1105
13.893 57.1105
13.894 -57.1163
13.894 57.1163
13.895 -57.1221
13.895 57.1221
13.896 -57.1279
13.896 57.1279
13.897 -57.1337
13.897 57.1337
13.898 -57.1395
13.898 57.1395
13.899 -57.1453
13.899 57.1453
13.9 -57.1511
13.9 57.1511
13.901 -57.1569
13.901 57.1569
13.902 -57.1627
13.902 57.1627
13.903 -57.1685
13.903 57.1685
13.904 -57.1743
13.904 57.1743
13.905 -57.1801
13.905 57.1801
13.906 -57.1859
13.906 57.1859
13.907 -57.1917
13.907 57.1917
13.908 -57.1975
13.908 57.1975
13.909 -57.2033
13.909 57.2033
13.91 -57.2091
13.91 57.2091
13.911 -57.2149
13.911 57.2149
13.912 -57.2207
13.912 57.2207
13.913 -57.2265
13.913 57.2265
13.914 -57.2323
13.914 57.2323
13.915 -57.2381
13.915 57.2381
13.916 -57.2439
13.916 57.2439
13.917 -57.2497
13.917 57.2497
13.918 -57.2556
13.918 57.2556
13.919 -57.2614
13.919 57.2614
13.92 -57.2672
13.92 57.2672
13.921 -57.273
13.921 57.273
13.922 -57.2788
13.922 57.2788
13.923 -57.2846
13.923 57.2846
13.924 -57.2904
13.924 57.2904
13.925 -57.2962
13.925 57.2962
13.926 -57.302
13.926 57.302
13.927 -57.3078
13.927 57.3078
13.928 -57.3136
13.928 57.3136
13.929 -57.3194
13.929 57.3194
13.93 -57.3252
13.93 57.3252
13.931 -57.331
13.931 57.331
13.932 -57.3368
13.932 57.3368
13.933 -57.3426
13.933 57.3426
13.934 -57.3484
13.934 57.3484
13.935 -57.3542
13.935 57.3542
13.936 -57.3601
13.936 57.3601
13.937 -57.3659
13.937 57.3659
13.938 -57.3717
13.938 57.3717
13.939 -57.3775
13.939 57.3775
13.94 -57.3833
13.94 57.3833
13.941 -57.3891
13.941 57.3891
13.942 -57.3949
13.942 57.3949
13.943 -57.4007
13.943 57.4007
13.944 -57.4065
13.944 57.4065
13.945 -57.4123
13.945 57.4123
13.946 -57.4181
13.946 57.4181
13.947 -57.424
13.947 57.424
13.948 -57.4298
13.948 57.4298
13.949 -57.4356
13.949 57.4356
13.95 -57.4414
13.95 57.4414
13.951 -57.4472
13.951 57.4472
13.952 -57.453
13.952 57.453
13.953 -57.4588
13.953 57.4588
13.954 -57.4646
13.954 57.4646
13.955 -57.4704
13.955 57.4704
13.956 -57.4762
13.956 57.4762
13.957 -57.4821
13.957 57.4821
13.958 -57.4879
13.958 57.4879
13.959 -57.4937
13.959 57.4937
13.96 -57.4995
13.96 57.4995
13.961 -57.5053
13.961 57.5053
13.962 -57.5111
13.962 57.5111
13.963 -57.5169
13.963 57.5169
13.964 -57.5227
13.964 57.5227
13.965 -57.5286
13.965 57.5286
13.966 -57.5344
13.966 57.5344
13.967 -57.5402
13.967 57.5402
13.968 -57.546
13.968 57.546
13.969 -57.5518
13.969 57.5518
13.97 -57.5576
13.97 57.5576
13.971 -57.5634
13.971 57.5634
13.972 -57.5693
13.972 57.5693
13.973 -57.5751
13.973 57.5751
13.974 -57.5809
13.974 57.5809
13.975 -57.5867
13.975 57.5867
13.976 -57.5925
13.976 57.5925
13.977 -57.5983
13.977 57.5983
13.978 -57.6041
13.978 57.6041
13.979 -57.61
13.979 57.61
13.98 -57.6158
13.98 57.6158
13.981 -57.6216
13.981 57.6216
13.982 -57.6274
13.982 57.6274
13.983 -57.6332
13.983 57.6332
13.984 -57.639
13.984 57.639
13.985 -57.6449
13.985 57.6449
13.986 -57.6507
13.986 57.6507
13.987 -57.6565
13.987 57.6565
13.988 -57.6623
13.988 57.6623
13.989 -57.6681
13.989 57.6681
13.99 -57.6739
13.99 57.6739
13.991 -57.6798
13.991 57.6798
13.992 -57.6856
13.992 57.6856
13.993 -57.6914
13.993 57.6914
13.994 -57.6972
13.994 57.6972
13.995 -57.703
13.995 57.703
13.996 -57.7089
13.996 57.7089
13.997 -57.7147
13.997 57.7147
13.998 -57.7205
13.998 57.7205
13.999 -57.7263
13.999 57.7263
14 -57.7321
14 57.7321
14.001 -57.738
14.001 57.738
14.002 -57.7438
14.002 57.7438
14.003 -57.7496
14.003 57.7496
14.004 -57.7554
14.004 57.7554
14.005 -57.7612
14.005 57.7612
14.006 -57.7671
14.006 57.7671
14.007 -57.7729
14.007 57.7729
14.008 -57.7787
14.008 57.7787
14.009 -57.7845
14.009 57.7845
14.01 -57.7903
14.01 57.7903
14.011 -57.7962
14.011 57.7962
14.012 -57.802
14.012 57.802
14.013 -57.8078
14.013 57.8078
14.014 -57.8136
14.014 57.8136
14.015 -57.8195
14.015 57.8195
14.016 -57.8253
14.016 57.8253
14.017 -57.8311
14.017 57.8311
14.018 -57.8369
14.018 57.8369
14.019 -57.8428
14.019 57.8428
14.02 -57.8486
14.02 57.8486
14.021 -57.8544
14.021 57.8544
14.022 -57.8602
14.022 57.8602
14.023 -57.8661
14.023 57.8661
14.024 -57.8719
14.024 57.8719
14.025 -57.8777
14.025 57.8777
14.026 -57.8835
14.026 57.8835
14.027 -57.8893
14.027 57.8893
14.028 -57.8952
14.028 57.8952
14.029 -57.901
14.029 57.901
14.03 -57.9068
14.03 57.9068
14.031 -57.9127
14.031 57.9127
14.032 -57.9185
14.032 57.9185
14.033 -57.9243
14.033 57.9243
14.034 -57.9301
14.034 57.9301
14.035 -57.936
14.035 57.936
14.036 -57.9418
14.036 57.9418
14.037 -57.9476
14.037 57.9476
14.038 -57.9534
14.038 57.9534
14.039 -57.9593
14.039 57.9593
14.04 -57.9651
14.04 57.9651
14.041 -57.9709
14.041 57.9709
14.042 -57.9767
14.042 57.9767
14.043 -57.9826
14.043 57.9826
14.044 -57.9884
14.044 57.9884
14.045 -57.9942
14.045 57.9942
14.046 -58.0001
14.046 58.0001
14.047 -58.0059
14.047 58.0059
14.048 -58.0117
14.048 58.0117
14.049 -58.0176
14.049 58.0176
14.05 -58.0234
14.05 58.0234
14.051 -58.0292
14.051 58.0292
14.052 -58.035
14.052 58.035
14.053 -58.0409
14.053 58.0409
14.054 -58.0467
14.054 58.0467
14.055 -58.0525
14.055 58.0525
14.056 -58.0584
14.056 58.0584
14.057 -58.0642
14.057 58.0642
14.058 -58.07
14.058 58.07
14.059 -58.0759
14.059 58.0759
14.06 -58.0817
14.06 58.0817
14.061 -58.0875
14.061 58.0875
14.062 -58.0933
14.062 58.0933
14.063 -58.0992
14.063 58.0992
14.064 -58.105
14.064 58.105
14.065 -58.1108
14.065 58.1108
14.066 -58.1167
14.066 58.1167
14.067 -58.1225
14.067 58.1225
14.068 -58.1283
14.068 58.1283
14.069 -58.1342
14.069 58.1342
14.07 -58.14
14.07 58.14
14.071 -58.1458
14.071 58.1458
14.072 -58.1517
14.072 58.1517
14.073 -58.1575
14.073 58.1575
14.074 -58.1633
14.074 58.1633
14.075 -58.1692
14.075 58.1692
14.076 -58.175
14.076 58.175
14.077 -58.1808
14.077 58.1808
14.078 -58.1867
14.078 58.1867
14.079 -58.1925
14.079 58.1925
14.08 -58.1984
14.08 58.1984
14.081 -58.2042
14.081 58.2042
14.082 -58.21
14.082 58.21
14.083 -58.2159
14.083 58.2159
14.084 -58.2217
14.084 58.2217
14.085 -58.2275
14.085 58.2275
14.086 -58.2334
14.086 58.2334
14.087 -58.2392
14.087 58.2392
14.088 -58.245
14.088 58.245
14.089 -58.2509
14.089 58.2509
14.09 -58.2567
14.09 58.2567
14.091 -58.2626
14.091 58.2626
14.092 -58.2684
14.092 58.2684
14.093 -58.2742
14.093 58.2742
14.094 -58.2801
14.094 58.2801
14.095 -58.2859
14.095 58.2859
14.096 -58.2917
14.096 58.2917
14.097 -58.2976
14.097 58.2976
14.098 -58.3034
14.098 58.3034
14.099 -58.3093
14.099 58.3093
14.1 -58.3151
14.1 58.3151
14.101 -58.3209
14.101 58.3209
14.102 -58.3268
14.102 58.3268
14.103 -58.3326
14.103 58.3326
14.104 -58.3385
14.104 58.3385
14.105 -58.3443
14.105 58.3443
14.106 -58.3501
14.106 58.3501
14.107 -58.356
14.107 58.356
14.108 -58.3618
14.108 58.3618
14.109 -58.3677
14.109 58.3677
14.11 -58.3735
14.11 58.3735
14.111 -58.3793
14.111 58.3793
14.112 -58.3852
14.112 58.3852
14.113 -58.391
14.113 58.391
14.114 -58.3969
14.114 58.3969
14.115 -58.4027
14.115 58.4027
14.116 -58.4086
14.116 58.4086
14.117 -58.4144
14.117 58.4144
14.118 -58.4202
14.118 58.4202
14.119 -58.4261
14.119 58.4261
14.12 -58.4319
14.12 58.4319
14.121 -58.4378
14.121 58.4378
14.122 -58.4436
14.122 58.4436
14.123 -58.4495
14.123 58.4495
14.124 -58.4553
14.124 58.4553
14.125 -58.4611
14.125 58.4611
14.126 -58.467
14.126 58.467
14.127 -58.4728
14.127 58.4728
14.128 -58.4787
14.128 58.4787
14.129 -58.4845
14.129 58.4845
14.13 -58.4904
14.13 58.4904
14.131 -58.4962
14.131 58.4962
14.132 -58.5021
14.132 58.5021
14.133 -58.5079
14.133 58.5079
14.134 -58.5137
14.134 58.5137
14.135 -58.5196
14.135 58.5196
14.136 -58.5254
14.136 58.5254
14.137 -58.5313
14.137 58.5313
14.138 -58.5371
14.138 58.5371
14.139 -58.543
14.139 58.543
14.14 -58.5488
14.14 58.5488
14.141 -58.5547
14.141 58.5547
14.142 -58.5605
14.142 58.5605
14.143 -58.5664
14.143 58.5664
14.144 -58.5722
14.144 58.5722
14.145 -58.5781
14.145 58.5781
14.146 -58.5839
14.146 58.5839
14.147 -58.5898
14.147 58.5898
14.148 -58.5956
14.148 58.5956
14.149 -58.6015
14.149 58.6015
14.15 -58.6073
14.15 58.6073
14.151 -58.6132
14.151 58.6132
14.152 -58.619
14.152 58.619
14.153 -58.6248
14.153 58.6248
14.154 -58.6307
14.154 58.6307
14.155 -58.6365
14.155 58.6365
14.156 -58.6424
14.156 58.6424
14.157 -58.6482
14.157 58.6482
14.158 -58.6541
14.158 58.6541
14.159 -58.6599
14.159 58.6599
14.16 -58.6658
14.16 58.6658
14.161 -58.6717
14.161 58.6717
14.162 -58.6775
14.162 58.6775
14.163 -58.6834
14.163 58.6834
14.164 -58.6892
14.164 58.6892
14.165 -58.6951
14.165 58.6951
14.166 -58.7009
14.166 58.7009
14.167 -58.7068
14.167 58.7068
14.168 -58.7126
14.168 58.7126
14.169 -58.7185
14.169 58.7185
14.17 -58.7243
14.17 58.7243
14.171 -58.7302
14.171 58.7302
14.172 -58.736
14.172 58.736
14.173 -58.7419
14.173 58.7419
14.174 -58.7477
14.174 58.7477
14.175 -58.7536
14.175 58.7536
14.176 -58.7594
14.176 58.7594
14.177 -58.7653
14.177 58.7653
14.178 -58.7711
14.178 58.7711
14.179 -58.777
14.179 58.777
14.18 -58.7829
14.18 58.7829
14.181 -58.7887
14.181 58.7887
14.182 -58.7946
14.182 58.7946
14.183 -58.8004
14.183 58.8004
14.184 -58.8063
14.184 58.8063
14.185 -58.8121
14.185 58.8121
14.186 -58.818
14.186 58.818
14.187 -58.8238
14.187 58.8238
14.188 -58.8297
14.188 58.8297
14.189 -58.8356
14.189 58.8356
14.19 -58.8414
14.19 58.8414
14.191 -58.8473
14.191 58.8473
14.192 -58.8531
14.192 58.8531
14.193 -58.859
14.193 58.859
14.194 -58.8648
14.194 58.8648
14.195 -58.8707
14.195 58.8707
14.196 -58.8766
14.196 58.8766
14.197 -58.8824
14.197 58.8824
14.198 -58.8883
14.198 58.8883
14.199 -58.8941
14.199 58.8941
14.2 -58.9
14.2 58.9
14.201 -58.9058
14.201 58.9058
14.202 -58.9117
14.202 58.9117
14.203 -58.9176
14.203 58.9176
14.204 -58.9234
14.204 58.9234
14.205 -58.9293
14.205 58.9293
14.206 -58.9351
14.206 58.9351
14.207 -58.941
14.207 58.941
14.208 -58.9469
14.208 58.9469
14.209 -58.9527
14.209 58.9527
14.21 -58.9586
14.21 58.9586
14.211 -58.9644
14.211 58.9644
14.212 -58.9703
14.212 58.9703
14.213 -58.9762
14.213 58.9762
14.214 -58.982
14.214 58.982
14.215 -58.9879
14.215 58.9879
14.216 -58.9937
14.216 58.9937
14.217 -58.9996
14.217 58.9996
14.218 -59.0055
14.218 59.0055
14.219 -59.0113
14.219 59.0113
14.22 -59.0172
14.22 59.0172
14.221 -59.0231
14.221 59.0231
14.222 -59.0289
14.222 59.0289
14.223 -59.0348
14.223 59.0348
14.224 -59.0406
14.224 59.0406
14.225 -59.0465
14.225 59.0465
14.226 -59.0524
14.226 59.0524
14.227 -59.0582
14.227 59.0582
14.228 -59.0641
14.228 59.0641
14.229 -59.07
14.229 59.07
14.23 -59.0758
14.23 59.0758
14.231 -59.0817
14.231 59.0817
14.232 -59.0876
14.232 59.0876
14.233 -59.0934
14.233 59.0934
14.234 -59.0993
14.234 59.0993
14.235 -59.1051
14.235 59.1051
14.236 -59.111
14.236 59.111
14.237 -59.1169
14.237 59.1169
14.238 -59.1227
14.238 59.1227
14.239 -59.1286
14.239 59.1286
14.24 -59.1345
14.24 59.1345
14.241 -59.1403
14.241 59.1403
14.242 -59.1462
14.242 59.1462
14.243 -59.1521
14.243 59.1521
14.244 -59.1579
14.244 59.1579
14.245 -59.1638
14.245 59.1638
14.246 -59.1697
14.246 59.1697
14.247 -59.1755
14.247 59.1755
14.248 -59.1814
14.248 59.1814
14.249 -59.1873
14.249 59.1873
14.25 -59.1931
14.25 59.1931
14.251 -59.199
14.251 59.199
14.252 -59.2049
14.252 59.2049
14.253 -59.2107
14.253 59.2107
14.254 -59.2166
14.254 59.2166
14.255 -59.2225
14.255 59.2225
14.256 -59.2284
14.256 59.2284
14.257 -59.2342
14.257 59.2342
14.258 -59.2401
14.258 59.2401
14.259 -59.246
14.259 59.246
14.26 -59.2518
14.26 59.2518
14.261 -59.2577
14.261 59.2577
14.262 -59.2636
14.262 59.2636
14.263 -59.2694
14.263 59.2694
14.264 -59.2753
14.264 59.2753
14.265 -59.2812
14.265 59.2812
14.266 -59.2871
14.266 59.2871
14.267 -59.2929
14.267 59.2929
14.268 -59.2988
14.268 59.2988
14.269 -59.3047
14.269 59.3047
14.27 -59.3105
14.27 59.3105
14.271 -59.3164
14.271 59.3164
14.272 -59.3223
14.272 59.3223
14.273 -59.3282
14.273 59.3282
14.274 -59.334
14.274 59.334
14.275 -59.3399
14.275 59.3399
14.276 -59.3458
14.276 59.3458
14.277 -59.3516
14.277 59.3516
14.278 -59.3575
14.278 59.3575
14.279 -59.3634
14.279 59.3634
14.28 -59.3693
14.28 59.3693
14.281 -59.3751
14.281 59.3751
14.282 -59.381
14.282 59.381
14.283 -59.3869
14.283 59.3869
14.284 -59.3928
14.284 59.3928
14.285 -59.3986
14.285 59.3986
14.286 -59.4045
14.286 59.4045
14.287 -59.4104
14.287 59.4104
14.288 -59.4163
14.288 59.4163
14.289 -59.4221
14.289 59.4221
14.29 -59.428
14.29 59.428
14.291 -59.4339
14.291 59.4339
14.292 -59.4398
14.292 59.4398
14.293 -59.4456
14.293 59.4456
14.294 -59.4515
14.294 59.4515
14.295 -59.4574
14.295 59.4574
14.296 -59.4633
14.296 59.4633
14.297 -59.4691
14.297 59.4691
14.298 -59.475
14.298 59.475
14.299 -59.4809
14.299 59.4809
14.3 -59.4868
14.3 59.4868
14.301 -59.4927
14.301 59.4927
14.302 -59.4985
14.302 59.4985
14.303 -59.5044
14.303 59.5044
14.304 -59.5103
14.304 59.5103
14.305 -59.5162
14.305 59.5162
14.306 -59.522
14.306 59.522
14.307 -59.5279
14.307 59.5279
14.308 -59.5338
14.308 59.5338
14.309 -59.5397
14.309 59.5397
14.31 -59.5456
14.31 59.5456
14.311 -59.5514
14.311 59.5514
14.312 -59.5573
14.312 59.5573
14.313 -59.5632
14.313 59.5632
14.314 -59.5691
14.314 59.5691
14.315 -59.575
14.315 59.575
14.316 -59.5808
14.316 59.5808
14.317 -59.5867
14.317 59.5867
14.318 -59.5926
14.318 59.5926
14.319 -59.5985
14.319 59.5985
14.32 -59.6044
14.32 59.6044
14.321 -59.6103
14.321 59.6103
14.322 -59.6161
14.322 59.6161
14.323 -59.622
14.323 59.622
14.324 -59.6279
14.324 59.6279
14.325 -59.6338
14.325 59.6338
14.326 -59.6397
14.326 59.6397
14.327 -59.6455
14.327 59.6455
14.328 -59.6514
14.328 59.6514
14.329 -59.6573
14.329 59.6573
14.33 -59.6632
14.33 59.6632
14.331 -59.6691
14.331 59.6691
14.332 -59.675
14.332 59.675
14.333 -59.6808
14.333 59.6808
14.334 -59.6867
14.334 59.6867
14.335 -59.6926
14.335 59.6926
14.336 -59.6985
14.336 59.6985
14.337 -59.7044
14.337 59.7044
14.338 -59.7103
14.338 59.7103
14.339 -59.7161
14.339 59.7161
14.34 -59.722
14.34 59.722
14.341 -59.7279
14.341 59.7279
14.342 -59.7338
14.342 59.7338
14.343 -59.7397
14.343 59.7397
14.344 -59.7456
14.344 59.7456
14.345 -59.7515
14.345 59.7515
14.346 -59.7573
14.346 59.7573
14.347 -59.7632
14.347 59.7632
14.348 -59.7691
14.348 59.7691
14.349 -59.775
14.349 59.775
14.35 -59.7809
14.35 59.7809
14.351 -59.7868
14.351 59.7868
14.352 -59.7927
14.352 59.7927
14.353 -59.7986
14.353 59.7986
14.354 -59.8044
14.354 59.8044
14.355 -59.8103
14.355 59.8103
14.356 -59.8162
14.356 59.8162
14.357 -59.8221
14.357 59.8221
14.358 -59.828
14.358 59.828
14.359 -59.8339
14.359 59.8339
14.36 -59.8398
14.36 59.8398
14.361 -59.8457
14.361 59.8457
14.362 -59.8516
14.362 59.8516
14.363 -59.8574
14.363 59.8574
14.364 -59.8633
14.364 59.8633
14.365 -59.8692
14.365 59.8692
14.366 -59.8751
14.366 59.8751
14.367 -59.881
14.367 59.881
14.368 -59.8869
14.368 59.8869
14.369 -59.8928
14.369 59.8928
14.37 -59.8987
14.37 59.8987
14.371 -59.9046
14.371 59.9046
14.372 -59.9105
14.372 59.9105
14.373 -59.9163
14.373 59.9163
14.374 -59.9222
14.374 59.9222
14.375 -59.9281
14.375 59.9281
14.376 -59.934
14.376 59.934
14.377 -59.9399
14.377 59.9399
14.378 -59.9458
14.378 59.9458
14.379 -59.9517
14.379 59.9517
14.38 -59.9576
14.38 59.9576
14.381 -59.9635
14.381 59.9635
14.382 -59.9694
14.382 59.9694
14.383 -59.9753
14.383 59.9753
14.384 -59.9812
14.384 59.9812
14.385 -59.9871
14.385 59.9871
14.386 -59.993
14.386 59.993
14.387 -59.9988
14.387 59.9988
14.388 -60.0047
14.388 60.0047
14.389 -60.0106
14.389 60.0106
14.39 -60.0165
14.39 60.0165
14.391 -60.0224
14.391 60.0224
14.392 -60.0283
14.392 60.0283
14.393 -60.0342
14.393 60.0342
14.394 -60.0401
14.394 60.0401
14.395 -60.046
14.395 60.046
14.396 -60.0519
14.396 60.0519
14.397 -60.0578
14.397 60.0578
14.398 -60.0637
14.398 60.0637
14.399 -60.0696
14.399 60.0696
14.4 -60.0755
14.4 60.0755
14.401 -60.0814
14.401 60.0814
14.402 -60.0873
14.402 60.0873
14.403 -60.0932
14.403 60.0932
14.404 -60.0991
14.404 60.0991
14.405 -60.105
14.405 60.105
14.406 -60.1109
14.406 60.1109
14.407 -60.1168
14.407 60.1168
14.408 -60.1227
14.408 60.1227
14.409 -60.1286
14.409 60.1286
14.41 -60.1345
14.41 60.1345
14.411 -60.1404
14.411 60.1404
14.412 -60.1463
14.412 60.1463
14.413 -60.1522
14.413 60.1522
14.414 -60.1581
14.414 60.1581
14.415 -60.164
14.415 60.164
14.416 -60.1699
14.416 60.1699
14.417 -60.1758
14.417 60.1758
14.418 -60.1817
14.418 60.1817
14.419 -60.1876
14.419 60.1876
14.42 -60.1935
14.42 60.1935
14.421 -60.1994
14.421 60.1994
14.422 -60.2053
14.422 60.2053
14.423 -60.2112
14.423 60.2112
14.424 -60.2171
14.424 60.2171
14.425 -60.223
14.425 60.223
14.426 -60.2289
14.426 60.2289
14.427 -60.2348
14.427 60.2348
14.428 -60.2407
14.428 60.2407
14.429 -60.2466
14.429 60.2466
14.43 -60.2525
14.43 60.2525
14.431 -60.2584
14.431 60.2584
14.432 -60.2643
14.432 60.2643
14.433 -60.2702
14.433 60.2702
14.434 -60.2761
14.434 60.2761
14.435 -60.282
14.435 60.282
14.436 -60.2879
14.436 60.2879
14.437 -60.2938
14.437 60.2938
14.438 -60.2997
14.438 60.2997
14.439 -60.3056
14.439 60.3056
14.44 -60.3115
14.44 60.3115
14.441 -60.3174
14.441 60.3174
14.442 -60.3233
14.442 60.3233
14.443 -60.3292
14.443 60.3292
14.444 -60.3351
14.444 60.3351
14.445 -60.341
14.445 60.341
14.446 -60.3469
14.446 60.3469
14.447 -60.3528
14.447 60.3528
14.448 -60.3587
14.448 60.3587
14.449 -60.3646
14.449 60.3646
14.45 -60.3706
14.45 60.3706
14.451 -60.3765
14.451 60.3765
14.452 -60.3824
14.452 60.3824
14.453 -60.3883
14.453 60.3883
14.454 -60.3942
14.454 60.3942
14.455 -60.4001
14.455 60.4001
14.456 -60.406
14.456 60.406
14.457 -60.4119
14.457 60.4119
14.458 -60.4178
14.458 60.4178
14.459 -60.4237
14.459 60.4237
14.46 -60.4296
14.46 60.4296
14.461 -60.4355
14.461 60.4355
14.462 -60.4414
14.462 60.4414
14.463 -60.4473
14.463 60.4473
14.464 -60.4533
14.464 60.4533
14.465 -60.4592
14.465 60.4592
14.466 -60.4651
14.466 60.4651
14.467 -60.471
14.467 60.471
14.468 -60.4769
14.468 60.4769
14.469 -60.4828
14.469 60.4828
14.47 -60.4887
14.47 60.4887
14.471 -60.4946
14.471 60.4946
14.472 -60.5005
14.472 60.5005
14.473 -60.5064
14.473 60.5064
14.474 -60.5124
14.474 60.5124
14.475 -60.5183
14.475 60.5183
14.476 -60.5242
14.476 60.5242
14.477 -60.5301
14.477 60.5301
14.478 -60.536
14.478 60.536
14.479 -60.5419
14.479 60.5419
14.48 -60.5478
14.48 60.5478
14.481 -60.5537
14.481 60.5537
14.482 -60.5596
14.482 60.5596
14.483 -60.5656
14.483 60.5656
14.484 -60.5715
14.484 60.5715
14.485 -60.5774
14.485 60.5774
14.486 -60.5833
14.486 60.5833
14.487 -60.5892
14.487 60.5892
14.488 -60.5951
14.488 60.5951
14.489 -60.601
14.489 60.601
14.49 -60.6069
14.49 60.6069
14.491 -60.6129
14.491 60.6129
14.492 -60.6188
14.492 60.6188
14.493 -60.6247
14.493 60.6247
14.494 -60.6306
14.494 60.6306
14.495 -60.6365
14.495 60.6365
14.496 -60.6424
14.496 60.6424
14.497 -60.6483
14.497 60.6483
14.498 -60.6543
14.498 60.6543
14.499 -60.6602
14.499 60.6602
14.5 -60.6661
14.5 60.6661
14.501 -60.672
14.501 60.672
14.502 -60.6779
14.502 60.6779
14.503 -60.6838
14.503 60.6838
14.504 -60.6898
14.504 60.6898
14.505 -60.6957
14.505 60.6957
14.506 -60.7016
14.506 60.7016
14.507 -60.7075
14.507 60.7075
14.508 -60.7134
14.508 60.7134
14.509 -60.7193
14.509 60.7193
14.51 -60.7253
14.51 60.7253
14.511 -60.7312
14.511 60.7312
14.512 -60.7371
14.512 60.7371
14.513 -60.743
14.513 60.743
14.514 -60.7489
14.514 60.7489
14.515 -60.7548
14.515 60.7548
14.516 -60.7608
14.516 60.7608
14.517 -60.7667
14.517 60.7667
14.518 -60.7726
14.518 60.7726
14.519 -60.7785
14.519 60.7785
14.52 -60.7844
14.52 60.7844
14.521 -60.7904
14.521 60.7904
14.522 -60.7963
14.522 60.7963
14.523 -60.8022
14.523 60.8022
14.524 -60.8081
14.524 60.8081
14.525 -60.814
14.525 60.814
14.526 -60.82
14.526 60.82
14.527 -60.8259
14.527 60.8259
14.528 -60.8318
14.528 60.8318
14.529 -60.8377
14.529 60.8377
14.53 -60.8436
14.53 60.8436
14.531 -60.8496
14.531 60.8496
14.532 -60.8555
14.532 60.8555
14.533 -60.8614
14.533 60.8614
14.534 -60.8673
14.534 60.8673
14.535 -60.8733
14.535 60.8733
14.536 -60.8792
14.536 60.8792
14.537 -60.8851
14.537 60.8851
14.538 -60.891
14.538 60.891
14.539 -60.8969
14.539 60.8969
14.54 -60.9029
14.54 60.9029
14.541 -60.9088
14.541 60.9088
14.542 -60.9147
14.542 60.9147
14.543 -60.9206
14.543 60.9206
14.544 -60.9266
14.544 60.9266
14.545 -60.9325
14.545 60.9325
14.546 -60.9384
14.546 60.9384
14.547 -60.9443
14.547 60.9443
14.548 -60.9503
14.548 60.9503
14.549 -60.9562
14.549 60.9562
14.55 -60.9621
14.55 60.9621
14.551 -60.968
14.551 60.968
14.552 -60.974
14.552 60.974
14.553 -60.9799
14.553 60.9799
14.554 -60.9858
14.554 60.9858
14.555 -60.9917
14.555 60.9917
14.556 -60.9977
14.556 60.9977
14.557 -61.0036
14.557 61.0036
14.558 -61.0095
14.558 61.0095
14.559 -61.0154
14.559 61.0154
14.56 -61.0214
14.56 61.0214
14.561 -61.0273
14.561 61.0273
14.562 -61.0332
14.562 61.0332
14.563 -61.0392
14.563 61.0392
14.564 -61.0451
14.564 61.0451
14.565 -61.051
14.565 61.051
14.566 -61.0569
14.566 61.0569
14.567 -61.0629
14.567 61.0629
14.568 -61.0688
14.568 61.0688
14.569 -61.0747
14.569 61.0747
14.57 -61.0806
14.57 61.0806
14.571 -61.0866
14.571 61.0866
14.572 -61.0925
14.572 61.0925
14.573 -61.0984
14.573 61.0984
14.574 -61.1044
14.574 61.1044
14.575 -61.1103
14.575 61.1103
14.576 -61.1162
14.576 61.1162
14.577 -61.1222
14.577 61.1222
14.578 -61.1281
14.578 61.1281
14.579 -61.134
14.579 61.134
14.58 -61.1399
14.58 61.1399
14.581 -61.1459
14.581 61.1459
14.582 -61.1518
14.582 61.1518
14.583 -61.1577
14.583 61.1577
14.584 -61.1637
14.584 61.1637
14.585 -61.1696
14.585 61.1696
14.586 -61.1755
14.586 61.1755
14.587 -61.1815
14.587 61.1815
14.588 -61.1874
14.588 61.1874
14.589 -61.1933
14.589 61.1933
14.59 -61.1993
14.59 61.1993
14.591 -61.2052
14.591 61.2052
14.592 -61.2111
14.592 61.2111
14.593 -61.2171
14.593 61.2171
14.594 -61.223
14.594 61.223
14.595 -61.2289
14.595 61.2289
14.596 -61.2349
14.596 61.2349
14.597 -61.2408
14.597 61.2408
14.598 -61.2467
14.598 61.2467
14.599 -61.2527
14.599 61.2527
14.6 -61.2586
14.6 61.2586
14.601 -61.2645
14.601 61.2645
14.602 -61.2705
14.602 61.2705
14.603 -61.2764
14.603 61.2764
14.604 -61.2823
14.604 61.2823
14.605 -61.2883
14.605 61.2883
14.606 -61.2942
14.606 61.2942
14.607 -61.3001
14.607 61.3001
14.608 -61.3061
14.608 61.3061
14.609 -61.312
14.609 61.312
14.61 -61.318
14.61 61.318
14.611 -61.3239
14.611 61.3239
14.612 -61.3298
14.612 61.3298
14.613 -61.3358
14.613 61.3358
14.614 -61.3417
14.614 61.3417
14.615 -61.3476
14.615 61.3476
14.616 -61.3536
14.616 61.3536
14.617 -61.3595
14.617 61.3595
14.618 -61.3655
14.618 61.3655
14.619 -61.3714
14.619 61.3714
14.62 -61.3773
14.62 61.3773
14.621 -61.3833
14.621 61.3833
14.622 -61.3892
14.622 61.3892
14.623 -61.3951
14.623 61.3951
14.624 -61.4011
14.624 61.4011
14.625 -61.407
14.625 61.407
14.626 -61.413
14.626 61.413
14.627 -61.4189
14.627 61.4189
14.628 -61.4248
14.628 61.4248
14.629 -61.4308
14.629 61.4308
14.63 -61.4367
14.63 61.4367
14.631 -61.4427
14.631 61.4427
14.632 -61.4486
14.632 61.4486
14.633 -61.4545
14.633 61.4545
14.634 -61.4605
14.634 61.4605
14.635 -61.4664
14.635 61.4664
14.636 -61.4724
14.636 61.4724
14.637 -61.4783
14.637 61.4783
14.638 -61.4842
14.638 61.4842
14.639 -61.4902
14.639 61.4902
14.64 -61.4961
14.64 61.4961
14.641 -61.5021
14.641 61.5021
14.642 -61.508
14.642 61.508
14.643 -61.514
14.643 61.514
14.644 -61.5199
14.644 61.5199
14.645 -61.5258
14.645 61.5258
14.646 -61.5318
14.646 61.5318
14.647 -61.5377
14.647 61.5377
14.648 -61.5437
14.648 61.5437
14.649 -61.5496
14.649 61.5496
14.65 -61.5556
14.65 61.5556
14.651 -61.5615
14.651 61.5615
14.652 -61.5674
14.652 61.5674
14.653 -61.5734
14.653 61.5734
14.654 -61.5793
14.654 61.5793
14.655 -61.5853
14.655 61.5853
14.656 -61.5912
14.656 61.5912
14.657 -61.5972
14.657 61.5972
14.658 -61.6031
14.658 61.6031
14.659 -61.6091
14.659 61.6091
14.66 -61.615
14.66 61.615
14.661 -61.621
14.661 61.621
14.662 -61.6269
14.662 61.6269
14.663 -61.6328
14.663 61.6328
14.664 -61.6388
14.664 61.6388
14.665 -61.6447
14.665 61.6447
14.666 -61.6507
14.666 61.6507
14.667 -61.6566
14.667 61.6566
14.668 -61.6626
14.668 61.6626
14.669 -61.6685
14.669 61.6685
14.67 -61.6745
14.67 61.6745
14.671 -61.6804
14.671 61.6804
14.672 -61.6864
14.672 61.6864
14.673 -61.6923
14.673 61.6923
14.674 -61.6983
14.674 61.6983
14.675 -61.7042
14.675 61.7042
14.676 -61.7102
14.676 61.7102
14.677 -61.7161
14.677 61.7161
14.678 -61.7221
14.678 61.7221
14.679 -61.728
14.679 61.728
14.68 -61.734
14.68 61.734
14.681 -61.7399
14.681 61.7399
14.682 -61.7459
14.682 61.7459
14.683 -61.7518
14.683 61.7518
14.684 -61.7578
14.684 61.7578
14.685 -61.7637
14.685 61.7637
14.686 -61.7697
14.686 61.7697
14.687 -61.7756
14.687 61.7756
14.688 -61.7816
14.688 61.7816
14.689 -61.7875
14.689 61.7875
14.69 -61.7935
14.69 61.7935
14.691 -61.7994
14.691 61.7994
14.692 -61.8054
14.692 61.8054
14.693 -61.8113
14.693 61.8113
14.694 -61.8173
14.694 61.8173
14.695 -61.8232
14.695 61.8232
14.696 -61.8292
14.696 61.8292
14.697 -61.8351
14.697 61.8351
14.698 -61.8411
14.698 61.8411
14.699 -61.847
14.699 61.847
14.7 -61.853
14.7 61.853
14.701 -61.8589
14.701 61.8589
14.702 -61.8649
14.702 61.8649
14.703 -61.8709
14.703 61.8709
14.704 -61.8768
14.704 61.8768
14.705 -61.8828
14.705 61.8828
14.706 -61.8887
14.706 61.8887
14.707 -61.8947
14.707 61.8947
14.708 -61.9006
14.708 61.9006
14.709 -61.9066
14.709 61.9066
14.71 -61.9125
14.71 61.9125
14.711 -61.9185
14.711 61.9185
14.712 -61.9244
14.712 61.9244
14.713 -61.9304
14.713 61.9304
14.714 -61.9364
14.714 61.9364
14.715 -61.9423
14.715 61.9423
14.716 -61.9483
14.716 61.9483
14.717 -61.9542
14.717 61.9542
14.718 -61.9602
14.718 61.9602
14.719 -61.9661
14.719 61.9661
14.72 -61.9721
14.72 61.9721
14.721 -61.9781
14.721 61.9781
14.722 -61.984
14.722 61.984
14.723 -61.99
14.723 61.99
14.724 -61.9959
14.724 61.9959
14.725 -62.0019
14.725 62.0019
14.726 -62.0078
14.726 62.0078
14.727 -62.0138
14.727 62.0138
14.728 -62.0198
14.728 62.0198
14.729 -62.0257
14.729 62.0257
14.73 -62.0317
14.73 62.0317
14.731 -62.0376
14.731 62.0376
14.732 -62.0436
14.732 62.0436
14.733 -62.0496
14.733 62.0496
14.734 -62.0555
14.734 62.0555
14.735 -62.0615
14.735 62.0615
14.736 -62.0674
14.736 62.0674
14.737 -62.0734
14.737 62.0734
14.738 -62.0794
14.738 62.0794
14.739 -62.0853
14.739 62.0853
14.74 -62.0913
14.74 62.0913
14.741 -62.0972
14.741 62.0972
14.742 -62.1032
14.742 62.1032
14.743 -62.1092
14.743 62.1092
14.744 -62.1151
14.744 62.1151
14.745 -62.1211
14.745 62.1211
14.746 -62.1271
14.746 62.1271
14.747 -62.133
14.747 62.133
14.748 -62.139
14.748 62.139
14.749 -62.1449
14.749 62.1449
14.75 -62.1509
14.75 62.1509
14.751 -62.1569
14.751 62.1569
14.752 -62.1628
14.752 62.1628
14.753 -62.1688
14.753 62.1688
14.754 -62.1748
14.754 62.1748
14.755 -62.1807
14.755 62.1807
14.756 -62.1867
14.756 62.1867
14.757 -62.1926
14.757 62.1926
14.758 -62.1986
14.758 62.1986
14.759 -62.2046
14.759 62.2046
14.76 -62.2105
14.76 62.2105
14.761 -62.2165
14.761 62.2165
14.762 -62.2225
14.762 62.2225
14.763 -62.2284
14.763 62.2284
14.764 -62.2344
14.764 62.2344
14.765 -62.2404
14.765 62.2404
14.766 -62.2463
14.766 62.2463
14.767 -62.2523
14.767 62.2523
14.768 -62.2583
14.768 62.2583
14.769 -62.2642
14.769 62.2642
14.77 -62.2702
14.77 62.2702
14.771 -62.2762
14.771 62.2762
14.772 -62.2821
14.772 62.2821
14.773 -62.2881
14.773 62.2881
14.774 -62.2941
14.774 62.2941
14.775 -62.3
14.775 62.3
14.776 -62.306
14.776 62.306
14.777 -62.312
14.777 62.312
14.778 -62.3179
14.778 62.3179
14.779 -62.3239
14.779 62.3239
14.78 -62.3299
14.78 62.3299
14.781 -62.3358
14.781 62.3358
14.782 -62.3418
14.782 62.3418
14.783 -62.3478
14.783 62.3478
14.784 -62.3537
14.784 62.3537
14.785 -62.3597
14.785 62.3597
14.786 -62.3657
14.786 62.3657
14.787 -62.3717
14.787 62.3717
14.788 -62.3776
14.788 62.3776
14.789 -62.3836
14.789 62.3836
14.79 -62.3896
14.79 62.3896
14.791 -62.3955
14.791 62.3955
14.792 -62.4015
14.792 62.4015
14.793 -62.4075
14.793 62.4075
14.794 -62.4134
14.794 62.4134
14.795 -62.4194
14.795 62.4194
14.796 -62.4254
14.796 62.4254
14.797 -62.4314
14.797 62.4314
14.798 -62.4373
14.798 62.4373
14.799 -62.4433
14.799 62.4433
14.8 -62.4493
14.8 62.4493
14.801 -62.4552
14.801 62.4552
14.802 -62.4612
14.802 62.4612
14.803 -62.4672
14.803 62.4672
14.804 -62.4732
14.804 62.4732
14.805 -62.4791
14.805 62.4791
14.806 -62.4851
14.806 62.4851
14.807 -62.4911
14.807 62.4911
14.808 -62.4971
14.808 62.4971
14.809 -62.503
14.809 62.503
14.81 -62.509
14.81 62.509
14.811 -62.515
14.811 62.515
14.812 -62.521
14.812 62.521
14.813 -62.5269
14.813 62.5269
14.814 -62.5329
14.814 62.5329
14.815 -62.5389
14.815 62.5389
14.816 -62.5449
14.816 62.5449
14.817 -62.5508
14.817 62.5508
14.818 -62.5568
14.818 62.5568
14.819 -62.5628
14.819 62.5628
14.82 -62.5688
14.82 62.5688
14.821 -62.5747
14.821 62.5747
14.822 -62.5807
14.822 62.5807
14.823 -62.5867
14.823 62.5867
14.824 -62.5927
14.824 62.5927
14.825 -62.5986
14.825 62.5986
14.826 -62.6046
14.826 62.6046
14.827 -62.6106
14.827 62.6106
14.828 -62.6166
14.828 62.6166
14.829 -62.6225
14.829 62.6225
14.83 -62.6285
14.83 62.6285
14.831 -62.6345
14.831 62.6345
14.832 -62.6405
14.832 62.6405
14.833 -62.6465
14.833 62.6465
14.834 -62.6524
14.834 62.6524
14.835 -62.6584
14.835 62.6584
14.836 -62.6644
14.836 62.6644
14.837 -62.6704
14.837 62.6704
14.838 -62.6764
14.838 62.6764
14.839 -62.6823
14.839 62.6823
14.84 -62.6883
14.84 62.6883
14.841 -62.6943
14.841 62.6943
14.842 -62.7003
14.842 62.7003
14.843 -62.7063
14.843 62.7063
14.844 -62.7122
14.844 62.7122
14.845 -62.7182
14.845 62.7182
14.846 -62.7242
14.846 62.7242
14.847 -62.7302
14.847 62.7302
14.848 -62.7362
14.848 62.7362
14.849 -62.7421
14.849 62.7421
14.85 -62.7481
14.85 62.7481
14.851 -62.7541
14.851 62.7541
14.852 -62.7601
14.852 62.7601
14.853 -62.7661
14.853 62.7661
14.854 -62.772
14.854 62.772
14.855 -62.778
14.855 62.778
14.856 -62.784
14.856 62.784
14.857 -62.79
14.857 62.79
14.858 -62.796
14.858 62.796
14.859 -62.802
14.859 62.802
14.86 -62.8079
14.86 62.8079
14.861 -62.8139
14.861 62.8139
14.862 -62.8199
14.862 62.8199
14.863 -62.8259
14.863 62.8259
14.864 -62.8319
14.864 62.8319
14.865 -62.8379
14.865 62.8379
14.866 -62.8438
14.866 62.8438
14.867 -62.8498
14.867 62.8498
14.868 -62.8558
14.868 62.8558
14.869 -62.8618
14.869 62.8618
14.87 -62.8678
14.87 62.8678
14.871 -62.8738
14.871 62.8738
14.872 -62.8798
14.872 62.8798
14.873 -62.8857
14.873 62.8857
14.874 -62.8917
14.874 62.8917
14.875 -62.8977
14.875 62.8977
14.876 -62.9037
14.876 62.9037
14.877 -62.9097
14.877 62.9097
14.878 -62.9157
14.878 62.9157
14.879 -62.9217
14.879 62.9217
14.88 -62.9277
14.88 62.9277
14.881 -62.9336
14.881 62.9336
14.882 -62.9396
14.882 62.9396
14.883 -62.9456
14.883 62.9456
14.884 -62.9516
14.884 62.9516
14.885 -62.9576
14.885 62.9576
14.886 -62.9636
14.886 62.9636
14.887 -62.9696
14.887 62.9696
14.888 -62.9756
14.888 62.9756
14.889 -62.9815
14.889 62.9815
14.89 -62.9875
14.89 62.9875
14.891 -62.9935
14.891 62.9935
14.892 -62.9995
14.892 62.9995
14.893 -63.0055
14.893 63.0055
14.894 -63.0115
14.894 63.0115
14.895 -63.0175
14.895 63.0175
14.896 -63.0235
14.896 63.0235
14.897 -63.0295
14.897 63.0295
14.898 -63.0355
14.898 63.0355
14.899 -63.0414
14.899 63.0414
14.9 -63.0474
14.9 63.0474
14.901 -63.0534
14.901 63.0534
14.902 -63.0594
14.902 63.0594
14.903 -63.0654
14.903 63.0654
14.904 -63.0714
14.904 63.0714
14.905 -63.0774
14.905 63.0774
14.906 -63.0834
14.906 63.0834
14.907 -63.0894
14.907 63.0894
14.908 -63.0954
14.908 63.0954
14.909 -63.1014
14.909 63.1014
14.91 -63.1074
14.91 63.1074
14.911 -63.1133
14.911 63.1133
14.912 -63.1193
14.912 63.1193
14.913 -63.1253
14.913 63.1253
14.914 -63.1313
14.914 63.1313
14.915 -63.1373
14.915 63.1373
14.916 -63.1433
14.916 63.1433
14.917 -63.1493
14.917 63.1493
14.918 -63.1553
14.918 63.1553
14.919 -63.1613
14.919 63.1613
14.92 -63.1673
14.92 63.1673
14.921 -63.1733
14.921 63.1733
14.922 -63.1793
14.922 63.1793
14.923 -63.1853
14.923 63.1853
14.924 -63.1913
14.924 63.1913
14.925 -63.1973
14.925 63.1973
14.926 -63.2033
14.926 63.2033
14.927 -63.2093
14.927 63.2093
14.928 -63.2153
14.928 63.2153
14.929 -63.2213
14.929 63.2213
14.93 -63.2272
14.93 63.2272
14.931 -63.2332
14.931 63.2332
14.932 -63.2392
14.932 63.2392
14.933 -63.2452
14.933 63.2452
14.934 -63.2512
14.934 63.2512
14.935 -63.2572
14.935 63.2572
14.936 -63.2632
14.936 63.2632
14.937 -63.2692
14.937 63.2692
14.938 -63.2752
14.938 63.2752
14.939 -63.2812
14.939 63.2812
14.94 -63.2872
14.94 63.2872
14.941 -63.2932
14.941 63.2932
14.942 -63.2992
14.942 63.2992
14.943 -63.3052
14.943 63.3052
14.944 -63.3112
14.944 63.3112
14.945 -63.3172
14.945 63.3172
14.946 -63.3232
14.946 63.3232
14.947 -63.3292
14.947 63.3292
14.948 -63.3352
14.948 63.3352
14.949 -63.3412
14.949 63.3412
14.95 -63.3472
14.95 63.3472
14.951 -63.3532
14.951 63.3532
14.952 -63.3592
14.952 63.3592
14.953 -63.3652
14.953 63.3652
14.954 -63.3712
14.954 63.3712
14.955 -63.3772
14.955 63.3772
14.956 -63.3832
14.956 63.3832
14.957 -63.3892
14.957 63.3892
14.958 -63.3952
14.958 63.3952
14.959 -63.4012
14.959 63.4012
14.96 -63.4072
14.96 63.4072
14.961 -63.4132
14.961 63.4132
14.962 -63.4192
14.962 63.4192
14.963 -63.4252
14.963 63.4252
14.964 -63.4312
14.964 63.4312
14.965 -63.4372
14.965 63.4372
14.966 -63.4432
14.966 63.4432
14.967 -63.4492
14.967 63.4492
14.968 -63.4553
14.968 63.4553
14.969 -63.4613
14.969 63.4613
14.97 -63.4673
14.97 63.4673
14.971 -63.4733
14.971 63.4733
14.972 -63.4793
14.972 63.4793
14.973 -63.4853
14.973 63.4853
14.974 -63.4913
14.974 63.4913
14.975 -63.4973
14.975 63.4973
14.976 -63.5033
14.976 63.5033
14.977 -63.5093
14.977 63.5093
14.978 -63.5153
14.978 63.5153
14.979 -63.5213
14.979 63.5213
14.98 -63.5273
14.98 63.5273
14.981 -63.5333
14.981 63.5333
14.982 -63.5393
14.982 63.5393
14.983 -63.5453
14.983 63.5453
14.984 -63.5513
14.984 63.5513
14.985 -63.5573
14.985 63.5573
14.986 -63.5633
14.986 63.5633
14.987 -63.5694
14.987 63.5694
14.988 -63.5754
14.988 63.5754
14.989 -63.5814
14.989 63.5814
14.99 -63.5874
14.99 63.5874
14.991 -63.5934
14.991 63.5934
14.992 -63.5994
14.992 63.5994
14.993 -63.6054
14.993 63.6054
14.994 -63.6114
14.994 63.6114
14.995 -63.6174
14.995 63.6174
14.996 -63.6234
14.996 63.6234
14.997 -63.6294
14.997 63.6294
14.998 -63.6354
14.998 63.6354
14.999 -63.6415
14.999 63.6415
15 -63.6475
15 63.6475
15.001 -63.6535
15.001 63.6535
15.002 -63.6595
15.002 63.6595
15.003 -63.6655
15.003 63.6655
15.004 -63.6715
15.004 63.6715
15.005 -63.6775
15.005 63.6775
15.006 -63.6835
15.006 63.6835
15.007 -63.6895
15.007 63.6895
15.008 -63.6955
15.008 63.6955
15.009 -63.7016
15.009 63.7016
15.01 -63.7076
15.01 63.7076
15.011 -63.7136
15.011 63.7136
15.012 -63.7196
15.012 63.7196
15.013 -63.7256
15.013 63.7256
15.014 -63.7316
15.014 63.7316
15.015 -63.7376
15.015 63.7376
15.016 -63.7436
15.016 63.7436
15.017 -63.7497
15.017 63.7497
15.018 -63.7557
15.018 63.7557
15.019 -63.7617
15.019 63.7617
15.02 -63.7677
15.02 63.7677
15.021 -63.7737
15.021 63.7737
15.022 -63.7797
15.022 63.7797
15.023 -63.7857
15.023 63.7857
15.024 -63.7918
15.024 63.7918
15.025 -63.7978
15.025 63.7978
15.026 -63.8038
15.026 63.8038
15.027 -63.8098
15.027 63.8098
15.028 -63.8158
15.028 63.8158
15.029 -63.8218
15.029 63.8218
15.03 -63.8278
15.03 63.8278
15.031 -63.8339
15.031 63.8339
15.032 -63.8399
15.032 63.8399
15.033 -63.8459
15.033 63.8459
15.034 -63.8519
15.034 63.8519
15.035 -63.8579
15.035 63.8579
15.036 -63.8639
15.036 63.8639
15.037 -63.87
15.037 63.87
15.038 -63.876
15.038 63.876
15.039 -63.882
15.039 63.882
15.04 -63.888
15.04 63.888
15.041 -63.894
15.041 63.894
15.042 -63.9
15.042 63.9
15.043 -63.9061
15.043 63.9061
15.044 -63.9121
15.044 63.9121
15.045 -63.9181
15.045 63.9181
15.046 -63.9241
15.046 63.9241
15.047 -63.9301
15.047 63.9301
15.048 -63.9361
15.048 63.9361
15.049 -63.9422
15.049 63.9422
15.05 -63.9482
15.05 63.9482
15.051 -63.9542
15.051 63.9542
15.052 -63.9602
15.052 63.9602
15.053 -63.9662
15.053 63.9662
15.054 -63.9723
15.054 63.9723
15.055 -63.9783
15.055 63.9783
15.056 -63.9843
15.056 63.9843
15.057 -63.9903
15.057 63.9903
15.058 -63.9963
15.058 63.9963
15.059 -64.0024
15.059 64.0024
15.06 -64.0084
15.06 64.0084
15.061 -64.0144
15.061 64.0144
15.062 -64.0204
15.062 64.0204
15.063 -64.0264
15.063 64.0264
15.064 -64.0325
15.064 64.0325
15.065 -64.0385
15.065 64.0385
15.066 -64.0445
15.066 64.0445
15.067 -64.0505
15.067 64.0505
15.068 -64.0566
15.068 64.0566
15.069 -64.0626
15.069 64.0626
15.07 -64.0686
15.07 64.0686
15.071 -64.0746
15.071 64.0746
15.072 -64.0806
15.072 64.0806
15.073 -64.0867
15.073 64.0867
15.074 -64.0927
15.074 64.0927
15.075 -64.0987
15.075 64.0987
15.076 -64.1047
15.076 64.1047
15.077 -64.1108
15.077 64.1108
15.078 -64.1168
15.078 64.1168
15.079 -64.1228
15.079 64.1228
15.08 -64.1288
15.08 64.1288
15.081 -64.1349
15.081 64.1349
15.082 -64.1409
15.082 64.1409
15.083 -64.1469
15.083 64.1469
15.084 -64.1529
15.084 64.1529
15.085 -64.159
15.085 64.159
15.086 -64.165
15.086 64.165
15.087 -64.171
15.087 64.171
15.088 -64.177
15.088 64.177
15.089 -64.1831
15.089 64.1831
15.09 -64.1891
15.09 64.1891
15.091 -64.1951
15.091 64.1951
15.092 -64.2011
15.092 64.2011
15.093 -64.2072
15.093 64.2072
15.094 -64.2132
15.094 64.2132
15.095 -64.2192
15.095 64.2192
15.096 -64.2253
15.096 64.2253
15.097 -64.2313
15.097 64.2313
15.098 -64.2373
15.098 64.2373
15.099 -64.2433
15.099 64.2433
15.1 -64.2494
15.1 64.2494
15.101 -64.2554
15.101 64.2554
15.102 -64.2614
15.102 64.2614
15.103 -64.2675
15.103 64.2675
15.104 -64.2735
15.104 64.2735
15.105 -64.2795
15.105 64.2795
15.106 -64.2855
15.106 64.2855
15.107 -64.2916
15.107 64.2916
15.108 -64.2976
15.108 64.2976
15.109 -64.3036
15.109 64.3036
15.11 -64.3097
15.11 64.3097
15.111 -64.3157
15.111 64.3157
15.112 -64.3217
15.112 64.3217
15.113 -64.3277
15.113 64.3277
15.114 -64.3338
15.114 64.3338
15.115 -64.3398
15.115 64.3398
15.116 -64.3458
15.116 64.3458
15.117 -64.3519
15.117 64.3519
15.118 -64.3579
15.118 64.3579
15.119 -64.3639
15.119 64.3639
15.12 -64.37
15.12 64.37
15.121 -64.376
15.121 64.376
15.122 -64.382
15.122 64.382
15.123 -64.3881
15.123 64.3881
15.124 -64.3941
15.124 64.3941
15.125 -64.4001
15.125 64.4001
15.126 -64.4062
15.126 64.4062
15.127 -64.4122
15.127 64.4122
15.128 -64.4182
15.128 64.4182
15.129 -64.4243
15.129 64.4243
15.13 -64.4303
15.13 64.4303
15.131 -64.4363
15.131 64.4363
15.132 -64.4424
15.132 64.4424
15.133 -64.4484
15.133 64.4484
15.134 -64.4544
15.134 64.4544
15.135 -64.4605
15.135 64.4605
15.136 -64.4665
15.136 64.4665
15.137 -64.4725
15.137 64.4725
15.138 -64.4786
15.138 64.4786
15.139 -64.4846
15.139 64.4846
15.14 -64.4906
15.14 64.4906
15.141 -64.4967
15.141 64.4967
15.142 -64.5027
15.142 64.5027
15.143 -64.5088
15.143 64.5088
15.144 -64.5148
15.144 64.5148
15.145 -64.5208
15.145 64.5208
15.146 -64.5269
15.146 64.5269
15.147 -64.5329
15.147 64.5329
15.148 -64.5389
15.148 64.5389
15.149 -64.545
15.149 64.545
15.15 -64.551
15.15 64.551
15.151 -64.5571
15.151 64.5571
15.152 -64.5631
15.152 64.5631
15.153 -64.5691
15.153 64.5691
15.154 -64.5752
15.154 64.5752
15.155 -64.5812
15.155 64.5812
15.156 -64.5872
15.156 64.5872
15.157 -64.5933
15.157 64.5933
15.158 -64.5993
15.158 64.5993
15.159 -64.6054
15.159 64.6054
15.16 -64.6114
15.16 64.6114
15.161 -64.6174
15.161 64.6174
15.162 -64.6235
15.162 64.6235
15.163 -64.6295
15.163 64.6295
15.164 -64.6356
15.164 64.6356
15.165 -64.6416
15.165 64.6416
15.166 -64.6476
15.166 64.6476
15.167 -64.6537
15.167 64.6537
15.168 -64.6597
15.168 64.6597
15.169 -64.6658
15.169 64.6658
15.17 -64.6718
15.17 64.6718
15.171 -64.6778
15.171 64.6778
15.172 -64.6839
15.172 64.6839
15.173 -64.6899
15.173 64.6899
15.174 -64.696
15.174 64.696
15.175 -64.702
15.175 64.702
15.176 -64.7081
15.176 64.7081
15.177 -64.7141
15.177 64.7141
15.178 -64.7201
15.178 64.7201
15.179 -64.7262
15.179 64.7262
15.18 -64.7322
15.18 64.7322
15.181 -64.7383
15.181 64.7383
15.182 -64.7443
15.182 64.7443
15.183 -64.7504
15.183 64.7504
15.184 -64.7564
15.184 64.7564
15.185 -64.7624
15.185 64.7624
15.186 -64.7685
15.186 64.7685
15.187 -64.7745
15.187 64.7745
15.188 -64.7806
15.188 64.7806
15.189 -64.7866
15.189 64.7866
15.19 -64.7927
15.19 64.7927
15.191 -64.7987
15.191 64.7987
15.192 -64.8048
15.192 64.8048
15.193 -64.8108
15.193 64.8108
15.194 -64.8168
15.194 64.8168
15.195 -64.8229
15.195 64.8229
15.196 -64.8289
15.196 64.8289
15.197 -64.835
15.197 64.835
15.198 -64.841
15.198 64.841
15.199 -64.8471
15.199 64.8471
15.2 -64.8531
15.2 64.8531
15.201 -64.8592
15.201 64.8592
15.202 -64.8652
15.202 64.8652
15.203 -64.8713
15.203 64.8713
15.204 -64.8773
15.204 64.8773
15.205 -64.8834
15.205 64.8834
15.206 -64.8894
15.206 64.8894
15.207 -64.8955
15.207 64.8955
15.208 -64.9015
15.208 64.9015
15.209 -64.9076
15.209 64.9076
15.21 -64.9136
15.21 64.9136
15.211 -64.9197
15.211 64.9197
15.212 -64.9257
15.212 64.9257
15.213 -64.9318
15.213 64.9318
15.214 -64.9378
15.214 64.9378
15.215 -64.9439
15.215 64.9439
15.216 -64.9499
15.216 64.9499
15.217 -64.956
15.217 64.956
15.218 -64.962
15.218 64.962
15.219 -64.9681
15.219 64.9681
15.22 -64.9741
15.22 64.9741
15.221 -64.9802
15.221 64.9802
15.222 -64.9862
15.222 64.9862
15.223 -64.9923
15.223 64.9923
15.224 -64.9983
15.224 64.9983
15.225 -65.0044
15.225 65.0044
15.226 -65.0104
15.226 65.0104
15.227 -65.0165
15.227 65.0165
15.228 -65.0225
15.228 65.0225
15.229 -65.0286
15.229 65.0286
15.23 -65.0346
15.23 65.0346
15.231 -65.0407
15.231 65.0407
15.232 -65.0467
15.232 65.0467
15.233 -65.0528
15.233 65.0528
15.234 -65.0588
15.234 65.0588
15.235 -65.0649
15.235 65.0649
15.236 -65.0709
15.236 65.0709
15.237 -65.077
15.237 65.077
15.238 -65.083
15.238 65.083
15.239 -65.0891
15.239 65.0891
15.24 -65.0952
15.24 65.0952
15.241 -65.1012
15.241 65.1012
15.242 -65.1073
15.242 65.1073
15.243 -65.1133
15.243 65.1133
15.244 -65.1194
15.244 65.1194
15.245 -65.1254
15.245 65.1254
15.246 -65.1315
15.246 65.1315
15.247 -65.1375
15.247 65.1375
15.248 -65.1436
15.248 65.1436
15.249 -65.1496
15.249 65.1496
15.25 -65.1557
15.25 65.1557
15.251 -65.1618
15.251 65.1618
15.252 -65.1678
15.252 65.1678
15.253 -65.1739
15.253 65.1739
15.254 -65.1799
15.254 65.1799
15.255 -65.186
15.255 65.186
15.256 -65.192
15.256 65.192
15.257 -65.1981
15.257 65.1981
15.258 -65.2042
15.258 65.2042
15.259 -65.2102
15.259 65.2102
15.26 -65.2163
15.26 65.2163
15.261 -65.2223
15.261 65.2223
15.262 -65.2284
15.262 65.2284
15.263 -65.2344
15.263 65.2344
15.264 -65.2405
15.264 65.2405
15.265 -65.2466
15.265 65.2466
15.266 -65.2526
15.266 65.2526
15.267 -65.2587
15.267 65.2587
15.268 -65.2647
15.268 65.2647
15.269 -65.2708
15.269 65.2708
15.27 -65.2769
15.27 65.2769
15.271 -65.2829
15.271 65.2829
15.272 -65.289
15.272 65.289
15.273 -65.295
15.273 65.295
15.274 -65.3011
15.274 65.3011
15.275 -65.3072
15.275 65.3072
15.276 -65.3132
15.276 65.3132
15.277 -65.3193
15.277 65.3193
15.278 -65.3253
15.278 65.3253
15.279 -65.3314
15.279 65.3314
15.28 -65.3375
15.28 65.3375
15.281 -65.3435
15.281 65.3435
15.282 -65.3496
15.282 65.3496
15.283 -65.3557
15.283 65.3557
15.284 -65.3617
15.284 65.3617
15.285 -65.3678
15.285 65.3678
15.286 -65.3738
15.286 65.3738
15.287 -65.3799
15.287 65.3799
15.288 -65.386
15.288 65.386
15.289 -65.392
15.289 65.392
15.29 -65.3981
15.29 65.3981
15.291 -65.4042
15.291 65.4042
15.292 -65.4102
15.292 65.4102
15.293 -65.4163
15.293 65.4163
15.294 -65.4224
15.294 65.4224
15.295 -65.4284
15.295 65.4284
15.296 -65.4345
15.296 65.4345
15.297 -65.4405
15.297 65.4405
15.298 -65.4466
15.298 65.4466
15.299 -65.4527
15.299 65.4527
15.3 -65.4587
15.3 65.4587
15.301 -65.4648
15.301 65.4648
15.302 -65.4709
15.302 65.4709
15.303 -65.4769
15.303 65.4769
15.304 -65.483
15.304 65.483
15.305 -65.4891
15.305 65.4891
15.306 -65.4951
15.306 65.4951
15.307 -65.5012
15.307 65.5012
15.308 -65.5073
15.308 65.5073
15.309 -65.5133
15.309 65.5133
15.31 -65.5194
15.31 65.5194
15.311 -65.5255
15.311 65.5255
15.312 -65.5315
15.312 65.5315
15.313 -65.5376
15.313 65.5376
15.314 -65.5437
15.314 65.5437
15.315 -65.5497
15.315 65.5497
15.316 -65.5558
15.316 65.5558
15.317 -65.5619
15.317 65.5619
15.318 -65.568
15.318 65.568
15.319 -65.574
15.319 65.574
15.32 -65.5801
15.32 65.5801
15.321 -65.5862
15.321 65.5862
15.322 -65.5922
15.322 65.5922
15.323 -65.5983
15.323 65.5983
15.324 -65.6044
15.324 65.6044
15.325 -65.6104
15.325 65.6104
15.326 -65.6165
15.326 65.6165
15.327 -65.6226
15.327 65.6226
15.328 -65.6286
15.328 65.6286
15.329 -65.6347
15.329 65.6347
15.33 -65.6408
15.33 65.6408
15.331 -65.6469
15.331 65.6469
15.332 -65.6529
15.332 65.6529
15.333 -65.659
15.333 65.659
15.334 -65.6651
15.334 65.6651
15.335 -65.6711
15.335 65.6711
15.336 -65.6772
15.336 65.6772
15.337 -65.6833
15.337 65.6833
15.338 -65.6894
15.338 65.6894
15.339 -65.6954
15.339 65.6954
15.34 -65.7015
15.34 65.7015
15.341 -65.7076
15.341 65.7076
15.342 -65.7137
15.342 65.7137
15.343 -65.7197
15.343 65.7197
15.344 -65.7258
15.344 65.7258
15.345 -65.7319
15.345 65.7319
15.346 -65.7379
15.346 65.7379
15.347 -65.744
15.347 65.744
15.348 -65.7501
15.348 65.7501
15.349 -65.7562
15.349 65.7562
15.35 -65.7622
15.35 65.7622
15.351 -65.7683
15.351 65.7683
15.352 -65.7744
15.352 65.7744
15.353 -65.7805
15.353 65.7805
15.354 -65.7865
15.354 65.7865
15.355 -65.7926
15.355 65.7926
15.356 -65.7987
15.356 65.7987
15.357 -65.8048
15.357 65.8048
15.358 -65.8108
15.358 65.8108
15.359 -65.8169
15.359 65.8169
15.36 -65.823
15.36 65.823
15.361 -65.8291
15.361 65.8291
15.362 -65.8352
15.362 65.8352
15.363 -65.8412
15.363 65.8412
15.364 -65.8473
15.364 65.8473
15.365 -65.8534
15.365 65.8534
15.366 -65.8595
15.366 65.8595
15.367 -65.8655
15.367 65.8655
15.368 -65.8716
15.368 65.8716
15.369 -65.8777
15.369 65.8777
15.37 -65.8838
15.37 65.8838
15.371 -65.8899
15.371 65.8899
15.372 -65.8959
15.372 65.8959
15.373 -65.902
15.373 65.902
15.374 -65.9081
15.374 65.9081
15.375 -65.9142
15.375 65.9142
15.376 -65.9202
15.376 65.9202
15.377 -65.9263
15.377 65.9263
15.378 -65.9324
15.378 65.9324
15.379 -65.9385
15.379 65.9385
15.38 -65.9446
15.38 65.9446
15.381 -65.9506
15.381 65.9506
15.382 -65.9567
15.382 65.9567
15.383 -65.9628
15.383 65.9628
15.384 -65.9689
15.384 65.9689
15.385 -65.975
15.385 65.975
15.386 -65.9811
15.386 65.9811
15.387 -65.9871
15.387 65.9871
15.388 -65.9932
15.388 65.9932
15.389 -65.9993
15.389 65.9993
15.39 -66.0054
15.39 66.0054
15.391 -66.0115
15.391 66.0115
15.392 -66.0175
15.392 66.0175
15.393 -66.0236
15.393 66.0236
15.394 -66.0297
15.394 66.0297
15.395 -66.0358
15.395 66.0358
15.396 -66.0419
15.396 66.0419
15.397 -66.048
15.397 66.048
15.398 -66.054
15.398 66.054
15.399 -66.0601
15.399 66.0601
15.4 -66.0662
15.4 66.0662
15.401 -66.0723
15.401 66.0723
15.402 -66.0784
15.402 66.0784
15.403 -66.0845
15.403 66.0845
15.404 -66.0905
15.404 66.0905
15.405 -66.0966
15.405 66.0966
15.406 -66.1027
15.406 66.1027
15.407 -66.1088
15.407 66.1088
15.408 -66.1149
15.408 66.1149
15.409 -66.121
15.409 66.121
15.41 -66.1271
15.41 66.1271
15.411 -66.1331
15.411 66.1331
15.412 -66.1392
15.412 66.1392
15.413 -66.1453
15.413 66.1453
15.414 -66.1514
15.414 66.1514
15.415 -66.1575
15.415 66.1575
15.416 -66.1636
15.416 66.1636
15.417 -66.1697
15.417 66.1697
15.418 -66.1757
15.418 66.1757
15.419 -66.1818
15.419 66.1818
15.42 -66.1879
15.42 66.1879
15.421 -66.194
15.421 66.194
15.422 -66.2001
15.422 66.2001
15.423 -66.2062
15.423 66.2062
15.424 -66.2123
15.424 66.2123
15.425 -66.2184
15.425 66.2184
15.426 -66.2245
15.426 66.2245
15.427 -66.2305
15.427 66.2305
15.428 -66.2366
15.428 66.2366
15.429 -66.2427
15.429 66.2427
15.43 -66.2488
15.43 66.2488
15.431 -66.2549
15.431 66.2549
15.432 -66.261
15.432 66.261
15.433 -66.2671
15.433 66.2671
15.434 -66.2732
15.434 66.2732
15.435 -66.2793
15.435 66.2793
15.436 -66.2853
15.436 66.2853
15.437 -66.2914
15.437 66.2914
15.438 -66.2975
15.438 66.2975
15.439 -66.3036
15.439 66.3036
15.44 -66.3097
15.44 66.3097
15.441 -66.3158
15.441 66.3158
15.442 -66.3219
15.442 66.3219
15.443 -66.328
15.443 66.328
15.444 -66.3341
15.444 66.3341
15.445 -66.3402
15.445 66.3402
15.446 -66.3463
15.446 66.3463
15.447 -66.3524
15.447 66.3524
15.448 -66.3584
15.448 66.3584
15.449 -66.3645
15.449 66.3645
15.45 -66.3706
15.45 66.3706
15.451 -66.3767
15.451 66.3767
15.452 -66.3828
15.452 66.3828
15.453 -66.3889
15.453 66.3889
15.454 -66.395
15.454 66.395
15.455 -66.4011
15.455 66.4011
15.456 -66.4072
15.456 66.4072
15.457 -66.4133
15.457 66.4133
15.458 -66.4194
15.458 66.4194
15.459 -66.4255
15.459 66.4255
15.46 -66.4316
15.46 66.4316
15.461 -66.4377
15.461 66.4377
15.462 -66.4438
15.462 66.4438
15.463 -66.4499
15.463 66.4499
15.464 -66.456
15.464 66.456
15.465 -66.4621
15.465 66.4621
15.466 -66.4681
15.466 66.4681
15.467 -66.4742
15.467 66.4742
15.468 -66.4803
15.468 66.4803
15.469 -66.4864
15.469 66.4864
15.47 -66.4925
15.47 66.4925
15.471 -66.4986
15.471 66.4986
15.472 -66.5047
15.472 66.5047
15.473 -66.5108
15.473 66.5108
15.474 -66.5169
15.474 66.5169
15.475 -66.523
15.475 66.523
15.476 -66.5291
15.476 66.5291
15.477 -66.5352
15.477 66.5352
15.478 -66.5413
15.478 66.5413
15.479 -66.5474
15.479 66.5474
15.48 -66.5535
15.48 66.5535
15.481 -66.5596
15.481 66.5596
15.482 -66.5657
15.482 66.5657
15.483 -66.5718
15.483 66.5718
15.484 -66.5779
15.484 66.5779
15.485 -66.584
15.485 66.584
15.486 -66.5901
15.486 66.5901
15.487 -66.5962
15.487 66.5962
15.488 -66.6023
15.488 66.6023
15.489 -66.6084
15.489 66.6084
15.49 -66.6145
15.49 66.6145
15.491 -66.6206
15.491 66.6206
15.492 -66.6267
15.492 66.6267
15.493 -66.6328
15.493 66.6328
15.494 -66.6389
15.494 66.6389
15.495 -66.645
15.495 66.645
15.496 -66.6511
15.496 66.6511
15.497 -66.6572
15.497 66.6572
15.498 -66.6633
15.498 66.6633
15.499 -66.6694
15.499 66.6694
15.5 -66.6755
15.5 66.6755
15.501 -66.6816
15.501 66.6816
15.502 -66.6877
15.502 66.6877
15.503 -66.6938
15.503 66.6938
15.504 -66.6999
15.504 66.6999
15.505 -66.706
15.505 66.706
15.506 -66.7121
15.506 66.7121
15.507 -66.7182
15.507 66.7182
15.508 -66.7243
15.508 66.7243
15.509 -66.7304
15.509 66.7304
15.51 -66.7366
15.51 66.7366
15.511 -66.7427
15.511 66.7427
15.512 -66.7488
15.512 66.7488
15.513 -66.7549
15.513 66.7549
15.514 -66.761
15.514 66.761
15.515 -66.7671
15.515 66.7671
15.516 -66.7732
15.516 66.7732
15.517 -66.7793
15.517 66.7793
15.518 -66.7854
15.518 66.7854
15.519 -66.7915
15.519 66.7915
15.52 -66.7976
15.52 66.7976
15.521 -66.8037
15.521 66.8037
15.522 -66.8098
15.522 66.8098
15.523 -66.8159
15.523 66.8159
15.524 -66.822
15.524 66.822
15.525 -66.8281
15.525 66.8281
15.526 -66.8342
15.526 66.8342
15.527 -66.8403
15.527 66.8403
15.528 -66.8465
15.528 66.8465
15.529 -66.8526
15.529 66.8526
15.53 -66.8587
15.53 66.8587
15.531 -66.8648
15.531 66.8648
15.532 -66.8709
15.532 66.8709
15.533 -66.877
15.533 66.877
15.534 -66.8831
15.534 66.8831
15.535 -66.8892
15.535 66.8892
15.536 -66.8953
15.536 66.8953
15.537 -66.9014
15.537 66.9014
15.538 -66.9075
15.538 66.9075
15.539 -66.9137
15.539 66.9137
15.54 -66.9198
15.54 66.9198
15.541 -66.9259
15.541 66.9259
15.542 -66.932
15.542 66.932
15.543 -66.9381
15.543 66.9381
15.544 -66.9442
15.544 66.9442
15.545 -66.9503
15.545 66.9503
15.546 -66.9564
15.546 66.9564
15.547 -66.9625
15.547 66.9625
15.548 -66.9686
15.548 66.9686
15.549 -66.9748
15.549 66.9748
15.55 -66.9809
15.55 66.9809
15.551 -66.987
15.551 66.987
15.552 -66.9931
15.552 66.9931
15.553 -66.9992
15.553 66.9992
15.554 -67.0053
15.554 67.0053
15.555 -67.0114
15.555 67.0114
15.556 -67.0175
15.556 67.0175
15.557 -67.0237
15.557 67.0237
15.558 -67.0298
15.558 67.0298
15.559 -67.0359
15.559 67.0359
15.56 -67.042
15.56 67.042
15.561 -67.0481
15.561 67.0481
15.562 -67.0542
15.562 67.0542
15.563 -67.0603
15.563 67.0603
15.564 -67.0664
15.564 67.0664
15.565 -67.0726
15.565 67.0726
15.566 -67.0787
15.566 67.0787
15.567 -67.0848
15.567 67.0848
15.568 -67.0909
15.568 67.0909
15.569 -67.097
15.569 67.097
15.57 -67.1031
15.57 67.1031
15.571 -67.1092
15.571 67.1092
15.572 -67.1154
15.572 67.1154
15.573 -67.1215
15.573 67.1215
15.574 -67.1276
15.574 67.1276
15.575 -67.1337
15.575 67.1337
15.576 -67.1398
15.576 67.1398
15.577 -67.1459
15.577 67.1459
15.578 -67.1521
15.578 67.1521
15.579 -67.1582
15.579 67.1582
15.58 -67.1643
15.58 67.1643
15.581 -67.1704
15.581 67.1704
15.582 -67.1765
15.582 67.1765
15.583 -67.1826
15.583 67.1826
15.584 -67.1888
15.584 67.1888
15.585 -67.1949
15.585 67.1949
15.586 -67.201
15.586 67.201
15.587 -67.2071
15.587 67.2071
15.588 -67.2132
15.588 67.2132
15.589 -67.2194
15.589 67.2194
15.59 -67.2255
15.59 67.2255
15.591 -67.2316
15.591 67.2316
15.592 -67.2377
15.592 67.2377
15.593 -67.2438
15.593 67.2438
15.594 -67.2499
15.594 67.2499
15.595 -67.2561
15.595 67.2561
15.596 -67.2622
15.596 67.2622
15.597 -67.2683
15.597 67.2683
15.598 -67.2744
15.598 67.2744
15.599 -67.2805
15.599 67.2805
15.6 -67.2867
15.6 67.2867
15.601 -67.2928
15.601 67.2928
15.602 -67.2989
15.602 67.2989
15.603 -67.305
15.603 67.305
15.604 -67.3112
15.604 67.3112
15.605 -67.3173
15.605 67.3173
15.606 -67.3234
15.606 67.3234
15.607 -67.3295
15.607 67.3295
15.608 -67.3356
15.608 67.3356
15.609 -67.3418
15.609 67.3418
15.61 -67.3479
15.61 67.3479
15.611 -67.354
15.611 67.354
15.612 -67.3601
15.612 67.3601
15.613 -67.3663
15.613 67.3663
15.614 -67.3724
15.614 67.3724
15.615 -67.3785
15.615 67.3785
15.616 -67.3846
15.616 67.3846
15.617 -67.3907
15.617 67.3907
15.618 -67.3969
15.618 67.3969
15.619 -67.403
15.619 67.403
15.62 -67.4091
15.62 67.4091
15.621 -67.4152
15.621 67.4152
15.622 -67.4214
15.622 67.4214
15.623 -67.4275
15.623 67.4275
15.624 -67.4336
15.624 67.4336
15.625 -67.4397
15.625 67.4397
15.626 -67.4459
15.626 67.4459
15.627 -67.452
15.627 67.452
15.628 -67.4581
15.628 67.4581
15.629 -67.4642
15.629 67.4642
15.63 -67.4704
15.63 67.4704
15.631 -67.4765
15.631 67.4765
15.632 -67.4826
15.632 67.4826
15.633 -67.4888
15.633 67.4888
15.634 -67.4949
15.634 67.4949
15.635 -67.501
15.635 67.501
15.636 -67.5071
15.636 67.5071
15.637 -67.5133
15.637 67.5133
15.638 -67.5194
15.638 67.5194
15.639 -67.5255
15.639 67.5255
15.64 -67.5316
15.64 67.5316
15.641 -67.5378
15.641 67.5378
15.642 -67.5439
15.642 67.5439
15.643 -67.55
15.643 67.55
15.644 -67.5562
15.644 67.5562
15.645 -67.5623
15.645 67.5623
15.646 -67.5684
15.646 67.5684
15.647 -67.5745
15.647 67.5745
15.648 -67.5807
15.648 67.5807
15.649 -67.5868
15.649 67.5868
15.65 -67.5929
15.65 67.5929
15.651 -67.5991
15.651 67.5991
15.652 -67.6052
15.652 67.6052
15.653 -67.6113
15.653 67.6113
15.654 -67.6175
15.654 67.6175
15.655 -67.6236
15.655 67.6236
15.656 -67.6297
15.656 67.6297
15.657 -67.6358
15.657 67.6358
15.658 -67.642
15.658 67.642
15.659 -67.6481
15.659 67.6481
15.66 -67.6542
15.66 67.6542
15.661 -67.6604
15.661 67.6604
15.662 -67.6665
15.662 67.6665
15.663 -67.6726
15.663 67.6726
15.664 -67.6788
15.664 67.6788
15.665 -67.6849
15.665 67.6849
15.666 -67.691
15.666 67.691
15.667 -67.6972
15.667 67.6972
15.668 -67.7033
15.668 67.7033
15.669 -67.7094
15.669 67.7094
15.67 -67.7156
15.67 67.7156
15.671 -67.7217
15.671 67.7217
15.672 -67.7278
15.672 67.7278
15.673 -67.734
15.673 67.734
15.674 -67.7401
15.674 67.7401
15.675 -67.7462
15.675 67.7462
15.676 -67.7524
15.676 67.7524
15.677 -67.7585
15.677 67.7585
15.678 -67.7646
15.678 67.7646
15.679 -67.7708
15.679 67.7708
15.68 -67.7769
15.68 67.7769
15.681 -67.783
15.681 67.783
15.682 -67.7892
15.682 67.7892
15.683 -67.7953
15.683 67.7953
15.684 -67.8015
15.684 67.8015
15.685 -67.8076
15.685 67.8076
15.686 -67.8137
15.686 67.8137
15.687 -67.8199
15.687 67.8199
15.688 -67.826
15.688 67.826
15.689 -67.8321
15.689 67.8321
15.69 -67.8383
15.69 67.8383
15.691 -67.8444
15.691 67.8444
15.692 -67.8505
15.692 67.8505
15.693 -67.8567
15.693 67.8567
15.694 -67.8628
15.694 67.8628
15.695 -67.869
15.695 67.869
15.696 -67.8751
15.696 67.8751
15.697 -67.8812
15.697 67.8812
15.698 -67.8874
15.698 67.8874
15.699 -67.8935
15.699 67.8935
15.7 -67.8997
15.7 67.8997
15.701 -67.9058
15.701 67.9058
15.702 -67.9119
15.702 67.9119
15.703 -67.9181
15.703 67.9181
15.704 -67.9242
15.704 67.9242
15.705 -67.9304
15.705 67.9304
15.706 -67.9365
15.706 67.9365
15.707 -67.9426
15.707 67.9426
15.708 -67.9488
15.708 67.9488
15.709 -67.9549
15.709 67.9549
15.71 -67.9611
15.71 67.9611
15.711 -67.9672
15.711 67.9672
15.712 -67.9733
15.712 67.9733
15.713 -67.9795
15.713 67.9795
15.714 -67.9856
15.714 67.9856
15.715 -67.9918
15.715 67.9918
15.716 -67.9979
15.716 67.9979
15.717 -68.004
15.717 68.004
15.718 -68.0102
15.718 68.0102
15.719 -68.0163
15.719 68.0163
15.72 -68.0225
15.72 68.0225
15.721 -68.0286
15.721 68.0286
15.722 -68.0348
15.722 68.0348
15.723 -68.0409
15.723 68.0409
15.724 -68.047
15.724 68.047
15.725 -68.0532
15.725 68.0532
15.726 -68.0593
15.726 68.0593
15.727 -68.0655
15.727 68.0655
15.728 -68.0716
15.728 68.0716
15.729 -68.0778
15.729 68.0778
15.73 -68.0839
15.73 68.0839
15.731 -68.0901
15.731 68.0901
15.732 -68.0962
15.732 68.0962
15.733 -68.1023
15.733 68.1023
15.734 -68.1085
15.734 68.1085
15.735 -68.1146
15.735 68.1146
15.736 -68.1208
15.736 68.1208
15.737 -68.1269
15.737 68.1269
15.738 -68.1331
15.738 68.1331
15.739 -68.1392
15.739 68.1392
15.74 -68.1454
15.74 68.1454
15.741 -68.1515
15.741 68.1515
15.742 -68.1577
15.742 68.1577
15.743 -68.1638
15.743 68.1638
15.744 -68.1699
15.744 68.1699
15.745 -68.1761
15.745 68.1761
15.746 -68.1822
15.746 68.1822
15.747 -68.1884
15.747 68.1884
15.748 -68.1945
15.748 68.1945
15.749 -68.2007
15.749 68.2007
15.75 -68.2068
15.75 68.2068
15.751 -68.213
15.751 68.213
15.752 -68.2191
15.752 68.2191
15.753 -68.2253
15.753 68.2253
15.754 -68.2314
15.754 68.2314
15.755 -68.2376
15.755 68.2376
15.756 -68.2437
15.756 68.2437
15.757 -68.2499
15.757 68.2499
15.758 -68.256
15.758 68.256
15.759 -68.2622
15.759 68.2622
15.76 -68.2683
15.76 68.2683
15.761 -68.2745
15.761 68.2745
15.762 -68.2806
15.762 68.2806
15.763 -68.2868
15.763 68.2868
15.764 -68.2929
15.764 68.2929
15.765 -68.2991
15.765 68.2991
15.766 -68.3052
15.766 68.3052
15.767 -68.3114
15.767 68.3114
15.768 -68.3175
15.768 68.3175
15.769 -68.3237
15.769 68.3237
15.77 -68.3298
15.77 68.3298
15.771 -68.336
15.771 68.336
15.772 -68.3421
15.772 68.3421
15.773 -68.3483
15.773 68.3483
15.774 -68.3544
15.774 68.3544
15.775 -68.3606
15.775 68.3606
15.776 -68.3667
15.776 68.3667
15.777 -68.3729
15.777 68.3729
15.778 -68.3791
15.778 68.3791
15.779 -68.3852
15.779 68.3852
15.78 -68.3914
15.78 68.3914
15.781 -68.3975
15.781 68.3975
15.782 -68.4037
15.782 68.4037
15.783 -68.4098
15.783 68.4098
15.784 -68.416
15.784 68.416
15.785 -68.4221
15.785 68.4221
15.786 -68.4283
15.786 68.4283
15.787 -68.4344
15.787 68.4344
15.788 -68.4406
15.788 68.4406
15.789 -68.4467
15.789 68.4467
15.79 -68.4529
15.79 68.4529
15.791 -68.4591
15.791 68.4591
15.792 -68.4652
15.792 68.4652
15.793 -68.4714
15.793 68.4714
15.794 -68.4775
15.794 68.4775
15.795 -68.4837
15.795 68.4837
15.796 -68.4898
15.796 68.4898
15.797 -68.496
15.797 68.496
15.798 -68.5022
15.798 68.5022
15.799 -68.5083
15.799 68.5083
15.8 -68.5145
15.8 68.5145
15.801 -68.5206
15.801 68.5206
15.802 -68.5268
15.802 68.5268
15.803 -68.5329
15.803 68.5329
15.804 -68.5391
15.804 68.5391
15.805 -68.5453
15.805 68.5453
15.806 -68.5514
15.806 68.5514
15.807 -68.5576
15.807 68.5576
15.808 -68.5637
15.808 68.5637
15.809 -68.5699
15.809 68.5699
15.81 -68.576
15.81 68.576
15.811 -68.5822
15.811 68.5822
15.812 -68.5884
15.812 68.5884
15.813 -68.5945
15.813 68.5945
15.814 -68.6007
15.814 68.6007
15.815 -68.6068
15.815 68.6068
15.816 -68.613
15.816 68.613
15.817 -68.6192
15.817 68.6192
15.818 -68.6253
15.818 68.6253
15.819 -68.6315
15.819 68.6315
15.82 -68.6376
15.82 68.6376
15.821 -68.6438
15.821 68.6438
15.822 -68.65
15.822 68.65
15.823 -68.6561
15.823 68.6561
15.824 -68.6623
15.824 68.6623
15.825 -68.6685
15.825 68.6685
15.826 -68.6746
15.826 68.6746
15.827 -68.6808
15.827 68.6808
15.828 -68.6869
15.828 68.6869
15.829 -68.6931
15.829 68.6931
15.83 -68.6993
15.83 68.6993
15.831 -68.7054
15.831 68.7054
15.832 -68.7116
15.832 68.7116
15.833 -68.7178
15.833 68.7178
15.834 -68.7239
15.834 68.7239
15.835 -68.7301
15.835 68.7301
15.836 -68.7362
15.836 68.7362
15.837 -68.7424
15.837 68.7424
15.838 -68.7486
15.838 68.7486
15.839 -68.7547
15.839 68.7547
15.84 -68.7609
15.84 68.7609
15.841 -68.7671
15.841 68.7671
15.842 -68.7732
15.842 68.7732
15.843 -68.7794
15.843 68.7794
15.844 -68.7856
15.844 68.7856
15.845 -68.7917
15.845 68.7917
15.846 -68.7979
15.846 68.7979
15.847 -68.8041
15.847 68.8041
15.848 -68.8102
15.848 68.8102
15.849 -68.8164
15.849 68.8164
15.85 -68.8226
15.85 68.8226
15.851 -68.8287
15.851 68.8287
15.852 -68.8349
15.852 68.8349
15.853 -68.8411
15.853 68.8411
15.854 -68.8472
15.854 68.8472
15.855 -68.8534
15.855 68.8534
15.856 -68.8596
15.856 68.8596
15.857 -68.8657
15.857 68.8657
15.858 -68.8719
15.858 68.8719
15.859 -68.8781
15.859 68.8781
15.86 -68.8842
15.86 68.8842
15.861 -68.8904
15.861 68.8904
15.862 -68.8966
15.862 68.8966
15.863 -68.9027
15.863 68.9027
15.864 -68.9089
15.864 68.9089
15.865 -68.9151
15.865 68.9151
15.866 -68.9212
15.866 68.9212
15.867 -68.9274
15.867 68.9274
15.868 -68.9336
15.868 68.9336
15.869 -68.9397
15.869 68.9397
15.87 -68.9459
15.87 68.9459
15.871 -68.9521
15.871 68.9521
15.872 -68.9583
15.872 68.9583
15.873 -68.9644
15.873 68.9644
15.874 -68.9706
15.874 68.9706
15.875 -68.9768
15.875 68.9768
15.876 -68.9829
15.876 68.9829
15.877 -68.9891
15.877 68.9891
15.878 -68.9953
15.878 68.9953
15.879 -69.0015
15.879 69.0015
15.88 -69.0076
15.88 69.0076
15.881 -69.0138
15.881 69.0138
15.882 -69.02
15.882 69.02
15.883 -69.0261
15.883 69.0261
15.884 -69.0323
15.884 69.0323
15.885 -69.0385
15.885 69.0385
15.886 -69.0447
15.886 69.0447
15.887 -69.0508
15.887 69.0508
15.888 -69.057
15.888 69.057
15.889 -69.0632
15.889 69.0632
15.89 -69.0694
15.89 69.0694
15.891 -69.0755
15.891 69.0755
15.892 -69.0817
15.892 69.0817
15.893 -69.0879
15.893 69.0879
15.894 -69.0941
15.894 69.0941
15.895 -69.1002
15.895 69.1002
15.896 -69.1064
15.896 69.1064
15.897 -69.1126
15.897 69.1126
15.898 -69.1187
15.898 69.1187
15.899 -69.1249
15.899 69.1249
15.9 -69.1311
15.9 69.1311
15.901 -69.1373
15.901 69.1373
15.902 -69.1435
15.902 69.1435
15.903 -69.1496
15.903 69.1496
15.904 -69.1558
15.904 69.1558
15.905 -69.162
15.905 69.162
15.906 -69.1682
15.906 69.1682
15.907 -69.1743
15.907 69.1743
15.908 -69.1805
15.908 69.1805
15.909 -69.1867
15.909 69.1867
15.91 -69.1929
15.91 69.1929
15.911 -69.199
15.911 69.199
15.912 -69.2052
15.912 69.2052
15.913 -69.2114
15.913 69.2114
15.914 -69.2176
15.914 69.2176
15.915 -69.2238
15.915 69.2238
15.916 -69.2299
15.916 69.2299
15.917 -69.2361
15.917 69.2361
15.918 -69.2423
15.918 69.2423
15.919 -69.2485
15.919 69.2485
15.92 -69.2546
15.92 69.2546
15.921 -69.2608
15.921 69.2608
15.922 -69.267
15.922 69.267
15.923 -69.2732
15.923 69.2732
15.924 -69.2794
15.924 69.2794
15.925 -69.2855
15.925 69.2855
15.926 -69.2917
15.926 69.2917
15.927 -69.2979
15.927 69.2979
15.928 -69.3041
15.928 69.3041
15.929 -69.3103
15.929 69.3103
15.93 -69.3164
15.93 69.3164
15.931 -69.3226
15.931 69.3226
15.932 -69.3288
15.932 69.3288
15.933 -69.335
15.933 69.335
15.934 -69.3412
15.934 69.3412
15.935 -69.3474
15.935 69.3474
15.936 -69.3535
15.936 69.3535
15.937 -69.3597
15.937 69.3597
15.938 -69.3659
15.938 69.3659
15.939 -69.3721
15.939 69.3721
15.94 -69.3783
15.94 69.3783
15.941 -69.3844
15.941 69.3844
15.942 -69.3906
15.942 69.3906
15.943 -69.3968
15.943 69.3968
15.944 -69.403
15.944 69.403
15.945 -69.4092
15.945 69.4092
15.946 -69.4154
15.946 69.4154
15.947 -69.4215
15.947 69.4215
15.948 -69.4277
15.948 69.4277
15.949 -69.4339
15.949 69.4339
15.95 -69.4401
15.95 69.4401
15.951 -69.4463
15.951 69.4463
15.952 -69.4525
15.952 69.4525
15.953 -69.4587
15.953 69.4587
15.954 -69.4648
15.954 69.4648
15.955 -69.471
15.955 69.471
15.956 -69.4772
15.956 69.4772
15.957 -69.4834
15.957 69.4834
15.958 -69.4896
15.958 69.4896
15.959 -69.4958
15.959 69.4958
15.96 -69.502
15.96 69.502
15.961 -69.5081
15.961 69.5081
15.962 -69.5143
15.962 69.5143
15.963 -69.5205
15.963 69.5205
15.964 -69.5267
15.964 69.5267
15.965 -69.5329
15.965 69.5329
15.966 -69.5391
15.966 69.5391
15.967 -69.5453
15.967 69.5453
15.968 -69.5514
15.968 69.5514
15.969 -69.5576
15.969 69.5576
15.97 -69.5638
15.97 69.5638
15.971 -69.57
15.971 69.57
15.972 -69.5762
15.972 69.5762
15.973 -69.5824
15.973 69.5824
15.974 -69.5886
15.974 69.5886
15.975 -69.5948
15.975 69.5948
15.976 -69.601
15.976 69.601
15.977 -69.6071
15.977 69.6071
15.978 -69.6133
15.978 69.6133
15.979 -69.6195
15.979 69.6195
15.98 -69.6257
15.98 69.6257
15.981 -69.6319
15.981 69.6319
15.982 -69.6381
15.982 69.6381
15.983 -69.6443
15.983 69.6443
15.984 -69.6505
15.984 69.6505
15.985 -69.6567
15.985 69.6567
15.986 -69.6629
15.986 69.6629
15.987 -69.6691
15.987 69.6691
15.988 -69.6752
15.988 69.6752
15.989 -69.6814
15.989 69.6814
15.99 -69.6876
15.99 69.6876
15.991 -69.6938
15.991 69.6938
15.992 -69.7
15.992 69.7
15.993 -69.7062
15.993 69.7062
15.994 -69.7124
15.994 69.7124
15.995 -69.7186
15.995 69.7186
15.996 -69.7248
15.996 69.7248
15.997 -69.731
15.997 69.731
15.998 -69.7372
15.998 69.7372
15.999 -69.7434
15.999 69.7434
16 -69.7496
16 69.7496
16.001 -69.7557
16.001 69.7557
16.002 -69.7619
16.002 69.7619
16.003 -69.7681
16.003 69.7681
16.004 -69.7743
16.004 69.7743
16.005 -69.7805
16.005 69.7805
16.006 -69.7867
16.006 69.7867
16.007 -69.7929
16.007 69.7929
16.008 -69.7991
16.008 69.7991
16.009 -69.8053
16.009 69.8053
16.01 -69.8115
16.01 69.8115
16.011 -69.8177
16.011 69.8177
16.012 -69.8239
16.012 69.8239
16.013 -69.8301
16.013 69.8301
16.014 -69.8363
16.014 69.8363
16.015 -69.8425
16.015 69.8425
16.016 -69.8487
16.016 69.8487
16.017 -69.8549
16.017 69.8549
16.018 -69.8611
16.018 69.8611
16.019 -69.8673
16.019 69.8673
16.02 -69.8735
16.02 69.8735
16.021 -69.8797
16.021 69.8797
16.022 -69.8859
16.022 69.8859
16.023 -69.8921
16.023 69.8921
16.024 -69.8983
16.024 69.8983
16.025 -69.9044
16.025 69.9044
16.026 -69.9106
16.026 69.9106
16.027 -69.9168
16.027 69.9168
16.028 -69.923
16.028 69.923
16.029 -69.9292
16.029 69.9292
16.03 -69.9354
16.03 69.9354
16.031 -69.9416
16.031 69.9416
16.032 -69.9478
16.032 69.9478
16.033 -69.954
16.033 69.954
16.034 -69.9602
16.034 69.9602
16.035 -69.9664
16.035 69.9664
16.036 -69.9726
16.036 69.9726
16.037 -69.9788
16.037 69.9788
16.038 -69.985
16.038 69.985
16.039 -69.9912
16.039 69.9912
16.04 -69.9974
16.04 69.9974
16.041 -70.0036
16.041 70.0036
16.042 -70.0098
16.042 70.0098
16.043 -70.016
16.043 70.016
16.044 -70.0222
16.044 70.0222
16.045 -70.0284
16.045 70.0284
16.046 -70.0346
16.046 70.0346
16.047 -70.0409
16.047 70.0409
16.048 -70.0471
16.048 70.0471
16.049 -70.0533
16.049 70.0533
16.05 -70.0595
16.05 70.0595
16.051 -70.0657
16.051 70.0657
16.052 -70.0719
16.052 70.0719
16.053 -70.0781
16.053 70.0781
16.054 -70.0843
16.054 70.0843
16.055 -70.0905
16.055 70.0905
16.056 -70.0967
16.056 70.0967
16.057 -70.1029
16.057 70.1029
16.058 -70.1091
16.058 70.1091
16.059 -70.1153
16.059 70.1153
16.06 -70.1215
16.06 70.1215
16.061 -70.1277
16.061 70.1277
16.062 -70.1339
16.062 70.1339
16.063 -70.1401
16.063 70.1401
16.064 -70.1463
16.064 70.1463
16.065 -70.1525
16.065 70.1525
16.066 -70.1587
16.066 70.1587
16.067 -70.1649
16.067 70.1649
16.068 -70.1711
16.068 70.1711
16.069 -70.1773
16.069 70.1773
16.07 -70.1835
16.07 70.1835
16.071 -70.1898
16.071 70.1898
16.072 -70.196
16.072 70.196
16.073 -70.2022
16.073 70.2022
16.074 -70.2084
16.074 70.2084
16.075 -70.2146
16.075 70.2146
16.076 -70.2208
16.076 70.2208
16.077 -70.227
16.077 70.227
16.078 -70.2332
16.078 70.2332
16.079 -70.2394
16.079 70.2394
16.08 -70.2456
16.08 70.2456
16.081 -70.2518
16.081 70.2518
16.082 -70.258
16.082 70.258
16.083 -70.2642
16.083 70.2642
16.084 -70.2705
16.084 70.2705
16.085 -70.2767
16.085 70.2767
16.086 -70.2829
16.086 70.2829
16.087 -70.2891
16.087 70.2891
16.088 -70.2953
16.088 70.2953
16.089 -70.3015
16.089 70.3015
16.09 -70.3077
16.09 70.3077
16.091 -70.3139
16.091 70.3139
16.092 -70.3201
16.092 70.3201
16.093 -70.3263
16.093 70.3263
16.094 -70.3325
16.094 70.3325
16.095 -70.3388
16.095 70.3388
16.096 -70.345
16.096 70.345
16.097 -70.3512
16.097 70.3512
16.098 -70.3574
16.098 70.3574
16.099 -70.3636
16.099 70.3636
16.1 -70.3698
16.1 70.3698
16.101 -70.376
16.101 70.376
16.102 -70.3822
16.102 70.3822
16.103 -70.3885
16.103 70.3885
16.104 -70.3947
16.104 70.3947
16.105 -70.4009
16.105 70.4009
16.106 -70.4071
16.106 70.4071
16.107 -70.4133
16.107 70.4133
16.108 -70.4195
16.108 70.4195
16.109 -70.4257
16.109 70.4257
16.11 -70.4319
16.11 70.4319
16.111 -70.4382
16.111 70.4382
16.112 -70.4444
16.112 70.4444
16.113 -70.4506
16.113 70.4506
16.114 -70.4568
16.114 70.4568
16.115 -70.463
16.115 70.463
16.116 -70.4692
16.116 70.4692
16.117 -70.4754
16.117 70.4754
16.118 -70.4817
16.118 70.4817
16.119 -70.4879
16.119 70.4879
16.12 -70.4941
16.12 70.4941
16.121 -70.5003
16.121 70.5003
16.122 -70.5065
16.122 70.5065
16.123 -70.5127
16.123 70.5127
16.124 -70.5189
16.124 70.5189
16.125 -70.5252
16.125 70.5252
16.126 -70.5314
16.126 70.5314
16.127 -70.5376
16.127 70.5376
16.128 -70.5438
16.128 70.5438
16.129 -70.55
16.129 70.55
16.13 -70.5562
16.13 70.5562
16.131 -70.5625
16.131 70.5625
16.132 -70.5687
16.132 70.5687
16.133 -70.5749
16.133 70.5749
16.134 -70.5811
16.134 70.5811
16.135 -70.5873
16.135 70.5873
16.136 -70.5936
16.136 70.5936
16.137 -70.5998
16.137 70.5998
16.138 -70.606
16.138 70.606
16.139 -70.6122
16.139 70.6122
16.14 -70.6184
16.14 70.6184
16.141 -70.6246
16.141 70.6246
16.142 -70.6309
16.142 70.6309
16.143 -70.6371
16.143 70.6371
16.144 -70.6433
16.144 70.6433
16.145 -70.6495
16.145 70.6495
16.146 -70.6557
16.146 70.6557
16.147 -70.662
16.147 70.662
16.148 -70.6682
16.148 70.6682
16.149 -70.6744
16.149 70.6744
16.15 -70.6806
16.15 70.6806
16.151 -70.6868
16.151 70.6868
16.152 -70.6931
16.152 70.6931
16.153 -70.6993
16.153 70.6993
16.154 -70.7055
16.154 70.7055
16.155 -70.7117
16.155 70.7117
16.156 -70.718
16.156 70.718
16.157 -70.7242
16.157 70.7242
16.158 -70.7304
16.158 70.7304
16.159 -70.7366
16.159 70.7366
16.16 -70.7428
16.16 70.7428
16.161 -70.7491
16.161 70.7491
16.162 -70.7553
16.162 70.7553
16.163 -70.7615
16.163 70.7615
16.164 -70.7677
16.164 70.7677
16.165 -70.774
16.165 70.774
16.166 -70.7802
16.166 70.7802
16.167 -70.7864
16.167 70.7864
16.168 -70.7926
16.168 70.7926
16.169 -70.7989
16.169 70.7989
16.17 -70.8051
16.17 70.8051
16.171 -70.8113
16.171 70.8113
16.172 -70.8175
16.172 70.8175
16.173 -70.8237
16.173 70.8237
16.174 -70.83
16.174 70.83
16.175 -70.8362
16.175 70.8362
16.176 -70.8424
16.176 70.8424
16.177 -70.8487
16.177 70.8487
16.178 -70.8549
16.178 70.8549
16.179 -70.8611
16.179 70.8611
16.18 -70.8673
16.18 70.8673
16.181 -70.8736
16.181 70.8736
16.182 -70.8798
16.182 70.8798
16.183 -70.886
16.183 70.886
16.184 -70.8922
16.184 70.8922
16.185 -70.8985
16.185 70.8985
16.186 -70.9047
16.186 70.9047
16.187 -70.9109
16.187 70.9109
16.188 -70.9171
16.188 70.9171
16.189 -70.9234
16.189 70.9234
16.19 -70.9296
16.19 70.9296
16.191 -70.9358
16.191 70.9358
16.192 -70.9421
16.192 70.9421
16.193 -70.9483
16.193 70.9483
16.194 -70.9545
16.194 70.9545
16.195 -70.9607
16.195 70.9607
16.196 -70.967
16.196 70.967
16.197 -70.9732
16.197 70.9732
16.198 -70.9794
16.198 70.9794
16.199 -70.9857
16.199 70.9857
16.2 -70.9919
16.2 70.9919
16.201 -70.9981
16.201 70.9981
16.202 -71.0043
16.202 71.0043
16.203 -71.0106
16.203 71.0106
16.204 -71.0168
16.204 71.0168
16.205 -71.023
16.205 71.023
16.206 -71.0293
16.206 71.0293
16.207 -71.0355
16.207 71.0355
16.208 -71.0417
16.208 71.0417
16.209 -71.048
16.209 71.048
16.21 -71.0542
16.21 71.0542
16.211 -71.0604
16.211 71.0604
16.212 -71.0667
16.212 71.0667
16.213 -71.0729
16.213 71.0729
16.214 -71.0791
16.214 71.0791
16.215 -71.0854
16.215 71.0854
16.216 -71.0916
16.216 71.0916
16.217 -71.0978
16.217 71.0978
16.218 -71.1041
16.218 71.1041
16.219 -71.1103
16.219 71.1103
16.22 -71.1165
16.22 71.1165
16.221 -71.1228
16.221 71.1228
16.222 -71.129
16.222 71.129
16.223 -71.1352
16.223 71.1352
16.224 -71.1415
16.224 71.1415
16.225 -71.1477
16.225 71.1477
16.226 -71.1539
16.226 71.1539
16.227 -71.1602
16.227 71.1602
16.228 -71.1664
16.228 71.1664
16.229 -71.1726
16.229 71.1726
16.23 -71.1789
16.23 71.1789
16.231 -71.1851
16.231 71.1851
16.232 -71.1913
16.232 71.1913
16.233 -71.1976
16.233 71.1976
16.234 -71.2038
16.234 71.2038
16.235 -71.21
16.235 71.21
16.236 -71.2163
16.236 71.2163
16.237 -71.2225
16.237 71.2225
16.238 -71.2287
16.238 71.2287
16.239 -71.235
16.239 71.235
16.24 -71.2412
16.24 71.2412
16.241 -71.2475
16.241 71.2475
16.242 -71.2537
16.242 71.2537
16.243 -71.2599
16.243 71.2599
16.244 -71.2662
16.244 71.2662
16.245 -71.2724
16.245 71.2724
16.246 -71.2786
16.246 71.2786
16.247 -71.2849
16.247 71.2849
16.248 -71.2911
16.248 71.2911
16.249 -71.2974
16.249 71.2974
16.25 -71.3036
16.25 71.3036
16.251 -71.3098
16.251 71.3098
16.252 -71.3161
16.252 71.3161
16.253 -71.3223
16.253 71.3223
16.254 -71.3286
16.254 71.3286
16.255 -71.3348
16.255 71.3348
16.256 -71.341
16.256 71.341
16.257 -71.3473
16.257 71.3473
16.258 -71.3535
16.258 71.3535
16.259 -71.3598
16.259 71.3598
16.26 -71.366
16.26 71.366
16.261 -71.3722
16.261 71.3722
16.262 -71.3785
16.262 71.3785
16.263 -71.3847
16.263 71.3847
16.264 -71.391
16.264 71.391
16.265 -71.3972
16.265 71.3972
16.266 -71.4034
16.266 71.4034
16.267 -71.4097
16.267 71.4097
16.268 -71.4159
16.268 71.4159
16.269 -71.4222
16.269 71.4222
16.27 -71.4284
16.27 71.4284
16.271 -71.4347
16.271 71.4347
16.272 -71.4409
16.272 71.4409
16.273 -71.4471
16.273 71.4471
16.274 -71.4534
16.274 71.4534
16.275 -71.4596
16.275 71.4596
16.276 -71.4659
16.276 71.4659
16.277 -71.4721
16.277 71.4721
16.278 -71.4784
16.278 71.4784
16.279 -71.4846
16.279 71.4846
16.28 -71.4908
16.28 71.4908
16.281 -71.4971
16.281 71.4971
16.282 -71.5033
16.282 71.5033
16.283 -71.5096
16.283 71.5096
16.284 -71.5158
16.284 71.5158
16.285 -71.5221
16.285 71.5221
16.286 -71.5283
16.286 71.5283
16.287 -71.5346
16.287 71.5346
16.288 -71.5408
16.288 71.5408
16.289 -71.547
16.289 71.547
16.29 -71.5533
16.29 71.5533
16.291 -71.5595
16.291 71.5595
16.292 -71.5658
16.292 71.5658
16.293 -71.572
16.293 71.572
16.294 -71.5783
16.294 71.5783
16.295 -71.5845
16.295 71.5845
16.296 -71.5908
16.296 71.5908
16.297 -71.597
16.297 71.597
16.298 -71.6033
16.298 71.6033
16.299 -71.6095
16.299 71.6095
16.3 -71.6158
16.3 71.6158
16.301 -71.622
16.301 71.622
16.302 -71.6283
16.302 71.6283
16.303 -71.6345
16.303 71.6345
16.304 -71.6408
16.304 71.6408
16.305 -71.647
16.305 71.647
16.306 -71.6532
16.306 71.6532
16.307 -71.6595
16.307 71.6595
16.308 -71.6657
16.308 71.6657
16.309 -71.672
16.309 71.672
16.31 -71.6782
16.31 71.6782
16.311 -71.6845
16.311 71.6845
16.312 -71.6907
16.312 71.6907
16.313 -71.697
16.313 71.697
16.314 -71.7032
16.314 71.7032
16.315 -71.7095
16.315 71.7095
16.316 -71.7157
16.316 71.7157
16.317 -71.722
16.317 71.722
16.318 -71.7282
16.318 71.7282
16.319 -71.7345
16.319 71.7345
16.32 -71.7407
16.32 71.7407
16.321 -71.747
16.321 71.747
16.322 -71.7533
16.322 71.7533
16.323 -71.7595
16.323 71.7595
16.324 -71.7658
16.324 71.7658
16.325 -71.772
16.325 71.772
16.326 -71.7783
16.326 71.7783
16.327 -71.7845
16.327 71.7845
16.328 -71.7908
16.328 71.7908
16.329 -71.797
16.329 71.797
16.33 -71.8033
16.33 71.8033
16.331 -71.8095
16.331 71.8095
16.332 -71.8158
16.332 71.8158
16.333 -71.822
16.333 71.822
16.334 -71.8283
16.334 71.8283
16.335 -71.8345
16.335 71.8345
16.336 -71.8408
16.336 71.8408
16.337 -71.847
16.337 71.847
16.338 -71.8533
16.338 71.8533
16.339 -71.8596
16.339 71.8596
16.34 -71.8658
16.34 71.8658
16.341 -71.8721
16.341 71.8721
16.342 -71.8783
16.342 71.8783
16.343 -71.8846
16.343 71.8846
16.344 -71.8908
16.344 71.8908
16.345 -71.8971
16.345 71.8971
16.346 -71.9033
16.346 71.9033
16.347 -71.9096
16.347 71.9096
16.348 -71.9159
16.348 71.9159
16.349 -71.9221
16.349 71.9221
16.35 -71.9284
16.35 71.9284
16.351 -71.9346
16.351 71.9346
16.352 -71.9409
16.352 71.9409
16.353 -71.9471
16.353 71.9471
16.354 -71.9534
16.354 71.9534
16.355 -71.9597
16.355 71.9597
16.356 -71.9659
16.356 71.9659
16.357 -71.9722
16.357 71.9722
16.358 -71.9784
16.358 71.9784
16.359 -71.9847
16.359 71.9847
16.36 -71.9909
16.36 71.9909
16.361 -71.9972
16.361 71.9972
16.362 -72.0035
16.362 72.0035
16.363 -72.0097
16.363 72.0097
16.364 -72.016
16.364 72.016
16.365 -72.0222
16.365 72.0222
16.366 -72.0285
16.366 72.0285
16.367 -72.0348
16.367 72.0348
16.368 -72.041
16.368 72.041
16.369 -72.0473
16.369 72.0473
16.37 -72.0535
16.37 72.0535
16.371 -72.0598
16.371 72.0598
16.372 -72.0661
16.372 72.0661
16.373 -72.0723
16.373 72.0723
16.374 -72.0786
16.374 72.0786
16.375 -72.0848
16.375 72.0848
16.376 -72.0911
16.376 72.0911
16.377 -72.0974
16.377 72.0974
16.378 -72.1036
16.378 72.1036
16.379 -72.1099
16.379 72.1099
16.38 -72.1162
16.38 72.1162
16.381 -72.1224
16.381 72.1224
16.382 -72.1287
16.382 72.1287
16.383 -72.1349
16.383 72.1349
16.384 -72.1412
16.384 72.1412
16.385 -72.1475
16.385 72.1475
16.386 -72.1537
16.386 72.1537
16.387 -72.16
16.387 72.16
16.388 -72.1663
16.388 72.1663
16.389 -72.1725
16.389 72.1725
16.39 -72.1788
16.39 72.1788
16.391 -72.185
16.391 72.185
16.392 -72.1913
16.392 72.1913
16.393 -72.1976
16.393 72.1976
16.394 -72.2038
16.394 72.2038
16.395 -72.2101
16.395 72.2101
16.396 -72.2164
16.396 72.2164
16.397 -72.2226
16.397 72.2226
16.398 -72.2289
16.398 72.2289
16.399 -72.2352
16.399 72.2352
16.4 -72.2414
16.4 72.2414
16.401 -72.2477
16.401 72.2477
16.402 -72.254
16.402 72.254
16.403 -72.2602
16.403 72.2602
16.404 -72.2665
16.404 72.2665
16.405 -72.2728
16.405 72.2728
16.406 -72.279
16.406 72.279
16.407 -72.2853
16.407 72.2853
16.408 -72.2916
16.408 72.2916
16.409 -72.2978
16.409 72.2978
16.41 -72.3041
16.41 72.3041
16.411 -72.3104
16.411 72.3104
16.412 -72.3166
16.412 72.3166
16.413 -72.3229
16.413 72.3229
16.414 -72.3292
16.414 72.3292
16.415 -72.3354
16.415 72.3354
16.416 -72.3417
16.416 72.3417
16.417 -72.348
16.417 72.348
16.418 -72.3542
16.418 72.3542
16.419 -72.3605
16.419 72.3605
16.42 -72.3668
16.42 72.3668
16.421 -72.373
16.421 72.373
16.422 -72.3793
16.422 72.3793
16.423 -72.3856
16.423 72.3856
16.424 -72.3919
16.424 72.3919
16.425 -72.3981
16.425 72.3981
16.426 -72.4044
16.426 72.4044
16.427 -72.4107
16.427 72.4107
16.428 -72.4169
16.428 72.4169
16.429 -72.4232
16.429 72.4232
16.43 -72.4295
16.43 72.4295
16.431 -72.4357
16.431 72.4357
16.432 -72.442
16.432 72.442
16.433 -72.4483
16.433 72.4483
16.434 -72.4546
16.434 72.4546
16.435 -72.4608
16.435 72.4608
16.436 -72.4671
16.436 72.4671
16.437 -72.4734
16.437 72.4734
16.438 -72.4797
16.438 72.4797
16.439 -72.4859
16.439 72.4859
16.44 -72.4922
16.44 72.4922
16.441 -72.4985
16.441 72.4985
16.442 -72.5047
16.442 72.5047
16.443 -72.511
16.443 72.511
16.444 -72.5173
16.444 72.5173
16.445 -72.5236
16.445 72.5236
16.446 -72.5298
16.446 72.5298
16.447 -72.5361
16.447 72.5361
16.448 -72.5424
16.448 72.5424
16.449 -72.5487
16.449 72.5487
16.45 -72.5549
16.45 72.5549
16.451 -72.5612
16.451 72.5612
16.452 -72.5675
16.452 72.5675
16.453 -72.5738
16.453 72.5738
16.454 -72.58
16.454 72.58
16.455 -72.5863
16.455 72.5863
16.456 -72.5926
16.456 72.5926
16.457 -72.5989
16.457 72.5989
16.458 -72.6051
16.458 72.6051
16.459 -72.6114
16.459 72.6114
16.46 -72.6177
16.46 72.6177
16.461 -72.624
16.461 72.624
16.462 -72.6302
16.462 72.6302
16.463 -72.6365
16.463 72.6365
16.464 -72.6428
16.464 72.6428
16.465 -72.6491
16.465 72.6491
16.466 -72.6554
16.466 72.6554
16.467 -72.6616
16.467 72.6616
16.468 -72.6679
16.468 72.6679
16.469 -72.6742
16.469 72.6742
16.47 -72.6805
16.47 72.6805
16.471 -72.6867
16.471 72.6867
16.472 -72.693
16.472 72.693
16.473 -72.6993
16.473 72.6993
16.474 -72.7056
16.474 72.7056
16.475 -72.7119
16.475 72.7119
16.476 -72.7181
16.476 72.7181
16.477 -72.7244
16.477 72.7244
16.478 -72.7307
16.478 72.7307
16.479 -72.737
16.479 72.737
16.48 -72.7433
16.48 72.7433
16.481 -72.7495
16.481 72.7495
16.482 -72.7558
16.482 72.7558
16.483 -72.7621
16.483 72.7621
16.484 -72.7684
16.484 72.7684
16.485 -72.7747
16.485 72.7747
16.486 -72.7809
16.486 72.7809
16.487 -72.7872
16.487 72.7872
16.488 -72.7935
16.488 72.7935
16.489 -72.7998
16.489 72.7998
16.49 -72.8061
16.49 72.8061
16.491 -72.8123
16.491 72.8123
16.492 -72.8186
16.492 72.8186
16.493 -72.8249
16.493 72.8249
16.494 -72.8312
16.494 72.8312
16.495 -72.8375
16.495 72.8375
16.496 -72.8438
16.496 72.8438
16.497 -72.85
16.497 72.85
16.498 -72.8563
16.498 72.8563
16.499 -72.8626
16.499 72.8626
16.5 -72.8689
16.5 72.8689
16.501 -72.8752
16.501 72.8752
16.502 -72.8815
16.502 72.8815
16.503 -72.8877
16.503 72.8877
16.504 -72.894
16.504 72.894
16.505 -72.9003
16.505 72.9003
16.506 -72.9066
16.506 72.9066
16.507 -72.9129
16.507 72.9129
16.508 -72.9192
16.508 72.9192
16.509 -72.9254
16.509 72.9254
16.51 -72.9317
16.51 72.9317
16.511 -72.938
16.511 72.938
16.512 -72.9443
16.512 72.9443
16.513 -72.9506
16.513 72.9506
16.514 -72.9569
16.514 72.9569
16.515 -72.9632
16.515 72.9632
16.516 -72.9694
16.516 72.9694
16.517 -72.9757
16.517 72.9757
16.518 -72.982
16.518 72.982
16.519 -72.9883
16.519 72.9883
16.52 -72.9946
16.52 72.9946
16.521 -73.0009
16.521 73.0009
16.522 -73.0072
16.522 73.0072
16.523 -73.0135
16.523 73.0135
16.524 -73.0197
16.524 73.0197
16.525 -73.026
16.525 73.026
16.526 -73.0323
16.526 73.0323
16.527 -73.0386
16.527 73.0386
16.528 -73.0449
16.528 73.0449
16.529 -73.0512
16.529 73.0512
16.53 -73.0575
16.53 73.0575
16.531 -73.0638
16.531 73.0638
16.532 -73.0701
16.532 73.0701
16.533 -73.0763
16.533 73.0763
16.534 -73.0826
16.534 73.0826
16.535 -73.0889
16.535 73.0889
16.536 -73.0952
16.536 73.0952
16.537 -73.1015
16.537 73.1015
16.538 -73.1078
16.538 73.1078
16.539 -73.1141
16.539 73.1141
16.54 -73.1204
16.54 73.1204
16.541 -73.1267
16.541 73.1267
16.542 -73.133
16.542 73.133
16.543 -73.1392
16.543 73.1392
16.544 -73.1455
16.544 73.1455
16.545 -73.1518
16.545 73.1518
16.546 -73.1581
16.546 73.1581
16.547 -73.1644
16.547 73.1644
16.548 -73.1707
16.548 73.1707
16.549 -73.177
16.549 73.177
16.55 -73.1833
16.55 73.1833
16.551 -73.1896
16.551 73.1896
16.552 -73.1959
16.552 73.1959
16.553 -73.2022
16.553 73.2022
16.554 -73.2085
16.554 73.2085
16.555 -73.2148
16.555 73.2148
16.556 -73.221
16.556 73.221
16.557 -73.2273
16.557 73.2273
16.558 -73.2336
16.558 73.2336
16.559 -73.2399
16.559 73.2399
16.56 -73.2462
16.56 73.2462
16.561 -73.2525
16.561 73.2525
16.562 -73.2588
16.562 73.2588
16.563 -73.2651
16.563 73.2651
16.564 -73.2714
16.564 73.2714
16.565 -73.2777
16.565 73.2777
16.566 -73.284
16.566 73.284
16.567 -73.2903
16.567 73.2903
16.568 -73.2966
16.568 73.2966
16.569 -73.3029
16.569 73.3029
16.57 -73.3092
16.57 73.3092
16.571 -73.3155
16.571 73.3155
16.572 -73.3218
16.572 73.3218
16.573 -73.3281
16.573 73.3281
16.574 -73.3344
16.574 73.3344
16.575 -73.3407
16.575 73.3407
16.576 -73.347
16.576 73.347
16.577 -73.3533
16.577 73.3533
16.578 -73.3595
16.578 73.3595
16.579 -73.3658
16.579 73.3658
16.58 -73.3721
16.58 73.3721
16.581 -73.3784
16.581 73.3784
16.582 -73.3847
16.582 73.3847
16.583 -73.391
16.583 73.391
16.584 -73.3973
16.584 73.3973
16.585 -73.4036
16.585 73.4036
16.586 -73.4099
16.586 73.4099
16.587 -73.4162
16.587 73.4162
16.588 -73.4225
16.588 73.4225
16.589 -73.4288
16.589 73.4288
16.59 -73.4351
16.59 73.4351
16.591 -73.4414
16.591 73.4414
16.592 -73.4477
16.592 73.4477
16.593 -73.454
16.593 73.454
16.594 -73.4603
16.594 73.4603
16.595 -73.4666
16.595 73.4666
16.596 -73.4729
16.596 73.4729
16.597 -73.4792
16.597 73.4792
16.598 -73.4855
16.598 73.4855
16.599 -73.4918
16.599 73.4918
16.6 -73.4981
16.6 73.4981
16.601 -73.5044
16.601 73.5044
16.602 -73.5107
16.602 73.5107
16.603 -73.517
16.603 73.517
16.604 -73.5233
16.604 73.5233
16.605 -73.5296
16.605 73.5296
16.606 -73.5359
16.606 73.5359
16.607 -73.5423
16.607 73.5423
16.608 -73.5486
16.608 73.5486
16.609 -73.5549
16.609 73.5549
16.61 -73.5612
16.61 73.5612
16.611 -73.5675
16.611 73.5675
16.612 -73.5738
16.612 73.5738
16.613 -73.5801
16.613 73.5801
16.614 -73.5864
16.614 73.5864
16.615 -73.5927
16.615 73.5927
16.616 -73.599
16.616 73.599
16.617 -73.6053
16.617 73.6053
16.618 -73.6116
16.618 73.6116
16.619 -73.6179
16.619 73.6179
16.62 -73.6242
16.62 73.6242
16.621 -73.6305
16.621 73.6305
16.622 -73.6368
16.622 73.6368
16.623 -73.6431
16.623 73.6431
16.624 -73.6494
16.624 73.6494
16.625 -73.6557
16.625 73.6557
16.626 -73.662
16.626 73.662
16.627 -73.6683
16.627 73.6683
16.628 -73.6746
16.628 73.6746
16.629 -73.681
16.629 73.681
16.63 -73.6873
16.63 73.6873
16.631 -73.6936
16.631 73.6936
16.632 -73.6999
16.632 73.6999
16.633 -73.7062
16.633 73.7062
16.634 -73.7125
16.634 73.7125
16.635 -73.7188
16.635 73.7188
16.636 -73.7251
16.636 73.7251
16.637 -73.7314
16.637 73.7314
16.638 -73.7377
16.638 73.7377
16.639 -73.744
16.639 73.744
16.64 -73.7503
16.64 73.7503
16.641 -73.7566
16.641 73.7566
16.642 -73.763
16.642 73.763
16.643 -73.7693
16.643 73.7693
16.644 -73.7756
16.644 73.7756
16.645 -73.7819
16.645 73.7819
16.646 -73.7882
16.646 73.7882
16.647 -73.7945
16.647 73.7945
16.648 -73.8008
16.648 73.8008
16.649 -73.8071
16.649 73.8071
16.65 -73.8134
16.65 73.8134
16.651 -73.8197
16.651 73.8197
16.652 -73.826
16.652 73.826
16.653 -73.8324
16.653 73.8324
16.654 -73.8387
16.654 73.8387
16.655 -73.845
16.655 73.845
16.656 -73.8513
16.656 73.8513
16.657 -73.8576
16.657 73.8576
16.658 -73.8639
16.658 73.8639
16.659 -73.8702
16.659 73.8702
16.66 -73.8765
16.66 73.8765
16.661 -73.8829
16.661 73.8829
16.662 -73.8892
16.662 73.8892
16.663 -73.8955
16.663 73.8955
16.664 -73.9018
16.664 73.9018
16.665 -73.9081
16.665 73.9081
16.666 -73.9144
16.666 73.9144
16.667 -73.9207
16.667 73.9207
16.668 -73.927
16.668 73.927
16.669 -73.9334
16.669 73.9334
16.67 -73.9397
16.67 73.9397
16.671 -73.946
16.671 73.946
16.672 -73.9523
16.672 73.9523
16.673 -73.9586
16.673 73.9586
16.674 -73.9649
16.674 73.9649
16.675 -73.9712
16.675 73.9712
16.676 -73.9776
16.676 73.9776
16.677 -73.9839
16.677 73.9839
16.678 -73.9902
16.678 73.9902
16.679 -73.9965
16.679 73.9965
16.68 -74.0028
16.68 74.0028
16.681 -74.0091
16.681 74.0091
16.682 -74.0154
16.682 74.0154
16.683 -74.0218
16.683 74.0218
16.684 -74.0281
16.684 74.0281
16.685 -74.0344
16.685 74.0344
16.686 -74.0407
16.686 74.0407
16.687 -74.047
16.687 74.047
16.688 -74.0533
16.688 74.0533
16.689 -74.0597
16.689 74.0597
16.69 -74.066
16.69 74.066
16.691 -74.0723
16.691 74.0723
16.692 -74.0786
16.692 74.0786
16.693 -74.0849
16.693 74.0849
16.694 -74.0913
16.694 74.0913
16.695 -74.0976
16.695 74.0976
16.696 -74.1039
16.696 74.1039
16.697 -74.1102
16.697 74.1102
16.698 -74.1165
16.698 74.1165
16.699 -74.1228
16.699 74.1228
16.7 -74.1292
16.7 74.1292
16.701 -74.1355
16.701 74.1355
16.702 -74.1418
16.702 74.1418
16.703 -74.1481
16.703 74.1481
16.704 -74.1544
16.704 74.1544
16.705 -74.1608
16.705 74.1608
16.706 -74.1671
16.706 74.1671
16.707 -74.1734
16.707 74.1734
16.708 -74.1797
16.708 74.1797
16.709 -74.186
16.709 74.186
16.71 -74.1924
16.71 74.1924
16.711 -74.1987
16.711 74.1987
16.712 -74.205
16.712 74.205
16.713 -74.2113
16.713 74.2113
16.714 -74.2177
16.714 74.2177
16.715 -74.224
16.715 74.224
16.716 -74.2303
16.716 74.2303
16.717 -74.2366
16.717 74.2366
16.718 -74.2429
16.718 74.2429
16.719 -74.2493
16.719 74.2493
16.72 -74.2556
16.72 74.2556
16.721 -74.2619
16.721 74.2619
16.722 -74.2682
16.722 74.2682
16.723 -74.2746
16.723 74.2746
16.724 -74.2809
16.724 74.2809
16.725 -74.2872
16.725 74.2872
16.726 -74.2935
16.726 74.2935
16.727 -74.2998
16.727 74.2998
16.728 -74.3062
16.728 74.3062
16.729 -74.3125
16.729 74.3125
16.73 -74.3188
16.73 74.3188
16.731 -74.3251
16.731 74.3251
16.732 -74.3315
16.732 74.3315
16.733 -74.3378
16.733 74.3378
16.734 -74.3441
16.734 74.3441
16.735 -74.3504
16.735 74.3504
16.736 -74.3568
16.736 74.3568
16.737 -74.3631
16.737 74.3631
16.738 -74.3694
16.738 74.3694
16.739 -74.3757
16.739 74.3757
16.74 -74.3821
16.74 74.3821
16.741 -74.3884
16.741 74.3884
16.742 -74.3947
16.742 74.3947
16.743 -74.4011
16.743 74.4011
16.744 -74.4074
16.744 74.4074
16.745 -74.4137
16.745 74.4137
16.746 -74.42
16.746 74.42
16.747 -74.4264
16.747 74.4264
16.748 -74.4327
16.748 74.4327
16.749 -74.439
16.749 74.439
16.75 -74.4453
16.75 74.4453
16.751 -74.4517
16.751 74.4517
16.752 -74.458
16.752 74.458
16.753 -74.4643
16.753 74.4643
16.754 -74.4707
16.754 74.4707
16.755 -74.477
16.755 74.477
16.756 -74.4833
16.756 74.4833
16.757 -74.4896
16.757 74.4896
16.758 -74.496
16.758 74.496
16.759 -74.5023
16.759 74.5023
16.76 -74.5086
16.76 74.5086
16.761 -74.515
16.761 74.515
16.762 -74.5213
16.762 74.5213
16.763 -74.5276
16.763 74.5276
16.764 -74.534
16.764 74.534
16.765 -74.5403
16.765 74.5403
16.766 -74.5466
16.766 74.5466
16.767 -74.5529
16.767 74.5529
16.768 -74.5593
16.768 74.5593
16.769 -74.5656
16.769 74.5656
16.77 -74.5719
16.77 74.5719
16.771 -74.5783
16.771 74.5783
16.772 -74.5846
16.772 74.5846
16.773 -74.5909
16.773 74.5909
16.774 -74.5973
16.774 74.5973
16.775 -74.6036
16.775 74.6036
16.776 -74.6099
16.776 74.6099
16.777 -74.6163
16.777 74.6163
16.778 -74.6226
16.778 74.6226
16.779 -74.6289
16.779 74.6289
16.78 -74.6353
16.78 74.6353
16.781 -74.6416
16.781 74.6416
16.782 -74.6479
16.782 74.6479
16.783 -74.6543
16.783 74.6543
16.784 -74.6606
16.784 74.6606
16.785 -74.6669
16.785 74.6669
16.786 -74.6733
16.786 74.6733
16.787 -74.6796
16.787 74.6796
16.788 -74.6859
16.788 74.6859
16.789 -74.6923
16.789 74.6923
16.79 -74.6986
16.79 74.6986
16.791 -74.7049
16.791 74.7049
16.792 -74.7113
16.792 74.7113
16.793 -74.7176
16.793 74.7176
16.794 -74.724
16.794 74.724
16.795 -74.7303
16.795 74.7303
16.796 -74.7366
16.796 74.7366
16.797 -74.743
16.797 74.743
16.798 -74.7493
16.798 74.7493
16.799 -74.7556
16.799 74.7556
16.8 -74.762
16.8 74.762
16.801 -74.7683
16.801 74.7683
16.802 -74.7746
16.802 74.7746
16.803 -74.781
16.803 74.781
16.804 -74.7873
16.804 74.7873
16.805 -74.7937
16.805 74.7937
16.806 -74.8
16.806 74.8
16.807 -74.8063
16.807 74.8063
16.808 -74.8127
16.808 74.8127
16.809 -74.819
16.809 74.819
16.81 -74.8253
16.81 74.8253
16.811 -74.8317
16.811 74.8317
16.812 -74.838
16.812 74.838
16.813 -74.8444
16.813 74.8444
16.814 -74.8507
16.814 74.8507
16.815 -74.857
16.815 74.857
16.816 -74.8634
16.816 74.8634
16.817 -74.8697
16.817 74.8697
16.818 -74.8761
16.818 74.8761
16.819 -74.8824
16.819 74.8824
16.82 -74.8887
16.82 74.8887
16.821 -74.8951
16.821 74.8951
16.822 -74.9014
16.822 74.9014
16.823 -74.9078
16.823 74.9078
16.824 -74.9141
16.824 74.9141
16.825 -74.9204
16.825 74.9204
16.826 -74.9268
16.826 74.9268
16.827 -74.9331
16.827 74.9331
16.828 -74.9395
16.828 74.9395
16.829 -74.9458
16.829 74.9458
16.83 -74.9522
16.83 74.9522
16.831 -74.9585
16.831 74.9585
16.832 -74.9648
16.832 74.9648
16.833 -74.9712
16.833 74.9712
16.834 -74.9775
16.834 74.9775
16.835 -74.9839
16.835 74.9839
16.836 -74.9902
16.836 74.9902
16.837 -74.9966
16.837 74.9966
16.838 -75.0029
16.838 75.0029
16.839 -75.0092
16.839 75.0092
16.84 -75.0156
16.84 75.0156
16.841 -75.0219
16.841 75.0219
16.842 -75.0283
16.842 75.0283
16.843 -75.0346
16.843 75.0346
16.844 -75.041
16.844 75.041
16.845 -75.0473
16.845 75.0473
16.846 -75.0537
16.846 75.0537
16.847 -75.06
16.847 75.06
16.848 -75.0663
16.848 75.0663
16.849 -75.0727
16.849 75.0727
16.85 -75.079
16.85 75.079
16.851 -75.0854
16.851 75.0854
16.852 -75.0917
16.852 75.0917
16.853 -75.0981
16.853 75.0981
16.854 -75.1044
16.854 75.1044
16.855 -75.1108
16.855 75.1108
16.856 -75.1171
16.856 75.1171
16.857 -75.1235
16.857 75.1235
16.858 -75.1298
16.858 75.1298
16.859 -75.1362
16.859 75.1362
16.86 -75.1425
16.86 75.1425
16.861 -75.1488
16.861 75.1488
16.862 -75.1552
16.862 75.1552
16.863 -75.1615
16.863 75.1615
16.864 -75.1679
16.864 75.1679
16.865 -75.1742
16.865 75.1742
16.866 -75.1806
16.866 75.1806
16.867 -75.1869
16.867 75.1869
16.868 -75.1933
16.868 75.1933
16.869 -75.1996
16.869 75.1996
16.87 -75.206
16.87 75.206
16.871 -75.2123
16.871 75.2123
16.872 -75.2187
16.872 75.2187
16.873 -75.225
16.873 75.225
16.874 -75.2314
16.874 75.2314
16.875 -75.2377
16.875 75.2377
16.876 -75.2441
16.876 75.2441
16.877 -75.2504
16.877 75.2504
16.878 -75.2568
16.878 75.2568
16.879 -75.2631
16.879 75.2631
16.88 -75.2695
16.88 75.2695
16.881 -75.2758
16.881 75.2758
16.882 -75.2822
16.882 75.2822
16.883 -75.2885
16.883 75.2885
16.884 -75.2949
16.884 75.2949
16.885 -75.3012
16.885 75.3012
16.886 -75.3076
16.886 75.3076
16.887 -75.314
16.887 75.314
16.888 -75.3203
16.888 75.3203
16.889 -75.3267
16.889 75.3267
16.89 -75.333
16.89 75.333
16.891 -75.3394
16.891 75.3394
16.892 -75.3457
16.892 75.3457
16.893 -75.3521
16.893 75.3521
16.894 -75.3584
16.894 75.3584
16.895 -75.3648
16.895 75.3648
16.896 -75.3711
16.896 75.3711
16.897 -75.3775
16.897 75.3775
16.898 -75.3838
16.898 75.3838
16.899 -75.3902
16.899 75.3902
16.9 -75.3965
16.9 75.3965
16.901 -75.4029
16.901 75.4029
16.902 -75.4093
16.902 75.4093
16.903 -75.4156
16.903 75.4156
16.904 -75.422
16.904 75.422
16.905 -75.4283
16.905 75.4283
16.906 -75.4347
16.906 75.4347
16.907 -75.441
16.907 75.441
16.908 -75.4474
16.908 75.4474
16.909 -75.4537
16.909 75.4537
16.91 -75.4601
16.91 75.4601
16.911 -75.4665
16.911 75.4665
16.912 -75.4728
16.912 75.4728
16.913 -75.4792
16.913 75.4792
16.914 -75.4855
16.914 75.4855
16.915 -75.4919
16.915 75.4919
16.916 -75.4982
16.916 75.4982
16.917 -75.5046
16.917 75.5046
16.918 -75.511
16.918 75.511
16.919 -75.5173
16.919 75.5173
16.92 -75.5237
16.92 75.5237
16.921 -75.53
16.921 75.53
16.922 -75.5364
16.922 75.5364
16.923 -75.5427
16.923 75.5427
16.924 -75.5491
16.924 75.5491
16.925 -75.5555
16.925 75.5555
16.926 -75.5618
16.926 75.5618
16.927 -75.5682
16.927 75.5682
16.928 -75.5745
16.928 75.5745
16.929 -75.5809
16.929 75.5809
16.93 -75.5873
16.93 75.5873
16.931 -75.5936
16.931 75.5936
16.932 -75.6
16.932 75.6
16.933 -75.6063
16.933 75.6063
16.934 -75.6127
16.934 75.6127
16.935 -75.6191
16.935 75.6191
16.936 -75.6254
16.936 75.6254
16.937 -75.6318
16.937 75.6318
16.938 -75.6381
16.938 75.6381
16.939 -75.6445
16.939 75.6445
16.94 -75.6509
16.94 75.6509
16.941 -75.6572
16.941 75.6572
16.942 -75.6636
16.942 75.6636
16.943 -75.67
16.943 75.67
16.944 -75.6763
16.944 75.6763
16.945 -75.6827
16.945 75.6827
16.946 -75.689
16.946 75.689
16.947 -75.6954
16.947 75.6954
16.948 -75.7018
16.948 75.7018
16.949 -75.7081
16.949 75.7081
16.95 -75.7145
16.95 75.7145
16.951 -75.7209
16.951 75.7209
16.952 -75.7272
16.952 75.7272
16.953 -75.7336
16.953 75.7336
16.954 -75.74
16.954 75.74
16.955 -75.7463
16.955 75.7463
16.956 -75.7527
16.956 75.7527
16.957 -75.759
16.957 75.759
16.958 -75.7654
16.958 75.7654
16.959 -75.7718
16.959 75.7718
16.96 -75.7781
16.96 75.7781
16.961 -75.7845
16.961 75.7845
16.962 -75.7909
16.962 75.7909
16.963 -75.7972
16.963 75.7972
16.964 -75.8036
16.964 75.8036
16.965 -75.81
16.965 75.81
16.966 -75.8163
16.966 75.8163
16.967 -75.8227
16.967 75.8227
16.968 -75.8291
16.968 75.8291
16.969 -75.8354
16.969 75.8354
16.97 -75.8418
16.97 75.8418
16.971 -75.8482
16.971 75.8482
16.972 -75.8545
16.972 75.8545
16.973 -75.8609
16.973 75.8609
16.974 -75.8673
16.974 75.8673
16.975 -75.8736
16.975 75.8736
16.976 -75.88
16.976 75.88
16.977 -75.8864
16.977 75.8864
16.978 -75.8927
16.978 75.8927
16.979 -75.8991
16.979 75.8991
16.98 -75.9055
16.98 75.9055
16.981 -75.9118
16.981 75.9118
16.982 -75.9182
16.982 75.9182
16.983 -75.9246
16.983 75.9246
16.984 -75.931
16.984 75.931
16.985 -75.9373
16.985 75.9373
16.986 -75.9437
16.986 75.9437
16.987 -75.9501
16.987 75.9501
16.988 -75.9564
16.988 75.9564
16.989 -75.9628
16.989 75.9628
16.99 -75.9692
16.99 75.9692
16.991 -75.9755
16.991 75.9755
16.992 -75.9819
16.992 75.9819
16.993 -75.9883
16.993 75.9883
16.994 -75.9947
16.994 75.9947
16.995 -76.001
16.995 76.001
16.996 -76.0074
16.996 76.0074
16.997 -76.0138
16.997 76.0138
16.998 -76.0201
16.998 76.0201
16.999 -76.0265
16.999 76.0265
17 -76.0329
17 76.0329
17.001 -76.0393
17.001 76.0393
17.002 -76.0456
17.002 76.0456
17.003 -76.052
17.003 76.052
17.004 -76.0584
17.004 76.0584
17.005 -76.0648
17.005 76.0648
17.006 -76.0711
17.006 76.0711
17.007 -76.0775
17.007 76.0775
17.008 -76.0839
17.008 76.0839
17.009 -76.0902
17.009 76.0902
17.01 -76.0966
17.01 76.0966
17.011 -76.103
17.011 76.103
17.012 -76.1094
17.012 76.1094
17.013 -76.1157
17.013 76.1157
17.014 -76.1221
17.014 76.1221
17.015 -76.1285
17.015 76.1285
17.016 -76.1349
17.016 76.1349
17.017 -76.1412
17.017 76.1412
17.018 -76.1476
17.018 76.1476
17.019 -76.154
17.019 76.154
17.02 -76.1604
17.02 76.1604
17.021 -76.1667
17.021 76.1667
17.022 -76.1731
17.022 76.1731
17.023 -76.1795
17.023 76.1795
17.024 -76.1859
17.024 76.1859
17.025 -76.1922
17.025 76.1922
17.026 -76.1986
17.026 76.1986
17.027 -76.205
17.027 76.205
17.028 -76.2114
17.028 76.2114
17.029 -76.2178
17.029 76.2178
17.03 -76.2241
17.03 76.2241
17.031 -76.2305
17.031 76.2305
17.032 -76.2369
17.032 76.2369
17.033 -76.2433
17.033 76.2433
17.034 -76.2496
17.034 76.2496
17.035 -76.256
17.035 76.256
17.036 -76.2624
17.036 76.2624
17.037 -76.2688
17.037 76.2688
17.038 -76.2752
17.038 76.2752
17.039 -76.2815
17.039 76.2815
17.04 -76.2879
17.04 76.2879
17.041 -76.2943
17.041 76.2943
17.042 -76.3007
17.042 76.3007
17.043 -76.3071
17.043 76.3071
17.044 -76.3134
17.044 76.3134
17.045 -76.3198
17.045 76.3198
17.046 -76.3262
17.046 76.3262
17.047 -76.3326
17.047 76.3326
17.048 -76.339
17.048 76.339
17.049 -76.3453
17.049 76.3453
17.05 -76.3517
17.05 76.3517
17.051 -76.3581
17.051 76.3581
17.052 -76.3645
17.052 76.3645
17.053 -76.3709
17.053 76.3709
17.054 -76.3772
17.054 76.3772
17.055 -76.3836
17.055 76.3836
17.056 -76.39
17.056 76.39
17.057 -76.3964
17.057 76.3964
17.058 -76.4028
17.058 76.4028
17.059 -76.4092
17.059 76.4092
17.06 -76.4155
17.06 76.4155
17.061 -76.4219
17.061 76.4219
17.062 -76.4283
17.062 76.4283
17.063 -76.4347
17.063 76.4347
17.064 -76.4411
17.064 76.4411
17.065 -76.4475
17.065 76.4475
17.066 -76.4538
17.066 76.4538
17.067 -76.4602
17.067 76.4602
17.068 -76.4666
17.068 76.4666
17.069 -76.473
17.069 76.473
17.07 -76.4794
17.07 76.4794
17.071 -76.4858
17.071 76.4858
17.072 -76.4921
17.072 76.4921
17.073 -76.4985
17.073 76.4985
17.074 -76.5049
17.074 76.5049
17.075 -76.5113
17.075 76.5113
17.076 -76.5177
17.076 76.5177
17.077 -76.5241
17.077 76.5241
17.078 -76.5305
17.078 76.5305
17.079 -76.5368
17.079 76.5368
17.08 -76.5432
17.08 76.5432
17.081 -76.5496
17.081 76.5496
17.082 -76.556
17.082 76.556
17.083 -76.5624
17.083 76.5624
17.084 -76.5688
17.084 76.5688
17.085 -76.5752
17.085 76.5752
17.086 -76.5816
17.086 76.5816
17.087 -76.5879
17.087 76.5879
17.088 -76.5943
17.088 76.5943
17.089 -76.6007
17.089 76.6007
17.09 -76.6071
17.09 76.6071
17.091 -76.6135
17.091 76.6135
17.092 -76.6199
17.092 76.6199
17.093 -76.6263
17.093 76.6263
17.094 -76.6327
17.094 76.6327
17.095 -76.639
17.095 76.639
17.096 -76.6454
17.096 76.6454
17.097 -76.6518
17.097 76.6518
17.098 -76.6582
17.098 76.6582
17.099 -76.6646
17.099 76.6646
17.1 -76.671
17.1 76.671
17.101 -76.6774
17.101 76.6774
17.102 -76.6838
17.102 76.6838
17.103 -76.6902
17.103 76.6902
17.104 -76.6966
17.104 76.6966
17.105 -76.7029
17.105 76.7029
17.106 -76.7093
17.106 76.7093
17.107 -76.7157
17.107 76.7157
17.108 -76.7221
17.108 76.7221
17.109 -76.7285
17.109 76.7285
17.11 -76.7349
17.11 76.7349
17.111 -76.7413
17.111 76.7413
17.112 -76.7477
17.112 76.7477
17.113 -76.7541
17.113 76.7541
17.114 -76.7605
17.114 76.7605
17.115 -76.7669
17.115 76.7669
17.116 -76.7733
17.116 76.7733
17.117 -76.7796
17.117 76.7796
17.118 -76.786
17.118 76.786
17.119 -76.7924
17.119 76.7924
17.12 -76.7988
17.12 76.7988
17.121 -76.8052
17.121 76.8052
17.122 -76.8116
17.122 76.8116
17.123 -76.818
17.123 76.818
17.124 -76.8244
17.124 76.8244
17.125 -76.8308
17.125 76.8308
17.126 -76.8372
17.126 76.8372
17.127 -76.8436
17.127 76.8436
17.128 -76.85
17.128 76.85
17.129 -76.8564
17.129 76.8564
17.13 -76.8628
17.13 76.8628
17.131 -76.8692
17.131 76.8692
17.132 -76.8756
17.132 76.8756
17.133 -76.882
17.133 76.882
17.134 -76.8883
17.134 76.8883
17.135 -76.8947
17.135 76.8947
17.136 -76.9011
17.136 76.9011
17.137 -76.9075
17.137 76.9075
17.138 -76.9139
17.138 76.9139
17.139 -76.9203
17.139 76.9203
17.14 -76.9267
17.14 76.9267
17.141 -76.9331
17.141 76.9331
17.142 -76.9395
17.142 76.9395
17.143 -76.9459
17.143 76.9459
17.144 -76.9523
17.144 76.9523
17.145 -76.9587
17.145 76.9587
17.146 -76.9651
17.146 76.9651
17.147 -76.9715
17.147 76.9715
17.148 -76.9779
17.148 76.9779
17.149 -76.9843
17.149 76.9843
17.15 -76.9907
17.15 76.9907
17.151 -76.9971
17.151 76.9971
17.152 -77.0035
17.152 77.0035
17.153 -77.0099
17.153 77.0099
17.154 -77.0163
17.154 77.0163
17.155 -77.0227
17.155 77.0227
17.156 -77.0291
17.156 77.0291
17.157 -77.0355
17.157 77.0355
17.158 -77.0419
17.158 77.0419
17.159 -77.0483
17.159 77.0483
17.16 -77.0547
17.16 77.0547
17.161 -77.0611
17.161 77.0611
17.162 -77.0675
17.162 77.0675
17.163 -77.0739
17.163 77.0739
17.164 -77.0803
17.164 77.0803
17.165 -77.0867
17.165 77.0867
17.166 -77.0931
17.166 77.0931
17.167 -77.0995
17.167 77.0995
17.168 -77.1059
17.168 77.1059
17.169 -77.1123
17.169 77.1123
17.17 -77.1187
17.17 77.1187
17.171 -77.1251
17.171 77.1251
17.172 -77.1315
17.172 77.1315
17.173 -77.1379
17.173 77.1379
17.174 -77.1443
17.174 77.1443
17.175 -77.1507
17.175 77.1507
17.176 -77.1571
17.176 77.1571
17.177 -77.1635
17.177 77.1635
17.178 -77.1699
17.178 77.1699
17.179 -77.1763
17.179 77.1763
17.18 -77.1827
17.18 77.1827
17.181 -77.1891
17.181 77.1891
17.182 -77.1955
17.182 77.1955
17.183 -77.202
17.183 77.202
17.184 -77.2084
17.184 77.2084
17.185 -77.2148
17.185 77.2148
17.186 -77.2212
17.186 77.2212
17.187 -77.2276
17.187 77.2276
17.188 -77.234
17.188 77.234
17.189 -77.2404
17.189 77.2404
17.19 -77.2468
17.19 77.2468
17.191 -77.2532
17.191 77.2532
17.192 -77.2596
17.192 77.2596
17.193 -77.266
17.193 77.266
17.194 -77.2724
17.194 77.2724
17.195 -77.2788
17.195 77.2788
17.196 -77.2852
17.196 77.2852
17.197 -77.2916
17.197 77.2916
17.198 -77.298
17.198 77.298
17.199 -77.3044
17.199 77.3044
17.2 -77.3109
17.2 77.3109
17.201 -77.3173
17.201 77.3173
17.202 -77.3237
17.202 77.3237
17.203 -77.3301
17.203 77.3301
17.204 -77.3365
17.204 77.3365
17.205 -77.3429
17.205 77.3429
17.206 -77.3493
17.206 77.3493
17.207 -77.3557
17.207 77.3557
17.208 -77.3621
17.208 77.3621
17.209 -77.3685
17.209 77.3685
17.21 -77.3749
17.21 77.3749
17.211 -77.3813
17.211 77.3813
17.212 -77.3878
17.212 77.3878
17.213 -77.3942
17.213 77.3942
17.214 -77.4006
17.214 77.4006
17.215 -77.407
17.215 77.407
17.216 -77.4134
17.216 77.4134
17.217 -77.4198
17.217 77.4198
17.218 -77.4262
17.218 77.4262
17.219 -77.4326
17.219 77.4326
17.22 -77.439
17.22 77.439
17.221 -77.4454
17.221 77.4454
17.222 -77.4519
17.222 77.4519
17.223 -77.4583
17.223 77.4583
17.224 -77.4647
17.224 77.4647
17.225 -77.4711
17.225 77.4711
17.226 -77.4775
17.226 77.4775
17.227 -77.4839
17.227 77.4839
17.228 -77.4903
17.228 77.4903
17.229 -77.4967
17.229 77.4967
17.23 -77.5032
17.23 77.5032
17.231 -77.5096
17.231 77.5096
17.232 -77.516
17.232 77.516
17.233 -77.5224
17.233 77.5224
17.234 -77.5288
17.234 77.5288
17.235 -77.5352
17.235 77.5352
17.236 -77.5416
17.236 77.5416
17.237 -77.548
17.237 77.548
17.238 -77.5545
17.238 77.5545
17.239 -77.5609
17.239 77.5609
17.24 -77.5673
17.24 77.5673
17.241 -77.5737
17.241 77.5737
17.242 -77.5801
17.242 77.5801
17.243 -77.5865
17.243 77.5865
17.244 -77.5929
17.244 77.5929
17.245 -77.5994
17.245 77.5994
17.246 -77.6058
17.246 77.6058
17.247 -77.6122
17.247 77.6122
17.248 -77.6186
17.248 77.6186
17.249 -77.625
17.249 77.625
17.25 -77.6314
17.25 77.6314
17.251 -77.6379
17.251 77.6379
17.252 -77.6443
17.252 77.6443
17.253 -77.6507
17.253 77.6507
17.254 -77.6571
17.254 77.6571
17.255 -77.6635
17.255 77.6635
17.256 -77.6699
17.256 77.6699
17.257 -77.6764
17.257 77.6764
17.258 -77.6828
17.258 77.6828
17.259 -77.6892
17.259 77.6892
17.26 -77.6956
17.26 77.6956
17.261 -77.702
17.261 77.702
17.262 -77.7084
17.262 77.7084
17.263 -77.7149
17.263 77.7149
17.264 -77.7213
17.264 77.7213
17.265 -77.7277
17.265 77.7277
17.266 -77.7341
17.266 77.7341
17.267 -77.7405
17.267 77.7405
17.268 -77.747
17.268 77.747
17.269 -77.7534
17.269 77.7534
17.27 -77.7598
17.27 77.7598
17.271 -77.7662
17.271 77.7662
17.272 -77.7726
17.272 77.7726
17.273 -77.7791
17.273 77.7791
17.274 -77.7855
17.274 77.7855
17.275 -77.7919
17.275 77.7919
17.276 -77.7983
17.276 77.7983
17.277 -77.8047
17.277 77.8047
17.278 -77.8112
17.278 77.8112
17.279 -77.8176
17.279 77.8176
17.28 -77.824
17.28 77.824
17.281 -77.8304
17.281 77.8304
17.282 -77.8368
17.282 77.8368
17.283 -77.8433
17.283 77.8433
17.284 -77.8497
17.284 77.8497
17.285 -77.8561
17.285 77.8561
17.286 -77.8625
17.286 77.8625
17.287 -77.869
17.287 77.869
17.288 -77.8754
17.288 77.8754
17.289 -77.8818
17.289 77.8818
17.29 -77.8882
17.29 77.8882
17.291 -77.8946
17.291 77.8946
17.292 -77.9011
17.292 77.9011
17.293 -77.9075
17.293 77.9075
17.294 -77.9139
17.294 77.9139
17.295 -77.9203
17.295 77.9203
17.296 -77.9268
17.296 77.9268
17.297 -77.9332
17.297 77.9332
17.298 -77.9396
17.298 77.9396
17.299 -77.946
17.299 77.946
17.3 -77.9525
17.3 77.9525
17.301 -77.9589
17.301 77.9589
17.302 -77.9653
17.302 77.9653
17.303 -77.9717
17.303 77.9717
17.304 -77.9782
17.304 77.9782
17.305 -77.9846
17.305 77.9846
17.306 -77.991
17.306 77.991
17.307 -77.9974
17.307 77.9974
17.308 -78.0039
17.308 78.0039
17.309 -78.0103
17.309 78.0103
17.31 -78.0167
17.31 78.0167
17.311 -78.0232
17.311 78.0232
17.312 -78.0296
17.312 78.0296
17.313 -78.036
17.313 78.036
17.314 -78.0424
17.314 78.0424
17.315 -78.0489
17.315 78.0489
17.316 -78.0553
17.316 78.0553
17.317 -78.0617
17.317 78.0617
17.318 -78.0681
17.318 78.0681
17.319 -78.0746
17.319 78.0746
17.32 -78.081
17.32 78.081
17.321 -78.0874
17.321 78.0874
17.322 -78.0939
17.322 78.0939
17.323 -78.1003
17.323 78.1003
17.324 -78.1067
17.324 78.1067
17.325 -78.1131
17.325 78.1131
17.326 -78.1196
17.326 78.1196
17.327 -78.126
17.327 78.126
17.328 -78.1324
17.328 78.1324
17.329 -78.1389
17.329 78.1389
17.33 -78.1453
17.33 78.1453
17.331 -78.1517
17.331 78.1517
17.332 -78.1582
17.332 78.1582
17.333 -78.1646
17.333 78.1646
17.334 -78.171
17.334 78.171
17.335 -78.1774
17.335 78.1774
17.336 -78.1839
17.336 78.1839
17.337 -78.1903
17.337 78.1903
17.338 -78.1967
17.338 78.1967
17.339 -78.2032
17.339 78.2032
17.34 -78.2096
17.34 78.2096
17.341 -78.216
17.341 78.216
17.342 -78.2225
17.342 78.2225
17.343 -78.2289
17.343 78.2289
17.344 -78.2353
17.344 78.2353
17.345 -78.2418
17.345 78.2418
17.346 -78.2482
17.346 78.2482
17.347 -78.2546
17.347 78.2546
17.348 -78.2611
17.348 78.2611
17.349 -78.2675
17.349 78.2675
17.35 -78.2739
17.35 78.2739
17.351 -78.2804
17.351 78.2804
17.352 -78.2868
17.352 78.2868
17.353 -78.2932
17.353 78.2932
17.354 -78.2997
17.354 78.2997
17.355 -78.3061
17.355 78.3061
17.356 -78.3125
17.356 78.3125
17.357 -78.319
17.357 78.319
17.358 -78.3254
17.358 78.3254
17.359 -78.3318
17.359 78.3318
17.36 -78.3383
17.36 78.3383
17.361 -78.3447
17.361 78.3447
17.362 -78.3511
17.362 78.3511
17.363 -78.3576
17.363 78.3576
17.364 -78.364
17.364 78.364
17.365 -78.3705
17.365 78.3705
17.366 -78.3769
17.366 78.3769
17.367 -78.3833
17.367 78.3833
17.368 -78.3898
17.368 78.3898
17.369 -78.3962
17.369 78.3962
17.37 -78.4026
17.37 78.4026
17.371 -78.4091
17.371 78.4091
17.372 -78.4155
17.372 78.4155
17.373 -78.4219
17.373 78.4219
17.374 -78.4284
17.374 78.4284
17.375 -78.4348
17.375 78.4348
17.376 -78.4413
17.376 78.4413
17.377 -78.4477
17.377 78.4477
17.378 -78.4541
17.378 78.4541
17.379 -78.4606
17.379 78.4606
17.38 -78.467
17.38 78.467
17.381 -78.4735
17.381 78.4735
17.382 -78.4799
17.382 78.4799
17.383 -78.4863
17.383 78.4863
17.384 -78.4928
17.384 78.4928
17.385 -78.4992
17.385 78.4992
17.386 -78.5057
17.386 78.5057
17.387 -78.5121
17.387 78.5121
17.388 -78.5185
17.388 78.5185
17.389 -78.525
17.389 78.525
17.39 -78.5314
17.39 78.5314
17.391 -78.5379
17.391 78.5379
17.392 -78.5443
17.392 78.5443
17.393 -78.5507
17.393 78.5507
17.394 -78.5572
17.394 78.5572
17.395 -78.5636
17.395 78.5636
17.396 -78.5701
17.396 78.5701
17.397 -78.5765
17.397 78.5765
17.398 -78.5829
17.398 78.5829
17.399 -78.5894
17.399 78.5894
17.4 -78.5958
17.4 78.5958
17.401 -78.6023
17.401 78.6023
17.402 -78.6087
17.402 78.6087
17.403 -78.6152
17.403 78.6152
17.404 -78.6216
17.404 78.6216
17.405 -78.628
17.405 78.628
17.406 -78.6345
17.406 78.6345
17.407 -78.6409
17.407 78.6409
17.408 -78.6474
17.408 78.6474
17.409 -78.6538
17.409 78.6538
17.41 -78.6603
17.41 78.6603
17.411 -78.6667
17.411 78.6667
17.412 -78.6731
17.412 78.6731
17.413 -78.6796
17.413 78.6796
17.414 -78.686
17.414 78.686
17.415 -78.6925
17.415 78.6925
17.416 -78.6989
17.416 78.6989
17.417 -78.7054
17.417 78.7054
17.418 -78.7118
17.418 78.7118
17.419 -78.7183
17.419 78.7183
17.42 -78.7247
17.42 78.7247
17.421 -78.7312
17.421 78.7312
17.422 -78.7376
17.422 78.7376
17.423 -78.744
17.423 78.744
17.424 -78.7505
17.424 78.7505
17.425 -78.7569
17.425 78.7569
17.426 -78.7634
17.426 78.7634
17.427 -78.7698
17.427 78.7698
17.428 -78.7763
17.428 78.7763
17.429 -78.7827
17.429 78.7827
17.43 -78.7892
17.43 78.7892
17.431 -78.7956
17.431 78.7956
17.432 -78.8021
17.432 78.8021
17.433 -78.8085
17.433 78.8085
17.434 -78.815
17.434 78.815
17.435 -78.8214
17.435 78.8214
17.436 -78.8279
17.436 78.8279
17.437 -78.8343
17.437 78.8343
17.438 -78.8408
17.438 78.8408
17.439 -78.8472
17.439 78.8472
17.44 -78.8537
17.44 78.8537
17.441 -78.8601
17.441 78.8601
17.442 -78.8666
17.442 78.8666
17.443 -78.873
17.443 78.873
17.444 -78.8795
17.444 78.8795
17.445 -78.8859
17.445 78.8859
17.446 -78.8924
17.446 78.8924
17.447 -78.8988
17.447 78.8988
17.448 -78.9053
17.448 78.9053
17.449 -78.9117
17.449 78.9117
17.45 -78.9182
17.45 78.9182
17.451 -78.9246
17.451 78.9246
17.452 -78.9311
17.452 78.9311
17.453 -78.9375
17.453 78.9375
17.454 -78.944
17.454 78.944
17.455 -78.9504
17.455 78.9504
17.456 -78.9569
17.456 78.9569
17.457 -78.9633
17.457 78.9633
17.458 -78.9698
17.458 78.9698
17.459 -78.9762
17.459 78.9762
17.46 -78.9827
17.46 78.9827
17.461 -78.9891
17.461 78.9891
17.462 -78.9956
17.462 78.9956
17.463 -79.002
17.463 79.002
17.464 -79.0085
17.464 79.0085
17.465 -79.0149
17.465 79.0149
17.466 -79.0214
17.466 79.0214
17.467 -79.0279
17.467 79.0279
17.468 -79.0343
17.468 79.0343
17.469 -79.0408
17.469 79.0408
17.47 -79.0472
17.47 79.0472
17.471 -79.0537
17.471 79.0537
17.472 -79.0601
17.472 79.0601
17.473 -79.0666
17.473 79.0666
17.474 -79.073
17.474 79.073
17.475 -79.0795
17.475 79.0795
17.476 -79.0859
17.476 79.0859
17.477 -79.0924
17.477 79.0924
17.478 -79.0989
17.478 79.0989
17.479 -79.1053
17.479 79.1053
17.48 -79.1118
17.48 79.1118
17.481 -79.1182
17.481 79.1182
17.482 -79.1247
17.482 79.1247
17.483 -79.1311
17.483 79.1311
17.484 -79.1376
17.484 79.1376
17.485 -79.1441
17.485 79.1441
17.486 -79.1505
17.486 79.1505
17.487 -79.157
17.487 79.157
17.488 -79.1634
17.488 79.1634
17.489 -79.1699
17.489 79.1699
17.49 -79.1763
17.49 79.1763
17.491 -79.1828
17.491 79.1828
17.492 -79.1893
17.492 79.1893
17.493 -79.1957
17.493 79.1957
17.494 -79.2022
17.494 79.2022
17.495 -79.2086
17.495 79.2086
17.496 -79.2151
17.496 79.2151
17.497 -79.2216
17.497 79.2216
17.498 -79.228
17.498 79.228
17.499 -79.2345
17.499 79.2345
17.5 -79.2409
17.5 79.2409
17.501 -79.2474
17.501 79.2474
17.502 -79.2538
17.502 79.2538
17.503 -79.2603
17.503 79.2603
17.504 -79.2668
17.504 79.2668
17.505 -79.2732
17.505 79.2732
17.506 -79.2797
17.506 79.2797
17.507 -79.2862
17.507 79.2862
17.508 -79.2926
17.508 79.2926
17.509 -79.2991
17.509 79.2991
17.51 -79.3055
17.51 79.3055
17.511 -79.312
17.511 79.312
17.512 -79.3185
17.512 79.3185
17.513 -79.3249
17.513 79.3249
17.514 -79.3314
17.514 79.3314
17.515 -79.3378
17.515 79.3378
17.516 -79.3443
17.516 79.3443
17.517 -79.3508
17.517 79.3508
17.518 -79.3572
17.518 79.3572
17.519 -79.3637
17.519 79.3637
17.52 -79.3702
17.52 79.3702
17.521 -79.3766
17.521 79.3766
17.522 -79.3831
17.522 79.3831
17.523 -79.3895
17.523 79.3895
17.524 -79.396
17.524 79.396
17.525 -79.4025
17.525 79.4025
17.526 -79.4089
17.526 79.4089
17.527 -79.4154
17.527 79.4154
17.528 -79.4219
17.528 79.4219
17.529 -79.4283
17.529 79.4283
17.53 -79.4348
17.53 79.4348
17.531 -79.4413
17.531 79.4413
17.532 -79.4477
17.532 79.4477
17.533 -79.4542
17.533 79.4542
17.534 -79.4607
17.534 79.4607
17.535 -79.4671
17.535 79.4671
17.536 -79.4736
17.536 79.4736
17.537 -79.4801
17.537 79.4801
17.538 -79.4865
17.538 79.4865
17.539 -79.493
17.539 79.493
17.54 -79.4995
17.54 79.4995
17.541 -79.5059
17.541 79.5059
17.542 -79.5124
17.542 79.5124
17.543 -79.5189
17.543 79.5189
17.544 -79.5253
17.544 79.5253
17.545 -79.5318
17.545 79.5318
17.546 -79.5383
17.546 79.5383
17.547 -79.5447
17.547 79.5447
17.548 -79.5512
17.548 79.5512
17.549 -79.5577
17.549 79.5577
17.55 -79.5641
17.55 79.5641
17.551 -79.5706
17.551 79.5706
17.552 -79.5771
17.552 79.5771
17.553 -79.5835
17.553 79.5835
17.554 -79.59
17.554 79.59
17.555 -79.5965
17.555 79.5965
17.556 -79.6029
17.556 79.6029
17.557 -79.6094
17.557 79.6094
17.558 -79.6159
17.558 79.6159
17.559 -79.6224
17.559 79.6224
17.56 -79.6288
17.56 79.6288
17.561 -79.6353
17.561 79.6353
17.562 -79.6418
17.562 79.6418
17.563 -79.6482
17.563 79.6482
17.564 -79.6547
17.564 79.6547
17.565 -79.6612
17.565 79.6612
17.566 -79.6677
17.566 79.6677
17.567 -79.6741
17.567 79.6741
17.568 -79.6806
17.568 79.6806
17.569 -79.6871
17.569 79.6871
17.57 -79.6935
17.57 79.6935
17.571 -79.7
17.571 79.7
17.572 -79.7065
17.572 79.7065
17.573 -79.713
17.573 79.713
17.574 -79.7194
17.574 79.7194
17.575 -79.7259
17.575 79.7259
17.576 -79.7324
17.576 79.7324
17.577 -79.7388
17.577 79.7388
17.578 -79.7453
17.578 79.7453
17.579 -79.7518
17.579 79.7518
17.58 -79.7583
17.58 79.7583
17.581 -79.7647
17.581 79.7647
17.582 -79.7712
17.582 79.7712
17.583 -79.7777
17.583 79.7777
17.584 -79.7842
17.584 79.7842
17.585 -79.7906
17.585 79.7906
17.586 -79.7971
17.586 79.7971
17.587 -79.8036
17.587 79.8036
17.588 -79.8101
17.588 79.8101
17.589 -79.8165
17.589 79.8165
17.59 -79.823
17.59 79.823
17.591 -79.8295
17.591 79.8295
17.592 -79.836
17.592 79.836
17.593 -79.8424
17.593 79.8424
17.594 -79.8489
17.594 79.8489
17.595 -79.8554
17.595 79.8554
17.596 -79.8619
17.596 79.8619
17.597 -79.8683
17.597 79.8683
17.598 -79.8748
17.598 79.8748
17.599 -79.8813
17.599 79.8813
17.6 -79.8878
17.6 79.8878
17.601 -79.8942
17.601 79.8942
17.602 -79.9007
17.602 79.9007
17.603 -79.9072
17.603 79.9072
17.604 -79.9137
17.604 79.9137
17.605 -79.9202
17.605 79.9202
17.606 -79.9266
17.606 79.9266
17.607 -79.9331
17.607 79.9331
17.608 -79.9396
17.608 79.9396
17.609 -79.9461
17.609 79.9461
17.61 -79.9526
17.61 79.9526
17.611 -79.959
17.611 79.959
17.612 -79.9655
17.612 79.9655
17.613 -79.972
17.613 79.972
17.614 -79.9785
17.614 79.9785
17.615 -79.9849
17.615 79.9849
17.616 -79.9914
17.616 79.9914
17.617 -79.9979
17.617 79.9979
17.618 -80.0044
17.618 80.0044
17.619 -80.0109
17.619 80.0109
17.62 -80.0173
17.62 80.0173
17.621 -80.0238
17.621 80.0238
17.622 -80.0303
17.622 80.0303
17.623 -80.0368
17.623 80.0368
17.624 -80.0433
17.624 80.0433
17.625 -80.0498
17.625 80.0498
17.626 -80.0562
17.626 80.0562
17.627 -80.0627
17.627 80.0627
17.628 -80.0692
17.628 80.0692
17.629 -80.0757
17.629 80.0757
17.63 -80.0822
17.63 80.0822
17.631 -80.0886
17.631 80.0886
17.632 -80.0951
17.632 80.0951
17.633 -80.1016
17.633 80.1016
17.634 -80.1081
17.634 80.1081
17.635 -80.1146
17.635 80.1146
17.636 -80.1211
17.636 80.1211
17.637 -80.1275
17.637 80.1275
17.638 -80.134
17.638 80.134
17.639 -80.1405
17.639 80.1405
17.64 -80.147
17.64 80.147
17.641 -80.1535
17.641 80.1535
17.642 -80.16
17.642 80.16
17.643 -80.1664
17.643 80.1664
17.644 -80.1729
17.644 80.1729
17.645 -80.1794
17.645 80.1794
17.646 -80.1859
17.646 80.1859
17.647 -80.1924
17.647 80.1924
17.648 -80.1989
17.648 80.1989
17.649 -80.2054
17.649 80.2054
17.65 -80.2118
17.65 80.2118
17.651 -80.2183
17.651 80.2183
17.652 -80.2248
17.652 80.2248
17.653 -80.2313
17.653 80.2313
17.654 -80.2378
17.654 80.2378
17.655 -80.2443
17.655 80.2443
17.656 -80.2508
17.656 80.2508
17.657 -80.2572
17.657 80.2572
17.658 -80.2637
17.658 80.2637
17.659 -80.2702
17.659 80.2702
17.66 -80.2767
17.66 80.2767
17.661 -80.2832
17.661 80.2832
17.662 -80.2897
17.662 80.2897
17.663 -80.2962
17.663 80.2962
17.664 -80.3027
17.664 80.3027
17.665 -80.3091
17.665 80.3091
17.666 -80.3156
17.666 80.3156
17.667 -80.3221
17.667 80.3221
17.668 -80.3286
17.668 80.3286
17.669 -80.3351
17.669 80.3351
17.67 -80.3416
17.67 80.3416
17.671 -80.3481
17.671 80.3481
17.672 -80.3546
17.672 80.3546
17.673 -80.3611
17.673 80.3611
17.674 -80.3675
17.674 80.3675
17.675 -80.374
17.675 80.374
17.676 -80.3805
17.676 80.3805
17.677 -80.387
17.677 80.387
17.678 -80.3935
17.678 80.3935
17.679 -80.4
17.679 80.4
17.68 -80.4065
17.68 80.4065
17.681 -80.413
17.681 80.413
17.682 -80.4195
17.682 80.4195
17.683 -80.426
17.683 80.426
17.684 -80.4325
17.684 80.4325
17.685 -80.4389
17.685 80.4389
17.686 -80.4454
17.686 80.4454
17.687 -80.4519
17.687 80.4519
17.688 -80.4584
17.688 80.4584
17.689 -80.4649
17.689 80.4649
17.69 -80.4714
17.69 80.4714
17.691 -80.4779
17.691 80.4779
17.692 -80.4844
17.692 80.4844
17.693 -80.4909
17.693 80.4909
17.694 -80.4974
17.694 80.4974
17.695 -80.5039
17.695 80.5039
17.696 -80.5104
17.696 80.5104
17.697 -80.5169
17.697 80.5169
17.698 -80.5234
17.698 80.5234
17.699 -80.5299
17.699 80.5299
17.7 -80.5363
17.7 80.5363
17.701 -80.5428
17.701 80.5428
17.702 -80.5493
17.702 80.5493
17.703 -80.5558
17.703 80.5558
17.704 -80.5623
17.704 80.5623
17.705 -80.5688
17.705 80.5688
17.706 -80.5753
17.706 80.5753
17.707 -80.5818
17.707 80.5818
17.708 -80.5883
17.708 80.5883
17.709 -80.5948
17.709 80.5948
17.71 -80.6013
17.71 80.6013
17.711 -80.6078
17.711 80.6078
17.712 -80.6143
17.712 80.6143
17.713 -80.6208
17.713 80.6208
17.714 -80.6273
17.714 80.6273
17.715 -80.6338
17.715 80.6338
17.716 -80.6403
17.716 80.6403
17.717 -80.6468
17.717 80.6468
17.718 -80.6533
17.718 80.6533
17.719 -80.6598
17.719 80.6598
17.72 -80.6663
17.72 80.6663
17.721 -80.6728
17.721 80.6728
17.722 -80.6793
17.722 80.6793
17.723 -80.6858
17.723 80.6858
17.724 -80.6923
17.724 80.6923
17.725 -80.6988
17.725 80.6988
17.726 -80.7053
17.726 80.7053
17.727 -80.7118
17.727 80.7118
17.728 -80.7183
17.728 80.7183
17.729 -80.7248
17.729 80.7248
17.73 -80.7313
17.73 80.7313
17.731 -80.7378
17.731 80.7378
17.732 -80.7443
17.732 80.7443
17.733 -80.7508
17.733 80.7508
17.734 -80.7573
17.734 80.7573
17.735 -80.7638
17.735 80.7638
17.736 -80.7703
17.736 80.7703
17.737 -80.7768
17.737 80.7768
17.738 -80.7833
17.738 80.7833
17.739 -80.7898
17.739 80.7898
17.74 -80.7963
17.74 80.7963
17.741 -80.8028
17.741 80.8028
17.742 -80.8093
17.742 80.8093
17.743 -80.8158
17.743 80.8158
17.744 -80.8223
17.744 80.8223
17.745 -80.8288
17.745 80.8288
17.746 -80.8353
17.746 80.8353
17.747 -80.8418
17.747 80.8418
17.748 -80.8483
17.748 80.8483
17.749 -80.8548
17.749 80.8548
17.75 -80.8613
17.75 80.8613
17.751 -80.8678
17.751 80.8678
17.752 -80.8743
17.752 80.8743
17.753 -80.8808
17.753 80.8808
17.754 -80.8873
17.754 80.8873
17.755 -80.8938
17.755 80.8938
17.756 -80.9003
17.756 80.9003
17.757 -80.9068
17.757 80.9068
17.758 -80.9133
17.758 80.9133
17.759 -80.9198
17.759 80.9198
17.76 -80.9263
17.76 80.9263
17.761 -80.9328
17.761 80.9328
17.762 -80.9393
17.762 80.9393
17.763 -80.9458
17.763 80.9458
17.764 -80.9523
17.764 80.9523
17.765 -80.9588
17.765 80.9588
17.766 -80.9654
17.766 80.9654
17.767 -80.9719
17.767 80.9719
17.768 -80.9784
17.768 80.9784
17.769 -80.9849
17.769 80.9849
17.77 -80.9914
17.77 80.9914
17.771 -80.9979
17.771 80.9979
17.772 -81.0044
17.772 81.0044
17.773 -81.0109
17.773 81.0109
17.774 -81.0174
17.774 81.0174
17.775 -81.0239
17.775 81.0239
17.776 -81.0304
17.776 81.0304
17.777 -81.0369
17.777 81.0369
17.778 -81.0434
17.778 81.0434
17.779 -81.0499
17.779 81.0499
17.78 -81.0565
17.78 81.0565
17.781 -81.063
17.781 81.063
17.782 -81.0695
17.782 81.0695
17.783 -81.076
17.783 81.076
17.784 -81.0825
17.784 81.0825
17.785 -81.089
17.785 81.089
17.786 -81.0955
17.786 81.0955
17.787 -81.102
17.787 81.102
17.788 -81.1085
17.788 81.1085
17.789 -81.115
17.789 81.115
17.79 -81.1215
17.79 81.1215
17.791 -81.1281
17.791 81.1281
17.792 -81.1346
17.792 81.1346
17.793 -81.1411
17.793 81.1411
17.794 -81.1476
17.794 81.1476
17.795 -81.1541
17.795 81.1541
17.796 -81.1606
17.796 81.1606
17.797 -81.1671
17.797 81.1671
17.798 -81.1736
17.798 81.1736
17.799 -81.1801
17.799 81.1801
17.8 -81.1866
17.8 81.1866
17.801 -81.1932
17.801 81.1932
17.802 -81.1997
17.802 81.1997
17.803 -81.2062
17.803 81.2062
17.804 -81.2127
17.804 81.2127
17.805 -81.2192
17.805 81.2192
17.806 -81.2257
17.806 81.2257
17.807 -81.2322
17.807 81.2322
17.808 -81.2387
17.808 81.2387
17.809 -81.2453
17.809 81.2453
17.81 -81.2518
17.81 81.2518
17.811 -81.2583
17.811 81.2583
17.812 -81.2648
17.812 81.2648
17.813 -81.2713
17.813 81.2713
17.814 -81.2778
17.814 81.2778
17.815 -81.2843
17.815 81.2843
17.816 -81.2909
17.816 81.2909
17.817 -81.2974
17.817 81.2974
17.818 -81.3039
17.818 81.3039
17.819 -81.3104
17.819 81.3104
17.82 -81.3169
17.82 81.3169
17.821 -81.3234
17.821 81.3234
17.822 -81.3299
17.822 81.3299
17.823 -81.3365
17.823 81.3365
17.824 -81.343
17.824 81.343
17.825 -81.3495
17.825 81.3495
17.826 -81.356
17.826 81.356
17.827 -81.3625
17.827 81.3625
17.828 -81.369
17.828 81.369
17.829 -81.3756
17.829 81.3756
17.83 -81.3821
17.83 81.3821
17.831 -81.3886
17.831 81.3886
17.832 -81.3951
17.832 81.3951
17.833 -81.4016
17.833 81.4016
17.834 -81.4081
17.834 81.4081
17.835 -81.4147
17.835 81.4147
17.836 -81.4212
17.836 81.4212
17.837 -81.4277
17.837 81.4277
17.838 -81.4342
17.838 81.4342
17.839 -81.4407
17.839 81.4407
17.84 -81.4473
17.84 81.4473
17.841 -81.4538
17.841 81.4538
17.842 -81.4603
17.842 81.4603
17.843 -81.4668
17.843 81.4668
17.844 -81.4733
17.844 81.4733
17.845 -81.4798
17.845 81.4798
17.846 -81.4864
17.846 81.4864
17.847 -81.4929
17.847 81.4929
17.848 -81.4994
17.848 81.4994
17.849 -81.5059
17.849 81.5059
17.85 -81.5124
17.85 81.5124
17.851 -81.519
17.851 81.519
17.852 -81.5255
17.852 81.5255
17.853 -81.532
17.853 81.532
17.854 -81.5385
17.854 81.5385
17.855 -81.5451
17.855 81.5451
17.856 -81.5516
17.856 81.5516
17.857 -81.5581
17.857 81.5581
17.858 -81.5646
17.858 81.5646
17.859 -81.5711
17.859 81.5711
17.86 -81.5777
17.86 81.5777
17.861 -81.5842
17.861 81.5842
17.862 -81.5907
17.862 81.5907
17.863 -81.5972
17.863 81.5972
17.864 -81.6037
17.864 81.6037
17.865 -81.6103
17.865 81.6103
17.866 -81.6168
17.866 81.6168
17.867 -81.6233
17.867 81.6233
17.868 -81.6298
17.868 81.6298
17.869 -81.6364
17.869 81.6364
17.87 -81.6429
17.87 81.6429
17.871 -81.6494
17.871 81.6494
17.872 -81.6559
17.872 81.6559
17.873 -81.6625
17.873 81.6625
17.874 -81.669
17.874 81.669
17.875 -81.6755
17.875 81.6755
17.876 -81.682
17.876 81.682
17.877 -81.6886
17.877 81.6886
17.878 -81.6951
17.878 81.6951
17.879 -81.7016
17.879 81.7016
17.88 -81.7081
17.88 81.7081
17.881 -81.7147
17.881 81.7147
17.882 -81.7212
17.882 81.7212
17.883 -81.7277
17.883 81.7277
17.884 -81.7342
17.884 81.7342
17.885 -81.7408
17.885 81.7408
17.886 -81.7473
17.886 81.7473
17.887 -81.7538
17.887 81.7538
17.888 -81.7603
17.888 81.7603
17.889 -81.7669
17.889 81.7669
17.89 -81.7734
17.89 81.7734
17.891 -81.7799
17.891 81.7799
17.892 -81.7865
17.892 81.7865
17.893 -81.793
17.893 81.793
17.894 -81.7995
17.894 81.7995
17.895 -81.806
17.895 81.806
17.896 -81.8126
17.896 81.8126
17.897 -81.8191
17.897 81.8191
17.898 -81.8256
17.898 81.8256
17.899 -81.8321
17.899 81.8321
17.9 -81.8387
17.9 81.8387
17.901 -81.8452
17.901 81.8452
17.902 -81.8517
17.902 81.8517
17.903 -81.8583
17.903 81.8583
17.904 -81.8648
17.904 81.8648
17.905 -81.8713
17.905 81.8713
17.906 -81.8779
17.906 81.8779
17.907 -81.8844
17.907 81.8844
17.908 -81.8909
17.908 81.8909
17.909 -81.8974
17.909 81.8974
17.91 -81.904
17.91 81.904
17.911 -81.9105
17.911 81.9105
17.912 -81.917
17.912 81.917
17.913 -81.9236
17.913 81.9236
17.914 -81.9301
17.914 81.9301
17.915 -81.9366
17.915 81.9366
17.916 -81.9432
17.916 81.9432
17.917 -81.9497
17.917 81.9497
17.918 -81.9562
17.918 81.9562
17.919 -81.9628
17.919 81.9628
17.92 -81.9693
17.92 81.9693
17.921 -81.9758
17.921 81.9758
17.922 -81.9824
17.922 81.9824
17.923 -81.9889
17.923 81.9889
17.924 -81.9954
17.924 81.9954
17.925 -82.002
17.925 82.002
17.926 -82.0085
17.926 82.0085
17.927 -82.015
17.927 82.015
17.928 -82.0216
17.928 82.0216
17.929 -82.0281
17.929 82.0281
17.93 -82.0346
17.93 82.0346
17.931 -82.0412
17.931 82.0412
17.932 -82.0477
17.932 82.0477
17.933 -82.0542
17.933 82.0542
17.934 -82.0608
17.934 82.0608
17.935 -82.0673
17.935 82.0673
17.936 -82.0738
17.936 82.0738
17.937 -82.0804
17.937 82.0804
17.938 -82.0869
17.938 82.0869
17.939 -82.0934
17.939 82.0934
17.94 -82.1
17.94 82.1
17.941 -82.1065
17.941 82.1065
17.942 -82.113
17.942 82.113
17.943 -82.1196
17.943 82.1196
17.944 -82.1261
17.944 82.1261
17.945 -82.1327
17.945 82.1327
17.946 -82.1392
17.946 82.1392
17.947 -82.1457
17.947 82.1457
17.948 -82.1523
17.948 82.1523
17.949 -82.1588
17.949 82.1588
17.95 -82.1653
17.95 82.1653
17.951 -82.1719
17.951 82.1719
17.952 -82.1784
17.952 82.1784
17.953 -82.1849
17.953 82.1849
17.954 -82.1915
17.954 82.1915
17.955 -82.198
17.955 82.198
17.956 -82.2046
17.956 82.2046
17.957 -82.2111
17.957 82.2111
17.958 -82.2176
17.958 82.2176
17.959 -82.2242
17.959 82.2242
17.96 -82.2307
17.96 82.2307
17.961 -82.2373
17.961 82.2373
17.962 -82.2438
17.962 82.2438
17.963 -82.2503
17.963 82.2503
17.964 -82.2569
17.964 82.2569
17.965 -82.2634
17.965 82.2634
17.966 -82.27
17.966 82.27
17.967 -82.2765
17.967 82.2765
17.968 -82.283
17.968 82.283
17.969 -82.2896
17.969 82.2896
17.97 -82.2961
17.97 82.2961
17.971 -82.3027
17.971 82.3027
17.972 -82.3092
17.972 82.3092
17.973 -82.3157
17.973 82.3157
17.974 -82.3223
17.974 82.3223
17.975 -82.3288
17.975 82.3288
17.976 -82.3354
17.976 82.3354
17.977 -82.3419
17.977 82.3419
17.978 -82.3485
17.978 82.3485
17.979 -82.355
17.979 82.355
17.98 -82.3615
17.98 82.3615
17.981 -82.3681
17.981 82.3681
17.982 -82.3746
17.982 82.3746
17.983 -82.3812
17.983 82.3812
17.984 -82.3877
17.984 82.3877
17.985 -82.3943
17.985 82.3943
17.986 -82.4008
17.986 82.4008
17.987 -82.4073
17.987 82.4073
17.988 -82.4139
17.988 82.4139
17.989 -82.4204
17.989 82.4204
17.99 -82.427
17.99 82.427
17.991 -82.4335
17.991 82.4335
17.992 -82.4401
17.992 82.4401
17.993 -82.4466
17.993 82.4466
17.994 -82.4532
17.994 82.4532
17.995 -82.4597
17.995 82.4597
17.996 -82.4662
17.996 82.4662
17.997 -82.4728
17.997 82.4728
17.998 -82.4793
17.998 82.4793
17.999 -82.4859
17.999 82.4859
18 -82.4924
18 82.4924
18.001 -82.499
18.001 82.499
18.002 -82.5055
18.002 82.5055
18.003 -82.5121
18.003 82.5121
18.004 -82.5186
18.004 82.5186
18.005 -82.5252
18.005 82.5252
18.006 -82.5317
18.006 82.5317
18.007 -82.5383
18.007 82.5383
18.008 -82.5448
18.008 82.5448
18.009 -82.5513
18.009 82.5513
18.01 -82.5579
18.01 82.5579
18.011 -82.5644
18.011 82.5644
18.012 -82.571
18.012 82.571
18.013 -82.5775
18.013 82.5775
18.014 -82.5841
18.014 82.5841
18.015 -82.5906
18.015 82.5906
18.016 -82.5972
18.016 82.5972
18.017 -82.6037
18.017 82.6037
18.018 -82.6103
18.018 82.6103
18.019 -82.6168
18.019 82.6168
18.02 -82.6234
18.02 82.6234
18.021 -82.6299
18.021 82.6299
18.022 -82.6365
18.022 82.6365
18.023 -82.643
18.023 82.643
18.024 -82.6496
18.024 82.6496
18.025 -82.6561
18.025 82.6561
18.026 -82.6627
18.026 82.6627
18.027 -82.6692
18.027 82.6692
18.028 -82.6758
18.028 82.6758
18.029 -82.6823
18.029 82.6823
18.03 -82.6889
18.03 82.6889
18.031 -82.6954
18.031 82.6954
18.032 -82.702
18.032 82.702
18.033 -82.7085
18.033 82.7085
18.034 -82.7151
18.034 82.7151
18.035 -82.7216
18.035 82.7216
18.036 -82.7282
18.036 82.7282
18.037 -82.7347
18.037 82.7347
18.038 -82.7413
18.038 82.7413
18.039 -82.7479
18.039 82.7479
18.04 -82.7544
18.04 82.7544
18.041 -82.761
18.041 82.761
18.042 -82.7675
18.042 82.7675
18.043 -82.7741
18.043 82.7741
18.044 -82.7806
18.044 82.7806
18.045 -82.7872
18.045 82.7872
18.046 -82.7937
18.046 82.7937
18.047 -82.8003
18.047 82.8003
18.048 -82.8068
18.048 82.8068
18.049 -82.8134
18.049 82.8134
18.05 -82.8199
18.05 82.8199
18.051 -82.8265
18.051 82.8265
18.052 -82.8331
18.052 82.8331
18.053 -82.8396
18.053 82.8396
18.054 -82.8462
18.054 82.8462
18.055 -82.8527
18.055 82.8527
18.056 -82.8593
18.056 82.8593
18.057 -82.8658
18.057 82.8658
18.058 -82.8724
18.058 82.8724
18.059 -82.8789
18.059 82.8789
18.06 -82.8855
18.06 82.8855
18.061 -82.8921
18.061 82.8921
18.062 -82.8986
18.062 82.8986
18.063 -82.9052
18.063 82.9052
18.064 -82.9117
18.064 82.9117
18.065 -82.9183
18.065 82.9183
18.066 -82.9248
18.066 82.9248
18.067 -82.9314
18.067 82.9314
18.068 -82.938
18.068 82.938
18.069 -82.9445
18.069 82.9445
18.07 -82.9511
18.07 82.9511
18.071 -82.9576
18.071 82.9576
18.072 -82.9642
18.072 82.9642
18.073 -82.9707
18.073 82.9707
18.074 -82.9773
18.074 82.9773
18.075 -82.9839
18.075 82.9839
18.076 -82.9904
18.076 82.9904
18.077 -82.997
18.077 82.997
18.078 -83.0035
18.078 83.0035
18.079 -83.0101
18.079 83.0101
18.08 -83.0167
18.08 83.0167
18.081 -83.0232
18.081 83.0232
18.082 -83.0298
18.082 83.0298
18.083 -83.0363
18.083 83.0363
18.084 -83.0429
18.084 83.0429
18.085 -83.0495
18.085 83.0495
18.086 -83.056
18.086 83.056
18.087 -83.0626
18.087 83.0626
18.088 -83.0691
18.088 83.0691
18.089 -83.0757
18.089 83.0757
18.09 -83.0823
18.09 83.0823
18.091 -83.0888
18.091 83.0888
18.092 -83.0954
18.092 83.0954
18.093 -83.1019
18.093 83.1019
18.094 -83.1085
18.094 83.1085
18.095 -83.1151
18.095 83.1151
18.096 -83.1216
18.096 83.1216
18.097 -83.1282
18.097 83.1282
18.098 -83.1348
18.098 83.1348
18.099 -83.1413
18.099 83.1413
18.1 -83.1479
18.1 83.1479
18.101 -83.1544
18.101 83.1544
18.102 -83.161
18.102 83.161
18.103 -83.1676
18.103 83.1676
18.104 -83.1741
18.104 83.1741
18.105 -83.1807
18.105 83.1807
18.106 -83.1873
18.106 83.1873
18.107 -83.1938
18.107 83.1938
18.108 -83.2004
18.108 83.2004
18.109 -83.207
18.109 83.207
18.11 -83.2135
18.11 83.2135
18.111 -83.2201
18.111 83.2201
18.112 -83.2267
18.112 83.2267
18.113 -83.2332
18.113 83.2332
18.114 -83.2398
18.114 83.2398
18.115 -83.2464
18.115 83.2464
18.116 -83.2529
18.116 83.2529
18.117 -83.2595
18.117 83.2595
18.118 -83.2661
18.118 83.2661
18.119 -83.2726
18.119 83.2726
18.12 -83.2792
18.12 83.2792
18.121 -83.2858
18.121 83.2858
18.122 -83.2923
18.122 83.2923
18.123 -83.2989
18.123 83.2989
18.124 -83.3055
18.124 83.3055
18.125 -83.312
18.125 83.312
18.126 -83.3186
18.126 83.3186
18.127 -83.3252
18.127 83.3252
18.128 -83.3317
18.128 83.3317
18.129 -83.3383
18.129 83.3383
18.13 -83.3449
18.13 83.3449
18.131 -83.3514
18.131 83.3514
18.132 -83.358
18.132 83.358
18.133 -83.3646
18.133 83.3646
18.134 -83.3711
18.134 83.3711
18.135 -83.3777
18.135 83.3777
18.136 -83.3843
18.136 83.3843
18.137 -83.3908
18.137 83.3908
18.138 -83.3974
18.138 83.3974
18.139 -83.404
18.139 83.404
18.14 -83.4106
18.14 83.4106
18.141 -83.4171
18.141 83.4171
18.142 -83.4237
18.142 83.4237
18.143 -83.4303
18.143 83.4303
18.144 -83.4368
18.144 83.4368
18.145 -83.4434
18.145 83.4434
18.146 -83.45
18.146 83.45
18.147 -83.4565
18.147 83.4565
18.148 -83.4631
18.148 83.4631
18.149 -83.4697
18.149 83.4697
18.15 -83.4763
18.15 83.4763
18.151 -83.4828
18.151 83.4828
18.152 -83.4894
18.152 83.4894
18.153 -83.496
18.153 83.496
18.154 -83.5025
18.154 83.5025
18.155 -83.5091
18.155 83.5091
18.156 -83.5157
18.156 83.5157
18.157 -83.5223
18.157 83.5223
18.158 -83.5288
18.158 83.5288
18.159 -83.5354
18.159 83.5354
18.16 -83.542
18.16 83.542
18.161 -83.5486
18.161 83.5486
18.162 -83.5551
18.162 83.5551
18.163 -83.5617
18.163 83.5617
18.164 -83.5683
18.164 83.5683
18.165 -83.5749
18.165 83.5749
18.166 -83.5814
18.166 83.5814
18.167 -83.588
18.167 83.588
18.168 -83.5946
18.168 83.5946
18.169 -83.6012
18.169 83.6012
18.17 -83.6077
18.17 83.6077
18.171 -83.6143
18.171 83.6143
18.172 -83.6209
18.172 83.6209
18.173 -83.6275
18.173 83.6275
18.174 -83.634
18.174 83.634
18.175 -83.6406
18.175 83.6406
18.176 -83.6472
18.176 83.6472
18.177 -83.6538
18.177 83.6538
18.178 -83.6603
18.178 83.6603
18.179 -83.6669
18.179 83.6669
18.18 -83.6735
18.18 83.6735
18.181 -83.6801
18.181 83.6801
18.182 -83.6866
18.182 83.6866
18.183 -83.6932
18.183 83.6932
18.184 -83.6998
18.184 83.6998
18.185 -83.7064
18.185 83.7064
18.186 -83.713
18.186 83.713
18.187 -83.7195
18.187 83.7195
18.188 -83.7261
18.188 83.7261
18.189 -83.7327
18.189 83.7327
18.19 -83.7393
18.19 83.7393
18.191 -83.7458
18.191 83.7458
18.192 -83.7524
18.192 83.7524
18.193 -83.759
18.193 83.759
18.194 -83.7656
18.194 83.7656
18.195 -83.7722
18.195 83.7722
18.196 -83.7787
18.196 83.7787
18.197 -83.7853
18.197 83.7853
18.198 -83.7919
18.198 83.7919
18.199 -83.7985
18.199 83.7985
18.2 -83.8051
18.2 83.8051
18.201 -83.8116
18.201 83.8116
18.202 -83.8182
18.202 83.8182
18.203 -83.8248
18.203 83.8248
18.204 -83.8314
18.204 83.8314
18.205 -83.838
18.205 83.838
18.206 -83.8445
18.206 83.8445
18.207 -83.8511
18.207 83.8511
18.208 -83.8577
18.208 83.8577
18.209 -83.8643
18.209 83.8643
18.21 -83.8709
18.21 83.8709
18.211 -83.8775
18.211 83.8775
18.212 -83.884
18.212 83.884
18.213 -83.8906
18.213 83.8906
18.214 -83.8972
18.214 83.8972
18.215 -83.9038
18.215 83.9038
18.216 -83.9104
18.216 83.9104
18.217 -83.9169
18.217 83.9169
18.218 -83.9235
18.218 83.9235
18.219 -83.9301
18.219 83.9301
18.22 -83.9367
18.22 83.9367
18.221 -83.9433
18.221 83.9433
18.222 -83.9499
18.222 83.9499
18.223 -83.9565
18.223 83.9565
18.224 -83.963
18.224 83.963
18.225 -83.9696
18.225 83.9696
18.226 -83.9762
18.226 83.9762
18.227 -83.9828
18.227 83.9828
18.228 -83.9894
18.228 83.9894
18.229 -83.996
18.229 83.996
18.23 -84.0025
18.23 84.0025
18.231 -84.0091
18.231 84.0091
18.232 -84.0157
18.232 84.0157
18.233 -84.0223
18.233 84.0223
18.234 -84.0289
18.234 84.0289
18.235 -84.0355
18.235 84.0355
18.236 -84.0421
18.236 84.0421
18.237 -84.0486
18.237 84.0486
18.238 -84.0552
18.238 84.0552
18.239 -84.0618
18.239 84.0618
18.24 -84.0684
18.24 84.0684
18.241 -84.075
18.241 84.075
18.242 -84.0816
18.242 84.0816
18.243 -84.0882
18.243 84.0882
18.244 -84.0948
18.244 84.0948
18.245 -84.1013
18.245 84.1013
18.246 -84.1079
18.246 84.1079
18.247 -84.1145
18.247 84.1145
18.248 -84.1211
18.248 84.1211
18.249 -84.1277
18.249 84.1277
18.25 -84.1343
18.25 84.1343
18.251 -84.1409
18.251 84.1409
18.252 -84.1475
18.252 84.1475
18.253 -84.1541
18.253 84.1541
18.254 -84.1606
18.254 84.1606
18.255 -84.1672
18.255 84.1672
18.256 -84.1738
18.256 84.1738
18.257 -84.1804
18.257 84.1804
18.258 -84.187
18.258 84.187
18.259 -84.1936
18.259 84.1936
18.26 -84.2002
18.26 84.2002
18.261 -84.2068
18.261 84.2068
18.262 -84.2134
18.262 84.2134
18.263 -84.22
18.263 84.22
18.264 -84.2265
18.264 84.2265
18.265 -84.2331
18.265 84.2331
18.266 -84.2397
18.266 84.2397
18.267 -84.2463
18.267 84.2463
18.268 -84.2529
18.268 84.2529
18.269 -84.2595
18.269 84.2595
18.27 -84.2661
18.27 84.2661
18.271 -84.2727
18.271 84.2727
18.272 -84.2793
18.272 84.2793
18.273 -84.2859
18.273 84.2859
18.274 -84.2925
18.274 84.2925
18.275 -84.2991
18.275 84.2991
18.276 -84.3057
18.276 84.3057
18.277 -84.3122
18.277 84.3122
18.278 -84.3188
18.278 84.3188
18.279 -84.3254
18.279 84.3254
18.28 -84.332
18.28 84.332
18.281 -84.3386
18.281 84.3386
18.282 -84.3452
18.282 84.3452
18.283 -84.3518
18.283 84.3518
18.284 -84.3584
18.284 84.3584
18.285 -84.365
18.285 84.365
18.286 -84.3716
18.286 84.3716
18.287 -84.3782
18.287 84.3782
18.288 -84.3848
18.288 84.3848
18.289 -84.3914
18.289 84.3914
18.29 -84.398
18.29 84.398
18.291 -84.4046
18.291 84.4046
18.292 -84.4112
18.292 84.4112
18.293 -84.4178
18.293 84.4178
18.294 -84.4244
18.294 84.4244
18.295 -84.431
18.295 84.431
18.296 -84.4376
18.296 84.4376
18.297 -84.4441
18.297 84.4441
18.298 -84.4507
18.298 84.4507
18.299 -84.4573
18.299 84.4573
18.3 -84.4639
18.3 84.4639
18.301 -84.4705
18.301 84.4705
18.302 -84.4771
18.302 84.4771
18.303 -84.4837
18.303 84.4837
18.304 -84.4903
18.304 84.4903
18.305 -84.4969
18.305 84.4969
18.306 -84.5035
18.306 84.5035
18.307 -84.5101
18.307 84.5101
18.308 -84.5167
18.308 84.5167
18.309 -84.5233
18.309 84.5233
18.31 -84.5299
18.31 84.5299
18.311 -84.5365
18.311 84.5365
18.312 -84.5431
18.312 84.5431
18.313 -84.5497
18.313 84.5497
18.314 -84.5563
18.314 84.5563
18.315 -84.5629
18.315 84.5629
18.316 -84.5695
18.316 84.5695
18.317 -84.5761
18.317 84.5761
18.318 -84.5827
18.318 84.5827
18.319 -84.5893
18.319 84.5893
18.32 -84.5959
18.32 84.5959
18.321 -84.6025
18.321 84.6025
18.322 -84.6091
18.322 84.6091
18.323 -84.6157
18.323 84.6157
18.324 -84.6223
18.324 84.6223
18.325 -84.6289
18.325 84.6289
18.326 -84.6355
18.326 84.6355
18.327 -84.6421
18.327 84.6421
18.328 -84.6487
18.328 84.6487
18.329 -84.6553
18.329 84.6553
18.33 -84.6619
18.33 84.6619
18.331 -84.6685
18.331 84.6685
18.332 -84.6751
18.332 84.6751
18.333 -84.6817
18.333 84.6817
18.334 -84.6883
18.334 84.6883
18.335 -84.6949
18.335 84.6949
18.336 -84.7016
18.336 84.7016
18.337 -84.7082
18.337 84.7082
18.338 -84.7148
18.338 84.7148
18.339 -84.7214
18.339 84.7214
18.34 -84.728
18.34 84.728
18.341 -84.7346
18.341 84.7346
18.342 -84.7412
18.342 84.7412
18.343 -84.7478
18.343 84.7478
18.344 -84.7544
18.344 84.7544
18.345 -84.761
18.345 84.761
18.346 -84.7676
18.346 84.7676
18.347 -84.7742
18.347 84.7742
18.348 -84.7808
18.348 84.7808
18.349 -84.7874
18.349 84.7874
18.35 -84.794
18.35 84.794
18.351 -84.8006
18.351 84.8006
18.352 -84.8072
18.352 84.8072
18.353 -84.8138
18.353 84.8138
18.354 -84.8204
18.354 84.8204
18.355 -84.827
18.355 84.827
18.356 -84.8337
18.356 84.8337
18.357 -84.8403
18.357 84.8403
18.358 -84.8469
18.358 84.8469
18.359 -84.8535
18.359 84.8535
18.36 -84.8601
18.36 84.8601
18.361 -84.8667
18.361 84.8667
18.362 -84.8733
18.362 84.8733
18.363 -84.8799
18.363 84.8799
18.364 -84.8865
18.364 84.8865
18.365 -84.8931
18.365 84.8931
18.366 -84.8997
18.366 84.8997
18.367 -84.9063
18.367 84.9063
18.368 -84.9129
18.368 84.9129
18.369 -84.9196
18.369 84.9196
18.37 -84.9262
18.37 84.9262
18.371 -84.9328
18.371 84.9328
18.372 -84.9394
18.372 84.9394
18.373 -84.946
18.373 84.946
18.374 -84.9526
18.374 84.9526
18.375 -84.9592
18.375 84.9592
18.376 -84.9658
18.376 84.9658
18.377 -84.9724
18.377 84.9724
18.378 -84.979
18.378 84.979
18.379 -84.9857
18.379 84.9857
18.38 -84.9923
18.38 84.9923
18.381 -84.9989
18.381 84.9989
18.382 -85.0055
18.382 85.0055
18.383 -85.0121
18.383 85.0121
18.384 -85.0187
18.384 85.0187
18.385 -85.0253
18.385 85.0253
18.386 -85.0319
18.386 85.0319
18.387 -85.0385
18.387 85.0385
18.388 -85.0452
18.388 85.0452
18.389 -85.0518
18.389 85.0518
18.39 -85.0584
18.39 85.0584
18.391 -85.065
18.391 85.065
18.392 -85.0716
18.392 85.0716
18.393 -85.0782
18.393 85.0782
18.394 -85.0848
18.394 85.0848
18.395 -85.0915
18.395 85.0915
18.396 -85.0981
18.396 85.0981
18.397 -85.1047
18.397 85.1047
18.398 -85.1113
18.398 85.1113
18.399 -85.1179
18.399 85.1179
18.4 -85.1245
18.4 85.1245
18.401 -85.1311
18.401 85.1311
18.402 -85.1377
18.402 85.1377
18.403 -85.1444
18.403 85.1444
18.404 -85.151
18.404 85.151
18.405 -85.1576
18.405 85.1576
18.406 -85.1642
18.406 85.1642
18.407 -85.1708
18.407 85.1708
18.408 -85.1774
18.408 85.1774
18.409 -85.1841
18.409 85.1841
18.41 -85.1907
18.41 85.1907
18.411 -85.1973
18.411 85.1973
18.412 -85.2039
18.412 85.2039
18.413 -85.2105
18.413 85.2105
18.414 -85.2171
18.414 85.2171
18.415 -85.2238
18.415 85.2238
18.416 -85.2304
18.416 85.2304
18.417 -85.237
18.417 85.237
18.418 -85.2436
18.418 85.2436
18.419 -85.2502
18.419 85.2502
18.42 -85.2568
18.42 85.2568
18.421 -85.2635
18.421 85.2635
18.422 -85.2701
18.422 85.2701
18.423 -85.2767
18.423 85.2767
18.424 -85.2833
18.424 85.2833
18.425 -85.2899
18.425 85.2899
18.426 -85.2965
18.426 85.2965
18.427 -85.3032
18.427 85.3032
18.428 -85.3098
18.428 85.3098
18.429 -85.3164
18.429 85.3164
18.43 -85.323
18.43 85.323
18.431 -85.3296
18.431 85.3296
18.432 -85.3363
18.432 85.3363
18.433 -85.3429
18.433 85.3429
18.434 -85.3495
18.434 85.3495
18.435 -85.3561
18.435 85.3561
18.436 -85.3627
18.436 85.3627
18.437 -85.3694
18.437 85.3694
18.438 -85.376
18.438 85.376
18.439 -85.3826
18.439 85.3826
18.44 -85.3892
18.44 85.3892
18.441 -85.3958
18.441 85.3958
18.442 -85.4025
18.442 85.4025
18.443 -85.4091
18.443 85.4091
18.444 -85.4157
18.444 85.4157
18.445 -85.4223
18.445 85.4223
18.446 -85.429
18.446 85.429
18.447 -85.4356
18.447 85.4356
18.448 -85.4422
18.448 85.4422
18.449 -85.4488
18.449 85.4488
18.45 -85.4554
18.45 85.4554
18.451 -85.4621
18.451 85.4621
18.452 -85.4687
18.452 85.4687
18.453 -85.4753
18.453 85.4753
18.454 -85.4819
18.454 85.4819
18.455 -85.4886
18.455 85.4886
18.456 -85.4952
18.456 85.4952
18.457 -85.5018
18.457 85.5018
18.458 -85.5084
18.458 85.5084
18.459 -85.5151
18.459 85.5151
18.46 -85.5217
18.46 85.5217
18.461 -85.5283
18.461 85.5283
18.462 -85.5349
18.462 85.5349
18.463 -85.5416
18.463 85.5416
18.464 -85.5482
18.464 85.5482
18.465 -85.5548
18.465 85.5548
18.466 -85.5614
18.466 85.5614
18.467 -85.5681
18.467 85.5681
18.468 -85.5747
18.468 85.5747
18.469 -85.5813
18.469 85.5813
18.47 -85.5879
18.47 85.5879
18.471 -85.5946
18.471 85.5946
18.472 -85.6012
18.472 85.6012
18.473 -85.6078
18.473 85.6078
18.474 -85.6144
18.474 85.6144
18.475 -85.6211
18.475 85.6211
18.476 -85.6277
18.476 85.6277
18.477 -85.6343
18.477 85.6343
18.478 -85.641
18.478 85.641
18.479 -85.6476
18.479 85.6476
18.48 -85.6542
18.48 85.6542
18.481 -85.6608
18.481 85.6608
18.482 -85.6675
18.482 85.6675
18.483 -85.6741
18.483 85.6741
18.484 -85.6807
18.484 85.6807
18.485 -85.6873
18.485 85.6873
18.486 -85.694
18.486 85.694
18.487 -85.7006
18.487 85.7006
18.488 -85.7072
18.488 85.7072
18.489 -85.7139
18.489 85.7139
18.49 -85.7205
18.49 85.7205
18.491 -85.7271
18.491 85.7271
18.492 -85.7338
18.492 85.7338
18.493 -85.7404
18.493 85.7404
18.494 -85.747
18.494 85.747
18.495 -85.7536
18.495 85.7536
18.496 -85.7603
18.496 85.7603
18.497 -85.7669
18.497 85.7669
18.498 -85.7735
18.498 85.7735
18.499 -85.7802
18.499 85.7802
18.5 -85.7868
18.5 85.7868
18.501 -85.7934
18.501 85.7934
18.502 -85.8001
18.502 85.8001
18.503 -85.8067
18.503 85.8067
18.504 -85.8133
18.504 85.8133
18.505 -85.82
18.505 85.82
18.506 -85.8266
18.506 85.8266
18.507 -85.8332
18.507 85.8332
18.508 -85.8399
18.508 85.8399
18.509 -85.8465
18.509 85.8465
18.51 -85.8531
18.51 85.8531
18.511 -85.8598
18.511 85.8598
18.512 -85.8664
18.512 85.8664
18.513 -85.873
18.513 85.873
18.514 -85.8797
18.514 85.8797
18.515 -85.8863
18.515 85.8863
18.516 -85.8929
18.516 85.8929
18.517 -85.8996
18.517 85.8996
18.518 -85.9062
18.518 85.9062
18.519 -85.9128
18.519 85.9128
18.52 -85.9195
18.52 85.9195
18.521 -85.9261
18.521 85.9261
18.522 -85.9327
18.522 85.9327
18.523 -85.9394
18.523 85.9394
18.524 -85.946
18.524 85.946
18.525 -85.9526
18.525 85.9526
18.526 -85.9593
18.526 85.9593
18.527 -85.9659
18.527 85.9659
18.528 -85.9725
18.528 85.9725
18.529 -85.9792
18.529 85.9792
18.53 -85.9858
18.53 85.9858
18.531 -85.9925
18.531 85.9925
18.532 -85.9991
18.532 85.9991
18.533 -86.0057
18.533 86.0057
18.534 -86.0124
18.534 86.0124
18.535 -86.019
18.535 86.019
18.536 -86.0256
18.536 86.0256
18.537 -86.0323
18.537 86.0323
18.538 -86.0389
18.538 86.0389
18.539 -86.0455
18.539 86.0455
18.54 -86.0522
18.54 86.0522
18.541 -86.0588
18.541 86.0588
18.542 -86.0655
18.542 86.0655
18.543 -86.0721
18.543 86.0721
18.544 -86.0787
18.544 86.0787
18.545 -86.0854
18.545 86.0854
18.546 -86.092
18.546 86.092
18.547 -86.0987
18.547 86.0987
18.548 -86.1053
18.548 86.1053
18.549 -86.1119
18.549 86.1119
18.55 -86.1186
18.55 86.1186
18.551 -86.1252
18.551 86.1252
18.552 -86.1319
18.552 86.1319
18.553 -86.1385
18.553 86.1385
18.554 -86.1451
18.554 86.1451
18.555 -86.1518
18.555 86.1518
18.556 -86.1584
18.556 86.1584
18.557 -86.1651
18.557 86.1651
18.558 -86.1717
18.558 86.1717
18.559 -86.1783
18.559 86.1783
18.56 -86.185
18.56 86.185
18.561 -86.1916
18.561 86.1916
18.562 -86.1983
18.562 86.1983
18.563 -86.2049
18.563 86.2049
18.564 -86.2115
18.564 86.2115
18.565 -86.2182
18.565 86.2182
18.566 -86.2248
18.566 86.2248
18.567 -86.2315
18.567 86.2315
18.568 -86.2381
18.568 86.2381
18.569 -86.2448
18.569 86.2448
18.57 -86.2514
18.57 86.2514
18.571 -86.258
18.571 86.258
18.572 -86.2647
18.572 86.2647
18.573 -86.2713
18.573 86.2713
18.574 -86.278
18.574 86.278
18.575 -86.2846
18.575 86.2846
18.576 -86.2913
18.576 86.2913
18.577 -86.2979
18.577 86.2979
18.578 -86.3046
18.578 86.3046
18.579 -86.3112
18.579 86.3112
18.58 -86.3178
18.58 86.3178
18.581 -86.3245
18.581 86.3245
18.582 -86.3311
18.582 86.3311
18.583 -86.3378
18.583 86.3378
18.584 -86.3444
18.584 86.3444
18.585 -86.3511
18.585 86.3511
18.586 -86.3577
18.586 86.3577
18.587 -86.3644
18.587 86.3644
18.588 -86.371
18.588 86.371
18.589 -86.3777
18.589 86.3777
18.59 -86.3843
18.59 86.3843
18.591 -86.3909
18.591 86.3909
18.592 -86.3976
18.592 86.3976
18.593 -86.4042
18.593 86.4042
18.594 -86.4109
18.594 86.4109
18.595 -86.4175
18.595 86.4175
18.596 -86.4242
18.596 86.4242
18.597 -86.4308
18.597 86.4308
18.598 -86.4375
18.598 86.4375
18.599 -86.4441
18.599 86.4441
18.6 -86.4508
18.6 86.4508
18.601 -86.4574
18.601 86.4574
18.602 -86.4641
18.602 86.4641
18.603 -86.4707
18.603 86.4707
18.604 -86.4774
18.604 86.4774
18.605 -86.484
18.605 86.484
18.606 -86.4907
18.606 86.4907
18.607 -86.4973
18.607 86.4973
18.608 -86.504
18.608 86.504
18.609 -86.5106
18.609 86.5106
18.61 -86.5173
18.61 86.5173
18.611 -86.5239
18.611 86.5239
18.612 -86.5306
18.612 86.5306
18.613 -86.5372
18.613 86.5372
18.614 -86.5439
18.614 86.5439
18.615 -86.5505
18.615 86.5505
18.616 -86.5572
18.616 86.5572
18.617 -86.5638
18.617 86.5638
18.618 -86.5705
18.618 86.5705
18.619 -86.5771
18.619 86.5771
18.62 -86.5838
18.62 86.5838
18.621 -86.5904
18.621 86.5904
18.622 -86.5971
18.622 86.5971
18.623 -86.6037
18.623 86.6037
18.624 -86.6104
18.624 86.6104
18.625 -86.617
18.625 86.617
18.626 -86.6237
18.626 86.6237
18.627 -86.6303
18.627 86.6303
18.628 -86.637
18.628 86.637
18.629 -86.6436
18.629 86.6436
18.63 -86.6503
18.63 86.6503
18.631 -86.6569
18.631 86.6569
18.632 -86.6636
18.632 86.6636
18.633 -86.6703
18.633 86.6703
18.634 -86.6769
18.634 86.6769
18.635 -86.6836
18.635 86.6836
18.636 -86.6902
18.636 86.6902
18.637 -86.6969
18.637 86.6969
18.638 -86.7035
18.638 86.7035
18.639 -86.7102
18.639 86.7102
18.64 -86.7168
18.64 86.7168
18.641 -86.7235
18.641 86.7235
18.642 -86.7301
18.642 86.7301
18.643 -86.7368
18.643 86.7368
18.644 -86.7435
18.644 86.7435
18.645 -86.7501
18.645 86.7501
18.646 -86.7568
18.646 86.7568
18.647 -86.7634
18.647 86.7634
18.648 -86.7701
18.648 86.7701
18.649 -86.7767
18.649 86.7767
18.65 -86.7834
18.65 86.7834
18.651 -86.79
18.651 86.79
18.652 -86.7967
18.652 86.7967
18.653 -86.8034
18.653 86.8034
18.654 -86.81
18.654 86.81
18.655 -86.8167
18.655 86.8167
18.656 -86.8233
18.656 86.8233
18.657 -86.83
18.657 86.83
18.658 -86.8367
18.658 86.8367
18.659 -86.8433
18.659 86.8433
18.66 -86.85
18.66 86.85
18.661 -86.8566
18.661 86.8566
18.662 -86.8633
18.662 86.8633
18.663 -86.8699
18.663 86.8699
18.664 -86.8766
18.664 86.8766
18.665 -86.8833
18.665 86.8833
18.666 -86.8899
18.666 86.8899
18.667 -86.8966
18.667 86.8966
18.668 -86.9032
18.668 86.9032
18.669 -86.9099
18.669 86.9099
18.67 -86.9166
18.67 86.9166
18.671 -86.9232
18.671 86.9232
18.672 -86.9299
18.672 86.9299
18.673 -86.9365
18.673 86.9365
18.674 -86.9432
18.674 86.9432
18.675 -86.9499
18.675 86.9499
18.676 -86.9565
18.676 86.9565
18.677 -86.9632
18.677 86.9632
18.678 -86.9698
18.678 86.9698
18.679 -86.9765
18.679 86.9765
18.68 -86.9832
18.68 86.9832
18.681 -86.9898
18.681 86.9898
18.682 -86.9965
18.682 86.9965
18.683 -87.0032
18.683 87.0032
18.684 -87.0098
18.684 87.0098
18.685 -87.0165
18.685 87.0165
18.686 -87.0231
18.686 87.0231
18.687 -87.0298
18.687 87.0298
18.688 -87.0365
18.688 87.0365
18.689 -87.0431
18.689 87.0431
18.69 -87.0498
18.69 87.0498
18.691 -87.0565
18.691 87.0565
18.692 -87.0631
18.692 87.0631
18.693 -87.0698
18.693 87.0698
18.694 -87.0764
18.694 87.0764
18.695 -87.0831
18.695 87.0831
18.696 -87.0898
18.696 87.0898
18.697 -87.0964
18.697 87.0964
18.698 -87.1031
18.698 87.1031
18.699 -87.1098
18.699 87.1098
18.7 -87.1164
18.7 87.1164
18.701 -87.1231
18.701 87.1231
18.702 -87.1298
18.702 87.1298
18.703 -87.1364
18.703 87.1364
18.704 -87.1431
18.704 87.1431
18.705 -87.1498
18.705 87.1498
18.706 -87.1564
18.706 87.1564
18.707 -87.1631
18.707 87.1631
18.708 -87.1698
18.708 87.1698
18.709 -87.1764
18.709 87.1764
18.71 -87.1831
18.71 87.1831
18.711 -87.1898
18.711 87.1898
18.712 -87.1964
18.712 87.1964
18.713 -87.2031
18.713 87.2031
18.714 -87.2098
18.714 87.2098
18.715 -87.2164
18.715 87.2164
18.716 -87.2231
18.716 87.2231
18.717 -87.2298
18.717 87.2298
18.718 -87.2364
18.718 87.2364
18.719 -87.2431
18.719 87.2431
18.72 -87.2498
18.72 87.2498
18.721 -87.2564
18.721 87.2564
18.722 -87.2631
18.722 87.2631
18.723 -87.2698
18.723 87.2698
18.724 -87.2764
18.724 87.2764
18.725 -87.2831
18.725 87.2831
18.726 -87.2898
18.726 87.2898
18.727 -87.2965
18.727 87.2965
18.728 -87.3031
18.728 87.3031
18.729 -87.3098
18.729 87.3098
18.73 -87.3165
18.73 87.3165
18.731 -87.3231
18.731 87.3231
18.732 -87.3298
18.732 87.3298
18.733 -87.3365
18.733 87.3365
18.734 -87.3431
18.734 87.3431
18.735 -87.3498
18.735 87.3498
18.736 -87.3565
18.736 87.3565
18.737 -87.3632
18.737 87.3632
18.738 -87.3698
18.738 87.3698
18.739 -87.3765
18.739 87.3765
18.74 -87.3832
18.74 87.3832
18.741 -87.3898
18.741 87.3898
18.742 -87.3965
18.742 87.3965
18.743 -87.4032
18.743 87.4032
18.744 -87.4099
18.744 87.4099
18.745 -87.4165
18.745 87.4165
18.746 -87.4232
18.746 87.4232
18.747 -87.4299
18.747 87.4299
18.748 -87.4365
18.748 87.4365
18.749 -87.4432
18.749 87.4432
18.75 -87.4499
18.75 87.4499
18.751 -87.4566
18.751 87.4566
18.752 -87.4632
18.752 87.4632
18.753 -87.4699
18.753 87.4699
18.754 -87.4766
18.754 87.4766
18.755 -87.4833
18.755 87.4833
18.756 -87.4899
18.756 87.4899
18.757 -87.4966
18.757 87.4966
18.758 -87.5033
18.758 87.5033
18.759 -87.51
18.759 87.51
18.76 -87.5166
18.76 87.5166
18.761 -87.5233
18.761 87.5233
18.762 -87.53
18.762 87.53
18.763 -87.5367
18.763 87.5367
18.764 -87.5433
18.764 87.5433
18.765 -87.55
18.765 87.55
18.766 -87.5567
18.766 87.5567
18.767 -87.5634
18.767 87.5634
18.768 -87.57
18.768 87.57
18.769 -87.5767
18.769 87.5767
18.77 -87.5834
18.77 87.5834
18.771 -87.5901
18.771 87.5901
18.772 -87.5968
18.772 87.5968
18.773 -87.6034
18.773 87.6034
18.774 -87.6101
18.774 87.6101
18.775 -87.6168
18.775 87.6168
18.776 -87.6235
18.776 87.6235
18.777 -87.6301
18.777 87.6301
18.778 -87.6368
18.778 87.6368
18.779 -87.6435
18.779 87.6435
18.78 -87.6502
18.78 87.6502
18.781 -87.6569
18.781 87.6569
18.782 -87.6635
18.782 87.6635
18.783 -87.6702
18.783 87.6702
18.784 -87.6769
18.784 87.6769
18.785 -87.6836
18.785 87.6836
18.786 -87.6903
18.786 87.6903
18.787 -87.6969
18.787 87.6969
18.788 -87.7036
18.788 87.7036
18.789 -87.7103
18.789 87.7103
18.79 -87.717
18.79 87.717
18.791 -87.7236
18.791 87.7236
18.792 -87.7303
18.792 87.7303
18.793 -87.737
18.793 87.737
18.794 -87.7437
18.794 87.7437
18.795 -87.7504
18.795 87.7504
18.796 -87.7571
18.796 87.7571
18.797 -87.7637
18.797 87.7637
18.798 -87.7704
18.798 87.7704
18.799 -87.7771
18.799 87.7771
18.8 -87.7838
18.8 87.7838
18.801 -87.7905
18.801 87.7905
18.802 -87.7971
18.802 87.7971
18.803 -87.8038
18.803 87.8038
18.804 -87.8105
18.804 87.8105
18.805 -87.8172
18.805 87.8172
18.806 -87.8239
18.806 87.8239
18.807 -87.8306
18.807 87.8306
18.808 -87.8372
18.808 87.8372
18.809 -87.8439
18.809 87.8439
18.81 -87.8506
18.81 87.8506
18.811 -87.8573
18.811 87.8573
18.812 -87.864
18.812 87.864
18.813 -87.8707
18.813 87.8707
18.814 -87.8773
18.814 87.8773
18.815 -87.884
18.815 87.884
18.816 -87.8907
18.816 87.8907
18.817 -87.8974
18.817 87.8974
18.818 -87.9041
18.818 87.9041
18.819 -87.9108
18.819 87.9108
18.82 -87.9175
18.82 87.9175
18.821 -87.9241
18.821 87.9241
18.822 -87.9308
18.822 87.9308
18.823 -87.9375
18.823 87.9375
18.824 -87.9442
18.824 87.9442
18.825 -87.9509
18.825 87.9509
18.826 -87.9576
18.826 87.9576
18.827 -87.9643
18.827 87.9643
18.828 -87.9709
18.828 87.9709
18.829 -87.9776
18.829 87.9776
18.83 -87.9843
18.83 87.9843
18.831 -87.991
18.831 87.991
18.832 -87.9977
18.832 87.9977
18.833 -88.0044
18.833 88.0044
18.834 -88.0111
18.834 88.0111
18.835 -88.0177
18.835 88.0177
18.836 -88.0244
18.836 88.0244
18.837 -88.0311
18.837 88.0311
18.838 -88.0378
18.838 88.0378
18.839 -88.0445
18.839 88.0445
18.84 -88.0512
18.84 88.0512
18.841 -88.0579
18.841 88.0579
18.842 -88.0646
18.842 88.0646
18.843 -88.0713
18.843 88.0713
18.844 -88.0779
18.844 88.0779
18.845 -88.0846
18.845 88.0846
18.846 -88.0913
18.846 88.0913
18.847 -88.098
18.847 88.098
18.848 -88.1047
18.848 88.1047
18.849 -88.1114
18.849 88.1114
18.85 -88.1181
18.85 88.1181
18.851 -88.1248
18.851 88.1248
18.852 -88.1315
18.852 88.1315
18.853 -88.1382
18.853 88.1382
18.854 -88.1448
18.854 88.1448
18.855 -88.1515
18.855 88.1515
18.856 -88.1582
18.856 88.1582
18.857 -88.1649
18.857 88.1649
18.858 -88.1716
18.858 88.1716
18.859 -88.1783
18.859 88.1783
18.86 -88.185
18.86 88.185
18.861 -88.1917
18.861 88.1917
18.862 -88.1984
18.862 88.1984
18.863 -88.2051
18.863 88.2051
18.864 -88.2118
18.864 88.2118
18.865 -88.2185
18.865 88.2185
18.866 -88.2251
18.866 88.2251
18.867 -88.2318
18.867 88.2318
18.868 -88.2385
18.868 88.2385
18.869 -88.2452
18.869 88.2452
18.87 -88.2519
18.87 88.2519
18.871 -88.2586
18.871 88.2586
18.872 -88.2653
18.872 88.2653
18.873 -88.272
18.873 88.272
18.874 -88.2787
18.874 88.2787
18.875 -88.2854
18.875 88.2854
18.876 -88.2921
18.876 88.2921
18.877 -88.2988
18.877 88.2988
18.878 -88.3055
18.878 88.3055
18.879 -88.3122
18.879 88.3122
18.88 -88.3189
18.88 88.3189
18.881 -88.3256
18.881 88.3256
18.882 -88.3323
18.882 88.3323
18.883 -88.339
18.883 88.339
18.884 -88.3456
18.884 88.3456
18.885 -88.3523
18.885 88.3523
18.886 -88.359
18.886 88.359
18.887 -88.3657
18.887 88.3657
18.888 -88.3724
18.888 88.3724
18.889 -88.3791
18.889 88.3791
18.89 -88.3858
18.89 88.3858
18.891 -88.3925
18.891 88.3925
18.892 -88.3992
18.892 88.3992
18.893 -88.4059
18.893 88.4059
18.894 -88.4126
18.894 88.4126
18.895 -88.4193
18.895 88.4193
18.896 -88.426
18.896 88.426
18.897 -88.4327
18.897 88.4327
18.898 -88.4394
18.898 88.4394
18.899 -88.4461
18.899 88.4461
18.9 -88.4528
18.9 88.4528
18.901 -88.4595
18.901 88.4595
18.902 -88.4662
18.902 88.4662
18.903 -88.4729
18.903 88.4729
18.904 -88.4796
18.904 88.4796
18.905 -88.4863
18.905 88.4863
18.906 -88.493
18.906 88.493
18.907 -88.4997
18.907 88.4997
18.908 -88.5064
18.908 88.5064
18.909 -88.5131
18.909 88.5131
18.91 -88.5198
18.91 88.5198
18.911 -88.5265
18.911 88.5265
18.912 -88.5332
18.912 88.5332
18.913 -88.5399
18.913 88.5399
18.914 -88.5466
18.914 88.5466
18.915 -88.5533
18.915 88.5533
18.916 -88.56
18.916 88.56
18.917 -88.5667
18.917 88.5667
18.918 -88.5734
18.918 88.5734
18.919 -88.5801
18.919 88.5801
18.92 -88.5868
18.92 88.5868
18.921 -88.5935
18.921 88.5935
18.922 -88.6002
18.922 88.6002
18.923 -88.6069
18.923 88.6069
18.924 -88.6136
18.924 88.6136
18.925 -88.6203
18.925 88.6203
18.926 -88.627
18.926 88.627
18.927 -88.6337
18.927 88.6337
18.928 -88.6404
18.928 88.6404
18.929 -88.6471
18.929 88.6471
18.93 -88.6538
18.93 88.6538
18.931 -88.6605
18.931 88.6605
18.932 -88.6672
18.932 88.6672
18.933 -88.674
18.933 88.674
18.934 -88.6807
18.934 88.6807
18.935 -88.6874
18.935 88.6874
18.936 -88.6941
18.936 88.6941
18.937 -88.7008
18.937 88.7008
18.938 -88.7075
18.938 88.7075
18.939 -88.7142
18.939 88.7142
18.94 -88.7209
18.94 88.7209
18.941 -88.7276
18.941 88.7276
18.942 -88.7343
18.942 88.7343
18.943 -88.741
18.943 88.741
18.944 -88.7477
18.944 88.7477
18.945 -88.7544
18.945 88.7544
18.946 -88.7611
18.946 88.7611
18.947 -88.7678
18.947 88.7678
18.948 -88.7745
18.948 88.7745
18.949 -88.7812
18.949 88.7812
18.95 -88.7879
18.95 88.7879
18.951 -88.7947
18.951 88.7947
18.952 -88.8014
18.952 88.8014
18.953 -88.8081
18.953 88.8081
18.954 -88.8148
18.954 88.8148
18.955 -88.8215
18.955 88.8215
18.956 -88.8282
18.956 88.8282
18.957 -88.8349
18.957 88.8349
18.958 -88.8416
18.958 88.8416
18.959 -88.8483
18.959 88.8483
18.96 -88.855
18.96 88.855
18.961 -88.8617
18.961 88.8617
18.962 -88.8684
18.962 88.8684
18.963 -88.8752
18.963 88.8752
18.964 -88.8819
18.964 88.8819
18.965 -88.8886
18.965 88.8886
18.966 -88.8953
18.966 88.8953
18.967 -88.902
18.967 88.902
18.968 -88.9087
18.968 88.9087
18.969 -88.9154
18.969 88.9154
18.97 -88.9221
18.97 88.9221
18.971 -88.9288
18.971 88.9288
18.972 -88.9355
18.972 88.9355
18.973 -88.9423
18.973 88.9423
18.974 -88.949
18.974 88.949
18.975 -88.9557
18.975 88.9557
18.976 -88.9624
18.976 88.9624
18.977 -88.9691
18.977 88.9691
18.978 -88.9758
18.978 88.9758
18.979 -88.9825
18.979 88.9825
18.98 -88.9892
18.98 88.9892
18.981 -88.9959
18.981 88.9959
18.982 -89.0027
18.982 89.0027
18.983 -89.0094
18.983 89.0094
18.984 -89.0161
18.984 89.0161
18.985 -89.0228
18.985 89.0228
18.986 -89.0295
18.986 89.0295
18.987 -89.0362
18.987 89.0362
18.988 -89.0429
18.988 89.0429
18.989 -89.0497
18.989 89.0497
18.99 -89.0564
18.99 89.0564
18.991 -89.0631
18.991 89.0631
18.992 -89.0698
18.992 89.0698
18.993 -89.0765
18.993 89.0765
18.994 -89.0832
18.994 89.0832
18.995 -89.0899
18.995 89.0899
18.996 -89.0966
18.996 89.0966
18.997 -89.1034
18.997 89.1034
18.998 -89.1101
18.998 89.1101
18.999 -89.1168
18.999 89.1168
19 -89.1235
19 89.1235
19.001 -89.1302
19.001 89.1302
19.002 -89.1369
19.002 89.1369
19.003 -89.1437
19.003 89.1437
19.004 -89.1504
19.004 89.1504
19.005 -89.1571
19.005 89.1571
19.006 -89.1638
19.006 89.1638
19.007 -89.1705
19.007 89.1705
19.008 -89.1772
19.008 89.1772
19.009 -89.184
19.009 89.184
19.01 -89.1907
19.01 89.1907
19.011 -89.1974
19.011 89.1974
19.012 -89.2041
19.012 89.2041
19.013 -89.2108
19.013 89.2108
19.014 -89.2175
19.014 89.2175
19.015 -89.2243
19.015 89.2243
19.016 -89.231
19.016 89.231
19.017 -89.2377
19.017 89.2377
19.018 -89.2444
19.018 89.2444
19.019 -89.2511
19.019 89.2511
19.02 -89.2579
19.02 89.2579
19.021 -89.2646
19.021 89.2646
19.022 -89.2713
19.022 89.2713
19.023 -89.278
19.023 89.278
19.024 -89.2847
19.024 89.2847
19.025 -89.2914
19.025 89.2914
19.026 -89.2982
19.026 89.2982
19.027 -89.3049
19.027 89.3049
19.028 -89.3116
19.028 89.3116
19.029 -89.3183
19.029 89.3183
19.03 -89.325
19.03 89.325
19.031 -89.3318
19.031 89.3318
19.032 -89.3385
19.032 89.3385
19.033 -89.3452
19.033 89.3452
19.034 -89.3519
19.034 89.3519
19.035 -89.3587
19.035 89.3587
19.036 -89.3654
19.036 89.3654
19.037 -89.3721
19.037 89.3721
19.038 -89.3788
19.038 89.3788
19.039 -89.3855
19.039 89.3855
19.04 -89.3923
19.04 89.3923
19.041 -89.399
19.041 89.399
19.042 -89.4057
19.042 89.4057
19.043 -89.4124
19.043 89.4124
19.044 -89.4191
19.044 89.4191
19.045 -89.4259
19.045 89.4259
19.046 -89.4326
19.046 89.4326
19.047 -89.4393
19.047 89.4393
19.048 -89.446
19.048 89.446
19.049 -89.4528
19.049 89.4528
19.05 -89.4595
19.05 89.4595
19.051 -89.4662
19.051 89.4662
19.052 -89.4729
19.052 89.4729
19.053 -89.4797
19.053 89.4797
19.054 -89.4864
19.054 89.4864
19.055 -89.4931
19.055 89.4931
19.056 -89.4998
19.056 89.4998
19.057 -89.5066
19.057 89.5066
19.058 -89.5133
19.058 89.5133
19.059 -89.52
19.059 89.52
19.06 -89.5267
19.06 89.5267
19.061 -89.5335
19.061 89.5335
19.062 -89.5402
19.062 89.5402
19.063 -89.5469
19.063 89.5469
19.064 -89.5536
19.064 89.5536
19.065 -89.5604
19.065 89.5604
19.066 -89.5671
19.066 89.5671
19.067 -89.5738
19.067 89.5738
19.068 -89.5805
19.068 89.5805
19.069 -89.5873
19.069 89.5873
19.07 -89.594
19.07 89.594
19.071 -89.6007
19.071 89.6007
19.072 -89.6075
19.072 89.6075
19.073 -89.6142
19.073 89.6142
19.074 -89.6209
19.074 89.6209
19.075 -89.6276
19.075 89.6276
19.076 -89.6344
19.076 89.6344
19.077 -89.6411
19.077 89.6411
19.078 -89.6478
19.078 89.6478
19.079 -89.6545
19.079 89.6545
19.08 -89.6613
19.08 89.6613
19.081 -89.668
19.081 89.668
19.082 -89.6747
19.082 89.6747
19.083 -89.6815
19.083 89.6815
19.084 -89.6882
19.084 89.6882
19.085 -89.6949
19.085 89.6949
19.086 -89.7017
19.086 89.7017
19.087 -89.7084
19.087 89.7084
19.088 -89.7151
19.088 89.7151
19.089 -89.7218
19.089 89.7218
19.09 -89.7286
19.09 89.7286
19.091 -89.7353
19.091 89.7353
19.092 -89.742
19.092 89.742
19.093 -89.7488
19.093 89.7488
19.094 -89.7555
19.094 89.7555
19.095 -89.7622
19.095 89.7622
19.096 -89.769
19.096 89.769
19.097 -89.7757
19.097 89.7757
19.098 -89.7824
19.098 89.7824
19.099 -89.7892
19.099 89.7892
19.1 -89.7959
19.1 89.7959
19.101 -89.8026
19.101 89.8026
19.102 -89.8093
19.102 89.8093
19.103 -89.8161
19.103 89.8161
19.104 -89.8228
19.104 89.8228
19.105 -89.8295
19.105 89.8295
19.106 -89.8363
19.106 89.8363
19.107 -89.843
19.107 89.843
19.108 -89.8497
19.108 89.8497
19.109 -89.8565
19.109 89.8565
19.11 -89.8632
19.11 89.8632
19.111 -89.8699
19.111 89.8699
19.112 -89.8767
19.112 89.8767
19.113 -89.8834
19.113 89.8834
19.114 -89.8902
19.114 89.8902
19.115 -89.8969
19.115 89.8969
19.116 -89.9036
19.116 89.9036
19.117 -89.9104
19.117 89.9104
19.118 -89.9171
19.118 89.9171
19.119 -89.9238
19.119 89.9238
19.12 -89.9306
19.12 89.9306
19.121 -89.9373
19.121 89.9373
19.122 -89.944
19.122 89.944
19.123 -89.9508
19.123 89.9508
19.124 -89.9575
19.124 89.9575
19.125 -89.9642
19.125 89.9642
19.126 -89.971
19.126 89.971
19.127 -89.9777
19.127 89.9777
19.128 -89.9844
19.128 89.9844
19.129 -89.9912
19.129 89.9912
19.13 -89.9979
19.13 89.9979
19.131 -90.0047
19.131 90.0047
19.132 -90.0114
19.132 90.0114
19.133 -90.0181
19.133 90.0181
19.134 -90.0249
19.134 90.0249
19.135 -90.0316
19.135 90.0316
19.136 -90.0383
19.136 90.0383
19.137 -90.0451
19.137 90.0451
19.138 -90.0518
19.138 90.0518
19.139 -90.0586
19.139 90.0586
19.14 -90.0653
19.14 90.0653
19.141 -90.072
19.141 90.072
19.142 -90.0788
19.142 90.0788
19.143 -90.0855
19.143 90.0855
19.144 -90.0923
19.144 90.0923
19.145 -90.099
19.145 90.099
19.146 -90.1057
19.146 90.1057
19.147 -90.1125
19.147 90.1125
19.148 -90.1192
19.148 90.1192
19.149 -90.126
19.149 90.126
19.15 -90.1327
19.15 90.1327
19.151 -90.1394
19.151 90.1394
19.152 -90.1462
19.152 90.1462
19.153 -90.1529
19.153 90.1529
19.154 -90.1597
19.154 90.1597
19.155 -90.1664
19.155 90.1664
19.156 -90.1731
19.156 90.1731
19.157 -90.1799
19.157 90.1799
19.158 -90.1866
19.158 90.1866
19.159 -90.1934
19.159 90.1934
19.16 -90.2001
19.16 90.2001
19.161 -90.2069
19.161 90.2069
19.162 -90.2136
19.162 90.2136
19.163 -90.2203
19.163 90.2203
19.164 -90.2271
19.164 90.2271
19.165 -90.2338
19.165 90.2338
19.166 -90.2406
19.166 90.2406
19.167 -90.2473
19.167 90.2473
19.168 -90.2541
19.168 90.2541
19.169 -90.2608
19.169 90.2608
19.17 -90.2675
19.17 90.2675
19.171 -90.2743
19.171 90.2743
19.172 -90.281
19.172 90.281
19.173 -90.2878
19.173 90.2878
19.174 -90.2945
19.174 90.2945
19.175 -90.3013
19.175 90.3013
19.176 -90.308
19.176 90.308
19.177 -90.3148
19.177 90.3148
19.178 -90.3215
19.178 90.3215
19.179 -90.3282
19.179 90.3282
19.18 -90.335
19.18 90.335
19.181 -90.3417
19.181 90.3417
19.182 -90.3485
19.182 90.3485
19.183 -90.3552
19.183 90.3552
19.184 -90.362
19.184 90.362
19.185 -90.3687
19.185 90.3687
19.186 -90.3755
19.186 90.3755
19.187 -90.3822
19.187 90.3822
19.188 -90.389
19.188 90.389
19.189 -90.3957
19.189 90.3957
19.19 -90.4024
19.19 90.4024
19.191 -90.4092
19.191 90.4092
19.192 -90.4159
19.192 90.4159
19.193 -90.4227
19.193 90.4227
19.194 -90.4294
19.194 90.4294
19.195 -90.4362
19.195 90.4362
19.196 -90.4429
19.196 90.4429
19.197 -90.4497
19.197 90.4497
19.198 -90.4564
19.198 90.4564
19.199 -90.4632
19.199 90.4632
19.2 -90.4699
19.2 90.4699
19.201 -90.4767
19.201 90.4767
19.202 -90.4834
19.202 90.4834
19.203 -90.4902
19.203 90.4902
19.204 -90.4969
19.204 90.4969
19.205 -90.5037
19.205 90.5037
19.206 -90.5104
19.206 90.5104
19.207 -90.5172
19.207 90.5172
19.208 -90.5239
19.208 90.5239
19.209 -90.5307
19.209 90.5307
19.21 -90.5374
19.21 90.5374
19.211 -90.5442
19.211 90.5442
19.212 -90.5509
19.212 90.5509
19.213 -90.5577
19.213 90.5577
19.214 -90.5644
19.214 90.5644
19.215 -90.5712
19.215 90.5712
19.216 -90.5779
19.216 90.5779
19.217 -90.5847
19.217 90.5847
19.218 -90.5914
19.218 90.5914
19.219 -90.5982
19.219 90.5982
19.22 -90.6049
19.22 90.6049
19.221 -90.6117
19.221 90.6117
19.222 -90.6184
19.222 90.6184
19.223 -90.6252
19.223 90.6252
19.224 -90.6319
19.224 90.6319
19.225 -90.6387
19.225 90.6387
19.226 -90.6455
19.226 90.6455
19.227 -90.6522
19.227 90.6522
19.228 -90.659
19.228 90.659
19.229 -90.6657
19.229 90.6657
19.23 -90.6725
19.23 90.6725
19.231 -90.6792
19.231 90.6792
19.232 -90.686
19.232 90.686
19.233 -90.6927
19.233 90.6927
19.234 -90.6995
19.234 90.6995
19.235 -90.7062
19.235 90.7062
19.236 -90.713
19.236 90.713
19.237 -90.7197
19.237 90.7197
19.238 -90.7265
19.238 90.7265
19.239 -90.7333
19.239 90.7333
19.24 -90.74
19.24 90.74
19.241 -90.7468
19.241 90.7468
19.242 -90.7535
19.242 90.7535
19.243 -90.7603
19.243 90.7603
19.244 -90.767
19.244 90.767
19.245 -90.7738
19.245 90.7738
19.246 -90.7805
19.246 90.7805
19.247 -90.7873
19.247 90.7873
19.248 -90.7941
19.248 90.7941
19.249 -90.8008
19.249 90.8008
19.25 -90.8076
19.25 90.8076
19.251 -90.8143
19.251 90.8143
19.252 -90.8211
19.252 90.8211
19.253 -90.8278
19.253 90.8278
19.254 -90.8346
19.254 90.8346
19.255 -90.8414
19.255 90.8414
19.256 -90.8481
19.256 90.8481
19.257 -90.8549
19.257 90.8549
19.258 -90.8616
19.258 90.8616
19.259 -90.8684
19.259 90.8684
19.26 -90.8752
19.26 90.8752
19.261 -90.8819
19.261 90.8819
19.262 -90.8887
19.262 90.8887
19.263 -90.8954
19.263 90.8954
19.264 -90.9022
19.264 90.9022
19.265 -90.9089
19.265 90.9089
19.266 -90.9157
19.266 90.9157
19.267 -90.9225
19.267 90.9225
19.268 -90.9292
19.268 90.9292
19.269 -90.936
19.269 90.936
19.27 -90.9427
19.27 90.9427
19.271 -90.9495
19.271 90.9495
19.272 -90.9563
19.272 90.9563
19.273 -90.963
19.273 90.963
19.274 -90.9698
19.274 90.9698
19.275 -90.9766
19.275 90.9766
19.276 -90.9833
19.276 90.9833
19.277 -90.9901
19.277 90.9901
19.278 -90.9968
19.278 90.9968
19.279 -91.0036
19.279 91.0036
19.28 -91.0104
19.28 91.0104
19.281 -91.0171
19.281 91.0171
19.282 -91.0239
19.282 91.0239
19.283 -91.0306
19.283 91.0306
19.284 -91.0374
19.284 91.0374
19.285 -91.0442
19.285 91.0442
19.286 -91.0509
19.286 91.0509
19.287 -91.0577
19.287 91.0577
19.288 -91.0645
19.288 91.0645
19.289 -91.0712
19.289 91.0712
19.29 -91.078
19.29 91.078
19.291 -91.0848
19.291 91.0848
19.292 -91.0915
19.292 91.0915
19.293 -91.0983
19.293 91.0983
19.294 -91.105
19.294 91.105
19.295 -91.1118
19.295 91.1118
19.296 -91.1186
19.296 91.1186
19.297 -91.1253
19.297 91.1253
19.298 -91.1321
19.298 91.1321
19.299 -91.1389
19.299 91.1389
19.3 -91.1456
19.3 91.1456
19.301 -91.1524
19.301 91.1524
19.302 -91.1592
19.302 91.1592
19.303 -91.1659
19.303 91.1659
19.304 -91.1727
19.304 91.1727
19.305 -91.1795
19.305 91.1795
19.306 -91.1862
19.306 91.1862
19.307 -91.193
19.307 91.193
19.308 -91.1998
19.308 91.1998
19.309 -91.2065
19.309 91.2065
19.31 -91.2133
19.31 91.2133
19.311 -91.2201
19.311 91.2201
19.312 -91.2268
19.312 91.2268
19.313 -91.2336
19.313 91.2336
19.314 -91.2404
19.314 91.2404
19.315 -91.2471
19.315 91.2471
19.316 -91.2539
19.316 91.2539
19.317 -91.2607
19.317 91.2607
19.318 -91.2674
19.318 91.2674
19.319 -91.2742
19.319 91.2742
19.32 -91.281
19.32 91.281
19.321 -91.2877
19.321 91.2877
19.322 -91.2945
19.322 91.2945
19.323 -91.3013
19.323 91.3013
19.324 -91.3081
19.324 91.3081
19.325 -91.3148
19.325 91.3148
19.326 -91.3216
19.326 91.3216
19.327 -91.3284
19.327 91.3284
19.328 -91.3351
19.328 91.3351
19.329 -91.3419
19.329 91.3419
19.33 -91.3487
19.33 91.3487
19.331 -91.3554
19.331 91.3554
19.332 -91.3622
19.332 91.3622
19.333 -91.369
19.333 91.369
19.334 -91.3758
19.334 91.3758
19.335 -91.3825
19.335 91.3825
19.336 -91.3893
19.336 91.3893
19.337 -91.3961
19.337 91.3961
19.338 -91.4028
19.338 91.4028
19.339 -91.4096
19.339 91.4096
19.34 -91.4164
19.34 91.4164
19.341 -91.4232
19.341 91.4232
19.342 -91.4299
19.342 91.4299
19.343 -91.4367
19.343 91.4367
19.344 -91.4435
19.344 91.4435
19.345 -91.4502
19.345 91.4502
19.346 -91.457
19.346 91.457
19.347 -91.4638
19.347 91.4638
19.348 -91.4706
19.348 91.4706
19.349 -91.4773
19.349 91.4773
19.35 -91.4841
19.35 91.4841
19.351 -91.4909
19.351 91.4909
19.352 -91.4977
19.352 91.4977
19.353 -91.5044
19.353 91.5044
19.354 -91.5112
19.354 91.5112
19.355 -91.518
19.355 91.518
19.356 -91.5248
19.356 91.5248
19.357 -91.5315
19.357 91.5315
19.358 -91.5383
19.358 91.5383
19.359 -91.5451
19.359 91.5451
19.36 -91.5519
19.36 91.5519
19.361 -91.5586
19.361 91.5586
19.362 -91.5654
19.362 91.5654
19.363 -91.5722
19.363 91.5722
19.364 -91.579
19.364 91.579
19.365 -91.5857
19.365 91.5857
19.366 -91.5925
19.366 91.5925
19.367 -91.5993
19.367 91.5993
19.368 -91.6061
19.368 91.6061
19.369 -91.6128
19.369 91.6128
19.37 -91.6196
19.37 91.6196
19.371 -91.6264
19.371 91.6264
19.372 -91.6332
19.372 91.6332
19.373 -91.64
19.373 91.64
19.374 -91.6467
19.374 91.6467
19.375 -91.6535
19.375 91.6535
19.376 -91.6603
19.376 91.6603
19.377 -91.6671
19.377 91.6671
19.378 -91.6738
19.378 91.6738
19.379 -91.6806
19.379 91.6806
19.38 -91.6874
19.38 91.6874
19.381 -91.6942
19.381 91.6942
19.382 -91.701
19.382 91.701
19.383 -91.7077
19.383 91.7077
19.384 -91.7145
19.384 91.7145
19.385 -91.7213
19.385 91.7213
19.386 -91.7281
19.386 91.7281
19.387 -91.7349
19.387 91.7349
19.388 -91.7416
19.388 91.7416
19.389 -91.7484
19.389 91.7484
19.39 -91.7552
19.39 91.7552
19.391 -91.762
19.391 91.762
19.392 -91.7688
19.392 91.7688
19.393 -91.7755
19.393 91.7755
19.394 -91.7823
19.394 91.7823
19.395 -91.7891
19.395 91.7891
19.396 -91.7959
19.396 91.7959
19.397 -91.8027
19.397 91.8027
19.398 -91.8094
19.398 91.8094
19.399 -91.8162
19.399 91.8162
19.4 -91.823
19.4 91.823
19.401 -91.8298
19.401 91.8298
19.402 -91.8366
19.402 91.8366
19.403 -91.8434
19.403 91.8434
19.404 -91.8501
19.404 91.8501
19.405 -91.8569
19.405 91.8569
19.406 -91.8637
19.406 91.8637
19.407 -91.8705
19.407 91.8705
19.408 -91.8773
19.408 91.8773
19.409 -91.884
19.409 91.884
19.41 -91.8908
19.41 91.8908
19.411 -91.8976
19.411 91.8976
19.412 -91.9044
19.412 91.9044
19.413 -91.9112
19.413 91.9112
19.414 -91.918
19.414 91.918
19.415 -91.9248
19.415 91.9248
19.416 -91.9315
19.416 91.9315
19.417 -91.9383
19.417 91.9383
19.418 -91.9451
19.418 91.9451
19.419 -91.9519
19.419 91.9519
19.42 -91.9587
19.42 91.9587
19.421 -91.9655
19.421 91.9655
19.422 -91.9722
19.422 91.9722
19.423 -91.979
19.423 91.979
19.424 -91.9858
19.424 91.9858
19.425 -91.9926
19.425 91.9926
19.426 -91.9994
19.426 91.9994
19.427 -92.0062
19.427 92.0062
19.428 -92.013
19.428 92.013
19.429 -92.0198
19.429 92.0198
19.43 -92.0265
19.43 92.0265
19.431 -92.0333
19.431 92.0333
19.432 -92.0401
19.432 92.0401
19.433 -92.0469
19.433 92.0469
19.434 -92.0537
19.434 92.0537
19.435 -92.0605
19.435 92.0605
19.436 -92.0673
19.436 92.0673
19.437 -92.074
19.437 92.074
19.438 -92.0808
19.438 92.0808
19.439 -92.0876
19.439 92.0876
19.44 -92.0944
19.44 92.0944
19.441 -92.1012
19.441 92.1012
19.442 -92.108
19.442 92.108
19.443 -92.1148
19.443 92.1148
19.444 -92.1216
19.444 92.1216
19.445 -92.1284
19.445 92.1284
19.446 -92.1351
19.446 92.1351
19.447 -92.1419
19.447 92.1419
19.448 -92.1487
19.448 92.1487
19.449 -92.1555
19.449 92.1555
19.45 -92.1623
19.45 92.1623
19.451 -92.1691
19.451 92.1691
19.452 -92.1759
19.452 92.1759
19.453 -92.1827
19.453 92.1827
19.454 -92.1895
19.454 92.1895
19.455 -92.1963
19.455 92.1963
19.456 -92.2031
19.456 92.2031
19.457 -92.2098
19.457 92.2098
19.458 -92.2166
19.458 92.2166
19.459 -92.2234
19.459 92.2234
19.46 -92.2302
19.46 92.2302
19.461 -92.237
19.461 92.237
19.462 -92.2438
19.462 92.2438
19.463 -92.2506
19.463 92.2506
19.464 -92.2574
19.464 92.2574
19.465 -92.2642
19.465 92.2642
19.466 -92.271
19.466 92.271
19.467 -92.2778
19.467 92.2778
19.468 -92.2846
19.468 92.2846
19.469 -92.2914
19.469 92.2914
19.47 -92.2981
19.47 92.2981
19.471 -92.3049
19.471 92.3049
19.472 -92.3117
19.472 92.3117
19.473 -92.3185
19.473 92.3185
19.474 -92.3253
19.474 92.3253
19.475 -92.3321
19.475 92.3321
19.476 -92.3389
19.476 92.3389
19.477 -92.3457
19.477 92.3457
19.478 -92.3525
19.478 92.3525
19.479 -92.3593
19.479 92.3593
19.48 -92.3661
19.48 92.3661
19.481 -92.3729
19.481 92.3729
19.482 -92.3797
19.482 92.3797
19.483 -92.3865
19.483 92.3865
19.484 -92.3933
19.484 92.3933
19.485 -92.4001
19.485 92.4001
19.486 -92.4069
19.486 92.4069
19.487 -92.4137
19.487 92.4137
19.488 -92.4205
19.488 92.4205
19.489 -92.4273
19.489 92.4273
19.49 -92.4341
19.49 92.4341
19.491 -92.4408
19.491 92.4408
19.492 -92.4476
19.492 92.4476
19.493 -92.4544
19.493 92.4544
19.494 -92.4612
19.494 92.4612
19.495 -92.468
19.495 92.468
19.496 -92.4748
19.496 92.4748
19.497 -92.4816
19.497 92.4816
19.498 -92.4884
19.498 92.4884
19.499 -92.4952
19.499 92.4952
19.5 -92.502
19.5 92.502
19.501 -92.5088
19.501 92.5088
19.502 -92.5156
19.502 92.5156
19.503 -92.5224
19.503 92.5224
19.504 -92.5292
19.504 92.5292
19.505 -92.536
19.505 92.536
19.506 -92.5428
19.506 92.5428
19.507 -92.5496
19.507 92.5496
19.508 -92.5564
19.508 92.5564
19.509 -92.5632
19.509 92.5632
19.51 -92.57
19.51 92.57
19.511 -92.5768
19.511 92.5768
19.512 -92.5836
19.512 92.5836
19.513 -92.5904
19.513 92.5904
19.514 -92.5972
19.514 92.5972
19.515 -92.604
19.515 92.604
19.516 -92.6108
19.516 92.6108
19.517 -92.6176
19.517 92.6176
19.518 -92.6244
19.518 92.6244
19.519 -92.6312
19.519 92.6312
19.52 -92.638
19.52 92.638
19.521 -92.6448
19.521 92.6448
19.522 -92.6516
19.522 92.6516
19.523 -92.6584
19.523 92.6584
19.524 -92.6652
19.524 92.6652
19.525 -92.672
19.525 92.672
19.526 -92.6788
19.526 92.6788
19.527 -92.6856
19.527 92.6856
19.528 -92.6924
19.528 92.6924
19.529 -92.6993
19.529 92.6993
19.53 -92.7061
19.53 92.7061
19.531 -92.7129
19.531 92.7129
19.532 -92.7197
19.532 92.7197
19.533 -92.7265
19.533 92.7265
19.534 -92.7333
19.534 92.7333
19.535 -92.7401
19.535 92.7401
19.536 -92.7469
19.536 92.7469
19.537 -92.7537
19.537 92.7537
19.538 -92.7605
19.538 92.7605
19.539 -92.7673
19.539 92.7673
19.54 -92.7741
19.54 92.7741
19.541 -92.7809
19.541 92.7809
19.542 -92.7877
19.542 92.7877
19.543 -92.7945
19.543 92.7945
19.544 -92.8013
19.544 92.8013
19.545 -92.8081
19.545 92.8081
19.546 -92.8149
19.546 92.8149
19.547 -92.8217
19.547 92.8217
19.548 -92.8285
19.548 92.8285
19.549 -92.8354
19.549 92.8354
19.55 -92.8422
19.55 92.8422
19.551 -92.849
19.551 92.849
19.552 -92.8558
19.552 92.8558
19.553 -92.8626
19.553 92.8626
19.554 -92.8694
19.554 92.8694
19.555 -92.8762
19.555 92.8762
19.556 -92.883
19.556 92.883
19.557 -92.8898
19.557 92.8898
19.558 -92.8966
19.558 92.8966
19.559 -92.9034
19.559 92.9034
19.56 -92.9102
19.56 92.9102
19.561 -92.917
19.561 92.917
19.562 -92.9239
19.562 92.9239
19.563 -92.9307
19.563 92.9307
19.564 -92.9375
19.564 92.9375
19.565 -92.9443
19.565 92.9443
19.566 -92.9511
19.566 92.9511
19.567 -92.9579
19.567 92.9579
19.568 -92.9647
19.568 92.9647
19.569 -92.9715
19.569 92.9715
19.57 -92.9783
19.57 92.9783
19.571 -92.9851
19.571 92.9851
19.572 -92.9919
19.572 92.9919
19.573 -92.9988
19.573 92.9988
19.574 -93.0056
19.574 93.0056
19.575 -93.0124
19.575 93.0124
19.576 -93.0192
19.576 93.0192
19.577 -93.026
19.577 93.026
19.578 -93.0328
19.578 93.0328
19.579 -93.0396
19.579 93.0396
19.58 -93.0464
19.58 93.0464
19.581 -93.0532
19.581 93.0532
19.582 -93.0601
19.582 93.0601
19.583 -93.0669
19.583 93.0669
19.584 -93.0737
19.584 93.0737
19.585 -93.0805
19.585 93.0805
19.586 -93.0873
19.586 93.0873
19.587 -93.0941
19.587 93.0941
19.588 -93.1009
19.588 93.1009
19.589 -93.1077
19.589 93.1077
19.59 -93.1146
19.59 93.1146
19.591 -93.1214
19.591 93.1214
19.592 -93.1282
19.592 93.1282
19.593 -93.135
19.593 93.135
19.594 -93.1418
19.594 93.1418
19.595 -93.1486
19.595 93.1486
19.596 -93.1554
19.596 93.1554
19.597 -93.1623
19.597 93.1623
19.598 -93.1691
19.598 93.1691
19.599 -93.1759
19.599 93.1759
19.6 -93.1827
19.6 93.1827
19.601 -93.1895
19.601 93.1895
19.602 -93.1963
19.602 93.1963
19.603 -93.2031
19.603 93.2031
19.604 -93.21
19.604 93.21
19.605 -93.2168
19.605 93.2168
19.606 -93.2236
19.606 93.2236
19.607 -93.2304
19.607 93.2304
19.608 -93.2372
19.608 93.2372
19.609 -93.244
19.609 93.244
19.61 -93.2509
19.61 93.2509
19.611 -93.2577
19.611 93.2577
19.612 -93.2645
19.612 93.2645
19.613 -93.2713
19.613 93.2713
19.614 -93.2781
19.614 93.2781
19.615 -93.2849
19.615 93.2849
19.616 -93.2918
19.616 93.2918
19.617 -93.2986
19.617 93.2986
19.618 -93.3054
19.618 93.3054
19.619 -93.3122
19.619 93.3122
19.62 -93.319
19.62 93.319
19.621 -93.3259
19.621 93.3259
19.622 -93.3327
19.622 93.3327
19.623 -93.3395
19.623 93.3395
19.624 -93.3463
19.624 93.3463
19.625 -93.3531
19.625 93.3531
19.626 -93.3599
19.626 93.3599
19.627 -93.3668
19.627 93.3668
19.628 -93.3736
19.628 93.3736
19.629 -93.3804
19.629 93.3804
19.63 -93.3872
19.63 93.3872
19.631 -93.394
19.631 93.394
19.632 -93.4009
19.632 93.4009
19.633 -93.4077
19.633 93.4077
19.634 -93.4145
19.634 93.4145
19.635 -93.4213
19.635 93.4213
19.636 -93.4281
19.636 93.4281
19.637 -93.435
19.637 93.435
19.638 -93.4418
19.638 93.4418
19.639 -93.4486
19.639 93.4486
19.64 -93.4554
19.64 93.4554
19.641 -93.4623
19.641 93.4623
19.642 -93.4691
19.642 93.4691
19.643 -93.4759
19.643 93.4759
19.644 -93.4827
19.644 93.4827
19.645 -93.4895
19.645 93.4895
19.646 -93.4964
19.646 93.4964
19.647 -93.5032
19.647 93.5032
19.648 -93.51
19.648 93.51
19.649 -93.5168
19.649 93.5168
19.65 -93.5237
19.65 93.5237
19.651 -93.5305
19.651 93.5305
19.652 -93.5373
19.652 93.5373
19.653 -93.5441
19.653 93.5441
19.654 -93.551
19.654 93.551
19.655 -93.5578
19.655 93.5578
19.656 -93.5646
19.656 93.5646
19.657 -93.5714
19.657 93.5714
19.658 -93.5782
19.658 93.5782
19.659 -93.5851
19.659 93.5851
19.66 -93.5919
19.66 93.5919
19.661 -93.5987
19.661 93.5987
19.662 -93.6055
19.662 93.6055
19.663 -93.6124
19.663 93.6124
19.664 -93.6192
19.664 93.6192
19.665 -93.626
19.665 93.626
19.666 -93.6329
19.666 93.6329
19.667 -93.6397
19.667 93.6397
19.668 -93.6465
19.668 93.6465
19.669 -93.6533
19.669 93.6533
19.67 -93.6602
19.67 93.6602
19.671 -93.667
19.671 93.667
19.672 -93.6738
19.672 93.6738
19.673 -93.6806
19.673 93.6806
19.674 -93.6875
19.674 93.6875
19.675 -93.6943
19.675 93.6943
19.676 -93.7011
19.676 93.7011
19.677 -93.7079
19.677 93.7079
19.678 -93.7148
19.678 93.7148
19.679 -93.7216
19.679 93.7216
19.68 -93.7284
19.68 93.7284
19.681 -93.7353
19.681 93.7353
19.682 -93.7421
19.682 93.7421
19.683 -93.7489
19.683 93.7489
19.684 -93.7557
19.684 93.7557
19.685 -93.7626
19.685 93.7626
19.686 -93.7694
19.686 93.7694
19.687 -93.7762
19.687 93.7762
19.688 -93.7831
19.688 93.7831
19.689 -93.7899
19.689 93.7899
19.69 -93.7967
19.69 93.7967
19.691 -93.8035
19.691 93.8035
19.692 -93.8104
19.692 93.8104
19.693 -93.8172
19.693 93.8172
19.694 -93.824
19.694 93.824
19.695 -93.8309
19.695 93.8309
19.696 -93.8377
19.696 93.8377
19.697 -93.8445
19.697 93.8445
19.698 -93.8514
19.698 93.8514
19.699 -93.8582
19.699 93.8582
19.7 -93.865
19.7 93.865
19.701 -93.8719
19.701 93.8719
19.702 -93.8787
19.702 93.8787
19.703 -93.8855
19.703 93.8855
19.704 -93.8924
19.704 93.8924
19.705 -93.8992
19.705 93.8992
19.706 -93.906
19.706 93.906
19.707 -93.9128
19.707 93.9128
19.708 -93.9197
19.708 93.9197
19.709 -93.9265
19.709 93.9265
19.71 -93.9333
19.71 93.9333
19.711 -93.9402
19.711 93.9402
19.712 -93.947
19.712 93.947
19.713 -93.9538
19.713 93.9538
19.714 -93.9607
19.714 93.9607
19.715 -93.9675
19.715 93.9675
19.716 -93.9743
19.716 93.9743
19.717 -93.9812
19.717 93.9812
19.718 -93.988
19.718 93.988
19.719 -93.9949
19.719 93.9949
19.72 -94.0017
19.72 94.0017
19.721 -94.0085
19.721 94.0085
19.722 -94.0154
19.722 94.0154
19.723 -94.0222
19.723 94.0222
19.724 -94.029
19.724 94.029
19.725 -94.0359
19.725 94.0359
19.726 -94.0427
19.726 94.0427
19.727 -94.0495
19.727 94.0495
19.728 -94.0564
19.728 94.0564
19.729 -94.0632
19.729 94.0632
19.73 -94.07
19.73 94.07
19.731 -94.0769
19.731 94.0769
19.732 -94.0837
19.732 94.0837
19.733 -94.0906
19.733 94.0906
19.734 -94.0974
19.734 94.0974
19.735 -94.1042
19.735 94.1042
19.736 -94.1111
19.736 94.1111
19.737 -94.1179
19.737 94.1179
19.738 -94.1247
19.738 94.1247
19.739 -94.1316
19.739 94.1316
19.74 -94.1384
19.74 94.1384
19.741 -94.1453
19.741 94.1453
19.742 -94.1521
19.742 94.1521
19.743 -94.1589
19.743 94.1589
19.744 -94.1658
19.744 94.1658
19.745 -94.1726
19.745 94.1726
19.746 -94.1794
19.746 94.1794
19.747 -94.1863
19.747 94.1863
19.748 -94.1931
19.748 94.1931
19.749 -94.2
19.749 94.2
19.75 -94.2068
19.75 94.2068
19.751 -94.2136
19.751 94.2136
19.752 -94.2205
19.752 94.2205
19.753 -94.2273
19.753 94.2273
19.754 -94.2342
19.754 94.2342
19.755 -94.241
19.755 94.241
19.756 -94.2478
19.756 94.2478
19.757 -94.2547
19.757 94.2547
19.758 -94.2615
19.758 94.2615
19.759 -94.2684
19.759 94.2684
19.76 -94.2752
19.76 94.2752
19.761 -94.2821
19.761 94.2821
19.762 -94.2889
19.762 94.2889
19.763 -94.2957
19.763 94.2957
19.764 -94.3026
19.764 94.3026
19.765 -94.3094
19.765 94.3094
19.766 -94.3163
19.766 94.3163
19.767 -94.3231
19.767 94.3231
19.768 -94.3299
19.768 94.3299
19.769 -94.3368
19.769 94.3368
19.77 -94.3436
19.77 94.3436
19.771 -94.3505
19.771 94.3505
19.772 -94.3573
19.772 94.3573
19.773 -94.3642
19.773 94.3642
19.774 -94.371
19.774 94.371
19.775 -94.3778
19.775 94.3778
19.776 -94.3847
19.776 94.3847
19.777 -94.3915
19.777 94.3915
19.778 -94.3984
19.778 94.3984
19.779 -94.4052
19.779 94.4052
19.78 -94.4121
19.78 94.4121
19.781 -94.4189
19.781 94.4189
19.782 -94.4258
19.782 94.4258
19.783 -94.4326
19.783 94.4326
19.784 -94.4394
19.784 94.4394
19.785 -94.4463
19.785 94.4463
19.786 -94.4531
19.786 94.4531
19.787 -94.46
19.787 94.46
19.788 -94.4668
19.788 94.4668
19.789 -94.4737
19.789 94.4737
19.79 -94.4805
19.79 94.4805
19.791 -94.4874
19.791 94.4874
19.792 -94.4942
19.792 94.4942
19.793 -94.5011
19.793 94.5011
19.794 -94.5079
19.794 94.5079
19.795 -94.5148
19.795 94.5148
19.796 -94.5216
19.796 94.5216
19.797 -94.5284
19.797 94.5284
19.798 -94.5353
19.798 94.5353
19.799 -94.5421
19.799 94.5421
19.8 -94.549
19.8 94.549
19.801 -94.5558
19.801 94.5558
19.802 -94.5627
19.802 94.5627
19.803 -94.5695
19.803 94.5695
19.804 -94.5764
19.804 94.5764
19.805 -94.5832
19.805 94.5832
19.806 -94.5901
19.806 94.5901
19.807 -94.5969
19.807 94.5969
19.808 -94.6038
19.808 94.6038
19.809 -94.6106
19.809 94.6106
19.81 -94.6175
19.81 94.6175
19.811 -94.6243
19.811 94.6243
19.812 -94.6312
19.812 94.6312
19.813 -94.638
19.813 94.638
19.814 -94.6449
19.814 94.6449
19.815 -94.6517
19.815 94.6517
19.816 -94.6586
19.816 94.6586
19.817 -94.6654
19.817 94.6654
19.818 -94.6723
19.818 94.6723
19.819 -94.6791
19.819 94.6791
19.82 -94.686
19.82 94.686
19.821 -94.6928
19.821 94.6928
19.822 -94.6997
19.822 94.6997
19.823 -94.7065
19.823 94.7065
19.824 -94.7134
19.824 94.7134
19.825 -94.7202
19.825 94.7202
19.826 -94.7271
19.826 94.7271
19.827 -94.7339
19.827 94.7339
19.828 -94.7408
19.828 94.7408
19.829 -94.7477
19.829 94.7477
19.83 -94.7545
19.83 94.7545
19.831 -94.7614
19.831 94.7614
19.832 -94.7682
19.832 94.7682
19.833 -94.7751
19.833 94.7751
19.834 -94.7819
19.834 94.7819
19.835 -94.7888
19.835 94.7888
19.836 -94.7956
19.836 94.7956
19.837 -94.8025
19.837 94.8025
19.838 -94.8093
19.838 94.8093
19.839 -94.8162
19.839 94.8162
19.84 -94.823
19.84 94.823
19.841 -94.8299
19.841 94.8299
19.842 -94.8367
19.842 94.8367
19.843 -94.8436
19.843 94.8436
19.844 -94.8505
19.844 94.8505
19.845 -94.8573
19.845 94.8573
19.846 -94.8642
19.846 94.8642
19.847 -94.871
19.847 94.871
19.848 -94.8779
19.848 94.8779
19.849 -94.8847
19.849 94.8847
19.85 -94.8916
19.85 94.8916
19.851 -94.8984
19.851 94.8984
19.852 -94.9053
19.852 94.9053
19.853 -94.9122
19.853 94.9122
19.854 -94.919
19.854 94.919
19.855 -94.9259
19.855 94.9259
19.856 -94.9327
19.856 94.9327
19.857 -94.9396
19.857 94.9396
19.858 -94.9464
19.858 94.9464
19.859 -94.9533
19.859 94.9533
19.86 -94.9602
19.86 94.9602
19.861 -94.967
19.861 94.967
19.862 -94.9739
19.862 94.9739
19.863 -94.9807
19.863 94.9807
19.864 -94.9876
19.864 94.9876
19.865 -94.9945
19.865 94.9945
19.866 -95.0013
19.866 95.0013
19.867 -95.0082
19.867 95.0082
19.868 -95.015
19.868 95.015
19.869 -95.0219
19.869 95.0219
19.87 -95.0287
19.87 95.0287
19.871 -95.0356
19.871 95.0356
19.872 -95.0425
19.872 95.0425
19.873 -95.0493
19.873 95.0493
19.874 -95.0562
19.874 95.0562
19.875 -95.063
19.875 95.063
19.876 -95.0699
19.876 95.0699
19.877 -95.0768
19.877 95.0768
19.878 -95.0836
19.878 95.0836
19.879 -95.0905
19.879 95.0905
19.88 -95.0973
19.88 95.0973
19.881 -95.1042
19.881 95.1042
19.882 -95.1111
19.882 95.1111
19.883 -95.1179
19.883 95.1179
19.884 -95.1248
19.884 95.1248
19.885 -95.1317
19.885 95.1317
19.886 -95.1385
19.886 95.1385
19.887 -95.1454
19.887 95.1454
19.888 -95.1522
19.888 95.1522
19.889 -95.1591
19.889 95.1591
19.89 -95.166
19.89 95.166
19.891 -95.1728
19.891 95.1728
19.892 -95.1797
19.892 95.1797
19.893 -95.1866
19.893 95.1866
19.894 -95.1934
19.894 95.1934
19.895 -95.2003
19.895 95.2003
19.896 -95.2071
19.896 95.2071
19.897 -95.214
19.897 95.214
19.898 -95.2209
19.898 95.2209
19.899 -95.2277
19.899 95.2277
19.9 -95.2346
19.9 95.2346
19.901 -95.2415
19.901 95.2415
19.902 -95.2483
19.902 95.2483
19.903 -95.2552
19.903 95.2552
19.904 -95.2621
19.904 95.2621
19.905 -95.2689
19.905 95.2689
19.906 -95.2758
19.906 95.2758
19.907 -95.2827
19.907 95.2827
19.908 -95.2895
19.908 95.2895
19.909 -95.2964
19.909 95.2964
19.91 -95.3033
19.91 95.3033
19.911 -95.3101
19.911 95.3101
19.912 -95.317
19.912 95.317
19.913 -95.3238
19.913 95.3238
19.914 -95.3307
19.914 95.3307
19.915 -95.3376
19.915 95.3376
19.916 -95.3444
19.916 95.3444
19.917 -95.3513
19.917 95.3513
19.918 -95.3582
19.918 95.3582
19.919 -95.3651
19.919 95.3651
19.92 -95.3719
19.92 95.3719
19.921 -95.3788
19.921 95.3788
19.922 -95.3857
19.922 95.3857
19.923 -95.3925
19.923 95.3925
19.924 -95.3994
19.924 95.3994
19.925 -95.4063
19.925 95.4063
19.926 -95.4131
19.926 95.4131
19.927 -95.42
19.927 95.42
19.928 -95.4269
19.928 95.4269
19.929 -95.4337
19.929 95.4337
19.93 -95.4406
19.93 95.4406
19.931 -95.4475
19.931 95.4475
19.932 -95.4543
19.932 95.4543
19.933 -95.4612
19.933 95.4612
19.934 -95.4681
19.934 95.4681
19.935 -95.4749
19.935 95.4749
19.936 -95.4818
19.936 95.4818
19.937 -95.4887
19.937 95.4887
19.938 -95.4956
19.938 95.4956
19.939 -95.5024
19.939 95.5024
19.94 -95.5093
19.94 95.5093
19.941 -95.5162
19.941 95.5162
19.942 -95.523
19.942 95.523
19.943 -95.5299
19.943 95.5299
19.944 -95.5368
19.944 95.5368
19.945 -95.5437
19.945 95.5437
19.946 -95.5505
19.946 95.5505
19.947 -95.5574
19.947 95.5574
19.948 -95.5643
19.948 95.5643
19.949 -95.5711
19.949 95.5711
19.95 -95.578
19.95 95.578
19.951 -95.5849
19.951 95.5849
19.952 -95.5918
19.952 95.5918
19.953 -95.5986
19.953 95.5986
19.954 -95.6055
19.954 95.6055
19.955 -95.6124
19.955 95.6124
19.956 -95.6193
19.956 95.6193
19.957 -95.6261
19.957 95.6261
19.958 -95.633
19.958 95.633
19.959 -95.6399
19.959 95.6399
19.96 -95.6467
19.96 95.6467
19.961 -95.6536
19.961 95.6536
19.962 -95.6605
19.962 95.6605
19.963 -95.6674
19.963 95.6674
19.964 -95.6742
19.964 95.6742
19.965 -95.6811
19.965 95.6811
19.966 -95.688
19.966 95.688
19.967 -95.6949
19.967 95.6949
19.968 -95.7017
19.968 95.7017
19.969 -95.7086
19.969 95.7086
19.97 -95.7155
19.97 95.7155
19.971 -95.7224
19.971 95.7224
19.972 -95.7293
19.972 95.7293
19.973 -95.7361
19.973 95.7361
19.974 -95.743
19.974 95.743
19.975 -95.7499
19.975 95.7499
19.976 -95.7568
19.976 95.7568
19.977 -95.7636
19.977 95.7636
19.978 -95.7705
19.978 95.7705
19.979 -95.7774
19.979 95.7774
19.98 -95.7843
19.98 95.7843
19.981 -95.7911
19.981 95.7911
19.982 -95.798
19.982 95.798
19.983 -95.8049
19.983 95.8049
19.984 -95.8118
19.984 95.8118
19.985 -95.8187
19.985 95.8187
19.986 -95.8255
19.986 95.8255
19.987 -95.8324
19.987 95.8324
19.988 -95.8393
19.988 95.8393
19.989 -95.8462
19.989 95.8462
19.99 -95.853
19.99 95.853
19.991 -95.8599
19.991 95.8599
19.992 -95.8668
19.992 95.8668
19.993 -95.8737
19.993 95.8737
19.994 -95.8806
19.994 95.8806
19.995 -95.8874
19.995 95.8874
19.996 -95.8943
19.996 95.8943
19.997 -95.9012
19.997 95.9012
19.998 -95.9081
19.998 95.9081
19.999 -95.915
19.999 95.915
20 -95.9218
20 95.9218
20.001 -95.9287
20.001 95.9287
20.002 -95.9356
20.002 95.9356
20.003 -95.9425
20.003 95.9425
20.004 -95.9494
20.004 95.9494
20.005 -95.9562
20.005 95.9562
20.006 -95.9631
20.006 95.9631
20.007 -95.97
20.007 95.97
20.008 -95.9769
20.008 95.9769
20.009 -95.9838
20.009 95.9838
20.01 -95.9907
20.01 95.9907
20.011 -95.9975
20.011 95.9975
20.012 -96.0044
20.012 96.0044
20.013 -96.0113
20.013 96.0113
20.014 -96.0182
20.014 96.0182
20.015 -96.0251
20.015 96.0251
20.016 -96.032
20.016 96.032
20.017 -96.0388
20.017 96.0388
20.018 -96.0457
20.018 96.0457
20.019 -96.0526
20.019 96.0526
20.02 -96.0595
20.02 96.0595
20.021 -96.0664
20.021 96.0664
20.022 -96.0733
20.022 96.0733
20.023 -96.0801
20.023 96.0801
20.024 -96.087
20.024 96.087
20.025 -96.0939
20.025 96.0939
20.026 -96.1008
20.026 96.1008
20.027 -96.1077
20.027 96.1077
20.028 -96.1146
20.028 96.1146
20.029 -96.1214
20.029 96.1214
20.03 -96.1283
20.03 96.1283
20.031 -96.1352
20.031 96.1352
20.032 -96.1421
20.032 96.1421
20.033 -96.149
20.033 96.149
20.034 -96.1559
20.034 96.1559
20.035 -96.1628
20.035 96.1628
20.036 -96.1697
20.036 96.1697
20.037 -96.1765
20.037 96.1765
20.038 -96.1834
20.038 96.1834
20.039 -96.1903
20.039 96.1903
20.04 -96.1972
20.04 96.1972
20.041 -96.2041
20.041 96.2041
20.042 -96.211
20.042 96.211
20.043 -96.2179
20.043 96.2179
20.044 -96.2247
20.044 96.2247
20.045 -96.2316
20.045 96.2316
20.046 -96.2385
20.046 96.2385
20.047 -96.2454
20.047 96.2454
20.048 -96.2523
20.048 96.2523
20.049 -96.2592
20.049 96.2592
20.05 -96.2661
20.05 96.2661
20.051 -96.273
20.051 96.273
20.052 -96.2799
20.052 96.2799
20.053 -96.2867
20.053 96.2867
20.054 -96.2936
20.054 96.2936
20.055 -96.3005
20.055 96.3005
20.056 -96.3074
20.056 96.3074
20.057 -96.3143
20.057 96.3143
20.058 -96.3212
20.058 96.3212
20.059 -96.3281
20.059 96.3281
20.06 -96.335
20.06 96.335
20.061 -96.3419
20.061 96.3419
20.062 -96.3488
20.062 96.3488
20.063 -96.3556
20.063 96.3556
20.064 -96.3625
20.064 96.3625
20.065 -96.3694
20.065 96.3694
20.066 -96.3763
20.066 96.3763
20.067 -96.3832
20.067 96.3832
20.068 -96.3901
20.068 96.3901
20.069 -96.397
20.069 96.397
20.07 -96.4039
20.07 96.4039
20.071 -96.4108
20.071 96.4108
20.072 -96.4177
20.072 96.4177
20.073 -96.4246
20.073 96.4246
20.074 -96.4315
20.074 96.4315
20.075 -96.4383
20.075 96.4383
20.076 -96.4452
20.076 96.4452
20.077 -96.4521
20.077 96.4521
20.078 -96.459
20.078 96.459
20.079 -96.4659
20.079 96.4659
20.08 -96.4728
20.08 96.4728
20.081 -96.4797
20.081 96.4797
20.082 -96.4866
20.082 96.4866
20.083 -96.4935
20.083 96.4935
20.084 -96.5004
20.084 96.5004
20.085 -96.5073
20.085 96.5073
20.086 -96.5142
20.086 96.5142
20.087 -96.5211
20.087 96.5211
20.088 -96.528
20.088 96.528
20.089 -96.5349
20.089 96.5349
20.09 -96.5418
20.09 96.5418
20.091 -96.5487
20.091 96.5487
20.092 -96.5555
20.092 96.5555
20.093 -96.5624
20.093 96.5624
20.094 -96.5693
20.094 96.5693
20.095 -96.5762
20.095 96.5762
20.096 -96.5831
20.096 96.5831
20.097 -96.59
20.097 96.59
20.098 -96.5969
20.098 96.5969
20.099 -96.6038
20.099 96.6038
20.1 -96.6107
20.1 96.6107
20.101 -96.6176
20.101 96.6176
20.102 -96.6245
20.102 96.6245
20.103 -96.6314
20.103 96.6314
20.104 -96.6383
20.104 96.6383
20.105 -96.6452
20.105 96.6452
20.106 -96.6521
20.106 96.6521
20.107 -96.659
20.107 96.659
20.108 -96.6659
20.108 96.6659
20.109 -96.6728
20.109 96.6728
20.11 -96.6797
20.11 96.6797
20.111 -96.6866
20.111 96.6866
20.112 -96.6935
20.112 96.6935
20.113 -96.7004
20.113 96.7004
20.114 -96.7073
20.114 96.7073
20.115 -96.7142
20.115 96.7142
20.116 -96.7211
20.116 96.7211
20.117 -96.728
20.117 96.728
20.118 -96.7349
20.118 96.7349
20.119 -96.7418
20.119 96.7418
20.12 -96.7487
20.12 96.7487
20.121 -96.7556
20.121 96.7556
20.122 -96.7625
20.122 96.7625
20.123 -96.7694
20.123 96.7694
20.124 -96.7763
20.124 96.7763
20.125 -96.7832
20.125 96.7832
20.126 -96.7901
20.126 96.7901
20.127 -96.797
20.127 96.797
20.128 -96.8039
20.128 96.8039
20.129 -96.8108
20.129 96.8108
20.13 -96.8177
20.13 96.8177
20.131 -96.8246
20.131 96.8246
20.132 -96.8315
20.132 96.8315
20.133 -96.8384
20.133 96.8384
20.134 -96.8453
20.134 96.8453
20.135 -96.8522
20.135 96.8522
20.136 -96.8591
20.136 96.8591
20.137 -96.866
20.137 96.866
20.138 -96.8729
20.138 96.8729
20.139 -96.8798
20.139 96.8798
20.14 -96.8867
20.14 96.8867
20.141 -96.8936
20.141 96.8936
20.142 -96.9005
20.142 96.9005
20.143 -96.9074
20.143 96.9074
20.144 -96.9143
20.144 96.9143
20.145 -96.9212
20.145 96.9212
20.146 -96.9281
20.146 96.9281
20.147 -96.9351
20.147 96.9351
20.148 -96.942
20.148 96.942
20.149 -96.9489
20.149 96.9489
20.15 -96.9558
20.15 96.9558
20.151 -96.9627
20.151 96.9627
20.152 -96.9696
20.152 96.9696
20.153 -96.9765
20.153 96.9765
20.154 -96.9834
20.154 96.9834
20.155 -96.9903
20.155 96.9903
20.156 -96.9972
20.156 96.9972
20.157 -97.0041
20.157 97.0041
20.158 -97.011
20.158 97.011
20.159 -97.0179
20.159 97.0179
20.16 -97.0248
20.16 97.0248
20.161 -97.0317
20.161 97.0317
20.162 -97.0386
20.162 97.0386
20.163 -97.0455
20.163 97.0455
20.164 -97.0525
20.164 97.0525
20.165 -97.0594
20.165 97.0594
20.166 -97.0663
20.166 97.0663
20.167 -97.0732
20.167 97.0732
20.168 -97.0801
20.168 97.0801
20.169 -97.087
20.169 97.087
20.17 -97.0939
20.17 97.0939
20.171 -97.1008
20.171 97.1008
20.172 -97.1077
20.172 97.1077
20.173 -97.1146
20.173 97.1146
20.174 -97.1215
20.174 97.1215
20.175 -97.1284
20.175 97.1284
20.176 -97.1354
20.176 97.1354
20.177 -97.1423
20.177 97.1423
20.178 -97.1492
20.178 97.1492
20.179 -97.1561
20.179 97.1561
20.18 -97.163
20.18 97.163
20.181 -97.1699
20.181 97.1699
20.182 -97.1768
20.182 97.1768
20.183 -97.1837
20.183 97.1837
20.184 -97.1906
20.184 97.1906
20.185 -97.1975
20.185 97.1975
20.186 -97.2045
20.186 97.2045
20.187 -97.2114
20.187 97.2114
20.188 -97.2183
20.188 97.2183
20.189 -97.2252
20.189 97.2252
20.19 -97.2321
20.19 97.2321
20.191 -97.239
20.191 97.239
20.192 -97.2459
20.192 97.2459
20.193 -97.2528
20.193 97.2528
20.194 -97.2597
20.194 97.2597
20.195 -97.2667
20.195 97.2667
20.196 -97.2736
20.196 97.2736
20.197 -97.2805
20.197 97.2805
20.198 -97.2874
20.198 97.2874
20.199 -97.2943
20.199 97.2943
20.2 -97.3012
20.2 97.3012
20.201 -97.3081
20.201 97.3081
20.202 -97.315
20.202 97.315
20.203 -97.322
20.203 97.322
20.204 -97.3289
20.204 97.3289
20.205 -97.3358
20.205 97.3358
20.206 -97.3427
20.206 97.3427
20.207 -97.3496
20.207 97.3496
20.208 -97.3565
20.208 97.3565
20.209 -97.3634
20.209 97.3634
20.21 -97.3704
20.21 97.3704
20.211 -97.3773
20.211 97.3773
20.212 -97.3842
20.212 97.3842
20.213 -97.3911
20.213 97.3911
20.214 -97.398
20.214 97.398
20.215 -97.4049
20.215 97.4049
20.216 -97.4119
20.216 97.4119
20.217 -97.4188
20.217 97.4188
20.218 -97.4257
20.218 97.4257
20.219 -97.4326
20.219 97.4326
20.22 -97.4395
20.22 97.4395
20.221 -97.4464
20.221 97.4464
20.222 -97.4534
20.222 97.4534
20.223 -97.4603
20.223 97.4603
20.224 -97.4672
20.224 97.4672
20.225 -97.4741
20.225 97.4741
20.226 -97.481
20.226 97.481
20.227 -97.4879
20.227 97.4879
20.228 -97.4949
20.228 97.4949
20.229 -97.5018
20.229 97.5018
20.23 -97.5087
20.23 97.5087
20.231 -97.5156
20.231 97.5156
20.232 -97.5225
20.232 97.5225
20.233 -97.5294
20.233 97.5294
20.234 -97.5364
20.234 97.5364
20.235 -97.5433
20.235 97.5433
20.236 -97.5502
20.236 97.5502
20.237 -97.5571
20.237 97.5571
20.238 -97.564
20.238 97.564
20.239 -97.571
20.239 97.571
20.24 -97.5779
20.24 97.5779
20.241 -97.5848
20.241 97.5848
20.242 -97.5917
20.242 97.5917
20.243 -97.5986
20.243 97.5986
20.244 -97.6056
20.244 97.6056
20.245 -97.6125
20.245 97.6125
20.246 -97.6194
20.246 97.6194
20.247 -97.6263
20.247 97.6263
20.248 -97.6332
20.248 97.6332
20.249 -97.6402
20.249 97.6402
20.25 -97.6471
20.25 97.6471
20.251 -97.654
20.251 97.654
20.252 -97.6609
20.252 97.6609
20.253 -97.6678
20.253 97.6678
20.254 -97.6748
20.254 97.6748
20.255 -97.6817
20.255 97.6817
20.256 -97.6886
20.256 97.6886
20.257 -97.6955
20.257 97.6955
20.258 -97.7025
20.258 97.7025
20.259 -97.7094
20.259 97.7094
20.26 -97.7163
20.26 97.7163
20.261 -97.7232
20.261 97.7232
20.262 -97.7302
20.262 97.7302
20.263 -97.7371
20.263 97.7371
20.264 -97.744
20.264 97.744
20.265 -97.7509
20.265 97.7509
20.266 -97.7578
20.266 97.7578
20.267 -97.7648
20.267 97.7648
20.268 -97.7717
20.268 97.7717
20.269 -97.7786
20.269 97.7786
20.27 -97.7855
20.27 97.7855
20.271 -97.7925
20.271 97.7925
20.272 -97.7994
20.272 97.7994
20.273 -97.8063
20.273 97.8063
20.274 -97.8132
20.274 97.8132
20.275 -97.8202
20.275 97.8202
20.276 -97.8271
20.276 97.8271
20.277 -97.834
20.277 97.834
20.278 -97.8409
20.278 97.8409
20.279 -97.8479
20.279 97.8479
20.28 -97.8548
20.28 97.8548
20.281 -97.8617
20.281 97.8617
20.282 -97.8686
20.282 97.8686
20.283 -97.8756
20.283 97.8756
20.284 -97.8825
20.284 97.8825
20.285 -97.8894
20.285 97.8894
20.286 -97.8964
20.286 97.8964
20.287 -97.9033
20.287 97.9033
20.288 -97.9102
20.288 97.9102
20.289 -97.9171
20.289 97.9171
20.29 -97.9241
20.29 97.9241
20.291 -97.931
20.291 97.931
20.292 -97.9379
20.292 97.9379
20.293 -97.9448
20.293 97.9448
20.294 -97.9518
20.294 97.9518
20.295 -97.9587
20.295 97.9587
20.296 -97.9656
20.296 97.9656
20.297 -97.9726
20.297 97.9726
20.298 -97.9795
20.298 97.9795
20.299 -97.9864
20.299 97.9864
20.3 -97.9934
20.3 97.9934
20.301 -98.0003
20.301 98.0003
20.302 -98.0072
20.302 98.0072
20.303 -98.0141
20.303 98.0141
20.304 -98.0211
20.304 98.0211
20.305 -98.028
20.305 98.028
20.306 -98.0349
20.306 98.0349
20.307 -98.0419
20.307 98.0419
20.308 -98.0488
20.308 98.0488
20.309 -98.0557
20.309 98.0557
20.31 -98.0627
20.31 98.0627
20.311 -98.0696
20.311 98.0696
20.312 -98.0765
20.312 98.0765
20.313 -98.0834
20.313 98.0834
20.314 -98.0904
20.314 98.0904
20.315 -98.0973
20.315 98.0973
20.316 -98.1042
20.316 98.1042
20.317 -98.1112
20.317 98.1112
20.318 -98.1181
20.318 98.1181
20.319 -98.125
20.319 98.125
20.32 -98.132
20.32 98.132
20.321 -98.1389
20.321 98.1389
20.322 -98.1458
20.322 98.1458
20.323 -98.1528
20.323 98.1528
20.324 -98.1597
20.324 98.1597
20.325 -98.1666
20.325 98.1666
20.326 -98.1736
20.326 98.1736
20.327 -98.1805
20.327 98.1805
20.328 -98.1874
20.328 98.1874
20.329 -98.1944
20.329 98.1944
20.33 -98.2013
20.33 98.2013
20.331 -98.2082
20.331 98.2082
20.332 -98.2152
20.332 98.2152
20.333 -98.2221
20.333 98.2221
20.334 -98.229
20.334 98.229
20.335 -98.236
20.335 98.236
20.336 -98.2429
20.336 98.2429
20.337 -98.2499
20.337 98.2499
20.338 -98.2568
20.338 98.2568
20.339 -98.2637
20.339 98.2637
20.34 -98.2707
20.34 98.2707
20.341 -98.2776
20.341 98.2776
20.342 -98.2845
20.342 98.2845
20.343 -98.2915
20.343 98.2915
20.344 -98.2984
20.344 98.2984
20.345 -98.3053
20.345 98.3053
20.346 -98.3123
20.346 98.3123
20.347 -98.3192
20.347 98.3192
20.348 -98.3261
20.348 98.3261
20.349 -98.3331
20.349 98.3331
20.35 -98.34
20.35 98.34
20.351 -98.347
20.351 98.347
20.352 -98.3539
20.352 98.3539
20.353 -98.3608
20.353 98.3608
20.354 -98.3678
20.354 98.3678
20.355 -98.3747
20.355 98.3747
20.356 -98.3817
20.356 98.3817
20.357 -98.3886
20.357 98.3886
20.358 -98.3955
20.358 98.3955
20.359 -98.4025
20.359 98.4025
20.36 -98.4094
20.36 98.4094
20.361 -98.4163
20.361 98.4163
20.362 -98.4233
20.362 98.4233
20.363 -98.4302
20.363 98.4302
20.364 -98.4372
20.364 98.4372
20.365 -98.4441
20.365 98.4441
20.366 -98.451
20.366 98.451
20.367 -98.458
20.367 98.458
20.368 -98.4649
20.368 98.4649
20.369 -98.4719
20.369 98.4719
20.37 -98.4788
20.37 98.4788
20.371 -98.4857
20.371 98.4857
20.372 -98.4927
20.372 98.4927
20.373 -98.4996
20.373 98.4996
20.374 -98.5066
20.374 98.5066
20.375 -98.5135
20.375 98.5135
20.376 -98.5205
20.376 98.5205
20.377 -98.5274
20.377 98.5274
20.378 -98.5343
20.378 98.5343
20.379 -98.5413
20.379 98.5413
20.38 -98.5482
20.38 98.5482
20.381 -98.5552
20.381 98.5552
20.382 -98.5621
20.382 98.5621
20.383 -98.569
20.383 98.569
20.384 -98.576
20.384 98.576
20.385 -98.5829
20.385 98.5829
20.386 -98.5899
20.386 98.5899
20.387 -98.5968
20.387 98.5968
20.388 -98.6038
20.388 98.6038
20.389 -98.6107
20.389 98.6107
20.39 -98.6177
20.39 98.6177
20.391 -98.6246
20.391 98.6246
20.392 -98.6315
20.392 98.6315
20.393 -98.6385
20.393 98.6385
20.394 -98.6454
20.394 98.6454
20.395 -98.6524
20.395 98.6524
20.396 -98.6593
20.396 98.6593
20.397 -98.6663
20.397 98.6663
20.398 -98.6732
20.398 98.6732
20.399 -98.6802
20.399 98.6802
20.4 -98.6871
20.4 98.6871
20.401 -98.694
20.401 98.694
20.402 -98.701
20.402 98.701
20.403 -98.7079
20.403 98.7079
20.404 -98.7149
20.404 98.7149
20.405 -98.7218
20.405 98.7218
20.406 -98.7288
20.406 98.7288
20.407 -98.7357
20.407 98.7357
20.408 -98.7427
20.408 98.7427
20.409 -98.7496
20.409 98.7496
20.41 -98.7566
20.41 98.7566
20.411 -98.7635
20.411 98.7635
20.412 -98.7705
20.412 98.7705
20.413 -98.7774
20.413 98.7774
20.414 -98.7844
20.414 98.7844
20.415 -98.7913
20.415 98.7913
20.416 -98.7983
20.416 98.7983
20.417 -98.8052
20.417 98.8052
20.418 -98.8121
20.418 98.8121
20.419 -98.8191
20.419 98.8191
20.42 -98.826
20.42 98.826
20.421 -98.833
20.421 98.833
20.422 -98.8399
20.422 98.8399
20.423 -98.8469
20.423 98.8469
20.424 -98.8538
20.424 98.8538
20.425 -98.8608
20.425 98.8608
20.426 -98.8677
20.426 98.8677
20.427 -98.8747
20.427 98.8747
20.428 -98.8816
20.428 98.8816
20.429 -98.8886
20.429 98.8886
20.43 -98.8955
20.43 98.8955
20.431 -98.9025
20.431 98.9025
20.432 -98.9094
20.432 98.9094
20.433 -98.9164
20.433 98.9164
20.434 -98.9233
20.434 98.9233
20.435 -98.9303
20.435 98.9303
20.436 -98.9372
20.436 98.9372
20.437 -98.9442
20.437 98.9442
20.438 -98.9512
20.438 98.9512
20.439 -98.9581
20.439 98.9581
20.44 -98.9651
20.44 98.9651
20.441 -98.972
20.441 98.972
20.442 -98.979
20.442 98.979
20.443 -98.9859
20.443 98.9859
20.444 -98.9929
20.444 98.9929
20.445 -98.9998
20.445 98.9998
20.446 -99.0068
20.446 99.0068
20.447 -99.0137
20.447 99.0137
20.448 -99.0207
20.448 99.0207
20.449 -99.0276
20.449 99.0276
20.45 -99.0346
20.45 99.0346
20.451 -99.0415
20.451 99.0415
20.452 -99.0485
20.452 99.0485
20.453 -99.0554
20.453 99.0554
20.454 -99.0624
20.454 99.0624
20.455 -99.0694
20.455 99.0694
20.456 -99.0763
20.456 99.0763
20.457 -99.0833
20.457 99.0833
20.458 -99.0902
20.458 99.0902
20.459 -99.0972
20.459 99.0972
20.46 -99.1041
20.46 99.1041
20.461 -99.1111
20.461 99.1111
20.462 -99.118
20.462 99.118
20.463 -99.125
20.463 99.125
20.464 -99.132
20.464 99.132
20.465 -99.1389
20.465 99.1389
20.466 -99.1459
20.466 99.1459
20.467 -99.1528
20.467 99.1528
20.468 -99.1598
20.468 99.1598
20.469 -99.1667
20.469 99.1667
20.47 -99.1737
20.47 99.1737
20.471 -99.1806
20.471 99.1806
20.472 -99.1876
20.472 99.1876
20.473 -99.1946
20.473 99.1946
20.474 -99.2015
20.474 99.2015
20.475 -99.2085
20.475 99.2085
20.476 -99.2154
20.476 99.2154
20.477 -99.2224
20.477 99.2224
20.478 -99.2293
20.478 99.2293
20.479 -99.2363
20.479 99.2363
20.48 -99.2433
20.48 99.2433
20.481 -99.2502
20.481 99.2502
20.482 -99.2572
20.482 99.2572
20.483 -99.2641
20.483 99.2641
20.484 -99.2711
20.484 99.2711
20.485 -99.2781
20.485 99.2781
20.486 -99.285
20.486 99.285
20.487 -99.292
20.487 99.292
20.488 -99.2989
20.488 99.2989
20.489 -99.3059
20.489 99.3059
20.49 -99.3129
20.49 99.3129
20.491 -99.3198
20.491 99.3198
20.492 -99.3268
20.492 99.3268
20.493 -99.3337
20.493 99.3337
20.494 -99.3407
20.494 99.3407
20.495 -99.3477
20.495 99.3477
20.496 -99.3546
20.496 99.3546
20.497 -99.3616
20.497 99.3616
20.498 -99.3685
20.498 99.3685
20.499 -99.3755
20.499 99.3755
20.5 -99.3825
20.5 99.3825
20.501 -99.3894
20.501 99.3894
20.502 -99.3964
20.502 99.3964
20.503 -99.4034
20.503 99.4034
20.504 -99.4103
20.504 99.4103
20.505 -99.4173
20.505 99.4173
20.506 -99.4242
20.506 99.4242
20.507 -99.4312
20.507 99.4312
20.508 -99.4382
20.508 99.4382
20.509 -99.4451
20.509 99.4451
20.51 -99.4521
20.51 99.4521
20.511 -99.4591
20.511 99.4591
20.512 -99.466
20.512 99.466
20.513 -99.473
20.513 99.473
20.514 -99.4799
20.514 99.4799
20.515 -99.4869
20.515 99.4869
20.516 -99.4939
20.516 99.4939
20.517 -99.5008
20.517 99.5008
20.518 -99.5078
20.518 99.5078
20.519 -99.5148
20.519 99.5148
20.52 -99.5217
20.52 99.5217
20.521 -99.5287
20.521 99.5287
20.522 -99.5357
20.522 99.5357
20.523 -99.5426
20.523 99.5426
20.524 -99.5496
20.524 99.5496
20.525 -99.5566
20.525 99.5566
20.526 -99.5635
20.526 99.5635
20.527 -99.5705
20.527 99.5705
20.528 -99.5775
20.528 99.5775
20.529 -99.5844
20.529 99.5844
20.53 -99.5914
20.53 99.5914
20.531 -99.5984
20.531 99.5984
20.532 -99.6053
20.532 99.6053
20.533 -99.6123
20.533 99.6123
20.534 -99.6193
20.534 99.6193
20.535 -99.6262
20.535 99.6262
20.536 -99.6332
20.536 99.6332
20.537 -99.6402
20.537 99.6402
20.538 -99.6471
20.538 99.6471
20.539 -99.6541
20.539 99.6541
20.54 -99.6611
20.54 99.6611
20.541 -99.668
20.541 99.668
20.542 -99.675
20.542 99.675
20.543 -99.682
20.543 99.682
20.544 -99.6889
20.544 99.6889
20.545 -99.6959
20.545 99.6959
20.546 -99.7029
20.546 99.7029
20.547 -99.7098
20.547 99.7098
20.548 -99.7168
20.548 99.7168
20.549 -99.7238
20.549 99.7238
20.55 -99.7308
20.55 99.7308
20.551 -99.7377
20.551 99.7377
20.552 -99.7447
20.552 99.7447
20.553 -99.7517
20.553 99.7517
20.554 -99.7586
20.554 99.7586
20.555 -99.7656
20.555 99.7656
20.556 -99.7726
20.556 99.7726
20.557 -99.7795
20.557 99.7795
20.558 -99.7865
20.558 99.7865
20.559 -99.7935
20.559 99.7935
20.56 -99.8005
20.56 99.8005
20.561 -99.8074
20.561 99.8074
20.562 -99.8144
20.562 99.8144
20.563 -99.8214
20.563 99.8214
20.564 -99.8283
20.564 99.8283
20.565 -99.8353
20.565 99.8353
20.566 -99.8423
20.566 99.8423
20.567 -99.8493
20.567 99.8493
20.568 -99.8562
20.568 99.8562
20.569 -99.8632
20.569 99.8632
20.57 -99.8702
20.57 99.8702
20.571 -99.8772
20.571 99.8772
20.572 -99.8841
20.572 99.8841
20.573 -99.8911
20.573 99.8911
20.574 -99.8981
20.574 99.8981
20.575 -99.9051
20.575 99.9051
20.576 -99.912
20.576 99.912
20.577 -99.919
20.577 99.919
20.578 -99.926
20.578 99.926
20.579 -99.9329
20.579 99.9329
20.58 -99.9399
20.58 99.9399
20.581 -99.9469
20.581 99.9469
20.582 -99.9539
20.582 99.9539
20.583 -99.9608
20.583 99.9608
20.584 -99.9678
20.584 99.9678
20.585 -99.9748
20.585 99.9748
20.586 -99.9818
20.586 99.9818
20.587 -99.9887
20.587 99.9887
20.588 -99.9957
20.588 99.9957
20.589 -100.003
20.589 100.003
20.59 -100.01
20.59 100.01
20.591 -100.017
20.591 100.017
20.592 -100.024
20.592 100.024
20.593 -100.031
20.593 100.031
20.594 -100.038
20.594 100.038
20.595 -100.045
20.595 100.045
20.596 -100.052
20.596 100.052
20.597 -100.059
20.597 100.059
20.598 -100.065
20.598 100.065
20.599 -100.072
20.599 100.072
20.6 -100.079
20.6 100.079
20.601 -100.086
20.601 100.086
20.602 -100.093
20.602 100.093
20.603 -100.1
20.603 100.1
20.604 -100.107
20.604 100.107
20.605 -100.114
20.605 100.114
20.606 -100.121
20.606 100.121
20.607 -100.128
20.607 100.128
20.608 -100.135
20.608 100.135
20.609 -100.142
20.609 100.142
20.61 -100.149
20.61 100.149
20.611 -100.156
20.611 100.156
20.612 -100.163
20.612 100.163
20.613 -100.17
20.613 100.17
20.614 -100.177
20.614 100.177
20.615 -100.184
20.615 100.184
20.616 -100.191
20.616 100.191
20.617 -100.198
20.617 100.198
20.618 -100.205
20.618 100.205
20.619 -100.212
20.619 100.212
20.62 -100.219
20.62 100.219
20.621 -100.226
20.621 100.226
20.622 -100.233
20.622 100.233
20.623 -100.24
20.623 100.24
20.624 -100.247
20.624 100.247
20.625 -100.254
20.625 100.254
20.626 -100.261
20.626 100.261
20.627 -100.268
20.627 100.268
20.628 -100.275
20.628 100.275
20.629 -100.282
20.629 100.282
20.63 -100.289
20.63 100.289
20.631 -100.296
20.631 100.296
20.632 -100.303
20.632 100.303
20.633 -100.31
20.633 100.31
20.634 -100.317
20.634 100.317
20.635 -100.324
20.635 100.324
20.636 -100.331
20.636 100.331
20.637 -100.338
20.637 100.338
20.638 -100.345
20.638 100.345
20.639 -100.352
20.639 100.352
20.64 -100.359
20.64 100.359
20.641 -100.366
20.641 100.366
20.642 -100.373
20.642 100.373
20.643 -100.38
20.643 100.38
20.644 -100.387
20.644 100.387
20.645 -100.394
20.645 100.394
20.646 -100.401
20.646 100.401
20.647 -100.408
20.647 100.408
20.648 -100.415
20.648 100.415
20.649 -100.422
20.649 100.422
20.65 -100.429
20.65 100.429
20.651 -100.436
20.651 100.436
20.652 -100.443
20.652 100.443
20.653 -100.45
20.653 100.45
20.654 -100.456
20.654 100.456
20.655 -100.463
20.655 100.463
20.656 -100.47
20.656 100.47
20.657 -100.477
20.657 100.477
20.658 -100.484
20.658 100.484
20.659 -100.491
20.659 100.491
20.66 -100.498
20.66 100.498
20.661 -100.505
20.661 100.505
20.662 -100.512
20.662 100.512
20.663 -100.519
20.663 100.519
20.664 -100.526
20.664 100.526
20.665 -100.533
20.665 100.533
20.666 -100.54
20.666 100.54
20.667 -100.547
20.667 100.547
20.668 -100.554
20.668 100.554
20.669 -100.561
20.669 100.561
20.67 -100.568
20.67 100.568
20.671 -100.575
20.671 100.575
20.672 -100.582
20.672 100.582
20.673 -100.589
20.673 100.589
20.674 -100.596
20.674 100.596
20.675 -100.603
20.675 100.603
20.676 -100.61
20.676 100.61
20.677 -100.617
20.677 100.617
20.678 -100.624
20.678 100.624
20.679 -100.631
20.679 100.631
20.68 -100.638
20.68 100.638
20.681 -100.645
20.681 100.645
20.682 -100.652
20.682 100.652
20.683 -100.659
20.683 100.659
20.684 -100.666
20.684 100.666
20.685 -100.673
20.685 100.673
20.686 -100.68
20.686 100.68
20.687 -100.687
20.687 100.687
20.688 -100.694
20.688 100.694
20.689 -100.701
20.689 100.701
20.69 -100.708
20.69 100.708
20.691 -100.715
20.691 100.715
20.692 -100.722
20.692 100.722
20.693 -100.729
20.693 100.729
20.694 -100.736
20.694 100.736
20.695 -100.743
20.695 100.743
20.696 -100.75
20.696 100.75
20.697 -100.757
20.697 100.757
20.698 -100.764
20.698 100.764
20.699 -100.771
20.699 100.771
20.7 -100.778
20.7 100.778
20.701 -100.785
20.701 100.785
20.702 -100.792
20.702 100.792
20.703 -100.799
20.703 100.799
20.704 -100.806
20.704 100.806
20.705 -100.813
20.705 100.813
20.706 -100.82
20.706 100.82
20.707 -100.827
20.707 100.827
20.708 -100.834
20.708 100.834
20.709 -100.841
20.709 100.841
20.71 -100.848
20.71 100.848
20.711 -100.855
20.711 100.855
20.712 -100.862
20.712 100.862
20.713 -100.869
20.713 100.869
20.714 -100.876
20.714 100.876
20.715 -100.883
20.715 100.883
20.716 -100.89
20.716 100.89
20.717 -100.897
20.717 100.897
20.718 -100.904
20.718 100.904
20.719 -100.911
20.719 100.911
20.72 -100.918
20.72 100.918
20.721 -100.925
20.721 100.925
20.722 -100.932
20.722 100.932
20.723 -100.939
20.723 100.939
20.724 -100.946
20.724 100.946
20.725 -100.953
20.725 100.953
20.726 -100.96
20.726 100.96
20.727 -100.967
20.727 100.967
20.728 -100.974
20.728 100.974
20.729 -100.981
20.729 100.981
20.73 -100.988
20.73 100.988
20.731 -100.995
20.731 100.995
20.732 -101.002
20.732 101.002
20.733 -101.009
20.733 101.009
20.734 -101.016
20.734 101.016
20.735 -101.023
20.735 101.023
20.736 -101.03
20.736 101.03
20.737 -101.037
20.737 101.037
20.738 -101.044
20.738 101.044
20.739 -101.051
20.739 101.051
20.74 -101.058
20.74 101.058
20.741 -101.065
20.741 101.065
20.742 -101.072
20.742 101.072
20.743 -101.079
20.743 101.079
20.744 -101.086
20.744 101.086
20.745 -101.093
20.745 101.093
20.746 -101.1
20.746 101.1
20.747 -101.107
20.747 101.107
20.748 -101.114
20.748 101.114
20.749 -101.121
20.749 101.121
20.75 -101.128
20.75 101.128
20.751 -101.135
20.751 101.135
20.752 -101.142
20.752 101.142
20.753 -101.149
20.753 101.149
20.754 -101.156
20.754 101.156
20.755 -101.163
20.755 101.163
20.756 -101.17
20.756 101.17
20.757 -101.177
20.757 101.177
20.758 -101.184
20.758 101.184
20.759 -101.191
20.759 101.191
20.76 -101.198
20.76 101.198
20.761 -101.205
20.761 101.205
20.762 -101.212
20.762 101.212
20.763 -101.219
20.763 101.219
20.764 -101.226
20.764 101.226
20.765 -101.233
20.765 101.233
20.766 -101.24
20.766 101.24
20.767 -101.247
20.767 101.247
20.768 -101.254
20.768 101.254
20.769 -101.261
20.769 101.261
20.77 -101.268
20.77 101.268
20.771 -101.275
20.771 101.275
20.772 -101.282
20.772 101.282
20.773 -101.289
20.773 101.289
20.774 -101.296
20.774 101.296
20.775 -101.303
20.775 101.303
20.776 -101.31
20.776 101.31
20.777 -101.317
20.777 101.317
20.778 -101.324
20.778 101.324
20.779 -101.331
20.779 101.331
20.78 -101.338
20.78 101.338
20.781 -101.345
20.781 101.345
20.782 -101.352
20.782 101.352
20.783 -101.359
20.783 101.359
20.784 -101.366
20.784 101.366
20.785 -101.373
20.785 101.373
20.786 -101.38
20.786 101.38
20.787 -101.387
20.787 101.387
20.788 -101.394
20.788 101.394
20.789 -101.401
20.789 101.401
20.79 -101.408
20.79 101.408
20.791 -101.415
20.791 101.415
20.792 -101.422
20.792 101.422
20.793 -101.429
20.793 101.429
20.794 -101.436
20.794 101.436
20.795 -101.443
20.795 101.443
20.796 -101.45
20.796 101.45
20.797 -101.457
20.797 101.457
20.798 -101.464
20.798 101.464
20.799 -101.471
20.799 101.471
20.8 -101.478
20.8 101.478
20.801 -101.485
20.801 101.485
20.802 -101.492
20.802 101.492
20.803 -101.499
20.803 101.499
20.804 -101.506
20.804 101.506
20.805 -101.513
20.805 101.513
20.806 -101.52
20.806 101.52
20.807 -101.527
20.807 101.527
20.808 -101.534
20.808 101.534
20.809 -101.541
20.809 101.541
20.81 -101.548
20.81 101.548
20.811 -101.555
20.811 101.555
20.812 -101.562
20.812 101.562
20.813 -101.569
20.813 101.569
20.814 -101.576
20.814 101.576
20.815 -101.583
20.815 101.583
20.816 -101.59
20.816 101.59
20.817 -101.597
20.817 101.597
20.818 -101.604
20.818 101.604
20.819 -101.611
20.819 101.611
20.82 -101.618
20.82 101.618
20.821 -101.625
20.821 101.625
20.822 -101.632
20.822 101.632
20.823 -101.64
20.823 101.64
20.824 -101.647
20.824 101.647
20.825 -101.654
20.825 101.654
20.826 -101.661
20.826 101.661
20.827 -101.668
20.827 101.668
20.828 -101.675
20.828 101.675
20.829 -101.682
20.829 101.682
20.83 -101.689
20.83 101.689
20.831 -101.696
20.831 101.696
20.832 -101.703
20.832 101.703
20.833 -101.71
20.833 101.71
20.834 -101.717
20.834 101.717
20.835 -101.724
20.835 101.724
20.836 -101.731
20.836 101.731
20.837 -101.738
20.837 101.738
20.838 -101.745
20.838 101.745
20.839 -101.752
20.839 101.752
20.84 -101.759
20.84 101.759
20.841 -101.766
20.841 101.766
20.842 -101.773
20.842 101.773
20.843 -101.78
20.843 101.78
20.844 -101.787
20.844 101.787
20.845 -101.794
20.845 101.794
20.846 -101.801
20.846 101.801
20.847 -101.808
20.847 101.808
20.848 -101.815
20.848 101.815
20.849 -101.822
20.849 101.822
20.85 -101.829
20.85 101.829
20.851 -101.836
20.851 101.836
20.852 -101.843
20.852 101.843
20.853 -101.85
20.853 101.85
20.854 -101.857
20.854 101.857
20.855 -101.864
20.855 101.864
20.856 -101.871
20.856 101.871
20.857 -101.878
20.857 101.878
20.858 -101.885
20.858 101.885
20.859 -101.892
20.859 101.892
20.86 -101.899
20.86 101.899
20.861 -101.906
20.861 101.906
20.862 -101.913
20.862 101.913
20.863 -101.92
20.863 101.92
20.864 -101.927
20.864 101.927
20.865 -101.934
20.865 101.934
20.866 -101.941
20.866 101.941
20.867 -101.948
20.867 101.948
20.868 -101.955
20.868 101.955
20.869 -101.962
20.869 101.962
20.87 -101.969
20.87 101.969
20.871 -101.976
20.871 101.976
20.872 -101.983
20.872 101.983
20.873 -101.99
20.873 101.99
20.874 -101.997
20.874 101.997
20.875 -102.004
20.875 102.004
20.876 -102.011
20.876 102.011
20.877 -102.018
20.877 102.018
20.878 -102.025
20.878 102.025
20.879 -102.033
20.879 102.033
20.88 -102.04
20.88 102.04
20.881 -102.047
20.881 102.047
20.882 -102.054
20.882 102.054
20.883 -102.061
20.883 102.061
20.884 -102.068
20.884 102.068
20.885 -102.075
20.885 102.075
20.886 -102.082
20.886 102.082
20.887 -102.089
20.887 102.089
20.888 -102.096
20.888 102.096
20.889 -102.103
20.889 102.103
20.89 -102.11
20.89 102.11
20.891 -102.117
20.891 102.117
20.892 -102.124
20.892 102.124
20.893 -102.131
20.893 102.131
20.894 -102.138
20.894 102.138
20.895 -102.145
20.895 102.145
20.896 -102.152
20.896 102.152
20.897 -102.159
20.897 102.159
20.898 -102.166
20.898 102.166
20.899 -102.173
20.899 102.173
20.9 -102.18
20.9 102.18
20.901 -102.187
20.901 102.187
20.902 -102.194
20.902 102.194
20.903 -102.201
20.903 102.201
20.904 -102.208
20.904 102.208
20.905 -102.215
20.905 102.215
20.906 -102.222
20.906 102.222
20.907 -102.229
20.907 102.229
20.908 -102.236
20.908 102.236
20.909 -102.243
20.909 102.243
20.91 -102.25
20.91 102.25
20.911 -102.257
20.911 102.257
20.912 -102.264
20.912 102.264
20.913 -102.271
20.913 102.271
20.914 -102.278
20.914 102.278
20.915 -102.285
20.915 102.285
20.916 -102.292
20.916 102.292
20.917 -102.299
20.917 102.299
20.918 -102.307
20.918 102.307
20.919 -102.314
20.919 102.314
20.92 -102.321
20.92 102.321
20.921 -102.328
20.921 102.328
20.922 -102.335
20.922 102.335
20.923 -102.342
20.923 102.342
20.924 -102.349
20.924 102.349
20.925 -102.356
20.925 102.356
20.926 -102.363
20.926 102.363
20.927 -102.37
20.927 102.37
20.928 -102.377
20.928 102.377
20.929 -102.384
20.929 102.384
20.93 -102.391
20.93 102.391
20.931 -102.398
20.931 102.398
20.932 -102.405
20.932 102.405
20.933 -102.412
20.933 102.412
20.934 -102.419
20.934 102.419
20.935 -102.426
20.935 102.426
20.936 -102.433
20.936 102.433
20.937 -102.44
20.937 102.44
20.938 -102.447
20.938 102.447
20.939 -102.454
20.939 102.454
20.94 -102.461
20.94 102.461
20.941 -102.468
20.941 102.468
20.942 -102.475
20.942 102.475
20.943 -102.482
20.943 102.482
20.944 -102.489
20.944 102.489
20.945 -102.496
20.945 102.496
20.946 -102.503
20.946 102.503
20.947 -102.51
20.947 102.51
20.948 -102.517
20.948 102.517
20.949 -102.524
20.949 102.524
20.95 -102.532
20.95 102.532
20.951 -102.539
20.951 102.539
20.952 -102.546
20.952 102.546
20.953 -102.553
20.953 102.553
20.954 -102.56
20.954 102.56
20.955 -102.567
20.955 102.567
20.956 -102.574
20.956 102.574
20.957 -102.581
20.957 102.581
20.958 -102.588
20.958 102.588
20.959 -102.595
20.959 102.595
20.96 -102.602
20.96 102.602
20.961 -102.609
20.961 102.609
20.962 -102.616
20.962 102.616
20.963 -102.623
20.963 102.623
20.964 -102.63
20.964 102.63
20.965 -102.637
20.965 102.637
20.966 -102.644
20.966 102.644
20.967 -102.651
20.967 102.651
20.968 -102.658
20.968 102.658
20.969 -102.665
20.969 102.665
20.97 -102.672
20.97 102.672
20.971 -102.679
20.971 102.679
20.972 -102.686
20.972 102.686
20.973 -102.693
20.973 102.693
20.974 -102.7
20.974 102.7
20.975 -102.707
20.975 102.707
20.976 -102.714
20.976 102.714
20.977 -102.722
20.977 102.722
20.978 -102.729
20.978 102.729
20.979 -102.736
20.979 102.736
20.98 -102.743
20.98 102.743
20.981 -102.75
20.981 102.75
20.982 -102.757
20.982 102.757
20.983 -102.764
20.983 102.764
20.984 -102.771
20.984 102.771
20.985 -102.778
20.985 102.778
20.986 -102.785
20.986 102.785
20.987 -102.792
20.987 102.792
20.988 -102.799
20.988 102.799
20.989 -102.806
20.989 102.806
20.99 -102.813
20.99 102.813
20.991 -102.82
20.991 102.82
20.992 -102.827
20.992 102.827
20.993 -102.834
20.993 102.834
20.994 -102.841
20.994 102.841
20.995 -102.848
20.995 102.848
20.996 -102.855
20.996 102.855
20.997 -102.862
20.997 102.862
20.998 -102.869
20.998 102.869
20.999 -102.876
20.999 102.876
21 -102.883
21 102.883
21.001 -102.89
21.001 102.89
21.002 -102.898
21.002 102.898
21.003 -102.905
21.003 102.905
21.004 -102.912
21.004 102.912
21.005 -102.919
21.005 102.919
21.006 -102.926
21.006 102.926
21.007 -102.933
21.007 102.933
21.008 -102.94
21.008 102.94
21.009 -102.947
21.009 102.947
21.01 -102.954
21.01 102.954
21.011 -102.961
21.011 102.961
21.012 -102.968
21.012 102.968
21.013 -102.975
21.013 102.975
21.014 -102.982
21.014 102.982
21.015 -102.989
21.015 102.989
21.016 -102.996
21.016 102.996
21.017 -103.003
21.017 103.003
21.018 -103.01
21.018 103.01
21.019 -103.017
21.019 103.017
21.02 -103.024
21.02 103.024
21.021 -103.031
21.021 103.031
21.022 -103.038
21.022 103.038
21.023 -103.045
21.023 103.045
21.024 -103.052
21.024 103.052
21.025 -103.06
21.025 103.06
21.026 -103.067
21.026 103.067
21.027 -103.074
21.027 103.074
21.028 -103.081
21.028 103.081
21.029 -103.088
21.029 103.088
21.03 -103.095
21.03 103.095
21.031 -103.102
21.031 103.102
21.032 -103.109
21.032 103.109
21.033 -103.116
21.033 103.116
21.034 -103.123
21.034 103.123
21.035 -103.13
21.035 103.13
21.036 -103.137
21.036 103.137
21.037 -103.144
21.037 103.144
21.038 -103.151
21.038 103.151
21.039 -103.158
21.039 103.158
21.04 -103.165
21.04 103.165
21.041 -103.172
21.041 103.172
21.042 -103.179
21.042 103.179
21.043 -103.186
21.043 103.186
21.044 -103.193
21.044 103.193
21.045 -103.2
21.045 103.2
21.046 -103.208
21.046 103.208
21.047 -103.215
21.047 103.215
21.048 -103.222
21.048 103.222
21.049 -103.229
21.049 103.229
21.05 -103.236
21.05 103.236
21.051 -103.243
21.051 103.243
21.052 -103.25
21.052 103.25
21.053 -103.257
21.053 103.257
21.054 -103.264
21.054 103.264
21.055 -103.271
21.055 103.271
21.056 -103.278
21.056 103.278
21.057 -103.285
21.057 103.285
21.058 -103.292
21.058 103.292
21.059 -103.299
21.059 103.299
21.06 -103.306
21.06 103.306
21.061 -103.313
21.061 103.313
21.062 -103.32
21.062 103.32
21.063 -103.327
21.063 103.327
21.064 -103.334
21.064 103.334
21.065 -103.341
21.065 103.341
21.066 -103.349
21.066 103.349
21.067 -103.356
21.067 103.356
21.068 -103.363
21.068 103.363
21.069 -103.37
21.069 103.37
21.07 -103.377
21.07 103.377
21.071 -103.384
21.071 103.384
21.072 -103.391
21.072 103.391
21.073 -103.398
21.073 103.398
21.074 -103.405
21.074 103.405
21.075 -103.412
21.075 103.412
21.076 -103.419
21.076 103.419
21.077 -103.426
21.077 103.426
21.078 -103.433
21.078 103.433
21.079 -103.44
21.079 103.44
21.08 -103.447
21.08 103.447
21.081 -103.454
21.081 103.454
21.082 -103.461
21.082 103.461
21.083 -103.468
21.083 103.468
21.084 -103.476
21.084 103.476
21.085 -103.483
21.085 103.483
21.086 -103.49
21.086 103.49
21.087 -103.497
21.087 103.497
21.088 -103.504
21.088 103.504
21.089 -103.511
21.089 103.511
21.09 -103.518
21.09 103.518
21.091 -103.525
21.091 103.525
21.092 -103.532
21.092 103.532
21.093 -103.539
21.093 103.539
21.094 -103.546
21.094 103.546
21.095 -103.553
21.095 103.553
21.096 -103.56
21.096 103.56
21.097 -103.567
21.097 103.567
21.098 -103.574
21.098 103.574
21.099 -103.581
21.099 103.581
21.1 -103.588
21.1 103.588
21.101 -103.595
21.101 103.595
21.102 -103.603
21.102 103.603
21.103 -103.61
21.103 103.61
21.104 -103.617
21.104 103.617
21.105 -103.624
21.105 103.624
21.106 -103.631
21.106 103.631
21.107 -103.638
21.107 103.638
21.108 -103.645
21.108 103.645
21.109 -103.652
21.109 103.652
21.11 -103.659
21.11 103.659
21.111 -103.666
21.111 103.666
21.112 -103.673
21.112 103.673
21.113 -103.68
21.113 103.68
21.114 -103.687
21.114 103.687
21.115 -103.694
21.115 103.694
21.116 -103.701
21.116 103.701
21.117 -103.708
21.117 103.708
21.118 -103.715
21.118 103.715
21.119 -103.723
21.119 103.723
21.12 -103.73
21.12 103.73
21.121 -103.737
21.121 103.737
21.122 -103.744
21.122 103.744
21.123 -103.751
21.123 103.751
21.124 -103.758
21.124 103.758
21.125 -103.765
21.125 103.765
21.126 -103.772
21.126 103.772
21.127 -103.779
21.127 103.779
21.128 -103.786
21.128 103.786
21.129 -103.793
21.129 103.793
21.13 -103.8
21.13 103.8
21.131 -103.807
21.131 103.807
21.132 -103.814
21.132 103.814
21.133 -103.821
21.133 103.821
21.134 -103.828
21.134 103.828
21.135 -103.836
21.135 103.836
21.136 -103.843
21.136 103.843
21.137 -103.85
21.137 103.85
21.138 -103.857
21.138 103.857
21.139 -103.864
21.139 103.864
21.14 -103.871
21.14 103.871
21.141 -103.878
21.141 103.878
21.142 -103.885
21.142 103.885
21.143 -103.892
21.143 103.892
21.144 -103.899
21.144 103.899
21.145 -103.906
21.145 103.906
21.146 -103.913
21.146 103.913
21.147 -103.92
21.147 103.92
21.148 -103.927
21.148 103.927
21.149 -103.934
21.149 103.934
21.15 -103.942
21.15 103.942
21.151 -103.949
21.151 103.949
21.152 -103.956
21.152 103.956
21.153 -103.963
21.153 103.963
21.154 -103.97
21.154 103.97
21.155 -103.977
21.155 103.977
21.156 -103.984
21.156 103.984
21.157 -103.991
21.157 103.991
21.158 -103.998
21.158 103.998
21.159 -104.005
21.159 104.005
21.16 -104.012
21.16 104.012
21.161 -104.019
21.161 104.019
21.162 -104.026
21.162 104.026
21.163 -104.033
21.163 104.033
21.164 -104.04
21.164 104.04
21.165 -104.048
21.165 104.048
21.166 -104.055
21.166 104.055
21.167 -104.062
21.167 104.062
21.168 -104.069
21.168 104.069
21.169 -104.076
21.169 104.076
21.17 -104.083
21.17 104.083
21.171 -104.09
21.171 104.09
21.172 -104.097
21.172 104.097
21.173 -104.104
21.173 104.104
21.174 -104.111
21.174 104.111
21.175 -104.118
21.175 104.118
21.176 -104.125
21.176 104.125
21.177 -104.132
21.177 104.132
21.178 -104.139
21.178 104.139
21.179 -104.146
21.179 104.146
21.18 -104.154
21.18 104.154
21.181 -104.161
21.181 104.161
21.182 -104.168
21.182 104.168
21.183 -104.175
21.183 104.175
21.184 -104.182
21.184 104.182
21.185 -104.189
21.185 104.189
21.186 -104.196
21.186 104.196
21.187 -104.203
21.187 104.203
21.188 -104.21
21.188 104.21
21.189 -104.217
21.189 104.217
21.19 -104.224
21.19 104.224
21.191 -104.231
21.191 104.231
21.192 -104.238
21.192 104.238
21.193 -104.245
21.193 104.245
21.194 -104.253
21.194 104.253
21.195 -104.26
21.195 104.26
21.196 -104.267
21.196 104.267
21.197 -104.274
21.197 104.274
21.198 -104.281
21.198 104.281
21.199 -104.288
21.199 104.288
21.2 -104.295
21.2 104.295
21.201 -104.302
21.201 104.302
21.202 -104.309
21.202 104.309
21.203 -104.316
21.203 104.316
21.204 -104.323
21.204 104.323
21.205 -104.33
21.205 104.33
21.206 -104.337
21.206 104.337
21.207 -104.345
21.207 104.345
21.208 -104.352
21.208 104.352
21.209 -104.359
21.209 104.359
21.21 -104.366
21.21 104.366
21.211 -104.373
21.211 104.373
21.212 -104.38
21.212 104.38
21.213 -104.387
21.213 104.387
21.214 -104.394
21.214 104.394
21.215 -104.401
21.215 104.401
21.216 -104.408
21.216 104.408
21.217 -104.415
21.217 104.415
21.218 -104.422
21.218 104.422
21.219 -104.429
21.219 104.429
21.22 -104.437
21.22 104.437
21.221 -104.444
21.221 104.444
21.222 -104.451
21.222 104.451
21.223 -104.458
21.223 104.458
21.224 -104.465
21.224 104.465
21.225 -104.472
21.225 104.472
21.226 -104.479
21.226 104.479
21.227 -104.486
21.227 104.486
21.228 -104.493
21.228 104.493
21.229 -104.5
21.229 104.5
21.23 -104.507
21.23 104.507
21.231 -104.514
21.231 104.514
21.232 -104.521
21.232 104.521
21.233 -104.529
21.233 104.529
21.234 -104.536
21.234 104.536
21.235 -104.543
21.235 104.543
21.236 -104.55
21.236 104.55
21.237 -104.557
21.237 104.557
21.238 -104.564
21.238 104.564
21.239 -104.571
21.239 104.571
21.24 -104.578
21.24 104.578
21.241 -104.585
21.241 104.585
21.242 -104.592
21.242 104.592
21.243 -104.599
21.243 104.599
21.244 -104.606
21.244 104.606
21.245 -104.613
21.245 104.613
21.246 -104.621
21.246 104.621
21.247 -104.628
21.247 104.628
21.248 -104.635
21.248 104.635
21.249 -104.642
21.249 104.642
21.25 -104.649
21.25 104.649
21.251 -104.656
21.251 104.656
21.252 -104.663
21.252 104.663
21.253 -104.67
21.253 104.67
21.254 -104.677
21.254 104.677
21.255 -104.684
21.255 104.684
21.256 -104.691
21.256 104.691
21.257 -104.698
21.257 104.698
21.258 -104.706
21.258 104.706
21.259 -104.713
21.259 104.713
21.26 -104.72
21.26 104.72
21.261 -104.727
21.261 104.727
21.262 -104.734
21.262 104.734
21.263 -104.741
21.263 104.741
21.264 -104.748
21.264 104.748
21.265 -104.755
21.265 104.755
21.266 -104.762
21.266 104.762
21.267 -104.769
21.267 104.769
21.268 -104.776
21.268 104.776
21.269 -104.783
21.269 104.783
21.27 -104.791
21.27 104.791
21.271 -104.798
21.271 104.798
21.272 -104.805
21.272 104.805
21.273 -104.812
21.273 104.812
21.274 -104.819
21.274 104.819
21.275 -104.826
21.275 104.826
21.276 -104.833
21.276 104.833
21.277 -104.84
21.277 104.84
21.278 -104.847
21.278 104.847
21.279 -104.854
21.279 104.854
21.28 -104.861
21.28 104.861
21.281 -104.869
21.281 104.869
21.282 -104.876
21.282 104.876
21.283 -104.883
21.283 104.883
21.284 -104.89
21.284 104.89
21.285 -104.897
21.285 104.897
21.286 -104.904
21.286 104.904
21.287 -104.911
21.287 104.911
21.288 -104.918
21.288 104.918
21.289 -104.925
21.289 104.925
21.29 -104.932
21.29 104.932
21.291 -104.939
21.291 104.939
21.292 -104.946
21.292 104.946
21.293 -104.954
21.293 104.954
21.294 -104.961
21.294 104.961
21.295 -104.968
21.295 104.968
21.296 -104.975
21.296 104.975
21.297 -104.982
21.297 104.982
21.298 -104.989
21.298 104.989
21.299 -104.996
21.299 104.996
21.3 -105.003
21.3 105.003
21.301 -105.01
21.301 105.01
21.302 -105.017
21.302 105.017
21.303 -105.024
21.303 105.024
21.304 -105.032
21.304 105.032
21.305 -105.039
21.305 105.039
21.306 -105.046
21.306 105.046
21.307 -105.053
21.307 105.053
21.308 -105.06
21.308 105.06
21.309 -105.067
21.309 105.067
21.31 -105.074
21.31 105.074
21.311 -105.081
21.311 105.081
21.312 -105.088
21.312 105.088
21.313 -105.095
21.313 105.095
21.314 -105.102
21.314 105.102
21.315 -105.11
21.315 105.11
21.316 -105.117
21.316 105.117
21.317 -105.124
21.317 105.124
21.318 -105.131
21.318 105.131
21.319 -105.138
21.319 105.138
21.32 -105.145
21.32 105.145
21.321 -105.152
21.321 105.152
21.322 -105.159
21.322 105.159
21.323 -105.166
21.323 105.166
21.324 -105.173
21.324 105.173
21.325 -105.18
21.325 105.18
21.326 -105.188
21.326 105.188
21.327 -105.195
21.327 105.195
21.328 -105.202
21.328 105.202
21.329 -105.209
21.329 105.209
21.33 -105.216
21.33 105.216
21.331 -105.223
21.331 105.223
21.332 -105.23
21.332 105.23
21.333 -105.237
21.333 105.237
21.334 -105.244
21.334 105.244
21.335 -105.251
21.335 105.251
21.336 -105.259
21.336 105.259
21.337 -105.266
21.337 105.266
21.338 -105.273
21.338 105.273
21.339 -105.28
21.339 105.28
21.34 -105.287
21.34 105.287
21.341 -105.294
21.341 105.294
21.342 -105.301
21.342 105.301
21.343 -105.308
21.343 105.308
21.344 -105.315
21.344 105.315
21.345 -105.322
21.345 105.322
21.346 -105.329
21.346 105.329
21.347 -105.337
21.347 105.337
21.348 -105.344
21.348 105.344
21.349 -105.351
21.349 105.351
21.35 -105.358
21.35 105.358
21.351 -105.365
21.351 105.365
21.352 -105.372
21.352 105.372
21.353 -105.379
21.353 105.379
21.354 -105.386
21.354 105.386
21.355 -105.393
21.355 105.393
21.356 -105.4
21.356 105.4
21.357 -105.408
21.357 105.408
21.358 -105.415
21.358 105.415
21.359 -105.422
21.359 105.422
21.36 -105.429
21.36 105.429
21.361 -105.436
21.361 105.436
21.362 -105.443
21.362 105.443
21.363 -105.45
21.363 105.45
21.364 -105.457
21.364 105.457
21.365 -105.464
21.365 105.464
21.366 -105.471
21.366 105.471
21.367 -105.479
21.367 105.479
21.368 -105.486
21.368 105.486
21.369 -105.493
21.369 105.493
21.37 -105.5
21.37 105.5
21.371 -105.507
21.371 105.507
21.372 -105.514
21.372 105.514
21.373 -105.521
21.373 105.521
21.374 -105.528
21.374 105.528
21.375 -105.535
21.375 105.535
21.376 -105.542
21.376 105.542
21.377 -105.55
21.377 105.55
21.378 -105.557
21.378 105.557
21.379 -105.564
21.379 105.564
21.38 -105.571
21.38 105.571
21.381 -105.578
21.381 105.578
21.382 -105.585
21.382 105.585
21.383 -105.592
21.383 105.592
21.384 -105.599
21.384 105.599
21.385 -105.606
21.385 105.606
21.386 -105.613
21.386 105.613
21.387 -105.621
21.387 105.621
21.388 -105.628
21.388 105.628
21.389 -105.635
21.389 105.635
21.39 -105.642
21.39 105.642
21.391 -105.649
21.391 105.649
21.392 -105.656
21.392 105.656
21.393 -105.663
21.393 105.663
21.394 -105.67
21.394 105.67
21.395 -105.677
21.395 105.677
21.396 -105.685
21.396 105.685
21.397 -105.692
21.397 105.692
21.398 -105.699
21.398 105.699
21.399 -105.706
21.399 105.706
21.4 -105.713
21.4 105.713
21.401 -105.72
21.401 105.72
21.402 -105.727
21.402 105.727
21.403 -105.734
21.403 105.734
21.404 -105.741
21.404 105.741
21.405 -105.748
21.405 105.748
21.406 -105.756
21.406 105.756
21.407 -105.763
21.407 105.763
21.408 -105.77
21.408 105.77
21.409 -105.777
21.409 105.777
21.41 -105.784
21.41 105.784
21.411 -105.791
21.411 105.791
21.412 -105.798
21.412 105.798
21.413 -105.805
21.413 105.805
21.414 -105.812
21.414 105.812
21.415 -105.82
21.415 105.82
21.416 -105.827
21.416 105.827
21.417 -105.834
21.417 105.834
21.418 -105.841
21.418 105.841
21.419 -105.848
21.419 105.848
21.42 -105.855
21.42 105.855
21.421 -105.862
21.421 105.862
21.422 -105.869
21.422 105.869
21.423 -105.876
21.423 105.876
21.424 -105.884
21.424 105.884
21.425 -105.891
21.425 105.891
21.426 -105.898
21.426 105.898
21.427 -105.905
21.427 105.905
21.428 -105.912
21.428 105.912
21.429 -105.919
21.429 105.919
21.43 -105.926
21.43 105.926
21.431 -105.933
21.431 105.933
21.432 -105.94
21.432 105.94
21.433 -105.947
21.433 105.947
21.434 -105.955
21.434 105.955
21.435 -105.962
21.435 105.962
21.436 -105.969
21.436 105.969
21.437 -105.976
21.437 105.976
21.438 -105.983
21.438 105.983
21.439 -105.99
21.439 105.99
21.44 -105.997
21.44 105.997
21.441 -106.004
21.441 106.004
21.442 -106.012
21.442 106.012
21.443 -106.019
21.443 106.019
21.444 -106.026
21.444 106.026
21.445 -106.033
21.445 106.033
21.446 -106.04
21.446 106.04
21.447 -106.047
21.447 106.047
21.448 -106.054
21.448 106.054
21.449 -106.061
21.449 106.061
21.45 -106.068
21.45 106.068
21.451 -106.076
21.451 106.076
21.452 -106.083
21.452 106.083
21.453 -106.09
21.453 106.09
21.454 -106.097
21.454 106.097
21.455 -106.104
21.455 106.104
21.456 -106.111
21.456 106.111
21.457 -106.118
21.457 106.118
21.458 -106.125
21.458 106.125
21.459 -106.132
21.459 106.132
21.46 -106.14
21.46 106.14
21.461 -106.147
21.461 106.147
21.462 -106.154
21.462 106.154
21.463 -106.161
21.463 106.161
21.464 -106.168
21.464 106.168
21.465 -106.175
21.465 106.175
21.466 -106.182
21.466 106.182
21.467 -106.189
21.467 106.189
21.468 -106.196
21.468 106.196
21.469 -106.204
21.469 106.204
21.47 -106.211
21.47 106.211
21.471 -106.218
21.471 106.218
21.472 -106.225
21.472 106.225
21.473 -106.232
21.473 106.232
21.474 -106.239
21.474 106.239
21.475 -106.246
21.475 106.246
21.476 -106.253
21.476 106.253
21.477 -106.261
21.477 106.261
21.478 -106.268
21.478 106.268
21.479 -106.275
21.479 106.275
21.48 -106.282
21.48 106.282
21.481 -106.289
21.481 106.289
21.482 -106.296
21.482 106.296
21.483 -106.303
21.483 106.303
21.484 -106.31
21.484 106.31
21.485 -106.317
21.485 106.317
21.486 -106.325
21.486 106.325
21.487 -106.332
21.487 106.332
21.488 -106.339
21.488 106.339
21.489 -106.346
21.489 106.346
21.49 -106.353
21.49 106.353
21.491 -106.36
21.491 106.36
21.492 -106.367
21.492 106.367
21.493 -106.374
21.493 106.374
21.494 -106.382
21.494 106.382
21.495 -106.389
21.495 106.389
21.496 -106.396
21.496 106.396
21.497 -106.403
21.497 106.403
21.498 -106.41
21.498 106.41
21.499 -106.417
21.499 106.417
21.5 -106.424
21.5 106.424
21.501 -106.431
21.501 106.431
21.502 -106.439
21.502 106.439
21.503 -106.446
21.503 106.446
21.504 -106.453
21.504 106.453
21.505 -106.46
21.505 106.46
21.506 -106.467
21.506 106.467
21.507 -106.474
21.507 106.474
21.508 -106.481
21.508 106.481
21.509 -106.488
21.509 106.488
21.51 -106.495
21.51 106.495
21.511 -106.503
21.511 106.503
21.512 -106.51
21.512 106.51
21.513 -106.517
21.513 106.517
21.514 -106.524
21.514 106.524
21.515 -106.531
21.515 106.531
21.516 -106.538
21.516 106.538
21.517 -106.545
21.517 106.545
21.518 -106.552
21.518 106.552
21.519 -106.56
21.519 106.56
21.52 -106.567
21.52 106.567
21.521 -106.574
21.521 106.574
21.522 -106.581
21.522 106.581
21.523 -106.588
21.523 106.588
21.524 -106.595
21.524 106.595
21.525 -106.602
21.525 106.602
21.526 -106.609
21.526 106.609
21.527 -106.617
21.527 106.617
21.528 -106.624
21.528 106.624
21.529 -106.631
21.529 106.631
21.53 -106.638
21.53 106.638
21.531 -106.645
21.531 106.645
21.532 -106.652
21.532 106.652
21.533 -106.659
21.533 106.659
21.534 -106.666
21.534 106.666
21.535 -106.674
21.535 106.674
21.536 -106.681
21.536 106.681
21.537 -106.688
21.537 106.688
21.538 -106.695
21.538 106.695
21.539 -106.702
21.539 106.702
21.54 -106.709
21.54 106.709
21.541 -106.716
21.541 106.716
21.542 -106.724
21.542 106.724
21.543 -106.731
21.543 106.731
21.544 -106.738
21.544 106.738
21.545 -106.745
21.545 106.745
21.546 -106.752
21.546 106.752
21.547 -106.759
21.547 106.759
21.548 -106.766
21.548 106.766
21.549 -106.773
21.549 106.773
21.55 -106.781
21.55 106.781
21.551 -106.788
21.551 106.788
21.552 -106.795
21.552 106.795
21.553 -106.802
21.553 106.802
21.554 -106.809
21.554 106.809
21.555 -106.816
21.555 106.816
21.556 -106.823
21.556 106.823
21.557 -106.83
21.557 106.83
21.558 -106.838
21.558 106.838
21.559 -106.845
21.559 106.845
21.56 -106.852
21.56 106.852
21.561 -106.859
21.561 106.859
21.562 -106.866
21.562 106.866
21.563 -106.873
21.563 106.873
21.564 -106.88
21.564 106.88
21.565 -106.887
21.565 106.887
21.566 -106.895
21.566 106.895
21.567 -106.902
21.567 106.902
21.568 -106.909
21.568 106.909
21.569 -106.916
21.569 106.916
21.57 -106.923
21.57 106.923
21.571 -106.93
21.571 106.93
21.572 -106.937
21.572 106.937
21.573 -106.945
21.573 106.945
21.574 -106.952
21.574 106.952
21.575 -106.959
21.575 106.959
21.576 -106.966
21.576 106.966
21.577 -106.973
21.577 106.973
21.578 -106.98
21.578 106.98
21.579 -106.987
21.579 106.987
21.58 -106.994
21.58 106.994
21.581 -107.002
21.581 107.002
21.582 -107.009
21.582 107.009
21.583 -107.016
21.583 107.016
21.584 -107.023
21.584 107.023
21.585 -107.03
21.585 107.03
21.586 -107.037
21.586 107.037
21.587 -107.044
21.587 107.044
21.588 -107.052
21.588 107.052
21.589 -107.059
21.589 107.059
21.59 -107.066
21.59 107.066
21.591 -107.073
21.591 107.073
21.592 -107.08
21.592 107.08
21.593 -107.087
21.593 107.087
21.594 -107.094
21.594 107.094
21.595 -107.101
21.595 107.101
21.596 -107.109
21.596 107.109
21.597 -107.116
21.597 107.116
21.598 -107.123
21.598 107.123
21.599 -107.13
21.599 107.13
21.6 -107.137
21.6 107.137
21.601 -107.144
21.601 107.144
21.602 -107.151
21.602 107.151
21.603 -107.159
21.603 107.159
21.604 -107.166
21.604 107.166
21.605 -107.173
21.605 107.173
21.606 -107.18
21.606 107.18
21.607 -107.187
21.607 107.187
21.608 -107.194
21.608 107.194
21.609 -107.201
21.609 107.201
21.61 -107.209
21.61 107.209
21.611 -107.216
21.611 107.216
21.612 -107.223
21.612 107.223
21.613 -107.23
21.613 107.23
21.614 -107.237
21.614 107.237
21.615 -107.244
21.615 107.244
21.616 -107.251
21.616 107.251
21.617 -107.259
21.617 107.259
21.618 -107.266
21.618 107.266
21.619 -107.273
21.619 107.273
21.62 -107.28
21.62 107.28
21.621 -107.287
21.621 107.287
21.622 -107.294
21.622 107.294
21.623 -107.301
21.623 107.301
21.624 -107.309
21.624 107.309
21.625 -107.316
21.625 107.316
21.626 -107.323
21.626 107.323
21.627 -107.33
21.627 107.33
21.628 -107.337
21.628 107.337
21.629 -107.344
21.629 107.344
21.63 -107.351
21.63 107.351
21.631 -107.359
21.631 107.359
21.632 -107.366
21.632 107.366
21.633 -107.373
21.633 107.373
21.634 -107.38
21.634 107.38
21.635 -107.387
21.635 107.387
21.636 -107.394
21.636 107.394
21.637 -107.401
21.637 107.401
21.638 -107.409
21.638 107.409
21.639 -107.416
21.639 107.416
21.64 -107.423
21.64 107.423
21.641 -107.43
21.641 107.43
21.642 -107.437
21.642 107.437
21.643 -107.444
21.643 107.444
21.644 -107.451
21.644 107.451
21.645 -107.459
21.645 107.459
21.646 -107.466
21.646 107.466
21.647 -107.473
21.647 107.473
21.648 -107.48
21.648 107.48
21.649 -107.487
21.649 107.487
21.65 -107.494
21.65 107.494
21.651 -107.501
21.651 107.501
21.652 -107.509
21.652 107.509
21.653 -107.516
21.653 107.516
21.654 -107.523
21.654 107.523
21.655 -107.53
21.655 107.53
21.656 -107.537
21.656 107.537
21.657 -107.544
21.657 107.544
21.658 -107.551
21.658 107.551
21.659 -107.559
21.659 107.559
21.66 -107.566
21.66 107.566
21.661 -107.573
21.661 107.573
21.662 -107.58
21.662 107.58
21.663 -107.587
21.663 107.587
21.664 -107.594
21.664 107.594
21.665 -107.601
21.665 107.601
21.666 -107.609
21.666 107.609
21.667 -107.616
21.667 107.616
21.668 -107.623
21.668 107.623
21.669 -107.63
21.669 107.63
21.67 -107.637
21.67 107.637
21.671 -107.644
21.671 107.644
21.672 -107.651
21.672 107.651
21.673 -107.659
21.673 107.659
21.674 -107.666
21.674 107.666
21.675 -107.673
21.675 107.673
21.676 -107.68
21.676 107.68
21.677 -107.687
21.677 107.687
21.678 -107.694
21.678 107.694
21.679 -107.701
21.679 107.701
21.68 -107.709
21.68 107.709
21.681 -107.716
21.681 107.716
21.682 -107.723
21.682 107.723
21.683 -107.73
21.683 107.73
21.684 -107.737
21.684 107.737
21.685 -107.744
21.685 107.744
21.686 -107.752
21.686 107.752
21.687 -107.759
21.687 107.759
21.688 -107.766
21.688 107.766
21.689 -107.773
21.689 107.773
21.69 -107.78
21.69 107.78
21.691 -107.787
21.691 107.787
21.692 -107.794
21.692 107.794
21.693 -107.802
21.693 107.802
21.694 -107.809
21.694 107.809
21.695 -107.816
21.695 107.816
21.696 -107.823
21.696 107.823
21.697 -107.83
21.697 107.83
21.698 -107.837
21.698 107.837
21.699 -107.845
21.699 107.845
21.7 -107.852
21.7 107.852
21.701 -107.859
21.701 107.859
21.702 -107.866
21.702 107.866
21.703 -107.873
21.703 107.873
21.704 -107.88
21.704 107.88
21.705 -107.887
21.705 107.887
21.706 -107.895
21.706 107.895
21.707 -107.902
21.707 107.902
21.708 -107.909
21.708 107.909
21.709 -107.916
21.709 107.916
21.71 -107.923
21.71 107.923
21.711 -107.93
21.711 107.93
21.712 -107.938
21.712 107.938
21.713 -107.945
21.713 107.945
21.714 -107.952
21.714 107.952
21.715 -107.959
21.715 107.959
21.716 -107.966
21.716 107.966
21.717 -107.973
21.717 107.973
21.718 -107.98
21.718 107.98
21.719 -107.988
21.719 107.988
21.72 -107.995
21.72 107.995
21.721 -108.002
21.721 108.002
21.722 -108.009
21.722 108.009
21.723 -108.016
21.723 108.016
21.724 -108.023
21.724 108.023
21.725 -108.031
21.725 108.031
21.726 -108.038
21.726 108.038
21.727 -108.045
21.727 108.045
21.728 -108.052
21.728 108.052
21.729 -108.059
21.729 108.059
21.73 -108.066
21.73 108.066
21.731 -108.073
21.731 108.073
21.732 -108.081
21.732 108.081
21.733 -108.088
21.733 108.088
21.734 -108.095
21.734 108.095
21.735 -108.102
21.735 108.102
21.736 -108.109
21.736 108.109
21.737 -108.116
21.737 108.116
21.738 -108.124
21.738 108.124
21.739 -108.131
21.739 108.131
21.74 -108.138
21.74 108.138
21.741 -108.145
21.741 108.145
21.742 -108.152
21.742 108.152
21.743 -108.159
21.743 108.159
21.744 -108.167
21.744 108.167
21.745 -108.174
21.745 108.174
21.746 -108.181
21.746 108.181
21.747 -108.188
21.747 108.188
21.748 -108.195
21.748 108.195
21.749 -108.202
21.749 108.202
21.75 -108.21
21.75 108.21
21.751 -108.217
21.751 108.217
21.752 -108.224
21.752 108.224
21.753 -108.231
21.753 108.231
21.754 -108.238
21.754 108.238
21.755 -108.245
21.755 108.245
21.756 -108.252
21.756 108.252
21.757 -108.26
21.757 108.26
21.758 -108.267
21.758 108.267
21.759 -108.274
21.759 108.274
21.76 -108.281
21.76 108.281
21.761 -108.288
21.761 108.288
21.762 -108.295
21.762 108.295
21.763 -108.303
21.763 108.303
21.764 -108.31
21.764 108.31
21.765 -108.317
21.765 108.317
21.766 -108.324
21.766 108.324
21.767 -108.331
21.767 108.331
21.768 -108.338
21.768 108.338
21.769 -108.346
21.769 108.346
21.77 -108.353
21.77 108.353
21.771 -108.36
21.771 108.36
21.772 -108.367
21.772 108.367
21.773 -108.374
21.773 108.374
21.774 -108.381
21.774 108.381
21.775 -108.389
21.775 108.389
21.776 -108.396
21.776 108.396
21.777 -108.403
21.777 108.403
21.778 -108.41
21.778 108.41
21.779 -108.417
21.779 108.417
21.78 -108.424
21.78 108.424
21.781 -108.432
21.781 108.432
21.782 -108.439
21.782 108.439
21.783 -108.446
21.783 108.446
21.784 -108.453
21.784 108.453
21.785 -108.46
21.785 108.46
21.786 -108.467
21.786 108.467
21.787 -108.475
21.787 108.475
21.788 -108.482
21.788 108.482
21.789 -108.489
21.789 108.489
21.79 -108.496
21.79 108.496
21.791 -108.503
21.791 108.503
21.792 -108.51
21.792 108.51
21.793 -108.518
21.793 108.518
21.794 -108.525
21.794 108.525
21.795 -108.532
21.795 108.532
21.796 -108.539
21.796 108.539
21.797 -108.546
21.797 108.546
21.798 -108.553
21.798 108.553
21.799 -108.561
21.799 108.561
21.8 -108.568
21.8 108.568
21.801 -108.575
21.801 108.575
21.802 -108.582
21.802 108.582
21.803 -108.589
21.803 108.589
21.804 -108.596
21.804 108.596
21.805 -108.604
21.805 108.604
21.806 -108.611
21.806 108.611
21.807 -108.618
21.807 108.618
21.808 -108.625
21.808 108.625
21.809 -108.632
21.809 108.632
21.81 -108.639
21.81 108.639
21.811 -108.647
21.811 108.647
21.812 -108.654
21.812 108.654
21.813 -108.661
21.813 108.661
21.814 -108.668
21.814 108.668
21.815 -108.675
21.815 108.675
21.816 -108.682
21.816 108.682
21.817 -108.69
21.817 108.69
21.818 -108.697
21.818 108.697
21.819 -108.704
21.819 108.704
21.82 -108.711
21.82 108.711
21.821 -108.718
21.821 108.718
21.822 -108.725
21.822 108.725
21.823 -108.733
21.823 108.733
21.824 -108.74
21.824 108.74
21.825 -108.747
21.825 108.747
21.826 -108.754
21.826 108.754
21.827 -108.761
21.827 108.761
21.828 -108.769
21.828 108.769
21.829 -108.776
21.829 108.776
21.83 -108.783
21.83 108.783
21.831 -108.79
21.831 108.79
21.832 -108.797
21.832 108.797
21.833 -108.804
21.833 108.804
21.834 -108.812
21.834 108.812
21.835 -108.819
21.835 108.819
21.836 -108.826
21.836 108.826
21.837 -108.833
21.837 108.833
21.838 -108.84
21.838 108.84
21.839 -108.847
21.839 108.847
21.84 -108.855
21.84 108.855
21.841 -108.862
21.841 108.862
21.842 -108.869
21.842 108.869
21.843 -108.876
21.843 108.876
21.844 -108.883
21.844 108.883
21.845 -108.89
21.845 108.89
21.846 -108.898
21.846 108.898
21.847 -108.905
21.847 108.905
21.848 -108.912
21.848 108.912
21.849 -108.919
21.849 108.919
21.85 -108.926
21.85 108.926
21.851 -108.934
21.851 108.934
21.852 -108.941
21.852 108.941
21.853 -108.948
21.853 108.948
21.854 -108.955
21.854 108.955
21.855 -108.962
21.855 108.962
21.856 -108.969
21.856 108.969
21.857 -108.977
21.857 108.977
21.858 -108.984
21.858 108.984
21.859 -108.991
21.859 108.991
21.86 -108.998
21.86 108.998
21.861 -109.005
21.861 109.005
21.862 -109.012
21.862 109.012
21.863 -109.02
21.863 109.02
21.864 -109.027
21.864 109.027
21.865 -109.034
21.865 109.034
21.866 -109.041
21.866 109.041
21.867 -109.048
21.867 109.048
21.868 -109.056
21.868 109.056
21.869 -109.063
21.869 109.063
21.87 -109.07
21.87 109.07
21.871 -109.077
21.871 109.077
21.872 -109.084
21.872 109.084
21.873 -109.091
21.873 109.091
21.874 -109.099
21.874 109.099
21.875 -109.106
21.875 109.106
21.876 -109.113
21.876 109.113
21.877 -109.12
21.877 109.12
21.878 -109.127
21.878 109.127
21.879 -109.135
21.879 109.135
21.88 -109.142
21.88 109.142
21.881 -109.149
21.881 109.149
21.882 -109.156
21.882 109.156
21.883 -109.163
21.883 109.163
21.884 -109.17
21.884 109.17
21.885 -109.178
21.885 109.178
21.886 -109.185
21.886 109.185
21.887 -109.192
21.887 109.192
21.888 -109.199
21.888 109.199
21.889 -109.206
21.889 109.206
21.89 -109.214
21.89 109.214
21.891 -109.221
21.891 109.221
21.892 -109.228
21.892 109.228
21.893 -109.235
21.893 109.235
21.894 -109.242
21.894 109.242
21.895 -109.249
21.895 109.249
21.896 -109.257
21.896 109.257
21.897 -109.264
21.897 109.264
21.898 -109.271
21.898 109.271
21.899 -109.278
21.899 109.278
21.9 -109.285
21.9 109.285
21.901 -109.293
21.901 109.293
21.902 -109.3
21.902 109.3
21.903 -109.307
21.903 109.307
21.904 -109.314
21.904 109.314
21.905 -109.321
21.905 109.321
21.906 -109.328
21.906 109.328
21.907 -109.336
21.907 109.336
21.908 -109.343
21.908 109.343
21.909 -109.35
21.909 109.35
21.91 -109.357
21.91 109.357
21.911 -109.364
21.911 109.364
21.912 -109.372
21.912 109.372
21.913 -109.379
21.913 109.379
21.914 -109.386
21.914 109.386
21.915 -109.393
21.915 109.393
21.916 -109.4
21.916 109.4
21.917 -109.408
21.917 109.408
21.918 -109.415
21.918 109.415
21.919 -109.422
21.919 109.422
21.92 -109.429
21.92 109.429
21.921 -109.436
21.921 109.436
21.922 -109.443
21.922 109.443
21.923 -109.451
21.923 109.451
21.924 -109.458
21.924 109.458
21.925 -109.465
21.925 109.465
21.926 -109.472
21.926 109.472
21.927 -109.479
21.927 109.479
21.928 -109.487
21.928 109.487
21.929 -109.494
21.929 109.494
21.93 -109.501
21.93 109.501
21.931 -109.508
21.931 109.508
21.932 -109.515
21.932 109.515
21.933 -109.523
21.933 109.523
21.934 -109.53
21.934 109.53
21.935 -109.537
21.935 109.537
21.936 -109.544
21.936 109.544
21.937 -109.551
21.937 109.551
21.938 -109.558
21.938 109.558
21.939 -109.566
21.939 109.566
21.94 -109.573
21.94 109.573
21.941 -109.58
21.941 109.58
21.942 -109.587
21.942 109.587
21.943 -109.594
21.943 109.594
21.944 -109.602
21.944 109.602
21.945 -109.609
21.945 109.609
21.946 -109.616
21.946 109.616
21.947 -109.623
21.947 109.623
21.948 -109.63
21.948 109.63
21.949 -109.638
21.949 109.638
21.95 -109.645
21.95 109.645
21.951 -109.652
21.951 109.652
21.952 -109.659
21.952 109.659
21.953 -109.666
21.953 109.666
21.954 -109.674
21.954 109.674
21.955 -109.681
21.955 109.681
21.956 -109.688
21.956 109.688
21.957 -109.695
21.957 109.695
21.958 -109.702
21.958 109.702
21.959 -109.709
21.959 109.709
21.96 -109.717
21.96 109.717
21.961 -109.724
21.961 109.724
21.962 -109.731
21.962 109.731
21.963 -109.738
21.963 109.738
21.964 -109.745
21.964 109.745
21.965 -109.753
21.965 109.753
21.966 -109.76
21.966 109.76
21.967 -109.767
21.967 109.767
21.968 -109.774
21.968 109.774
21.969 -109.781
21.969 109.781
21.97 -109.789
21.97 109.789
21.971 -109.796
21.971 109.796
21.972 -109.803
21.972 109.803
21.973 -109.81
21.973 109.81
21.974 -109.817
21.974 109.817
21.975 -109.825
21.975 109.825
21.976 -109.832
21.976 109.832
21.977 -109.839
21.977 109.839
21.978 -109.846
21.978 109.846
21.979 -109.853
21.979 109.853
21.98 -109.861
21.98 109.861
21.981 -109.868
21.981 109.868
21.982 -109.875
21.982 109.875
21.983 -109.882
21.983 109.882
21.984 -109.889
21.984 109.889
21.985 -109.897
21.985 109.897
21.986 -109.904
21.986 109.904
21.987 -109.911
21.987 109.911
21.988 -109.918
21.988 109.918
21.989 -109.925
21.989 109.925
21.99 -109.933
21.99 109.933
21.991 -109.94
21.991 109.94
21.992 -109.947
21.992 109.947
21.993 -109.954
21.993 109.954
21.994 -109.961
21.994 109.961
21.995 -109.969
21.995 109.969
21.996 -109.976
21.996 109.976
21.997 -109.983
21.997 109.983
21.998 -109.99
21.998 109.99
21.999 -109.997
21.999 109.997
22 -110.005
22 110.005
22.001 -110.012
22.001 110.012
22.002 -110.019
22.002 110.019
22.003 -110.026
22.003 110.026
22.004 -110.033
22.004 110.033
22.005 -110.041
22.005 110.041
22.006 -110.048
22.006 110.048
22.007 -110.055
22.007 110.055
22.008 -110.062
22.008 110.062
22.009 -110.069
22.009 110.069
22.01 -110.077
22.01 110.077
22.011 -110.084
22.011 110.084
22.012 -110.091
22.012 110.091
22.013 -110.098
22.013 110.098
22.014 -110.105
22.014 110.105
22.015 -110.113
22.015 110.113
22.016 -110.12
22.016 110.12
22.017 -110.127
22.017 110.127
22.018 -110.134
22.018 110.134
22.019 -110.141
22.019 110.141
22.02 -110.149
22.02 110.149
22.021 -110.156
22.021 110.156
22.022 -110.163
22.022 110.163
22.023 -110.17
22.023 110.17
22.024 -110.177
22.024 110.177
22.025 -110.185
22.025 110.185
22.026 -110.192
22.026 110.192
22.027 -110.199
22.027 110.199
22.028 -110.206
22.028 110.206
22.029 -110.213
22.029 110.213
22.03 -110.221
22.03 110.221
22.031 -110.228
22.031 110.228
22.032 -110.235
22.032 110.235
22.033 -110.242
22.033 110.242
22.034 -110.249
22.034 110.249
22.035 -110.257
22.035 110.257
22.036 -110.264
22.036 110.264
22.037 -110.271
22.037 110.271
22.038 -110.278
22.038 110.278
22.039 -110.285
22.039 110.285
22.04 -110.293
22.04 110.293
22.041 -110.3
22.041 110.3
22.042 -110.307
22.042 110.307
22.043 -110.314
22.043 110.314
22.044 -110.321
22.044 110.321
22.045 -110.329
22.045 110.329
22.046 -110.336
22.046 110.336
22.047 -110.343
22.047 110.343
22.048 -110.35
22.048 110.35
22.049 -110.358
22.049 110.358
22.05 -110.365
22.05 110.365
22.051 -110.372
22.051 110.372
22.052 -110.379
22.052 110.379
22.053 -110.386
22.053 110.386
22.054 -110.394
22.054 110.394
22.055 -110.401
22.055 110.401
22.056 -110.408
22.056 110.408
22.057 -110.415
22.057 110.415
22.058 -110.422
22.058 110.422
22.059 -110.43
22.059 110.43
22.06 -110.437
22.06 110.437
22.061 -110.444
22.061 110.444
22.062 -110.451
22.062 110.451
22.063 -110.458
22.063 110.458
22.064 -110.466
22.064 110.466
22.065 -110.473
22.065 110.473
22.066 -110.48
22.066 110.48
22.067 -110.487
22.067 110.487
22.068 -110.494
22.068 110.494
22.069 -110.502
22.069 110.502
22.07 -110.509
22.07 110.509
22.071 -110.516
22.071 110.516
22.072 -110.523
22.072 110.523
22.073 -110.531
22.073 110.531
22.074 -110.538
22.074 110.538
22.075 -110.545
22.075 110.545
22.076 -110.552
22.076 110.552
22.077 -110.559
22.077 110.559
22.078 -110.567
22.078 110.567
22.079 -110.574
22.079 110.574
22.08 -110.581
22.08 110.581
22.081 -110.588
22.081 110.588
22.082 -110.595
22.082 110.595
22.083 -110.603
22.083 110.603
22.084 -110.61
22.084 110.61
22.085 -110.617
22.085 110.617
22.086 -110.624
22.086 110.624
22.087 -110.632
22.087 110.632
22.088 -110.639
22.088 110.639
22.089 -110.646
22.089 110.646
22.09 -110.653
22.09 110.653
22.091 -110.66
22.091 110.66
22.092 -110.668
22.092 110.668
22.093 -110.675
22.093 110.675
22.094 -110.682
22.094 110.682
22.095 -110.689
22.095 110.689
22.096 -110.696
22.096 110.696
22.097 -110.704
22.097 110.704
22.098 -110.711
22.098 110.711
22.099 -110.718
22.099 110.718
22.1 -110.725
22.1 110.725
22.101 -110.733
22.101 110.733
22.102 -110.74
22.102 110.74
22.103 -110.747
22.103 110.747
22.104 -110.754
22.104 110.754
22.105 -110.761
22.105 110.761
22.106 -110.769
22.106 110.769
22.107 -110.776
22.107 110.776
22.108 -110.783
22.108 110.783
22.109 -110.79
22.109 110.79
22.11 -110.797
22.11 110.797
22.111 -110.805
22.111 110.805
22.112 -110.812
22.112 110.812
22.113 -110.819
22.113 110.819
22.114 -110.826
22.114 110.826
22.115 -110.834
22.115 110.834
22.116 -110.841
22.116 110.841
22.117 -110.848
22.117 110.848
22.118 -110.855
22.118 110.855
22.119 -110.862
22.119 110.862
22.12 -110.87
22.12 110.87
22.121 -110.877
22.121 110.877
22.122 -110.884
22.122 110.884
22.123 -110.891
22.123 110.891
22.124 -110.899
22.124 110.899
22.125 -110.906
22.125 110.906
22.126 -110.913
22.126 110.913
22.127 -110.92
22.127 110.92
22.128 -110.927
22.128 110.927
22.129 -110.935
22.129 110.935
22.13 -110.942
22.13 110.942
22.131 -110.949
22.131 110.949
22.132 -110.956
22.132 110.956
22.133 -110.963
22.133 110.963
22.134 -110.971
22.134 110.971
22.135 -110.978
22.135 110.978
22.136 -110.985
22.136 110.985
22.137 -110.992
22.137 110.992
22.138 -111
22.138 111
22.139 -111.007
22.139 111.007
22.14 -111.014
22.14 111.014
22.141 -111.021
22.141 111.021
22.142 -111.028
22.142 111.028
22.143 -111.036
22.143 111.036
22.144 -111.043
22.144 111.043
22.145 -111.05
22.145 111.05
22.146 -111.057
22.146 111.057
22.147 -111.065
22.147 111.065
22.148 -111.072
22.148 111.072
22.149 -111.079
22.149 111.079
22.15 -111.086
22.15 111.086
22.151 -111.093
22.151 111.093
22.152 -111.101
22.152 111.101
22.153 -111.108
22.153 111.108
22.154 -111.115
22.154 111.115
22.155 -111.122
22.155 111.122
22.156 -111.13
22.156 111.13
22.157 -111.137
22.157 111.137
22.158 -111.144
22.158 111.144
22.159 -111.151
22.159 111.151
22.16 -111.158
22.16 111.158
22.161 -111.166
22.161 111.166
22.162 -111.173
22.162 111.173
22.163 -111.18
22.163 111.18
22.164 -111.187
22.164 111.187
22.165 -111.195
22.165 111.195
22.166 -111.202
22.166 111.202
22.167 -111.209
22.167 111.209
22.168 -111.216
22.168 111.216
22.169 -111.224
22.169 111.224
22.17 -111.231
22.17 111.231
22.171 -111.238
22.171 111.238
22.172 -111.245
22.172 111.245
22.173 -111.252
22.173 111.252
22.174 -111.26
22.174 111.26
22.175 -111.267
22.175 111.267
22.176 -111.274
22.176 111.274
22.177 -111.281
22.177 111.281
22.178 -111.289
22.178 111.289
22.179 -111.296
22.179 111.296
22.18 -111.303
22.18 111.303
22.181 -111.31
22.181 111.31
22.182 -111.317
22.182 111.317
22.183 -111.325
22.183 111.325
22.184 -111.332
22.184 111.332
22.185 -111.339
22.185 111.339
22.186 -111.346
22.186 111.346
22.187 -111.354
22.187 111.354
22.188 -111.361
22.188 111.361
22.189 -111.368
22.189 111.368
22.19 -111.375
22.19 111.375
22.191 -111.383
22.191 111.383
22.192 -111.39
22.192 111.39
22.193 -111.397
22.193 111.397
22.194 -111.404
22.194 111.404
22.195 -111.411
22.195 111.411
22.196 -111.419
22.196 111.419
22.197 -111.426
22.197 111.426
22.198 -111.433
22.198 111.433
22.199 -111.44
22.199 111.44
22.2 -111.448
22.2 111.448
22.201 -111.455
22.201 111.455
22.202 -111.462
22.202 111.462
22.203 -111.469
22.203 111.469
22.204 -111.477
22.204 111.477
22.205 -111.484
22.205 111.484
22.206 -111.491
22.206 111.491
22.207 -111.498
22.207 111.498
22.208 -111.505
22.208 111.505
22.209 -111.513
22.209 111.513
22.21 -111.52
22.21 111.52
22.211 -111.527
22.211 111.527
22.212 -111.534
22.212 111.534
22.213 -111.542
22.213 111.542
22.214 -111.549
22.214 111.549
22.215 -111.556
22.215 111.556
22.216 -111.563
22.216 111.563
22.217 -111.571
22.217 111.571
22.218 -111.578
22.218 111.578
22.219 -111.585
22.219 111.585
22.22 -111.592
22.22 111.592
22.221 -111.599
22.221 111.599
22.222 -111.607
22.222 111.607
22.223 -111.614
22.223 111.614
22.224 -111.621
22.224 111.621
22.225 -111.628
22.225 111.628
22.226 -111.636
22.226 111.636
22.227 -111.643
22.227 111.643
22.228 -111.65
22.228 111.65
22.229 -111.657
22.229 111.657
22.23 -111.665
22.23 111.665
22.231 -111.672
22.231 111.672
22.232 -111.679
22.232 111.679
22.233 -111.686
22.233 111.686
22.234 -111.694
22.234 111.694
22.235 -111.701
22.235 111.701
22.236 -111.708
22.236 111.708
22.237 -111.715
22.237 111.715
22.238 -111.722
22.238 111.722
22.239 -111.73
22.239 111.73
22.24 -111.737
22.24 111.737
22.241 -111.744
22.241 111.744
22.242 -111.751
22.242 111.751
22.243 -111.759
22.243 111.759
22.244 -111.766
22.244 111.766
22.245 -111.773
22.245 111.773
22.246 -111.78
22.246 111.78
22.247 -111.788
22.247 111.788
22.248 -111.795
22.248 111.795
22.249 -111.802
22.249 111.802
22.25 -111.809
22.25 111.809
22.251 -111.817
22.251 111.817
22.252 -111.824
22.252 111.824
22.253 -111.831
22.253 111.831
22.254 -111.838
22.254 111.838
22.255 -111.846
22.255 111.846
22.256 -111.853
22.256 111.853
22.257 -111.86
22.257 111.86
22.258 -111.867
22.258 111.867
22.259 -111.874
22.259 111.874
22.26 -111.882
22.26 111.882
22.261 -111.889
22.261 111.889
22.262 -111.896
22.262 111.896
22.263 -111.903
22.263 111.903
22.264 -111.911
22.264 111.911
22.265 -111.918
22.265 111.918
22.266 -111.925
22.266 111.925
22.267 -111.932
22.267 111.932
22.268 -111.94
22.268 111.94
22.269 -111.947
22.269 111.947
22.27 -111.954
22.27 111.954
22.271 -111.961
22.271 111.961
22.272 -111.969
22.272 111.969
22.273 -111.976
22.273 111.976
22.274 -111.983
22.274 111.983
22.275 -111.99
22.275 111.99
22.276 -111.998
22.276 111.998
22.277 -112.005
22.277 112.005
22.278 -112.012
22.278 112.012
22.279 -112.019
22.279 112.019
22.28 -112.027
22.28 112.027
22.281 -112.034
22.281 112.034
22.282 -112.041
22.282 112.041
22.283 -112.048
22.283 112.048
22.284 -112.056
22.284 112.056
22.285 -112.063
22.285 112.063
22.286 -112.07
22.286 112.07
22.287 -112.077
22.287 112.077
22.288 -112.085
22.288 112.085
22.289 -112.092
22.289 112.092
22.29 -112.099
22.29 112.099
22.291 -112.106
22.291 112.106
22.292 -112.113
22.292 112.113
22.293 -112.121
22.293 112.121
22.294 -112.128
22.294 112.128
22.295 -112.135
22.295 112.135
22.296 -112.142
22.296 112.142
22.297 -112.15
22.297 112.15
22.298 -112.157
22.298 112.157
22.299 -112.164
22.299 112.164
22.3 -112.171
22.3 112.171
22.301 -112.179
22.301 112.179
22.302 -112.186
22.302 112.186
22.303 -112.193
22.303 112.193
22.304 -112.2
22.304 112.2
22.305 -112.208
22.305 112.208
22.306 -112.215
22.306 112.215
22.307 -112.222
22.307 112.222
22.308 -112.229
22.308 112.229
22.309 -112.237
22.309 112.237
22.31 -112.244
22.31 112.244
22.311 -112.251
22.311 112.251
22.312 -112.258
22.312 112.258
22.313 -112.266
22.313 112.266
22.314 -112.273
22.314 112.273
22.315 -112.28
22.315 112.28
22.316 -112.287
22.316 112.287
22.317 -112.295
22.317 112.295
22.318 -112.302
22.318 112.302
22.319 -112.309
22.319 112.309
22.32 -112.316
22.32 112.316
22.321 -112.324
22.321 112.324
22.322 -112.331
22.322 112.331
22.323 -112.338
22.323 112.338
22.324 -112.345
22.324 112.345
22.325 -112.353
22.325 112.353
22.326 -112.36
22.326 112.36
22.327 -112.367
22.327 112.367
22.328 -112.374
22.328 112.374
22.329 -112.382
22.329 112.382
22.33 -112.389
22.33 112.389
22.331 -112.396
22.331 112.396
22.332 -112.403
22.332 112.403
22.333 -112.411
22.333 112.411
22.334 -112.418
22.334 112.418
22.335 -112.425
22.335 112.425
22.336 -112.432
22.336 112.432
22.337 -112.44
22.337 112.44
22.338 -112.447
22.338 112.447
22.339 -112.454
22.339 112.454
22.34 -112.461
22.34 112.461
22.341 -112.469
22.341 112.469
22.342 -112.476
22.342 112.476
22.343 -112.483
22.343 112.483
22.344 -112.49
22.344 112.49
22.345 -112.498
22.345 112.498
22.346 -112.505
22.346 112.505
22.347 -112.512
22.347 112.512
22.348 -112.519
22.348 112.519
22.349 -112.527
22.349 112.527
22.35 -112.534
22.35 112.534
22.351 -112.541
22.351 112.541
22.352 -112.548
22.352 112.548
22.353 -112.556
22.353 112.556
22.354 -112.563
22.354 112.563
22.355 -112.57
22.355 112.57
22.356 -112.578
22.356 112.578
22.357 -112.585
22.357 112.585
22.358 -112.592
22.358 112.592
22.359 -112.599
22.359 112.599
22.36 -112.607
22.36 112.607
22.361 -112.614
22.361 112.614
22.362 -112.621
22.362 112.621
22.363 -112.628
22.363 112.628
22.364 -112.636
22.364 112.636
22.365 -112.643
22.365 112.643
22.366 -112.65
22.366 112.65
22.367 -112.657
22.367 112.657
22.368 -112.665
22.368 112.665
22.369 -112.672
22.369 112.672
22.37 -112.679
22.37 112.679
22.371 -112.686
22.371 112.686
22.372 -112.694
22.372 112.694
22.373 -112.701
22.373 112.701
22.374 -112.708
22.374 112.708
22.375 -112.715
22.375 112.715
22.376 -112.723
22.376 112.723
22.377 -112.73
22.377 112.73
22.378 -112.737
22.378 112.737
22.379 -112.744
22.379 112.744
22.38 -112.752
22.38 112.752
22.381 -112.759
22.381 112.759
22.382 -112.766
22.382 112.766
22.383 -112.773
22.383 112.773
22.384 -112.781
22.384 112.781
22.385 -112.788
22.385 112.788
22.386 -112.795
22.386 112.795
22.387 -112.802
22.387 112.802
22.388 -112.81
22.388 112.81
22.389 -112.817
22.389 112.817
22.39 -112.824
22.39 112.824
22.391 -112.832
22.391 112.832
22.392 -112.839
22.392 112.839
22.393 -112.846
22.393 112.846
22.394 -112.853
22.394 112.853
22.395 -112.861
22.395 112.861
22.396 -112.868
22.396 112.868
22.397 -112.875
22.397 112.875
22.398 -112.882
22.398 112.882
22.399 -112.89
22.399 112.89
22.4 -112.897
22.4 112.897
22.401 -112.904
22.401 112.904
22.402 -112.911
22.402 112.911
22.403 -112.919
22.403 112.919
22.404 -112.926
22.404 112.926
22.405 -112.933
22.405 112.933
22.406 -112.94
22.406 112.94
22.407 -112.948
22.407 112.948
22.408 -112.955
22.408 112.955
22.409 -112.962
22.409 112.962
22.41 -112.969
22.41 112.969
22.411 -112.977
22.411 112.977
22.412 -112.984
22.412 112.984
22.413 -112.991
22.413 112.991
22.414 -112.999
22.414 112.999
22.415 -113.006
22.415 113.006
22.416 -113.013
22.416 113.013
22.417 -113.02
22.417 113.02
22.418 -113.028
22.418 113.028
22.419 -113.035
22.419 113.035
22.42 -113.042
22.42 113.042
22.421 -113.049
22.421 113.049
22.422 -113.057
22.422 113.057
22.423 -113.064
22.423 113.064
22.424 -113.071
22.424 113.071
22.425 -113.078
22.425 113.078
22.426 -113.086
22.426 113.086
22.427 -113.093
22.427 113.093
22.428 -113.1
22.428 113.1
22.429 -113.108
22.429 113.108
22.43 -113.115
22.43 113.115
22.431 -113.122
22.431 113.122
22.432 -113.129
22.432 113.129
22.433 -113.137
22.433 113.137
22.434 -113.144
22.434 113.144
22.435 -113.151
22.435 113.151
22.436 -113.158
22.436 113.158
22.437 -113.166
22.437 113.166
22.438 -113.173
22.438 113.173
22.439 -113.18
22.439 113.18
22.44 -113.187
22.44 113.187
22.441 -113.195
22.441 113.195
22.442 -113.202
22.442 113.202
22.443 -113.209
22.443 113.209
22.444 -113.217
22.444 113.217
22.445 -113.224
22.445 113.224
22.446 -113.231
22.446 113.231
22.447 -113.238
22.447 113.238
22.448 -113.246
22.448 113.246
22.449 -113.253
22.449 113.253
22.45 -113.26
22.45 113.26
22.451 -113.267
22.451 113.267
22.452 -113.275
22.452 113.275
22.453 -113.282
22.453 113.282
22.454 -113.289
22.454 113.289
22.455 -113.297
22.455 113.297
22.456 -113.304
22.456 113.304
22.457 -113.311
22.457 113.311
22.458 -113.318
22.458 113.318
22.459 -113.326
22.459 113.326
22.46 -113.333
22.46 113.333
22.461 -113.34
22.461 113.34
22.462 -113.347
22.462 113.347
22.463 -113.355
22.463 113.355
22.464 -113.362
22.464 113.362
22.465 -113.369
22.465 113.369
22.466 -113.376
22.466 113.376
22.467 -113.384
22.467 113.384
22.468 -113.391
22.468 113.391
22.469 -113.398
22.469 113.398
22.47 -113.406
22.47 113.406
22.471 -113.413
22.471 113.413
22.472 -113.42
22.472 113.42
22.473 -113.427
22.473 113.427
22.474 -113.435
22.474 113.435
22.475 -113.442
22.475 113.442
22.476 -113.449
22.476 113.449
22.477 -113.456
22.477 113.456
22.478 -113.464
22.478 113.464
22.479 -113.471
22.479 113.471
22.48 -113.478
22.48 113.478
22.481 -113.486
22.481 113.486
22.482 -113.493
22.482 113.493
22.483 -113.5
22.483 113.5
22.484 -113.507
22.484 113.507
22.485 -113.515
22.485 113.515
22.486 -113.522
22.486 113.522
22.487 -113.529
22.487 113.529
22.488 -113.537
22.488 113.537
22.489 -113.544
22.489 113.544
22.49 -113.551
22.49 113.551
22.491 -113.558
22.491 113.558
22.492 -113.566
22.492 113.566
22.493 -113.573
22.493 113.573
22.494 -113.58
22.494 113.58
22.495 -113.587
22.495 113.587
22.496 -113.595
22.496 113.595
22.497 -113.602
22.497 113.602
22.498 -113.609
22.498 113.609
22.499 -113.617
22.499 113.617
22.5 -113.624
22.5 113.624
22.501 -113.631
22.501 113.631
22.502 -113.638
22.502 113.638
22.503 -113.646
22.503 113.646
22.504 -113.653
22.504 113.653
22.505 -113.66
22.505 113.66
22.506 -113.667
22.506 113.667
22.507 -113.675
22.507 113.675
22.508 -113.682
22.508 113.682
22.509 -113.689
22.509 113.689
22.51 -113.697
22.51 113.697
22.511 -113.704
22.511 113.704
22.512 -113.711
22.512 113.711
22.513 -113.718
22.513 113.718
22.514 -113.726
22.514 113.726
22.515 -113.733
22.515 113.733
22.516 -113.74
22.516 113.74
22.517 -113.748
22.517 113.748
22.518 -113.755
22.518 113.755
22.519 -113.762
22.519 113.762
22.52 -113.769
22.52 113.769
22.521 -113.777
22.521 113.777
22.522 -113.784
22.522 113.784
22.523 -113.791
22.523 113.791
22.524 -113.799
22.524 113.799
22.525 -113.806
22.525 113.806
22.526 -113.813
22.526 113.813
22.527 -113.82
22.527 113.82
22.528 -113.828
22.528 113.828
22.529 -113.835
22.529 113.835
22.53 -113.842
22.53 113.842
22.531 -113.85
22.531 113.85
22.532 -113.857
22.532 113.857
22.533 -113.864
22.533 113.864
22.534 -113.871
22.534 113.871
22.535 -113.879
22.535 113.879
22.536 -113.886
22.536 113.886
22.537 -113.893
22.537 113.893
22.538 -113.9
22.538 113.9
22.539 -113.908
22.539 113.908
22.54 -113.915
22.54 113.915
22.541 -113.922
22.541 113.922
22.542 -113.93
22.542 113.93
22.543 -113.937
22.543 113.937
22.544 -113.944
22.544 113.944
22.545 -113.951
22.545 113.951
22.546 -113.959
22.546 113.959
22.547 -113.966
22.547 113.966
22.548 -113.973
22.548 113.973
22.549 -113.981
22.549 113.981
22.55 -113.988
22.55 113.988
22.551 -113.995
22.551 113.995
22.552 -114.002
22.552 114.002
22.553 -114.01
22.553 114.01
22.554 -114.017
22.554 114.017
22.555 -114.024
22.555 114.024
22.556 -114.032
22.556 114.032
22.557 -114.039
22.557 114.039
22.558 -114.046
22.558 114.046
22.559 -114.053
22.559 114.053
22.56 -114.061
22.56 114.061
22.561 -114.068
22.561 114.068
22.562 -114.075
22.562 114.075
22.563 -114.083
22.563 114.083
22.564 -114.09
22.564 114.09
22.565 -114.097
22.565 114.097
22.566 -114.104
22.566 114.104
22.567 -114.112
22.567 114.112
22.568 -114.119
22.568 114.119
22.569 -114.126
22.569 114.126
22.57 -114.134
22.57 114.134
22.571 -114.141
22.571 114.141
22.572 -114.148
22.572 114.148
22.573 -114.155
22.573 114.155
22.574 -114.163
22.574 114.163
22.575 -114.17
22.575 114.17
22.576 -114.177
22.576 114.177
22.577 -114.185
22.577 114.185
22.578 -114.192
22.578 114.192
22.579 -114.199
22.579 114.199
22.58 -114.207
22.58 114.207
22.581 -114.214
22.581 114.214
22.582 -114.221
22.582 114.221
22.583 -114.228
22.583 114.228
22.584 -114.236
22.584 114.236
22.585 -114.243
22.585 114.243
22.586 -114.25
22.586 114.25
22.587 -114.258
22.587 114.258
22.588 -114.265
22.588 114.265
22.589 -114.272
22.589 114.272
22.59 -114.279
22.59 114.279
22.591 -114.287
22.591 114.287
22.592 -114.294
22.592 114.294
22.593 -114.301
22.593 114.301
22.594 -114.309
22.594 114.309
22.595 -114.316
22.595 114.316
22.596 -114.323
22.596 114.323
22.597 -114.33
22.597 114.33
22.598 -114.338
22.598 114.338
22.599 -114.345
22.599 114.345
22.6 -114.352
22.6 114.352
22.601 -114.36
22.601 114.36
22.602 -114.367
22.602 114.367
22.603 -114.374
22.603 114.374
22.604 -114.382
22.604 114.382
22.605 -114.389
22.605 114.389
22.606 -114.396
22.606 114.396
22.607 -114.403
22.607 114.403
22.608 -114.411
22.608 114.411
22.609 -114.418
22.609 114.418
22.61 -114.425
22.61 114.425
22.611 -114.433
22.611 114.433
22.612 -114.44
22.612 114.44
22.613 -114.447
22.613 114.447
22.614 -114.454
22.614 114.454
22.615 -114.462
22.615 114.462
22.616 -114.469
22.616 114.469
22.617 -114.476
22.617 114.476
22.618 -114.484
22.618 114.484
22.619 -114.491
22.619 114.491
22.62 -114.498
22.62 114.498
22.621 -114.506
22.621 114.506
22.622 -114.513
22.622 114.513
22.623 -114.52
22.623 114.52
22.624 -114.527
22.624 114.527
22.625 -114.535
22.625 114.535
22.626 -114.542
22.626 114.542
22.627 -114.549
22.627 114.549
22.628 -114.557
22.628 114.557
22.629 -114.564
22.629 114.564
22.63 -114.571
22.63 114.571
22.631 -114.578
22.631 114.578
22.632 -114.586
22.632 114.586
22.633 -114.593
22.633 114.593
22.634 -114.6
22.634 114.6
22.635 -114.608
22.635 114.608
22.636 -114.615
22.636 114.615
22.637 -114.622
22.637 114.622
22.638 -114.63
22.638 114.63
22.639 -114.637
22.639 114.637
22.64 -114.644
22.64 114.644
22.641 -114.651
22.641 114.651
22.642 -114.659
22.642 114.659
22.643 -114.666
22.643 114.666
22.644 -114.673
22.644 114.673
22.645 -114.681
22.645 114.681
22.646 -114.688
22.646 114.688
22.647 -114.695
22.647 114.695
22.648 -114.703
22.648 114.703
22.649 -114.71
22.649 114.71
22.65 -114.717
22.65 114.717
22.651 -114.724
22.651 114.724
22.652 -114.732
22.652 114.732
22.653 -114.739
22.653 114.739
22.654 -114.746
22.654 114.746
22.655 -114.754
22.655 114.754
22.656 -114.761
22.656 114.761
22.657 -114.768
22.657 114.768
22.658 -114.776
22.658 114.776
22.659 -114.783
22.659 114.783
22.66 -114.79
22.66 114.79
22.661 -114.797
22.661 114.797
22.662 -114.805
22.662 114.805
22.663 -114.812
22.663 114.812
22.664 -114.819
22.664 114.819
22.665 -114.827
22.665 114.827
22.666 -114.834
22.666 114.834
22.667 -114.841
22.667 114.841
22.668 -114.849
22.668 114.849
22.669 -114.856
22.669 114.856
22.67 -114.863
22.67 114.863
22.671 -114.871
22.671 114.871
22.672 -114.878
22.672 114.878
22.673 -114.885
22.673 114.885
22.674 -114.892
22.674 114.892
22.675 -114.9
22.675 114.9
22.676 -114.907
22.676 114.907
22.677 -114.914
22.677 114.914
22.678 -114.922
22.678 114.922
22.679 -114.929
22.679 114.929
22.68 -114.936
22.68 114.936
22.681 -114.944
22.681 114.944
22.682 -114.951
22.682 114.951
22.683 -114.958
22.683 114.958
22.684 -114.965
22.684 114.965
22.685 -114.973
22.685 114.973
22.686 -114.98
22.686 114.98
22.687 -114.987
22.687 114.987
22.688 -114.995
22.688 114.995
22.689 -115.002
22.689 115.002
22.69 -115.009
22.69 115.009
22.691 -115.017
22.691 115.017
22.692 -115.024
22.692 115.024
22.693 -115.031
22.693 115.031
22.694 -115.039
22.694 115.039
22.695 -115.046
22.695 115.046
22.696 -115.053
22.696 115.053
22.697 -115.06
22.697 115.06
22.698 -115.068
22.698 115.068
22.699 -115.075
22.699 115.075
22.7 -115.082
22.7 115.082
22.701 -115.09
22.701 115.09
22.702 -115.097
22.702 115.097
22.703 -115.104
22.703 115.104
22.704 -115.112
22.704 115.112
22.705 -115.119
22.705 115.119
22.706 -115.126
22.706 115.126
22.707 -115.134
22.707 115.134
22.708 -115.141
22.708 115.141
22.709 -115.148
22.709 115.148
22.71 -115.155
22.71 115.155
22.711 -115.163
22.711 115.163
22.712 -115.17
22.712 115.17
22.713 -115.177
22.713 115.177
22.714 -115.185
22.714 115.185
22.715 -115.192
22.715 115.192
22.716 -115.199
22.716 115.199
22.717 -115.207
22.717 115.207
22.718 -115.214
22.718 115.214
22.719 -115.221
22.719 115.221
22.72 -115.229
22.72 115.229
22.721 -115.236
22.721 115.236
22.722 -115.243
22.722 115.243
22.723 -115.251
22.723 115.251
22.724 -115.258
22.724 115.258
22.725 -115.265
22.725 115.265
22.726 -115.272
22.726 115.272
22.727 -115.28
22.727 115.28
22.728 -115.287
22.728 115.287
22.729 -115.294
22.729 115.294
22.73 -115.302
22.73 115.302
22.731 -115.309
22.731 115.309
22.732 -115.316
22.732 115.316
22.733 -115.324
22.733 115.324
22.734 -115.331
22.734 115.331
22.735 -115.338
22.735 115.338
22.736 -115.346
22.736 115.346
22.737 -115.353
22.737 115.353
22.738 -115.36
22.738 115.36
22.739 -115.368
22.739 115.368
22.74 -115.375
22.74 115.375
22.741 -115.382
22.741 115.382
22.742 -115.389
22.742 115.389
22.743 -115.397
22.743 115.397
22.744 -115.404
22.744 115.404
22.745 -115.411
22.745 115.411
22.746 -115.419
22.746 115.419
22.747 -115.426
22.747 115.426
22.748 -115.433
22.748 115.433
22.749 -115.441
22.749 115.441
22.75 -115.448
22.75 115.448
22.751 -115.455
22.751 115.455
22.752 -115.463
22.752 115.463
22.753 -115.47
22.753 115.47
22.754 -115.477
22.754 115.477
22.755 -115.485
22.755 115.485
22.756 -115.492
22.756 115.492
22.757 -115.499
22.757 115.499
22.758 -115.507
22.758 115.507
22.759 -115.514
22.759 115.514
22.76 -115.521
22.76 115.521
22.761 -115.528
22.761 115.528
22.762 -115.536
22.762 115.536
22.763 -115.543
22.763 115.543
22.764 -115.55
22.764 115.55
22.765 -115.558
22.765 115.558
22.766 -115.565
22.766 115.565
22.767 -115.572
22.767 115.572
22.768 -115.58
22.768 115.58
22.769 -115.587
22.769 115.587
22.77 -115.594
22.77 115.594
22.771 -115.602
22.771 115.602
22.772 -115.609
22.772 115.609
22.773 -115.616
22.773 115.616
22.774 -115.624
22.774 115.624
22.775 -115.631
22.775 115.631
22.776 -115.638
22.776 115.638
22.777 -115.646
22.777 115.646
22.778 -115.653
22.778 115.653
22.779 -115.66
22.779 115.66
22.78 -115.668
22.78 115.668
22.781 -115.675
22.781 115.675
22.782 -115.682
22.782 115.682
22.783 -115.689
22.783 115.689
22.784 -115.697
22.784 115.697
22.785 -115.704
22.785 115.704
22.786 -115.711
22.786 115.711
22.787 -115.719
22.787 115.719
22.788 -115.726
22.788 115.726
22.789 -115.733
22.789 115.733
22.79 -115.741
22.79 115.741
22.791 -115.748
22.791 115.748
22.792 -115.755
22.792 115.755
22.793 -115.763
22.793 115.763
22.794 -115.77
22.794 115.77
22.795 -115.777
22.795 115.777
22.796 -115.785
22.796 115.785
22.797 -115.792
22.797 115.792
22.798 -115.799
22.798 115.799
22.799 -115.807
22.799 115.807
22.8 -115.814
22.8 115.814
22.801 -115.821
22.801 115.821
22.802 -115.829
22.802 115.829
22.803 -115.836
22.803 115.836
22.804 -115.843
22.804 115.843
22.805 -115.851
22.805 115.851
22.806 -115.858
22.806 115.858
22.807 -115.865
22.807 115.865
22.808 -115.873
22.808 115.873
22.809 -115.88
22.809 115.88
22.81 -115.887
22.81 115.887
22.811 -115.895
22.811 115.895
22.812 -115.902
22.812 115.902
22.813 -115.909
22.813 115.909
22.814 -115.916
22.814 115.916
22.815 -115.924
22.815 115.924
22.816 -115.931
22.816 115.931
22.817 -115.938
22.817 115.938
22.818 -115.946
22.818 115.946
22.819 -115.953
22.819 115.953
22.82 -115.96
22.82 115.96
22.821 -115.968
22.821 115.968
22.822 -115.975
22.822 115.975
22.823 -115.982
22.823 115.982
22.824 -115.99
22.824 115.99
22.825 -115.997
22.825 115.997
22.826 -116.004
22.826 116.004
22.827 -116.012
22.827 116.012
22.828 -116.019
22.828 116.019
22.829 -116.026
22.829 116.026
22.83 -116.034
22.83 116.034
22.831 -116.041
22.831 116.041
22.832 -116.048
22.832 116.048
22.833 -116.056
22.833 116.056
22.834 -116.063
22.834 116.063
22.835 -116.07
22.835 116.07
22.836 -116.078
22.836 116.078
22.837 -116.085
22.837 116.085
22.838 -116.092
22.838 116.092
22.839 -116.1
22.839 116.1
22.84 -116.107
22.84 116.107
22.841 -116.114
22.841 116.114
22.842 -116.122
22.842 116.122
22.843 -116.129
22.843 116.129
22.844 -116.136
22.844 116.136
22.845 -116.144
22.845 116.144
22.846 -116.151
22.846 116.151
22.847 -116.158
22.847 116.158
22.848 -116.166
22.848 116.166
22.849 -116.173
22.849 116.173
22.85 -116.18
22.85 116.18
22.851 -116.188
22.851 116.188
22.852 -116.195
22.852 116.195
22.853 -116.202
22.853 116.202
22.854 -116.21
22.854 116.21
22.855 -116.217
22.855 116.217
22.856 -116.224
22.856 116.224
22.857 -116.232
22.857 116.232
22.858 -116.239
22.858 116.239
22.859 -116.246
22.859 116.246
22.86 -116.254
22.86 116.254
22.861 -116.261
22.861 116.261
22.862 -116.268
22.862 116.268
22.863 -116.276
22.863 116.276
22.864 -116.283
22.864 116.283
22.865 -116.29
22.865 116.29
22.866 -116.298
22.866 116.298
22.867 -116.305
22.867 116.305
22.868 -116.312
22.868 116.312
22.869 -116.32
22.869 116.32
22.87 -116.327
22.87 116.327
22.871 -116.334
22.871 116.334
22.872 -116.342
22.872 116.342
22.873 -116.349
22.873 116.349
22.874 -116.356
22.874 116.356
22.875 -116.364
22.875 116.364
22.876 -116.371
22.876 116.371
22.877 -116.378
22.877 116.378
22.878 -116.386
22.878 116.386
22.879 -116.393
22.879 116.393
22.88 -116.4
22.88 116.4
22.881 -116.408
22.881 116.408
22.882 -116.415
22.882 116.415
22.883 -116.422
22.883 116.422
22.884 -116.43
22.884 116.43
22.885 -116.437
22.885 116.437
22.886 -116.444
22.886 116.444
22.887 -116.452
22.887 116.452
22.888 -116.459
22.888 116.459
22.889 -116.466
22.889 116.466
22.89 -116.474
22.89 116.474
22.891 -116.481
22.891 116.481
22.892 -116.488
22.892 116.488
22.893 -116.496
22.893 116.496
22.894 -116.503
22.894 116.503
22.895 -116.51
22.895 116.51
22.896 -116.518
22.896 116.518
22.897 -116.525
22.897 116.525
22.898 -116.532
22.898 116.532
22.899 -116.54
22.899 116.54
22.9 -116.547
22.9 116.547
22.901 -116.554
22.901 116.554
22.902 -116.562
22.902 116.562
22.903 -116.569
22.903 116.569
22.904 -116.576
22.904 116.576
22.905 -116.584
22.905 116.584
22.906 -116.591
22.906 116.591
22.907 -116.598
22.907 116.598
22.908 -116.606
22.908 116.606
22.909 -116.613
22.909 116.613
22.91 -116.62
22.91 116.62
22.911 -116.628
22.911 116.628
22.912 -116.635
22.912 116.635
22.913 -116.642
22.913 116.642
22.914 -116.65
22.914 116.65
22.915 -116.657
22.915 116.657
22.916 -116.665
22.916 116.665
22.917 -116.672
22.917 116.672
22.918 -116.679
22.918 116.679
22.919 -116.687
22.919 116.687
22.92 -116.694
22.92 116.694
22.921 -116.701
22.921 116.701
22.922 -116.709
22.922 116.709
22.923 -116.716
22.923 116.716
22.924 -116.723
22.924 116.723
22.925 -116.731
22.925 116.731
22.926 -116.738
22.926 116.738
22.927 -116.745
22.927 116.745
22.928 -116.753
22.928 116.753
22.929 -116.76
22.929 116.76
22.93 -116.767
22.93 116.767
22.931 -116.775
22.931 116.775
22.932 -116.782
22.932 116.782
22.933 -116.789
22.933 116.789
22.934 -116.797
22.934 116.797
22.935 -116.804
22.935 116.804
22.936 -116.811
22.936 116.811
22.937 -116.819
22.937 116.819
22.938 -116.826
22.938 116.826
22.939 -116.833
22.939 116.833
22.94 -116.841
22.94 116.841
22.941 -116.848
22.941 116.848
22.942 -116.855
22.942 116.855
22.943 -116.863
22.943 116.863
22.944 -116.87
22.944 116.87
22.945 -116.877
22.945 116.877
22.946 -116.885
22.946 116.885
22.947 -116.892
22.947 116.892
22.948 -116.9
22.948 116.9
22.949 -116.907
22.949 116.907
22.95 -116.914
22.95 116.914
22.951 -116.922
22.951 116.922
22.952 -116.929
22.952 116.929
22.953 -116.936
22.953 116.936
22.954 -116.944
22.954 116.944
22.955 -116.951
22.955 116.951
22.956 -116.958
22.956 116.958
22.957 -116.966
22.957 116.966
22.958 -116.973
22.958 116.973
22.959 -116.98
22.959 116.98
22.96 -116.988
22.96 116.988
22.961 -116.995
22.961 116.995
22.962 -117.002
22.962 117.002
22.963 -117.01
22.963 117.01
22.964 -117.017
22.964 117.017
22.965 -117.024
22.965 117.024
22.966 -117.032
22.966 117.032
22.967 -117.039
22.967 117.039
22.968 -117.046
22.968 117.046
22.969 -117.054
22.969 117.054
22.97 -117.061
22.97 117.061
22.971 -117.069
22.971 117.069
22.972 -117.076
22.972 117.076
22.973 -117.083
22.973 117.083
22.974 -117.091
22.974 117.091
22.975 -117.098
22.975 117.098
22.976 -117.105
22.976 117.105
22.977 -117.113
22.977 117.113
22.978 -117.12
22.978 117.12
22.979 -117.127
22.979 117.127
22.98 -117.135
22.98 117.135
22.981 -117.142
22.981 117.142
22.982 -117.149
22.982 117.149
22.983 -117.157
22.983 117.157
22.984 -117.164
22.984 117.164
22.985 -117.171
22.985 117.171
22.986 -117.179
22.986 117.179
22.987 -117.186
22.987 117.186
22.988 -117.193
22.988 117.193
22.989 -117.201
22.989 117.201
22.99 -117.208
22.99 117.208
22.991 -117.216
22.991 117.216
22.992 -117.223
22.992 117.223
22.993 -117.23
22.993 117.23
22.994 -117.238
22.994 117.238
22.995 -117.245
22.995 117.245
22.996 -117.252
22.996 117.252
22.997 -117.26
22.997 117.26
22.998 -117.267
22.998 117.267
22.999 -117.274
22.999 117.274
23 -117.282
23 117.282
23.001 -117.289
23.001 117.289
23.002 -117.296
23.002 117.296
23.003 -117.304
23.003 117.304
23.004 -117.311
23.004 117.311
23.005 -117.318
23.005 117.318
23.006 -117.326
23.006 117.326
23.007 -117.333
23.007 117.333
23.008 -117.341
23.008 117.341
23.009 -117.348
23.009 117.348
23.01 -117.355
23.01 117.355
23.011 -117.363
23.011 117.363
23.012 -117.37
23.012 117.37
23.013 -117.377
23.013 117.377
23.014 -117.385
23.014 117.385
23.015 -117.392
23.015 117.392
23.016 -117.399
23.016 117.399
23.017 -117.407
23.017 117.407
23.018 -117.414
23.018 117.414
23.019 -117.421
23.019 117.421
23.02 -117.429
23.02 117.429
23.021 -117.436
23.021 117.436
23.022 -117.444
23.022 117.444
23.023 -117.451
23.023 117.451
23.024 -117.458
23.024 117.458
23.025 -117.466
23.025 117.466
23.026 -117.473
23.026 117.473
23.027 -117.48
23.027 117.48
23.028 -117.488
23.028 117.488
23.029 -117.495
23.029 117.495
23.03 -117.502
23.03 117.502
23.031 -117.51
23.031 117.51
23.032 -117.517
23.032 117.517
23.033 -117.524
23.033 117.524
23.034 -117.532
23.034 117.532
23.035 -117.539
23.035 117.539
23.036 -117.547
23.036 117.547
23.037 -117.554
23.037 117.554
23.038 -117.561
23.038 117.561
23.039 -117.569
23.039 117.569
23.04 -117.576
23.04 117.576
23.041 -117.583
23.041 117.583
23.042 -117.591
23.042 117.591
23.043 -117.598
23.043 117.598
23.044 -117.605
23.044 117.605
23.045 -117.613
23.045 117.613
23.046 -117.62
23.046 117.62
23.047 -117.628
23.047 117.628
23.048 -117.635
23.048 117.635
23.049 -117.642
23.049 117.642
23.05 -117.65
23.05 117.65
23.051 -117.657
23.051 117.657
23.052 -117.664
23.052 117.664
23.053 -117.672
23.053 117.672
23.054 -117.679
23.054 117.679
23.055 -117.686
23.055 117.686
23.056 -117.694
23.056 117.694
23.057 -117.701
23.057 117.701
23.058 -117.709
23.058 117.709
23.059 -117.716
23.059 117.716
23.06 -117.723
23.06 117.723
23.061 -117.731
23.061 117.731
23.062 -117.738
23.062 117.738
23.063 -117.745
23.063 117.745
23.064 -117.753
23.064 117.753
23.065 -117.76
23.065 117.76
23.066 -117.767
23.066 117.767
23.067 -117.775
23.067 117.775
23.068 -117.782
23.068 117.782
23.069 -117.79
23.069 117.79
23.07 -117.797
23.07 117.797
23.071 -117.804
23.071 117.804
23.072 -117.812
23.072 117.812
23.073 -117.819
23.073 117.819
23.074 -117.826
23.074 117.826
23.075 -117.834
23.075 117.834
23.076 -117.841
23.076 117.841
23.077 -117.848
23.077 117.848
23.078 -117.856
23.078 117.856
23.079 -117.863
23.079 117.863
23.08 -117.871
23.08 117.871
23.081 -117.878
23.081 117.878
23.082 -117.885
23.082 117.885
23.083 -117.893
23.083 117.893
23.084 -117.9
23.084 117.9
23.085 -117.907
23.085 117.907
23.086 -117.915
23.086 117.915
23.087 -117.922
23.087 117.922
23.088 -117.929
23.088 117.929
23.089 -117.937
23.089 117.937
23.09 -117.944
23.09 117.944
23.091 -117.952
23.091 117.952
23.092 -117.959
23.092 117.959
23.093 -117.966
23.093 117.966
23.094 -117.974
23.094 117.974
23.095 -117.981
23.095 117.981
23.096 -117.988
23.096 117.988
23.097 -117.996
23.097 117.996
23.098 -118.003
23.098 118.003
23.099 -118.011
23.099 118.011
23.1 -118.018
23.1 118.018
23.101 -118.025
23.101 118.025
23.102 -118.033
23.102 118.033
23.103 -118.04
23.103 118.04
23.104 -118.047
23.104 118.047
23.105 -118.055
23.105 118.055
23.106 -118.062
23.106 118.062
23.107 -118.069
23.107 118.069
23.108 -118.077
23.108 118.077
23.109 -118.084
23.109 118.084
23.11 -118.092
23.11 118.092
23.111 -118.099
23.111 118.099
23.112 -118.106
23.112 118.106
23.113 -118.114
23.113 118.114
23.114 -118.121
23.114 118.121
23.115 -118.128
23.115 118.128
23.116 -118.136
23.116 118.136
23.117 -118.143
23.117 118.143
23.118 -118.151
23.118 118.151
23.119 -118.158
23.119 118.158
23.12 -118.165
23.12 118.165
23.121 -118.173
23.121 118.173
23.122 -118.18
23.122 118.18
23.123 -118.187
23.123 118.187
23.124 -118.195
23.124 118.195
23.125 -118.202
23.125 118.202
23.126 -118.21
23.126 118.21
23.127 -118.217
23.127 118.217
23.128 -118.224
23.128 118.224
23.129 -118.232
23.129 118.232
23.13 -118.239
23.13 118.239
23.131 -118.246
23.131 118.246
23.132 -118.254
23.132 118.254
23.133 -118.261
23.133 118.261
23.134 -118.269
23.134 118.269
23.135 -118.276
23.135 118.276
23.136 -118.283
23.136 118.283
23.137 -118.291
23.137 118.291
23.138 -118.298
23.138 118.298
23.139 -118.305
23.139 118.305
23.14 -118.313
23.14 118.313
23.141 -118.32
23.141 118.32
23.142 -118.328
23.142 118.328
23.143 -118.335
23.143 118.335
23.144 -118.342
23.144 118.342
23.145 -118.35
23.145 118.35
23.146 -118.357
23.146 118.357
23.147 -118.364
23.147 118.364
23.148 -118.372
23.148 118.372
23.149 -118.379
23.149 118.379
23.15 -118.387
23.15 118.387
23.151 -118.394
23.151 118.394
23.152 -118.401
23.152 118.401
23.153 -118.409
23.153 118.409
23.154 -118.416
23.154 118.416
23.155 -118.423
23.155 118.423
23.156 -118.431
23.156 118.431
23.157 -118.438
23.157 118.438
23.158 -118.446
23.158 118.446
23.159 -118.453
23.159 118.453
23.16 -118.46
23.16 118.46
23.161 -118.468
23.161 118.468
23.162 -118.475
23.162 118.475
23.163 -118.482
23.163 118.482
23.164 -118.49
23.164 118.49
23.165 -118.497
23.165 118.497
23.166 -118.505
23.166 118.505
23.167 -118.512
23.167 118.512
23.168 -118.519
23.168 118.519
23.169 -118.527
23.169 118.527
23.17 -118.534
23.17 118.534
23.171 -118.541
23.171 118.541
23.172 -118.549
23.172 118.549
23.173 -118.556
23.173 118.556
23.174 -118.564
23.174 118.564
23.175 -118.571
23.175 118.571
23.176 -118.578
23.176 118.578
23.177 -118.586
23.177 118.586
23.178 -118.593
23.178 118.593
23.179 -118.601
23.179 118.601
23.18 -118.608
23.18 118.608
23.181 -118.615
23.181 118.615
23.182 -118.623
23.182 118.623
23.183 -118.63
23.183 118.63
23.184 -118.637
23.184 118.637
23.185 -118.645
23.185 118.645
23.186 -118.652
23.186 118.652
23.187 -118.66
23.187 118.66
23.188 -118.667
23.188 118.667
23.189 -118.674
23.189 118.674
23.19 -118.682
23.19 118.682
23.191 -118.689
23.191 118.689
23.192 -118.697
23.192 118.697
23.193 -118.704
23.193 118.704
23.194 -118.711
23.194 118.711
23.195 -118.719
23.195 118.719
23.196 -118.726
23.196 118.726
23.197 -118.733
23.197 118.733
23.198 -118.741
23.198 118.741
23.199 -118.748
23.199 118.748
23.2 -118.756
23.2 118.756
23.201 -118.763
23.201 118.763
23.202 -118.77
23.202 118.77
23.203 -118.778
23.203 118.778
23.204 -118.785
23.204 118.785
23.205 -118.793
23.205 118.793
23.206 -118.8
23.206 118.8
23.207 -118.807
23.207 118.807
23.208 -118.815
23.208 118.815
23.209 -118.822
23.209 118.822
23.21 -118.829
23.21 118.829
23.211 -118.837
23.211 118.837
23.212 -118.844
23.212 118.844
23.213 -118.852
23.213 118.852
23.214 -118.859
23.214 118.859
23.215 -118.866
23.215 118.866
23.216 -118.874
23.216 118.874
23.217 -118.881
23.217 118.881
23.218 -118.889
23.218 118.889
23.219 -118.896
23.219 118.896
23.22 -118.903
23.22 118.903
23.221 -118.911
23.221 118.911
23.222 -118.918
23.222 118.918
23.223 -118.925
23.223 118.925
23.224 -118.933
23.224 118.933
23.225 -118.94
23.225 118.94
23.226 -118.948
23.226 118.948
23.227 -118.955
23.227 118.955
23.228 -118.962
23.228 118.962
23.229 -118.97
23.229 118.97
23.23 -118.977
23.23 118.977
23.231 -118.985
23.231 118.985
23.232 -118.992
23.232 118.992
23.233 -118.999
23.233 118.999
23.234 -119.007
23.234 119.007
23.235 -119.014
23.235 119.014
23.236 -119.022
23.236 119.022
23.237 -119.029
23.237 119.029
23.238 -119.036
23.238 119.036
23.239 -119.044
23.239 119.044
23.24 -119.051
23.24 119.051
23.241 -119.058
23.241 119.058
23.242 -119.066
23.242 119.066
23.243 -119.073
23.243 119.073
23.244 -119.081
23.244 119.081
23.245 -119.088
23.245 119.088
23.246 -119.095
23.246 119.095
23.247 -119.103
23.247 119.103
23.248 -119.11
23.248 119.11
23.249 -119.118
23.249 119.118
23.25 -119.125
23.25 119.125
23.251 -119.132
23.251 119.132
23.252 -119.14
23.252 119.14
23.253 -119.147
23.253 119.147
23.254 -119.155
23.254 119.155
23.255 -119.162
23.255 119.162
23.256 -119.169
23.256 119.169
23.257 -119.177
23.257 119.177
23.258 -119.184
23.258 119.184
23.259 -119.192
23.259 119.192
23.26 -119.199
23.26 119.199
23.261 -119.206
23.261 119.206
23.262 -119.214
23.262 119.214
23.263 -119.221
23.263 119.221
23.264 -119.229
23.264 119.229
23.265 -119.236
23.265 119.236
23.266 -119.243
23.266 119.243
23.267 -119.251
23.267 119.251
23.268 -119.258
23.268 119.258
23.269 -119.265
23.269 119.265
23.27 -119.273
23.27 119.273
23.271 -119.28
23.271 119.28
23.272 -119.288
23.272 119.288
23.273 -119.295
23.273 119.295
23.274 -119.302
23.274 119.302
23.275 -119.31
23.275 119.31
23.276 -119.317
23.276 119.317
23.277 -119.325
23.277 119.325
23.278 -119.332
23.278 119.332
23.279 -119.339
23.279 119.339
23.28 -119.347
23.28 119.347
23.281 -119.354
23.281 119.354
23.282 -119.362
23.282 119.362
23.283 -119.369
23.283 119.369
23.284 -119.376
23.284 119.376
23.285 -119.384
23.285 119.384
23.286 -119.391
23.286 119.391
23.287 -119.399
23.287 119.399
23.288 -119.406
23.288 119.406
23.289 -119.413
23.289 119.413
23.29 -119.421
23.29 119.421
23.291 -119.428
23.291 119.428
23.292 -119.436
23.292 119.436
23.293 -119.443
23.293 119.443
23.294 -119.45
23.294 119.45
23.295 -119.458
23.295 119.458
23.296 -119.465
23.296 119.465
23.297 -119.473
23.297 119.473
23.298 -119.48
23.298 119.48
23.299 -119.487
23.299 119.487
23.3 -119.495
23.3 119.495
23.301 -119.502
23.301 119.502
23.302 -119.51
23.302 119.51
23.303 -119.517
23.303 119.517
23.304 -119.524
23.304 119.524
23.305 -119.532
23.305 119.532
23.306 -119.539
23.306 119.539
23.307 -119.547
23.307 119.547
23.308 -119.554
23.308 119.554
23.309 -119.561
23.309 119.561
23.31 -119.569
23.31 119.569
23.311 -119.576
23.311 119.576
23.312 -119.584
23.312 119.584
23.313 -119.591
23.313 119.591
23.314 -119.598
23.314 119.598
23.315 -119.606
23.315 119.606
23.316 -119.613
23.316 119.613
23.317 -119.621
23.317 119.621
23.318 -119.628
23.318 119.628
23.319 -119.635
23.319 119.635
23.32 -119.643
23.32 119.643
23.321 -119.65
23.321 119.65
23.322 -119.658
23.322 119.658
23.323 -119.665
23.323 119.665
23.324 -119.672
23.324 119.672
23.325 -119.68
23.325 119.68
23.326 -119.687
23.326 119.687
23.327 -119.695
23.327 119.695
23.328 -119.702
23.328 119.702
23.329 -119.709
23.329 119.709
23.33 -119.717
23.33 119.717
23.331 -119.724
23.331 119.724
23.332 -119.732
23.332 119.732
23.333 -119.739
23.333 119.739
23.334 -119.746
23.334 119.746
23.335 -119.754
23.335 119.754
23.336 -119.761
23.336 119.761
23.337 -119.769
23.337 119.769
23.338 -119.776
23.338 119.776
23.339 -119.784
23.339 119.784
23.34 -119.791
23.34 119.791
23.341 -119.798
23.341 119.798
23.342 -119.806
23.342 119.806
23.343 -119.813
23.343 119.813
23.344 -119.821
23.344 119.821
23.345 -119.828
23.345 119.828
23.346 -119.835
23.346 119.835
23.347 -119.843
23.347 119.843
23.348 -119.85
23.348 119.85
23.349 -119.858
23.349 119.858
23.35 -119.865
23.35 119.865
23.351 -119.872
23.351 119.872
23.352 -119.88
23.352 119.88
23.353 -119.887
23.353 119.887
23.354 -119.895
23.354 119.895
23.355 -119.902
23.355 119.902
23.356 -119.909
23.356 119.909
23.357 -119.917
23.357 119.917
23.358 -119.924
23.358 119.924
23.359 -119.932
23.359 119.932
23.36 -119.939
23.36 119.939
23.361 -119.946
23.361 119.946
23.362 -119.954
23.362 119.954
23.363 -119.961
23.363 119.961
23.364 -119.969
23.364 119.969
23.365 -119.976
23.365 119.976
23.366 -119.984
23.366 119.984
23.367 -119.991
23.367 119.991
23.368 -119.998
23.368 119.998
23.369 -120.006
23.369 120.006
23.37 -120.013
23.37 120.013
23.371 -120.021
23.371 120.021
23.372 -120.028
23.372 120.028
23.373 -120.035
23.373 120.035
23.374 -120.043
23.374 120.043
23.375 -120.05
23.375 120.05
23.376 -120.058
23.376 120.058
23.377 -120.065
23.377 120.065
23.378 -120.072
23.378 120.072
23.379 -120.08
23.379 120.08
23.38 -120.087
23.38 120.087
23.381 -120.095
23.381 120.095
23.382 -120.102
23.382 120.102
23.383 -120.11
23.383 120.11
23.384 -120.117
23.384 120.117
23.385 -120.124
23.385 120.124
23.386 -120.132
23.386 120.132
23.387 -120.139
23.387 120.139
23.388 -120.147
23.388 120.147
23.389 -120.154
23.389 120.154
23.39 -120.161
23.39 120.161
23.391 -120.169
23.391 120.169
23.392 -120.176
23.392 120.176
23.393 -120.184
23.393 120.184
23.394 -120.191
23.394 120.191
23.395 -120.198
23.395 120.198
23.396 -120.206
23.396 120.206
23.397 -120.213
23.397 120.213
23.398 -120.221
23.398 120.221
23.399 -120.228
23.399 120.228
23.4 -120.236
23.4 120.236
23.401 -120.243
23.401 120.243
23.402 -120.25
23.402 120.25
23.403 -120.258
23.403 120.258
23.404 -120.265
23.404 120.265
23.405 -120.273
23.405 120.273
23.406 -120.28
23.406 120.28
23.407 -120.287
23.407 120.287
23.408 -120.295
23.408 120.295
23.409 -120.302
23.409 120.302
23.41 -120.31
23.41 120.31
23.411 -120.317
23.411 120.317
23.412 -120.325
23.412 120.325
23.413 -120.332
23.413 120.332
23.414 -120.339
23.414 120.339
23.415 -120.347
23.415 120.347
23.416 -120.354
23.416 120.354
23.417 -120.362
23.417 120.362
23.418 -120.369
23.418 120.369
23.419 -120.376
23.419 120.376
23.42 -120.384
23.42 120.384
23.421 -120.391
23.421 120.391
23.422 -120.399
23.422 120.399
23.423 -120.406
23.423 120.406
23.424 -120.414
23.424 120.414
23.425 -120.421
23.425 120.421
23.426 -120.428
23.426 120.428
23.427 -120.436
23.427 120.436
23.428 -120.443
23.428 120.443
23.429 -120.451
23.429 120.451
23.43 -120.458
23.43 120.458
23.431 -120.465
23.431 120.465
23.432 -120.473
23.432 120.473
23.433 -120.48
23.433 120.48
23.434 -120.488
23.434 120.488
23.435 -120.495
23.435 120.495
23.436 -120.503
23.436 120.503
23.437 -120.51
23.437 120.51
23.438 -120.517
23.438 120.517
23.439 -120.525
23.439 120.525
23.44 -120.532
23.44 120.532
23.441 -120.54
23.441 120.54
23.442 -120.547
23.442 120.547
23.443 -120.555
23.443 120.555
23.444 -120.562
23.444 120.562
23.445 -120.569
23.445 120.569
23.446 -120.577
23.446 120.577
23.447 -120.584
23.447 120.584
23.448 -120.592
23.448 120.592
23.449 -120.599
23.449 120.599
23.45 -120.606
23.45 120.606
23.451 -120.614
23.451 120.614
23.452 -120.621
23.452 120.621
23.453 -120.629
23.453 120.629
23.454 -120.636
23.454 120.636
23.455 -120.644
23.455 120.644
23.456 -120.651
23.456 120.651
23.457 -120.658
23.457 120.658
23.458 -120.666
23.458 120.666
23.459 -120.673
23.459 120.673
23.46 -120.681
23.46 120.681
23.461 -120.688
23.461 120.688
23.462 -120.696
23.462 120.696
23.463 -120.703
23.463 120.703
23.464 -120.71
23.464 120.71
23.465 -120.718
23.465 120.718
23.466 -120.725
23.466 120.725
23.467 -120.733
23.467 120.733
23.468 -120.74
23.468 120.74
23.469 -120.748
23.469 120.748
23.47 -120.755
23.47 120.755
23.471 -120.762
23.471 120.762
23.472 -120.77
23.472 120.77
23.473 -120.777
23.473 120.777
23.474 -120.785
23.474 120.785
23.475 -120.792
23.475 120.792
23.476 -120.8
23.476 120.8
23.477 -120.807
23.477 120.807
23.478 -120.814
23.478 120.814
23.479 -120.822
23.479 120.822
23.48 -120.829
23.48 120.829
23.481 -120.837
23.481 120.837
23.482 -120.844
23.482 120.844
23.483 -120.851
23.483 120.851
23.484 -120.859
23.484 120.859
23.485 -120.866
23.485 120.866
23.486 -120.874
23.486 120.874
23.487 -120.881
23.487 120.881
23.488 -120.889
23.488 120.889
23.489 -120.896
23.489 120.896
23.49 -120.903
23.49 120.903
23.491 -120.911
23.491 120.911
23.492 -120.918
23.492 120.918
23.493 -120.926
23.493 120.926
23.494 -120.933
23.494 120.933
23.495 -120.941
23.495 120.941
23.496 -120.948
23.496 120.948
23.497 -120.955
23.497 120.955
23.498 -120.963
23.498 120.963
23.499 -120.97
23.499 120.97
23.5 -120.978
23.5 120.978
23.501 -120.985
23.501 120.985
23.502 -120.993
23.502 120.993
23.503 -121
23.503 121
23.504 -121.008
23.504 121.008
23.505 -121.015
23.505 121.015
23.506 -121.022
23.506 121.022
23.507 -121.03
23.507 121.03
23.508 -121.037
23.508 121.037
23.509 -121.045
23.509 121.045
23.51 -121.052
23.51 121.052
23.511 -121.06
23.511 121.06
23.512 -121.067
23.512 121.067
23.513 -121.074
23.513 121.074
23.514 -121.082
23.514 121.082
23.515 -121.089
23.515 121.089
23.516 -121.097
23.516 121.097
23.517 -121.104
23.517 121.104
23.518 -121.112
23.518 121.112
23.519 -121.119
23.519 121.119
23.52 -121.126
23.52 121.126
23.521 -121.134
23.521 121.134
23.522 -121.141
23.522 121.141
23.523 -121.149
23.523 121.149
23.524 -121.156
23.524 121.156
23.525 -121.164
23.525 121.164
23.526 -121.171
23.526 121.171
23.527 -121.178
23.527 121.178
23.528 -121.186
23.528 121.186
23.529 -121.193
23.529 121.193
23.53 -121.201
23.53 121.201
23.531 -121.208
23.531 121.208
23.532 -121.216
23.532 121.216
23.533 -121.223
23.533 121.223
23.534 -121.23
23.534 121.23
23.535 -121.238
23.535 121.238
23.536 -121.245
23.536 121.245
23.537 -121.253
23.537 121.253
23.538 -121.26
23.538 121.26
23.539 -121.268
23.539 121.268
23.54 -121.275
23.54 121.275
23.541 -121.283
23.541 121.283
23.542 -121.29
23.542 121.29
23.543 -121.297
23.543 121.297
23.544 -121.305
23.544 121.305
23.545 -121.312
23.545 121.312
23.546 -121.32
23.546 121.32
23.547 -121.327
23.547 121.327
23.548 -121.335
23.548 121.335
23.549 -121.342
23.549 121.342
23.55 -121.349
23.55 121.349
23.551 -121.357
23.551 121.357
23.552 -121.364
23.552 121.364
23.553 -121.372
23.553 121.372
23.554 -121.379
23.554 121.379
23.555 -121.387
23.555 121.387
23.556 -121.394
23.556 121.394
23.557 -121.402
23.557 121.402
23.558 -121.409
23.558 121.409
23.559 -121.416
23.559 121.416
23.56 -121.424
23.56 121.424
23.561 -121.431
23.561 121.431
23.562 -121.439
23.562 121.439
23.563 -121.446
23.563 121.446
23.564 -121.454
23.564 121.454
23.565 -121.461
23.565 121.461
23.566 -121.469
23.566 121.469
23.567 -121.476
23.567 121.476
23.568 -121.483
23.568 121.483
23.569 -121.491
23.569 121.491
23.57 -121.498
23.57 121.498
23.571 -121.506
23.571 121.506
23.572 -121.513
23.572 121.513
23.573 -121.521
23.573 121.521
23.574 -121.528
23.574 121.528
23.575 -121.535
23.575 121.535
23.576 -121.543
23.576 121.543
23.577 -121.55
23.577 121.55
23.578 -121.558
23.578 121.558
23.579 -121.565
23.579 121.565
23.58 -121.573
23.58 121.573
23.581 -121.58
23.581 121.58
23.582 -121.588
23.582 121.588
23.583 -121.595
23.583 121.595
23.584 -121.602
23.584 121.602
23.585 -121.61
23.585 121.61
23.586 -121.617
23.586 121.617
23.587 -121.625
23.587 121.625
23.588 -121.632
23.588 121.632
23.589 -121.64
23.589 121.64
23.59 -121.647
23.59 121.647
23.591 -121.655
23.591 121.655
23.592 -121.662
23.592 121.662
23.593 -121.669
23.593 121.669
23.594 -121.677
23.594 121.677
23.595 -121.684
23.595 121.684
23.596 -121.692
23.596 121.692
23.597 -121.699
23.597 121.699
23.598 -121.707
23.598 121.707
23.599 -121.714
23.599 121.714
23.6 -121.722
23.6 121.722
23.601 -121.729
23.601 121.729
23.602 -121.736
23.602 121.736
23.603 -121.744
23.603 121.744
23.604 -121.751
23.604 121.751
23.605 -121.759
23.605 121.759
23.606 -121.766
23.606 121.766
23.607 -121.774
23.607 121.774
23.608 -121.781
23.608 121.781
23.609 -121.789
23.609 121.789
23.61 -121.796
23.61 121.796
23.611 -121.803
23.611 121.803
23.612 -121.811
23.612 121.811
23.613 -121.818
23.613 121.818
23.614 -121.826
23.614 121.826
23.615 -121.833
23.615 121.833
23.616 -121.841
23.616 121.841
23.617 -121.848
23.617 121.848
23.618 -121.856
23.618 121.856
23.619 -121.863
23.619 121.863
23.62 -121.87
23.62 121.87
23.621 -121.878
23.621 121.878
23.622 -121.885
23.622 121.885
23.623 -121.893
23.623 121.893
23.624 -121.9
23.624 121.9
23.625 -121.908
23.625 121.908
23.626 -121.915
23.626 121.915
23.627 -121.923
23.627 121.923
23.628 -121.93
23.628 121.93
23.629 -121.938
23.629 121.938
23.63 -121.945
23.63 121.945
23.631 -121.952
23.631 121.952
23.632 -121.96
23.632 121.96
23.633 -121.967
23.633 121.967
23.634 -121.975
23.634 121.975
23.635 -121.982
23.635 121.982
23.636 -121.99
23.636 121.99
23.637 -121.997
23.637 121.997
23.638 -122.005
23.638 122.005
23.639 -122.012
23.639 122.012
23.64 -122.019
23.64 122.019
23.641 -122.027
23.641 122.027
23.642 -122.034
23.642 122.034
23.643 -122.042
23.643 122.042
23.644 -122.049
23.644 122.049
23.645 -122.057
23.645 122.057
23.646 -122.064
23.646 122.064
23.647 -122.072
23.647 122.072
23.648 -122.079
23.648 122.079
23.649 -122.087
23.649 122.087
23.65 -122.094
23.65 122.094
23.651 -122.101
23.651 122.101
23.652 -122.109
23.652 122.109
23.653 -122.116
23.653 122.116
23.654 -122.124
23.654 122.124
23.655 -122.131
23.655 122.131
23.656 -122.139
23.656 122.139
23.657 -122.146
23.657 122.146
23.658 -122.154
23.658 122.154
23.659 -122.161
23.659 122.161
23.66 -122.169
23.66 122.169
23.661 -122.176
23.661 122.176
23.662 -122.183
23.662 122.183
23.663 -122.191
23.663 122.191
23.664 -122.198
23.664 122.198
23.665 -122.206
23.665 122.206
23.666 -122.213
23.666 122.213
23.667 -122.221
23.667 122.221
23.668 -122.228
23.668 122.228
23.669 -122.236
23.669 122.236
23.67 -122.243
23.67 122.243
23.671 -122.251
23.671 122.251
23.672 -122.258
23.672 122.258
23.673 -122.265
23.673 122.265
23.674 -122.273
23.674 122.273
23.675 -122.28
23.675 122.28
23.676 -122.288
23.676 122.288
23.677 -122.295
23.677 122.295
23.678 -122.303
23.678 122.303
23.679 -122.31
23.679 122.31
23.68 -122.318
23.68 122.318
23.681 -122.325
23.681 122.325
23.682 -122.333
23.682 122.333
23.683 -122.34
23.683 122.34
23.684 -122.347
23.684 122.347
23.685 -122.355
23.685 122.355
23.686 -122.362
23.686 122.362
23.687 -122.37
23.687 122.37
23.688 -122.377
23.688 122.377
23.689 -122.385
23.689 122.385
23.69 -122.392
23.69 122.392
23.691 -122.4
23.691 122.4
23.692 -122.407
23.692 122.407
23.693 -122.415
23.693 122.415
23.694 -122.422
23.694 122.422
23.695 -122.43
23.695 122.43
23.696 -122.437
23.696 122.437
23.697 -122.444
23.697 122.444
23.698 -122.452
23.698 122.452
23.699 -122.459
23.699 122.459
23.7 -122.467
23.7 122.467
23.701 -122.474
23.701 122.474
23.702 -122.482
23.702 122.482
23.703 -122.489
23.703 122.489
23.704 -122.497
23.704 122.497
23.705 -122.504
23.705 122.504
23.706 -122.512
23.706 122.512
23.707 -122.519
23.707 122.519
23.708 -122.527
23.708 122.527
23.709 -122.534
23.709 122.534
23.71 -122.541
23.71 122.541
23.711 -122.549
23.711 122.549
23.712 -122.556
23.712 122.556
23.713 -122.564
23.713 122.564
23.714 -122.571
23.714 122.571
23.715 -122.579
23.715 122.579
23.716 -122.586
23.716 122.586
23.717 -122.594
23.717 122.594
23.718 -122.601
23.718 122.601
23.719 -122.609
23.719 122.609
23.72 -122.616
23.72 122.616
23.721 -122.624
23.721 122.624
23.722 -122.631
23.722 122.631
23.723 -122.638
23.723 122.638
23.724 -122.646
23.724 122.646
23.725 -122.653
23.725 122.653
23.726 -122.661
23.726 122.661
23.727 -122.668
23.727 122.668
23.728 -122.676
23.728 122.676
23.729 -122.683
23.729 122.683
23.73 -122.691
23.73 122.691
23.731 -122.698
23.731 122.698
23.732 -122.706
23.732 122.706
23.733 -122.713
23.733 122.713
23.734 -122.721
23.734 122.721
23.735 -122.728
23.735 122.728
23.736 -122.735
23.736 122.735
23.737 -122.743
23.737 122.743
23.738 -122.75
23.738 122.75
23.739 -122.758
23.739 122.758
23.74 -122.765
23.74 122.765
23.741 -122.773
23.741 122.773
23.742 -122.78
23.742 122.78
23.743 -122.788
23.743 122.788
23.744 -122.795
23.744 122.795
23.745 -122.803
23.745 122.803
23.746 -122.81
23.746 122.81
23.747 -122.818
23.747 122.818
23.748 -122.825
23.748 122.825
23.749 -122.833
23.749 122.833
23.75 -122.84
23.75 122.84
23.751 -122.847
23.751 122.847
23.752 -122.855
23.752 122.855
23.753 -122.862
23.753 122.862
23.754 -122.87
23.754 122.87
23.755 -122.877
23.755 122.877
23.756 -122.885
23.756 122.885
23.757 -122.892
23.757 122.892
23.758 -122.9
23.758 122.9
23.759 -122.907
23.759 122.907
23.76 -122.915
23.76 122.915
23.761 -122.922
23.761 122.922
23.762 -122.93
23.762 122.93
23.763 -122.937
23.763 122.937
23.764 -122.945
23.764 122.945
23.765 -122.952
23.765 122.952
23.766 -122.96
23.766 122.96
23.767 -122.967
23.767 122.967
23.768 -122.974
23.768 122.974
23.769 -122.982
23.769 122.982
23.77 -122.989
23.77 122.989
23.771 -122.997
23.771 122.997
23.772 -123.004
23.772 123.004
23.773 -123.012
23.773 123.012
23.774 -123.019
23.774 123.019
23.775 -123.027
23.775 123.027
23.776 -123.034
23.776 123.034
23.777 -123.042
23.777 123.042
23.778 -123.049
23.778 123.049
23.779 -123.057
23.779 123.057
23.78 -123.064
23.78 123.064
23.781 -123.072
23.781 123.072
23.782 -123.079
23.782 123.079
23.783 -123.087
23.783 123.087
23.784 -123.094
23.784 123.094
23.785 -123.101
23.785 123.101
23.786 -123.109
23.786 123.109
23.787 -123.116
23.787 123.116
23.788 -123.124
23.788 123.124
23.789 -123.131
23.789 123.131
23.79 -123.139
23.79 123.139
23.791 -123.146
23.791 123.146
23.792 -123.154
23.792 123.154
23.793 -123.161
23.793 123.161
23.794 -123.169
23.794 123.169
23.795 -123.176
23.795 123.176
23.796 -123.184
23.796 123.184
23.797 -123.191
23.797 123.191
23.798 -123.199
23.798 123.199
23.799 -123.206
23.799 123.206
23.8 -123.214
23.8 123.214
23.801 -123.221
23.801 123.221
23.802 -123.229
23.802 123.229
23.803 -123.236
23.803 123.236
23.804 -123.244
23.804 123.244
23.805 -123.251
23.805 123.251
23.806 -123.258
23.806 123.258
23.807 -123.266
23.807 123.266
23.808 -123.273
23.808 123.273
23.809 -123.281
23.809 123.281
23.81 -123.288
23.81 123.288
23.811 -123.296
23.811 123.296
23.812 -123.303
23.812 123.303
23.813 -123.311
23.813 123.311
23.814 -123.318
23.814 123.318
23.815 -123.326
23.815 123.326
23.816 -123.333
23.816 123.333
23.817 -123.341
23.817 123.341
23.818 -123.348
23.818 123.348
23.819 -123.356
23.819 123.356
23.82 -123.363
23.82 123.363
23.821 -123.371
23.821 123.371
23.822 -123.378
23.822 123.378
23.823 -123.386
23.823 123.386
23.824 -123.393
23.824 123.393
23.825 -123.401
23.825 123.401
23.826 -123.408
23.826 123.408
23.827 -123.415
23.827 123.415
23.828 -123.423
23.828 123.423
23.829 -123.43
23.829 123.43
23.83 -123.438
23.83 123.438
23.831 -123.445
23.831 123.445
23.832 -123.453
23.832 123.453
23.833 -123.46
23.833 123.46
23.834 -123.468
23.834 123.468
23.835 -123.475
23.835 123.475
23.836 -123.483
23.836 123.483
23.837 -123.49
23.837 123.49
23.838 -123.498
23.838 123.498
23.839 -123.505
23.839 123.505
23.84 -123.513
23.84 123.513
23.841 -123.52
23.841 123.52
23.842 -123.528
23.842 123.528
23.843 -123.535
23.843 123.535
23.844 -123.543
23.844 123.543
23.845 -123.55
23.845 123.55
23.846 -123.558
23.846 123.558
23.847 -123.565
23.847 123.565
23.848 -123.573
23.848 123.573
23.849 -123.58
23.849 123.58
23.85 -123.588
23.85 123.588
23.851 -123.595
23.851 123.595
23.852 -123.603
23.852 123.603
23.853 -123.61
23.853 123.61
23.854 -123.617
23.854 123.617
23.855 -123.625
23.855 123.625
23.856 -123.632
23.856 123.632
23.857 -123.64
23.857 123.64
23.858 -123.647
23.858 123.647
23.859 -123.655
23.859 123.655
23.86 -123.662
23.86 123.662
23.861 -123.67
23.861 123.67
23.862 -123.677
23.862 123.677
23.863 -123.685
23.863 123.685
23.864 -123.692
23.864 123.692
23.865 -123.7
23.865 123.7
23.866 -123.707
23.866 123.707
23.867 -123.715
23.867 123.715
23.868 -123.722
23.868 123.722
23.869 -123.73
23.869 123.73
23.87 -123.737
23.87 123.737
23.871 -123.745
23.871 123.745
23.872 -123.752
23.872 123.752
23.873 -123.76
23.873 123.76
23.874 -123.767
23.874 123.767
23.875 -123.775
23.875 123.775
23.876 -123.782
23.876 123.782
23.877 -123.79
23.877 123.79
23.878 -123.797
23.878 123.797
23.879 -123.805
23.879 123.805
23.88 -123.812
23.88 123.812
23.881 -123.82
23.881 123.82
23.882 -123.827
23.882 123.827
23.883 -123.835
23.883 123.835
23.884 -123.842
23.884 123.842
23.885 -123.85
23.885 123.85
23.886 -123.857
23.886 123.857
23.887 -123.865
23.887 123.865
23.888 -123.872
23.888 123.872
23.889 -123.88
23.889 123.88
23.89 -123.887
23.89 123.887
23.891 -123.894
23.891 123.894
23.892 -123.902
23.892 123.902
23.893 -123.909
23.893 123.909
23.894 -123.917
23.894 123.917
23.895 -123.924
23.895 123.924
23.896 -123.932
23.896 123.932
23.897 -123.939
23.897 123.939
23.898 -123.947
23.898 123.947
23.899 -123.954
23.899 123.954
23.9 -123.962
23.9 123.962
23.901 -123.969
23.901 123.969
23.902 -123.977
23.902 123.977
23.903 -123.984
23.903 123.984
23.904 -123.992
23.904 123.992
23.905 -123.999
23.905 123.999
23.906 -124.007
23.906 124.007
23.907 -124.014
23.907 124.014
23.908 -124.022
23.908 124.022
23.909 -124.029
23.909 124.029
23.91 -124.037
23.91 124.037
23.911 -124.044
23.911 124.044
23.912 -124.052
23.912 124.052
23.913 -124.059
23.913 124.059
23.914 -124.067
23.914 124.067
23.915 -124.074
23.915 124.074
23.916 -124.082
23.916 124.082
23.917 -124.089
23.917 124.089
23.918 -124.097
23.918 124.097
23.919 -124.104
23.919 124.104
23.92 -124.112
23.92 124.112
23.921 -124.119
23.921 124.119
23.922 -124.127
23.922 124.127
23.923 -124.134
23.923 124.134
23.924 -124.142
23.924 124.142
23.925 -124.149
23.925 124.149
23.926 -124.157
23.926 124.157
23.927 -124.164
23.927 124.164
23.928 -124.172
23.928 124.172
23.929 -124.179
23.929 124.179
23.93 -124.187
23.93 124.187
23.931 -124.194
23.931 124.194
23.932 -124.202
23.932 124.202
23.933 -124.209
23.933 124.209
23.934 -124.217
23.934 124.217
23.935 -124.224
23.935 124.224
23.936 -124.232
23.936 124.232
23.937 -124.239
23.937 124.239
23.938 -124.247
23.938 124.247
23.939 -124.254
23.939 124.254
23.94 -124.262
23.94 124.262
23.941 -124.269
23.941 124.269
23.942 -124.277
23.942 124.277
23.943 -124.284
23.943 124.284
23.944 -124.292
23.944 124.292
23.945 -124.299
23.945 124.299
23.946 -124.307
23.946 124.307
23.947 -124.314
23.947 124.314
23.948 -124.322
23.948 124.322
23.949 -124.329
23.949 124.329
23.95 -124.337
23.95 124.337
23.951 -124.344
23.951 124.344
23.952 -124.352
23.952 124.352
23.953 -124.359
23.953 124.359
23.954 -124.367
23.954 124.367
23.955 -124.374
23.955 124.374
23.956 -124.382
23.956 124.382
23.957 -124.389
23.957 124.389
23.958 -124.397
23.958 124.397
23.959 -124.404
23.959 124.404
23.96 -124.412
23.96 124.412
23.961 -124.419
23.961 124.419
23.962 -124.427
23.962 124.427
23.963 -124.434
23.963 124.434
23.964 -124.442
23.964 124.442
23.965 -124.449
23.965 124.449
23.966 -124.457
23.966 124.457
23.967 -124.464
23.967 124.464
23.968 -124.472
23.968 124.472
23.969 -124.479
23.969 124.479
23.97 -124.487
23.97 124.487
23.971 -124.494
23.971 124.494
23.972 -124.502
23.972 124.502
23.973 -124.509
23.973 124.509
23.974 -124.517
23.974 124.517
23.975 -124.524
23.975 124.524
23.976 -124.532
23.976 124.532
23.977 -124.539
23.977 124.539
23.978 -124.547
23.978 124.547
23.979 -124.554
23.979 124.554
23.98 -124.562
23.98 124.562
23.981 -124.569
23.981 124.569
23.982 -124.577
23.982 124.577
23.983 -124.584
23.983 124.584
23.984 -124.592
23.984 124.592
23.985 -124.599
23.985 124.599
23.986 -124.607
23.986 124.607
23.987 -124.614
23.987 124.614
23.988 -124.622
23.988 124.622
23.989 -124.629
23.989 124.629
23.99 -124.637
23.99 124.637
23.991 -124.644
23.991 124.644
23.992 -124.652
23.992 124.652
23.993 -124.659
23.993 124.659
23.994 -124.667
23.994 124.667
23.995 -124.674
23.995 124.674
23.996 -124.682
23.996 124.682
23.997 -124.689
23.997 124.689
23.998 -124.697
23.998 124.697
23.999 -124.704
23.999 124.704
