-3.195 -0.0971346
-3.195 0.0971346
-3.194 -0.144508
-3.194 0.144508
-3.193 -0.179769
-3.193 0.179769
-3.192 -0.209137
-3.192 0.209137
-3.191 -0.234832
-3.191 0.234832
-3.19 -0.257955
-3.19 0.257955
-3.189 -0.279146
-3.189 0.279146
-3.188 -0.298817
-3.188 0.298817
-3.187 -0.317249
-3.187 0.317249
-3.186 -0.334648
-3.186 0.334648
-3.185 -0.351167
-3.185 0.351167
-3.184 -0.366926
-3.184 0.366926
-3.183 -0.382018
-3.183 0.382018
-3.182 -0.396519
-3.182 0.396519
-3.181 -0.410493
-3.181 0.410493
-3.18 -0.423991
-3.18 0.423991
-3.179 -0.437057
-3.179 0.437057
-3.178 -0.449729
-3.178 0.449729
-3.177 -0.46204
-3.177 0.46204
-3.176 -0.474017
-3.176 0.474017
-3.175 -0.485686
-3.175 0.485686
-3.174 -0.497067
-3.174 0.497067
-3.173 -0.508181
-3.173 0.508181
-3.172 -0.519045
-3.172 0.519045
-3.171 -0.529673
-3.171 0.529673
-3.17 -0.540081
-3.17 0.540081
-3.169 -0.550279
-3.169 0.550279
-3.168 -0.560281
-3.168 0.560281
-3.167 -0.570095
-3.167 0.570095
-3.166 -0.579732
-3.166 0.579732
-3.165 -0.589201
-3.165 0.589201
-3.164 -0.598509
-3.164 0.598509
-3.163 -0.607664
-3.163 0.607664
-3.162 -0.616672
-3.162 0.616672
-3.161 -0.62554
-3.161 0.62554
-3.16 -0.634274
-3.16 0.634274
-3.159 -0.64288
-3.159 0.64288
-3.158 -0.651361
-3.158 0.651361
-3.157 -0.659724
-3.157 0.659724
-3.156 -0.667973
-3.156 0.667973
-3.155 -0.676111
-3.155 0.676111
-3.154 -0.684143
-3.154 0.684143
-3.153 -0.692073
-3.153 0.692073
-3.152 -0.699903
-3.152 0.699903
-3.151 -0.707638
-3.151 0.707638
-3.15 -0.71528
-3.15 0.71528
-3.149 -0.722832
-3.149 0.722832
-3.148 -0.730297
-3.148 0.730297
-3.147 -0.737678
-3.147 0.737678
-3.146 -0.744978
-3.146 0.744978
-3.145 -0.752198
-3.145 0.752198
-3.144 -0.759341
-3.144 0.759341
-3.143 -0.766408
-3.143 0.766408
-3.142 -0.773403
-3.142 0.773403
-3.141 -0.780327
-3.141 0.780327
-3.14 -0.787182
-3.14 0.787182
-3.139 -0.79397
-3.139 0.79397
-3.138 -0.800692
-3.138 0.800692
-3.137 -0.80735
-3.137 0.80735
-3.136 -0.813946
-3.136 0.813946
-3.135 -0.820481
-3.135 0.820481
-3.134 -0.826957
-3.134 0.826957
-3.133 -0.833375
-3.133 0.833375
-3.132 -0.839736
-3.132 0.839736
-3.131 -0.846041
-3.131 0.846041
-3.13 -0.852293
-3.13 0.852293
-3.129 -0.858491
-3.129 0.858491
-3.128 -0.864638
-3.128 0.864638
-3.127 -0.870734
-3.127 0.870734
-3.126 -0.87678
-3.126 0.87678
-3.125 -0.882778
-3.125 0.882778
-3.124 -0.888728
-3.124 0.888728
-3.123 -0.894631
-3.123 0.894631
-3.122 -0.900489
-3.122 0.900489
-3.121 -0.906302
-3.121 0.906302
-3.12 -0.91207
-3.12 0.91207
-3.119 -0.917796
-3.119 0.917796
-3.118 -0.923479
-3.118 0.923479
-3.117 -0.92912
-3.117 0.92912
-3.116 -0.934721
-3.116 0.934721
-3.115 -0.940281
-3.115 0.940281
-3.114 -0.945803
-3.114 0.945803
-3.113 -0.951285
-3.113 0.951285
-3.112 -0.956729
-3.112 0.956729
-3.111 -0.962136
-3.111 0.962136
-3.11 -0.967507
-3.11 0.967507
-3.109 -0.972841
-3.109 0.972841
-3.108 -0.978139
-3.108 0.978139
-3.107 -0.983403
-3.107 0.983403
-3.106 -0.988632
-3.106 0.988632
-3.105 -0.993827
-3.105 0.993827
-3.104 -0.998989
-3.104 0.998989
-3.103 -1.00412
-3.103 1.00412
-3.102 -1.00921
-3.102 1.00921
-3.101 -1.01428
-3.101 1.01428
-3.1 -1.01931
-3.1 1.01931
-3.099 -1.02432
-3.099 1.02432
-3.098 -1.02929
-3.098 1.02929
-3.097 -1.03423
-3.097 1.03423
-3.096 -1.03914
-3.096 1.03914
-3.095 -1.04403
-3.095 1.04403
-3.094 -1.04888
-3.094 1.04888
-3.093 -1.05371
-3.093 1.05371
-3.092 -1.05851
-3.092 1.05851
-3.091 -1.06328
-3.091 1.06328
-3.09 -1.06802
-3.09 1.06802
-3.089 -1.07274
-3.089 1.07274
-3.088 -1.07743
-3.088 1.07743
-3.087 -1.08209
-3.087 1.08209
-3.086 -1.08673
-3.086 1.08673
-3.085 -1.09135
-3.085 1.09135
-3.084 -1.09593
-3.084 1.09593
-3.083 -1.1005
-3.083 1.1005
-3.082 -1.10504
-3.082 1.10504
-3.081 -1.10955
-3.081 1.10955
-3.08 -1.11404
-3.08 1.11404
-3.079 -1.11851
-3.079 1.11851
-3.078 -1.12295
-3.078 1.12295
-3.077 -1.12737
-3.077 1.12737
-3.076 -1.13177
-3.076 1.13177
-3.075 -1.13615
-3.075 1.13615
-3.074 -1.1405
-3.074 1.1405
-3.073 -1.14483
-3.073 1.14483
-3.072 -1.14914
-3.072 1.14914
-3.071 -1.15343
-3.071 1.15343
-3.07 -1.15769
-3.07 1.15769
-3.069 -1.16194
-3.069 1.16194
-3.068 -1.16617
-3.068 1.16617
-3.067 -1.17037
-3.067 1.17037
-3.066 -1.17455
-3.066 1.17455
-3.065 -1.17872
-3.065 1.17872
-3.064 -1.18286
-3.064 1.18286
-3.063 -1.18699
-3.063 1.18699
-3.062 -1.19109
-3.062 1.19109
-3.061 -1.19518
-3.061 1.19518
-3.06 -1.19924
-3.06 1.19924
-3.059 -1.20329
-3.059 1.20329
-3.058 -1.20732
-3.058 1.20732
-3.057 -1.21133
-3.057 1.21133
-3.056 -1.21532
-3.056 1.21532
-3.055 -1.2193
-3.055 1.2193
-3.054 -1.22325
-3.054 1.22325
-3.053 -1.22719
-3.053 1.22719
-3.052 -1.23111
-3.052 1.23111
-3.051 -1.23501
-3.051 1.23501
-3.05 -1.2389
-3.05 1.2389
-3.049 -1.24277
-3.049 1.24277
-3.048 -1.24662
-3.048 1.24662
-3.047 -1.25046
-3.047 1.25046
-3.046 -1.25428
-3.046 1.25428
-3.045 -1.25808
-3.045 1.25808
-3.044 -1.26186
-3.044 1.26186
-3.043 -1.26563
-3.043 1.26563
-3.042 -1.26939
-3.042 1.26939
-3.041 -1.27312
-3.041 1.27312
-3.04 -1.27685
-3.04 1.27685
-3.039 -1.28055
-3.039 1.28055
-3.038 -1.28424
-3.038 1.28424
-3.037 -1.28792
-3.037 1.28792
-3.036 -1.29158
-3.036 1.29158
-3.035 -1.29522
-3.035 1.29522
-3.034 -1.29886
-3.034 1.29886
-3.033 -1.30247
-3.033 1.30247
-3.032 -1.30607
-3.032 1.30607
-3.031 -1.30966
-3.031 1.30966
-3.03 -1.31323
-3.03 1.31323
-3.029 -1.31679
-3.029 1.31679
-3.028 -1.32033
-3.028 1.32033
-3.027 -1.32386
-3.027 1.32386
-3.026 -1.32738
-3.026 1.32738
-3.025 -1.33088
-3.025 1.33088
-3.024 -1.33437
-3.024 1.33437
-3.023 -1.33784
-3.023 1.33784
-3.022 -1.3413
-3.022 1.3413
-3.021 -1.34475
-3.021 1.34475
-3.02 -1.34818
-3.02 1.34818
-3.019 -1.3516
-3.019 1.3516
-3.018 -1.35501
-3.018 1.35501
-3.017 -1.3584
-3.017 1.3584
-3.016 -1.36179
-3.016 1.36179
-3.015 -1.36515
-3.015 1.36515
-3.014 -1.36851
-3.014 1.36851
-3.013 -1.37185
-3.013 1.37185
-3.012 -1.37519
-3.012 1.37519
-3.011 -1.3785
-3.011 1.3785
-3.01 -1.38181
-3.01 1.38181
-3.009 -1.3851
-3.009 1.3851
-3.008 -1.38839
-3.008 1.38839
-3.007 -1.39166
-3.007 1.39166
-3.006 -1.39491
-3.006 1.39491
-3.005 -1.39816
-3.005 1.39816
-3.004 -1.40139
-3.004 1.40139
-3.003 -1.40462
-3.003 1.40462
-3.002 -1.40783
-3.002 1.40783
-3.001 -1.41103
-3.001 1.41103
-3 -1.41421
-3 1.41421
-2.999 -1.41739
-2.999 1.41739
-2.998 -1.42055
-2.998 1.42055
-2.997 -1.42371
-2.997 1.42371
-2.996 -1.42685
-2.996 1.42685
-2.995 -1.42998
-2.995 1.42998
-2.994 -1.4331
-2.994 1.4331
-2.993 -1.43621
-2.993 1.43621
-2.992 -1.43931
-2.992 1.43931
-2.991 -1.4424
-2.991 1.4424
-2.99 -1.44548
-2.99 1.44548
-2.989 -1.44854
-2.989 1.44854
-2.988 -1.4516
-2.988 1.4516
-2.987 -1.45464
-2.987 1.45464
-2.986 -1.45768
-2.986 1.45768
-2.985 -1.4607
-2.985 1.4607
-2.984 -1.46372
-2.984 1.46372
-2.983 -1.46672
-2.983 1.46672
-2.982 -1.46971
-2.982 1.46971
-2.981 -1.4727
-2.981 1.4727
-2.98 -1.47567
-2.98 1.47567
-2.979 -1.47864
-2.979 1.47864
-2.978 -1.48159
-2.978 1.48159
-2.977 -1.48453
-2.977 1.48453
-2.976 -1.48747
-2.976 1.48747
-2.975 -1.49039
-2.975 1.49039
-2.974 -1.49331
-2.974 1.49331
-2.973 -1.49621
-2.973 1.49621
-2.972 -1.49911
-2.972 1.49911
-2.971 -1.50199
-2.971 1.50199
-2.97 -1.50487
-2.97 1.50487
-2.969 -1.50773
-2.969 1.50773
-2.968 -1.51059
-2.968 1.51059
-2.967 -1.51344
-2.967 1.51344
-2.966 -1.51628
-2.966 1.51628
-2.965 -1.51911
-2.965 1.51911
-2.964 -1.52193
-2.964 1.52193
-2.963 -1.52474
-2.963 1.52474
-2.962 -1.52754
-2.962 1.52754
-2.961 -1.53034
-2.961 1.53034
-2.96 -1.53312
-2.96 1.53312
-2.959 -1.5359
-2.959 1.5359
-2.958 -1.53867
-2.958 1.53867
-2.957 -1.54142
-2.957 1.54142
-2.956 -1.54417
-2.956 1.54417
-2.955 -1.54691
-2.955 1.54691
-2.954 -1.54965
-2.954 1.54965
-2.953 -1.55237
-2.953 1.55237
-2.952 -1.55508
-2.952 1.55508
-2.951 -1.55779
-2.951 1.55779
-2.95 -1.56049
-2.95 1.56049
-2.949 -1.56318
-2.949 1.56318
-2.948 -1.56586
-2.948 1.56586
-2.947 -1.56853
-2.947 1.56853
-2.946 -1.5712
-2.946 1.5712
-2.945 -1.57385
-2.945 1.57385
-2.944 -1.5765
-2.944 1.5765
-2.943 -1.57914
-2.943 1.57914
-2.942 -1.58177
-2.942 1.58177
-2.941 -1.5844
-2.941 1.5844
-2.94 -1.58701
-2.94 1.58701
-2.939 -1.58962
-2.939 1.58962
-2.938 -1.59222
-2.938 1.59222
-2.937 -1.59482
-2.937 1.59482
-2.936 -1.5974
-2.936 1.5974
-2.935 -1.59998
-2.935 1.59998
-2.934 -1.60255
-2.934 1.60255
-2.933 -1.60511
-2.933 1.60511
-2.932 -1.60766
-2.932 1.60766
-2.931 -1.61021
-2.931 1.61021
-2.93 -1.61274
-2.93 1.61274
-2.929 -1.61527
-2.929 1.61527
-2.928 -1.6178
-2.928 1.6178
-2.927 -1.62031
-2.927 1.62031
-2.926 -1.62282
-2.926 1.62282
-2.925 -1.62532
-2.925 1.62532
-2.924 -1.62782
-2.924 1.62782
-2.923 -1.6303
-2.923 1.6303
-2.922 -1.63278
-2.922 1.63278
-2.921 -1.63525
-2.921 1.63525
-2.92 -1.63772
-2.92 1.63772
-2.919 -1.64017
-2.919 1.64017
-2.918 -1.64262
-2.918 1.64262
-2.917 -1.64506
-2.917 1.64506
-2.916 -1.6475
-2.916 1.6475
-2.915 -1.64993
-2.915 1.64993
-2.914 -1.65235
-2.914 1.65235
-2.913 -1.65476
-2.913 1.65476
-2.912 -1.65717
-2.912 1.65717
-2.911 -1.65957
-2.911 1.65957
-2.91 -1.66197
-2.91 1.66197
-2.909 -1.66435
-2.909 1.66435
-2.908 -1.66673
-2.908 1.66673
-2.907 -1.6691
-2.907 1.6691
-2.906 -1.67147
-2.906 1.67147
-2.905 -1.67383
-2.905 1.67383
-2.904 -1.67618
-2.904 1.67618
-2.903 -1.67853
-2.903 1.67853
-2.902 -1.68087
-2.902 1.68087
-2.901 -1.6832
-2.901 1.6832
-2.9 -1.68553
-2.9 1.68553
-2.899 -1.68785
-2.899 1.68785
-2.898 -1.69016
-2.898 1.69016
-2.897 -1.69247
-2.897 1.69247
-2.896 -1.69477
-2.896 1.69477
-2.895 -1.69706
-2.895 1.69706
-2.894 -1.69935
-2.894 1.69935
-2.893 -1.70163
-2.893 1.70163
-2.892 -1.7039
-2.892 1.7039
-2.891 -1.70617
-2.891 1.70617
-2.89 -1.70843
-2.89 1.70843
-2.889 -1.71068
-2.889 1.71068
-2.888 -1.71293
-2.888 1.71293
-2.887 -1.71518
-2.887 1.71518
-2.886 -1.71741
-2.886 1.71741
-2.885 -1.71964
-2.885 1.71964
-2.884 -1.72187
-2.884 1.72187
-2.883 -1.72408
-2.883 1.72408
-2.882 -1.7263
-2.882 1.7263
-2.881 -1.7285
-2.881 1.7285
-2.88 -1.7307
-2.88 1.7307
-2.879 -1.7329
-2.879 1.7329
-2.878 -1.73508
-2.878 1.73508
-2.877 -1.73726
-2.877 1.73726
-2.876 -1.73944
-2.876 1.73944
-2.875 -1.74161
-2.875 1.74161
-2.874 -1.74377
-2.874 1.74377
-2.873 -1.74593
-2.873 1.74593
-2.872 -1.74808
-2.872 1.74808
-2.871 -1.75023
-2.871 1.75023
-2.87 -1.75237
-2.87 1.75237
-2.869 -1.7545
-2.869 1.7545
-2.868 -1.75663
-2.868 1.75663
-2.867 -1.75875
-2.867 1.75875
-2.866 -1.76087
-2.866 1.76087
-2.865 -1.76298
-2.865 1.76298
-2.864 -1.76509
-2.864 1.76509
-2.863 -1.76719
-2.863 1.76719
-2.862 -1.76928
-2.862 1.76928
-2.861 -1.77137
-2.861 1.77137
-2.86 -1.77346
-2.86 1.77346
-2.859 -1.77553
-2.859 1.77553
-2.858 -1.7776
-2.858 1.7776
-2.857 -1.77967
-2.857 1.77967
-2.856 -1.78173
-2.856 1.78173
-2.855 -1.78379
-2.855 1.78379
-2.854 -1.78584
-2.854 1.78584
-2.853 -1.78788
-2.853 1.78788
-2.852 -1.78992
-2.852 1.78992
-2.851 -1.79195
-2.851 1.79195
-2.85 -1.79398
-2.85 1.79398
-2.849 -1.79601
-2.849 1.79601
-2.848 -1.79802
-2.848 1.79802
-2.847 -1.80004
-2.847 1.80004
-2.846 -1.80204
-2.846 1.80204
-2.845 -1.80404
-2.845 1.80404
-2.844 -1.80604
-2.844 1.80604
-2.843 -1.80803
-2.843 1.80803
-2.842 -1.81002
-2.842 1.81002
-2.841 -1.812
-2.841 1.812
-2.84 -1.81397
-2.84 1.81397
-2.839 -1.81594
-2.839 1.81594
-2.838 -1.81791
-2.838 1.81791
-2.837 -1.81987
-2.837 1.81987
-2.836 -1.82182
-2.836 1.82182
-2.835 -1.82377
-2.835 1.82377
-2.834 -1.82572
-2.834 1.82572
-2.833 -1.82766
-2.833 1.82766
-2.832 -1.82959
-2.832 1.82959
-2.831 -1.83152
-2.831 1.83152
-2.83 -1.83344
-2.83 1.83344
-2.829 -1.83536
-2.829 1.83536
-2.828 -1.83728
-2.828 1.83728
-2.827 -1.83919
-2.827 1.83919
-2.826 -1.84109
-2.826 1.84109
-2.825 -1.84299
-2.825 1.84299
-2.824 -1.84488
-2.824 1.84488
-2.823 -1.84677
-2.823 1.84677
-2.822 -1.84866
-2.822 1.84866
-2.821 -1.85054
-2.821 1.85054
-2.82 -1.85241
-2.82 1.85241
-2.819 -1.85428
-2.819 1.85428
-2.818 -1.85615
-2.818 1.85615
-2.817 -1.85801
-2.817 1.85801
-2.816 -1.85986
-2.816 1.85986
-2.815 -1.86171
-2.815 1.86171
-2.814 -1.86356
-2.814 1.86356
-2.813 -1.8654
-2.813 1.8654
-2.812 -1.86724
-2.812 1.86724
-2.811 -1.86907
-2.811 1.86907
-2.81 -1.8709
-2.81 1.8709
-2.809 -1.87272
-2.809 1.87272
-2.808 -1.87454
-2.808 1.87454
-2.807 -1.87635
-2.807 1.87635
-2.806 -1.87816
-2.806 1.87816
-2.805 -1.87996
-2.805 1.87996
-2.804 -1.88176
-2.804 1.88176
-2.803 -1.88356
-2.803 1.88356
-2.802 -1.88535
-2.802 1.88535
-2.801 -1.88713
-2.801 1.88713
-2.8 -1.88892
-2.8 1.88892
-2.799 -1.89069
-2.799 1.89069
-2.798 -1.89246
-2.798 1.89246
-2.797 -1.89423
-2.797 1.89423
-2.796 -1.89599
-2.796 1.89599
-2.795 -1.89775
-2.795 1.89775
-2.794 -1.89951
-2.794 1.89951
-2.793 -1.90126
-2.793 1.90126
-2.792 -1.903
-2.792 1.903
-2.791 -1.90474
-2.791 1.90474
-2.79 -1.90648
-2.79 1.90648
-2.789 -1.90821
-2.789 1.90821
-2.788 -1.90994
-2.788 1.90994
-2.787 -1.91166
-2.787 1.91166
-2.786 -1.91338
-2.786 1.91338
-2.785 -1.91509
-2.785 1.91509
-2.784 -1.91681
-2.784 1.91681
-2.783 -1.91851
-2.783 1.91851
-2.782 -1.92021
-2.782 1.92021
-2.781 -1.92191
-2.781 1.92191
-2.78 -1.9236
-2.78 1.9236
-2.779 -1.92529
-2.779 1.92529
-2.778 -1.92698
-2.778 1.92698
-2.777 -1.92866
-2.777 1.92866
-2.776 -1.93033
-2.776 1.93033
-2.775 -1.932
-2.775 1.932
-2.774 -1.93367
-2.774 1.93367
-2.773 -1.93534
-2.773 1.93534
-2.772 -1.93699
-2.772 1.93699
-2.771 -1.93865
-2.771 1.93865
-2.77 -1.9403
-2.77 1.9403
-2.769 -1.94195
-2.769 1.94195
-2.768 -1.94359
-2.768 1.94359
-2.767 -1.94523
-2.767 1.94523
-2.766 -1.94686
-2.766 1.94686
-2.765 -1.94849
-2.765 1.94849
-2.764 -1.95012
-2.764 1.95012
-2.763 -1.95174
-2.763 1.95174
-2.762 -1.95336
-2.762 1.95336
-2.761 -1.95497
-2.761 1.95497
-2.76 -1.95658
-2.76 1.95658
-2.759 -1.95819
-2.759 1.95819
-2.758 -1.95979
-2.758 1.95979
-2.757 -1.96139
-2.757 1.96139
-2.756 -1.96299
-2.756 1.96299
-2.755 -1.96458
-2.755 1.96458
-2.754 -1.96616
-2.754 1.96616
-2.753 -1.96774
-2.753 1.96774
-2.752 -1.96932
-2.752 1.96932
-2.751 -1.9709
-2.751 1.9709
-2.75 -1.97247
-2.75 1.97247
-2.749 -1.97403
-2.749 1.97403
-2.748 -1.9756
-2.748 1.9756
-2.747 -1.97715
-2.747 1.97715
-2.746 -1.97871
-2.746 1.97871
-2.745 -1.98026
-2.745 1.98026
-2.744 -1.98181
-2.744 1.98181
-2.743 -1.98335
-2.743 1.98335
-2.742 -1.98489
-2.742 1.98489
-2.741 -1.98643
-2.741 1.98643
-2.74 -1.98796
-2.74 1.98796
-2.739 -1.98949
-2.739 1.98949
-2.738 -1.99101
-2.738 1.99101
-2.737 -1.99253
-2.737 1.99253
-2.736 -1.99405
-2.736 1.99405
-2.735 -1.99556
-2.735 1.99556
-2.734 -1.99707
-2.734 1.99707
-2.733 -1.99857
-2.733 1.99857
-2.732 -2.00008
-2.732 2.00008
-2.731 -2.00157
-2.731 2.00157
-2.73 -2.00307
-2.73 2.00307
-2.729 -2.00456
-2.729 2.00456
-2.728 -2.00605
-2.728 2.00605
-2.727 -2.00753
-2.727 2.00753
-2.726 -2.00901
-2.726 2.00901
-2.725 -2.01048
-2.725 2.01048
-2.724 -2.01196
-2.724 2.01196
-2.723 -2.01342
-2.723 2.01342
-2.722 -2.01489
-2.722 2.01489
-2.721 -2.01635
-2.721 2.01635
-2.72 -2.01781
-2.72 2.01781
-2.719 -2.01926
-2.719 2.01926
-2.718 -2.02071
-2.718 2.02071
-2.717 -2.02216
-2.717 2.02216
-2.716 -2.0236
-2.716 2.0236
-2.715 -2.02504
-2.715 2.02504
-2.714 -2.02648
-2.714 2.02648
-2.713 -2.02791
-2.713 2.02791
-2.712 -2.02934
-2.712 2.02934
-2.711 -2.03077
-2.711 2.03077
-2.71 -2.03219
-2.71 2.03219
-2.709 -2.03361
-2.709 2.03361
-2.708 -2.03502
-2.708 2.03502
-2.707 -2.03643
-2.707 2.03643
-2.706 -2.03784
-2.706 2.03784
-2.705 -2.03925
-2.705 2.03925
-2.704 -2.04065
-2.704 2.04065
-2.703 -2.04204
-2.703 2.04204
-2.702 -2.04344
-2.702 2.04344
-2.701 -2.04483
-2.701 2.04483
-2.7 -2.04622
-2.7 2.04622
-2.699 -2.0476
-2.699 2.0476
-2.698 -2.04898
-2.698 2.04898
-2.697 -2.05036
-2.697 2.05036
-2.696 -2.05173
-2.696 2.05173
-2.695 -2.0531
-2.695 2.0531
-2.694 -2.05447
-2.694 2.05447
-2.693 -2.05583
-2.693 2.05583
-2.692 -2.05719
-2.692 2.05719
-2.691 -2.05855
-2.691 2.05855
-2.69 -2.0599
-2.69 2.0599
-2.689 -2.06125
-2.689 2.06125
-2.688 -2.0626
-2.688 2.0626
-2.687 -2.06394
-2.687 2.06394
-2.686 -2.06528
-2.686 2.06528
-2.685 -2.06662
-2.685 2.06662
-2.684 -2.06795
-2.684 2.06795
-2.683 -2.06928
-2.683 2.06928
-2.682 -2.07061
-2.682 2.07061
-2.681 -2.07193
-2.681 2.07193
-2.68 -2.07325
-2.68 2.07325
-2.679 -2.07457
-2.679 2.07457
-2.678 -2.07588
-2.678 2.07588
-2.677 -2.07719
-2.677 2.07719
-2.676 -2.0785
-2.676 2.0785
-2.675 -2.0798
-2.675 2.0798
-2.674 -2.0811
-2.674 2.0811
-2.673 -2.0824
-2.673 2.0824
-2.672 -2.08369
-2.672 2.08369
-2.671 -2.08499
-2.671 2.08499
-2.67 -2.08627
-2.67 2.08627
-2.669 -2.08756
-2.669 2.08756
-2.668 -2.08884
-2.668 2.08884
-2.667 -2.09012
-2.667 2.09012
-2.666 -2.09139
-2.666 2.09139
-2.665 -2.09266
-2.665 2.09266
-2.664 -2.09393
-2.664 2.09393
-2.663 -2.0952
-2.663 2.0952
-2.662 -2.09646
-2.662 2.09646
-2.661 -2.09772
-2.661 2.09772
-2.66 -2.09898
-2.66 2.09898
-2.659 -2.10023
-2.659 2.10023
-2.658 -2.10148
-2.658 2.10148
-2.657 -2.10273
-2.657 2.10273
-2.656 -2.10397
-2.656 2.10397
-2.655 -2.10521
-2.655 2.10521
-2.654 -2.10645
-2.654 2.10645
-2.653 -2.10768
-2.653 2.10768
-2.652 -2.10891
-2.652 2.10891
-2.651 -2.11014
-2.651 2.11014
-2.65 -2.11137
-2.65 2.11137
-2.649 -2.11259
-2.649 2.11259
-2.648 -2.11381
-2.648 2.11381
-2.647 -2.11503
-2.647 2.11503
-2.646 -2.11624
-2.646 2.11624
-2.645 -2.11745
-2.645 2.11745
-2.644 -2.11866
-2.644 2.11866
-2.643 -2.11986
-2.643 2.11986
-2.642 -2.12106
-2.642 2.12106
-2.641 -2.12226
-2.641 2.12226
-2.64 -2.12345
-2.64 2.12345
-2.639 -2.12465
-2.639 2.12465
-2.638 -2.12583
-2.638 2.12583
-2.637 -2.12702
-2.637 2.12702
-2.636 -2.1282
-2.636 2.1282
-2.635 -2.12938
-2.635 2.12938
-2.634 -2.13056
-2.634 2.13056
-2.633 -2.13174
-2.633 2.13174
-2.632 -2.13291
-2.632 2.13291
-2.631 -2.13408
-2.631 2.13408
-2.63 -2.13524
-2.63 2.13524
-2.629 -2.1364
-2.629 2.1364
-2.628 -2.13756
-2.628 2.13756
-2.627 -2.13872
-2.627 2.13872
-2.626 -2.13987
-2.626 2.13987
-2.625 -2.14102
-2.625 2.14102
-2.624 -2.14217
-2.624 2.14217
-2.623 -2.14332
-2.623 2.14332
-2.622 -2.14446
-2.622 2.14446
-2.621 -2.1456
-2.621 2.1456
-2.62 -2.14674
-2.62 2.14674
-2.619 -2.14787
-2.619 2.14787
-2.618 -2.149
-2.618 2.149
-2.617 -2.15013
-2.617 2.15013
-2.616 -2.15125
-2.616 2.15125
-2.615 -2.15237
-2.615 2.15237
-2.614 -2.15349
-2.614 2.15349
-2.613 -2.15461
-2.613 2.15461
-2.612 -2.15572
-2.612 2.15572
-2.611 -2.15684
-2.611 2.15684
-2.61 -2.15794
-2.61 2.15794
-2.609 -2.15905
-2.609 2.15905
-2.608 -2.16015
-2.608 2.16015
-2.607 -2.16125
-2.607 2.16125
-2.606 -2.16235
-2.606 2.16235
-2.605 -2.16344
-2.605 2.16344
-2.604 -2.16453
-2.604 2.16453
-2.603 -2.16562
-2.603 2.16562
-2.602 -2.16671
-2.602 2.16671
-2.601 -2.16779
-2.601 2.16779
-2.6 -2.16887
-2.6 2.16887
-2.599 -2.16995
-2.599 2.16995
-2.598 -2.17102
-2.598 2.17102
-2.597 -2.1721
-2.597 2.1721
-2.596 -2.17316
-2.596 2.17316
-2.595 -2.17423
-2.595 2.17423
-2.594 -2.17529
-2.594 2.17529
-2.593 -2.17636
-2.593 2.17636
-2.592 -2.17741
-2.592 2.17741
-2.591 -2.17847
-2.591 2.17847
-2.59 -2.17952
-2.59 2.17952
-2.589 -2.18057
-2.589 2.18057
-2.588 -2.18162
-2.588 2.18162
-2.587 -2.18267
-2.587 2.18267
-2.586 -2.18371
-2.586 2.18371
-2.585 -2.18475
-2.585 2.18475
-2.584 -2.18578
-2.584 2.18578
-2.583 -2.18682
-2.583 2.18682
-2.582 -2.18785
-2.582 2.18785
-2.581 -2.18888
-2.581 2.18888
-2.58 -2.18991
-2.58 2.18991
-2.579 -2.19093
-2.579 2.19093
-2.578 -2.19195
-2.578 2.19195
-2.577 -2.19297
-2.577 2.19297
-2.576 -2.19398
-2.576 2.19398
-2.575 -2.195
-2.575 2.195
-2.574 -2.19601
-2.574 2.19601
-2.573 -2.19702
-2.573 2.19702
-2.572 -2.19802
-2.572 2.19802
-2.571 -2.19902
-2.571 2.19902
-2.57 -2.20002
-2.57 2.20002
-2.569 -2.20102
-2.569 2.20102
-2.568 -2.20202
-2.568 2.20202
-2.567 -2.20301
-2.567 2.20301
-2.566 -2.204
-2.566 2.204
-2.565 -2.20499
-2.565 2.20499
-2.564 -2.20597
-2.564 2.20597
-2.563 -2.20695
-2.563 2.20695
-2.562 -2.20793
-2.562 2.20793
-2.561 -2.20891
-2.561 2.20891
-2.56 -2.20988
-2.56 2.20988
-2.559 -2.21086
-2.559 2.21086
-2.558 -2.21182
-2.558 2.21182
-2.557 -2.21279
-2.557 2.21279
-2.556 -2.21376
-2.556 2.21376
-2.555 -2.21472
-2.555 2.21472
-2.554 -2.21568
-2.554 2.21568
-2.553 -2.21663
-2.553 2.21663
-2.552 -2.21759
-2.552 2.21759
-2.551 -2.21854
-2.551 2.21854
-2.55 -2.21949
-2.55 2.21949
-2.549 -2.22043
-2.549 2.22043
-2.548 -2.22138
-2.548 2.22138
-2.547 -2.22232
-2.547 2.22232
-2.546 -2.22326
-2.546 2.22326
-2.545 -2.2242
-2.545 2.2242
-2.544 -2.22513
-2.544 2.22513
-2.543 -2.22606
-2.543 2.22606
-2.542 -2.22699
-2.542 2.22699
-2.541 -2.22792
-2.541 2.22792
-2.54 -2.22884
-2.54 2.22884
-2.539 -2.22976
-2.539 2.22976
-2.538 -2.23068
-2.538 2.23068
-2.537 -2.2316
-2.537 2.2316
-2.536 -2.23251
-2.536 2.23251
-2.535 -2.23343
-2.535 2.23343
-2.534 -2.23434
-2.534 2.23434
-2.533 -2.23524
-2.533 2.23524
-2.532 -2.23615
-2.532 2.23615
-2.531 -2.23705
-2.531 2.23705
-2.53 -2.23795
-2.53 2.23795
-2.529 -2.23885
-2.529 2.23885
-2.528 -2.23974
-2.528 2.23974
-2.527 -2.24064
-2.527 2.24064
-2.526 -2.24153
-2.526 2.24153
-2.525 -2.24241
-2.525 2.24241
-2.524 -2.2433
-2.524 2.2433
-2.523 -2.24418
-2.523 2.24418
-2.522 -2.24506
-2.522 2.24506
-2.521 -2.24594
-2.521 2.24594
-2.52 -2.24682
-2.52 2.24682
-2.519 -2.24769
-2.519 2.24769
-2.518 -2.24856
-2.518 2.24856
-2.517 -2.24943
-2.517 2.24943
-2.516 -2.2503
-2.516 2.2503
-2.515 -2.25116
-2.515 2.25116
-2.514 -2.25202
-2.514 2.25202
-2.513 -2.25288
-2.513 2.25288
-2.512 -2.25374
-2.512 2.25374
-2.511 -2.2546
-2.511 2.2546
-2.51 -2.25545
-2.51 2.25545
-2.509 -2.2563
-2.509 2.2563
-2.508 -2.25715
-2.508 2.25715
-2.507 -2.25799
-2.507 2.25799
-2.506 -2.25884
-2.506 2.25884
-2.505 -2.25968
-2.505 2.25968
-2.504 -2.26051
-2.504 2.26051
-2.503 -2.26135
-2.503 2.26135
-2.502 -2.26219
-2.502 2.26219
-2.501 -2.26302
-2.501 2.26302
-2.5 -2.26385
-2.5 2.26385
-2.499 -2.26467
-2.499 2.26467
-2.498 -2.2655
-2.498 2.2655
-2.497 -2.26632
-2.497 2.26632
-2.496 -2.26714
-2.496 2.26714
-2.495 -2.26796
-2.495 2.26796
-2.494 -2.26877
-2.494 2.26877
-2.493 -2.26959
-2.493 2.26959
-2.492 -2.2704
-2.492 2.2704
-2.491 -2.27121
-2.491 2.27121
-2.49 -2.27201
-2.49 2.27201
-2.489 -2.27282
-2.489 2.27282
-2.488 -2.27362
-2.488 2.27362
-2.487 -2.27442
-2.487 2.27442
-2.486 -2.27522
-2.486 2.27522
-2.485 -2.27601
-2.485 2.27601
-2.484 -2.27681
-2.484 2.27681
-2.483 -2.2776
-2.483 2.2776
-2.482 -2.27839
-2.482 2.27839
-2.481 -2.27917
-2.481 2.27917
-2.48 -2.27996
-2.48 2.27996
-2.479 -2.28074
-2.479 2.28074
-2.478 -2.28152
-2.478 2.28152
-2.477 -2.2823
-2.477 2.2823
-2.476 -2.28307
-2.476 2.28307
-2.475 -2.28385
-2.475 2.28385
-2.474 -2.28462
-2.474 2.28462
-2.473 -2.28539
-2.473 2.28539
-2.472 -2.28615
-2.472 2.28615
-2.471 -2.28692
-2.471 2.28692
-2.47 -2.28768
-2.47 2.28768
-2.469 -2.28844
-2.469 2.28844
-2.468 -2.2892
-2.468 2.2892
-2.467 -2.28995
-2.467 2.28995
-2.466 -2.29071
-2.466 2.29071
-2.465 -2.29146
-2.465 2.29146
-2.464 -2.29221
-2.464 2.29221
-2.463 -2.29295
-2.463 2.29295
-2.462 -2.2937
-2.462 2.2937
-2.461 -2.29444
-2.461 2.29444
-2.46 -2.29518
-2.46 2.29518
-2.459 -2.29592
-2.459 2.29592
-2.458 -2.29666
-2.458 2.29666
-2.457 -2.29739
-2.457 2.29739
-2.456 -2.29812
-2.456 2.29812
-2.455 -2.29885
-2.455 2.29885
-2.454 -2.29958
-2.454 2.29958
-2.453 -2.30031
-2.453 2.30031
-2.452 -2.30103
-2.452 2.30103
-2.451 -2.30175
-2.451 2.30175
-2.45 -2.30247
-2.45 2.30247
-2.449 -2.30319
-2.449 2.30319
-2.448 -2.3039
-2.448 2.3039
-2.447 -2.30462
-2.447 2.30462
-2.446 -2.30533
-2.446 2.30533
-2.445 -2.30604
-2.445 2.30604
-2.444 -2.30674
-2.444 2.30674
-2.443 -2.30745
-2.443 2.30745
-2.442 -2.30815
-2.442 2.30815
-2.441 -2.30885
-2.441 2.30885
-2.44 -2.30955
-2.44 2.30955
-2.439 -2.31025
-2.439 2.31025
-2.438 -2.31094
-2.438 2.31094
-2.437 -2.31163
-2.437 2.31163
-2.436 -2.31232
-2.436 2.31232
-2.435 -2.31301
-2.435 2.31301
-2.434 -2.3137
-2.434 2.3137
-2.433 -2.31438
-2.433 2.31438
-2.432 -2.31506
-2.432 2.31506
-2.431 -2.31574
-2.431 2.31574
-2.43 -2.31642
-2.43 2.31642
-2.429 -2.31709
-2.429 2.31709
-2.428 -2.31777
-2.428 2.31777
-2.427 -2.31844
-2.427 2.31844
-2.426 -2.31911
-2.426 2.31911
-2.425 -2.31978
-2.425 2.31978
-2.424 -2.32044
-2.424 2.32044
-2.423 -2.3211
-2.423 2.3211
-2.422 -2.32177
-2.422 2.32177
-2.421 -2.32243
-2.421 2.32243
-2.42 -2.32308
-2.42 2.32308
-2.419 -2.32374
-2.419 2.32374
-2.418 -2.32439
-2.418 2.32439
-2.417 -2.32504
-2.417 2.32504
-2.416 -2.32569
-2.416 2.32569
-2.415 -2.32634
-2.415 2.32634
-2.414 -2.32698
-2.414 2.32698
-2.413 -2.32763
-2.413 2.32763
-2.412 -2.32827
-2.412 2.32827
-2.411 -2.32891
-2.411 2.32891
-2.41 -2.32954
-2.41 2.32954
-2.409 -2.33018
-2.409 2.33018
-2.408 -2.33081
-2.408 2.33081
-2.407 -2.33144
-2.407 2.33144
-2.406 -2.33207
-2.406 2.33207
-2.405 -2.3327
-2.405 2.3327
-2.404 -2.33333
-2.404 2.33333
-2.403 -2.33395
-2.403 2.33395
-2.402 -2.33457
-2.402 2.33457
-2.401 -2.33519
-2.401 2.33519
-2.4 -2.33581
-2.4 2.33581
-2.399 -2.33642
-2.399 2.33642
-2.398 -2.33704
-2.398 2.33704
-2.397 -2.33765
-2.397 2.33765
-2.396 -2.33826
-2.396 2.33826
-2.395 -2.33887
-2.395 2.33887
-2.394 -2.33947
-2.394 2.33947
-2.393 -2.34008
-2.393 2.34008
-2.392 -2.34068
-2.392 2.34068
-2.391 -2.34128
-2.391 2.34128
-2.39 -2.34188
-2.39 2.34188
-2.389 -2.34247
-2.389 2.34247
-2.388 -2.34307
-2.388 2.34307
-2.387 -2.34366
-2.387 2.34366
-2.386 -2.34425
-2.386 2.34425
-2.385 -2.34484
-2.385 2.34484
-2.384 -2.34542
-2.384 2.34542
-2.383 -2.34601
-2.383 2.34601
-2.382 -2.34659
-2.382 2.34659
-2.381 -2.34717
-2.381 2.34717
-2.38 -2.34775
-2.38 2.34775
-2.379 -2.34833
-2.379 2.34833
-2.378 -2.3489
-2.378 2.3489
-2.377 -2.34947
-2.377 2.34947
-2.376 -2.35005
-2.376 2.35005
-2.375 -2.35061
-2.375 2.35061
-2.374 -2.35118
-2.374 2.35118
-2.373 -2.35175
-2.373 2.35175
-2.372 -2.35231
-2.372 2.35231
-2.371 -2.35287
-2.371 2.35287
-2.37 -2.35343
-2.37 2.35343
-2.369 -2.35399
-2.369 2.35399
-2.368 -2.35455
-2.368 2.35455
-2.367 -2.3551
-2.367 2.3551
-2.366 -2.35565
-2.366 2.35565
-2.365 -2.3562
-2.365 2.3562
-2.364 -2.35675
-2.364 2.35675
-2.363 -2.3573
-2.363 2.3573
-2.362 -2.35784
-2.362 2.35784
-2.361 -2.35839
-2.361 2.35839
-2.36 -2.35893
-2.36 2.35893
-2.359 -2.35947
-2.359 2.35947
-2.358 -2.36001
-2.358 2.36001
-2.357 -2.36054
-2.357 2.36054
-2.356 -2.36107
-2.356 2.36107
-2.355 -2.36161
-2.355 2.36161
-2.354 -2.36214
-2.354 2.36214
-2.353 -2.36267
-2.353 2.36267
-2.352 -2.36319
-2.352 2.36319
-2.351 -2.36372
-2.351 2.36372
-2.35 -2.36424
-2.35 2.36424
-2.349 -2.36476
-2.349 2.36476
-2.348 -2.36528
-2.348 2.36528
-2.347 -2.3658
-2.347 2.3658
-2.346 -2.36631
-2.346 2.36631
-2.345 -2.36683
-2.345 2.36683
-2.344 -2.36734
-2.344 2.36734
-2.343 -2.36785
-2.343 2.36785
-2.342 -2.36836
-2.342 2.36836
-2.341 -2.36886
-2.341 2.36886
-2.34 -2.36937
-2.34 2.36937
-2.339 -2.36987
-2.339 2.36987
-2.338 -2.37037
-2.338 2.37037
-2.337 -2.37087
-2.337 2.37087
-2.336 -2.37137
-2.336 2.37137
-2.335 -2.37186
-2.335 2.37186
-2.334 -2.37236
-2.334 2.37236
-2.333 -2.37285
-2.333 2.37285
-2.332 -2.37334
-2.332 2.37334
-2.331 -2.37383
-2.331 2.37383
-2.33 -2.37431
-2.33 2.37431
-2.329 -2.3748
-2.329 2.3748
-2.328 -2.37528
-2.328 2.37528
-2.327 -2.37576
-2.327 2.37576
-2.326 -2.37624
-2.326 2.37624
-2.325 -2.37672
-2.325 2.37672
-2.324 -2.3772
-2.324 2.3772
-2.323 -2.37767
-2.323 2.37767
-2.322 -2.37814
-2.322 2.37814
-2.321 -2.37861
-2.321 2.37861
-2.32 -2.37908
-2.32 2.37908
-2.319 -2.37955
-2.319 2.37955
-2.318 -2.38001
-2.318 2.38001
-2.317 -2.38048
-2.317 2.38048
-2.316 -2.38094
-2.316 2.38094
-2.315 -2.3814
-2.315 2.3814
-2.314 -2.38186
-2.314 2.38186
-2.313 -2.38232
-2.313 2.38232
-2.312 -2.38277
-2.312 2.38277
-2.311 -2.38322
-2.311 2.38322
-2.31 -2.38368
-2.31 2.38368
-2.309 -2.38413
-2.309 2.38413
-2.308 -2.38457
-2.308 2.38457
-2.307 -2.38502
-2.307 2.38502
-2.306 -2.38546
-2.306 2.38546
-2.305 -2.38591
-2.305 2.38591
-2.304 -2.38635
-2.304 2.38635
-2.303 -2.38679
-2.303 2.38679
-2.302 -2.38723
-2.302 2.38723
-2.301 -2.38766
-2.301 2.38766
-2.3 -2.3881
-2.3 2.3881
-2.299 -2.38853
-2.299 2.38853
-2.298 -2.38896
-2.298 2.38896
-2.297 -2.38939
-2.297 2.38939
-2.296 -2.38982
-2.296 2.38982
-2.295 -2.39024
-2.295 2.39024
-2.294 -2.39067
-2.294 2.39067
-2.293 -2.39109
-2.293 2.39109
-2.292 -2.39151
-2.292 2.39151
-2.291 -2.39193
-2.291 2.39193
-2.29 -2.39234
-2.29 2.39234
-2.289 -2.39276
-2.289 2.39276
-2.288 -2.39317
-2.288 2.39317
-2.287 -2.39359
-2.287 2.39359
-2.286 -2.394
-2.286 2.394
-2.285 -2.39441
-2.285 2.39441
-2.284 -2.39481
-2.284 2.39481
-2.283 -2.39522
-2.283 2.39522
-2.282 -2.39562
-2.282 2.39562
-2.281 -2.39602
-2.281 2.39602
-2.28 -2.39642
-2.28 2.39642
-2.279 -2.39682
-2.279 2.39682
-2.278 -2.39722
-2.278 2.39722
-2.277 -2.39762
-2.277 2.39762
-2.276 -2.39801
-2.276 2.39801
-2.275 -2.3984
-2.275 2.3984
-2.274 -2.39879
-2.274 2.39879
-2.273 -2.39918
-2.273 2.39918
-2.272 -2.39957
-2.272 2.39957
-2.271 -2.39995
-2.271 2.39995
-2.27 -2.40034
-2.27 2.40034
-2.269 -2.40072
-2.269 2.40072
-2.268 -2.4011
-2.268 2.4011
-2.267 -2.40148
-2.267 2.40148
-2.266 -2.40186
-2.266 2.40186
-2.265 -2.40223
-2.265 2.40223
-2.264 -2.40261
-2.264 2.40261
-2.263 -2.40298
-2.263 2.40298
-2.262 -2.40335
-2.262 2.40335
-2.261 -2.40372
-2.261 2.40372
-2.26 -2.40408
-2.26 2.40408
-2.259 -2.40445
-2.259 2.40445
-2.258 -2.40481
-2.258 2.40481
-2.257 -2.40518
-2.257 2.40518
-2.256 -2.40554
-2.256 2.40554
-2.255 -2.4059
-2.255 2.4059
-2.254 -2.40626
-2.254 2.40626
-2.253 -2.40661
-2.253 2.40661
-2.252 -2.40697
-2.252 2.40697
-2.251 -2.40732
-2.251 2.40732
-2.25 -2.40767
-2.25 2.40767
-2.249 -2.40802
-2.249 2.40802
-2.248 -2.40837
-2.248 2.40837
-2.247 -2.40871
-2.247 2.40871
-2.246 -2.40906
-2.246 2.40906
-2.245 -2.4094
-2.245 2.4094
-2.244 -2.40974
-2.244 2.40974
-2.243 -2.41008
-2.243 2.41008
-2.242 -2.41042
-2.242 2.41042
-2.241 -2.41076
-2.241 2.41076
-2.24 -2.41109
-2.24 2.41109
-2.239 -2.41143
-2.239 2.41143
-2.238 -2.41176
-2.238 2.41176
-2.237 -2.41209
-2.237 2.41209
-2.236 -2.41242
-2.236 2.41242
-2.235 -2.41275
-2.235 2.41275
-2.234 -2.41307
-2.234 2.41307
-2.233 -2.4134
-2.233 2.4134
-2.232 -2.41372
-2.232 2.41372
-2.231 -2.41404
-2.231 2.41404
-2.23 -2.41436
-2.23 2.41436
-2.229 -2.41468
-2.229 2.41468
-2.228 -2.41499
-2.228 2.41499
-2.227 -2.41531
-2.227 2.41531
-2.226 -2.41562
-2.226 2.41562
-2.225 -2.41593
-2.225 2.41593
-2.224 -2.41624
-2.224 2.41624
-2.223 -2.41655
-2.223 2.41655
-2.222 -2.41686
-2.222 2.41686
-2.221 -2.41716
-2.221 2.41716
-2.22 -2.41747
-2.22 2.41747
-2.219 -2.41777
-2.219 2.41777
-2.218 -2.41807
-2.218 2.41807
-2.217 -2.41837
-2.217 2.41837
-2.216 -2.41867
-2.216 2.41867
-2.215 -2.41896
-2.215 2.41896
-2.214 -2.41926
-2.214 2.41926
-2.213 -2.41955
-2.213 2.41955
-2.212 -2.41984
-2.212 2.41984
-2.211 -2.42013
-2.211 2.42013
-2.21 -2.42042
-2.21 2.42042
-2.209 -2.42071
-2.209 2.42071
-2.208 -2.42099
-2.208 2.42099
-2.207 -2.42128
-2.207 2.42128
-2.206 -2.42156
-2.206 2.42156
-2.205 -2.42184
-2.205 2.42184
-2.204 -2.42212
-2.204 2.42212
-2.203 -2.4224
-2.203 2.4224
-2.202 -2.42267
-2.202 2.42267
-2.201 -2.42295
-2.201 2.42295
-2.2 -2.42322
-2.2 2.42322
-2.199 -2.42349
-2.199 2.42349
-2.198 -2.42376
-2.198 2.42376
-2.197 -2.42403
-2.197 2.42403
-2.196 -2.4243
-2.196 2.4243
-2.195 -2.42456
-2.195 2.42456
-2.194 -2.42483
-2.194 2.42483
-2.193 -2.42509
-2.193 2.42509
-2.192 -2.42535
-2.192 2.42535
-2.191 -2.42561
-2.191 2.42561
-2.19 -2.42587
-2.19 2.42587
-2.189 -2.42613
-2.189 2.42613
-2.188 -2.42638
-2.188 2.42638
-2.187 -2.42663
-2.187 2.42663
-2.186 -2.42689
-2.186 2.42689
-2.185 -2.42714
-2.185 2.42714
-2.184 -2.42739
-2.184 2.42739
-2.183 -2.42763
-2.183 2.42763
-2.182 -2.42788
-2.182 2.42788
-2.181 -2.42812
-2.181 2.42812
-2.18 -2.42837
-2.18 2.42837
-2.179 -2.42861
-2.179 2.42861
-2.178 -2.42885
-2.178 2.42885
-2.177 -2.42909
-2.177 2.42909
-2.176 -2.42933
-2.176 2.42933
-2.175 -2.42956
-2.175 2.42956
-2.174 -2.4298
-2.174 2.4298
-2.173 -2.43003
-2.173 2.43003
-2.172 -2.43026
-2.172 2.43026
-2.171 -2.43049
-2.171 2.43049
-2.17 -2.43072
-2.17 2.43072
-2.169 -2.43094
-2.169 2.43094
-2.168 -2.43117
-2.168 2.43117
-2.167 -2.43139
-2.167 2.43139
-2.166 -2.43162
-2.166 2.43162
-2.165 -2.43184
-2.165 2.43184
-2.164 -2.43206
-2.164 2.43206
-2.163 -2.43228
-2.163 2.43228
-2.162 -2.43249
-2.162 2.43249
-2.161 -2.43271
-2.161 2.43271
-2.16 -2.43292
-2.16 2.43292
-2.159 -2.43313
-2.159 2.43313
-2.158 -2.43334
-2.158 2.43334
-2.157 -2.43355
-2.157 2.43355
-2.156 -2.43376
-2.156 2.43376
-2.155 -2.43397
-2.155 2.43397
-2.154 -2.43417
-2.154 2.43417
-2.153 -2.43438
-2.153 2.43438
-2.152 -2.43458
-2.152 2.43458
-2.151 -2.43478
-2.151 2.43478
-2.15 -2.43498
-2.15 2.43498
-2.149 -2.43518
-2.149 2.43518
-2.148 -2.43537
-2.148 2.43537
-2.147 -2.43557
-2.147 2.43557
-2.146 -2.43576
-2.146 2.43576
-2.145 -2.43595
-2.145 2.43595
-2.144 -2.43615
-2.144 2.43615
-2.143 -2.43634
-2.143 2.43634
-2.142 -2.43652
-2.142 2.43652
-2.141 -2.43671
-2.141 2.43671
-2.14 -2.43689
-2.14 2.43689
-2.139 -2.43708
-2.139 2.43708
-2.138 -2.43726
-2.138 2.43726
-2.137 -2.43744
-2.137 2.43744
-2.136 -2.43762
-2.136 2.43762
-2.135 -2.4378
-2.135 2.4378
-2.134 -2.43798
-2.134 2.43798
-2.133 -2.43815
-2.133 2.43815
-2.132 -2.43832
-2.132 2.43832
-2.131 -2.4385
-2.131 2.4385
-2.13 -2.43867
-2.13 2.43867
-2.129 -2.43884
-2.129 2.43884
-2.128 -2.43901
-2.128 2.43901
-2.127 -2.43917
-2.127 2.43917
-2.126 -2.43934
-2.126 2.43934
-2.125 -2.4395
-2.125 2.4395
-2.124 -2.43967
-2.124 2.43967
-2.123 -2.43983
-2.123 2.43983
-2.122 -2.43999
-2.122 2.43999
-2.121 -2.44014
-2.121 2.44014
-2.12 -2.4403
-2.12 2.4403
-2.119 -2.44046
-2.119 2.44046
-2.118 -2.44061
-2.118 2.44061
-2.117 -2.44076
-2.117 2.44076
-2.116 -2.44092
-2.116 2.44092
-2.115 -2.44107
-2.115 2.44107
-2.114 -2.44121
-2.114 2.44121
-2.113 -2.44136
-2.113 2.44136
-2.112 -2.44151
-2.112 2.44151
-2.111 -2.44165
-2.111 2.44165
-2.11 -2.4418
-2.11 2.4418
-2.109 -2.44194
-2.109 2.44194
-2.108 -2.44208
-2.108 2.44208
-2.107 -2.44222
-2.107 2.44222
-2.106 -2.44236
-2.106 2.44236
-2.105 -2.44249
-2.105 2.44249
-2.104 -2.44263
-2.104 2.44263
-2.103 -2.44276
-2.103 2.44276
-2.102 -2.44289
-2.102 2.44289
-2.101 -2.44302
-2.101 2.44302
-2.1 -2.44315
-2.1 2.44315
-2.099 -2.44328
-2.099 2.44328
-2.098 -2.44341
-2.098 2.44341
-2.097 -2.44353
-2.097 2.44353
-2.096 -2.44366
-2.096 2.44366
-2.095 -2.44378
-2.095 2.44378
-2.094 -2.4439
-2.094 2.4439
-2.093 -2.44402
-2.093 2.44402
-2.092 -2.44414
-2.092 2.44414
-2.091 -2.44426
-2.091 2.44426
-2.09 -2.44438
-2.09 2.44438
-2.089 -2.44449
-2.089 2.44449
-2.088 -2.4446
-2.088 2.4446
-2.087 -2.44472
-2.087 2.44472
-2.086 -2.44483
-2.086 2.44483
-2.085 -2.44494
-2.085 2.44494
-2.084 -2.44504
-2.084 2.44504
-2.083 -2.44515
-2.083 2.44515
-2.082 -2.44526
-2.082 2.44526
-2.081 -2.44536
-2.081 2.44536
-2.08 -2.44546
-2.08 2.44546
-2.079 -2.44556
-2.079 2.44556
-2.078 -2.44566
-2.078 2.44566
-2.077 -2.44576
-2.077 2.44576
-2.076 -2.44586
-2.076 2.44586
-2.075 -2.44596
-2.075 2.44596
-2.074 -2.44605
-2.074 2.44605
-2.073 -2.44614
-2.073 2.44614
-2.072 -2.44624
-2.072 2.44624
-2.071 -2.44633
-2.071 2.44633
-2.07 -2.44642
-2.07 2.44642
-2.069 -2.44651
-2.069 2.44651
-2.068 -2.44659
-2.068 2.44659
-2.067 -2.44668
-2.067 2.44668
-2.066 -2.44676
-2.066 2.44676
-2.065 -2.44684
-2.065 2.44684
-2.064 -2.44693
-2.064 2.44693
-2.063 -2.44701
-2.063 2.44701
-2.062 -2.44709
-2.062 2.44709
-2.061 -2.44716
-2.061 2.44716
-2.06 -2.44724
-2.06 2.44724
-2.059 -2.44732
-2.059 2.44732
-2.058 -2.44739
-2.058 2.44739
-2.057 -2.44746
-2.057 2.44746
-2.056 -2.44753
-2.056 2.44753
-2.055 -2.4476
-2.055 2.4476
-2.054 -2.44767
-2.054 2.44767
-2.053 -2.44774
-2.053 2.44774
-2.052 -2.4478
-2.052 2.4478
-2.051 -2.44787
-2.051 2.44787
-2.05 -2.44793
-2.05 2.44793
-2.049 -2.44799
-2.049 2.44799
-2.048 -2.44806
-2.048 2.44806
-2.047 -2.44812
-2.047 2.44812
-2.046 -2.44817
-2.046 2.44817
-2.045 -2.44823
-2.045 2.44823
-2.044 -2.44829
-2.044 2.44829
-2.043 -2.44834
-2.043 2.44834
-2.042 -2.44839
-2.042 2.44839
-2.041 -2.44845
-2.041 2.44845
-2.04 -2.4485
-2.04 2.4485
-2.039 -2.44855
-2.039 2.44855
-2.038 -2.44859
-2.038 2.44859
-2.037 -2.44864
-2.037 2.44864
-2.036 -2.44869
-2.036 2.44869
-2.035 -2.44873
-2.035 2.44873
-2.034 -2.44877
-2.034 2.44877
-2.033 -2.44882
-2.033 2.44882
-2.032 -2.44886
-2.032 2.44886
-2.031 -2.4489
-2.031 2.4489
-2.03 -2.44893
-2.03 2.44893
-2.029 -2.44897
-2.029 2.44897
-2.028 -2.44901
-2.028 2.44901
-2.027 -2.44904
-2.027 2.44904
-2.026 -2.44907
-2.026 2.44907
-2.025 -2.4491
-2.025 2.4491
-2.024 -2.44913
-2.024 2.44913
-2.023 -2.44916
-2.023 2.44916
-2.022 -2.44919
-2.022 2.44919
-2.021 -2.44922
-2.021 2.44922
-2.02 -2.44924
-2.02 2.44924
-2.019 -2.44927
-2.019 2.44927
-2.018 -2.44929
-2.018 2.44929
-2.017 -2.44931
-2.017 2.44931
-2.016 -2.44933
-2.016 2.44933
-2.015 -2.44935
-2.015 2.44935
-2.014 -2.44937
-2.014 2.44937
-2.013 -2.44939
-2.013 2.44939
-2.012 -2.4494
-2.012 2.4494
-2.011 -2.44942
-2.011 2.44942
-2.01 -2.44943
-2.01 2.44943
-2.009 -2.44944
-2.009 2.44944
-2.008 -2.44945
-2.008 2.44945
-2.007 -2.44946
-2.007 2.44946
-2.006 -2.44947
-2.006 2.44947
-2.005 -2.44947
-2.005 2.44947
-2.004 -2.44948
-2.004 2.44948
-2.003 -2.44948
-2.003 2.44948
-2.002 -2.44949
-2.002 2.44949
-2.001 -2.44949
-2.001 2.44949
-2 -2.44949
-2 2.44949
-1.999 -2.44949
-1.999 2.44949
-1.998 -2.44949
-1.998 2.44949
-1.997 -2.44948
-1.997 2.44948
-1.996 -2.44948
-1.996 2.44948
-1.995 -2.44947
-1.995 2.44947
-1.994 -2.44947
-1.994 2.44947
-1.993 -2.44946
-1.993 2.44946
-1.992 -2.44945
-1.992 2.44945
-1.991 -2.44944
-1.991 2.44944
-1.99 -2.44943
-1.99 2.44943
-1.989 -2.44942
-1.989 2.44942
-1.988 -2.4494
-1.988 2.4494
-1.987 -2.44939
-1.987 2.44939
-1.986 -2.44937
-1.986 2.44937
-1.985 -2.44935
-1.985 2.44935
-1.984 -2.44933
-1.984 2.44933
-1.983 -2.44931
-1.983 2.44931
-1.982 -2.44929
-1.982 2.44929
-1.981 -2.44927
-1.981 2.44927
-1.98 -2.44925
-1.98 2.44925
-1.979 -2.44922
-1.979 2.44922
-1.978 -2.4492
-1.978 2.4492
-1.977 -2.44917
-1.977 2.44917
-1.976 -2.44914
-1.976 2.44914
-1.975 -2.44911
-1.975 2.44911
-1.974 -2.44908
-1.974 2.44908
-1.973 -2.44905
-1.973 2.44905
-1.972 -2.44901
-1.972 2.44901
-1.971 -2.44898
-1.971 2.44898
-1.97 -2.44894
-1.97 2.44894
-1.969 -2.44891
-1.969 2.44891
-1.968 -2.44887
-1.968 2.44887
-1.967 -2.44883
-1.967 2.44883
-1.966 -2.44879
-1.966 2.44879
-1.965 -2.44875
-1.965 2.44875
-1.964 -2.44871
-1.964 2.44871
-1.963 -2.44866
-1.963 2.44866
-1.962 -2.44862
-1.962 2.44862
-1.961 -2.44857
-1.961 2.44857
-1.96 -2.44852
-1.96 2.44852
-1.959 -2.44847
-1.959 2.44847
-1.958 -2.44842
-1.958 2.44842
-1.957 -2.44837
-1.957 2.44837
-1.956 -2.44832
-1.956 2.44832
-1.955 -2.44827
-1.955 2.44827
-1.954 -2.44821
-1.954 2.44821
-1.953 -2.44816
-1.953 2.44816
-1.952 -2.4481
-1.952 2.4481
-1.951 -2.44804
-1.951 2.44804
-1.95 -2.44798
-1.95 2.44798
-1.949 -2.44792
-1.949 2.44792
-1.948 -2.44786
-1.948 2.44786
-1.947 -2.4478
-1.947 2.4478
-1.946 -2.44774
-1.946 2.44774
-1.945 -2.44767
-1.945 2.44767
-1.944 -2.4476
-1.944 2.4476
-1.943 -2.44754
-1.943 2.44754
-1.942 -2.44747
-1.942 2.44747
-1.941 -2.4474
-1.941 2.4474
-1.94 -2.44733
-1.94 2.44733
-1.939 -2.44726
-1.939 2.44726
-1.938 -2.44718
-1.938 2.44718
-1.937 -2.44711
-1.937 2.44711
-1.936 -2.44703
-1.936 2.44703
-1.935 -2.44696
-1.935 2.44696
-1.934 -2.44688
-1.934 2.44688
-1.933 -2.4468
-1.933 2.4468
-1.932 -2.44672
-1.932 2.44672
-1.931 -2.44664
-1.931 2.44664
-1.93 -2.44656
-1.93 2.44656
-1.929 -2.44647
-1.929 2.44647
-1.928 -2.44639
-1.928 2.44639
-1.927 -2.4463
-1.927 2.4463
-1.926 -2.44622
-1.926 2.44622
-1.925 -2.44613
-1.925 2.44613
-1.924 -2.44604
-1.924 2.44604
-1.923 -2.44595
-1.923 2.44595
-1.922 -2.44586
-1.922 2.44586
-1.921 -2.44577
-1.921 2.44577
-1.92 -2.44567
-1.92 2.44567
-1.919 -2.44558
-1.919 2.44558
-1.918 -2.44548
-1.918 2.44548
-1.917 -2.44538
-1.917 2.44538
-1.916 -2.44529
-1.916 2.44529
-1.915 -2.44519
-1.915 2.44519
-1.914 -2.44509
-1.914 2.44509
-1.913 -2.44498
-1.913 2.44498
-1.912 -2.44488
-1.912 2.44488
-1.911 -2.44478
-1.911 2.44478
-1.91 -2.44467
-1.91 2.44467
-1.909 -2.44457
-1.909 2.44457
-1.908 -2.44446
-1.908 2.44446
-1.907 -2.44435
-1.907 2.44435
-1.906 -2.44424
-1.906 2.44424
-1.905 -2.44413
-1.905 2.44413
-1.904 -2.44402
-1.904 2.44402
-1.903 -2.44391
-1.903 2.44391
-1.902 -2.44379
-1.902 2.44379
-1.901 -2.44368
-1.901 2.44368
-1.9 -2.44356
-1.9 2.44356
-1.899 -2.44345
-1.899 2.44345
-1.898 -2.44333
-1.898 2.44333
-1.897 -2.44321
-1.897 2.44321
-1.896 -2.44309
-1.896 2.44309
-1.895 -2.44297
-1.895 2.44297
-1.894 -2.44284
-1.894 2.44284
-1.893 -2.44272
-1.893 2.44272
-1.892 -2.44259
-1.892 2.44259
-1.891 -2.44247
-1.891 2.44247
-1.89 -2.44234
-1.89 2.44234
-1.889 -2.44221
-1.889 2.44221
-1.888 -2.44208
-1.888 2.44208
-1.887 -2.44195
-1.887 2.44195
-1.886 -2.44182
-1.886 2.44182
-1.885 -2.44169
-1.885 2.44169
-1.884 -2.44156
-1.884 2.44156
-1.883 -2.44142
-1.883 2.44142
-1.882 -2.44128
-1.882 2.44128
-1.881 -2.44115
-1.881 2.44115
-1.88 -2.44101
-1.88 2.44101
-1.879 -2.44087
-1.879 2.44087
-1.878 -2.44073
-1.878 2.44073
-1.877 -2.44059
-1.877 2.44059
-1.876 -2.44045
-1.876 2.44045
-1.875 -2.4403
-1.875 2.4403
-1.874 -2.44016
-1.874 2.44016
-1.873 -2.44001
-1.873 2.44001
-1.872 -2.43987
-1.872 2.43987
-1.871 -2.43972
-1.871 2.43972
-1.87 -2.43957
-1.87 2.43957
-1.869 -2.43942
-1.869 2.43942
-1.868 -2.43927
-1.868 2.43927
-1.867 -2.43912
-1.867 2.43912
-1.866 -2.43896
-1.866 2.43896
-1.865 -2.43881
-1.865 2.43881
-1.864 -2.43865
-1.864 2.43865
-1.863 -2.4385
-1.863 2.4385
-1.862 -2.43834
-1.862 2.43834
-1.861 -2.43818
-1.861 2.43818
-1.86 -2.43802
-1.86 2.43802
-1.859 -2.43786
-1.859 2.43786
-1.858 -2.4377
-1.858 2.4377
-1.857 -2.43754
-1.857 2.43754
-1.856 -2.43737
-1.856 2.43737
-1.855 -2.43721
-1.855 2.43721
-1.854 -2.43704
-1.854 2.43704
-1.853 -2.43687
-1.853 2.43687
-1.852 -2.4367
-1.852 2.4367
-1.851 -2.43654
-1.851 2.43654
-1.85 -2.43637
-1.85 2.43637
-1.849 -2.43619
-1.849 2.43619
-1.848 -2.43602
-1.848 2.43602
-1.847 -2.43585
-1.847 2.43585
-1.846 -2.43567
-1.846 2.43567
-1.845 -2.4355
-1.845 2.4355
-1.844 -2.43532
-1.844 2.43532
-1.843 -2.43514
-1.843 2.43514
-1.842 -2.43496
-1.842 2.43496
-1.841 -2.43478
-1.841 2.43478
-1.84 -2.4346
-1.84 2.4346
-1.839 -2.43442
-1.839 2.43442
-1.838 -2.43424
-1.838 2.43424
-1.837 -2.43406
-1.837 2.43406
-1.836 -2.43387
-1.836 2.43387
-1.835 -2.43368
-1.835 2.43368
-1.834 -2.4335
-1.834 2.4335
-1.833 -2.43331
-1.833 2.43331
-1.832 -2.43312
-1.832 2.43312
-1.831 -2.43293
-1.831 2.43293
-1.83 -2.43274
-1.83 2.43274
-1.829 -2.43255
-1.829 2.43255
-1.828 -2.43235
-1.828 2.43235
-1.827 -2.43216
-1.827 2.43216
-1.826 -2.43196
-1.826 2.43196
-1.825 -2.43177
-1.825 2.43177
-1.824 -2.43157
-1.824 2.43157
-1.823 -2.43137
-1.823 2.43137
-1.822 -2.43117
-1.822 2.43117
-1.821 -2.43097
-1.821 2.43097
-1.82 -2.43077
-1.82 2.43077
-1.819 -2.43057
-1.819 2.43057
-1.818 -2.43036
-1.818 2.43036
-1.817 -2.43016
-1.817 2.43016
-1.816 -2.42995
-1.816 2.42995
-1.815 -2.42974
-1.815 2.42974
-1.814 -2.42954
-1.814 2.42954
-1.813 -2.42933
-1.813 2.42933
-1.812 -2.42912
-1.812 2.42912
-1.811 -2.42891
-1.811 2.42891
-1.81 -2.42869
-1.81 2.42869
-1.809 -2.42848
-1.809 2.42848
-1.808 -2.42827
-1.808 2.42827
-1.807 -2.42805
-1.807 2.42805
-1.806 -2.42784
-1.806 2.42784
-1.805 -2.42762
-1.805 2.42762
-1.804 -2.4274
-1.804 2.4274
-1.803 -2.42718
-1.803 2.42718
-1.802 -2.42696
-1.802 2.42696
-1.801 -2.42674
-1.801 2.42674
-1.8 -2.42652
-1.8 2.42652
-1.799 -2.4263
-1.799 2.4263
-1.798 -2.42607
-1.798 2.42607
-1.797 -2.42585
-1.797 2.42585
-1.796 -2.42562
-1.796 2.42562
-1.795 -2.42539
-1.795 2.42539
-1.794 -2.42517
-1.794 2.42517
-1.793 -2.42494
-1.793 2.42494
-1.792 -2.42471
-1.792 2.42471
-1.791 -2.42448
-1.791 2.42448
-1.79 -2.42424
-1.79 2.42424
-1.789 -2.42401
-1.789 2.42401
-1.788 -2.42378
-1.788 2.42378
-1.787 -2.42354
-1.787 2.42354
-1.786 -2.42331
-1.786 2.42331
-1.785 -2.42307
-1.785 2.42307
-1.784 -2.42283
-1.784 2.42283
-1.783 -2.42259
-1.783 2.42259
-1.782 -2.42235
-1.782 2.42235
-1.781 -2.42211
-1.781 2.42211
-1.78 -2.42187
-1.78 2.42187
-1.779 -2.42163
-1.779 2.42163
-1.778 -2.42138
-1.778 2.42138
-1.777 -2.42114
-1.777 2.42114
-1.776 -2.42089
-1.776 2.42089
-1.775 -2.42064
-1.775 2.42064
-1.774 -2.4204
-1.774 2.4204
-1.773 -2.42015
-1.773 2.42015
-1.772 -2.4199
-1.772 2.4199
-1.771 -2.41965
-1.771 2.41965
-1.77 -2.41939
-1.77 2.41939
-1.769 -2.41914
-1.769 2.41914
-1.768 -2.41889
-1.768 2.41889
-1.767 -2.41863
-1.767 2.41863
-1.766 -2.41838
-1.766 2.41838
-1.765 -2.41812
-1.765 2.41812
-1.764 -2.41786
-1.764 2.41786
-1.763 -2.4176
-1.763 2.4176
-1.762 -2.41734
-1.762 2.41734
-1.761 -2.41708
-1.761 2.41708
-1.76 -2.41682
-1.76 2.41682
-1.759 -2.41656
-1.759 2.41656
-1.758 -2.41629
-1.758 2.41629
-1.757 -2.41603
-1.757 2.41603
-1.756 -2.41576
-1.756 2.41576
-1.755 -2.4155
-1.755 2.4155
-1.754 -2.41523
-1.754 2.41523
-1.753 -2.41496
-1.753 2.41496
-1.752 -2.41469
-1.752 2.41469
-1.751 -2.41442
-1.751 2.41442
-1.75 -2.41415
-1.75 2.41415
-1.749 -2.41388
-1.749 2.41388
-1.748 -2.41361
-1.748 2.41361
-1.747 -2.41333
-1.747 2.41333
-1.746 -2.41306
-1.746 2.41306
-1.745 -2.41278
-1.745 2.41278
-1.744 -2.4125
-1.744 2.4125
-1.743 -2.41222
-1.743 2.41222
-1.742 -2.41195
-1.742 2.41195
-1.741 -2.41167
-1.741 2.41167
-1.74 -2.41138
-1.74 2.41138
-1.739 -2.4111
-1.739 2.4111
-1.738 -2.41082
-1.738 2.41082
-1.737 -2.41054
-1.737 2.41054
-1.736 -2.41025
-1.736 2.41025
-1.735 -2.40997
-1.735 2.40997
-1.734 -2.40968
-1.734 2.40968
-1.733 -2.40939
-1.733 2.40939
-1.732 -2.4091
-1.732 2.4091
-1.731 -2.40881
-1.731 2.40881
-1.73 -2.40852
-1.73 2.40852
-1.729 -2.40823
-1.729 2.40823
-1.728 -2.40794
-1.728 2.40794
-1.727 -2.40765
-1.727 2.40765
-1.726 -2.40735
-1.726 2.40735
-1.725 -2.40706
-1.725 2.40706
-1.724 -2.40676
-1.724 2.40676
-1.723 -2.40646
-1.723 2.40646
-1.722 -2.40617
-1.722 2.40617
-1.721 -2.40587
-1.721 2.40587
-1.72 -2.40557
-1.72 2.40557
-1.719 -2.40527
-1.719 2.40527
-1.718 -2.40496
-1.718 2.40496
-1.717 -2.40466
-1.717 2.40466
-1.716 -2.40436
-1.716 2.40436
-1.715 -2.40405
-1.715 2.40405
-1.714 -2.40375
-1.714 2.40375
-1.713 -2.40344
-1.713 2.40344
-1.712 -2.40313
-1.712 2.40313
-1.711 -2.40283
-1.711 2.40283
-1.71 -2.40252
-1.71 2.40252
-1.709 -2.40221
-1.709 2.40221
-1.708 -2.4019
-1.708 2.4019
-1.707 -2.40158
-1.707 2.40158
-1.706 -2.40127
-1.706 2.40127
-1.705 -2.40096
-1.705 2.40096
-1.704 -2.40064
-1.704 2.40064
-1.703 -2.40033
-1.703 2.40033
-1.702 -2.40001
-1.702 2.40001
-1.701 -2.39969
-1.701 2.39969
-1.7 -2.39937
-1.7 2.39937
-1.699 -2.39906
-1.699 2.39906
-1.698 -2.39874
-1.698 2.39874
-1.697 -2.39841
-1.697 2.39841
-1.696 -2.39809
-1.696 2.39809
-1.695 -2.39777
-1.695 2.39777
-1.694 -2.39745
-1.694 2.39745
-1.693 -2.39712
-1.693 2.39712
-1.692 -2.39679
-1.692 2.39679
-1.691 -2.39647
-1.691 2.39647
-1.69 -2.39614
-1.69 2.39614
-1.689 -2.39581
-1.689 2.39581
-1.688 -2.39548
-1.688 2.39548
-1.687 -2.39515
-1.687 2.39515
-1.686 -2.39482
-1.686 2.39482
-1.685 -2.39449
-1.685 2.39449
-1.684 -2.39416
-1.684 2.39416
-1.683 -2.39382
-1.683 2.39382
-1.682 -2.39349
-1.682 2.39349
-1.681 -2.39315
-1.681 2.39315
-1.68 -2.39282
-1.68 2.39282
-1.679 -2.39248
-1.679 2.39248
-1.678 -2.39214
-1.678 2.39214
-1.677 -2.3918
-1.677 2.3918
-1.676 -2.39146
-1.676 2.39146
-1.675 -2.39112
-1.675 2.39112
-1.674 -2.39078
-1.674 2.39078
-1.673 -2.39043
-1.673 2.39043
-1.672 -2.39009
-1.672 2.39009
-1.671 -2.38975
-1.671 2.38975
-1.67 -2.3894
-1.67 2.3894
-1.669 -2.38905
-1.669 2.38905
-1.668 -2.38871
-1.668 2.38871
-1.667 -2.38836
-1.667 2.38836
-1.666 -2.38801
-1.666 2.38801
-1.665 -2.38766
-1.665 2.38766
-1.664 -2.38731
-1.664 2.38731
-1.663 -2.38696
-1.663 2.38696
-1.662 -2.3866
-1.662 2.3866
-1.661 -2.38625
-1.661 2.38625
-1.66 -2.3859
-1.66 2.3859
-1.659 -2.38554
-1.659 2.38554
-1.658 -2.38519
-1.658 2.38519
-1.657 -2.38483
-1.657 2.38483
-1.656 -2.38447
-1.656 2.38447
-1.655 -2.38411
-1.655 2.38411
-1.654 -2.38375
-1.654 2.38375
-1.653 -2.38339
-1.653 2.38339
-1.652 -2.38303
-1.652 2.38303
-1.651 -2.38267
-1.651 2.38267
-1.65 -2.3823
-1.65 2.3823
-1.649 -2.38194
-1.649 2.38194
-1.648 -2.38158
-1.648 2.38158
-1.647 -2.38121
-1.647 2.38121
-1.646 -2.38084
-1.646 2.38084
-1.645 -2.38048
-1.645 2.38048
-1.644 -2.38011
-1.644 2.38011
-1.643 -2.37974
-1.643 2.37974
-1.642 -2.37937
-1.642 2.37937
-1.641 -2.379
-1.641 2.379
-1.64 -2.37862
-1.64 2.37862
-1.639 -2.37825
-1.639 2.37825
-1.638 -2.37788
-1.638 2.37788
-1.637 -2.3775
-1.637 2.3775
-1.636 -2.37713
-1.636 2.37713
-1.635 -2.37675
-1.635 2.37675
-1.634 -2.37638
-1.634 2.37638
-1.633 -2.376
-1.633 2.376
-1.632 -2.37562
-1.632 2.37562
-1.631 -2.37524
-1.631 2.37524
-1.63 -2.37486
-1.63 2.37486
-1.629 -2.37448
-1.629 2.37448
-1.628 -2.37409
-1.628 2.37409
-1.627 -2.37371
-1.627 2.37371
-1.626 -2.37333
-1.626 2.37333
-1.625 -2.37294
-1.625 2.37294
-1.624 -2.37256
-1.624 2.37256
-1.623 -2.37217
-1.623 2.37217
-1.622 -2.37178
-1.622 2.37178
-1.621 -2.3714
-1.621 2.3714
-1.62 -2.37101
-1.62 2.37101
-1.619 -2.37062
-1.619 2.37062
-1.618 -2.37023
-1.618 2.37023
-1.617 -2.36983
-1.617 2.36983
-1.616 -2.36944
-1.616 2.36944
-1.615 -2.36905
-1.615 2.36905
-1.614 -2.36865
-1.614 2.36865
-1.613 -2.36826
-1.613 2.36826
-1.612 -2.36786
-1.612 2.36786
-1.611 -2.36747
-1.611 2.36747
-1.61 -2.36707
-1.61 2.36707
-1.609 -2.36667
-1.609 2.36667
-1.608 -2.36627
-1.608 2.36627
-1.607 -2.36587
-1.607 2.36587
-1.606 -2.36547
-1.606 2.36547
-1.605 -2.36507
-1.605 2.36507
-1.604 -2.36467
-1.604 2.36467
-1.603 -2.36426
-1.603 2.36426
-1.602 -2.36386
-1.602 2.36386
-1.601 -2.36345
-1.601 2.36345
-1.6 -2.36305
-1.6 2.36305
-1.599 -2.36264
-1.599 2.36264
-1.598 -2.36223
-1.598 2.36223
-1.597 -2.36183
-1.597 2.36183
-1.596 -2.36142
-1.596 2.36142
-1.595 -2.36101
-1.595 2.36101
-1.594 -2.3606
-1.594 2.3606
-1.593 -2.36018
-1.593 2.36018
-1.592 -2.35977
-1.592 2.35977
-1.591 -2.35936
-1.591 2.35936
-1.59 -2.35894
-1.59 2.35894
-1.589 -2.35853
-1.589 2.35853
-1.588 -2.35811
-1.588 2.35811
-1.587 -2.3577
-1.587 2.3577
-1.586 -2.35728
-1.586 2.35728
-1.585 -2.35686
-1.585 2.35686
-1.584 -2.35644
-1.584 2.35644
-1.583 -2.35602
-1.583 2.35602
-1.582 -2.3556
-1.582 2.3556
-1.581 -2.35518
-1.581 2.35518
-1.58 -2.35476
-1.58 2.35476
-1.579 -2.35434
-1.579 2.35434
-1.578 -2.35391
-1.578 2.35391
-1.577 -2.35349
-1.577 2.35349
-1.576 -2.35306
-1.576 2.35306
-1.575 -2.35263
-1.575 2.35263
-1.574 -2.35221
-1.574 2.35221
-1.573 -2.35178
-1.573 2.35178
-1.572 -2.35135
-1.572 2.35135
-1.571 -2.35092
-1.571 2.35092
-1.57 -2.35049
-1.57 2.35049
-1.569 -2.35006
-1.569 2.35006
-1.568 -2.34963
-1.568 2.34963
-1.567 -2.34919
-1.567 2.34919
-1.566 -2.34876
-1.566 2.34876
-1.565 -2.34833
-1.565 2.34833
-1.564 -2.34789
-1.564 2.34789
-1.563 -2.34746
-1.563 2.34746
-1.562 -2.34702
-1.562 2.34702
-1.561 -2.34658
-1.561 2.34658
-1.56 -2.34614
-1.56 2.34614
-1.559 -2.3457
-1.559 2.3457
-1.558 -2.34526
-1.558 2.34526
-1.557 -2.34482
-1.557 2.34482
-1.556 -2.34438
-1.556 2.34438
-1.555 -2.34394
-1.555 2.34394
-1.554 -2.34349
-1.554 2.34349
-1.553 -2.34305
-1.553 2.34305
-1.552 -2.34261
-1.552 2.34261
-1.551 -2.34216
-1.551 2.34216
-1.55 -2.34171
-1.55 2.34171
-1.549 -2.34127
-1.549 2.34127
-1.548 -2.34082
-1.548 2.34082
-1.547 -2.34037
-1.547 2.34037
-1.546 -2.33992
-1.546 2.33992
-1.545 -2.33947
-1.545 2.33947
-1.544 -2.33902
-1.544 2.33902
-1.543 -2.33857
-1.543 2.33857
-1.542 -2.33811
-1.542 2.33811
-1.541 -2.33766
-1.541 2.33766
-1.54 -2.33721
-1.54 2.33721
-1.539 -2.33675
-1.539 2.33675
-1.538 -2.3363
-1.538 2.3363
-1.537 -2.33584
-1.537 2.33584
-1.536 -2.33538
-1.536 2.33538
-1.535 -2.33492
-1.535 2.33492
-1.534 -2.33446
-1.534 2.33446
-1.533 -2.33401
-1.533 2.33401
-1.532 -2.33354
-1.532 2.33354
-1.531 -2.33308
-1.531 2.33308
-1.53 -2.33262
-1.53 2.33262
-1.529 -2.33216
-1.529 2.33216
-1.528 -2.3317
-1.528 2.3317
-1.527 -2.33123
-1.527 2.33123
-1.526 -2.33077
-1.526 2.33077
-1.525 -2.3303
-1.525 2.3303
-1.524 -2.32983
-1.524 2.32983
-1.523 -2.32937
-1.523 2.32937
-1.522 -2.3289
-1.522 2.3289
-1.521 -2.32843
-1.521 2.32843
-1.52 -2.32796
-1.52 2.32796
-1.519 -2.32749
-1.519 2.32749
-1.518 -2.32702
-1.518 2.32702
-1.517 -2.32654
-1.517 2.32654
-1.516 -2.32607
-1.516 2.32607
-1.515 -2.3256
-1.515 2.3256
-1.514 -2.32512
-1.514 2.32512
-1.513 -2.32465
-1.513 2.32465
-1.512 -2.32417
-1.512 2.32417
-1.511 -2.3237
-1.511 2.3237
-1.51 -2.32322
-1.51 2.32322
-1.509 -2.32274
-1.509 2.32274
-1.508 -2.32226
-1.508 2.32226
-1.507 -2.32178
-1.507 2.32178
-1.506 -2.3213
-1.506 2.3213
-1.505 -2.32082
-1.505 2.32082
-1.504 -2.32034
-1.504 2.32034
-1.503 -2.31986
-1.503 2.31986
-1.502 -2.31937
-1.502 2.31937
-1.501 -2.31889
-1.501 2.31889
-1.5 -2.3184
-1.5 2.3184
-1.499 -2.31792
-1.499 2.31792
-1.498 -2.31743
-1.498 2.31743
-1.497 -2.31695
-1.497 2.31695
-1.496 -2.31646
-1.496 2.31646
-1.495 -2.31597
-1.495 2.31597
-1.494 -2.31548
-1.494 2.31548
-1.493 -2.31499
-1.493 2.31499
-1.492 -2.3145
-1.492 2.3145
-1.491 -2.31401
-1.491 2.31401
-1.49 -2.31351
-1.49 2.31351
-1.489 -2.31302
-1.489 2.31302
-1.488 -2.31253
-1.488 2.31253
-1.487 -2.31203
-1.487 2.31203
-1.486 -2.31154
-1.486 2.31154
-1.485 -2.31104
-1.485 2.31104
-1.484 -2.31055
-1.484 2.31055
-1.483 -2.31005
-1.483 2.31005
-1.482 -2.30955
-1.482 2.30955
-1.481 -2.30905
-1.481 2.30905
-1.48 -2.30855
-1.48 2.30855
-1.479 -2.30805
-1.479 2.30805
-1.478 -2.30755
-1.478 2.30755
-1.477 -2.30705
-1.477 2.30705
-1.476 -2.30654
-1.476 2.30654
-1.475 -2.30604
-1.475 2.30604
-1.474 -2.30554
-1.474 2.30554
-1.473 -2.30503
-1.473 2.30503
-1.472 -2.30453
-1.472 2.30453
-1.471 -2.30402
-1.471 2.30402
-1.47 -2.30351
-1.47 2.30351
-1.469 -2.30301
-1.469 2.30301
-1.468 -2.3025
-1.468 2.3025
-1.467 -2.30199
-1.467 2.30199
-1.466 -2.30148
-1.466 2.30148
-1.465 -2.30097
-1.465 2.30097
-1.464 -2.30046
-1.464 2.30046
-1.463 -2.29995
-1.463 2.29995
-1.462 -2.29943
-1.462 2.29943
-1.461 -2.29892
-1.461 2.29892
-1.46 -2.2984
-1.46 2.2984
-1.459 -2.29789
-1.459 2.29789
-1.458 -2.29737
-1.458 2.29737
-1.457 -2.29686
-1.457 2.29686
-1.456 -2.29634
-1.456 2.29634
-1.455 -2.29582
-1.455 2.29582
-1.454 -2.2953
-1.454 2.2953
-1.453 -2.29479
-1.453 2.29479
-1.452 -2.29427
-1.452 2.29427
-1.451 -2.29375
-1.451 2.29375
-1.45 -2.29322
-1.45 2.29322
-1.449 -2.2927
-1.449 2.2927
-1.448 -2.29218
-1.448 2.29218
-1.447 -2.29166
-1.447 2.29166
-1.446 -2.29113
-1.446 2.29113
-1.445 -2.29061
-1.445 2.29061
-1.444 -2.29008
-1.444 2.29008
-1.443 -2.28955
-1.443 2.28955
-1.442 -2.28903
-1.442 2.28903
-1.441 -2.2885
-1.441 2.2885
-1.44 -2.28797
-1.44 2.28797
-1.439 -2.28744
-1.439 2.28744
-1.438 -2.28691
-1.438 2.28691
-1.437 -2.28638
-1.437 2.28638
-1.436 -2.28585
-1.436 2.28585
-1.435 -2.28532
-1.435 2.28532
-1.434 -2.28479
-1.434 2.28479
-1.433 -2.28425
-1.433 2.28425
-1.432 -2.28372
-1.432 2.28372
-1.431 -2.28319
-1.431 2.28319
-1.43 -2.28265
-1.43 2.28265
-1.429 -2.28211
-1.429 2.28211
-1.428 -2.28158
-1.428 2.28158
-1.427 -2.28104
-1.427 2.28104
-1.426 -2.2805
-1.426 2.2805
-1.425 -2.27996
-1.425 2.27996
-1.424 -2.27942
-1.424 2.27942
-1.423 -2.27888
-1.423 2.27888
-1.422 -2.27834
-1.422 2.27834
-1.421 -2.2778
-1.421 2.2778
-1.42 -2.27726
-1.42 2.27726
-1.419 -2.27672
-1.419 2.27672
-1.418 -2.27617
-1.418 2.27617
-1.417 -2.27563
-1.417 2.27563
-1.416 -2.27508
-1.416 2.27508
-1.415 -2.27454
-1.415 2.27454
-1.414 -2.27399
-1.414 2.27399
-1.413 -2.27345
-1.413 2.27345
-1.412 -2.2729
-1.412 2.2729
-1.411 -2.27235
-1.411 2.27235
-1.41 -2.2718
-1.41 2.2718
-1.409 -2.27125
-1.409 2.27125
-1.408 -2.2707
-1.408 2.2707
-1.407 -2.27015
-1.407 2.27015
-1.406 -2.2696
-1.406 2.2696
-1.405 -2.26905
-1.405 2.26905
-1.404 -2.26849
-1.404 2.26849
-1.403 -2.26794
-1.403 2.26794
-1.402 -2.26739
-1.402 2.26739
-1.401 -2.26683
-1.401 2.26683
-1.4 -2.26627
-1.4 2.26627
-1.399 -2.26572
-1.399 2.26572
-1.398 -2.26516
-1.398 2.26516
-1.397 -2.2646
-1.397 2.2646
-1.396 -2.26405
-1.396 2.26405
-1.395 -2.26349
-1.395 2.26349
-1.394 -2.26293
-1.394 2.26293
-1.393 -2.26237
-1.393 2.26237
-1.392 -2.26181
-1.392 2.26181
-1.391 -2.26124
-1.391 2.26124
-1.39 -2.26068
-1.39 2.26068
-1.389 -2.26012
-1.389 2.26012
-1.388 -2.25956
-1.388 2.25956
-1.387 -2.25899
-1.387 2.25899
-1.386 -2.25843
-1.386 2.25843
-1.385 -2.25786
-1.385 2.25786
-1.384 -2.25729
-1.384 2.25729
-1.383 -2.25673
-1.383 2.25673
-1.382 -2.25616
-1.382 2.25616
-1.381 -2.25559
-1.381 2.25559
-1.38 -2.25502
-1.38 2.25502
-1.379 -2.25445
-1.379 2.25445
-1.378 -2.25388
-1.378 2.25388
-1.377 -2.25331
-1.377 2.25331
-1.376 -2.25274
-1.376 2.25274
-1.375 -2.25217
-1.375 2.25217
-1.374 -2.2516
-1.374 2.2516
-1.373 -2.25102
-1.373 2.25102
-1.372 -2.25045
-1.372 2.25045
-1.371 -2.24987
-1.371 2.24987
-1.37 -2.2493
-1.37 2.2493
-1.369 -2.24872
-1.369 2.24872
-1.368 -2.24815
-1.368 2.24815
-1.367 -2.24757
-1.367 2.24757
-1.366 -2.24699
-1.366 2.24699
-1.365 -2.24641
-1.365 2.24641
-1.364 -2.24583
-1.364 2.24583
-1.363 -2.24525
-1.363 2.24525
-1.362 -2.24467
-1.362 2.24467
-1.361 -2.24409
-1.361 2.24409
-1.36 -2.24351
-1.36 2.24351
-1.359 -2.24293
-1.359 2.24293
-1.358 -2.24235
-1.358 2.24235
-1.357 -2.24176
-1.357 2.24176
-1.356 -2.24118
-1.356 2.24118
-1.355 -2.24059
-1.355 2.24059
-1.354 -2.24001
-1.354 2.24001
-1.353 -2.23942
-1.353 2.23942
-1.352 -2.23884
-1.352 2.23884
-1.351 -2.23825
-1.351 2.23825
-1.35 -2.23766
-1.35 2.23766
-1.349 -2.23707
-1.349 2.23707
-1.348 -2.23648
-1.348 2.23648
-1.347 -2.23589
-1.347 2.23589
-1.346 -2.2353
-1.346 2.2353
-1.345 -2.23471
-1.345 2.23471
-1.344 -2.23412
-1.344 2.23412
-1.343 -2.23353
-1.343 2.23353
-1.342 -2.23293
-1.342 2.23293
-1.341 -2.23234
-1.341 2.23234
-1.34 -2.23175
-1.34 2.23175
-1.339 -2.23115
-1.339 2.23115
-1.338 -2.23056
-1.338 2.23056
-1.337 -2.22996
-1.337 2.22996
-1.336 -2.22936
-1.336 2.22936
-1.335 -2.22877
-1.335 2.22877
-1.334 -2.22817
-1.334 2.22817
-1.333 -2.22757
-1.333 2.22757
-1.332 -2.22697
-1.332 2.22697
-1.331 -2.22637
-1.331 2.22637
-1.33 -2.22577
-1.33 2.22577
-1.329 -2.22517
-1.329 2.22517
-1.328 -2.22457
-1.328 2.22457
-1.327 -2.22397
-1.327 2.22397
-1.326 -2.22337
-1.326 2.22337
-1.325 -2.22276
-1.325 2.22276
-1.324 -2.22216
-1.324 2.22216
-1.323 -2.22155
-1.323 2.22155
-1.322 -2.22095
-1.322 2.22095
-1.321 -2.22034
-1.321 2.22034
-1.32 -2.21974
-1.32 2.21974
-1.319 -2.21913
-1.319 2.21913
-1.318 -2.21852
-1.318 2.21852
-1.317 -2.21791
-1.317 2.21791
-1.316 -2.21731
-1.316 2.21731
-1.315 -2.2167
-1.315 2.2167
-1.314 -2.21609
-1.314 2.21609
-1.313 -2.21548
-1.313 2.21548
-1.312 -2.21487
-1.312 2.21487
-1.311 -2.21425
-1.311 2.21425
-1.31 -2.21364
-1.31 2.21364
-1.309 -2.21303
-1.309 2.21303
-1.308 -2.21242
-1.308 2.21242
-1.307 -2.2118
-1.307 2.2118
-1.306 -2.21119
-1.306 2.21119
-1.305 -2.21057
-1.305 2.21057
-1.304 -2.20996
-1.304 2.20996
-1.303 -2.20934
-1.303 2.20934
-1.302 -2.20872
-1.302 2.20872
-1.301 -2.20811
-1.301 2.20811
-1.3 -2.20749
-1.3 2.20749
-1.299 -2.20687
-1.299 2.20687
-1.298 -2.20625
-1.298 2.20625
-1.297 -2.20563
-1.297 2.20563
-1.296 -2.20501
-1.296 2.20501
-1.295 -2.20439
-1.295 2.20439
-1.294 -2.20377
-1.294 2.20377
-1.293 -2.20314
-1.293 2.20314
-1.292 -2.20252
-1.292 2.20252
-1.291 -2.2019
-1.291 2.2019
-1.29 -2.20127
-1.29 2.20127
-1.289 -2.20065
-1.289 2.20065
-1.288 -2.20003
-1.288 2.20003
-1.287 -2.1994
-1.287 2.1994
-1.286 -2.19877
-1.286 2.19877
-1.285 -2.19815
-1.285 2.19815
-1.284 -2.19752
-1.284 2.19752
-1.283 -2.19689
-1.283 2.19689
-1.282 -2.19626
-1.282 2.19626
-1.281 -2.19563
-1.281 2.19563
-1.28 -2.19501
-1.28 2.19501
-1.279 -2.19438
-1.279 2.19438
-1.278 -2.19374
-1.278 2.19374
-1.277 -2.19311
-1.277 2.19311
-1.276 -2.19248
-1.276 2.19248
-1.275 -2.19185
-1.275 2.19185
-1.274 -2.19122
-1.274 2.19122
-1.273 -2.19058
-1.273 2.19058
-1.272 -2.18995
-1.272 2.18995
-1.271 -2.18931
-1.271 2.18931
-1.27 -2.18868
-1.27 2.18868
-1.269 -2.18804
-1.269 2.18804
-1.268 -2.18741
-1.268 2.18741
-1.267 -2.18677
-1.267 2.18677
-1.266 -2.18613
-1.266 2.18613
-1.265 -2.1855
-1.265 2.1855
-1.264 -2.18486
-1.264 2.18486
-1.263 -2.18422
-1.263 2.18422
-1.262 -2.18358
-1.262 2.18358
-1.261 -2.18294
-1.261 2.18294
-1.26 -2.1823
-1.26 2.1823
-1.259 -2.18166
-1.259 2.18166
-1.258 -2.18102
-1.258 2.18102
-1.257 -2.18037
-1.257 2.18037
-1.256 -2.17973
-1.256 2.17973
-1.255 -2.17909
-1.255 2.17909
-1.254 -2.17844
-1.254 2.17844
-1.253 -2.1778
-1.253 2.1778
-1.252 -2.17715
-1.252 2.17715
-1.251 -2.17651
-1.251 2.17651
-1.25 -2.17586
-1.25 2.17586
-1.249 -2.17522
-1.249 2.17522
-1.248 -2.17457
-1.248 2.17457
-1.247 -2.17392
-1.247 2.17392
-1.246 -2.17327
-1.246 2.17327
-1.245 -2.17262
-1.245 2.17262
-1.244 -2.17197
-1.244 2.17197
-1.243 -2.17132
-1.243 2.17132
-1.242 -2.17067
-1.242 2.17067
-1.241 -2.17002
-1.241 2.17002
-1.24 -2.16937
-1.24 2.16937
-1.239 -2.16872
-1.239 2.16872
-1.238 -2.16807
-1.238 2.16807
-1.237 -2.16742
-1.237 2.16742
-1.236 -2.16676
-1.236 2.16676
-1.235 -2.16611
-1.235 2.16611
-1.234 -2.16545
-1.234 2.16545
-1.233 -2.1648
-1.233 2.1648
-1.232 -2.16414
-1.232 2.16414
-1.231 -2.16349
-1.231 2.16349
-1.23 -2.16283
-1.23 2.16283
-1.229 -2.16217
-1.229 2.16217
-1.228 -2.16152
-1.228 2.16152
-1.227 -2.16086
-1.227 2.16086
-1.226 -2.1602
-1.226 2.1602
-1.225 -2.15954
-1.225 2.15954
-1.224 -2.15888
-1.224 2.15888
-1.223 -2.15822
-1.223 2.15822
-1.222 -2.15756
-1.222 2.15756
-1.221 -2.1569
-1.221 2.1569
-1.22 -2.15624
-1.22 2.15624
-1.219 -2.15557
-1.219 2.15557
-1.218 -2.15491
-1.218 2.15491
-1.217 -2.15425
-1.217 2.15425
-1.216 -2.15358
-1.216 2.15358
-1.215 -2.15292
-1.215 2.15292
-1.214 -2.15225
-1.214 2.15225
-1.213 -2.15159
-1.213 2.15159
-1.212 -2.15092
-1.212 2.15092
-1.211 -2.15026
-1.211 2.15026
-1.21 -2.14959
-1.21 2.14959
-1.209 -2.14892
-1.209 2.14892
-1.208 -2.14826
-1.208 2.14826
-1.207 -2.14759
-1.207 2.14759
-1.206 -2.14692
-1.206 2.14692
-1.205 -2.14625
-1.205 2.14625
-1.204 -2.14558
-1.204 2.14558
-1.203 -2.14491
-1.203 2.14491
-1.202 -2.14424
-1.202 2.14424
-1.201 -2.14357
-1.201 2.14357
-1.2 -2.1429
-1.2 2.1429
-1.199 -2.14222
-1.199 2.14222
-1.198 -2.14155
-1.198 2.14155
-1.197 -2.14088
-1.197 2.14088
-1.196 -2.1402
-1.196 2.1402
-1.195 -2.13953
-1.195 2.13953
-1.194 -2.13885
-1.194 2.13885
-1.193 -2.13818
-1.193 2.13818
-1.192 -2.1375
-1.192 2.1375
-1.191 -2.13683
-1.191 2.13683
-1.19 -2.13615
-1.19 2.13615
-1.189 -2.13547
-1.189 2.13547
-1.188 -2.1348
-1.188 2.1348
-1.187 -2.13412
-1.187 2.13412
-1.186 -2.13344
-1.186 2.13344
-1.185 -2.13276
-1.185 2.13276
-1.184 -2.13208
-1.184 2.13208
-1.183 -2.1314
-1.183 2.1314
-1.182 -2.13072
-1.182 2.13072
-1.181 -2.13004
-1.181 2.13004
-1.18 -2.12936
-1.18 2.12936
-1.179 -2.12868
-1.179 2.12868
-1.178 -2.12799
-1.178 2.12799
-1.177 -2.12731
-1.177 2.12731
-1.176 -2.12663
-1.176 2.12663
-1.175 -2.12594
-1.175 2.12594
-1.174 -2.12526
-1.174 2.12526
-1.173 -2.12458
-1.173 2.12458
-1.172 -2.12389
-1.172 2.12389
-1.171 -2.12321
-1.171 2.12321
-1.17 -2.12252
-1.17 2.12252
-1.169 -2.12183
-1.169 2.12183
-1.168 -2.12115
-1.168 2.12115
-1.167 -2.12046
-1.167 2.12046
-1.166 -2.11977
-1.166 2.11977
-1.165 -2.11908
-1.165 2.11908
-1.164 -2.11839
-1.164 2.11839
-1.163 -2.1177
-1.163 2.1177
-1.162 -2.11701
-1.162 2.11701
-1.161 -2.11632
-1.161 2.11632
-1.16 -2.11563
-1.16 2.11563
-1.159 -2.11494
-1.159 2.11494
-1.158 -2.11425
-1.158 2.11425
-1.157 -2.11356
-1.157 2.11356
-1.156 -2.11287
-1.156 2.11287
-1.155 -2.11217
-1.155 2.11217
-1.154 -2.11148
-1.154 2.11148
-1.153 -2.11079
-1.153 2.11079
-1.152 -2.11009
-1.152 2.11009
-1.151 -2.1094
-1.151 2.1094
-1.15 -2.1087
-1.15 2.1087
-1.149 -2.10801
-1.149 2.10801
-1.148 -2.10731
-1.148 2.10731
-1.147 -2.10661
-1.147 2.10661
-1.146 -2.10592
-1.146 2.10592
-1.145 -2.10522
-1.145 2.10522
-1.144 -2.10452
-1.144 2.10452
-1.143 -2.10382
-1.143 2.10382
-1.142 -2.10313
-1.142 2.10313
-1.141 -2.10243
-1.141 2.10243
-1.14 -2.10173
-1.14 2.10173
-1.139 -2.10103
-1.139 2.10103
-1.138 -2.10033
-1.138 2.10033
-1.137 -2.09963
-1.137 2.09963
-1.136 -2.09892
-1.136 2.09892
-1.135 -2.09822
-1.135 2.09822
-1.134 -2.09752
-1.134 2.09752
-1.133 -2.09682
-1.133 2.09682
-1.132 -2.09612
-1.132 2.09612
-1.131 -2.09541
-1.131 2.09541
-1.13 -2.09471
-1.13 2.09471
-1.129 -2.094
-1.129 2.094
-1.128 -2.0933
-1.128 2.0933
-1.127 -2.09259
-1.127 2.09259
-1.126 -2.09189
-1.126 2.09189
-1.125 -2.09118
-1.125 2.09118
-1.124 -2.09048
-1.124 2.09048
-1.123 -2.08977
-1.123 2.08977
-1.122 -2.08906
-1.122 2.08906
-1.121 -2.08836
-1.121 2.08836
-1.12 -2.08765
-1.12 2.08765
-1.119 -2.08694
-1.119 2.08694
-1.118 -2.08623
-1.118 2.08623
-1.117 -2.08552
-1.117 2.08552
-1.116 -2.08481
-1.116 2.08481
-1.115 -2.0841
-1.115 2.0841
-1.114 -2.08339
-1.114 2.08339
-1.113 -2.08268
-1.113 2.08268
-1.112 -2.08197
-1.112 2.08197
-1.111 -2.08126
-1.111 2.08126
-1.11 -2.08055
-1.11 2.08055
-1.109 -2.07983
-1.109 2.07983
-1.108 -2.07912
-1.108 2.07912
-1.107 -2.07841
-1.107 2.07841
-1.106 -2.07769
-1.106 2.07769
-1.105 -2.07698
-1.105 2.07698
-1.104 -2.07626
-1.104 2.07626
-1.103 -2.07555
-1.103 2.07555
-1.102 -2.07483
-1.102 2.07483
-1.101 -2.07412
-1.101 2.07412
-1.1 -2.0734
-1.1 2.0734
-1.099 -2.07269
-1.099 2.07269
-1.098 -2.07197
-1.098 2.07197
-1.097 -2.07125
-1.097 2.07125
-1.096 -2.07054
-1.096 2.07054
-1.095 -2.06982
-1.095 2.06982
-1.094 -2.0691
-1.094 2.0691
-1.093 -2.06838
-1.093 2.06838
-1.092 -2.06766
-1.092 2.06766
-1.091 -2.06694
-1.091 2.06694
-1.09 -2.06622
-1.09 2.06622
-1.089 -2.0655
-1.089 2.0655
-1.088 -2.06478
-1.088 2.06478
-1.087 -2.06406
-1.087 2.06406
-1.086 -2.06334
-1.086 2.06334
-1.085 -2.06262
-1.085 2.06262
-1.084 -2.06189
-1.084 2.06189
-1.083 -2.06117
-1.083 2.06117
-1.082 -2.06045
-1.082 2.06045
-1.081 -2.05973
-1.081 2.05973
-1.08 -2.059
-1.08 2.059
-1.079 -2.05828
-1.079 2.05828
-1.078 -2.05755
-1.078 2.05755
-1.077 -2.05683
-1.077 2.05683
-1.076 -2.0561
-1.076 2.0561
-1.075 -2.05538
-1.075 2.05538
-1.074 -2.05465
-1.074 2.05465
-1.073 -2.05393
-1.073 2.05393
-1.072 -2.0532
-1.072 2.0532
-1.071 -2.05247
-1.071 2.05247
-1.07 -2.05174
-1.07 2.05174
-1.069 -2.05102
-1.069 2.05102
-1.068 -2.05029
-1.068 2.05029
-1.067 -2.04956
-1.067 2.04956
-1.066 -2.04883
-1.066 2.04883
-1.065 -2.0481
-1.065 2.0481
-1.064 -2.04737
-1.064 2.04737
-1.063 -2.04664
-1.063 2.04664
-1.062 -2.04591
-1.062 2.04591
-1.061 -2.04518
-1.061 2.04518
-1.06 -2.04445
-1.06 2.04445
-1.059 -2.04372
-1.059 2.04372
-1.058 -2.04299
-1.058 2.04299
-1.057 -2.04226
-1.057 2.04226
-1.056 -2.04153
-1.056 2.04153
-1.055 -2.04079
-1.055 2.04079
-1.054 -2.04006
-1.054 2.04006
-1.053 -2.03933
-1.053 2.03933
-1.052 -2.03859
-1.052 2.03859
-1.051 -2.03786
-1.051 2.03786
-1.05 -2.03712
-1.05 2.03712
-1.049 -2.03639
-1.049 2.03639
-1.048 -2.03565
-1.048 2.03565
-1.047 -2.03492
-1.047 2.03492
-1.046 -2.03418
-1.046 2.03418
-1.045 -2.03345
-1.045 2.03345
-1.044 -2.03271
-1.044 2.03271
-1.043 -2.03197
-1.043 2.03197
-1.042 -2.03124
-1.042 2.03124
-1.041 -2.0305
-1.041 2.0305
-1.04 -2.02976
-1.04 2.02976
-1.039 -2.02902
-1.039 2.02902
-1.038 -2.02829
-1.038 2.02829
-1.037 -2.02755
-1.037 2.02755
-1.036 -2.02681
-1.036 2.02681
-1.035 -2.02607
-1.035 2.02607
-1.034 -2.02533
-1.034 2.02533
-1.033 -2.02459
-1.033 2.02459
-1.032 -2.02385
-1.032 2.02385
-1.031 -2.02311
-1.031 2.02311
-1.03 -2.02237
-1.03 2.02237
-1.029 -2.02163
-1.029 2.02163
-1.028 -2.02089
-1.028 2.02089
-1.027 -2.02014
-1.027 2.02014
-1.026 -2.0194
-1.026 2.0194
-1.025 -2.01866
-1.025 2.01866
-1.024 -2.01792
-1.024 2.01792
-1.023 -2.01717
-1.023 2.01717
-1.022 -2.01643
-1.022 2.01643
-1.021 -2.01569
-1.021 2.01569
-1.02 -2.01494
-1.02 2.01494
-1.019 -2.0142
-1.019 2.0142
-1.018 -2.01345
-1.018 2.01345
-1.017 -2.01271
-1.017 2.01271
-1.016 -2.01196
-1.016 2.01196
-1.015 -2.01122
-1.015 2.01122
-1.014 -2.01047
-1.014 2.01047
-1.013 -2.00973
-1.013 2.00973
-1.012 -2.00898
-1.012 2.00898
-1.011 -2.00823
-1.011 2.00823
-1.01 -2.00749
-1.01 2.00749
-1.009 -2.00674
-1.009 2.00674
-1.008 -2.00599
-1.008 2.00599
-1.007 -2.00524
-1.007 2.00524
-1.006 -2.00449
-1.006 2.00449
-1.005 -2.00375
-1.005 2.00375
-1.004 -2.003
-1.004 2.003
-1.003 -2.00225
-1.003 2.00225
-1.002 -2.0015
-1.002 2.0015
-1.001 -2.00075
-1.001 2.00075
-1 -2
-1 2
-0.999 -1.99925
-0.999 1.99925
-0.998 -1.9985
-0.998 1.9985
-0.997 -1.99775
-0.997 1.99775
-0.996 -1.997
-0.996 1.997
-0.995 -1.99625
-0.995 1.99625
-0.994 -1.99549
-0.994 1.99549
-0.993 -1.99474
-0.993 1.99474
-0.992 -1.99399
-0.992 1.99399
-0.991 -1.99324
-0.991 1.99324
-0.99 -1.99249
-0.99 1.99249
-0.989 -1.99173
-0.989 1.99173
-0.988 -1.99098
-0.988 1.99098
-0.987 -1.99023
-0.987 1.99023
-0.986 -1.98947
-0.986 1.98947
-0.985 -1.98872
-0.985 1.98872
-0.984 -1.98796
-0.984 1.98796
-0.983 -1.98721
-0.983 1.98721
-0.982 -1.98646
-0.982 1.98646
-0.981 -1.9857
-0.981 1.9857
-0.98 -1.98495
-0.98 1.98495
-0.979 -1.98419
-0.979 1.98419
-0.978 -1.98343
-0.978 1.98343
-0.977 -1.98268
-0.977 1.98268
-0.976 -1.98192
-0.976 1.98192
-0.975 -1.98117
-0.975 1.98117
-0.974 -1.98041
-0.974 1.98041
-0.973 -1.97965
-0.973 1.97965
-0.972 -1.97889
-0.972 1.97889
-0.971 -1.97814
-0.971 1.97814
-0.97 -1.97738
-0.97 1.97738
-0.969 -1.97662
-0.969 1.97662
-0.968 -1.97586
-0.968 1.97586
-0.967 -1.9751
-0.967 1.9751
-0.966 -1.97435
-0.966 1.97435
-0.965 -1.97359
-0.965 1.97359
-0.964 -1.97283
-0.964 1.97283
-0.963 -1.97207
-0.963 1.97207
-0.962 -1.97131
-0.962 1.97131
-0.961 -1.97055
-0.961 1.97055
-0.96 -1.96979
-0.96 1.96979
-0.959 -1.96903
-0.959 1.96903
-0.958 -1.96827
-0.958 1.96827
-0.957 -1.96751
-0.957 1.96751
-0.956 -1.96674
-0.956 1.96674
-0.955 -1.96598
-0.955 1.96598
-0.954 -1.96522
-0.954 1.96522
-0.953 -1.96446
-0.953 1.96446
-0.952 -1.9637
-0.952 1.9637
-0.951 -1.96294
-0.951 1.96294
-0.95 -1.96217
-0.95 1.96217
-0.949 -1.96141
-0.949 1.96141
-0.948 -1.96065
-0.948 1.96065
-0.947 -1.95988
-0.947 1.95988
-0.946 -1.95912
-0.946 1.95912
-0.945 -1.95836
-0.945 1.95836
-0.944 -1.95759
-0.944 1.95759
-0.943 -1.95683
-0.943 1.95683
-0.942 -1.95607
-0.942 1.95607
-0.941 -1.9553
-0.941 1.9553
-0.94 -1.95454
-0.94 1.95454
-0.939 -1.95377
-0.939 1.95377
-0.938 -1.95301
-0.938 1.95301
-0.937 -1.95224
-0.937 1.95224
-0.936 -1.95148
-0.936 1.95148
-0.935 -1.95071
-0.935 1.95071
-0.934 -1.94995
-0.934 1.94995
-0.933 -1.94918
-0.933 1.94918
-0.932 -1.94841
-0.932 1.94841
-0.931 -1.94765
-0.931 1.94765
-0.93 -1.94688
-0.93 1.94688
-0.929 -1.94611
-0.929 1.94611
-0.928 -1.94535
-0.928 1.94535
-0.927 -1.94458
-0.927 1.94458
-0.926 -1.94381
-0.926 1.94381
-0.925 -1.94304
-0.925 1.94304
-0.924 -1.94228
-0.924 1.94228
-0.923 -1.94151
-0.923 1.94151
-0.922 -1.94074
-0.922 1.94074
-0.921 -1.93997
-0.921 1.93997
-0.92 -1.9392
-0.92 1.9392
-0.919 -1.93844
-0.919 1.93844
-0.918 -1.93767
-0.918 1.93767
-0.917 -1.9369
-0.917 1.9369
-0.916 -1.93613
-0.916 1.93613
-0.915 -1.93536
-0.915 1.93536
-0.914 -1.93459
-0.914 1.93459
-0.913 -1.93382
-0.913 1.93382
-0.912 -1.93305
-0.912 1.93305
-0.911 -1.93228
-0.911 1.93228
-0.91 -1.93151
-0.91 1.93151
-0.909 -1.93074
-0.909 1.93074
-0.908 -1.92997
-0.908 1.92997
-0.907 -1.9292
-0.907 1.9292
-0.906 -1.92843
-0.906 1.92843
-0.905 -1.92766
-0.905 1.92766
-0.904 -1.92688
-0.904 1.92688
-0.903 -1.92611
-0.903 1.92611
-0.902 -1.92534
-0.902 1.92534
-0.901 -1.92457
-0.901 1.92457
-0.9 -1.9238
-0.9 1.9238
-0.899 -1.92303
-0.899 1.92303
-0.898 -1.92225
-0.898 1.92225
-0.897 -1.92148
-0.897 1.92148
-0.896 -1.92071
-0.896 1.92071
-0.895 -1.91994
-0.895 1.91994
-0.894 -1.91916
-0.894 1.91916
-0.893 -1.91839
-0.893 1.91839
-0.892 -1.91762
-0.892 1.91762
-0.891 -1.91685
-0.891 1.91685
-0.89 -1.91607
-0.89 1.91607
-0.889 -1.9153
-0.889 1.9153
-0.888 -1.91452
-0.888 1.91452
-0.887 -1.91375
-0.887 1.91375
-0.886 -1.91298
-0.886 1.91298
-0.885 -1.9122
-0.885 1.9122
-0.884 -1.91143
-0.884 1.91143
-0.883 -1.91065
-0.883 1.91065
-0.882 -1.90988
-0.882 1.90988
-0.881 -1.90911
-0.881 1.90911
-0.88 -1.90833
-0.88 1.90833
-0.879 -1.90756
-0.879 1.90756
-0.878 -1.90678
-0.878 1.90678
-0.877 -1.90601
-0.877 1.90601
-0.876 -1.90523
-0.876 1.90523
-0.875 -1.90446
-0.875 1.90446
-0.874 -1.90368
-0.874 1.90368
-0.873 -1.90291
-0.873 1.90291
-0.872 -1.90213
-0.872 1.90213
-0.871 -1.90135
-0.871 1.90135
-0.87 -1.90058
-0.87 1.90058
-0.869 -1.8998
-0.869 1.8998
-0.868 -1.89903
-0.868 1.89903
-0.867 -1.89825
-0.867 1.89825
-0.866 -1.89747
-0.866 1.89747
-0.865 -1.8967
-0.865 1.8967
-0.864 -1.89592
-0.864 1.89592
-0.863 -1.89514
-0.863 1.89514
-0.862 -1.89437
-0.862 1.89437
-0.861 -1.89359
-0.861 1.89359
-0.86 -1.89281
-0.86 1.89281
-0.859 -1.89204
-0.859 1.89204
-0.858 -1.89126
-0.858 1.89126
-0.857 -1.89048
-0.857 1.89048
-0.856 -1.88971
-0.856 1.88971
-0.855 -1.88893
-0.855 1.88893
-0.854 -1.88815
-0.854 1.88815
-0.853 -1.88737
-0.853 1.88737
-0.852 -1.8866
-0.852 1.8866
-0.851 -1.88582
-0.851 1.88582
-0.85 -1.88504
-0.85 1.88504
-0.849 -1.88426
-0.849 1.88426
-0.848 -1.88348
-0.848 1.88348
-0.847 -1.88271
-0.847 1.88271
-0.846 -1.88193
-0.846 1.88193
-0.845 -1.88115
-0.845 1.88115
-0.844 -1.88037
-0.844 1.88037
-0.843 -1.87959
-0.843 1.87959
-0.842 -1.87881
-0.842 1.87881
-0.841 -1.87804
-0.841 1.87804
-0.84 -1.87726
-0.84 1.87726
-0.839 -1.87648
-0.839 1.87648
-0.838 -1.8757
-0.838 1.8757
-0.837 -1.87492
-0.837 1.87492
-0.836 -1.87414
-0.836 1.87414
-0.835 -1.87336
-0.835 1.87336
-0.834 -1.87258
-0.834 1.87258
-0.833 -1.87181
-0.833 1.87181
-0.832 -1.87103
-0.832 1.87103
-0.831 -1.87025
-0.831 1.87025
-0.83 -1.86947
-0.83 1.86947
-0.829 -1.86869
-0.829 1.86869
-0.828 -1.86791
-0.828 1.86791
-0.827 -1.86713
-0.827 1.86713
-0.826 -1.86635
-0.826 1.86635
-0.825 -1.86557
-0.825 1.86557
-0.824 -1.86479
-0.824 1.86479
-0.823 -1.86401
-0.823 1.86401
-0.822 -1.86323
-0.822 1.86323
-0.821 -1.86245
-0.821 1.86245
-0.82 -1.86167
-0.82 1.86167
-0.819 -1.86089
-0.819 1.86089
-0.818 -1.86012
-0.818 1.86012
-0.817 -1.85934
-0.817 1.85934
-0.816 -1.85856
-0.816 1.85856
-0.815 -1.85778
-0.815 1.85778
-0.814 -1.857
-0.814 1.857
-0.813 -1.85622
-0.813 1.85622
-0.812 -1.85544
-0.812 1.85544
-0.811 -1.85466
-0.811 1.85466
-0.81 -1.85388
-0.81 1.85388
-0.809 -1.8531
-0.809 1.8531
-0.808 -1.85232
-0.808 1.85232
-0.807 -1.85154
-0.807 1.85154
-0.806 -1.85076
-0.806 1.85076
-0.805 -1.84998
-0.805 1.84998
-0.804 -1.8492
-0.804 1.8492
-0.803 -1.84842
-0.803 1.84842
-0.802 -1.84764
-0.802 1.84764
-0.801 -1.84686
-0.801 1.84686
-0.8 -1.84608
-0.8 1.84608
-0.799 -1.8453
-0.799 1.8453
-0.798 -1.84452
-0.798 1.84452
-0.797 -1.84374
-0.797 1.84374
-0.796 -1.84296
-0.796 1.84296
-0.795 -1.84218
-0.795 1.84218
-0.794 -1.8414
-0.794 1.8414
-0.793 -1.84062
-0.793 1.84062
-0.792 -1.83984
-0.792 1.83984
-0.791 -1.83906
-0.791 1.83906
-0.79 -1.83828
-0.79 1.83828
-0.789 -1.8375
-0.789 1.8375
-0.788 -1.83672
-0.788 1.83672
-0.787 -1.83594
-0.787 1.83594
-0.786 -1.83516
-0.786 1.83516
-0.785 -1.83438
-0.785 1.83438
-0.784 -1.8336
-0.784 1.8336
-0.783 -1.83282
-0.783 1.83282
-0.782 -1.83204
-0.782 1.83204
-0.781 -1.83126
-0.781 1.83126
-0.78 -1.83048
-0.78 1.83048
-0.779 -1.8297
-0.779 1.8297
-0.778 -1.82892
-0.778 1.82892
-0.777 -1.82814
-0.777 1.82814
-0.776 -1.82736
-0.776 1.82736
-0.775 -1.82658
-0.775 1.82658
-0.774 -1.8258
-0.774 1.8258
-0.773 -1.82502
-0.773 1.82502
-0.772 -1.82424
-0.772 1.82424
-0.771 -1.82346
-0.771 1.82346
-0.77 -1.82268
-0.77 1.82268
-0.769 -1.8219
-0.769 1.8219
-0.768 -1.82112
-0.768 1.82112
-0.767 -1.82034
-0.767 1.82034
-0.766 -1.81956
-0.766 1.81956
-0.765 -1.81878
-0.765 1.81878
-0.764 -1.81801
-0.764 1.81801
-0.763 -1.81723
-0.763 1.81723
-0.762 -1.81645
-0.762 1.81645
-0.761 -1.81567
-0.761 1.81567
-0.76 -1.81489
-0.76 1.81489
-0.759 -1.81411
-0.759 1.81411
-0.758 -1.81333
-0.758 1.81333
-0.757 -1.81255
-0.757 1.81255
-0.756 -1.81177
-0.756 1.81177
-0.755 -1.811
-0.755 1.811
-0.754 -1.81022
-0.754 1.81022
-0.753 -1.80944
-0.753 1.80944
-0.752 -1.80866
-0.752 1.80866
-0.751 -1.80788
-0.751 1.80788
-0.75 -1.8071
-0.75 1.8071
-0.749 -1.80633
-0.749 1.80633
-0.748 -1.80555
-0.748 1.80555
-0.747 -1.80477
-0.747 1.80477
-0.746 -1.80399
-0.746 1.80399
-0.745 -1.80321
-0.745 1.80321
-0.744 -1.80244
-0.744 1.80244
-0.743 -1.80166
-0.743 1.80166
-0.742 -1.80088
-0.742 1.80088
-0.741 -1.8001
-0.741 1.8001
-0.74 -1.79933
-0.74 1.79933
-0.739 -1.79855
-0.739 1.79855
-0.738 -1.79777
-0.738 1.79777
-0.737 -1.797
-0.737 1.797
-0.736 -1.79622
-0.736 1.79622
-0.735 -1.79544
-0.735 1.79544
-0.734 -1.79466
-0.734 1.79466
-0.733 -1.79389
-0.733 1.79389
-0.732 -1.79311
-0.732 1.79311
-0.731 -1.79234
-0.731 1.79234
-0.73 -1.79156
-0.73 1.79156
-0.729 -1.79078
-0.729 1.79078
-0.728 -1.79001
-0.728 1.79001
-0.727 -1.78923
-0.727 1.78923
-0.726 -1.78845
-0.726 1.78845
-0.725 -1.78768
-0.725 1.78768
-0.724 -1.7869
-0.724 1.7869
-0.723 -1.78613
-0.723 1.78613
-0.722 -1.78535
-0.722 1.78535
-0.721 -1.78458
-0.721 1.78458
-0.72 -1.7838
-0.72 1.7838
-0.719 -1.78303
-0.719 1.78303
-0.718 -1.78225
-0.718 1.78225
-0.717 -1.78148
-0.717 1.78148
-0.716 -1.7807
-0.716 1.7807
-0.715 -1.77993
-0.715 1.77993
-0.714 -1.77916
-0.714 1.77916
-0.713 -1.77838
-0.713 1.77838
-0.712 -1.77761
-0.712 1.77761
-0.711 -1.77683
-0.711 1.77683
-0.71 -1.77606
-0.71 1.77606
-0.709 -1.77529
-0.709 1.77529
-0.708 -1.77451
-0.708 1.77451
-0.707 -1.77374
-0.707 1.77374
-0.706 -1.77297
-0.706 1.77297
-0.705 -1.77219
-0.705 1.77219
-0.704 -1.77142
-0.704 1.77142
-0.703 -1.77065
-0.703 1.77065
-0.702 -1.76988
-0.702 1.76988
-0.701 -1.7691
-0.701 1.7691
-0.7 -1.76833
-0.7 1.76833
-0.699 -1.76756
-0.699 1.76756
-0.698 -1.76679
-0.698 1.76679
-0.697 -1.76602
-0.697 1.76602
-0.696 -1.76525
-0.696 1.76525
-0.695 -1.76448
-0.695 1.76448
-0.694 -1.7637
-0.694 1.7637
-0.693 -1.76293
-0.693 1.76293
-0.692 -1.76216
-0.692 1.76216
-0.691 -1.76139
-0.691 1.76139
-0.69 -1.76062
-0.69 1.76062
-0.689 -1.75985
-0.689 1.75985
-0.688 -1.75908
-0.688 1.75908
-0.687 -1.75831
-0.687 1.75831
-0.686 -1.75754
-0.686 1.75754
-0.685 -1.75677
-0.685 1.75677
-0.684 -1.75601
-0.684 1.75601
-0.683 -1.75524
-0.683 1.75524
-0.682 -1.75447
-0.682 1.75447
-0.681 -1.7537
-0.681 1.7537
-0.68 -1.75293
-0.68 1.75293
-0.679 -1.75216
-0.679 1.75216
-0.678 -1.7514
-0.678 1.7514
-0.677 -1.75063
-0.677 1.75063
-0.676 -1.74986
-0.676 1.74986
-0.675 -1.74909
-0.675 1.74909
-0.674 -1.74833
-0.674 1.74833
-0.673 -1.74756
-0.673 1.74756
-0.672 -1.74679
-0.672 1.74679
-0.671 -1.74603
-0.671 1.74603
-0.67 -1.74526
-0.67 1.74526
-0.669 -1.7445
-0.669 1.7445
-0.668 -1.74373
-0.668 1.74373
-0.667 -1.74296
-0.667 1.74296
-0.666 -1.7422
-0.666 1.7422
-0.665 -1.74143
-0.665 1.74143
-0.664 -1.74067
-0.664 1.74067
-0.663 -1.73991
-0.663 1.73991
-0.662 -1.73914
-0.662 1.73914
-0.661 -1.73838
-0.661 1.73838
-0.66 -1.73761
-0.66 1.73761
-0.659 -1.73685
-0.659 1.73685
-0.658 -1.73609
-0.658 1.73609
-0.657 -1.73533
-0.657 1.73533
-0.656 -1.73456
-0.656 1.73456
-0.655 -1.7338
-0.655 1.7338
-0.654 -1.73304
-0.654 1.73304
-0.653 -1.73228
-0.653 1.73228
-0.652 -1.73151
-0.652 1.73151
-0.651 -1.73075
-0.651 1.73075
-0.65 -1.72999
-0.65 1.72999
-0.649 -1.72923
-0.649 1.72923
-0.648 -1.72847
-0.648 1.72847
-0.647 -1.72771
-0.647 1.72771
-0.646 -1.72695
-0.646 1.72695
-0.645 -1.72619
-0.645 1.72619
-0.644 -1.72543
-0.644 1.72543
-0.643 -1.72467
-0.643 1.72467
-0.642 -1.72391
-0.642 1.72391
-0.641 -1.72316
-0.641 1.72316
-0.64 -1.7224
-0.64 1.7224
-0.639 -1.72164
-0.639 1.72164
-0.638 -1.72088
-0.638 1.72088
-0.637 -1.72013
-0.637 1.72013
-0.636 -1.71937
-0.636 1.71937
-0.635 -1.71861
-0.635 1.71861
-0.634 -1.71786
-0.634 1.71786
-0.633 -1.7171
-0.633 1.7171
-0.632 -1.71634
-0.632 1.71634
-0.631 -1.71559
-0.631 1.71559
-0.63 -1.71483
-0.63 1.71483
-0.629 -1.71408
-0.629 1.71408
-0.628 -1.71332
-0.628 1.71332
-0.627 -1.71257
-0.627 1.71257
-0.626 -1.71182
-0.626 1.71182
-0.625 -1.71106
-0.625 1.71106
-0.624 -1.71031
-0.624 1.71031
-0.623 -1.70956
-0.623 1.70956
-0.622 -1.7088
-0.622 1.7088
-0.621 -1.70805
-0.621 1.70805
-0.62 -1.7073
-0.62 1.7073
-0.619 -1.70655
-0.619 1.70655
-0.618 -1.7058
-0.618 1.7058
-0.617 -1.70505
-0.617 1.70505
-0.616 -1.7043
-0.616 1.7043
-0.615 -1.70355
-0.615 1.70355
-0.614 -1.7028
-0.614 1.7028
-0.613 -1.70205
-0.613 1.70205
-0.612 -1.7013
-0.612 1.7013
-0.611 -1.70055
-0.611 1.70055
-0.61 -1.6998
-0.61 1.6998
-0.609 -1.69905
-0.609 1.69905
-0.608 -1.6983
-0.608 1.6983
-0.607 -1.69756
-0.607 1.69756
-0.606 -1.69681
-0.606 1.69681
-0.605 -1.69606
-0.605 1.69606
-0.604 -1.69532
-0.604 1.69532
-0.603 -1.69457
-0.603 1.69457
-0.602 -1.69383
-0.602 1.69383
-0.601 -1.69308
-0.601 1.69308
-0.6 -1.69234
-0.6 1.69234
-0.599 -1.69159
-0.599 1.69159
-0.598 -1.69085
-0.598 1.69085
-0.597 -1.6901
-0.597 1.6901
-0.596 -1.68936
-0.596 1.68936
-0.595 -1.68862
-0.595 1.68862
-0.594 -1.68788
-0.594 1.68788
-0.593 -1.68713
-0.593 1.68713
-0.592 -1.68639
-0.592 1.68639
-0.591 -1.68565
-0.591 1.68565
-0.59 -1.68491
-0.59 1.68491
-0.589 -1.68417
-0.589 1.68417
-0.588 -1.68343
-0.588 1.68343
-0.587 -1.68269
-0.587 1.68269
-0.586 -1.68195
-0.586 1.68195
-0.585 -1.68121
-0.585 1.68121
-0.584 -1.68047
-0.584 1.68047
-0.583 -1.67974
-0.583 1.67974
-0.582 -1.679
-0.582 1.679
-0.581 -1.67826
-0.581 1.67826
-0.58 -1.67752
-0.58 1.67752
-0.579 -1.67679
-0.579 1.67679
-0.578 -1.67605
-0.578 1.67605
-0.577 -1.67532
-0.577 1.67532
-0.576 -1.67458
-0.576 1.67458
-0.575 -1.67385
-0.575 1.67385
-0.574 -1.67311
-0.574 1.67311
-0.573 -1.67238
-0.573 1.67238
-0.572 -1.67165
-0.572 1.67165
-0.571 -1.67091
-0.571 1.67091
-0.57 -1.67018
-0.57 1.67018
-0.569 -1.66945
-0.569 1.66945
-0.568 -1.66872
-0.568 1.66872
-0.567 -1.66799
-0.567 1.66799
-0.566 -1.66726
-0.566 1.66726
-0.565 -1.66653
-0.565 1.66653
-0.564 -1.6658
-0.564 1.6658
-0.563 -1.66507
-0.563 1.66507
-0.562 -1.66434
-0.562 1.66434
-0.561 -1.66361
-0.561 1.66361
-0.56 -1.66288
-0.56 1.66288
-0.559 -1.66216
-0.559 1.66216
-0.558 -1.66143
-0.558 1.66143
-0.557 -1.6607
-0.557 1.6607
-0.556 -1.65998
-0.556 1.65998
-0.555 -1.65925
-0.555 1.65925
-0.554 -1.65853
-0.554 1.65853
-0.553 -1.6578
-0.553 1.6578
-0.552 -1.65708
-0.552 1.65708
-0.551 -1.65636
-0.551 1.65636
-0.55 -1.65563
-0.55 1.65563
-0.549 -1.65491
-0.549 1.65491
-0.548 -1.65419
-0.548 1.65419
-0.547 -1.65347
-0.547 1.65347
-0.546 -1.65275
-0.546 1.65275
-0.545 -1.65203
-0.545 1.65203
-0.544 -1.65131
-0.544 1.65131
-0.543 -1.65059
-0.543 1.65059
-0.542 -1.64987
-0.542 1.64987
-0.541 -1.64915
-0.541 1.64915
-0.54 -1.64843
-0.54 1.64843
-0.539 -1.64772
-0.539 1.64772
-0.538 -1.647
-0.538 1.647
-0.537 -1.64628
-0.537 1.64628
-0.536 -1.64557
-0.536 1.64557
-0.535 -1.64485
-0.535 1.64485
-0.534 -1.64414
-0.534 1.64414
-0.533 -1.64343
-0.533 1.64343
-0.532 -1.64271
-0.532 1.64271
-0.531 -1.642
-0.531 1.642
-0.53 -1.64129
-0.53 1.64129
-0.529 -1.64058
-0.529 1.64058
-0.528 -1.63986
-0.528 1.63986
-0.527 -1.63915
-0.527 1.63915
-0.526 -1.63844
-0.526 1.63844
-0.525 -1.63773
-0.525 1.63773
-0.524 -1.63702
-0.524 1.63702
-0.523 -1.63632
-0.523 1.63632
-0.522 -1.63561
-0.522 1.63561
-0.521 -1.6349
-0.521 1.6349
-0.52 -1.63419
-0.52 1.63419
-0.519 -1.63349
-0.519 1.63349
-0.518 -1.63278
-0.518 1.63278
-0.517 -1.63208
-0.517 1.63208
-0.516 -1.63137
-0.516 1.63137
-0.515 -1.63067
-0.515 1.63067
-0.514 -1.62997
-0.514 1.62997
-0.513 -1.62926
-0.513 1.62926
-0.512 -1.62856
-0.512 1.62856
-0.511 -1.62786
-0.511 1.62786
-0.51 -1.62716
-0.51 1.62716
-0.509 -1.62646
-0.509 1.62646
-0.508 -1.62576
-0.508 1.62576
-0.507 -1.62506
-0.507 1.62506
-0.506 -1.62436
-0.506 1.62436
-0.505 -1.62366
-0.505 1.62366
-0.504 -1.62297
-0.504 1.62297
-0.503 -1.62227
-0.503 1.62227
-0.502 -1.62158
-0.502 1.62158
-0.501 -1.62088
-0.501 1.62088
-0.5 -1.62019
-0.5 1.62019
-0.499 -1.61949
-0.499 1.61949
-0.498 -1.6188
-0.498 1.6188
-0.497 -1.6181
-0.497 1.6181
-0.496 -1.61741
-0.496 1.61741
-0.495 -1.61672
-0.495 1.61672
-0.494 -1.61603
-0.494 1.61603
-0.493 -1.61534
-0.493 1.61534
-0.492 -1.61465
-0.492 1.61465
-0.491 -1.61396
-0.491 1.61396
-0.49 -1.61327
-0.49 1.61327
-0.489 -1.61259
-0.489 1.61259
-0.488 -1.6119
-0.488 1.6119
-0.487 -1.61121
-0.487 1.61121
-0.486 -1.61053
-0.486 1.61053
-0.485 -1.60984
-0.485 1.60984
-0.484 -1.60916
-0.484 1.60916
-0.483 -1.60847
-0.483 1.60847
-0.482 -1.60779
-0.482 1.60779
-0.481 -1.60711
-0.481 1.60711
-0.48 -1.60643
-0.48 1.60643
-0.479 -1.60575
-0.479 1.60575
-0.478 -1.60507
-0.478 1.60507
-0.477 -1.60439
-0.477 1.60439
-0.476 -1.60371
-0.476 1.60371
-0.475 -1.60303
-0.475 1.60303
-0.474 -1.60235
-0.474 1.60235
-0.473 -1.60168
-0.473 1.60168
-0.472 -1.601
-0.472 1.601
-0.471 -1.60032
-0.471 1.60032
-0.47 -1.59965
-0.47 1.59965
-0.469 -1.59898
-0.469 1.59898
-0.468 -1.5983
-0.468 1.5983
-0.467 -1.59763
-0.467 1.59763
-0.466 -1.59696
-0.466 1.59696
-0.465 -1.59629
-0.465 1.59629
-0.464 -1.59562
-0.464 1.59562
-0.463 -1.59495
-0.463 1.59495
-0.462 -1.59428
-0.462 1.59428
-0.461 -1.59361
-0.461 1.59361
-0.46 -1.59294
-0.46 1.59294
-0.459 -1.59228
-0.459 1.59228
-0.458 -1.59161
-0.458 1.59161
-0.457 -1.59094
-0.457 1.59094
-0.456 -1.59028
-0.456 1.59028
-0.455 -1.58962
-0.455 1.58962
-0.454 -1.58895
-0.454 1.58895
-0.453 -1.58829
-0.453 1.58829
-0.452 -1.58763
-0.452 1.58763
-0.451 -1.58697
-0.451 1.58697
-0.45 -1.58631
-0.45 1.58631
-0.449 -1.58565
-0.449 1.58565
-0.448 -1.58499
-0.448 1.58499
-0.447 -1.58433
-0.447 1.58433
-0.446 -1.58368
-0.446 1.58368
-0.445 -1.58302
-0.445 1.58302
-0.444 -1.58237
-0.444 1.58237
-0.443 -1.58171
-0.443 1.58171
-0.442 -1.58106
-0.442 1.58106
-0.441 -1.5804
-0.441 1.5804
-0.44 -1.57975
-0.44 1.57975
-0.439 -1.5791
-0.439 1.5791
-0.438 -1.57845
-0.438 1.57845
-0.437 -1.5778
-0.437 1.5778
-0.436 -1.57715
-0.436 1.57715
-0.435 -1.5765
-0.435 1.5765
-0.434 -1.57586
-0.434 1.57586
-0.433 -1.57521
-0.433 1.57521
-0.432 -1.57456
-0.432 1.57456
-0.431 -1.57392
-0.431 1.57392
-0.43 -1.57327
-0.43 1.57327
-0.429 -1.57263
-0.429 1.57263
-0.428 -1.57199
-0.428 1.57199
-0.427 -1.57135
-0.427 1.57135
-0.426 -1.57071
-0.426 1.57071
-0.425 -1.57007
-0.425 1.57007
-0.424 -1.56943
-0.424 1.56943
-0.423 -1.56879
-0.423 1.56879
-0.422 -1.56815
-0.422 1.56815
-0.421 -1.56752
-0.421 1.56752
-0.42 -1.56688
-0.42 1.56688
-0.419 -1.56624
-0.419 1.56624
-0.418 -1.56561
-0.418 1.56561
-0.417 -1.56498
-0.417 1.56498
-0.416 -1.56435
-0.416 1.56435
-0.415 -1.56371
-0.415 1.56371
-0.414 -1.56308
-0.414 1.56308
-0.413 -1.56245
-0.413 1.56245
-0.412 -1.56183
-0.412 1.56183
-0.411 -1.5612
-0.411 1.5612
-0.41 -1.56057
-0.41 1.56057
-0.409 -1.55994
-0.409 1.55994
-0.408 -1.55932
-0.408 1.55932
-0.407 -1.55869
-0.407 1.55869
-0.406 -1.55807
-0.406 1.55807
-0.405 -1.55745
-0.405 1.55745
-0.404 -1.55683
-0.404 1.55683
-0.403 -1.55621
-0.403 1.55621
-0.402 -1.55559
-0.402 1.55559
-0.401 -1.55497
-0.401 1.55497
-0.4 -1.55435
-0.4 1.55435
-0.399 -1.55373
-0.399 1.55373
-0.398 -1.55312
-0.398 1.55312
-0.397 -1.5525
-0.397 1.5525
-0.396 -1.55189
-0.396 1.55189
-0.395 -1.55127
-0.395 1.55127
-0.394 -1.55066
-0.394 1.55066
-0.393 -1.55005
-0.393 1.55005
-0.392 -1.54944
-0.392 1.54944
-0.391 -1.54883
-0.391 1.54883
-0.39 -1.54822
-0.39 1.54822
-0.389 -1.54761
-0.389 1.54761
-0.388 -1.547
-0.388 1.547
-0.387 -1.5464
-0.387 1.5464
-0.386 -1.54579
-0.386 1.54579
-0.385 -1.54519
-0.385 1.54519
-0.384 -1.54459
-0.384 1.54459
-0.383 -1.54398
-0.383 1.54398
-0.382 -1.54338
-0.382 1.54338
-0.381 -1.54278
-0.381 1.54278
-0.38 -1.54218
-0.38 1.54218
-0.379 -1.54158
-0.379 1.54158
-0.378 -1.54099
-0.378 1.54099
-0.377 -1.54039
-0.377 1.54039
-0.376 -1.5398
-0.376 1.5398
-0.375 -1.5392
-0.375 1.5392
-0.374 -1.53861
-0.374 1.53861
-0.373 -1.53802
-0.373 1.53802
-0.372 -1.53742
-0.372 1.53742
-0.371 -1.53683
-0.371 1.53683
-0.37 -1.53624
-0.37 1.53624
-0.369 -1.53566
-0.369 1.53566
-0.368 -1.53507
-0.368 1.53507
-0.367 -1.53448
-0.367 1.53448
-0.366 -1.5339
-0.366 1.5339
-0.365 -1.53331
-0.365 1.53331
-0.364 -1.53273
-0.364 1.53273
-0.363 -1.53215
-0.363 1.53215
-0.362 -1.53157
-0.362 1.53157
-0.361 -1.53099
-0.361 1.53099
-0.36 -1.53041
-0.36 1.53041
-0.359 -1.52983
-0.359 1.52983
-0.358 -1.52925
-0.358 1.52925
-0.357 -1.52868
-0.357 1.52868
-0.356 -1.5281
-0.356 1.5281
-0.355 -1.52753
-0.355 1.52753
-0.354 -1.52695
-0.354 1.52695
-0.353 -1.52638
-0.353 1.52638
-0.352 -1.52581
-0.352 1.52581
-0.351 -1.52524
-0.351 1.52524
-0.35 -1.52467
-0.35 1.52467
-0.349 -1.5241
-0.349 1.5241
-0.348 -1.52354
-0.348 1.52354
-0.347 -1.52297
-0.347 1.52297
-0.346 -1.52241
-0.346 1.52241
-0.345 -1.52184
-0.345 1.52184
-0.344 -1.52128
-0.344 1.52128
-0.343 -1.52072
-0.343 1.52072
-0.342 -1.52016
-0.342 1.52016
-0.341 -1.5196
-0.341 1.5196
-0.34 -1.51904
-0.34 1.51904
-0.339 -1.51849
-0.339 1.51849
-0.338 -1.51793
-0.338 1.51793
-0.337 -1.51738
-0.337 1.51738
-0.336 -1.51682
-0.336 1.51682
-0.335 -1.51627
-0.335 1.51627
-0.334 -1.51572
-0.334 1.51572
-0.333 -1.51517
-0.333 1.51517
-0.332 -1.51462
-0.332 1.51462
-0.331 -1.51407
-0.331 1.51407
-0.33 -1.51353
-0.33 1.51353
-0.329 -1.51298
-0.329 1.51298
-0.328 -1.51244
-0.328 1.51244
-0.327 -1.51189
-0.327 1.51189
-0.326 -1.51135
-0.326 1.51135
-0.325 -1.51081
-0.325 1.51081
-0.324 -1.51027
-0.324 1.51027
-0.323 -1.50973
-0.323 1.50973
-0.322 -1.50919
-0.322 1.50919
-0.321 -1.50866
-0.321 1.50866
-0.32 -1.50812
-0.32 1.50812
-0.319 -1.50759
-0.319 1.50759
-0.318 -1.50705
-0.318 1.50705
-0.317 -1.50652
-0.317 1.50652
-0.316 -1.50599
-0.316 1.50599
-0.315 -1.50546
-0.315 1.50546
-0.314 -1.50493
-0.314 1.50493
-0.313 -1.50441
-0.313 1.50441
-0.312 -1.50388
-0.312 1.50388
-0.311 -1.50336
-0.311 1.50336
-0.31 -1.50283
-0.31 1.50283
-0.309 -1.50231
-0.309 1.50231
-0.308 -1.50179
-0.308 1.50179
-0.307 -1.50127
-0.307 1.50127
-0.306 -1.50075
-0.306 1.50075
-0.305 -1.50023
-0.305 1.50023
-0.304 -1.49972
-0.304 1.49972
-0.303 -1.4992
-0.303 1.4992
-0.302 -1.49869
-0.302 1.49869
-0.301 -1.49818
-0.301 1.49818
-0.3 -1.49766
-0.3 1.49766
-0.299 -1.49715
-0.299 1.49715
-0.298 -1.49665
-0.298 1.49665
-0.297 -1.49614
-0.297 1.49614
-0.296 -1.49563
-0.296 1.49563
-0.295 -1.49513
-0.295 1.49513
-0.294 -1.49462
-0.294 1.49462
-0.293 -1.49412
-0.293 1.49412
-0.292 -1.49362
-0.292 1.49362
-0.291 -1.49312
-0.291 1.49312
-0.29 -1.49262
-0.29 1.49262
-0.289 -1.49212
-0.289 1.49212
-0.288 -1.49162
-0.288 1.49162
-0.287 -1.49113
-0.287 1.49113
-0.286 -1.49064
-0.286 1.49064
-0.285 -1.49014
-0.285 1.49014
-0.284 -1.48965
-0.284 1.48965
-0.283 -1.48916
-0.283 1.48916
-0.282 -1.48867
-0.282 1.48867
-0.281 -1.48819
-0.281 1.48819
-0.28 -1.4877
-0.28 1.4877
-0.279 -1.48721
-0.279 1.48721
-0.278 -1.48673
-0.278 1.48673
-0.277 -1.48625
-0.277 1.48625
-0.276 -1.48577
-0.276 1.48577
-0.275 -1.48529
-0.275 1.48529
-0.274 -1.48481
-0.274 1.48481
-0.273 -1.48433
-0.273 1.48433
-0.272 -1.48386
-0.272 1.48386
-0.271 -1.48338
-0.271 1.48338
-0.27 -1.48291
-0.27 1.48291
-0.269 -1.48244
-0.269 1.48244
-0.268 -1.48197
-0.268 1.48197
-0.267 -1.4815
-0.267 1.4815
-0.266 -1.48103
-0.266 1.48103
-0.265 -1.48056
-0.265 1.48056
-0.264 -1.4801
-0.264 1.4801
-0.263 -1.47963
-0.263 1.47963
-0.262 -1.47917
-0.262 1.47917
-0.261 -1.47871
-0.261 1.47871
-0.26 -1.47825
-0.26 1.47825
-0.259 -1.47779
-0.259 1.47779
-0.258 -1.47733
-0.258 1.47733
-0.257 -1.47688
-0.257 1.47688
-0.256 -1.47643
-0.256 1.47643
-0.255 -1.47597
-0.255 1.47597
-0.254 -1.47552
-0.254 1.47552
-0.253 -1.47507
-0.253 1.47507
-0.252 -1.47462
-0.252 1.47462
-0.251 -1.47417
-0.251 1.47417
-0.25 -1.47373
-0.25 1.47373
-0.249 -1.47328
-0.249 1.47328
-0.248 -1.47284
-0.248 1.47284
-0.247 -1.4724
-0.247 1.4724
-0.246 -1.47196
-0.246 1.47196
-0.245 -1.47152
-0.245 1.47152
-0.244 -1.47108
-0.244 1.47108
-0.243 -1.47065
-0.243 1.47065
-0.242 -1.47021
-0.242 1.47021
-0.241 -1.46978
-0.241 1.46978
-0.24 -1.46935
-0.24 1.46935
-0.239 -1.46891
-0.239 1.46891
-0.238 -1.46849
-0.238 1.46849
-0.237 -1.46806
-0.237 1.46806
-0.236 -1.46763
-0.236 1.46763
-0.235 -1.46721
-0.235 1.46721
-0.234 -1.46678
-0.234 1.46678
-0.233 -1.46636
-0.233 1.46636
-0.232 -1.46594
-0.232 1.46594
-0.231 -1.46552
-0.231 1.46552
-0.23 -1.46511
-0.23 1.46511
-0.229 -1.46469
-0.229 1.46469
-0.228 -1.46427
-0.228 1.46427
-0.227 -1.46386
-0.227 1.46386
-0.226 -1.46345
-0.226 1.46345
-0.225 -1.46304
-0.225 1.46304
-0.224 -1.46263
-0.224 1.46263
-0.223 -1.46222
-0.223 1.46222
-0.222 -1.46182
-0.222 1.46182
-0.221 -1.46141
-0.221 1.46141
-0.22 -1.46101
-0.22 1.46101
-0.219 -1.46061
-0.219 1.46061
-0.218 -1.46021
-0.218 1.46021
-0.217 -1.45981
-0.217 1.45981
-0.216 -1.45941
-0.216 1.45941
-0.215 -1.45902
-0.215 1.45902
-0.214 -1.45863
-0.214 1.45863
-0.213 -1.45823
-0.213 1.45823
-0.212 -1.45784
-0.212 1.45784
-0.211 -1.45745
-0.211 1.45745
-0.21 -1.45707
-0.21 1.45707
-0.209 -1.45668
-0.209 1.45668
-0.208 -1.45629
-0.208 1.45629
-0.207 -1.45591
-0.207 1.45591
-0.206 -1.45553
-0.206 1.45553
-0.205 -1.45515
-0.205 1.45515
-0.204 -1.45477
-0.204 1.45477
-0.203 -1.45439
-0.203 1.45439
-0.202 -1.45402
-0.202 1.45402
-0.201 -1.45364
-0.201 1.45364
-0.2 -1.45327
-0.2 1.45327
-0.199 -1.4529
-0.199 1.4529
-0.198 -1.45253
-0.198 1.45253
-0.197 -1.45216
-0.197 1.45216
-0.196 -1.4518
-0.196 1.4518
-0.195 -1.45143
-0.195 1.45143
-0.194 -1.45107
-0.194 1.45107
-0.193 -1.45071
-0.193 1.45071
-0.192 -1.45035
-0.192 1.45035
-0.191 -1.44999
-0.191 1.44999
-0.19 -1.44963
-0.19 1.44963
-0.189 -1.44928
-0.189 1.44928
-0.188 -1.44893
-0.188 1.44893
-0.187 -1.44857
-0.187 1.44857
-0.186 -1.44822
-0.186 1.44822
-0.185 -1.44788
-0.185 1.44788
-0.184 -1.44753
-0.184 1.44753
-0.183 -1.44718
-0.183 1.44718
-0.182 -1.44684
-0.182 1.44684
-0.181 -1.4465
-0.181 1.4465
-0.18 -1.44616
-0.18 1.44616
-0.179 -1.44582
-0.179 1.44582
-0.178 -1.44548
-0.178 1.44548
-0.177 -1.44514
-0.177 1.44514
-0.176 -1.44481
-0.176 1.44481
-0.175 -1.44448
-0.175 1.44448
-0.174 -1.44415
-0.174 1.44415
-0.173 -1.44382
-0.173 1.44382
-0.172 -1.44349
-0.172 1.44349
-0.171 -1.44316
-0.171 1.44316
-0.17 -1.44284
-0.17 1.44284
-0.169 -1.44252
-0.169 1.44252
-0.168 -1.4422
-0.168 1.4422
-0.167 -1.44188
-0.167 1.44188
-0.166 -1.44156
-0.166 1.44156
-0.165 -1.44124
-0.165 1.44124
-0.164 -1.44093
-0.164 1.44093
-0.163 -1.44062
-0.163 1.44062
-0.162 -1.44031
-0.162 1.44031
-0.161 -1.44
-0.161 1.44
-0.16 -1.43969
-0.16 1.43969
-0.159 -1.43938
-0.159 1.43938
-0.158 -1.43908
-0.158 1.43908
-0.157 -1.43878
-0.157 1.43878
-0.156 -1.43848
-0.156 1.43848
-0.155 -1.43818
-0.155 1.43818
-0.154 -1.43788
-0.154 1.43788
-0.153 -1.43758
-0.153 1.43758
-0.152 -1.43729
-0.152 1.43729
-0.151 -1.437
-0.151 1.437
-0.15 -1.43671
-0.15 1.43671
-0.149 -1.43642
-0.149 1.43642
-0.148 -1.43613
-0.148 1.43613
-0.147 -1.43584
-0.147 1.43584
-0.146 -1.43556
-0.146 1.43556
-0.145 -1.43528
-0.145 1.43528
-0.144 -1.435
-0.144 1.435
-0.143 -1.43472
-0.143 1.43472
-0.142 -1.43444
-0.142 1.43444
-0.141 -1.43417
-0.141 1.43417
-0.14 -1.4339
-0.14 1.4339
-0.139 -1.43362
-0.139 1.43362
-0.138 -1.43335
-0.138 1.43335
-0.137 -1.43309
-0.137 1.43309
-0.136 -1.43282
-0.136 1.43282
-0.135 -1.43256
-0.135 1.43256
-0.134 -1.43229
-0.134 1.43229
-0.133 -1.43203
-0.133 1.43203
-0.132 -1.43177
-0.132 1.43177
-0.131 -1.43151
-0.131 1.43151
-0.13 -1.43126
-0.13 1.43126
-0.129 -1.43101
-0.129 1.43101
-0.128 -1.43075
-0.128 1.43075
-0.127 -1.4305
-0.127 1.4305
-0.126 -1.43025
-0.126 1.43025
-0.125 -1.43001
-0.125 1.43001
-0.124 -1.42976
-0.124 1.42976
-0.123 -1.42952
-0.123 1.42952
-0.122 -1.42928
-0.122 1.42928
-0.121 -1.42904
-0.121 1.42904
-0.12 -1.4288
-0.12 1.4288
-0.119 -1.42856
-0.119 1.42856
-0.118 -1.42833
-0.118 1.42833
-0.117 -1.4281
-0.117 1.4281
-0.116 -1.42787
-0.116 1.42787
-0.115 -1.42764
-0.115 1.42764
-0.114 -1.42741
-0.114 1.42741
-0.113 -1.42719
-0.113 1.42719
-0.112 -1.42696
-0.112 1.42696
-0.111 -1.42674
-0.111 1.42674
-0.11 -1.42652
-0.11 1.42652
-0.109 -1.42631
-0.109 1.42631
-0.108 -1.42609
-0.108 1.42609
-0.107 -1.42588
-0.107 1.42588
-0.106 -1.42566
-0.106 1.42566
-0.105 -1.42545
-0.105 1.42545
-0.104 -1.42524
-0.104 1.42524
-0.103 -1.42504
-0.103 1.42504
-0.102 -1.42483
-0.102 1.42483
-0.101 -1.42463
-0.101 1.42463
-0.1 -1.42443
-0.1 1.42443
-0.099 -1.42423
-0.099 1.42423
-0.098 -1.42403
-0.098 1.42403
-0.097 -1.42384
-0.097 1.42384
-0.096 -1.42364
-0.096 1.42364
-0.095 -1.42345
-0.095 1.42345
-0.094 -1.42326
-0.094 1.42326
-0.093 -1.42308
-0.093 1.42308
-0.092 -1.42289
-0.092 1.42289
-0.091 -1.4227
-0.091 1.4227
-0.09 -1.42252
-0.09 1.42252
-0.089 -1.42234
-0.089 1.42234
-0.088 -1.42216
-0.088 1.42216
-0.087 -1.42199
-0.087 1.42199
-0.086 -1.42181
-0.086 1.42181
-0.085 -1.42164
-0.085 1.42164
-0.084 -1.42147
-0.084 1.42147
-0.083 -1.4213
-0.083 1.4213
-0.082 -1.42113
-0.082 1.42113
-0.081 -1.42097
-0.081 1.42097
-0.08 -1.42081
-0.08 1.42081
-0.079 -1.42064
-0.079 1.42064
-0.078 -1.42048
-0.078 1.42048
-0.077 -1.42033
-0.077 1.42033
-0.076 -1.42017
-0.076 1.42017
-0.075 -1.42002
-0.075 1.42002
-0.074 -1.41987
-0.074 1.41987
-0.073 -1.41972
-0.073 1.41972
-0.072 -1.41957
-0.072 1.41957
-0.071 -1.41942
-0.071 1.41942
-0.07 -1.41928
-0.07 1.41928
-0.069 -1.41914
-0.069 1.41914
-0.068 -1.419
-0.068 1.419
-0.067 -1.41886
-0.067 1.41886
-0.066 -1.41872
-0.066 1.41872
-0.065 -1.41859
-0.065 1.41859
-0.064 -1.41846
-0.064 1.41846
-0.063 -1.41833
-0.063 1.41833
-0.062 -1.4182
-0.062 1.4182
-0.061 -1.41807
-0.061 1.41807
-0.06 -1.41795
-0.06 1.41795
-0.059 -1.41783
-0.059 1.41783
-0.058 -1.41771
-0.058 1.41771
-0.057 -1.41759
-0.057 1.41759
-0.056 -1.41747
-0.056 1.41747
-0.055 -1.41736
-0.055 1.41736
-0.054 -1.41725
-0.054 1.41725
-0.053 -1.41714
-0.053 1.41714
-0.052 -1.41703
-0.052 1.41703
-0.051 -1.41692
-0.051 1.41692
-0.05 -1.41682
-0.05 1.41682
-0.049 -1.41672
-0.049 1.41672
-0.048 -1.41662
-0.048 1.41662
-0.047 -1.41652
-0.047 1.41652
-0.046 -1.41642
-0.046 1.41642
-0.045 -1.41633
-0.045 1.41633
-0.044 -1.41624
-0.044 1.41624
-0.043 -1.41615
-0.043 1.41615
-0.042 -1.41606
-0.042 1.41606
-0.041 -1.41597
-0.041 1.41597
-0.04 -1.41589
-0.04 1.41589
-0.039 -1.4158
-0.039 1.4158
-0.038 -1.41572
-0.038 1.41572
-0.037 -1.41565
-0.037 1.41565
-0.036 -1.41557
-0.036 1.41557
-0.035 -1.4155
-0.035 1.4155
-0.034 -1.41543
-0.034 1.41543
-0.033 -1.41536
-0.033 1.41536
-0.032 -1.41529
-0.032 1.41529
-0.031 -1.41522
-0.031 1.41522
-0.03 -1.41516
-0.03 1.41516
-0.029 -1.4151
-0.029 1.4151
-0.028 -1.41504
-0.028 1.41504
-0.027 -1.41498
-0.027 1.41498
-0.026 -1.41492
-0.026 1.41492
-0.025 -1.41487
-0.025 1.41487
-0.024 -1.41482
-0.024 1.41482
-0.023 -1.41477
-0.023 1.41477
-0.022 -1.41472
-0.022 1.41472
-0.021 -1.41468
-0.021 1.41468
-0.02 -1.41463
-0.02 1.41463
-0.019 -1.41459
-0.019 1.41459
-0.018 -1.41456
-0.018 1.41456
-0.017 -1.41452
-0.017 1.41452
-0.016 -1.41448
-0.016 1.41448
-0.015 -1.41445
-0.015 1.41445
-0.014 -1.41442
-0.014 1.41442
-0.013 -1.41439
-0.013 1.41439
-0.012 -1.41437
-0.012 1.41437
-0.011 -1.41434
-0.011 1.41434
-0.01 -1.41432
-0.01 1.41432
-0.009 -1.4143
-0.009 1.4143
-0.008 -1.41428
-0.008 1.41428
-0.007 -1.41427
-0.007 1.41427
-0.006 -1.41425
-0.006 1.41425
-0.005 -1.41424
-0.005 1.41424
-0.004 -1.41423
-0.004 1.41423
-0.003 -1.41422
-0.003 1.41422
-0.002 -1.41422
-0.002 1.41422
-0.001 -1.41421
-0.001 1.41421
-1.76482e-12 -1.41421
-1.76482e-12 1.41421
0.001 -1.41421
0.001 1.41421
0.002 -1.41422
0.002 1.41422
0.003 -1.41422
0.003 1.41422
0.004 -1.41423
0.004 1.41423
0.005 -1.41424
0.005 1.41424
0.006 -1.41425
0.006 1.41425
0.007 -1.41427
0.007 1.41427
0.008 -1.41428
0.008 1.41428
0.009 -1.4143
0.009 1.4143
0.01 -1.41432
0.01 1.41432
0.011 -1.41434
0.011 1.41434
0.012 -1.41437
0.012 1.41437
0.013 -1.41439
0.013 1.41439
0.014 -1.41442
0.014 1.41442
0.015 -1.41445
0.015 1.41445
0.016 -1.41449
0.016 1.41449
0.017 -1.41452
0.017 1.41452
0.018 -1.41456
0.018 1.41456
0.019 -1.4146
0.019 1.4146
0.02 -1.41464
0.02 1.41464
0.021 -1.41468
0.021 1.41468
0.022 -1.41473
0.022 1.41473
0.023 -1.41478
0.023 1.41478
0.024 -1.41483
0.024 1.41483
0.025 -1.41488
0.025 1.41488
0.026 -1.41494
0.026 1.41494
0.027 -1.41499
0.027 1.41499
0.028 -1.41505
0.028 1.41505
0.029 -1.41511
0.029 1.41511
0.03 -1.41518
0.03 1.41518
0.031 -1.41524
0.031 1.41524
0.032 -1.41531
0.032 1.41531
0.033 -1.41538
0.033 1.41538
0.034 -1.41545
0.034 1.41545
0.035 -1.41553
0.035 1.41553
0.036 -1.4156
0.036 1.4156
0.037 -1.41568
0.037 1.41568
0.038 -1.41576
0.038 1.41576
0.039 -1.41585
0.039 1.41585
0.04 -1.41593
0.04 1.41593
0.041 -1.41602
0.041 1.41602
0.042 -1.41611
0.042 1.41611
0.043 -1.4162
0.043 1.4162
0.044 -1.4163
0.044 1.4163
0.045 -1.41639
0.045 1.41639
0.046 -1.41649
0.046 1.41649
0.047 -1.41659
0.047 1.41659
0.048 -1.41669
0.048 1.41669
0.049 -1.4168
0.049 1.4168
0.05 -1.41691
0.05 1.41691
0.051 -1.41702
0.051 1.41702
0.052 -1.41713
0.052 1.41713
0.053 -1.41724
0.053 1.41724
0.054 -1.41736
0.054 1.41736
0.055 -1.41748
0.055 1.41748
0.056 -1.4176
0.056 1.4176
0.057 -1.41772
0.057 1.41772
0.058 -1.41785
0.058 1.41785
0.059 -1.41797
0.059 1.41797
0.06 -1.4181
0.06 1.4181
0.061 -1.41823
0.061 1.41823
0.062 -1.41837
0.062 1.41837
0.063 -1.41851
0.063 1.41851
0.064 -1.41864
0.064 1.41864
0.065 -1.41878
0.065 1.41878
0.066 -1.41893
0.066 1.41893
0.067 -1.41907
0.067 1.41907
0.068 -1.41922
0.068 1.41922
0.069 -1.41937
0.069 1.41937
0.07 -1.41952
0.07 1.41952
0.071 -1.41968
0.071 1.41968
0.072 -1.41983
0.072 1.41983
0.073 -1.41999
0.073 1.41999
0.074 -1.42015
0.074 1.42015
0.075 -1.42032
0.075 1.42032
0.076 -1.42048
0.076 1.42048
0.077 -1.42065
0.077 1.42065
0.078 -1.42082
0.078 1.42082
0.079 -1.42099
0.079 1.42099
0.08 -1.42117
0.08 1.42117
0.081 -1.42134
0.081 1.42134
0.082 -1.42152
0.082 1.42152
0.083 -1.4217
0.083 1.4217
0.084 -1.42189
0.084 1.42189
0.085 -1.42207
0.085 1.42207
0.086 -1.42226
0.086 1.42226
0.087 -1.42245
0.087 1.42245
0.088 -1.42264
0.088 1.42264
0.089 -1.42284
0.089 1.42284
0.09 -1.42304
0.09 1.42304
0.091 -1.42323
0.091 1.42323
0.092 -1.42344
0.092 1.42344
0.093 -1.42364
0.093 1.42364
0.094 -1.42385
0.094 1.42385
0.095 -1.42405
0.095 1.42405
0.096 -1.42427
0.096 1.42427
0.097 -1.42448
0.097 1.42448
0.098 -1.42469
0.098 1.42469
0.099 -1.42491
0.099 1.42491
0.1 -1.42513
0.1 1.42513
0.101 -1.42535
0.101 1.42535
0.102 -1.42558
0.102 1.42558
0.103 -1.4258
0.103 1.4258
0.104 -1.42603
0.104 1.42603
0.105 -1.42627
0.105 1.42627
0.106 -1.4265
0.106 1.4265
0.107 -1.42673
0.107 1.42673
0.108 -1.42697
0.108 1.42697
0.109 -1.42721
0.109 1.42721
0.11 -1.42746
0.11 1.42746
0.111 -1.4277
0.111 1.4277
0.112 -1.42795
0.112 1.42795
0.113 -1.4282
0.113 1.4282
0.114 -1.42845
0.114 1.42845
0.115 -1.4287
0.115 1.4287
0.116 -1.42896
0.116 1.42896
0.117 -1.42922
0.117 1.42922
0.118 -1.42948
0.118 1.42948
0.119 -1.42974
0.119 1.42974
0.12 -1.43001
0.12 1.43001
0.121 -1.43028
0.121 1.43028
0.122 -1.43055
0.122 1.43055
0.123 -1.43082
0.123 1.43082
0.124 -1.4311
0.124 1.4311
0.125 -1.43137
0.125 1.43137
0.126 -1.43165
0.126 1.43165
0.127 -1.43193
0.127 1.43193
0.128 -1.43222
0.128 1.43222
0.129 -1.4325
0.129 1.4325
0.13 -1.43279
0.13 1.43279
0.131 -1.43308
0.131 1.43308
0.132 -1.43338
0.132 1.43338
0.133 -1.43367
0.133 1.43367
0.134 -1.43397
0.134 1.43397
0.135 -1.43427
0.135 1.43427
0.136 -1.43457
0.136 1.43457
0.137 -1.43488
0.137 1.43488
0.138 -1.43519
0.138 1.43519
0.139 -1.4355
0.139 1.4355
0.14 -1.43581
0.14 1.43581
0.141 -1.43612
0.141 1.43612
0.142 -1.43644
0.142 1.43644
0.143 -1.43676
0.143 1.43676
0.144 -1.43708
0.144 1.43708
0.145 -1.4374
0.145 1.4374
0.146 -1.43773
0.146 1.43773
0.147 -1.43806
0.147 1.43806
0.148 -1.43839
0.148 1.43839
0.149 -1.43872
0.149 1.43872
0.15 -1.43905
0.15 1.43905
0.151 -1.43939
0.151 1.43939
0.152 -1.43973
0.152 1.43973
0.153 -1.44007
0.153 1.44007
0.154 -1.44042
0.154 1.44042
0.155 -1.44076
0.155 1.44076
0.156 -1.44111
0.156 1.44111
0.157 -1.44146
0.157 1.44146
0.158 -1.44182
0.158 1.44182
0.159 -1.44217
0.159 1.44217
0.16 -1.44253
0.16 1.44253
0.161 -1.44289
0.161 1.44289
0.162 -1.44325
0.162 1.44325
0.163 -1.44362
0.163 1.44362
0.164 -1.44399
0.164 1.44399
0.165 -1.44436
0.165 1.44436
0.166 -1.44473
0.166 1.44473
0.167 -1.4451
0.167 1.4451
0.168 -1.44548
0.168 1.44548
0.169 -1.44586
0.169 1.44586
0.17 -1.44624
0.17 1.44624
0.171 -1.44662
0.171 1.44662
0.172 -1.44701
0.172 1.44701
0.173 -1.4474
0.173 1.4474
0.174 -1.44779
0.174 1.44779
0.175 -1.44818
0.175 1.44818
0.176 -1.44858
0.176 1.44858
0.177 -1.44898
0.177 1.44898
0.178 -1.44938
0.178 1.44938
0.179 -1.44978
0.179 1.44978
0.18 -1.45018
0.18 1.45018
0.181 -1.45059
0.181 1.45059
0.182 -1.451
0.182 1.451
0.183 -1.45141
0.183 1.45141
0.184 -1.45183
0.184 1.45183
0.185 -1.45224
0.185 1.45224
0.186 -1.45266
0.186 1.45266
0.187 -1.45308
0.187 1.45308
0.188 -1.4535
0.188 1.4535
0.189 -1.45393
0.189 1.45393
0.19 -1.45436
0.19 1.45436
0.191 -1.45479
0.191 1.45479
0.192 -1.45522
0.192 1.45522
0.193 -1.45566
0.193 1.45566
0.194 -1.45609
0.194 1.45609
0.195 -1.45653
0.195 1.45653
0.196 -1.45698
0.196 1.45698
0.197 -1.45742
0.197 1.45742
0.198 -1.45787
0.198 1.45787
0.199 -1.45832
0.199 1.45832
0.2 -1.45877
0.2 1.45877
0.201 -1.45922
0.201 1.45922
0.202 -1.45968
0.202 1.45968
0.203 -1.46013
0.203 1.46013
0.204 -1.46059
0.204 1.46059
0.205 -1.46106
0.205 1.46106
0.206 -1.46152
0.206 1.46152
0.207 -1.46199
0.207 1.46199
0.208 -1.46246
0.208 1.46246
0.209 -1.46293
0.209 1.46293
0.21 -1.46341
0.21 1.46341
0.211 -1.46388
0.211 1.46388
0.212 -1.46436
0.212 1.46436
0.213 -1.46484
0.213 1.46484
0.214 -1.46533
0.214 1.46533
0.215 -1.46581
0.215 1.46581
0.216 -1.4663
0.216 1.4663
0.217 -1.46679
0.217 1.46679
0.218 -1.46729
0.218 1.46729
0.219 -1.46778
0.219 1.46778
0.22 -1.46828
0.22 1.46828
0.221 -1.46878
0.221 1.46878
0.222 -1.46928
0.222 1.46928
0.223 -1.46979
0.223 1.46979
0.224 -1.4703
0.224 1.4703
0.225 -1.4708
0.225 1.4708
0.226 -1.47132
0.226 1.47132
0.227 -1.47183
0.227 1.47183
0.228 -1.47235
0.228 1.47235
0.229 -1.47287
0.229 1.47287
0.23 -1.47339
0.23 1.47339
0.231 -1.47391
0.231 1.47391
0.232 -1.47444
0.232 1.47444
0.233 -1.47496
0.233 1.47496
0.234 -1.47549
0.234 1.47549
0.235 -1.47603
0.235 1.47603
0.236 -1.47656
0.236 1.47656
0.237 -1.4771
0.237 1.4771
0.238 -1.47764
0.238 1.47764
0.239 -1.47818
0.239 1.47818
0.24 -1.47872
0.24 1.47872
0.241 -1.47927
0.241 1.47927
0.242 -1.47982
0.242 1.47982
0.243 -1.48037
0.243 1.48037
0.244 -1.48092
0.244 1.48092
0.245 -1.48148
0.245 1.48148
0.246 -1.48204
0.246 1.48204
0.247 -1.4826
0.247 1.4826
0.248 -1.48316
0.248 1.48316
0.249 -1.48373
0.249 1.48373
0.25 -1.48429
0.25 1.48429
0.251 -1.48486
0.251 1.48486
0.252 -1.48543
0.252 1.48543
0.253 -1.48601
0.253 1.48601
0.254 -1.48659
0.254 1.48659
0.255 -1.48716
0.255 1.48716
0.256 -1.48775
0.256 1.48775
0.257 -1.48833
0.257 1.48833
0.258 -1.48891
0.258 1.48891
0.259 -1.4895
0.259 1.4895
0.26 -1.49009
0.26 1.49009
0.261 -1.49069
0.261 1.49069
0.262 -1.49128
0.262 1.49128
0.263 -1.49188
0.263 1.49188
0.264 -1.49248
0.264 1.49248
0.265 -1.49308
0.265 1.49308
0.266 -1.49368
0.266 1.49368
0.267 -1.49429
0.267 1.49429
0.268 -1.4949
0.268 1.4949
0.269 -1.49551
0.269 1.49551
0.27 -1.49612
0.27 1.49612
0.271 -1.49674
0.271 1.49674
0.272 -1.49736
0.272 1.49736
0.273 -1.49798
0.273 1.49798
0.274 -1.4986
0.274 1.4986
0.275 -1.49922
0.275 1.49922
0.276 -1.49985
0.276 1.49985
0.277 -1.50048
0.277 1.50048
0.278 -1.50111
0.278 1.50111
0.279 -1.50175
0.279 1.50175
0.28 -1.50238
0.28 1.50238
0.281 -1.50302
0.281 1.50302
0.282 -1.50366
0.282 1.50366
0.283 -1.5043
0.283 1.5043
0.284 -1.50495
0.284 1.50495
0.285 -1.5056
0.285 1.5056
0.286 -1.50625
0.286 1.50625
0.287 -1.5069
0.287 1.5069
0.288 -1.50755
0.288 1.50755
0.289 -1.50821
0.289 1.50821
0.29 -1.50887
0.29 1.50887
0.291 -1.50953
0.291 1.50953
0.292 -1.5102
0.292 1.5102
0.293 -1.51086
0.293 1.51086
0.294 -1.51153
0.294 1.51153
0.295 -1.5122
0.295 1.5122
0.296 -1.51287
0.296 1.51287
0.297 -1.51355
0.297 1.51355
0.298 -1.51422
0.298 1.51422
0.299 -1.5149
0.299 1.5149
0.3 -1.51559
0.3 1.51559
0.301 -1.51627
0.301 1.51627
0.302 -1.51696
0.302 1.51696
0.303 -1.51764
0.303 1.51764
0.304 -1.51834
0.304 1.51834
0.305 -1.51903
0.305 1.51903
0.306 -1.51972
0.306 1.51972
0.307 -1.52042
0.307 1.52042
0.308 -1.52112
0.308 1.52112
0.309 -1.52182
0.309 1.52182
0.31 -1.52253
0.31 1.52253
0.311 -1.52323
0.311 1.52323
0.312 -1.52394
0.312 1.52394
0.313 -1.52465
0.313 1.52465
0.314 -1.52537
0.314 1.52537
0.315 -1.52608
0.315 1.52608
0.316 -1.5268
0.316 1.5268
0.317 -1.52752
0.317 1.52752
0.318 -1.52824
0.318 1.52824
0.319 -1.52897
0.319 1.52897
0.32 -1.5297
0.32 1.5297
0.321 -1.53042
0.321 1.53042
0.322 -1.53116
0.322 1.53116
0.323 -1.53189
0.323 1.53189
0.324 -1.53263
0.324 1.53263
0.325 -1.53336
0.325 1.53336
0.326 -1.5341
0.326 1.5341
0.327 -1.53485
0.327 1.53485
0.328 -1.53559
0.328 1.53559
0.329 -1.53634
0.329 1.53634
0.33 -1.53709
0.33 1.53709
0.331 -1.53784
0.331 1.53784
0.332 -1.53859
0.332 1.53859
0.333 -1.53935
0.333 1.53935
0.334 -1.54011
0.334 1.54011
0.335 -1.54087
0.335 1.54087
0.336 -1.54163
0.336 1.54163
0.337 -1.54239
0.337 1.54239
0.338 -1.54316
0.338 1.54316
0.339 -1.54393
0.339 1.54393
0.34 -1.5447
0.34 1.5447
0.341 -1.54548
0.341 1.54548
0.342 -1.54625
0.342 1.54625
0.343 -1.54703
0.343 1.54703
0.344 -1.54781
0.344 1.54781
0.345 -1.54859
0.345 1.54859
0.346 -1.54938
0.346 1.54938
0.347 -1.55016
0.347 1.55016
0.348 -1.55095
0.348 1.55095
0.349 -1.55174
0.349 1.55174
0.35 -1.55254
0.35 1.55254
0.351 -1.55333
0.351 1.55333
0.352 -1.55413
0.352 1.55413
0.353 -1.55493
0.353 1.55493
0.354 -1.55573
0.354 1.55573
0.355 -1.55654
0.355 1.55654
0.356 -1.55735
0.356 1.55735
0.357 -1.55815
0.357 1.55815
0.358 -1.55897
0.358 1.55897
0.359 -1.55978
0.359 1.55978
0.36 -1.56059
0.36 1.56059
0.361 -1.56141
0.361 1.56141
0.362 -1.56223
0.362 1.56223
0.363 -1.56305
0.363 1.56305
0.364 -1.56388
0.364 1.56388
0.365 -1.56471
0.365 1.56471
0.366 -1.56553
0.366 1.56553
0.367 -1.56636
0.367 1.56636
0.368 -1.5672
0.368 1.5672
0.369 -1.56803
0.369 1.56803
0.37 -1.56887
0.37 1.56887
0.371 -1.56971
0.371 1.56971
0.372 -1.57055
0.372 1.57055
0.373 -1.57139
0.373 1.57139
0.374 -1.57224
0.374 1.57224
0.375 -1.57309
0.375 1.57309
0.376 -1.57394
0.376 1.57394
0.377 -1.57479
0.377 1.57479
0.378 -1.57565
0.378 1.57565
0.379 -1.5765
0.379 1.5765
0.38 -1.57736
0.38 1.57736
0.381 -1.57822
0.381 1.57822
0.382 -1.57909
0.382 1.57909
0.383 -1.57995
0.383 1.57995
0.384 -1.58082
0.384 1.58082
0.385 -1.58169
0.385 1.58169
0.386 -1.58256
0.386 1.58256
0.387 -1.58344
0.387 1.58344
0.388 -1.58431
0.388 1.58431
0.389 -1.58519
0.389 1.58519
0.39 -1.58607
0.39 1.58607
0.391 -1.58695
0.391 1.58695
0.392 -1.58784
0.392 1.58784
0.393 -1.58872
0.393 1.58872
0.394 -1.58961
0.394 1.58961
0.395 -1.5905
0.395 1.5905
0.396 -1.5914
0.396 1.5914
0.397 -1.59229
0.397 1.59229
0.398 -1.59319
0.398 1.59319
0.399 -1.59409
0.399 1.59409
0.4 -1.59499
0.4 1.59499
0.401 -1.5959
0.401 1.5959
0.402 -1.5968
0.402 1.5968
0.403 -1.59771
0.403 1.59771
0.404 -1.59862
0.404 1.59862
0.405 -1.59953
0.405 1.59953
0.406 -1.60045
0.406 1.60045
0.407 -1.60136
0.407 1.60136
0.408 -1.60228
0.408 1.60228
0.409 -1.6032
0.409 1.6032
0.41 -1.60413
0.41 1.60413
0.411 -1.60505
0.411 1.60505
0.412 -1.60598
0.412 1.60598
0.413 -1.60691
0.413 1.60691
0.414 -1.60784
0.414 1.60784
0.415 -1.60877
0.415 1.60877
0.416 -1.60971
0.416 1.60971
0.417 -1.61065
0.417 1.61065
0.418 -1.61159
0.418 1.61159
0.419 -1.61253
0.419 1.61253
0.42 -1.61347
0.42 1.61347
0.421 -1.61442
0.421 1.61442
0.422 -1.61536
0.422 1.61536
0.423 -1.61631
0.423 1.61631
0.424 -1.61727
0.424 1.61727
0.425 -1.61822
0.425 1.61822
0.426 -1.61918
0.426 1.61918
0.427 -1.62014
0.427 1.62014
0.428 -1.6211
0.428 1.6211
0.429 -1.62206
0.429 1.62206
0.43 -1.62302
0.43 1.62302
0.431 -1.62399
0.431 1.62399
0.432 -1.62496
0.432 1.62496
0.433 -1.62593
0.433 1.62593
0.434 -1.6269
0.434 1.6269
0.435 -1.62788
0.435 1.62788
0.436 -1.62886
0.436 1.62886
0.437 -1.62983
0.437 1.62983
0.438 -1.63082
0.438 1.63082
0.439 -1.6318
0.439 1.6318
0.44 -1.63278
0.44 1.63278
0.441 -1.63377
0.441 1.63377
0.442 -1.63476
0.442 1.63476
0.443 -1.63575
0.443 1.63575
0.444 -1.63675
0.444 1.63675
0.445 -1.63774
0.445 1.63774
0.446 -1.63874
0.446 1.63874
0.447 -1.63974
0.447 1.63974
0.448 -1.64074
0.448 1.64074
0.449 -1.64174
0.449 1.64174
0.45 -1.64275
0.45 1.64275
0.451 -1.64376
0.451 1.64376
0.452 -1.64477
0.452 1.64477
0.453 -1.64578
0.453 1.64578
0.454 -1.64679
0.454 1.64679
0.455 -1.64781
0.455 1.64781
0.456 -1.64883
0.456 1.64883
0.457 -1.64985
0.457 1.64985
0.458 -1.65087
0.458 1.65087
0.459 -1.65189
0.459 1.65189
0.46 -1.65292
0.46 1.65292
0.461 -1.65395
0.461 1.65395
0.462 -1.65498
0.462 1.65498
0.463 -1.65601
0.463 1.65601
0.464 -1.65704
0.464 1.65704
0.465 -1.65808
0.465 1.65808
0.466 -1.65912
0.466 1.65912
0.467 -1.66015
0.467 1.66015
0.468 -1.6612
0.468 1.6612
0.469 -1.66224
0.469 1.66224
0.47 -1.66329
0.47 1.66329
0.471 -1.66433
0.471 1.66433
0.472 -1.66538
0.472 1.66538
0.473 -1.66644
0.473 1.66644
0.474 -1.66749
0.474 1.66749
0.475 -1.66855
0.475 1.66855
0.476 -1.6696
0.476 1.6696
0.477 -1.67066
0.477 1.67066
0.478 -1.67173
0.478 1.67173
0.479 -1.67279
0.479 1.67279
0.48 -1.67386
0.48 1.67386
0.481 -1.67492
0.481 1.67492
0.482 -1.67599
0.482 1.67599
0.483 -1.67706
0.483 1.67706
0.484 -1.67814
0.484 1.67814
0.485 -1.67921
0.485 1.67921
0.486 -1.68029
0.486 1.68029
0.487 -1.68137
0.487 1.68137
0.488 -1.68245
0.488 1.68245
0.489 -1.68354
0.489 1.68354
0.49 -1.68462
0.49 1.68462
0.491 -1.68571
0.491 1.68571
0.492 -1.6868
0.492 1.6868
0.493 -1.68789
0.493 1.68789
0.494 -1.68898
0.494 1.68898
0.495 -1.69008
0.495 1.69008
0.496 -1.69117
0.496 1.69117
0.497 -1.69227
0.497 1.69227
0.498 -1.69337
0.498 1.69337
0.499 -1.69448
0.499 1.69448
0.5 -1.69558
0.5 1.69558
0.501 -1.69669
0.501 1.69669
0.502 -1.6978
0.502 1.6978
0.503 -1.69891
0.503 1.69891
0.504 -1.70002
0.504 1.70002
0.505 -1.70114
0.505 1.70114
0.506 -1.70225
0.506 1.70225
0.507 -1.70337
0.507 1.70337
0.508 -1.70449
0.508 1.70449
0.509 -1.70561
0.509 1.70561
0.51 -1.70674
0.51 1.70674
0.511 -1.70786
0.511 1.70786
0.512 -1.70899
0.512 1.70899
0.513 -1.71012
0.513 1.71012
0.514 -1.71125
0.514 1.71125
0.515 -1.71239
0.515 1.71239
0.516 -1.71352
0.516 1.71352
0.517 -1.71466
0.517 1.71466
0.518 -1.7158
0.518 1.7158
0.519 -1.71694
0.519 1.71694
0.52 -1.71808
0.52 1.71808
0.521 -1.71923
0.521 1.71923
0.522 -1.72037
0.522 1.72037
0.523 -1.72152
0.523 1.72152
0.524 -1.72267
0.524 1.72267
0.525 -1.72383
0.525 1.72383
0.526 -1.72498
0.526 1.72498
0.527 -1.72614
0.527 1.72614
0.528 -1.7273
0.528 1.7273
0.529 -1.72846
0.529 1.72846
0.53 -1.72962
0.53 1.72962
0.531 -1.73078
0.531 1.73078
0.532 -1.73195
0.532 1.73195
0.533 -1.73311
0.533 1.73311
0.534 -1.73428
0.534 1.73428
0.535 -1.73546
0.535 1.73546
0.536 -1.73663
0.536 1.73663
0.537 -1.7378
0.537 1.7378
0.538 -1.73898
0.538 1.73898
0.539 -1.74016
0.539 1.74016
0.54 -1.74134
0.54 1.74134
0.541 -1.74252
0.541 1.74252
0.542 -1.74371
0.542 1.74371
0.543 -1.74489
0.543 1.74489
0.544 -1.74608
0.544 1.74608
0.545 -1.74727
0.545 1.74727
0.546 -1.74846
0.546 1.74846
0.547 -1.74966
0.547 1.74966
0.548 -1.75085
0.548 1.75085
0.549 -1.75205
0.549 1.75205
0.55 -1.75325
0.55 1.75325
0.551 -1.75445
0.551 1.75445
0.552 -1.75565
0.552 1.75565
0.553 -1.75685
0.553 1.75685
0.554 -1.75806
0.554 1.75806
0.555 -1.75927
0.555 1.75927
0.556 -1.76048
0.556 1.76048
0.557 -1.76169
0.557 1.76169
0.558 -1.7629
0.558 1.7629
0.559 -1.76412
0.559 1.76412
0.56 -1.76534
0.56 1.76534
0.561 -1.76656
0.561 1.76656
0.562 -1.76778
0.562 1.76778
0.563 -1.769
0.563 1.769
0.564 -1.77022
0.564 1.77022
0.565 -1.77145
0.565 1.77145
0.566 -1.77268
0.566 1.77268
0.567 -1.77391
0.567 1.77391
0.568 -1.77514
0.568 1.77514
0.569 -1.77637
0.569 1.77637
0.57 -1.77761
0.57 1.77761
0.571 -1.77885
0.571 1.77885
0.572 -1.78008
0.572 1.78008
0.573 -1.78133
0.573 1.78133
0.574 -1.78257
0.574 1.78257
0.575 -1.78381
0.575 1.78381
0.576 -1.78506
0.576 1.78506
0.577 -1.78631
0.577 1.78631
0.578 -1.78755
0.578 1.78755
0.579 -1.78881
0.579 1.78881
0.58 -1.79006
0.58 1.79006
0.581 -1.79131
0.581 1.79131
0.582 -1.79257
0.582 1.79257
0.583 -1.79383
0.583 1.79383
0.584 -1.79509
0.584 1.79509
0.585 -1.79635
0.585 1.79635
0.586 -1.79761
0.586 1.79761
0.587 -1.79888
0.587 1.79888
0.588 -1.80015
0.588 1.80015
0.589 -1.80142
0.589 1.80142
0.59 -1.80269
0.59 1.80269
0.591 -1.80396
0.591 1.80396
0.592 -1.80523
0.592 1.80523
0.593 -1.80651
0.593 1.80651
0.594 -1.80779
0.594 1.80779
0.595 -1.80907
0.595 1.80907
0.596 -1.81035
0.596 1.81035
0.597 -1.81163
0.597 1.81163
0.598 -1.81291
0.598 1.81291
0.599 -1.8142
0.599 1.8142
0.6 -1.81549
0.6 1.81549
0.601 -1.81678
0.601 1.81678
0.602 -1.81807
0.602 1.81807
0.603 -1.81936
0.603 1.81936
0.604 -1.82066
0.604 1.82066
0.605 -1.82196
0.605 1.82196
0.606 -1.82325
0.606 1.82325
0.607 -1.82455
0.607 1.82455
0.608 -1.82586
0.608 1.82586
0.609 -1.82716
0.609 1.82716
0.61 -1.82846
0.61 1.82846
0.611 -1.82977
0.611 1.82977
0.612 -1.83108
0.612 1.83108
0.613 -1.83239
0.613 1.83239
0.614 -1.8337
0.614 1.8337
0.615 -1.83502
0.615 1.83502
0.616 -1.83633
0.616 1.83633
0.617 -1.83765
0.617 1.83765
0.618 -1.83897
0.618 1.83897
0.619 -1.84029
0.619 1.84029
0.62 -1.84161
0.62 1.84161
0.621 -1.84293
0.621 1.84293
0.622 -1.84426
0.622 1.84426
0.623 -1.84559
0.623 1.84559
0.624 -1.84692
0.624 1.84692
0.625 -1.84825
0.625 1.84825
0.626 -1.84958
0.626 1.84958
0.627 -1.85091
0.627 1.85091
0.628 -1.85225
0.628 1.85225
0.629 -1.85359
0.629 1.85359
0.63 -1.85493
0.63 1.85493
0.631 -1.85627
0.631 1.85627
0.632 -1.85761
0.632 1.85761
0.633 -1.85895
0.633 1.85895
0.634 -1.8603
0.634 1.8603
0.635 -1.86165
0.635 1.86165
0.636 -1.86299
0.636 1.86299
0.637 -1.86434
0.637 1.86434
0.638 -1.8657
0.638 1.8657
0.639 -1.86705
0.639 1.86705
0.64 -1.86841
0.64 1.86841
0.641 -1.86976
0.641 1.86976
0.642 -1.87112
0.642 1.87112
0.643 -1.87248
0.643 1.87248
0.644 -1.87385
0.644 1.87385
0.645 -1.87521
0.645 1.87521
0.646 -1.87658
0.646 1.87658
0.647 -1.87794
0.647 1.87794
0.648 -1.87931
0.648 1.87931
0.649 -1.88068
0.649 1.88068
0.65 -1.88205
0.65 1.88205
0.651 -1.88343
0.651 1.88343
0.652 -1.8848
0.652 1.8848
0.653 -1.88618
0.653 1.88618
0.654 -1.88756
0.654 1.88756
0.655 -1.88894
0.655 1.88894
0.656 -1.89032
0.656 1.89032
0.657 -1.8917
0.657 1.8917
0.658 -1.89309
0.658 1.89309
0.659 -1.89447
0.659 1.89447
0.66 -1.89586
0.66 1.89586
0.661 -1.89725
0.661 1.89725
0.662 -1.89864
0.662 1.89864
0.663 -1.90004
0.663 1.90004
0.664 -1.90143
0.664 1.90143
0.665 -1.90283
0.665 1.90283
0.666 -1.90423
0.666 1.90423
0.667 -1.90563
0.667 1.90563
0.668 -1.90703
0.668 1.90703
0.669 -1.90843
0.669 1.90843
0.67 -1.90983
0.67 1.90983
0.671 -1.91124
0.671 1.91124
0.672 -1.91265
0.672 1.91265
0.673 -1.91406
0.673 1.91406
0.674 -1.91547
0.674 1.91547
0.675 -1.91688
0.675 1.91688
0.676 -1.91829
0.676 1.91829
0.677 -1.91971
0.677 1.91971
0.678 -1.92112
0.678 1.92112
0.679 -1.92254
0.679 1.92254
0.68 -1.92396
0.68 1.92396
0.681 -1.92538
0.681 1.92538
0.682 -1.92681
0.682 1.92681
0.683 -1.92823
0.683 1.92823
0.684 -1.92966
0.684 1.92966
0.685 -1.93109
0.685 1.93109
0.686 -1.93252
0.686 1.93252
0.687 -1.93395
0.687 1.93395
0.688 -1.93538
0.688 1.93538
0.689 -1.93681
0.689 1.93681
0.69 -1.93825
0.69 1.93825
0.691 -1.93969
0.691 1.93969
0.692 -1.94112
0.692 1.94112
0.693 -1.94257
0.693 1.94257
0.694 -1.94401
0.694 1.94401
0.695 -1.94545
0.695 1.94545
0.696 -1.9469
0.696 1.9469
0.697 -1.94834
0.697 1.94834
0.698 -1.94979
0.698 1.94979
0.699 -1.95124
0.699 1.95124
0.7 -1.95269
0.7 1.95269
0.701 -1.95414
0.701 1.95414
0.702 -1.9556
0.702 1.9556
0.703 -1.95705
0.703 1.95705
0.704 -1.95851
0.704 1.95851
0.705 -1.95997
0.705 1.95997
0.706 -1.96143
0.706 1.96143
0.707 -1.96289
0.707 1.96289
0.708 -1.96435
0.708 1.96435
0.709 -1.96582
0.709 1.96582
0.71 -1.96729
0.71 1.96729
0.711 -1.96875
0.711 1.96875
0.712 -1.97022
0.712 1.97022
0.713 -1.97169
0.713 1.97169
0.714 -1.97317
0.714 1.97317
0.715 -1.97464
0.715 1.97464
0.716 -1.97611
0.716 1.97611
0.717 -1.97759
0.717 1.97759
0.718 -1.97907
0.718 1.97907
0.719 -1.98055
0.719 1.98055
0.72 -1.98203
0.72 1.98203
0.721 -1.98351
0.721 1.98351
0.722 -1.985
0.722 1.985
0.723 -1.98648
0.723 1.98648
0.724 -1.98797
0.724 1.98797
0.725 -1.98946
0.725 1.98946
0.726 -1.99095
0.726 1.99095
0.727 -1.99244
0.727 1.99244
0.728 -1.99394
0.728 1.99394
0.729 -1.99543
0.729 1.99543
0.73 -1.99693
0.73 1.99693
0.731 -1.99842
0.731 1.99842
0.732 -1.99992
0.732 1.99992
0.733 -2.00142
0.733 2.00142
0.734 -2.00293
0.734 2.00293
0.735 -2.00443
0.735 2.00443
0.736 -2.00594
0.736 2.00594
0.737 -2.00744
0.737 2.00744
0.738 -2.00895
0.738 2.00895
0.739 -2.01046
0.739 2.01046
0.74 -2.01197
0.74 2.01197
0.741 -2.01348
0.741 2.01348
0.742 -2.015
0.742 2.015
0.743 -2.01651
0.743 2.01651
0.744 -2.01803
0.744 2.01803
0.745 -2.01955
0.745 2.01955
0.746 -2.02107
0.746 2.02107
0.747 -2.02259
0.747 2.02259
0.748 -2.02411
0.748 2.02411
0.749 -2.02563
0.749 2.02563
0.75 -2.02716
0.75 2.02716
0.751 -2.02869
0.751 2.02869
0.752 -2.03021
0.752 2.03021
0.753 -2.03174
0.753 2.03174
0.754 -2.03328
0.754 2.03328
0.755 -2.03481
0.755 2.03481
0.756 -2.03634
0.756 2.03634
0.757 -2.03788
0.757 2.03788
0.758 -2.03941
0.758 2.03941
0.759 -2.04095
0.759 2.04095
0.76 -2.04249
0.76 2.04249
0.761 -2.04403
0.761 2.04403
0.762 -2.04558
0.762 2.04558
0.763 -2.04712
0.763 2.04712
0.764 -2.04867
0.764 2.04867
0.765 -2.05021
0.765 2.05021
0.766 -2.05176
0.766 2.05176
0.767 -2.05331
0.767 2.05331
0.768 -2.05486
0.768 2.05486
0.769 -2.05641
0.769 2.05641
0.77 -2.05797
0.77 2.05797
0.771 -2.05952
0.771 2.05952
0.772 -2.06108
0.772 2.06108
0.773 -2.06264
0.773 2.06264
0.774 -2.0642
0.774 2.0642
0.775 -2.06576
0.775 2.06576
0.776 -2.06732
0.776 2.06732
0.777 -2.06888
0.777 2.06888
0.778 -2.07045
0.778 2.07045
0.779 -2.07202
0.779 2.07202
0.78 -2.07358
0.78 2.07358
0.781 -2.07515
0.781 2.07515
0.782 -2.07672
0.782 2.07672
0.783 -2.0783
0.783 2.0783
0.784 -2.07987
0.784 2.07987
0.785 -2.08144
0.785 2.08144
0.786 -2.08302
0.786 2.08302
0.787 -2.0846
0.787 2.0846
0.788 -2.08618
0.788 2.08618
0.789 -2.08776
0.789 2.08776
0.79 -2.08934
0.79 2.08934
0.791 -2.09092
0.791 2.09092
0.792 -2.09251
0.792 2.09251
0.793 -2.09409
0.793 2.09409
0.794 -2.09568
0.794 2.09568
0.795 -2.09727
0.795 2.09727
0.796 -2.09886
0.796 2.09886
0.797 -2.10045
0.797 2.10045
0.798 -2.10204
0.798 2.10204
0.799 -2.10364
0.799 2.10364
0.8 -2.10523
0.8 2.10523
0.801 -2.10683
0.801 2.10683
0.802 -2.10843
0.802 2.10843
0.803 -2.11003
0.803 2.11003
0.804 -2.11163
0.804 2.11163
0.805 -2.11323
0.805 2.11323
0.806 -2.11483
0.806 2.11483
0.807 -2.11644
0.807 2.11644
0.808 -2.11804
0.808 2.11804
0.809 -2.11965
0.809 2.11965
0.81 -2.12126
0.81 2.12126
0.811 -2.12287
0.811 2.12287
0.812 -2.12448
0.812 2.12448
0.813 -2.12609
0.813 2.12609
0.814 -2.12771
0.814 2.12771
0.815 -2.12932
0.815 2.12932
0.816 -2.13094
0.816 2.13094
0.817 -2.13256
0.817 2.13256
0.818 -2.13418
0.818 2.13418
0.819 -2.1358
0.819 2.1358
0.82 -2.13742
0.82 2.13742
0.821 -2.13904
0.821 2.13904
0.822 -2.14067
0.822 2.14067
0.823 -2.1423
0.823 2.1423
0.824 -2.14392
0.824 2.14392
0.825 -2.14555
0.825 2.14555
0.826 -2.14718
0.826 2.14718
0.827 -2.14881
0.827 2.14881
0.828 -2.15045
0.828 2.15045
0.829 -2.15208
0.829 2.15208
0.83 -2.15371
0.83 2.15371
0.831 -2.15535
0.831 2.15535
0.832 -2.15699
0.832 2.15699
0.833 -2.15863
0.833 2.15863
0.834 -2.16027
0.834 2.16027
0.835 -2.16191
0.835 2.16191
0.836 -2.16355
0.836 2.16355
0.837 -2.1652
0.837 2.1652
0.838 -2.16684
0.838 2.16684
0.839 -2.16849
0.839 2.16849
0.84 -2.17014
0.84 2.17014
0.841 -2.17179
0.841 2.17179
0.842 -2.17344
0.842 2.17344
0.843 -2.17509
0.843 2.17509
0.844 -2.17675
0.844 2.17675
0.845 -2.1784
0.845 2.1784
0.846 -2.18006
0.846 2.18006
0.847 -2.18171
0.847 2.18171
0.848 -2.18337
0.848 2.18337
0.849 -2.18503
0.849 2.18503
0.85 -2.18669
0.85 2.18669
0.851 -2.18836
0.851 2.18836
0.852 -2.19002
0.852 2.19002
0.853 -2.19168
0.853 2.19168
0.854 -2.19335
0.854 2.19335
0.855 -2.19502
0.855 2.19502
0.856 -2.19669
0.856 2.19669
0.857 -2.19836
0.857 2.19836
0.858 -2.20003
0.858 2.20003
0.859 -2.2017
0.859 2.2017
0.86 -2.20337
0.86 2.20337
0.861 -2.20505
0.861 2.20505
0.862 -2.20673
0.862 2.20673
0.863 -2.2084
0.863 2.2084
0.864 -2.21008
0.864 2.21008
0.865 -2.21176
0.865 2.21176
0.866 -2.21344
0.866 2.21344
0.867 -2.21513
0.867 2.21513
0.868 -2.21681
0.868 2.21681
0.869 -2.21849
0.869 2.21849
0.87 -2.22018
0.87 2.22018
0.871 -2.22187
0.871 2.22187
0.872 -2.22356
0.872 2.22356
0.873 -2.22525
0.873 2.22525
0.874 -2.22694
0.874 2.22694
0.875 -2.22863
0.875 2.22863
0.876 -2.23032
0.876 2.23032
0.877 -2.23202
0.877 2.23202
0.878 -2.23372
0.878 2.23372
0.879 -2.23541
0.879 2.23541
0.88 -2.23711
0.88 2.23711
0.881 -2.23881
0.881 2.23881
0.882 -2.24051
0.882 2.24051
0.883 -2.24222
0.883 2.24222
0.884 -2.24392
0.884 2.24392
0.885 -2.24562
0.885 2.24562
0.886 -2.24733
0.886 2.24733
0.887 -2.24904
0.887 2.24904
0.888 -2.25075
0.888 2.25075
0.889 -2.25246
0.889 2.25246
0.89 -2.25417
0.89 2.25417
0.891 -2.25588
0.891 2.25588
0.892 -2.25759
0.892 2.25759
0.893 -2.25931
0.893 2.25931
0.894 -2.26102
0.894 2.26102
0.895 -2.26274
0.895 2.26274
0.896 -2.26446
0.896 2.26446
0.897 -2.26618
0.897 2.26618
0.898 -2.2679
0.898 2.2679
0.899 -2.26962
0.899 2.26962
0.9 -2.27134
0.9 2.27134
0.901 -2.27307
0.901 2.27307
0.902 -2.27479
0.902 2.27479
0.903 -2.27652
0.903 2.27652
0.904 -2.27825
0.904 2.27825
0.905 -2.27998
0.905 2.27998
0.906 -2.28171
0.906 2.28171
0.907 -2.28344
0.907 2.28344
0.908 -2.28517
0.908 2.28517
0.909 -2.2869
0.909 2.2869
0.91 -2.28864
0.91 2.28864
0.911 -2.29038
0.911 2.29038
0.912 -2.29211
0.912 2.29211
0.913 -2.29385
0.913 2.29385
0.914 -2.29559
0.914 2.29559
0.915 -2.29733
0.915 2.29733
0.916 -2.29907
0.916 2.29907
0.917 -2.30082
0.917 2.30082
0.918 -2.30256
0.918 2.30256
0.919 -2.30431
0.919 2.30431
0.92 -2.30605
0.92 2.30605
0.921 -2.3078
0.921 2.3078
0.922 -2.30955
0.922 2.30955
0.923 -2.3113
0.923 2.3113
0.924 -2.31305
0.924 2.31305
0.925 -2.31481
0.925 2.31481
0.926 -2.31656
0.926 2.31656
0.927 -2.31832
0.927 2.31832
0.928 -2.32007
0.928 2.32007
0.929 -2.32183
0.929 2.32183
0.93 -2.32359
0.93 2.32359
0.931 -2.32535
0.931 2.32535
0.932 -2.32711
0.932 2.32711
0.933 -2.32887
0.933 2.32887
0.934 -2.33063
0.934 2.33063
0.935 -2.3324
0.935 2.3324
0.936 -2.33416
0.936 2.33416
0.937 -2.33593
0.937 2.33593
0.938 -2.3377
0.938 2.3377
0.939 -2.33947
0.939 2.33947
0.94 -2.34124
0.94 2.34124
0.941 -2.34301
0.941 2.34301
0.942 -2.34478
0.942 2.34478
0.943 -2.34655
0.943 2.34655
0.944 -2.34833
0.944 2.34833
0.945 -2.3501
0.945 2.3501
0.946 -2.35188
0.946 2.35188
0.947 -2.35366
0.947 2.35366
0.948 -2.35544
0.948 2.35544
0.949 -2.35722
0.949 2.35722
0.95 -2.359
0.95 2.359
0.951 -2.36078
0.951 2.36078
0.952 -2.36257
0.952 2.36257
0.953 -2.36435
0.953 2.36435
0.954 -2.36614
0.954 2.36614
0.955 -2.36792
0.955 2.36792
0.956 -2.36971
0.956 2.36971
0.957 -2.3715
0.957 2.3715
0.958 -2.37329
0.958 2.37329
0.959 -2.37508
0.959 2.37508
0.96 -2.37688
0.96 2.37688
0.961 -2.37867
0.961 2.37867
0.962 -2.38046
0.962 2.38046
0.963 -2.38226
0.963 2.38226
0.964 -2.38406
0.964 2.38406
0.965 -2.38586
0.965 2.38586
0.966 -2.38766
0.966 2.38766
0.967 -2.38946
0.967 2.38946
0.968 -2.39126
0.968 2.39126
0.969 -2.39306
0.969 2.39306
0.97 -2.39486
0.97 2.39486
0.971 -2.39667
0.971 2.39667
0.972 -2.39847
0.972 2.39847
0.973 -2.40028
0.973 2.40028
0.974 -2.40209
0.974 2.40209
0.975 -2.4039
0.975 2.4039
0.976 -2.40571
0.976 2.40571
0.977 -2.40752
0.977 2.40752
0.978 -2.40933
0.978 2.40933
0.979 -2.41115
0.979 2.41115
0.98 -2.41296
0.98 2.41296
0.981 -2.41478
0.981 2.41478
0.982 -2.4166
0.982 2.4166
0.983 -2.41841
0.983 2.41841
0.984 -2.42023
0.984 2.42023
0.985 -2.42205
0.985 2.42205
0.986 -2.42388
0.986 2.42388
0.987 -2.4257
0.987 2.4257
0.988 -2.42752
0.988 2.42752
0.989 -2.42935
0.989 2.42935
0.99 -2.43117
0.99 2.43117
0.991 -2.433
0.991 2.433
0.992 -2.43483
0.992 2.43483
0.993 -2.43666
0.993 2.43666
0.994 -2.43849
0.994 2.43849
0.995 -2.44032
0.995 2.44032
0.996 -2.44215
0.996 2.44215
0.997 -2.44398
0.997 2.44398
0.998 -2.44582
0.998 2.44582
0.999 -2.44765
0.999 2.44765
1 -2.44949
1 2.44949
1.001 -2.45133
1.001 2.45133
1.002 -2.45317
1.002 2.45317
1.003 -2.45501
1.003 2.45501
1.004 -2.45685
1.004 2.45685
1.005 -2.45869
1.005 2.45869
1.006 -2.46053
1.006 2.46053
1.007 -2.46238
1.007 2.46238
1.008 -2.46422
1.008 2.46422
1.009 -2.46607
1.009 2.46607
1.01 -2.46791
1.01 2.46791
1.011 -2.46976
1.011 2.46976
1.012 -2.47161
1.012 2.47161
1.013 -2.47346
1.013 2.47346
1.014 -2.47531
1.014 2.47531
1.015 -2.47717
1.015 2.47717
1.016 -2.47902
1.016 2.47902
1.017 -2.48087
1.017 2.48087
1.018 -2.48273
1.018 2.48273
1.019 -2.48459
1.019 2.48459
1.02 -2.48644
1.02 2.48644
1.021 -2.4883
1.021 2.4883
1.022 -2.49016
1.022 2.49016
1.023 -2.49202
1.023 2.49202
1.024 -2.49389
1.024 2.49389
1.025 -2.49575
1.025 2.49575
1.026 -2.49761
1.026 2.49761
1.027 -2.49948
1.027 2.49948
1.028 -2.50134
1.028 2.50134
1.029 -2.50321
1.029 2.50321
1.03 -2.50508
1.03 2.50508
1.031 -2.50695
1.031 2.50695
1.032 -2.50882
1.032 2.50882
1.033 -2.51069
1.033 2.51069
1.034 -2.51256
1.034 2.51256
1.035 -2.51444
1.035 2.51444
1.036 -2.51631
1.036 2.51631
1.037 -2.51819
1.037 2.51819
1.038 -2.52006
1.038 2.52006
1.039 -2.52194
1.039 2.52194
1.04 -2.52382
1.04 2.52382
1.041 -2.5257
1.041 2.5257
1.042 -2.52758
1.042 2.52758
1.043 -2.52946
1.043 2.52946
1.044 -2.53134
1.044 2.53134
1.045 -2.53323
1.045 2.53323
1.046 -2.53511
1.046 2.53511
1.047 -2.537
1.047 2.537
1.048 -2.53888
1.048 2.53888
1.049 -2.54077
1.049 2.54077
1.05 -2.54266
1.05 2.54266
1.051 -2.54455
1.051 2.54455
1.052 -2.54644
1.052 2.54644
1.053 -2.54833
1.053 2.54833
1.054 -2.55023
1.054 2.55023
1.055 -2.55212
1.055 2.55212
1.056 -2.55401
1.056 2.55401
1.057 -2.55591
1.057 2.55591
1.058 -2.55781
1.058 2.55781
1.059 -2.55971
1.059 2.55971
1.06 -2.5616
1.06 2.5616
1.061 -2.5635
1.061 2.5635
1.062 -2.5654
1.062 2.5654
1.063 -2.56731
1.063 2.56731
1.064 -2.56921
1.064 2.56921
1.065 -2.57111
1.065 2.57111
1.066 -2.57302
1.066 2.57302
1.067 -2.57492
1.067 2.57492
1.068 -2.57683
1.068 2.57683
1.069 -2.57874
1.069 2.57874
1.07 -2.58065
1.07 2.58065
1.071 -2.58256
1.071 2.58256
1.072 -2.58447
1.072 2.58447
1.073 -2.58638
1.073 2.58638
1.074 -2.58829
1.074 2.58829
1.075 -2.59021
1.075 2.59021
1.076 -2.59212
1.076 2.59212
1.077 -2.59404
1.077 2.59404
1.078 -2.59595
1.078 2.59595
1.079 -2.59787
1.079 2.59787
1.08 -2.59979
1.08 2.59979
1.081 -2.60171
1.081 2.60171
1.082 -2.60363
1.082 2.60363
1.083 -2.60555
1.083 2.60555
1.084 -2.60748
1.084 2.60748
1.085 -2.6094
1.085 2.6094
1.086 -2.61132
1.086 2.61132
1.087 -2.61325
1.087 2.61325
1.088 -2.61518
1.088 2.61518
1.089 -2.6171
1.089 2.6171
1.09 -2.61903
1.09 2.61903
1.091 -2.62096
1.091 2.62096
1.092 -2.62289
1.092 2.62289
1.093 -2.62482
1.093 2.62482
1.094 -2.62676
1.094 2.62676
1.095 -2.62869
1.095 2.62869
1.096 -2.63062
1.096 2.63062
1.097 -2.63256
1.097 2.63256
1.098 -2.6345
1.098 2.6345
1.099 -2.63643
1.099 2.63643
1.1 -2.63837
1.1 2.63837
1.101 -2.64031
1.101 2.64031
1.102 -2.64225
1.102 2.64225
1.103 -2.64419
1.103 2.64419
1.104 -2.64613
1.104 2.64613
1.105 -2.64808
1.105 2.64808
1.106 -2.65002
1.106 2.65002
1.107 -2.65197
1.107 2.65197
1.108 -2.65391
1.108 2.65391
1.109 -2.65586
1.109 2.65586
1.11 -2.65781
1.11 2.65781
1.111 -2.65975
1.111 2.65975
1.112 -2.6617
1.112 2.6617
1.113 -2.66365
1.113 2.66365
1.114 -2.66561
1.114 2.66561
1.115 -2.66756
1.115 2.66756
1.116 -2.66951
1.116 2.66951
1.117 -2.67147
1.117 2.67147
1.118 -2.67342
1.118 2.67342
1.119 -2.67538
1.119 2.67538
1.12 -2.67734
1.12 2.67734
1.121 -2.67929
1.121 2.67929
1.122 -2.68125
1.122 2.68125
1.123 -2.68321
1.123 2.68321
1.124 -2.68517
1.124 2.68517
1.125 -2.68714
1.125 2.68714
1.126 -2.6891
1.126 2.6891
1.127 -2.69106
1.127 2.69106
1.128 -2.69303
1.128 2.69303
1.129 -2.69499
1.129 2.69499
1.13 -2.69696
1.13 2.69696
1.131 -2.69893
1.131 2.69893
1.132 -2.7009
1.132 2.7009
1.133 -2.70287
1.133 2.70287
1.134 -2.70484
1.134 2.70484
1.135 -2.70681
1.135 2.70681
1.136 -2.70878
1.136 2.70878
1.137 -2.71075
1.137 2.71075
1.138 -2.71273
1.138 2.71273
1.139 -2.7147
1.139 2.7147
1.14 -2.71668
1.14 2.71668
1.141 -2.71866
1.141 2.71866
1.142 -2.72063
1.142 2.72063
1.143 -2.72261
1.143 2.72261
1.144 -2.72459
1.144 2.72459
1.145 -2.72657
1.145 2.72657
1.146 -2.72855
1.146 2.72855
1.147 -2.73054
1.147 2.73054
1.148 -2.73252
1.148 2.73252
1.149 -2.7345
1.149 2.7345
1.15 -2.73649
1.15 2.73649
1.151 -2.73848
1.151 2.73848
1.152 -2.74046
1.152 2.74046
1.153 -2.74245
1.153 2.74245
1.154 -2.74444
1.154 2.74444
1.155 -2.74643
1.155 2.74643
1.156 -2.74842
1.156 2.74842
1.157 -2.75041
1.157 2.75041
1.158 -2.7524
1.158 2.7524
1.159 -2.7544
1.159 2.7544
1.16 -2.75639
1.16 2.75639
1.161 -2.75839
1.161 2.75839
1.162 -2.76038
1.162 2.76038
1.163 -2.76238
1.163 2.76238
1.164 -2.76438
1.164 2.76438
1.165 -2.76638
1.165 2.76638
1.166 -2.76838
1.166 2.76838
1.167 -2.77038
1.167 2.77038
1.168 -2.77238
1.168 2.77238
1.169 -2.77438
1.169 2.77438
1.17 -2.77638
1.17 2.77638
1.171 -2.77839
1.171 2.77839
1.172 -2.78039
1.172 2.78039
1.173 -2.7824
1.173 2.7824
1.174 -2.78441
1.174 2.78441
1.175 -2.78642
1.175 2.78642
1.176 -2.78842
1.176 2.78842
1.177 -2.79043
1.177 2.79043
1.178 -2.79244
1.178 2.79244
1.179 -2.79446
1.179 2.79446
1.18 -2.79647
1.18 2.79647
1.181 -2.79848
1.181 2.79848
1.182 -2.8005
1.182 2.8005
1.183 -2.80251
1.183 2.80251
1.184 -2.80453
1.184 2.80453
1.185 -2.80654
1.185 2.80654
1.186 -2.80856
1.186 2.80856
1.187 -2.81058
1.187 2.81058
1.188 -2.8126
1.188 2.8126
1.189 -2.81462
1.189 2.81462
1.19 -2.81664
1.19 2.81664
1.191 -2.81866
1.191 2.81866
1.192 -2.82068
1.192 2.82068
1.193 -2.82271
1.193 2.82271
1.194 -2.82473
1.194 2.82473
1.195 -2.82676
1.195 2.82676
1.196 -2.82879
1.196 2.82879
1.197 -2.83081
1.197 2.83081
1.198 -2.83284
1.198 2.83284
1.199 -2.83487
1.199 2.83487
1.2 -2.8369
1.2 2.8369
1.201 -2.83893
1.201 2.83893
1.202 -2.84096
1.202 2.84096
1.203 -2.84299
1.203 2.84299
1.204 -2.84503
1.204 2.84503
1.205 -2.84706
1.205 2.84706
1.206 -2.8491
1.206 2.8491
1.207 -2.85113
1.207 2.85113
1.208 -2.85317
1.208 2.85317
1.209 -2.85521
1.209 2.85521
1.21 -2.85725
1.21 2.85725
1.211 -2.85929
1.211 2.85929
1.212 -2.86133
1.212 2.86133
1.213 -2.86337
1.213 2.86337
1.214 -2.86541
1.214 2.86541
1.215 -2.86745
1.215 2.86745
1.216 -2.8695
1.216 2.8695
1.217 -2.87154
1.217 2.87154
1.218 -2.87359
1.218 2.87359
1.219 -2.87563
1.219 2.87563
1.22 -2.87768
1.22 2.87768
1.221 -2.87973
1.221 2.87973
1.222 -2.88178
1.222 2.88178
1.223 -2.88383
1.223 2.88383
1.224 -2.88588
1.224 2.88588
1.225 -2.88793
1.225 2.88793
1.226 -2.88998
1.226 2.88998
1.227 -2.89204
1.227 2.89204
1.228 -2.89409
1.228 2.89409
1.229 -2.89614
1.229 2.89614
1.23 -2.8982
1.23 2.8982
1.231 -2.90026
1.231 2.90026
1.232 -2.90231
1.232 2.90231
1.233 -2.90437
1.233 2.90437
1.234 -2.90643
1.234 2.90643
1.235 -2.90849
1.235 2.90849
1.236 -2.91055
1.236 2.91055
1.237 -2.91261
1.237 2.91261
1.238 -2.91468
1.238 2.91468
1.239 -2.91674
1.239 2.91674
1.24 -2.91881
1.24 2.91881
1.241 -2.92087
1.241 2.92087
1.242 -2.92294
1.242 2.92294
1.243 -2.925
1.243 2.925
1.244 -2.92707
1.244 2.92707
1.245 -2.92914
1.245 2.92914
1.246 -2.93121
1.246 2.93121
1.247 -2.93328
1.247 2.93328
1.248 -2.93535
1.248 2.93535
1.249 -2.93742
1.249 2.93742
1.25 -2.93949
1.25 2.93949
1.251 -2.94157
1.251 2.94157
1.252 -2.94364
1.252 2.94364
1.253 -2.94572
1.253 2.94572
1.254 -2.94779
1.254 2.94779
1.255 -2.94987
1.255 2.94987
1.256 -2.95195
1.256 2.95195
1.257 -2.95403
1.257 2.95403
1.258 -2.95611
1.258 2.95611
1.259 -2.95819
1.259 2.95819
1.26 -2.96027
1.26 2.96027
1.261 -2.96235
1.261 2.96235
1.262 -2.96443
1.262 2.96443
1.263 -2.96651
1.263 2.96651
1.264 -2.9686
1.264 2.9686
1.265 -2.97068
1.265 2.97068
1.266 -2.97277
1.266 2.97277
1.267 -2.97486
1.267 2.97486
1.268 -2.97694
1.268 2.97694
1.269 -2.97903
1.269 2.97903
1.27 -2.98112
1.27 2.98112
1.271 -2.98321
1.271 2.98321
1.272 -2.9853
1.272 2.9853
1.273 -2.98739
1.273 2.98739
1.274 -2.98949
1.274 2.98949
1.275 -2.99158
1.275 2.99158
1.276 -2.99367
1.276 2.99367
1.277 -2.99577
1.277 2.99577
1.278 -2.99786
1.278 2.99786
1.279 -2.99996
1.279 2.99996
1.28 -3.00206
1.28 3.00206
1.281 -3.00416
1.281 3.00416
1.282 -3.00626
1.282 3.00626
1.283 -3.00835
1.283 3.00835
1.284 -3.01046
1.284 3.01046
1.285 -3.01256
1.285 3.01256
1.286 -3.01466
1.286 3.01466
1.287 -3.01676
1.287 3.01676
1.288 -3.01887
1.288 3.01887
1.289 -3.02097
1.289 3.02097
1.29 -3.02308
1.29 3.02308
1.291 -3.02518
1.291 3.02518
1.292 -3.02729
1.292 3.02729
1.293 -3.0294
1.293 3.0294
1.294 -3.03151
1.294 3.03151
1.295 -3.03362
1.295 3.03362
1.296 -3.03573
1.296 3.03573
1.297 -3.03784
1.297 3.03784
1.298 -3.03995
1.298 3.03995
1.299 -3.04206
1.299 3.04206
1.3 -3.04417
1.3 3.04417
1.301 -3.04629
1.301 3.04629
1.302 -3.0484
1.302 3.0484
1.303 -3.05052
1.303 3.05052
1.304 -3.05264
1.304 3.05264
1.305 -3.05475
1.305 3.05475
1.306 -3.05687
1.306 3.05687
1.307 -3.05899
1.307 3.05899
1.308 -3.06111
1.308 3.06111
1.309 -3.06323
1.309 3.06323
1.31 -3.06535
1.31 3.06535
1.311 -3.06748
1.311 3.06748
1.312 -3.0696
1.312 3.0696
1.313 -3.07172
1.313 3.07172
1.314 -3.07385
1.314 3.07385
1.315 -3.07597
1.315 3.07597
1.316 -3.0781
1.316 3.0781
1.317 -3.08023
1.317 3.08023
1.318 -3.08235
1.318 3.08235
1.319 -3.08448
1.319 3.08448
1.32 -3.08661
1.32 3.08661
1.321 -3.08874
1.321 3.08874
1.322 -3.09087
1.322 3.09087
1.323 -3.093
1.323 3.093
1.324 -3.09514
1.324 3.09514
1.325 -3.09727
1.325 3.09727
1.326 -3.0994
1.326 3.0994
1.327 -3.10154
1.327 3.10154
1.328 -3.10367
1.328 3.10367
1.329 -3.10581
1.329 3.10581
1.33 -3.10795
1.33 3.10795
1.331 -3.11009
1.331 3.11009
1.332 -3.11222
1.332 3.11222
1.333 -3.11436
1.333 3.11436
1.334 -3.1165
1.334 3.1165
1.335 -3.11864
1.335 3.11864
1.336 -3.12079
1.336 3.12079
1.337 -3.12293
1.337 3.12293
1.338 -3.12507
1.338 3.12507
1.339 -3.12722
1.339 3.12722
1.34 -3.12936
1.34 3.12936
1.341 -3.13151
1.341 3.13151
1.342 -3.13365
1.342 3.13365
1.343 -3.1358
1.343 3.1358
1.344 -3.13795
1.344 3.13795
1.345 -3.1401
1.345 3.1401
1.346 -3.14225
1.346 3.14225
1.347 -3.1444
1.347 3.1444
1.348 -3.14655
1.348 3.14655
1.349 -3.1487
1.349 3.1487
1.35 -3.15085
1.35 3.15085
1.351 -3.15301
1.351 3.15301
1.352 -3.15516
1.352 3.15516
1.353 -3.15732
1.353 3.15732
1.354 -3.15947
1.354 3.15947
1.355 -3.16163
1.355 3.16163
1.356 -3.16378
1.356 3.16378
1.357 -3.16594
1.357 3.16594
1.358 -3.1681
1.358 3.1681
1.359 -3.17026
1.359 3.17026
1.36 -3.17242
1.36 3.17242
1.361 -3.17458
1.361 3.17458
1.362 -3.17674
1.362 3.17674
1.363 -3.17891
1.363 3.17891
1.364 -3.18107
1.364 3.18107
1.365 -3.18323
1.365 3.18323
1.366 -3.1854
1.366 3.1854
1.367 -3.18756
1.367 3.18756
1.368 -3.18973
1.368 3.18973
1.369 -3.1919
1.369 3.1919
1.37 -3.19407
1.37 3.19407
1.371 -3.19623
1.371 3.19623
1.372 -3.1984
1.372 3.1984
1.373 -3.20057
1.373 3.20057
1.374 -3.20274
1.374 3.20274
1.375 -3.20492
1.375 3.20492
1.376 -3.20709
1.376 3.20709
1.377 -3.20926
1.377 3.20926
1.378 -3.21143
1.378 3.21143
1.379 -3.21361
1.379 3.21361
1.38 -3.21578
1.38 3.21578
1.381 -3.21796
1.381 3.21796
1.382 -3.22014
1.382 3.22014
1.383 -3.22232
1.383 3.22232
1.384 -3.22449
1.384 3.22449
1.385 -3.22667
1.385 3.22667
1.386 -3.22885
1.386 3.22885
1.387 -3.23103
1.387 3.23103
1.388 -3.23321
1.388 3.23321
1.389 -3.2354
1.389 3.2354
1.39 -3.23758
1.39 3.23758
1.391 -3.23976
1.391 3.23976
1.392 -3.24195
1.392 3.24195
1.393 -3.24413
1.393 3.24413
1.394 -3.24632
1.394 3.24632
1.395 -3.2485
1.395 3.2485
1.396 -3.25069
1.396 3.25069
1.397 -3.25288
1.397 3.25288
1.398 -3.25507
1.398 3.25507
1.399 -3.25726
1.399 3.25726
1.4 -3.25945
1.4 3.25945
1.401 -3.26164
1.401 3.26164
1.402 -3.26383
1.402 3.26383
1.403 -3.26602
1.403 3.26602
1.404 -3.26822
1.404 3.26822
1.405 -3.27041
1.405 3.27041
1.406 -3.2726
1.406 3.2726
1.407 -3.2748
1.407 3.2748
1.408 -3.277
1.408 3.277
1.409 -3.27919
1.409 3.27919
1.41 -3.28139
1.41 3.28139
1.411 -3.28359
1.411 3.28359
1.412 -3.28579
1.412 3.28579
1.413 -3.28799
1.413 3.28799
1.414 -3.29019
1.414 3.29019
1.415 -3.29239
1.415 3.29239
1.416 -3.29459
1.416 3.29459
1.417 -3.29679
1.417 3.29679
1.418 -3.299
1.418 3.299
1.419 -3.3012
1.419 3.3012
1.42 -3.30341
1.42 3.30341
1.421 -3.30561
1.421 3.30561
1.422 -3.30782
1.422 3.30782
1.423 -3.31002
1.423 3.31002
1.424 -3.31223
1.424 3.31223
1.425 -3.31444
1.425 3.31444
1.426 -3.31665
1.426 3.31665
1.427 -3.31886
1.427 3.31886
1.428 -3.32107
1.428 3.32107
1.429 -3.32328
1.429 3.32328
1.43 -3.32549
1.43 3.32549
1.431 -3.32771
1.431 3.32771
1.432 -3.32992
1.432 3.32992
1.433 -3.33213
1.433 3.33213
1.434 -3.33435
1.434 3.33435
1.435 -3.33656
1.435 3.33656
1.436 -3.33878
1.436 3.33878
1.437 -3.341
1.437 3.341
1.438 -3.34322
1.438 3.34322
1.439 -3.34543
1.439 3.34543
1.44 -3.34765
1.44 3.34765
1.441 -3.34987
1.441 3.34987
1.442 -3.35209
1.442 3.35209
1.443 -3.35432
1.443 3.35432
1.444 -3.35654
1.444 3.35654
1.445 -3.35876
1.445 3.35876
1.446 -3.36098
1.446 3.36098
1.447 -3.36321
1.447 3.36321
1.448 -3.36543
1.448 3.36543
1.449 -3.36766
1.449 3.36766
1.45 -3.36989
1.45 3.36989
1.451 -3.37211
1.451 3.37211
1.452 -3.37434
1.452 3.37434
1.453 -3.37657
1.453 3.37657
1.454 -3.3788
1.454 3.3788
1.455 -3.38103
1.455 3.38103
1.456 -3.38326
1.456 3.38326
1.457 -3.38549
1.457 3.38549
1.458 -3.38772
1.458 3.38772
1.459 -3.38995
1.459 3.38995
1.46 -3.39219
1.46 3.39219
1.461 -3.39442
1.461 3.39442
1.462 -3.39666
1.462 3.39666
1.463 -3.39889
1.463 3.39889
1.464 -3.40113
1.464 3.40113
1.465 -3.40337
1.465 3.40337
1.466 -3.4056
1.466 3.4056
1.467 -3.40784
1.467 3.40784
1.468 -3.41008
1.468 3.41008
1.469 -3.41232
1.469 3.41232
1.47 -3.41456
1.47 3.41456
1.471 -3.4168
1.471 3.4168
1.472 -3.41904
1.472 3.41904
1.473 -3.42129
1.473 3.42129
1.474 -3.42353
1.474 3.42353
1.475 -3.42577
1.475 3.42577
1.476 -3.42802
1.476 3.42802
1.477 -3.43026
1.477 3.43026
1.478 -3.43251
1.478 3.43251
1.479 -3.43476
1.479 3.43476
1.48 -3.437
1.48 3.437
1.481 -3.43925
1.481 3.43925
1.482 -3.4415
1.482 3.4415
1.483 -3.44375
1.483 3.44375
1.484 -3.446
1.484 3.446
1.485 -3.44825
1.485 3.44825
1.486 -3.4505
1.486 3.4505
1.487 -3.45275
1.487 3.45275
1.488 -3.45501
1.488 3.45501
1.489 -3.45726
1.489 3.45726
1.49 -3.45952
1.49 3.45952
1.491 -3.46177
1.491 3.46177
1.492 -3.46403
1.492 3.46403
1.493 -3.46628
1.493 3.46628
1.494 -3.46854
1.494 3.46854
1.495 -3.4708
1.495 3.4708
1.496 -3.47306
1.496 3.47306
1.497 -3.47532
1.497 3.47532
1.498 -3.47758
1.498 3.47758
1.499 -3.47984
1.499 3.47984
1.5 -3.4821
1.5 3.4821
1.501 -3.48436
1.501 3.48436
1.502 -3.48662
1.502 3.48662
1.503 -3.48888
1.503 3.48888
1.504 -3.49115
1.504 3.49115
1.505 -3.49341
1.505 3.49341
1.506 -3.49568
1.506 3.49568
1.507 -3.49794
1.507 3.49794
1.508 -3.50021
1.508 3.50021
1.509 -3.50248
1.509 3.50248
1.51 -3.50475
1.51 3.50475
1.511 -3.50702
1.511 3.50702
1.512 -3.50929
1.512 3.50929
1.513 -3.51156
1.513 3.51156
1.514 -3.51383
1.514 3.51383
1.515 -3.5161
1.515 3.5161
1.516 -3.51837
1.516 3.51837
1.517 -3.52064
1.517 3.52064
1.518 -3.52292
1.518 3.52292
1.519 -3.52519
1.519 3.52519
1.52 -3.52746
1.52 3.52746
1.521 -3.52974
1.521 3.52974
1.522 -3.53202
1.522 3.53202
1.523 -3.53429
1.523 3.53429
1.524 -3.53657
1.524 3.53657
1.525 -3.53885
1.525 3.53885
1.526 -3.54113
1.526 3.54113
1.527 -3.54341
1.527 3.54341
1.528 -3.54569
1.528 3.54569
1.529 -3.54797
1.529 3.54797
1.53 -3.55025
1.53 3.55025
1.531 -3.55253
1.531 3.55253
1.532 -3.55482
1.532 3.55482
1.533 -3.5571
1.533 3.5571
1.534 -3.55938
1.534 3.55938
1.535 -3.56167
1.535 3.56167
1.536 -3.56395
1.536 3.56395
1.537 -3.56624
1.537 3.56624
1.538 -3.56853
1.538 3.56853
1.539 -3.57081
1.539 3.57081
1.54 -3.5731
1.54 3.5731
1.541 -3.57539
1.541 3.57539
1.542 -3.57768
1.542 3.57768
1.543 -3.57997
1.543 3.57997
1.544 -3.58226
1.544 3.58226
1.545 -3.58455
1.545 3.58455
1.546 -3.58685
1.546 3.58685
1.547 -3.58914
1.547 3.58914
1.548 -3.59143
1.548 3.59143
1.549 -3.59373
1.549 3.59373
1.55 -3.59602
1.55 3.59602
1.551 -3.59832
1.551 3.59832
1.552 -3.60061
1.552 3.60061
1.553 -3.60291
1.553 3.60291
1.554 -3.60521
1.554 3.60521
1.555 -3.60751
1.555 3.60751
1.556 -3.60981
1.556 3.60981
1.557 -3.61211
1.557 3.61211
1.558 -3.61441
1.558 3.61441
1.559 -3.61671
1.559 3.61671
1.56 -3.61901
1.56 3.61901
1.561 -3.62131
1.561 3.62131
1.562 -3.62361
1.562 3.62361
1.563 -3.62592
1.563 3.62592
1.564 -3.62822
1.564 3.62822
1.565 -3.63053
1.565 3.63053
1.566 -3.63283
1.566 3.63283
1.567 -3.63514
1.567 3.63514
1.568 -3.63744
1.568 3.63744
1.569 -3.63975
1.569 3.63975
1.57 -3.64206
1.57 3.64206
1.571 -3.64437
1.571 3.64437
1.572 -3.64668
1.572 3.64668
1.573 -3.64899
1.573 3.64899
1.574 -3.6513
1.574 3.6513
1.575 -3.65361
1.575 3.65361
1.576 -3.65592
1.576 3.65592
1.577 -3.65823
1.577 3.65823
1.578 -3.66055
1.578 3.66055
1.579 -3.66286
1.579 3.66286
1.58 -3.66518
1.58 3.66518
1.581 -3.66749
1.581 3.66749
1.582 -3.66981
1.582 3.66981
1.583 -3.67212
1.583 3.67212
1.584 -3.67444
1.584 3.67444
1.585 -3.67676
1.585 3.67676
1.586 -3.67908
1.586 3.67908
1.587 -3.6814
1.587 3.6814
1.588 -3.68372
1.588 3.68372
1.589 -3.68604
1.589 3.68604
1.59 -3.68836
1.59 3.68836
1.591 -3.69068
1.591 3.69068
1.592 -3.693
1.592 3.693
1.593 -3.69532
1.593 3.69532
1.594 -3.69765
1.594 3.69765
1.595 -3.69997
1.595 3.69997
1.596 -3.7023
1.596 3.7023
1.597 -3.70462
1.597 3.70462
1.598 -3.70695
1.598 3.70695
1.599 -3.70928
1.599 3.70928
1.6 -3.7116
1.6 3.7116
1.601 -3.71393
1.601 3.71393
1.602 -3.71626
1.602 3.71626
1.603 -3.71859
1.603 3.71859
1.604 -3.72092
1.604 3.72092
1.605 -3.72325
1.605 3.72325
1.606 -3.72558
1.606 3.72558
1.607 -3.72791
1.607 3.72791
1.608 -3.73025
1.608 3.73025
1.609 -3.73258
1.609 3.73258
1.61 -3.73491
1.61 3.73491
1.611 -3.73725
1.611 3.73725
1.612 -3.73958
1.612 3.73958
1.613 -3.74192
1.613 3.74192
1.614 -3.74426
1.614 3.74426
1.615 -3.74659
1.615 3.74659
1.616 -3.74893
1.616 3.74893
1.617 -3.75127
1.617 3.75127
1.618 -3.75361
1.618 3.75361
1.619 -3.75595
1.619 3.75595
1.62 -3.75829
1.62 3.75829
1.621 -3.76063
1.621 3.76063
1.622 -3.76297
1.622 3.76297
1.623 -3.76531
1.623 3.76531
1.624 -3.76766
1.624 3.76766
1.625 -3.77
1.625 3.77
1.626 -3.77234
1.626 3.77234
1.627 -3.77469
1.627 3.77469
1.628 -3.77703
1.628 3.77703
1.629 -3.77938
1.629 3.77938
1.63 -3.78173
1.63 3.78173
1.631 -3.78407
1.631 3.78407
1.632 -3.78642
1.632 3.78642
1.633 -3.78877
1.633 3.78877
1.634 -3.79112
1.634 3.79112
1.635 -3.79347
1.635 3.79347
1.636 -3.79582
1.636 3.79582
1.637 -3.79817
1.637 3.79817
1.638 -3.80052
1.638 3.80052
1.639 -3.80287
1.639 3.80287
1.64 -3.80523
1.64 3.80523
1.641 -3.80758
1.641 3.80758
1.642 -3.80993
1.642 3.80993
1.643 -3.81229
1.643 3.81229
1.644 -3.81464
1.644 3.81464
1.645 -3.817
1.645 3.817
1.646 -3.81936
1.646 3.81936
1.647 -3.82171
1.647 3.82171
1.648 -3.82407
1.648 3.82407
1.649 -3.82643
1.649 3.82643
1.65 -3.82879
1.65 3.82879
1.651 -3.83115
1.651 3.83115
1.652 -3.83351
1.652 3.83351
1.653 -3.83587
1.653 3.83587
1.654 -3.83823
1.654 3.83823
1.655 -3.84059
1.655 3.84059
1.656 -3.84296
1.656 3.84296
1.657 -3.84532
1.657 3.84532
1.658 -3.84768
1.658 3.84768
1.659 -3.85005
1.659 3.85005
1.66 -3.85241
1.66 3.85241
1.661 -3.85478
1.661 3.85478
1.662 -3.85715
1.662 3.85715
1.663 -3.85951
1.663 3.85951
1.664 -3.86188
1.664 3.86188
1.665 -3.86425
1.665 3.86425
1.666 -3.86662
1.666 3.86662
1.667 -3.86899
1.667 3.86899
1.668 -3.87136
1.668 3.87136
1.669 -3.87373
1.669 3.87373
1.67 -3.8761
1.67 3.8761
1.671 -3.87847
1.671 3.87847
1.672 -3.88085
1.672 3.88085
1.673 -3.88322
1.673 3.88322
1.674 -3.88559
1.674 3.88559
1.675 -3.88797
1.675 3.88797
1.676 -3.89034
1.676 3.89034
1.677 -3.89272
1.677 3.89272
1.678 -3.8951
1.678 3.8951
1.679 -3.89747
1.679 3.89747
1.68 -3.89985
1.68 3.89985
1.681 -3.90223
1.681 3.90223
1.682 -3.90461
1.682 3.90461
1.683 -3.90699
1.683 3.90699
1.684 -3.90937
1.684 3.90937
1.685 -3.91175
1.685 3.91175
1.686 -3.91413
1.686 3.91413
1.687 -3.91651
1.687 3.91651
1.688 -3.91889
1.688 3.91889
1.689 -3.92128
1.689 3.92128
1.69 -3.92366
1.69 3.92366
1.691 -3.92604
1.691 3.92604
1.692 -3.92843
1.692 3.92843
1.693 -3.93081
1.693 3.93081
1.694 -3.9332
1.694 3.9332
1.695 -3.93559
1.695 3.93559
1.696 -3.93798
1.696 3.93798
1.697 -3.94036
1.697 3.94036
1.698 -3.94275
1.698 3.94275
1.699 -3.94514
1.699 3.94514
1.7 -3.94753
1.7 3.94753
1.701 -3.94992
1.701 3.94992
1.702 -3.95231
1.702 3.95231
1.703 -3.9547
1.703 3.9547
1.704 -3.9571
1.704 3.9571
1.705 -3.95949
1.705 3.95949
1.706 -3.96188
1.706 3.96188
1.707 -3.96428
1.707 3.96428
1.708 -3.96667
1.708 3.96667
1.709 -3.96907
1.709 3.96907
1.71 -3.97146
1.71 3.97146
1.711 -3.97386
1.711 3.97386
1.712 -3.97626
1.712 3.97626
1.713 -3.97865
1.713 3.97865
1.714 -3.98105
1.714 3.98105
1.715 -3.98345
1.715 3.98345
1.716 -3.98585
1.716 3.98585
1.717 -3.98825
1.717 3.98825
1.718 -3.99065
1.718 3.99065
1.719 -3.99305
1.719 3.99305
1.72 -3.99545
1.72 3.99545
1.721 -3.99786
1.721 3.99786
1.722 -4.00026
1.722 4.00026
1.723 -4.00266
1.723 4.00266
1.724 -4.00507
1.724 4.00507
1.725 -4.00747
1.725 4.00747
1.726 -4.00988
1.726 4.00988
1.727 -4.01228
1.727 4.01228
1.728 -4.01469
1.728 4.01469
1.729 -4.0171
1.729 4.0171
1.73 -4.0195
1.73 4.0195
1.731 -4.02191
1.731 4.02191
1.732 -4.02432
1.732 4.02432
1.733 -4.02673
1.733 4.02673
1.734 -4.02914
1.734 4.02914
1.735 -4.03155
1.735 4.03155
1.736 -4.03396
1.736 4.03396
1.737 -4.03638
1.737 4.03638
1.738 -4.03879
1.738 4.03879
1.739 -4.0412
1.739 4.0412
1.74 -4.04362
1.74 4.04362
1.741 -4.04603
1.741 4.04603
1.742 -4.04844
1.742 4.04844
1.743 -4.05086
1.743 4.05086
1.744 -4.05328
1.744 4.05328
1.745 -4.05569
1.745 4.05569
1.746 -4.05811
1.746 4.05811
1.747 -4.06053
1.747 4.06053
1.748 -4.06295
1.748 4.06295
1.749 -4.06537
1.749 4.06537
1.75 -4.06779
1.75 4.06779
1.751 -4.07021
1.751 4.07021
1.752 -4.07263
1.752 4.07263
1.753 -4.07505
1.753 4.07505
1.754 -4.07747
1.754 4.07747
1.755 -4.07989
1.755 4.07989
1.756 -4.08232
1.756 4.08232
1.757 -4.08474
1.757 4.08474
1.758 -4.08716
1.758 4.08716
1.759 -4.08959
1.759 4.08959
1.76 -4.09201
1.76 4.09201
1.761 -4.09444
1.761 4.09444
1.762 -4.09687
1.762 4.09687
1.763 -4.09929
1.763 4.09929
1.764 -4.10172
1.764 4.10172
1.765 -4.10415
1.765 4.10415
1.766 -4.10658
1.766 4.10658
1.767 -4.10901
1.767 4.10901
1.768 -4.11144
1.768 4.11144
1.769 -4.11387
1.769 4.11387
1.77 -4.1163
1.77 4.1163
1.771 -4.11873
1.771 4.11873
1.772 -4.12117
1.772 4.12117
1.773 -4.1236
1.773 4.1236
1.774 -4.12603
1.774 4.12603
1.775 -4.12847
1.775 4.12847
1.776 -4.1309
1.776 4.1309
1.777 -4.13334
1.777 4.13334
1.778 -4.13577
1.778 4.13577
1.779 -4.13821
1.779 4.13821
1.78 -4.14065
1.78 4.14065
1.781 -4.14308
1.781 4.14308
1.782 -4.14552
1.782 4.14552
1.783 -4.14796
1.783 4.14796
1.784 -4.1504
1.784 4.1504
1.785 -4.15284
1.785 4.15284
1.786 -4.15528
1.786 4.15528
1.787 -4.15772
1.787 4.15772
1.788 -4.16016
1.788 4.16016
1.789 -4.16261
1.789 4.16261
1.79 -4.16505
1.79 4.16505
1.791 -4.16749
1.791 4.16749
1.792 -4.16994
1.792 4.16994
1.793 -4.17238
1.793 4.17238
1.794 -4.17483
1.794 4.17483
1.795 -4.17727
1.795 4.17727
1.796 -4.17972
1.796 4.17972
1.797 -4.18217
1.797 4.18217
1.798 -4.18461
1.798 4.18461
1.799 -4.18706
1.799 4.18706
1.8 -4.18951
1.8 4.18951
1.801 -4.19196
1.801 4.19196
1.802 -4.19441
1.802 4.19441
1.803 -4.19686
1.803 4.19686
1.804 -4.19931
1.804 4.19931
1.805 -4.20176
1.805 4.20176
1.806 -4.20421
1.806 4.20421
1.807 -4.20667
1.807 4.20667
1.808 -4.20912
1.808 4.20912
1.809 -4.21157
1.809 4.21157
1.81 -4.21403
1.81 4.21403
1.811 -4.21648
1.811 4.21648
1.812 -4.21894
1.812 4.21894
1.813 -4.2214
1.813 4.2214
1.814 -4.22385
1.814 4.22385
1.815 -4.22631
1.815 4.22631
1.816 -4.22877
1.816 4.22877
1.817 -4.23123
1.817 4.23123
1.818 -4.23368
1.818 4.23368
1.819 -4.23614
1.819 4.23614
1.82 -4.2386
1.82 4.2386
1.821 -4.24107
1.821 4.24107
1.822 -4.24353
1.822 4.24353
1.823 -4.24599
1.823 4.24599
1.824 -4.24845
1.824 4.24845
1.825 -4.25091
1.825 4.25091
1.826 -4.25338
1.826 4.25338
1.827 -4.25584
1.827 4.25584
1.828 -4.25831
1.828 4.25831
1.829 -4.26077
1.829 4.26077
1.83 -4.26324
1.83 4.26324
1.831 -4.2657
1.831 4.2657
1.832 -4.26817
1.832 4.26817
1.833 -4.27064
1.833 4.27064
1.834 -4.27311
1.834 4.27311
1.835 -4.27557
1.835 4.27557
1.836 -4.27804
1.836 4.27804
1.837 -4.28051
1.837 4.28051
1.838 -4.28298
1.838 4.28298
1.839 -4.28545
1.839 4.28545
1.84 -4.28793
1.84 4.28793
1.841 -4.2904
1.841 4.2904
1.842 -4.29287
1.842 4.29287
1.843 -4.29534
1.843 4.29534
1.844 -4.29782
1.844 4.29782
1.845 -4.30029
1.845 4.30029
1.846 -4.30277
1.846 4.30277
1.847 -4.30524
1.847 4.30524
1.848 -4.30772
1.848 4.30772
1.849 -4.31019
1.849 4.31019
1.85 -4.31267
1.85 4.31267
1.851 -4.31515
1.851 4.31515
1.852 -4.31763
1.852 4.31763
1.853 -4.3201
1.853 4.3201
1.854 -4.32258
1.854 4.32258
1.855 -4.32506
1.855 4.32506
1.856 -4.32754
1.856 4.32754
1.857 -4.33003
1.857 4.33003
1.858 -4.33251
1.858 4.33251
1.859 -4.33499
1.859 4.33499
1.86 -4.33747
1.86 4.33747
1.861 -4.33995
1.861 4.33995
1.862 -4.34244
1.862 4.34244
1.863 -4.34492
1.863 4.34492
1.864 -4.34741
1.864 4.34741
1.865 -4.34989
1.865 4.34989
1.866 -4.35238
1.866 4.35238
1.867 -4.35486
1.867 4.35486
1.868 -4.35735
1.868 4.35735
1.869 -4.35984
1.869 4.35984
1.87 -4.36233
1.87 4.36233
1.871 -4.36482
1.871 4.36482
1.872 -4.36731
1.872 4.36731
1.873 -4.3698
1.873 4.3698
1.874 -4.37229
1.874 4.37229
1.875 -4.37478
1.875 4.37478
1.876 -4.37727
1.876 4.37727
1.877 -4.37976
1.877 4.37976
1.878 -4.38225
1.878 4.38225
1.879 -4.38475
1.879 4.38475
1.88 -4.38724
1.88 4.38724
1.881 -4.38973
1.881 4.38973
1.882 -4.39223
1.882 4.39223
1.883 -4.39472
1.883 4.39472
1.884 -4.39722
1.884 4.39722
1.885 -4.39972
1.885 4.39972
1.886 -4.40221
1.886 4.40221
1.887 -4.40471
1.887 4.40471
1.888 -4.40721
1.888 4.40721
1.889 -4.40971
1.889 4.40971
1.89 -4.41221
1.89 4.41221
1.891 -4.41471
1.891 4.41471
1.892 -4.41721
1.892 4.41721
1.893 -4.41971
1.893 4.41971
1.894 -4.42221
1.894 4.42221
1.895 -4.42471
1.895 4.42471
1.896 -4.42721
1.896 4.42721
1.897 -4.42972
1.897 4.42972
1.898 -4.43222
1.898 4.43222
1.899 -4.43472
1.899 4.43472
1.9 -4.43723
1.9 4.43723
1.901 -4.43973
1.901 4.43973
1.902 -4.44224
1.902 4.44224
1.903 -4.44475
1.903 4.44475
1.904 -4.44725
1.904 4.44725
1.905 -4.44976
1.905 4.44976
1.906 -4.45227
1.906 4.45227
1.907 -4.45478
1.907 4.45478
1.908 -4.45729
1.908 4.45729
1.909 -4.4598
1.909 4.4598
1.91 -4.46231
1.91 4.46231
1.911 -4.46482
1.911 4.46482
1.912 -4.46733
1.912 4.46733
1.913 -4.46984
1.913 4.46984
1.914 -4.47235
1.914 4.47235
1.915 -4.47486
1.915 4.47486
1.916 -4.47738
1.916 4.47738
1.917 -4.47989
1.917 4.47989
1.918 -4.48241
1.918 4.48241
1.919 -4.48492
1.919 4.48492
1.92 -4.48744
1.92 4.48744
1.921 -4.48995
1.921 4.48995
1.922 -4.49247
1.922 4.49247
1.923 -4.49499
1.923 4.49499
1.924 -4.4975
1.924 4.4975
1.925 -4.50002
1.925 4.50002
1.926 -4.50254
1.926 4.50254
1.927 -4.50506
1.927 4.50506
1.928 -4.50758
1.928 4.50758
1.929 -4.5101
1.929 4.5101
1.93 -4.51262
1.93 4.51262
1.931 -4.51514
1.931 4.51514
1.932 -4.51767
1.932 4.51767
1.933 -4.52019
1.933 4.52019
1.934 -4.52271
1.934 4.52271
1.935 -4.52523
1.935 4.52523
1.936 -4.52776
1.936 4.52776
1.937 -4.53028
1.937 4.53028
1.938 -4.53281
1.938 4.53281
1.939 -4.53533
1.939 4.53533
1.94 -4.53786
1.94 4.53786
1.941 -4.54039
1.941 4.54039
1.942 -4.54292
1.942 4.54292
1.943 -4.54544
1.943 4.54544
1.944 -4.54797
1.944 4.54797
1.945 -4.5505
1.945 4.5505
1.946 -4.55303
1.946 4.55303
1.947 -4.55556
1.947 4.55556
1.948 -4.55809
1.948 4.55809
1.949 -4.56062
1.949 4.56062
1.95 -4.56315
1.95 4.56315
1.951 -4.56569
1.951 4.56569
1.952 -4.56822
1.952 4.56822
1.953 -4.57075
1.953 4.57075
1.954 -4.57329
1.954 4.57329
1.955 -4.57582
1.955 4.57582
1.956 -4.57836
1.956 4.57836
1.957 -4.58089
1.957 4.58089
1.958 -4.58343
1.958 4.58343
1.959 -4.58596
1.959 4.58596
1.96 -4.5885
1.96 4.5885
1.961 -4.59104
1.961 4.59104
1.962 -4.59358
1.962 4.59358
1.963 -4.59611
1.963 4.59611
1.964 -4.59865
1.964 4.59865
1.965 -4.60119
1.965 4.60119
1.966 -4.60373
1.966 4.60373
1.967 -4.60627
1.967 4.60627
1.968 -4.60882
1.968 4.60882
1.969 -4.61136
1.969 4.61136
1.97 -4.6139
1.97 4.6139
1.971 -4.61644
1.971 4.61644
1.972 -4.61899
1.972 4.61899
1.973 -4.62153
1.973 4.62153
1.974 -4.62407
1.974 4.62407
1.975 -4.62662
1.975 4.62662
1.976 -4.62917
1.976 4.62917
1.977 -4.63171
1.977 4.63171
1.978 -4.63426
1.978 4.63426
1.979 -4.6368
1.979 4.6368
1.98 -4.63935
1.98 4.63935
1.981 -4.6419
1.981 4.6419
1.982 -4.64445
1.982 4.64445
1.983 -4.647
1.983 4.647
1.984 -4.64955
1.984 4.64955
1.985 -4.6521
1.985 4.6521
1.986 -4.65465
1.986 4.65465
1.987 -4.6572
1.987 4.6572
1.988 -4.65975
1.988 4.65975
1.989 -4.6623
1.989 4.6623
1.99 -4.66486
1.99 4.66486
1.991 -4.66741
1.991 4.66741
1.992 -4.66997
1.992 4.66997
1.993 -4.67252
1.993 4.67252
1.994 -4.67507
1.994 4.67507
1.995 -4.67763
1.995 4.67763
1.996 -4.68019
1.996 4.68019
1.997 -4.68274
1.997 4.68274
1.998 -4.6853
1.998 4.6853
1.999 -4.68786
1.999 4.68786
2 -4.69042
2 4.69042
2.001 -4.69297
2.001 4.69297
2.002 -4.69553
2.002 4.69553
2.003 -4.69809
2.003 4.69809
2.004 -4.70065
2.004 4.70065
2.005 -4.70321
2.005 4.70321
2.006 -4.70578
2.006 4.70578
2.007 -4.70834
2.007 4.70834
2.008 -4.7109
2.008 4.7109
2.009 -4.71346
2.009 4.71346
2.01 -4.71603
2.01 4.71603
2.011 -4.71859
2.011 4.71859
2.012 -4.72115
2.012 4.72115
2.013 -4.72372
2.013 4.72372
2.014 -4.72628
2.014 4.72628
2.015 -4.72885
2.015 4.72885
2.016 -4.73142
2.016 4.73142
2.017 -4.73398
2.017 4.73398
2.018 -4.73655
2.018 4.73655
2.019 -4.73912
2.019 4.73912
2.02 -4.74169
2.02 4.74169
2.021 -4.74426
2.021 4.74426
2.022 -4.74683
2.022 4.74683
2.023 -4.7494
2.023 4.7494
2.024 -4.75197
2.024 4.75197
2.025 -4.75454
2.025 4.75454
2.026 -4.75711
2.026 4.75711
2.027 -4.75968
2.027 4.75968
2.028 -4.76226
2.028 4.76226
2.029 -4.76483
2.029 4.76483
2.03 -4.7674
2.03 4.7674
2.031 -4.76998
2.031 4.76998
2.032 -4.77255
2.032 4.77255
2.033 -4.77513
2.033 4.77513
2.034 -4.7777
2.034 4.7777
2.035 -4.78028
2.035 4.78028
2.036 -4.78286
2.036 4.78286
2.037 -4.78543
2.037 4.78543
2.038 -4.78801
2.038 4.78801
2.039 -4.79059
2.039 4.79059
2.04 -4.79317
2.04 4.79317
2.041 -4.79575
2.041 4.79575
2.042 -4.79833
2.042 4.79833
2.043 -4.80091
2.043 4.80091
2.044 -4.80349
2.044 4.80349
2.045 -4.80607
2.045 4.80607
2.046 -4.80865
2.046 4.80865
2.047 -4.81124
2.047 4.81124
2.048 -4.81382
2.048 4.81382
2.049 -4.8164
2.049 4.8164
2.05 -4.81899
2.05 4.81899
2.051 -4.82157
2.051 4.82157
2.052 -4.82416
2.052 4.82416
2.053 -4.82674
2.053 4.82674
2.054 -4.82933
2.054 4.82933
2.055 -4.83191
2.055 4.83191
2.056 -4.8345
2.056 4.8345
2.057 -4.83709
2.057 4.83709
2.058 -4.83968
2.058 4.83968
2.059 -4.84227
2.059 4.84227
2.06 -4.84485
2.06 4.84485
2.061 -4.84744
2.061 4.84744
2.062 -4.85003
2.062 4.85003
2.063 -4.85263
2.063 4.85263
2.064 -4.85522
2.064 4.85522
2.065 -4.85781
2.065 4.85781
2.066 -4.8604
2.066 4.8604
2.067 -4.86299
2.067 4.86299
2.068 -4.86559
2.068 4.86559
2.069 -4.86818
2.069 4.86818
2.07 -4.87077
2.07 4.87077
2.071 -4.87337
2.071 4.87337
2.072 -4.87596
2.072 4.87596
2.073 -4.87856
2.073 4.87856
2.074 -4.88116
2.074 4.88116
2.075 -4.88375
2.075 4.88375
2.076 -4.88635
2.076 4.88635
2.077 -4.88895
2.077 4.88895
2.078 -4.89155
2.078 4.89155
2.079 -4.89415
2.079 4.89415
2.08 -4.89675
2.08 4.89675
2.081 -4.89934
2.081 4.89934
2.082 -4.90195
2.082 4.90195
2.083 -4.90455
2.083 4.90455
2.084 -4.90715
2.084 4.90715
2.085 -4.90975
2.085 4.90975
2.086 -4.91235
2.086 4.91235
2.087 -4.91495
2.087 4.91495
2.088 -4.91756
2.088 4.91756
2.089 -4.92016
2.089 4.92016
2.09 -4.92277
2.09 4.92277
2.091 -4.92537
2.091 4.92537
2.092 -4.92798
2.092 4.92798
2.093 -4.93058
2.093 4.93058
2.094 -4.93319
2.094 4.93319
2.095 -4.9358
2.095 4.9358
2.096 -4.9384
2.096 4.9384
2.097 -4.94101
2.097 4.94101
2.098 -4.94362
2.098 4.94362
2.099 -4.94623
2.099 4.94623
2.1 -4.94884
2.1 4.94884
2.101 -4.95145
2.101 4.95145
2.102 -4.95406
2.102 4.95406
2.103 -4.95667
2.103 4.95667
2.104 -4.95928
2.104 4.95928
2.105 -4.96189
2.105 4.96189
2.106 -4.96451
2.106 4.96451
2.107 -4.96712
2.107 4.96712
2.108 -4.96973
2.108 4.96973
2.109 -4.97235
2.109 4.97235
2.11 -4.97496
2.11 4.97496
2.111 -4.97758
2.111 4.97758
2.112 -4.98019
2.112 4.98019
2.113 -4.98281
2.113 4.98281
2.114 -4.98542
2.114 4.98542
2.115 -4.98804
2.115 4.98804
2.116 -4.99066
2.116 4.99066
2.117 -4.99328
2.117 4.99328
2.118 -4.99589
2.118 4.99589
2.119 -4.99851
2.119 4.99851
2.12 -5.00113
2.12 5.00113
2.121 -5.00375
2.121 5.00375
2.122 -5.00637
2.122 5.00637
2.123 -5.00899
2.123 5.00899
2.124 -5.01162
2.124 5.01162
2.125 -5.01424
2.125 5.01424
2.126 -5.01686
2.126 5.01686
2.127 -5.01948
2.127 5.01948
2.128 -5.02211
2.128 5.02211
2.129 -5.02473
2.129 5.02473
2.13 -5.02735
2.13 5.02735
2.131 -5.02998
2.131 5.02998
2.132 -5.03261
2.132 5.03261
2.133 -5.03523
2.133 5.03523
2.134 -5.03786
2.134 5.03786
2.135 -5.04048
2.135 5.04048
2.136 -5.04311
2.136 5.04311
2.137 -5.04574
2.137 5.04574
2.138 -5.04837
2.138 5.04837
2.139 -5.051
2.139 5.051
2.14 -5.05363
2.14 5.05363
2.141 -5.05626
2.141 5.05626
2.142 -5.05889
2.142 5.05889
2.143 -5.06152
2.143 5.06152
2.144 -5.06415
2.144 5.06415
2.145 -5.06678
2.145 5.06678
2.146 -5.06941
2.146 5.06941
2.147 -5.07205
2.147 5.07205
2.148 -5.07468
2.148 5.07468
2.149 -5.07731
2.149 5.07731
2.15 -5.07995
2.15 5.07995
2.151 -5.08258
2.151 5.08258
2.152 -5.08522
2.152 5.08522
2.153 -5.08785
2.153 5.08785
2.154 -5.09049
2.154 5.09049
2.155 -5.09313
2.155 5.09313
2.156 -5.09576
2.156 5.09576
2.157 -5.0984
2.157 5.0984
2.158 -5.10104
2.158 5.10104
2.159 -5.10368
2.159 5.10368
2.16 -5.10632
2.16 5.10632
2.161 -5.10896
2.161 5.10896
2.162 -5.1116
2.162 5.1116
2.163 -5.11424
2.163 5.11424
2.164 -5.11688
2.164 5.11688
2.165 -5.11952
2.165 5.11952
2.166 -5.12217
2.166 5.12217
2.167 -5.12481
2.167 5.12481
2.168 -5.12745
2.168 5.12745
2.169 -5.1301
2.169 5.1301
2.17 -5.13274
2.17 5.13274
2.171 -5.13538
2.171 5.13538
2.172 -5.13803
2.172 5.13803
2.173 -5.14067
2.173 5.14067
2.174 -5.14332
2.174 5.14332
2.175 -5.14597
2.175 5.14597
2.176 -5.14861
2.176 5.14861
2.177 -5.15126
2.177 5.15126
2.178 -5.15391
2.178 5.15391
2.179 -5.15656
2.179 5.15656
2.18 -5.15921
2.18 5.15921
2.181 -5.16186
2.181 5.16186
2.182 -5.16451
2.182 5.16451
2.183 -5.16716
2.183 5.16716
2.184 -5.16981
2.184 5.16981
2.185 -5.17246
2.185 5.17246
2.186 -5.17511
2.186 5.17511
2.187 -5.17777
2.187 5.17777
2.188 -5.18042
2.188 5.18042
2.189 -5.18307
2.189 5.18307
2.19 -5.18573
2.19 5.18573
2.191 -5.18838
2.191 5.18838
2.192 -5.19104
2.192 5.19104
2.193 -5.19369
2.193 5.19369
2.194 -5.19635
2.194 5.19635
2.195 -5.199
2.195 5.199
2.196 -5.20166
2.196 5.20166
2.197 -5.20432
2.197 5.20432
2.198 -5.20698
2.198 5.20698
2.199 -5.20963
2.199 5.20963
2.2 -5.21229
2.2 5.21229
2.201 -5.21495
2.201 5.21495
2.202 -5.21761
2.202 5.21761
2.203 -5.22027
2.203 5.22027
2.204 -5.22293
2.204 5.22293
2.205 -5.22559
2.205 5.22559
2.206 -5.22826
2.206 5.22826
2.207 -5.23092
2.207 5.23092
2.208 -5.23358
2.208 5.23358
2.209 -5.23624
2.209 5.23624
2.21 -5.23891
2.21 5.23891
2.211 -5.24157
2.211 5.24157
2.212 -5.24424
2.212 5.24424
2.213 -5.2469
2.213 5.2469
2.214 -5.24957
2.214 5.24957
2.215 -5.25223
2.215 5.25223
2.216 -5.2549
2.216 5.2549
2.217 -5.25757
2.217 5.25757
2.218 -5.26024
2.218 5.26024
2.219 -5.2629
2.219 5.2629
2.22 -5.26557
2.22 5.26557
2.221 -5.26824
2.221 5.26824
2.222 -5.27091
2.222 5.27091
2.223 -5.27358
2.223 5.27358
2.224 -5.27625
2.224 5.27625
2.225 -5.27892
2.225 5.27892
2.226 -5.28159
2.226 5.28159
2.227 -5.28427
2.227 5.28427
2.228 -5.28694
2.228 5.28694
2.229 -5.28961
2.229 5.28961
2.23 -5.29228
2.23 5.29228
2.231 -5.29496
2.231 5.29496
2.232 -5.29763
2.232 5.29763
2.233 -5.30031
2.233 5.30031
2.234 -5.30298
2.234 5.30298
2.235 -5.30566
2.235 5.30566
2.236 -5.30833
2.236 5.30833
2.237 -5.31101
2.237 5.31101
2.238 -5.31369
2.238 5.31369
2.239 -5.31637
2.239 5.31637
2.24 -5.31904
2.24 5.31904
2.241 -5.32172
2.241 5.32172
2.242 -5.3244
2.242 5.3244
2.243 -5.32708
2.243 5.32708
2.244 -5.32976
2.244 5.32976
2.245 -5.33244
2.245 5.33244
2.246 -5.33512
2.246 5.33512
2.247 -5.3378
2.247 5.3378
2.248 -5.34049
2.248 5.34049
2.249 -5.34317
2.249 5.34317
2.25 -5.34585
2.25 5.34585
2.251 -5.34853
2.251 5.34853
2.252 -5.35122
2.252 5.35122
2.253 -5.3539
2.253 5.3539
2.254 -5.35659
2.254 5.35659
2.255 -5.35927
2.255 5.35927
2.256 -5.36196
2.256 5.36196
2.257 -5.36464
2.257 5.36464
2.258 -5.36733
2.258 5.36733
2.259 -5.37002
2.259 5.37002
2.26 -5.37271
2.26 5.37271
2.261 -5.37539
2.261 5.37539
2.262 -5.37808
2.262 5.37808
2.263 -5.38077
2.263 5.38077
2.264 -5.38346
2.264 5.38346
2.265 -5.38615
2.265 5.38615
2.266 -5.38884
2.266 5.38884
2.267 -5.39153
2.267 5.39153
2.268 -5.39423
2.268 5.39423
2.269 -5.39692
2.269 5.39692
2.27 -5.39961
2.27 5.39961
2.271 -5.4023
2.271 5.4023
2.272 -5.405
2.272 5.405
2.273 -5.40769
2.273 5.40769
2.274 -5.41038
2.274 5.41038
2.275 -5.41308
2.275 5.41308
2.276 -5.41577
2.276 5.41577
2.277 -5.41847
2.277 5.41847
2.278 -5.42117
2.278 5.42117
2.279 -5.42386
2.279 5.42386
2.28 -5.42656
2.28 5.42656
2.281 -5.42926
2.281 5.42926
2.282 -5.43196
2.282 5.43196
2.283 -5.43465
2.283 5.43465
2.284 -5.43735
2.284 5.43735
2.285 -5.44005
2.285 5.44005
2.286 -5.44275
2.286 5.44275
2.287 -5.44545
2.287 5.44545
2.288 -5.44815
2.288 5.44815
2.289 -5.45086
2.289 5.45086
2.29 -5.45356
2.29 5.45356
2.291 -5.45626
2.291 5.45626
2.292 -5.45896
2.292 5.45896
2.293 -5.46167
2.293 5.46167
2.294 -5.46437
2.294 5.46437
2.295 -5.46707
2.295 5.46707
2.296 -5.46978
2.296 5.46978
2.297 -5.47248
2.297 5.47248
2.298 -5.47519
2.298 5.47519
2.299 -5.4779
2.299 5.4779
2.3 -5.4806
2.3 5.4806
2.301 -5.48331
2.301 5.48331
2.302 -5.48602
2.302 5.48602
2.303 -5.48872
2.303 5.48872
2.304 -5.49143
2.304 5.49143
2.305 -5.49414
2.305 5.49414
2.306 -5.49685
2.306 5.49685
2.307 -5.49956
2.307 5.49956
2.308 -5.50227
2.308 5.50227
2.309 -5.50498
2.309 5.50498
2.31 -5.50769
2.31 5.50769
2.311 -5.51041
2.311 5.51041
2.312 -5.51312
2.312 5.51312
2.313 -5.51583
2.313 5.51583
2.314 -5.51854
2.314 5.51854
2.315 -5.52126
2.315 5.52126
2.316 -5.52397
2.316 5.52397
2.317 -5.52669
2.317 5.52669
2.318 -5.5294
2.318 5.5294
2.319 -5.53212
2.319 5.53212
2.32 -5.53483
2.32 5.53483
2.321 -5.53755
2.321 5.53755
2.322 -5.54027
2.322 5.54027
2.323 -5.54298
2.323 5.54298
2.324 -5.5457
2.324 5.5457
2.325 -5.54842
2.325 5.54842
2.326 -5.55114
2.326 5.55114
2.327 -5.55386
2.327 5.55386
2.328 -5.55658
2.328 5.55658
2.329 -5.5593
2.329 5.5593
2.33 -5.56202
2.33 5.56202
2.331 -5.56474
2.331 5.56474
2.332 -5.56746
2.332 5.56746
2.333 -5.57018
2.333 5.57018
2.334 -5.5729
2.334 5.5729
2.335 -5.57563
2.335 5.57563
2.336 -5.57835
2.336 5.57835
2.337 -5.58107
2.337 5.58107
2.338 -5.5838
2.338 5.5838
2.339 -5.58652
2.339 5.58652
2.34 -5.58925
2.34 5.58925
2.341 -5.59197
2.341 5.59197
2.342 -5.5947
2.342 5.5947
2.343 -5.59743
2.343 5.59743
2.344 -5.60015
2.344 5.60015
2.345 -5.60288
2.345 5.60288
2.346 -5.60561
2.346 5.60561
2.347 -5.60834
2.347 5.60834
2.348 -5.61107
2.348 5.61107
2.349 -5.6138
2.349 5.6138
2.35 -5.61653
2.35 5.61653
2.351 -5.61926
2.351 5.61926
2.352 -5.62199
2.352 5.62199
2.353 -5.62472
2.353 5.62472
2.354 -5.62745
2.354 5.62745
2.355 -5.63018
2.355 5.63018
2.356 -5.63292
2.356 5.63292
2.357 -5.63565
2.357 5.63565
2.358 -5.63838
2.358 5.63838
2.359 -5.64112
2.359 5.64112
2.36 -5.64385
2.36 5.64385
2.361 -5.64659
2.361 5.64659
2.362 -5.64932
2.362 5.64932
2.363 -5.65206
2.363 5.65206
2.364 -5.65479
2.364 5.65479
2.365 -5.65753
2.365 5.65753
2.366 -5.66027
2.366 5.66027
2.367 -5.66301
2.367 5.66301
2.368 -5.66574
2.368 5.66574
2.369 -5.66848
2.369 5.66848
2.37 -5.67122
2.37 5.67122
2.371 -5.67396
2.371 5.67396
2.372 -5.6767
2.372 5.6767
2.373 -5.67944
2.373 5.67944
2.374 -5.68218
2.374 5.68218
2.375 -5.68492
2.375 5.68492
2.376 -5.68767
2.376 5.68767
2.377 -5.69041
2.377 5.69041
2.378 -5.69315
2.378 5.69315
2.379 -5.69589
2.379 5.69589
2.38 -5.69864
2.38 5.69864
2.381 -5.70138
2.381 5.70138
2.382 -5.70413
2.382 5.70413
2.383 -5.70687
2.383 5.70687
2.384 -5.70962
2.384 5.70962
2.385 -5.71236
2.385 5.71236
2.386 -5.71511
2.386 5.71511
2.387 -5.71786
2.387 5.71786
2.388 -5.7206
2.388 5.7206
2.389 -5.72335
2.389 5.72335
2.39 -5.7261
2.39 5.7261
2.391 -5.72885
2.391 5.72885
2.392 -5.7316
2.392 5.7316
2.393 -5.73435
2.393 5.73435
2.394 -5.7371
2.394 5.7371
2.395 -5.73985
2.395 5.73985
2.396 -5.7426
2.396 5.7426
2.397 -5.74535
2.397 5.74535
2.398 -5.7481
2.398 5.7481
2.399 -5.75085
2.399 5.75085
2.4 -5.75361
2.4 5.75361
2.401 -5.75636
2.401 5.75636
2.402 -5.75911
2.402 5.75911
2.403 -5.76187
2.403 5.76187
2.404 -5.76462
2.404 5.76462
2.405 -5.76738
2.405 5.76738
2.406 -5.77013
2.406 5.77013
2.407 -5.77289
2.407 5.77289
2.408 -5.77565
2.408 5.77565
2.409 -5.7784
2.409 5.7784
2.41 -5.78116
2.41 5.78116
2.411 -5.78392
2.411 5.78392
2.412 -5.78668
2.412 5.78668
2.413 -5.78944
2.413 5.78944
2.414 -5.79219
2.414 5.79219
2.415 -5.79495
2.415 5.79495
2.416 -5.79771
2.416 5.79771
2.417 -5.80048
2.417 5.80048
2.418 -5.80324
2.418 5.80324
2.419 -5.806
2.419 5.806
2.42 -5.80876
2.42 5.80876
2.421 -5.81152
2.421 5.81152
2.422 -5.81428
2.422 5.81428
2.423 -5.81705
2.423 5.81705
2.424 -5.81981
2.424 5.81981
2.425 -5.82258
2.425 5.82258
2.426 -5.82534
2.426 5.82534
2.427 -5.82811
2.427 5.82811
2.428 -5.83087
2.428 5.83087
2.429 -5.83364
2.429 5.83364
2.43 -5.8364
2.43 5.8364
2.431 -5.83917
2.431 5.83917
2.432 -5.84194
2.432 5.84194
2.433 -5.84471
2.433 5.84471
2.434 -5.84747
2.434 5.84747
2.435 -5.85024
2.435 5.85024
2.436 -5.85301
2.436 5.85301
2.437 -5.85578
2.437 5.85578
2.438 -5.85855
2.438 5.85855
2.439 -5.86132
2.439 5.86132
2.44 -5.86409
2.44 5.86409
2.441 -5.86686
2.441 5.86686
2.442 -5.86964
2.442 5.86964
2.443 -5.87241
2.443 5.87241
2.444 -5.87518
2.444 5.87518
2.445 -5.87795
2.445 5.87795
2.446 -5.88073
2.446 5.88073
2.447 -5.8835
2.447 5.8835
2.448 -5.88628
2.448 5.88628
2.449 -5.88905
2.449 5.88905
2.45 -5.89183
2.45 5.89183
2.451 -5.8946
2.451 5.8946
2.452 -5.89738
2.452 5.89738
2.453 -5.90016
2.453 5.90016
2.454 -5.90293
2.454 5.90293
2.455 -5.90571
2.455 5.90571
2.456 -5.90849
2.456 5.90849
2.457 -5.91127
2.457 5.91127
2.458 -5.91405
2.458 5.91405
2.459 -5.91683
2.459 5.91683
2.46 -5.91961
2.46 5.91961
2.461 -5.92239
2.461 5.92239
2.462 -5.92517
2.462 5.92517
2.463 -5.92795
2.463 5.92795
2.464 -5.93073
2.464 5.93073
2.465 -5.93351
2.465 5.93351
2.466 -5.9363
2.466 5.9363
2.467 -5.93908
2.467 5.93908
2.468 -5.94186
2.468 5.94186
2.469 -5.94465
2.469 5.94465
2.47 -5.94743
2.47 5.94743
2.471 -5.95021
2.471 5.95021
2.472 -5.953
2.472 5.953
2.473 -5.95579
2.473 5.95579
2.474 -5.95857
2.474 5.95857
2.475 -5.96136
2.475 5.96136
2.476 -5.96415
2.476 5.96415
2.477 -5.96693
2.477 5.96693
2.478 -5.96972
2.478 5.96972
2.479 -5.97251
2.479 5.97251
2.48 -5.9753
2.48 5.9753
2.481 -5.97809
2.481 5.97809
2.482 -5.98088
2.482 5.98088
2.483 -5.98367
2.483 5.98367
2.484 -5.98646
2.484 5.98646
2.485 -5.98925
2.485 5.98925
2.486 -5.99204
2.486 5.99204
2.487 -5.99483
2.487 5.99483
2.488 -5.99763
2.488 5.99763
2.489 -6.00042
2.489 6.00042
2.49 -6.00321
2.49 6.00321
2.491 -6.00601
2.491 6.00601
2.492 -6.0088
2.492 6.0088
2.493 -6.01159
2.493 6.01159
2.494 -6.01439
2.494 6.01439
2.495 -6.01718
2.495 6.01718
2.496 -6.01998
2.496 6.01998
2.497 -6.02278
2.497 6.02278
2.498 -6.02557
2.498 6.02557
2.499 -6.02837
2.499 6.02837
2.5 -6.03117
2.5 6.03117
2.501 -6.03397
2.501 6.03397
2.502 -6.03677
2.502 6.03677
2.503 -6.03956
2.503 6.03956
2.504 -6.04236
2.504 6.04236
2.505 -6.04516
2.505 6.04516
2.506 -6.04796
2.506 6.04796
2.507 -6.05077
2.507 6.05077
2.508 -6.05357
2.508 6.05357
2.509 -6.05637
2.509 6.05637
2.51 -6.05917
2.51 6.05917
2.511 -6.06197
2.511 6.06197
2.512 -6.06478
2.512 6.06478
2.513 -6.06758
2.513 6.06758
2.514 -6.07038
2.514 6.07038
2.515 -6.07319
2.515 6.07319
2.516 -6.07599
2.516 6.07599
2.517 -6.0788
2.517 6.0788
2.518 -6.0816
2.518 6.0816
2.519 -6.08441
2.519 6.08441
2.52 -6.08722
2.52 6.08722
2.521 -6.09002
2.521 6.09002
2.522 -6.09283
2.522 6.09283
2.523 -6.09564
2.523 6.09564
2.524 -6.09845
2.524 6.09845
2.525 -6.10126
2.525 6.10126
2.526 -6.10407
2.526 6.10407
2.527 -6.10688
2.527 6.10688
2.528 -6.10969
2.528 6.10969
2.529 -6.1125
2.529 6.1125
2.53 -6.11531
2.53 6.11531
2.531 -6.11812
2.531 6.11812
2.532 -6.12093
2.532 6.12093
2.533 -6.12374
2.533 6.12374
2.534 -6.12656
2.534 6.12656
2.535 -6.12937
2.535 6.12937
2.536 -6.13218
2.536 6.13218
2.537 -6.135
2.537 6.135
2.538 -6.13781
2.538 6.13781
2.539 -6.14063
2.539 6.14063
2.54 -6.14344
2.54 6.14344
2.541 -6.14626
2.541 6.14626
2.542 -6.14907
2.542 6.14907
2.543 -6.15189
2.543 6.15189
2.544 -6.15471
2.544 6.15471
2.545 -6.15752
2.545 6.15752
2.546 -6.16034
2.546 6.16034
2.547 -6.16316
2.547 6.16316
2.548 -6.16598
2.548 6.16598
2.549 -6.1688
2.549 6.1688
2.55 -6.17162
2.55 6.17162
2.551 -6.17444
2.551 6.17444
2.552 -6.17726
2.552 6.17726
2.553 -6.18008
2.553 6.18008
2.554 -6.1829
2.554 6.1829
2.555 -6.18572
2.555 6.18572
2.556 -6.18855
2.556 6.18855
2.557 -6.19137
2.557 6.19137
2.558 -6.19419
2.558 6.19419
2.559 -6.19702
2.559 6.19702
2.56 -6.19984
2.56 6.19984
2.561 -6.20266
2.561 6.20266
2.562 -6.20549
2.562 6.20549
2.563 -6.20831
2.563 6.20831
2.564 -6.21114
2.564 6.21114
2.565 -6.21397
2.565 6.21397
2.566 -6.21679
2.566 6.21679
2.567 -6.21962
2.567 6.21962
2.568 -6.22245
2.568 6.22245
2.569 -6.22528
2.569 6.22528
2.57 -6.22811
2.57 6.22811
2.571 -6.23093
2.571 6.23093
2.572 -6.23376
2.572 6.23376
2.573 -6.23659
2.573 6.23659
2.574 -6.23942
2.574 6.23942
2.575 -6.24225
2.575 6.24225
2.576 -6.24509
2.576 6.24509
2.577 -6.24792
2.577 6.24792
2.578 -6.25075
2.578 6.25075
2.579 -6.25358
2.579 6.25358
2.58 -6.25641
2.58 6.25641
2.581 -6.25925
2.581 6.25925
2.582 -6.26208
2.582 6.26208
2.583 -6.26491
2.583 6.26491
2.584 -6.26775
2.584 6.26775
2.585 -6.27058
2.585 6.27058
2.586 -6.27342
2.586 6.27342
2.587 -6.27626
2.587 6.27626
2.588 -6.27909
2.588 6.27909
2.589 -6.28193
2.589 6.28193
2.59 -6.28477
2.59 6.28477
2.591 -6.2876
2.591 6.2876
2.592 -6.29044
2.592 6.29044
2.593 -6.29328
2.593 6.29328
2.594 -6.29612
2.594 6.29612
2.595 -6.29896
2.595 6.29896
2.596 -6.3018
2.596 6.3018
2.597 -6.30464
2.597 6.30464
2.598 -6.30748
2.598 6.30748
2.599 -6.31032
2.599 6.31032
2.6 -6.31316
2.6 6.31316
2.601 -6.316
2.601 6.316
2.602 -6.31885
2.602 6.31885
2.603 -6.32169
2.603 6.32169
2.604 -6.32453
2.604 6.32453
2.605 -6.32737
2.605 6.32737
2.606 -6.33022
2.606 6.33022
2.607 -6.33306
2.607 6.33306
2.608 -6.33591
2.608 6.33591
2.609 -6.33875
2.609 6.33875
2.61 -6.3416
2.61 6.3416
2.611 -6.34445
2.611 6.34445
2.612 -6.34729
2.612 6.34729
2.613 -6.35014
2.613 6.35014
2.614 -6.35299
2.614 6.35299
2.615 -6.35583
2.615 6.35583
2.616 -6.35868
2.616 6.35868
2.617 -6.36153
2.617 6.36153
2.618 -6.36438
2.618 6.36438
2.619 -6.36723
2.619 6.36723
2.62 -6.37008
2.62 6.37008
2.621 -6.37293
2.621 6.37293
2.622 -6.37578
2.622 6.37578
2.623 -6.37863
2.623 6.37863
2.624 -6.38149
2.624 6.38149
2.625 -6.38434
2.625 6.38434
2.626 -6.38719
2.626 6.38719
2.627 -6.39004
2.627 6.39004
2.628 -6.3929
2.628 6.3929
2.629 -6.39575
2.629 6.39575
2.63 -6.39861
2.63 6.39861
2.631 -6.40146
2.631 6.40146
2.632 -6.40432
2.632 6.40432
2.633 -6.40717
2.633 6.40717
2.634 -6.41003
2.634 6.41003
2.635 -6.41288
2.635 6.41288
2.636 -6.41574
2.636 6.41574
2.637 -6.4186
2.637 6.4186
2.638 -6.42146
2.638 6.42146
2.639 -6.42431
2.639 6.42431
2.64 -6.42717
2.64 6.42717
2.641 -6.43003
2.641 6.43003
2.642 -6.43289
2.642 6.43289
2.643 -6.43575
2.643 6.43575
2.644 -6.43861
2.644 6.43861
2.645 -6.44147
2.645 6.44147
2.646 -6.44433
2.646 6.44433
2.647 -6.44719
2.647 6.44719
2.648 -6.45006
2.648 6.45006
2.649 -6.45292
2.649 6.45292
2.65 -6.45578
2.65 6.45578
2.651 -6.45865
2.651 6.45865
2.652 -6.46151
2.652 6.46151
2.653 -6.46437
2.653 6.46437
2.654 -6.46724
2.654 6.46724
2.655 -6.4701
2.655 6.4701
2.656 -6.47297
2.656 6.47297
2.657 -6.47583
2.657 6.47583
2.658 -6.4787
2.658 6.4787
2.659 -6.48157
2.659 6.48157
2.66 -6.48443
2.66 6.48443
2.661 -6.4873
2.661 6.4873
2.662 -6.49017
2.662 6.49017
2.663 -6.49304
2.663 6.49304
2.664 -6.49591
2.664 6.49591
2.665 -6.49878
2.665 6.49878
2.666 -6.50165
2.666 6.50165
2.667 -6.50452
2.667 6.50452
2.668 -6.50739
2.668 6.50739
2.669 -6.51026
2.669 6.51026
2.67 -6.51313
2.67 6.51313
2.671 -6.516
2.671 6.516
2.672 -6.51887
2.672 6.51887
2.673 -6.52175
2.673 6.52175
2.674 -6.52462
2.674 6.52462
2.675 -6.52749
2.675 6.52749
2.676 -6.53037
2.676 6.53037
2.677 -6.53324
2.677 6.53324
2.678 -6.53612
2.678 6.53612
2.679 -6.53899
2.679 6.53899
2.68 -6.54187
2.68 6.54187
2.681 -6.54474
2.681 6.54474
2.682 -6.54762
2.682 6.54762
2.683 -6.5505
2.683 6.5505
2.684 -6.55337
2.684 6.55337
2.685 -6.55625
2.685 6.55625
2.686 -6.55913
2.686 6.55913
2.687 -6.56201
2.687 6.56201
2.688 -6.56489
2.688 6.56489
2.689 -6.56777
2.689 6.56777
2.69 -6.57065
2.69 6.57065
2.691 -6.57353
2.691 6.57353
2.692 -6.57641
2.692 6.57641
2.693 -6.57929
2.693 6.57929
2.694 -6.58217
2.694 6.58217
2.695 -6.58505
2.695 6.58505
2.696 -6.58794
2.696 6.58794
2.697 -6.59082
2.697 6.59082
2.698 -6.5937
2.698 6.5937
2.699 -6.59659
2.699 6.59659
2.7 -6.59947
2.7 6.59947
2.701 -6.60235
2.701 6.60235
2.702 -6.60524
2.702 6.60524
2.703 -6.60812
2.703 6.60812
2.704 -6.61101
2.704 6.61101
2.705 -6.6139
2.705 6.6139
2.706 -6.61678
2.706 6.61678
2.707 -6.61967
2.707 6.61967
2.708 -6.62256
2.708 6.62256
2.709 -6.62545
2.709 6.62545
2.71 -6.62833
2.71 6.62833
2.711 -6.63122
2.711 6.63122
2.712 -6.63411
2.712 6.63411
2.713 -6.637
2.713 6.637
2.714 -6.63989
2.714 6.63989
2.715 -6.64278
2.715 6.64278
2.716 -6.64567
2.716 6.64567
2.717 -6.64856
2.717 6.64856
2.718 -6.65146
2.718 6.65146
2.719 -6.65435
2.719 6.65435
2.72 -6.65724
2.72 6.65724
2.721 -6.66013
2.721 6.66013
2.722 -6.66303
2.722 6.66303
2.723 -6.66592
2.723 6.66592
2.724 -6.66881
2.724 6.66881
2.725 -6.67171
2.725 6.67171
2.726 -6.6746
2.726 6.6746
2.727 -6.6775
2.727 6.6775
2.728 -6.6804
2.728 6.6804
2.729 -6.68329
2.729 6.68329
2.73 -6.68619
2.73 6.68619
2.731 -6.68909
2.731 6.68909
2.732 -6.69198
2.732 6.69198
2.733 -6.69488
2.733 6.69488
2.734 -6.69778
2.734 6.69778
2.735 -6.70068
2.735 6.70068
2.736 -6.70358
2.736 6.70358
2.737 -6.70648
2.737 6.70648
2.738 -6.70938
2.738 6.70938
2.739 -6.71228
2.739 6.71228
2.74 -6.71518
2.74 6.71518
2.741 -6.71808
2.741 6.71808
2.742 -6.72098
2.742 6.72098
2.743 -6.72388
2.743 6.72388
2.744 -6.72679
2.744 6.72679
2.745 -6.72969
2.745 6.72969
2.746 -6.73259
2.746 6.73259
2.747 -6.7355
2.747 6.7355
2.748 -6.7384
2.748 6.7384
2.749 -6.74131
2.749 6.74131
2.75 -6.74421
2.75 6.74421
2.751 -6.74712
2.751 6.74712
2.752 -6.75002
2.752 6.75002
2.753 -6.75293
2.753 6.75293
2.754 -6.75583
2.754 6.75583
2.755 -6.75874
2.755 6.75874
2.756 -6.76165
2.756 6.76165
2.757 -6.76456
2.757 6.76456
2.758 -6.76747
2.758 6.76747
2.759 -6.77037
2.759 6.77037
2.76 -6.77328
2.76 6.77328
2.761 -6.77619
2.761 6.77619
2.762 -6.7791
2.762 6.7791
2.763 -6.78201
2.763 6.78201
2.764 -6.78493
2.764 6.78493
2.765 -6.78784
2.765 6.78784
2.766 -6.79075
2.766 6.79075
2.767 -6.79366
2.767 6.79366
2.768 -6.79657
2.768 6.79657
2.769 -6.79949
2.769 6.79949
2.77 -6.8024
2.77 6.8024
2.771 -6.80531
2.771 6.80531
2.772 -6.80823
2.772 6.80823
2.773 -6.81114
2.773 6.81114
2.774 -6.81406
2.774 6.81406
2.775 -6.81697
2.775 6.81697
2.776 -6.81989
2.776 6.81989
2.777 -6.8228
2.777 6.8228
2.778 -6.82572
2.778 6.82572
2.779 -6.82864
2.779 6.82864
2.78 -6.83156
2.78 6.83156
2.781 -6.83447
2.781 6.83447
2.782 -6.83739
2.782 6.83739
2.783 -6.84031
2.783 6.84031
2.784 -6.84323
2.784 6.84323
2.785 -6.84615
2.785 6.84615
2.786 -6.84907
2.786 6.84907
2.787 -6.85199
2.787 6.85199
2.788 -6.85491
2.788 6.85491
2.789 -6.85783
2.789 6.85783
2.79 -6.86075
2.79 6.86075
2.791 -6.86368
2.791 6.86368
2.792 -6.8666
2.792 6.8666
2.793 -6.86952
2.793 6.86952
2.794 -6.87244
2.794 6.87244
2.795 -6.87537
2.795 6.87537
2.796 -6.87829
2.796 6.87829
2.797 -6.88122
2.797 6.88122
2.798 -6.88414
2.798 6.88414
2.799 -6.88707
2.799 6.88707
2.8 -6.88999
2.8 6.88999
2.801 -6.89292
2.801 6.89292
2.802 -6.89585
2.802 6.89585
2.803 -6.89877
2.803 6.89877
2.804 -6.9017
2.804 6.9017
2.805 -6.90463
2.805 6.90463
2.806 -6.90756
2.806 6.90756
2.807 -6.91048
2.807 6.91048
2.808 -6.91341
2.808 6.91341
2.809 -6.91634
2.809 6.91634
2.81 -6.91927
2.81 6.91927
2.811 -6.9222
2.811 6.9222
2.812 -6.92513
2.812 6.92513
2.813 -6.92807
2.813 6.92807
2.814 -6.931
2.814 6.931
2.815 -6.93393
2.815 6.93393
2.816 -6.93686
2.816 6.93686
2.817 -6.93979
2.817 6.93979
2.818 -6.94273
2.818 6.94273
2.819 -6.94566
2.819 6.94566
2.82 -6.94859
2.82 6.94859
2.821 -6.95153
2.821 6.95153
2.822 -6.95446
2.822 6.95446
2.823 -6.9574
2.823 6.9574
2.824 -6.96033
2.824 6.96033
2.825 -6.96327
2.825 6.96327
2.826 -6.96621
2.826 6.96621
2.827 -6.96914
2.827 6.96914
2.828 -6.97208
2.828 6.97208
2.829 -6.97502
2.829 6.97502
2.83 -6.97796
2.83 6.97796
2.831 -6.9809
2.831 6.9809
2.832 -6.98383
2.832 6.98383
2.833 -6.98677
2.833 6.98677
2.834 -6.98971
2.834 6.98971
2.835 -6.99265
2.835 6.99265
2.836 -6.99559
2.836 6.99559
2.837 -6.99854
2.837 6.99854
2.838 -7.00148
2.838 7.00148
2.839 -7.00442
2.839 7.00442
2.84 -7.00736
2.84 7.00736
2.841 -7.0103
2.841 7.0103
2.842 -7.01325
2.842 7.01325
2.843 -7.01619
2.843 7.01619
2.844 -7.01913
2.844 7.01913
2.845 -7.02208
2.845 7.02208
2.846 -7.02502
2.846 7.02502
2.847 -7.02797
2.847 7.02797
2.848 -7.03091
2.848 7.03091
2.849 -7.03386
2.849 7.03386
2.85 -7.03681
2.85 7.03681
2.851 -7.03975
2.851 7.03975
2.852 -7.0427
2.852 7.0427
2.853 -7.04565
2.853 7.04565
2.854 -7.04859
2.854 7.04859
2.855 -7.05154
2.855 7.05154
2.856 -7.05449
2.856 7.05449
2.857 -7.05744
2.857 7.05744
2.858 -7.06039
2.858 7.06039
2.859 -7.06334
2.859 7.06334
2.86 -7.06629
2.86 7.06629
2.861 -7.06924
2.861 7.06924
2.862 -7.07219
2.862 7.07219
2.863 -7.07514
2.863 7.07514
2.864 -7.0781
2.864 7.0781
2.865 -7.08105
2.865 7.08105
2.866 -7.084
2.866 7.084
2.867 -7.08695
2.867 7.08695
2.868 -7.08991
2.868 7.08991
2.869 -7.09286
2.869 7.09286
2.87 -7.09582
2.87 7.09582
2.871 -7.09877
2.871 7.09877
2.872 -7.10173
2.872 7.10173
2.873 -7.10468
2.873 7.10468
2.874 -7.10764
2.874 7.10764
2.875 -7.11059
2.875 7.11059
2.876 -7.11355
2.876 7.11355
2.877 -7.11651
2.877 7.11651
2.878 -7.11947
2.878 7.11947
2.879 -7.12242
2.879 7.12242
2.88 -7.12538
2.88 7.12538
2.881 -7.12834
2.881 7.12834
2.882 -7.1313
2.882 7.1313
2.883 -7.13426
2.883 7.13426
2.884 -7.13722
2.884 7.13722
2.885 -7.14018
2.885 7.14018
2.886 -7.14314
2.886 7.14314
2.887 -7.1461
2.887 7.1461
2.888 -7.14906
2.888 7.14906
2.889 -7.15203
2.889 7.15203
2.89 -7.15499
2.89 7.15499
2.891 -7.15795
2.891 7.15795
2.892 -7.16092
2.892 7.16092
2.893 -7.16388
2.893 7.16388
2.894 -7.16684
2.894 7.16684
2.895 -7.16981
2.895 7.16981
2.896 -7.17277
2.896 7.17277
2.897 -7.17574
2.897 7.17574
2.898 -7.1787
2.898 7.1787
2.899 -7.18167
2.899 7.18167
2.9 -7.18464
2.9 7.18464
2.901 -7.1876
2.901 7.1876
2.902 -7.19057
2.902 7.19057
2.903 -7.19354
2.903 7.19354
2.904 -7.19651
2.904 7.19651
2.905 -7.19948
2.905 7.19948
2.906 -7.20244
2.906 7.20244
2.907 -7.20541
2.907 7.20541
2.908 -7.20838
2.908 7.20838
2.909 -7.21135
2.909 7.21135
2.91 -7.21432
2.91 7.21432
2.911 -7.21729
2.911 7.21729
2.912 -7.22027
2.912 7.22027
2.913 -7.22324
2.913 7.22324
2.914 -7.22621
2.914 7.22621
2.915 -7.22918
2.915 7.22918
2.916 -7.23216
2.916 7.23216
2.917 -7.23513
2.917 7.23513
2.918 -7.2381
2.918 7.2381
2.919 -7.24108
2.919 7.24108
2.92 -7.24405
2.92 7.24405
2.921 -7.24703
2.921 7.24703
2.922 -7.25
2.922 7.25
2.923 -7.25298
2.923 7.25298
2.924 -7.25595
2.924 7.25595
2.925 -7.25893
2.925 7.25893
2.926 -7.26191
2.926 7.26191
2.927 -7.26489
2.927 7.26489
2.928 -7.26786
2.928 7.26786
2.929 -7.27084
2.929 7.27084
2.93 -7.27382
2.93 7.27382
2.931 -7.2768
2.931 7.2768
2.932 -7.27978
2.932 7.27978
2.933 -7.28276
2.933 7.28276
2.934 -7.28574
2.934 7.28574
2.935 -7.28872
2.935 7.28872
2.936 -7.2917
2.936 7.2917
2.937 -7.29468
2.937 7.29468
2.938 -7.29766
2.938 7.29766
2.939 -7.30065
2.939 7.30065
2.94 -7.30363
2.94 7.30363
2.941 -7.30661
2.941 7.30661
2.942 -7.30959
2.942 7.30959
2.943 -7.31258
2.943 7.31258
2.944 -7.31556
2.944 7.31556
2.945 -7.31855
2.945 7.31855
2.946 -7.32153
2.946 7.32153
2.947 -7.32452
2.947 7.32452
2.948 -7.3275
2.948 7.3275
2.949 -7.33049
2.949 7.33049
2.95 -7.33348
2.95 7.33348
2.951 -7.33646
2.951 7.33646
2.952 -7.33945
2.952 7.33945
2.953 -7.34244
2.953 7.34244
2.954 -7.34543
2.954 7.34543
2.955 -7.34842
2.955 7.34842
2.956 -7.3514
2.956 7.3514
2.957 -7.35439
2.957 7.35439
2.958 -7.35738
2.958 7.35738
2.959 -7.36037
2.959 7.36037
2.96 -7.36336
2.96 7.36336
2.961 -7.36636
2.961 7.36636
2.962 -7.36935
2.962 7.36935
2.963 -7.37234
2.963 7.37234
2.964 -7.37533
2.964 7.37533
2.965 -7.37832
2.965 7.37832
2.966 -7.38132
2.966 7.38132
2.967 -7.38431
2.967 7.38431
2.968 -7.3873
2.968 7.3873
2.969 -7.3903
2.969 7.3903
2.97 -7.39329
2.97 7.39329
2.971 -7.39629
2.971 7.39629
2.972 -7.39928
2.972 7.39928
2.973 -7.40228
2.973 7.40228
2.974 -7.40527
2.974 7.40527
2.975 -7.40827
2.975 7.40827
2.976 -7.41127
2.976 7.41127
2.977 -7.41427
2.977 7.41427
2.978 -7.41726
2.978 7.41726
2.979 -7.42026
2.979 7.42026
2.98 -7.42326
2.98 7.42326
2.981 -7.42626
2.981 7.42626
2.982 -7.42926
2.982 7.42926
2.983 -7.43226
2.983 7.43226
2.984 -7.43526
2.984 7.43526
2.985 -7.43826
2.985 7.43826
2.986 -7.44126
2.986 7.44126
2.987 -7.44426
2.987 7.44426
2.988 -7.44726
2.988 7.44726
2.989 -7.45027
2.989 7.45027
2.99 -7.45327
2.99 7.45327
2.991 -7.45627
2.991 7.45627
2.992 -7.45927
2.992 7.45927
2.993 -7.46228
2.993 7.46228
2.994 -7.46528
2.994 7.46528
2.995 -7.46829
2.995 7.46829
2.996 -7.47129
2.996 7.47129
2.997 -7.4743
2.997 7.4743
2.998 -7.4773
2.998 7.4773
2.999 -7.48031
2.999 7.48031
3 -7.48331
3 7.48331
3.001 -7.48632
3.001 7.48632
3.002 -7.48933
3.002 7.48933
3.003 -7.49234
3.003 7.49234
3.004 -7.49534
3.004 7.49534
3.005 -7.49835
3.005 7.49835
3.006 -7.50136
3.006 7.50136
3.007 -7.50437
3.007 7.50437
3.008 -7.50738
3.008 7.50738
3.009 -7.51039
3.009 7.51039
3.01 -7.5134
3.01 7.5134
3.011 -7.51641
3.011 7.51641
3.012 -7.51942
3.012 7.51942
3.013 -7.52244
3.013 7.52244
3.014 -7.52545
3.014 7.52545
3.015 -7.52846
3.015 7.52846
3.016 -7.53147
3.016 7.53147
3.017 -7.53449
3.017 7.53449
3.018 -7.5375
3.018 7.5375
3.019 -7.54051
3.019 7.54051
3.02 -7.54353
3.02 7.54353
3.021 -7.54654
3.021 7.54654
3.022 -7.54956
3.022 7.54956
3.023 -7.55257
3.023 7.55257
3.024 -7.55559
3.024 7.55559
3.025 -7.55861
3.025 7.55861
3.026 -7.56162
3.026 7.56162
3.027 -7.56464
3.027 7.56464
3.028 -7.56766
3.028 7.56766
3.029 -7.57067
3.029 7.57067
3.03 -7.57369
3.03 7.57369
3.031 -7.57671
3.031 7.57671
3.032 -7.57973
3.032 7.57973
3.033 -7.58275
3.033 7.58275
3.034 -7.58577
3.034 7.58577
3.035 -7.58879
3.035 7.58879
3.036 -7.59181
3.036 7.59181
3.037 -7.59483
3.037 7.59483
3.038 -7.59785
3.038 7.59785
3.039 -7.60088
3.039 7.60088
3.04 -7.6039
3.04 7.6039
3.041 -7.60692
3.041 7.60692
3.042 -7.60994
3.042 7.60994
3.043 -7.61297
3.043 7.61297
3.044 -7.61599
3.044 7.61599
3.045 -7.61902
3.045 7.61902
3.046 -7.62204
3.046 7.62204
3.047 -7.62506
3.047 7.62506
3.048 -7.62809
3.048 7.62809
3.049 -7.63112
3.049 7.63112
3.05 -7.63414
3.05 7.63414
3.051 -7.63717
3.051 7.63717
3.052 -7.6402
3.052 7.6402
3.053 -7.64322
3.053 7.64322
3.054 -7.64625
3.054 7.64625
3.055 -7.64928
3.055 7.64928
3.056 -7.65231
3.056 7.65231
3.057 -7.65534
3.057 7.65534
3.058 -7.65837
3.058 7.65837
3.059 -7.6614
3.059 7.6614
3.06 -7.66443
3.06 7.66443
3.061 -7.66746
3.061 7.66746
3.062 -7.67049
3.062 7.67049
3.063 -7.67352
3.063 7.67352
3.064 -7.67655
3.064 7.67655
3.065 -7.67958
3.065 7.67958
3.066 -7.68261
3.066 7.68261
3.067 -7.68565
3.067 7.68565
3.068 -7.68868
3.068 7.68868
3.069 -7.69171
3.069 7.69171
3.07 -7.69475
3.07 7.69475
3.071 -7.69778
3.071 7.69778
3.072 -7.70082
3.072 7.70082
3.073 -7.70385
3.073 7.70385
3.074 -7.70689
3.074 7.70689
3.075 -7.70992
3.075 7.70992
3.076 -7.71296
3.076 7.71296
3.077 -7.716
3.077 7.716
3.078 -7.71903
3.078 7.71903
3.079 -7.72207
3.079 7.72207
3.08 -7.72511
3.08 7.72511
3.081 -7.72815
3.081 7.72815
3.082 -7.73119
3.082 7.73119
3.083 -7.73423
3.083 7.73423
3.084 -7.73726
3.084 7.73726
3.085 -7.7403
3.085 7.7403
3.086 -7.74334
3.086 7.74334
3.087 -7.74639
3.087 7.74639
3.088 -7.74943
3.088 7.74943
3.089 -7.75247
3.089 7.75247
3.09 -7.75551
3.09 7.75551
3.091 -7.75855
3.091 7.75855
3.092 -7.76159
3.092 7.76159
3.093 -7.76464
3.093 7.76464
3.094 -7.76768
3.094 7.76768
3.095 -7.77072
3.095 7.77072
3.096 -7.77377
3.096 7.77377
3.097 -7.77681
3.097 7.77681
3.098 -7.77986
3.098 7.77986
3.099 -7.7829
3.099 7.7829
3.1 -7.78595
3.1 7.78595
3.101 -7.78899
3.101 7.78899
3.102 -7.79204
3.102 7.79204
3.103 -7.79509
3.103 7.79509
3.104 -7.79814
3.104 7.79814
3.105 -7.80118
3.105 7.80118
3.106 -7.80423
3.106 7.80423
3.107 -7.80728
3.107 7.80728
3.108 -7.81033
3.108 7.81033
3.109 -7.81338
3.109 7.81338
3.11 -7.81643
3.11 7.81643
3.111 -7.81948
3.111 7.81948
3.112 -7.82253
3.112 7.82253
3.113 -7.82558
3.113 7.82558
3.114 -7.82863
3.114 7.82863
3.115 -7.83168
3.115 7.83168
3.116 -7.83473
3.116 7.83473
3.117 -7.83778
3.117 7.83778
3.118 -7.84084
3.118 7.84084
3.119 -7.84389
3.119 7.84389
3.12 -7.84694
3.12 7.84694
3.121 -7.85
3.121 7.85
3.122 -7.85305
3.122 7.85305
3.123 -7.85611
3.123 7.85611
3.124 -7.85916
3.124 7.85916
3.125 -7.86222
3.125 7.86222
3.126 -7.86527
3.126 7.86527
3.127 -7.86833
3.127 7.86833
3.128 -7.87139
3.128 7.87139
3.129 -7.87444
3.129 7.87444
3.13 -7.8775
3.13 7.8775
3.131 -7.88056
3.131 7.88056
3.132 -7.88362
3.132 7.88362
3.133 -7.88667
3.133 7.88667
3.134 -7.88973
3.134 7.88973
3.135 -7.89279
3.135 7.89279
3.136 -7.89585
3.136 7.89585
3.137 -7.89891
3.137 7.89891
3.138 -7.90197
3.138 7.90197
3.139 -7.90503
3.139 7.90503
3.14 -7.90809
3.14 7.90809
3.141 -7.91116
3.141 7.91116
3.142 -7.91422
3.142 7.91422
3.143 -7.91728
3.143 7.91728
3.144 -7.92034
3.144 7.92034
3.145 -7.92341
3.145 7.92341
3.146 -7.92647
3.146 7.92647
3.147 -7.92953
3.147 7.92953
3.148 -7.9326
3.148 7.9326
3.149 -7.93566
3.149 7.93566
3.15 -7.93873
3.15 7.93873
3.151 -7.94179
3.151 7.94179
3.152 -7.94486
3.152 7.94486
3.153 -7.94792
3.153 7.94792
3.154 -7.95099
3.154 7.95099
3.155 -7.95406
3.155 7.95406
3.156 -7.95712
3.156 7.95712
3.157 -7.96019
3.157 7.96019
3.158 -7.96326
3.158 7.96326
3.159 -7.96633
3.159 7.96633
3.16 -7.9694
3.16 7.9694
3.161 -7.97247
3.161 7.97247
3.162 -7.97554
3.162 7.97554
3.163 -7.97861
3.163 7.97861
3.164 -7.98168
3.164 7.98168
3.165 -7.98475
3.165 7.98475
3.166 -7.98782
3.166 7.98782
3.167 -7.99089
3.167 7.99089
3.168 -7.99396
3.168 7.99396
3.169 -7.99703
3.169 7.99703
3.17 -8.00011
3.17 8.00011
3.171 -8.00318
3.171 8.00318
3.172 -8.00625
3.172 8.00625
3.173 -8.00933
3.173 8.00933
3.174 -8.0124
3.174 8.0124
3.175 -8.01548
3.175 8.01548
3.176 -8.01855
3.176 8.01855
3.177 -8.02163
3.177 8.02163
3.178 -8.0247
3.178 8.0247
3.179 -8.02778
3.179 8.02778
3.18 -8.03085
3.18 8.03085
3.181 -8.03393
3.181 8.03393
3.182 -8.03701
3.182 8.03701
3.183 -8.04009
3.183 8.04009
3.184 -8.04316
3.184 8.04316
3.185 -8.04624
3.185 8.04624
3.186 -8.04932
3.186 8.04932
3.187 -8.0524
3.187 8.0524
3.188 -8.05548
3.188 8.05548
3.189 -8.05856
3.189 8.05856
3.19 -8.06164
3.19 8.06164
3.191 -8.06472
3.191 8.06472
3.192 -8.0678
3.192 8.0678
3.193 -8.07088
3.193 8.07088
3.194 -8.07397
3.194 8.07397
3.195 -8.07705
3.195 8.07705
3.196 -8.08013
3.196 8.08013
3.197 -8.08321
3.197 8.08321
3.198 -8.0863
3.198 8.0863
3.199 -8.08938
3.199 8.08938
3.2 -8.09247
3.2 8.09247
3.201 -8.09555
3.201 8.09555
3.202 -8.09864
3.202 8.09864
3.203 -8.10172
3.203 8.10172
3.204 -8.10481
3.204 8.10481
3.205 -8.10789
3.205 8.10789
3.206 -8.11098
3.206 8.11098
3.207 -8.11407
3.207 8.11407
3.208 -8.11715
3.208 8.11715
3.209 -8.12024
3.209 8.12024
3.21 -8.12333
3.21 8.12333
3.211 -8.12642
3.211 8.12642
3.212 -8.12951
3.212 8.12951
3.213 -8.13259
3.213 8.13259
3.214 -8.13568
3.214 8.13568
3.215 -8.13877
3.215 8.13877
3.216 -8.14186
3.216 8.14186
3.217 -8.14495
3.217 8.14495
3.218 -8.14805
3.218 8.14805
3.219 -8.15114
3.219 8.15114
3.22 -8.15423
3.22 8.15423
3.221 -8.15732
3.221 8.15732
3.222 -8.16041
3.222 8.16041
3.223 -8.16351
3.223 8.16351
3.224 -8.1666
3.224 8.1666
3.225 -8.16969
3.225 8.16969
3.226 -8.17279
3.226 8.17279
3.227 -8.17588
3.227 8.17588
3.228 -8.17898
3.228 8.17898
3.229 -8.18207
3.229 8.18207
3.23 -8.18517
3.23 8.18517
3.231 -8.18826
3.231 8.18826
3.232 -8.19136
3.232 8.19136
3.233 -8.19446
3.233 8.19446
3.234 -8.19755
3.234 8.19755
3.235 -8.20065
3.235 8.20065
3.236 -8.20375
3.236 8.20375
3.237 -8.20685
3.237 8.20685
3.238 -8.20995
3.238 8.20995
3.239 -8.21304
3.239 8.21304
3.24 -8.21614
3.24 8.21614
3.241 -8.21924
3.241 8.21924
3.242 -8.22234
3.242 8.22234
3.243 -8.22544
3.243 8.22544
3.244 -8.22855
3.244 8.22855
3.245 -8.23165
3.245 8.23165
3.246 -8.23475
3.246 8.23475
3.247 -8.23785
3.247 8.23785
3.248 -8.24095
3.248 8.24095
3.249 -8.24406
3.249 8.24406
3.25 -8.24716
3.25 8.24716
3.251 -8.25026
3.251 8.25026
3.252 -8.25337
3.252 8.25337
3.253 -8.25647
3.253 8.25647
3.254 -8.25957
3.254 8.25957
3.255 -8.26268
3.255 8.26268
3.256 -8.26579
3.256 8.26579
3.257 -8.26889
3.257 8.26889
3.258 -8.272
3.258 8.272
3.259 -8.2751
3.259 8.2751
3.26 -8.27821
3.26 8.27821
3.261 -8.28132
3.261 8.28132
3.262 -8.28443
3.262 8.28443
3.263 -8.28753
3.263 8.28753
3.264 -8.29064
3.264 8.29064
3.265 -8.29375
3.265 8.29375
3.266 -8.29686
3.266 8.29686
3.267 -8.29997
3.267 8.29997
3.268 -8.30308
3.268 8.30308
3.269 -8.30619
3.269 8.30619
3.27 -8.3093
3.27 8.3093
3.271 -8.31241
3.271 8.31241
3.272 -8.31552
3.272 8.31552
3.273 -8.31864
3.273 8.31864
3.274 -8.32175
3.274 8.32175
3.275 -8.32486
3.275 8.32486
3.276 -8.32797
3.276 8.32797
3.277 -8.33109
3.277 8.33109
3.278 -8.3342
3.278 8.3342
3.279 -8.33731
3.279 8.33731
3.28 -8.34043
3.28 8.34043
3.281 -8.34354
3.281 8.34354
3.282 -8.34666
3.282 8.34666
3.283 -8.34977
3.283 8.34977
3.284 -8.35289
3.284 8.35289
3.285 -8.35601
3.285 8.35601
3.286 -8.35912
3.286 8.35912
3.287 -8.36224
3.287 8.36224
3.288 -8.36536
3.288 8.36536
3.289 -8.36848
3.289 8.36848
3.29 -8.37159
3.29 8.37159
3.291 -8.37471
3.291 8.37471
3.292 -8.37783
3.292 8.37783
3.293 -8.38095
3.293 8.38095
3.294 -8.38407
3.294 8.38407
3.295 -8.38719
3.295 8.38719
3.296 -8.39031
3.296 8.39031
3.297 -8.39343
3.297 8.39343
3.298 -8.39655
3.298 8.39655
3.299 -8.39968
3.299 8.39968
3.3 -8.4028
3.3 8.4028
3.301 -8.40592
3.301 8.40592
3.302 -8.40904
3.302 8.40904
3.303 -8.41217
3.303 8.41217
3.304 -8.41529
3.304 8.41529
3.305 -8.41841
3.305 8.41841
3.306 -8.42154
3.306 8.42154
3.307 -8.42466
3.307 8.42466
3.308 -8.42779
3.308 8.42779
3.309 -8.43091
3.309 8.43091
3.31 -8.43404
3.31 8.43404
3.311 -8.43716
3.311 8.43716
3.312 -8.44029
3.312 8.44029
3.313 -8.44342
3.313 8.44342
3.314 -8.44654
3.314 8.44654
3.315 -8.44967
3.315 8.44967
3.316 -8.4528
3.316 8.4528
3.317 -8.45593
3.317 8.45593
3.318 -8.45906
3.318 8.45906
3.319 -8.46219
3.319 8.46219
3.32 -8.46532
3.32 8.46532
3.321 -8.46845
3.321 8.46845
3.322 -8.47158
3.322 8.47158
3.323 -8.47471
3.323 8.47471
3.324 -8.47784
3.324 8.47784
3.325 -8.48097
3.325 8.48097
3.326 -8.4841
3.326 8.4841
3.327 -8.48723
3.327 8.48723
3.328 -8.49036
3.328 8.49036
3.329 -8.4935
3.329 8.4935
3.33 -8.49663
3.33 8.49663
3.331 -8.49976
3.331 8.49976
3.332 -8.5029
3.332 8.5029
3.333 -8.50603
3.333 8.50603
3.334 -8.50917
3.334 8.50917
3.335 -8.5123
3.335 8.5123
3.336 -8.51544
3.336 8.51544
3.337 -8.51857
3.337 8.51857
3.338 -8.52171
3.338 8.52171
3.339 -8.52485
3.339 8.52485
3.34 -8.52798
3.34 8.52798
3.341 -8.53112
3.341 8.53112
3.342 -8.53426
3.342 8.53426
3.343 -8.5374
3.343 8.5374
3.344 -8.54054
3.344 8.54054
3.345 -8.54367
3.345 8.54367
3.346 -8.54681
3.346 8.54681
3.347 -8.54995
3.347 8.54995
3.348 -8.55309
3.348 8.55309
3.349 -8.55623
3.349 8.55623
3.35 -8.55937
3.35 8.55937
3.351 -8.56251
3.351 8.56251
3.352 -8.56566
3.352 8.56566
3.353 -8.5688
3.353 8.5688
3.354 -8.57194
3.354 8.57194
3.355 -8.57508
3.355 8.57508
3.356 -8.57823
3.356 8.57823
3.357 -8.58137
3.357 8.58137
3.358 -8.58451
3.358 8.58451
3.359 -8.58766
3.359 8.58766
3.36 -8.5908
3.36 8.5908
3.361 -8.59395
3.361 8.59395
3.362 -8.59709
3.362 8.59709
3.363 -8.60024
3.363 8.60024
3.364 -8.60338
3.364 8.60338
3.365 -8.60653
3.365 8.60653
3.366 -8.60967
3.366 8.60967
3.367 -8.61282
3.367 8.61282
3.368 -8.61597
3.368 8.61597
3.369 -8.61912
3.369 8.61912
3.37 -8.62226
3.37 8.62226
3.371 -8.62541
3.371 8.62541
3.372 -8.62856
3.372 8.62856
3.373 -8.63171
3.373 8.63171
3.374 -8.63486
3.374 8.63486
3.375 -8.63801
3.375 8.63801
3.376 -8.64116
3.376 8.64116
3.377 -8.64431
3.377 8.64431
3.378 -8.64746
3.378 8.64746
3.379 -8.65061
3.379 8.65061
3.38 -8.65377
3.38 8.65377
3.381 -8.65692
3.381 8.65692
3.382 -8.66007
3.382 8.66007
3.383 -8.66322
3.383 8.66322
3.384 -8.66638
3.384 8.66638
3.385 -8.66953
3.385 8.66953
3.386 -8.67268
3.386 8.67268
3.387 -8.67584
3.387 8.67584
3.388 -8.67899
3.388 8.67899
3.389 -8.68215
3.389 8.68215
3.39 -8.6853
3.39 8.6853
3.391 -8.68846
3.391 8.68846
3.392 -8.69162
3.392 8.69162
3.393 -8.69477
3.393 8.69477
3.394 -8.69793
3.394 8.69793
3.395 -8.70109
3.395 8.70109
3.396 -8.70425
3.396 8.70425
3.397 -8.7074
3.397 8.7074
3.398 -8.71056
3.398 8.71056
3.399 -8.71372
3.399 8.71372
3.4 -8.71688
3.4 8.71688
3.401 -8.72004
3.401 8.72004
3.402 -8.7232
3.402 8.7232
3.403 -8.72636
3.403 8.72636
3.404 -8.72952
3.404 8.72952
3.405 -8.73268
3.405 8.73268
3.406 -8.73584
3.406 8.73584
3.407 -8.739
3.407 8.739
3.408 -8.74217
3.408 8.74217
3.409 -8.74533
3.409 8.74533
3.41 -8.74849
3.41 8.74849
3.411 -8.75166
3.411 8.75166
3.412 -8.75482
3.412 8.75482
3.413 -8.75798
3.413 8.75798
3.414 -8.76115
3.414 8.76115
3.415 -8.76431
3.415 8.76431
3.416 -8.76748
3.416 8.76748
3.417 -8.77064
3.417 8.77064
3.418 -8.77381
3.418 8.77381
3.419 -8.77698
3.419 8.77698
3.42 -8.78014
3.42 8.78014
3.421 -8.78331
3.421 8.78331
3.422 -8.78648
3.422 8.78648
3.423 -8.78964
3.423 8.78964
3.424 -8.79281
3.424 8.79281
3.425 -8.79598
3.425 8.79598
3.426 -8.79915
3.426 8.79915
3.427 -8.80232
3.427 8.80232
3.428 -8.80549
3.428 8.80549
3.429 -8.80866
3.429 8.80866
3.43 -8.81183
3.43 8.81183
3.431 -8.815
3.431 8.815
3.432 -8.81817
3.432 8.81817
3.433 -8.82134
3.433 8.82134
3.434 -8.82451
3.434 8.82451
3.435 -8.82768
3.435 8.82768
3.436 -8.83086
3.436 8.83086
3.437 -8.83403
3.437 8.83403
3.438 -8.8372
3.438 8.8372
3.439 -8.84038
3.439 8.84038
3.44 -8.84355
3.44 8.84355
3.441 -8.84672
3.441 8.84672
3.442 -8.8499
3.442 8.8499
3.443 -8.85307
3.443 8.85307
3.444 -8.85625
3.444 8.85625
3.445 -8.85943
3.445 8.85943
3.446 -8.8626
3.446 8.8626
3.447 -8.86578
3.447 8.86578
3.448 -8.86896
3.448 8.86896
3.449 -8.87213
3.449 8.87213
3.45 -8.87531
3.45 8.87531
3.451 -8.87849
3.451 8.87849
3.452 -8.88167
3.452 8.88167
3.453 -8.88484
3.453 8.88484
3.454 -8.88802
3.454 8.88802
3.455 -8.8912
3.455 8.8912
3.456 -8.89438
3.456 8.89438
3.457 -8.89756
3.457 8.89756
3.458 -8.90074
3.458 8.90074
3.459 -8.90392
3.459 8.90392
3.46 -8.90711
3.46 8.90711
3.461 -8.91029
3.461 8.91029
3.462 -8.91347
3.462 8.91347
3.463 -8.91665
3.463 8.91665
3.464 -8.91983
3.464 8.91983
3.465 -8.92302
3.465 8.92302
3.466 -8.9262
3.466 8.9262
3.467 -8.92938
3.467 8.92938
3.468 -8.93257
3.468 8.93257
3.469 -8.93575
3.469 8.93575
3.47 -8.93894
3.47 8.93894
3.471 -8.94212
3.471 8.94212
3.472 -8.94531
3.472 8.94531
3.473 -8.9485
3.473 8.9485
3.474 -8.95168
3.474 8.95168
3.475 -8.95487
3.475 8.95487
3.476 -8.95806
3.476 8.95806
3.477 -8.96124
3.477 8.96124
3.478 -8.96443
3.478 8.96443
3.479 -8.96762
3.479 8.96762
3.48 -8.97081
3.48 8.97081
3.481 -8.974
3.481 8.974
3.482 -8.97719
3.482 8.97719
3.483 -8.98038
3.483 8.98038
3.484 -8.98357
3.484 8.98357
3.485 -8.98676
3.485 8.98676
3.486 -8.98995
3.486 8.98995
3.487 -8.99314
3.487 8.99314
3.488 -8.99633
3.488 8.99633
3.489 -8.99952
3.489 8.99952
3.49 -9.00271
3.49 9.00271
3.491 -9.00591
3.491 9.00591
3.492 -9.0091
3.492 9.0091
3.493 -9.01229
3.493 9.01229
3.494 -9.01549
3.494 9.01549
3.495 -9.01868
3.495 9.01868
3.496 -9.02187
3.496 9.02187
3.497 -9.02507
3.497 9.02507
3.498 -9.02826
3.498 9.02826
3.499 -9.03146
3.499 9.03146
3.5 -9.03466
3.5 9.03466
3.501 -9.03785
3.501 9.03785
3.502 -9.04105
3.502 9.04105
3.503 -9.04425
3.503 9.04425
3.504 -9.04744
3.504 9.04744
3.505 -9.05064
3.505 9.05064
3.506 -9.05384
3.506 9.05384
3.507 -9.05704
3.507 9.05704
3.508 -9.06024
3.508 9.06024
3.509 -9.06343
3.509 9.06343
3.51 -9.06663
3.51 9.06663
3.511 -9.06983
3.511 9.06983
3.512 -9.07303
3.512 9.07303
3.513 -9.07623
3.513 9.07623
3.514 -9.07944
3.514 9.07944
3.515 -9.08264
3.515 9.08264
3.516 -9.08584
3.516 9.08584
3.517 -9.08904
3.517 9.08904
3.518 -9.09224
3.518 9.09224
3.519 -9.09545
3.519 9.09545
3.52 -9.09865
3.52 9.09865
3.521 -9.10185
3.521 9.10185
3.522 -9.10506
3.522 9.10506
3.523 -9.10826
3.523 9.10826
3.524 -9.11146
3.524 9.11146
3.525 -9.11467
3.525 9.11467
3.526 -9.11787
3.526 9.11787
3.527 -9.12108
3.527 9.12108
3.528 -9.12429
3.528 9.12429
3.529 -9.12749
3.529 9.12749
3.53 -9.1307
3.53 9.1307
3.531 -9.13391
3.531 9.13391
3.532 -9.13711
3.532 9.13711
3.533 -9.14032
3.533 9.14032
3.534 -9.14353
3.534 9.14353
3.535 -9.14674
3.535 9.14674
3.536 -9.14995
3.536 9.14995
3.537 -9.15316
3.537 9.15316
3.538 -9.15637
3.538 9.15637
3.539 -9.15958
3.539 9.15958
3.54 -9.16279
3.54 9.16279
3.541 -9.166
3.541 9.166
3.542 -9.16921
3.542 9.16921
3.543 -9.17242
3.543 9.17242
3.544 -9.17563
3.544 9.17563
3.545 -9.17884
3.545 9.17884
3.546 -9.18206
3.546 9.18206
3.547 -9.18527
3.547 9.18527
3.548 -9.18848
3.548 9.18848
3.549 -9.1917
3.549 9.1917
3.55 -9.19491
3.55 9.19491
3.551 -9.19812
3.551 9.19812
3.552 -9.20134
3.552 9.20134
3.553 -9.20455
3.553 9.20455
3.554 -9.20777
3.554 9.20777
3.555 -9.21099
3.555 9.21099
3.556 -9.2142
3.556 9.2142
3.557 -9.21742
3.557 9.21742
3.558 -9.22063
3.558 9.22063
3.559 -9.22385
3.559 9.22385
3.56 -9.22707
3.56 9.22707
3.561 -9.23029
3.561 9.23029
3.562 -9.23351
3.562 9.23351
3.563 -9.23672
3.563 9.23672
3.564 -9.23994
3.564 9.23994
3.565 -9.24316
3.565 9.24316
3.566 -9.24638
3.566 9.24638
3.567 -9.2496
3.567 9.2496
3.568 -9.25282
3.568 9.25282
3.569 -9.25604
3.569 9.25604
3.57 -9.25927
3.57 9.25927
3.571 -9.26249
3.571 9.26249
3.572 -9.26571
3.572 9.26571
3.573 -9.26893
3.573 9.26893
3.574 -9.27215
3.574 9.27215
3.575 -9.27538
3.575 9.27538
3.576 -9.2786
3.576 9.2786
3.577 -9.28182
3.577 9.28182
3.578 -9.28505
3.578 9.28505
3.579 -9.28827
3.579 9.28827
3.58 -9.2915
3.58 9.2915
3.581 -9.29472
3.581 9.29472
3.582 -9.29795
3.582 9.29795
3.583 -9.30117
3.583 9.30117
3.584 -9.3044
3.584 9.3044
3.585 -9.30763
3.585 9.30763
3.586 -9.31085
3.586 9.31085
3.587 -9.31408
3.587 9.31408
3.588 -9.31731
3.588 9.31731
3.589 -9.32054
3.589 9.32054
3.59 -9.32376
3.59 9.32376
3.591 -9.32699
3.591 9.32699
3.592 -9.33022
3.592 9.33022
3.593 -9.33345
3.593 9.33345
3.594 -9.33668
3.594 9.33668
3.595 -9.33991
3.595 9.33991
3.596 -9.34314
3.596 9.34314
3.597 -9.34637
3.597 9.34637
3.598 -9.3496
3.598 9.3496
3.599 -9.35284
3.599 9.35284
3.6 -9.35607
3.6 9.35607
3.601 -9.3593
3.601 9.3593
3.602 -9.36253
3.602 9.36253
3.603 -9.36577
3.603 9.36577
3.604 -9.369
3.604 9.369
3.605 -9.37223
3.605 9.37223
3.606 -9.37547
3.606 9.37547
3.607 -9.3787
3.607 9.3787
3.608 -9.38194
3.608 9.38194
3.609 -9.38517
3.609 9.38517
3.61 -9.38841
3.61 9.38841
3.611 -9.39164
3.611 9.39164
3.612 -9.39488
3.612 9.39488
3.613 -9.39812
3.613 9.39812
3.614 -9.40135
3.614 9.40135
3.615 -9.40459
3.615 9.40459
3.616 -9.40783
3.616 9.40783
3.617 -9.41107
3.617 9.41107
3.618 -9.4143
3.618 9.4143
3.619 -9.41754
3.619 9.41754
3.62 -9.42078
3.62 9.42078
3.621 -9.42402
3.621 9.42402
3.622 -9.42726
3.622 9.42726
3.623 -9.4305
3.623 9.4305
3.624 -9.43374
3.624 9.43374
3.625 -9.43698
3.625 9.43698
3.626 -9.44022
3.626 9.44022
3.627 -9.44347
3.627 9.44347
3.628 -9.44671
3.628 9.44671
3.629 -9.44995
3.629 9.44995
3.63 -9.45319
3.63 9.45319
3.631 -9.45644
3.631 9.45644
3.632 -9.45968
3.632 9.45968
3.633 -9.46292
3.633 9.46292
3.634 -9.46617
3.634 9.46617
3.635 -9.46941
3.635 9.46941
3.636 -9.47266
3.636 9.47266
3.637 -9.4759
3.637 9.4759
3.638 -9.47915
3.638 9.47915
3.639 -9.48239
3.639 9.48239
3.64 -9.48564
3.64 9.48564
3.641 -9.48889
3.641 9.48889
3.642 -9.49213
3.642 9.49213
3.643 -9.49538
3.643 9.49538
3.644 -9.49863
3.644 9.49863
3.645 -9.50188
3.645 9.50188
3.646 -9.50512
3.646 9.50512
3.647 -9.50837
3.647 9.50837
3.648 -9.51162
3.648 9.51162
3.649 -9.51487
3.649 9.51487
3.65 -9.51812
3.65 9.51812
3.651 -9.52137
3.651 9.52137
3.652 -9.52462
3.652 9.52462
3.653 -9.52787
3.653 9.52787
3.654 -9.53112
3.654 9.53112
3.655 -9.53438
3.655 9.53438
3.656 -9.53763
3.656 9.53763
3.657 -9.54088
3.657 9.54088
3.658 -9.54413
3.658 9.54413
3.659 -9.54739
3.659 9.54739
3.66 -9.55064
3.66 9.55064
3.661 -9.55389
3.661 9.55389
3.662 -9.55715
3.662 9.55715
3.663 -9.5604
3.663 9.5604
3.664 -9.56366
3.664 9.56366
3.665 -9.56691
3.665 9.56691
3.666 -9.57017
3.666 9.57017
3.667 -9.57342
3.667 9.57342
3.668 -9.57668
3.668 9.57668
3.669 -9.57993
3.669 9.57993
3.67 -9.58319
3.67 9.58319
3.671 -9.58645
3.671 9.58645
3.672 -9.58971
3.672 9.58971
3.673 -9.59296
3.673 9.59296
3.674 -9.59622
3.674 9.59622
3.675 -9.59948
3.675 9.59948
3.676 -9.60274
3.676 9.60274
3.677 -9.606
3.677 9.606
3.678 -9.60926
3.678 9.60926
3.679 -9.61252
3.679 9.61252
3.68 -9.61578
3.68 9.61578
3.681 -9.61904
3.681 9.61904
3.682 -9.6223
3.682 9.6223
3.683 -9.62556
3.683 9.62556
3.684 -9.62883
3.684 9.62883
3.685 -9.63209
3.685 9.63209
3.686 -9.63535
3.686 9.63535
3.687 -9.63861
3.687 9.63861
3.688 -9.64188
3.688 9.64188
3.689 -9.64514
3.689 9.64514
3.69 -9.6484
3.69 9.6484
3.691 -9.65167
3.691 9.65167
3.692 -9.65493
3.692 9.65493
3.693 -9.6582
3.693 9.6582
3.694 -9.66146
3.694 9.66146
3.695 -9.66473
3.695 9.66473
3.696 -9.668
3.696 9.668
3.697 -9.67126
3.697 9.67126
3.698 -9.67453
3.698 9.67453
3.699 -9.6778
3.699 9.6778
3.7 -9.68106
3.7 9.68106
3.701 -9.68433
3.701 9.68433
3.702 -9.6876
3.702 9.6876
3.703 -9.69087
3.703 9.69087
3.704 -9.69414
3.704 9.69414
3.705 -9.69741
3.705 9.69741
3.706 -9.70068
3.706 9.70068
3.707 -9.70395
3.707 9.70395
3.708 -9.70722
3.708 9.70722
3.709 -9.71049
3.709 9.71049
3.71 -9.71376
3.71 9.71376
3.711 -9.71703
3.711 9.71703
3.712 -9.7203
3.712 9.7203
3.713 -9.72357
3.713 9.72357
3.714 -9.72685
3.714 9.72685
3.715 -9.73012
3.715 9.73012
3.716 -9.73339
3.716 9.73339
3.717 -9.73667
3.717 9.73667
3.718 -9.73994
3.718 9.73994
3.719 -9.74321
3.719 9.74321
3.72 -9.74649
3.72 9.74649
3.721 -9.74976
3.721 9.74976
3.722 -9.75304
3.722 9.75304
3.723 -9.75631
3.723 9.75631
3.724 -9.75959
3.724 9.75959
3.725 -9.76287
3.725 9.76287
3.726 -9.76614
3.726 9.76614
3.727 -9.76942
3.727 9.76942
3.728 -9.7727
3.728 9.7727
3.729 -9.77598
3.729 9.77598
3.73 -9.77925
3.73 9.77925
3.731 -9.78253
3.731 9.78253
3.732 -9.78581
3.732 9.78581
3.733 -9.78909
3.733 9.78909
3.734 -9.79237
3.734 9.79237
3.735 -9.79565
3.735 9.79565
3.736 -9.79893
3.736 9.79893
3.737 -9.80221
3.737 9.80221
3.738 -9.80549
3.738 9.80549
3.739 -9.80877
3.739 9.80877
3.74 -9.81206
3.74 9.81206
3.741 -9.81534
3.741 9.81534
3.742 -9.81862
3.742 9.81862
3.743 -9.8219
3.743 9.8219
3.744 -9.82519
3.744 9.82519
3.745 -9.82847
3.745 9.82847
3.746 -9.83175
3.746 9.83175
3.747 -9.83504
3.747 9.83504
3.748 -9.83832
3.748 9.83832
3.749 -9.84161
3.749 9.84161
3.75 -9.84489
3.75 9.84489
3.751 -9.84818
3.751 9.84818
3.752 -9.85146
3.752 9.85146
3.753 -9.85475
3.753 9.85475
3.754 -9.85803
3.754 9.85803
3.755 -9.86132
3.755 9.86132
3.756 -9.86461
3.756 9.86461
3.757 -9.8679
3.757 9.8679
3.758 -9.87118
3.758 9.87118
3.759 -9.87447
3.759 9.87447
3.76 -9.87776
3.76 9.87776
3.761 -9.88105
3.761 9.88105
3.762 -9.88434
3.762 9.88434
3.763 -9.88763
3.763 9.88763
3.764 -9.89092
3.764 9.89092
3.765 -9.89421
3.765 9.89421
3.766 -9.8975
3.766 9.8975
3.767 -9.90079
3.767 9.90079
3.768 -9.90408
3.768 9.90408
3.769 -9.90738
3.769 9.90738
3.77 -9.91067
3.77 9.91067
3.771 -9.91396
3.771 9.91396
3.772 -9.91725
3.772 9.91725
3.773 -9.92055
3.773 9.92055
3.774 -9.92384
3.774 9.92384
3.775 -9.92713
3.775 9.92713
3.776 -9.93043
3.776 9.93043
3.777 -9.93372
3.777 9.93372
3.778 -9.93702
3.778 9.93702
3.779 -9.94031
3.779 9.94031
3.78 -9.94361
3.78 9.94361
3.781 -9.9469
3.781 9.9469
3.782 -9.9502
3.782 9.9502
3.783 -9.9535
3.783 9.9535
3.784 -9.95679
3.784 9.95679
3.785 -9.96009
3.785 9.96009
3.786 -9.96339
3.786 9.96339
3.787 -9.96669
3.787 9.96669
3.788 -9.96999
3.788 9.96999
3.789 -9.97329
3.789 9.97329
3.79 -9.97658
3.79 9.97658
3.791 -9.97988
3.791 9.97988
3.792 -9.98318
3.792 9.98318
3.793 -9.98648
3.793 9.98648
3.794 -9.98978
3.794 9.98978
3.795 -9.99309
3.795 9.99309
3.796 -9.99639
3.796 9.99639
3.797 -9.99969
3.797 9.99969
3.798 -10.003
3.798 10.003
3.799 -10.0063
3.799 10.0063
3.8 -10.0096
3.8 10.0096
3.801 -10.0129
3.801 10.0129
3.802 -10.0162
3.802 10.0162
3.803 -10.0195
3.803 10.0195
3.804 -10.0228
3.804 10.0228
3.805 -10.0261
3.805 10.0261
3.806 -10.0294
3.806 10.0294
3.807 -10.0327
3.807 10.0327
3.808 -10.036
3.808 10.036
3.809 -10.0393
3.809 10.0393
3.81 -10.0426
3.81 10.0426
3.811 -10.0459
3.811 10.0459
3.812 -10.0493
3.812 10.0493
3.813 -10.0526
3.813 10.0526
3.814 -10.0559
3.814 10.0559
3.815 -10.0592
3.815 10.0592
3.816 -10.0625
3.816 10.0625
3.817 -10.0658
3.817 10.0658
3.818 -10.0691
3.818 10.0691
3.819 -10.0724
3.819 10.0724
3.82 -10.0757
3.82 10.0757
3.821 -10.079
3.821 10.079
3.822 -10.0823
3.822 10.0823
3.823 -10.0857
3.823 10.0857
3.824 -10.089
3.824 10.089
3.825 -10.0923
3.825 10.0923
3.826 -10.0956
3.826 10.0956
3.827 -10.0989
3.827 10.0989
3.828 -10.1022
3.828 10.1022
3.829 -10.1055
3.829 10.1055
3.83 -10.1088
3.83 10.1088
3.831 -10.1122
3.831 10.1122
3.832 -10.1155
3.832 10.1155
3.833 -10.1188
3.833 10.1188
3.834 -10.1221
3.834 10.1221
3.835 -10.1254
3.835 10.1254
3.836 -10.1287
3.836 10.1287
3.837 -10.132
3.837 10.132
3.838 -10.1354
3.838 10.1354
3.839 -10.1387
3.839 10.1387
3.84 -10.142
3.84 10.142
3.841 -10.1453
3.841 10.1453
3.842 -10.1486
3.842 10.1486
3.843 -10.1519
3.843 10.1519
3.844 -10.1553
3.844 10.1553
3.845 -10.1586
3.845 10.1586
3.846 -10.1619
3.846 10.1619
3.847 -10.1652
3.847 10.1652
3.848 -10.1685
3.848 10.1685
3.849 -10.1719
3.849 10.1719
3.85 -10.1752
3.85 10.1752
3.851 -10.1785
3.851 10.1785
3.852 -10.1818
3.852 10.1818
3.853 -10.1851
3.853 10.1851
3.854 -10.1885
3.854 10.1885
3.855 -10.1918
3.855 10.1918
3.856 -10.1951
3.856 10.1951
3.857 -10.1984
3.857 10.1984
3.858 -10.2017
3.858 10.2017
3.859 -10.2051
3.859 10.2051
3.86 -10.2084
3.86 10.2084
3.861 -10.2117
3.861 10.2117
3.862 -10.215
3.862 10.215
3.863 -10.2184
3.863 10.2184
3.864 -10.2217
3.864 10.2217
3.865 -10.225
3.865 10.225
3.866 -10.2283
3.866 10.2283
3.867 -10.2317
3.867 10.2317
3.868 -10.235
3.868 10.235
3.869 -10.2383
3.869 10.2383
3.87 -10.2416
3.87 10.2416
3.871 -10.245
3.871 10.245
3.872 -10.2483
3.872 10.2483
3.873 -10.2516
3.873 10.2516
3.874 -10.255
3.874 10.255
3.875 -10.2583
3.875 10.2583
3.876 -10.2616
3.876 10.2616
3.877 -10.2649
3.877 10.2649
3.878 -10.2683
3.878 10.2683
3.879 -10.2716
3.879 10.2716
3.88 -10.2749
3.88 10.2749
3.881 -10.2783
3.881 10.2783
3.882 -10.2816
3.882 10.2816
3.883 -10.2849
3.883 10.2849
3.884 -10.2883
3.884 10.2883
3.885 -10.2916
3.885 10.2916
3.886 -10.2949
3.886 10.2949
3.887 -10.2983
3.887 10.2983
3.888 -10.3016
3.888 10.3016
3.889 -10.3049
3.889 10.3049
3.89 -10.3083
3.89 10.3083
3.891 -10.3116
3.891 10.3116
3.892 -10.3149
3.892 10.3149
3.893 -10.3183
3.893 10.3183
3.894 -10.3216
3.894 10.3216
3.895 -10.3249
3.895 10.3249
3.896 -10.3283
3.896 10.3283
3.897 -10.3316
3.897 10.3316
3.898 -10.3349
3.898 10.3349
3.899 -10.3383
3.899 10.3383
3.9 -10.3416
3.9 10.3416
3.901 -10.345
3.901 10.345
3.902 -10.3483
3.902 10.3483
3.903 -10.3516
3.903 10.3516
3.904 -10.355
3.904 10.355
3.905 -10.3583
3.905 10.3583
3.906 -10.3616
3.906 10.3616
3.907 -10.365
3.907 10.365
3.908 -10.3683
3.908 10.3683
3.909 -10.3717
3.909 10.3717
3.91 -10.375
3.91 10.375
3.911 -10.3783
3.911 10.3783
3.912 -10.3817
3.912 10.3817
3.913 -10.385
3.913 10.385
3.914 -10.3884
3.914 10.3884
3.915 -10.3917
3.915 10.3917
3.916 -10.3951
3.916 10.3951
3.917 -10.3984
3.917 10.3984
3.918 -10.4017
3.918 10.4017
3.919 -10.4051
3.919 10.4051
3.92 -10.4084
3.92 10.4084
3.921 -10.4118
3.921 10.4118
3.922 -10.4151
3.922 10.4151
3.923 -10.4185
3.923 10.4185
3.924 -10.4218
3.924 10.4218
3.925 -10.4252
3.925 10.4252
3.926 -10.4285
3.926 10.4285
3.927 -10.4319
3.927 10.4319
3.928 -10.4352
3.928 10.4352
3.929 -10.4385
3.929 10.4385
3.93 -10.4419
3.93 10.4419
3.931 -10.4452
3.931 10.4452
3.932 -10.4486
3.932 10.4486
3.933 -10.4519
3.933 10.4519
3.934 -10.4553
3.934 10.4553
3.935 -10.4586
3.935 10.4586
3.936 -10.462
3.936 10.462
3.937 -10.4653
3.937 10.4653
3.938 -10.4687
3.938 10.4687
3.939 -10.472
3.939 10.472
3.94 -10.4754
3.94 10.4754
3.941 -10.4787
3.941 10.4787
3.942 -10.4821
3.942 10.4821
3.943 -10.4854
3.943 10.4854
3.944 -10.4888
3.944 10.4888
3.945 -10.4921
3.945 10.4921
3.946 -10.4955
3.946 10.4955
3.947 -10.4989
3.947 10.4989
3.948 -10.5022
3.948 10.5022
3.949 -10.5056
3.949 10.5056
3.95 -10.5089
3.95 10.5089
3.951 -10.5123
3.951 10.5123
3.952 -10.5156
3.952 10.5156
3.953 -10.519
3.953 10.519
3.954 -10.5223
3.954 10.5223
3.955 -10.5257
3.955 10.5257
3.956 -10.5291
3.956 10.5291
3.957 -10.5324
3.957 10.5324
3.958 -10.5358
3.958 10.5358
3.959 -10.5391
3.959 10.5391
3.96 -10.5425
3.96 10.5425
3.961 -10.5458
3.961 10.5458
3.962 -10.5492
3.962 10.5492
3.963 -10.5526
3.963 10.5526
3.964 -10.5559
3.964 10.5559
3.965 -10.5593
3.965 10.5593
3.966 -10.5626
3.966 10.5626
3.967 -10.566
3.967 10.566
3.968 -10.5694
3.968 10.5694
3.969 -10.5727
3.969 10.5727
3.97 -10.5761
3.97 10.5761
3.971 -10.5794
3.971 10.5794
3.972 -10.5828
3.972 10.5828
3.973 -10.5862
3.973 10.5862
3.974 -10.5895
3.974 10.5895
3.975 -10.5929
3.975 10.5929
3.976 -10.5963
3.976 10.5963
3.977 -10.5996
3.977 10.5996
3.978 -10.603
3.978 10.603
3.979 -10.6063
3.979 10.6063
3.98 -10.6097
3.98 10.6097
3.981 -10.6131
3.981 10.6131
3.982 -10.6164
3.982 10.6164
3.983 -10.6198
3.983 10.6198
3.984 -10.6232
3.984 10.6232
3.985 -10.6265
3.985 10.6265
3.986 -10.6299
3.986 10.6299
3.987 -10.6333
3.987 10.6333
3.988 -10.6366
3.988 10.6366
3.989 -10.64
3.989 10.64
3.99 -10.6434
3.99 10.6434
3.991 -10.6467
3.991 10.6467
3.992 -10.6501
3.992 10.6501
3.993 -10.6535
3.993 10.6535
3.994 -10.6569
3.994 10.6569
3.995 -10.6602
3.995 10.6602
3.996 -10.6636
3.996 10.6636
3.997 -10.667
3.997 10.667
3.998 -10.6703
3.998 10.6703
3.999 -10.6737
3.999 10.6737
4 -10.6771
4 10.6771
4.001 -10.6805
4.001 10.6805
4.002 -10.6838
4.002 10.6838
4.003 -10.6872
4.003 10.6872
4.004 -10.6906
4.004 10.6906
4.005 -10.6939
4.005 10.6939
4.006 -10.6973
4.006 10.6973
4.007 -10.7007
4.007 10.7007
4.008 -10.7041
4.008 10.7041
4.009 -10.7074
4.009 10.7074
4.01 -10.7108
4.01 10.7108
4.011 -10.7142
4.011 10.7142
4.012 -10.7176
4.012 10.7176
4.013 -10.7209
4.013 10.7209
4.014 -10.7243
4.014 10.7243
4.015 -10.7277
4.015 10.7277
4.016 -10.7311
4.016 10.7311
4.017 -10.7344
4.017 10.7344
4.018 -10.7378
4.018 10.7378
4.019 -10.7412
4.019 10.7412
4.02 -10.7446
4.02 10.7446
4.021 -10.748
4.021 10.748
4.022 -10.7513
4.022 10.7513
4.023 -10.7547
4.023 10.7547
4.024 -10.7581
4.024 10.7581
4.025 -10.7615
4.025 10.7615
4.026 -10.7649
4.026 10.7649
4.027 -10.7682
4.027 10.7682
4.028 -10.7716
4.028 10.7716
4.029 -10.775
4.029 10.775
4.03 -10.7784
4.03 10.7784
4.031 -10.7818
4.031 10.7818
4.032 -10.7851
4.032 10.7851
4.033 -10.7885
4.033 10.7885
4.034 -10.7919
4.034 10.7919
4.035 -10.7953
4.035 10.7953
4.036 -10.7987
4.036 10.7987
4.037 -10.8021
4.037 10.8021
4.038 -10.8054
4.038 10.8054
4.039 -10.8088
4.039 10.8088
4.04 -10.8122
4.04 10.8122
4.041 -10.8156
4.041 10.8156
4.042 -10.819
4.042 10.819
4.043 -10.8224
4.043 10.8224
4.044 -10.8258
4.044 10.8258
4.045 -10.8291
4.045 10.8291
4.046 -10.8325
4.046 10.8325
4.047 -10.8359
4.047 10.8359
4.048 -10.8393
4.048 10.8393
4.049 -10.8427
4.049 10.8427
4.05 -10.8461
4.05 10.8461
4.051 -10.8495
4.051 10.8495
4.052 -10.8529
4.052 10.8529
4.053 -10.8563
4.053 10.8563
4.054 -10.8596
4.054 10.8596
4.055 -10.863
4.055 10.863
4.056 -10.8664
4.056 10.8664
4.057 -10.8698
4.057 10.8698
4.058 -10.8732
4.058 10.8732
4.059 -10.8766
4.059 10.8766
4.06 -10.88
4.06 10.88
4.061 -10.8834
4.061 10.8834
4.062 -10.8868
4.062 10.8868
4.063 -10.8902
4.063 10.8902
4.064 -10.8936
4.064 10.8936
4.065 -10.897
4.065 10.897
4.066 -10.9003
4.066 10.9003
4.067 -10.9037
4.067 10.9037
4.068 -10.9071
4.068 10.9071
4.069 -10.9105
4.069 10.9105
4.07 -10.9139
4.07 10.9139
4.071 -10.9173
4.071 10.9173
4.072 -10.9207
4.072 10.9207
4.073 -10.9241
4.073 10.9241
4.074 -10.9275
4.074 10.9275
4.075 -10.9309
4.075 10.9309
4.076 -10.9343
4.076 10.9343
4.077 -10.9377
4.077 10.9377
4.078 -10.9411
4.078 10.9411
4.079 -10.9445
4.079 10.9445
4.08 -10.9479
4.08 10.9479
4.081 -10.9513
4.081 10.9513
4.082 -10.9547
4.082 10.9547
4.083 -10.9581
4.083 10.9581
4.084 -10.9615
4.084 10.9615
4.085 -10.9649
4.085 10.9649
4.086 -10.9683
4.086 10.9683
4.087 -10.9717
4.087 10.9717
4.088 -10.9751
4.088 10.9751
4.089 -10.9785
4.089 10.9785
4.09 -10.9819
4.09 10.9819
4.091 -10.9853
4.091 10.9853
4.092 -10.9887
4.092 10.9887
4.093 -10.9921
4.093 10.9921
4.094 -10.9955
4.094 10.9955
4.095 -10.9989
4.095 10.9989
4.096 -11.0023
4.096 11.0023
4.097 -11.0057
4.097 11.0057
4.098 -11.0091
4.098 11.0091
4.099 -11.0125
4.099 11.0125
4.1 -11.0159
4.1 11.0159
4.101 -11.0193
4.101 11.0193
4.102 -11.0228
4.102 11.0228
4.103 -11.0262
4.103 11.0262
4.104 -11.0296
4.104 11.0296
4.105 -11.033
4.105 11.033
4.106 -11.0364
4.106 11.0364
4.107 -11.0398
4.107 11.0398
4.108 -11.0432
4.108 11.0432
4.109 -11.0466
4.109 11.0466
4.11 -11.05
4.11 11.05
4.111 -11.0534
4.111 11.0534
4.112 -11.0568
4.112 11.0568
4.113 -11.0602
4.113 11.0602
4.114 -11.0637
4.114 11.0637
4.115 -11.0671
4.115 11.0671
4.116 -11.0705
4.116 11.0705
4.117 -11.0739
4.117 11.0739
4.118 -11.0773
4.118 11.0773
4.119 -11.0807
4.119 11.0807
4.12 -11.0841
4.12 11.0841
4.121 -11.0875
4.121 11.0875
4.122 -11.0909
4.122 11.0909
4.123 -11.0944
4.123 11.0944
4.124 -11.0978
4.124 11.0978
4.125 -11.1012
4.125 11.1012
4.126 -11.1046
4.126 11.1046
4.127 -11.108
4.127 11.108
4.128 -11.1114
4.128 11.1114
4.129 -11.1148
4.129 11.1148
4.13 -11.1183
4.13 11.1183
4.131 -11.1217
4.131 11.1217
4.132 -11.1251
4.132 11.1251
4.133 -11.1285
4.133 11.1285
4.134 -11.1319
4.134 11.1319
4.135 -11.1353
4.135 11.1353
4.136 -11.1388
4.136 11.1388
4.137 -11.1422
4.137 11.1422
4.138 -11.1456
4.138 11.1456
4.139 -11.149
4.139 11.149
4.14 -11.1524
4.14 11.1524
4.141 -11.1559
4.141 11.1559
4.142 -11.1593
4.142 11.1593
4.143 -11.1627
4.143 11.1627
4.144 -11.1661
4.144 11.1661
4.145 -11.1695
4.145 11.1695
4.146 -11.173
4.146 11.173
4.147 -11.1764
4.147 11.1764
4.148 -11.1798
4.148 11.1798
4.149 -11.1832
4.149 11.1832
4.15 -11.1866
4.15 11.1866
4.151 -11.1901
4.151 11.1901
4.152 -11.1935
4.152 11.1935
4.153 -11.1969
4.153 11.1969
4.154 -11.2003
4.154 11.2003
4.155 -11.2038
4.155 11.2038
4.156 -11.2072
4.156 11.2072
4.157 -11.2106
4.157 11.2106
4.158 -11.214
4.158 11.214
4.159 -11.2175
4.159 11.2175
4.16 -11.2209
4.16 11.2209
4.161 -11.2243
4.161 11.2243
4.162 -11.2277
4.162 11.2277
4.163 -11.2312
4.163 11.2312
4.164 -11.2346
4.164 11.2346
4.165 -11.238
4.165 11.238
4.166 -11.2414
4.166 11.2414
4.167 -11.2449
4.167 11.2449
4.168 -11.2483
4.168 11.2483
4.169 -11.2517
4.169 11.2517
4.17 -11.2552
4.17 11.2552
4.171 -11.2586
4.171 11.2586
4.172 -11.262
4.172 11.262
4.173 -11.2654
4.173 11.2654
4.174 -11.2689
4.174 11.2689
4.175 -11.2723
4.175 11.2723
4.176 -11.2757
4.176 11.2757
4.177 -11.2792
4.177 11.2792
4.178 -11.2826
4.178 11.2826
4.179 -11.286
4.179 11.286
4.18 -11.2895
4.18 11.2895
4.181 -11.2929
4.181 11.2929
4.182 -11.2963
4.182 11.2963
4.183 -11.2998
4.183 11.2998
4.184 -11.3032
4.184 11.3032
4.185 -11.3066
4.185 11.3066
4.186 -11.3101
4.186 11.3101
4.187 -11.3135
4.187 11.3135
4.188 -11.3169
4.188 11.3169
4.189 -11.3204
4.189 11.3204
4.19 -11.3238
4.19 11.3238
4.191 -11.3272
4.191 11.3272
4.192 -11.3307
4.192 11.3307
4.193 -11.3341
4.193 11.3341
4.194 -11.3375
4.194 11.3375
4.195 -11.341
4.195 11.341
4.196 -11.3444
4.196 11.3444
4.197 -11.3479
4.197 11.3479
4.198 -11.3513
4.198 11.3513
4.199 -11.3547
4.199 11.3547
4.2 -11.3582
4.2 11.3582
4.201 -11.3616
4.201 11.3616
4.202 -11.365
4.202 11.365
4.203 -11.3685
4.203 11.3685
4.204 -11.3719
4.204 11.3719
4.205 -11.3754
4.205 11.3754
4.206 -11.3788
4.206 11.3788
4.207 -11.3822
4.207 11.3822
4.208 -11.3857
4.208 11.3857
4.209 -11.3891
4.209 11.3891
4.21 -11.3926
4.21 11.3926
4.211 -11.396
4.211 11.396
4.212 -11.3995
4.212 11.3995
4.213 -11.4029
4.213 11.4029
4.214 -11.4063
4.214 11.4063
4.215 -11.4098
4.215 11.4098
4.216 -11.4132
4.216 11.4132
4.217 -11.4167
4.217 11.4167
4.218 -11.4201
4.218 11.4201
4.219 -11.4236
4.219 11.4236
4.22 -11.427
4.22 11.427
4.221 -11.4305
4.221 11.4305
4.222 -11.4339
4.222 11.4339
4.223 -11.4374
4.223 11.4374
4.224 -11.4408
4.224 11.4408
4.225 -11.4442
4.225 11.4442
4.226 -11.4477
4.226 11.4477
4.227 -11.4511
4.227 11.4511
4.228 -11.4546
4.228 11.4546
4.229 -11.458
4.229 11.458
4.23 -11.4615
4.23 11.4615
4.231 -11.4649
4.231 11.4649
4.232 -11.4684
4.232 11.4684
4.233 -11.4718
4.233 11.4718
4.234 -11.4753
4.234 11.4753
4.235 -11.4787
4.235 11.4787
4.236 -11.4822
4.236 11.4822
4.237 -11.4856
4.237 11.4856
4.238 -11.4891
4.238 11.4891
4.239 -11.4925
4.239 11.4925
4.24 -11.496
4.24 11.496
4.241 -11.4994
4.241 11.4994
4.242 -11.5029
4.242 11.5029
4.243 -11.5063
4.243 11.5063
4.244 -11.5098
4.244 11.5098
4.245 -11.5133
4.245 11.5133
4.246 -11.5167
4.246 11.5167
4.247 -11.5202
4.247 11.5202
4.248 -11.5236
4.248 11.5236
4.249 -11.5271
4.249 11.5271
4.25 -11.5305
4.25 11.5305
4.251 -11.534
4.251 11.534
4.252 -11.5374
4.252 11.5374
4.253 -11.5409
4.253 11.5409
4.254 -11.5444
4.254 11.5444
4.255 -11.5478
4.255 11.5478
4.256 -11.5513
4.256 11.5513
4.257 -11.5547
4.257 11.5547
4.258 -11.5582
4.258 11.5582
4.259 -11.5616
4.259 11.5616
4.26 -11.5651
4.26 11.5651
4.261 -11.5686
4.261 11.5686
4.262 -11.572
4.262 11.572
4.263 -11.5755
4.263 11.5755
4.264 -11.5789
4.264 11.5789
4.265 -11.5824
4.265 11.5824
4.266 -11.5859
4.266 11.5859
4.267 -11.5893
4.267 11.5893
4.268 -11.5928
4.268 11.5928
4.269 -11.5962
4.269 11.5962
4.27 -11.5997
4.27 11.5997
4.271 -11.6032
4.271 11.6032
4.272 -11.6066
4.272 11.6066
4.273 -11.6101
4.273 11.6101
4.274 -11.6136
4.274 11.6136
4.275 -11.617
4.275 11.617
4.276 -11.6205
4.276 11.6205
4.277 -11.6239
4.277 11.6239
4.278 -11.6274
4.278 11.6274
4.279 -11.6309
4.279 11.6309
4.28 -11.6343
4.28 11.6343
4.281 -11.6378
4.281 11.6378
4.282 -11.6413
4.282 11.6413
4.283 -11.6447
4.283 11.6447
4.284 -11.6482
4.284 11.6482
4.285 -11.6517
4.285 11.6517
4.286 -11.6551
4.286 11.6551
4.287 -11.6586
4.287 11.6586
4.288 -11.6621
4.288 11.6621
4.289 -11.6655
4.289 11.6655
4.29 -11.669
4.29 11.669
4.291 -11.6725
4.291 11.6725
4.292 -11.676
4.292 11.676
4.293 -11.6794
4.293 11.6794
4.294 -11.6829
4.294 11.6829
4.295 -11.6864
4.295 11.6864
4.296 -11.6898
4.296 11.6898
4.297 -11.6933
4.297 11.6933
4.298 -11.6968
4.298 11.6968
4.299 -11.7002
4.299 11.7002
4.3 -11.7037
4.3 11.7037
4.301 -11.7072
4.301 11.7072
4.302 -11.7107
4.302 11.7107
4.303 -11.7141
4.303 11.7141
4.304 -11.7176
4.304 11.7176
4.305 -11.7211
4.305 11.7211
4.306 -11.7246
4.306 11.7246
4.307 -11.728
4.307 11.728
4.308 -11.7315
4.308 11.7315
4.309 -11.735
4.309 11.735
4.31 -11.7385
4.31 11.7385
4.311 -11.7419
4.311 11.7419
4.312 -11.7454
4.312 11.7454
4.313 -11.7489
4.313 11.7489
4.314 -11.7524
4.314 11.7524
4.315 -11.7558
4.315 11.7558
4.316 -11.7593
4.316 11.7593
4.317 -11.7628
4.317 11.7628
4.318 -11.7663
4.318 11.7663
4.319 -11.7697
4.319 11.7697
4.32 -11.7732
4.32 11.7732
4.321 -11.7767
4.321 11.7767
4.322 -11.7802
4.322 11.7802
4.323 -11.7837
4.323 11.7837
4.324 -11.7871
4.324 11.7871
4.325 -11.7906
4.325 11.7906
4.326 -11.7941
4.326 11.7941
4.327 -11.7976
4.327 11.7976
4.328 -11.8011
4.328 11.8011
4.329 -11.8045
4.329 11.8045
4.33 -11.808
4.33 11.808
4.331 -11.8115
4.331 11.8115
4.332 -11.815
4.332 11.815
4.333 -11.8185
4.333 11.8185
4.334 -11.822
4.334 11.822
4.335 -11.8254
4.335 11.8254
4.336 -11.8289
4.336 11.8289
4.337 -11.8324
4.337 11.8324
4.338 -11.8359
4.338 11.8359
4.339 -11.8394
4.339 11.8394
4.34 -11.8429
4.34 11.8429
4.341 -11.8463
4.341 11.8463
4.342 -11.8498
4.342 11.8498
4.343 -11.8533
4.343 11.8533
4.344 -11.8568
4.344 11.8568
4.345 -11.8603
4.345 11.8603
4.346 -11.8638
4.346 11.8638
4.347 -11.8673
4.347 11.8673
4.348 -11.8707
4.348 11.8707
4.349 -11.8742
4.349 11.8742
4.35 -11.8777
4.35 11.8777
4.351 -11.8812
4.351 11.8812
4.352 -11.8847
4.352 11.8847
4.353 -11.8882
4.353 11.8882
4.354 -11.8917
4.354 11.8917
4.355 -11.8952
4.355 11.8952
4.356 -11.8987
4.356 11.8987
4.357 -11.9022
4.357 11.9022
4.358 -11.9056
4.358 11.9056
4.359 -11.9091
4.359 11.9091
4.36 -11.9126
4.36 11.9126
4.361 -11.9161
4.361 11.9161
4.362 -11.9196
4.362 11.9196
4.363 -11.9231
4.363 11.9231
4.364 -11.9266
4.364 11.9266
4.365 -11.9301
4.365 11.9301
4.366 -11.9336
4.366 11.9336
4.367 -11.9371
4.367 11.9371
4.368 -11.9406
4.368 11.9406
4.369 -11.9441
4.369 11.9441
4.37 -11.9476
4.37 11.9476
4.371 -11.9511
4.371 11.9511
4.372 -11.9545
4.372 11.9545
4.373 -11.958
4.373 11.958
4.374 -11.9615
4.374 11.9615
4.375 -11.965
4.375 11.965
4.376 -11.9685
4.376 11.9685
4.377 -11.972
4.377 11.972
4.378 -11.9755
4.378 11.9755
4.379 -11.979
4.379 11.979
4.38 -11.9825
4.38 11.9825
4.381 -11.986
4.381 11.986
4.382 -11.9895
4.382 11.9895
4.383 -11.993
4.383 11.993
4.384 -11.9965
4.384 11.9965
4.385 -12
4.385 12
4.386 -12.0035
4.386 12.0035
4.387 -12.007
4.387 12.007
4.388 -12.0105
4.388 12.0105
4.389 -12.014
4.389 12.014
4.39 -12.0175
4.39 12.0175
4.391 -12.021
4.391 12.021
4.392 -12.0245
4.392 12.0245
4.393 -12.028
4.393 12.028
4.394 -12.0315
4.394 12.0315
4.395 -12.035
4.395 12.035
4.396 -12.0385
4.396 12.0385
4.397 -12.042
4.397 12.042
4.398 -12.0455
4.398 12.0455
4.399 -12.049
4.399 12.049
4.4 -12.0526
4.4 12.0526
4.401 -12.0561
4.401 12.0561
4.402 -12.0596
4.402 12.0596
4.403 -12.0631
4.403 12.0631
4.404 -12.0666
4.404 12.0666
4.405 -12.0701
4.405 12.0701
4.406 -12.0736
4.406 12.0736
4.407 -12.0771
4.407 12.0771
4.408 -12.0806
4.408 12.0806
4.409 -12.0841
4.409 12.0841
4.41 -12.0876
4.41 12.0876
4.411 -12.0911
4.411 12.0911
4.412 -12.0946
4.412 12.0946
4.413 -12.0981
4.413 12.0981
4.414 -12.1016
4.414 12.1016
4.415 -12.1052
4.415 12.1052
4.416 -12.1087
4.416 12.1087
4.417 -12.1122
4.417 12.1122
4.418 -12.1157
4.418 12.1157
4.419 -12.1192
4.419 12.1192
4.42 -12.1227
4.42 12.1227
4.421 -12.1262
4.421 12.1262
4.422 -12.1297
4.422 12.1297
4.423 -12.1332
4.423 12.1332
4.424 -12.1368
4.424 12.1368
4.425 -12.1403
4.425 12.1403
4.426 -12.1438
4.426 12.1438
4.427 -12.1473
4.427 12.1473
4.428 -12.1508
4.428 12.1508
4.429 -12.1543
4.429 12.1543
4.43 -12.1578
4.43 12.1578
4.431 -12.1614
4.431 12.1614
4.432 -12.1649
4.432 12.1649
4.433 -12.1684
4.433 12.1684
4.434 -12.1719
4.434 12.1719
4.435 -12.1754
4.435 12.1754
4.436 -12.1789
4.436 12.1789
4.437 -12.1824
4.437 12.1824
4.438 -12.186
4.438 12.186
4.439 -12.1895
4.439 12.1895
4.44 -12.193
4.44 12.193
4.441 -12.1965
4.441 12.1965
4.442 -12.2
4.442 12.2
4.443 -12.2036
4.443 12.2036
4.444 -12.2071
4.444 12.2071
4.445 -12.2106
4.445 12.2106
4.446 -12.2141
4.446 12.2141
4.447 -12.2176
4.447 12.2176
4.448 -12.2211
4.448 12.2211
4.449 -12.2247
4.449 12.2247
4.45 -12.2282
4.45 12.2282
4.451 -12.2317
4.451 12.2317
4.452 -12.2352
4.452 12.2352
4.453 -12.2388
4.453 12.2388
4.454 -12.2423
4.454 12.2423
4.455 -12.2458
4.455 12.2458
4.456 -12.2493
4.456 12.2493
4.457 -12.2528
4.457 12.2528
4.458 -12.2564
4.458 12.2564
4.459 -12.2599
4.459 12.2599
4.46 -12.2634
4.46 12.2634
4.461 -12.2669
4.461 12.2669
4.462 -12.2705
4.462 12.2705
4.463 -12.274
4.463 12.274
4.464 -12.2775
4.464 12.2775
4.465 -12.281
4.465 12.281
4.466 -12.2846
4.466 12.2846
4.467 -12.2881
4.467 12.2881
4.468 -12.2916
4.468 12.2916
4.469 -12.2951
4.469 12.2951
4.47 -12.2987
4.47 12.2987
4.471 -12.3022
4.471 12.3022
4.472 -12.3057
4.472 12.3057
4.473 -12.3093
4.473 12.3093
4.474 -12.3128
4.474 12.3128
4.475 -12.3163
4.475 12.3163
4.476 -12.3198
4.476 12.3198
4.477 -12.3234
4.477 12.3234
4.478 -12.3269
4.478 12.3269
4.479 -12.3304
4.479 12.3304
4.48 -12.334
4.48 12.334
4.481 -12.3375
4.481 12.3375
4.482 -12.341
4.482 12.341
4.483 -12.3446
4.483 12.3446
4.484 -12.3481
4.484 12.3481
4.485 -12.3516
4.485 12.3516
4.486 -12.3551
4.486 12.3551
4.487 -12.3587
4.487 12.3587
4.488 -12.3622
4.488 12.3622
4.489 -12.3657
4.489 12.3657
4.49 -12.3693
4.49 12.3693
4.491 -12.3728
4.491 12.3728
4.492 -12.3764
4.492 12.3764
4.493 -12.3799
4.493 12.3799
4.494 -12.3834
4.494 12.3834
4.495 -12.387
4.495 12.387
4.496 -12.3905
4.496 12.3905
4.497 -12.394
4.497 12.394
4.498 -12.3976
4.498 12.3976
4.499 -12.4011
4.499 12.4011
4.5 -12.4046
4.5 12.4046
4.501 -12.4082
4.501 12.4082
4.502 -12.4117
4.502 12.4117
4.503 -12.4152
4.503 12.4152
4.504 -12.4188
4.504 12.4188
4.505 -12.4223
4.505 12.4223
4.506 -12.4259
4.506 12.4259
4.507 -12.4294
4.507 12.4294
4.508 -12.4329
4.508 12.4329
4.509 -12.4365
4.509 12.4365
4.51 -12.44
4.51 12.44
4.511 -12.4436
4.511 12.4436
4.512 -12.4471
4.512 12.4471
4.513 -12.4506
4.513 12.4506
4.514 -12.4542
4.514 12.4542
4.515 -12.4577
4.515 12.4577
4.516 -12.4613
4.516 12.4613
4.517 -12.4648
4.517 12.4648
4.518 -12.4684
4.518 12.4684
4.519 -12.4719
4.519 12.4719
4.52 -12.4754
4.52 12.4754
4.521 -12.479
4.521 12.479
4.522 -12.4825
4.522 12.4825
4.523 -12.4861
4.523 12.4861
4.524 -12.4896
4.524 12.4896
4.525 -12.4932
4.525 12.4932
4.526 -12.4967
4.526 12.4967
4.527 -12.5003
4.527 12.5003
4.528 -12.5038
4.528 12.5038
4.529 -12.5073
4.529 12.5073
4.53 -12.5109
4.53 12.5109
4.531 -12.5144
4.531 12.5144
4.532 -12.518
4.532 12.518
4.533 -12.5215
4.533 12.5215
4.534 -12.5251
4.534 12.5251
4.535 -12.5286
4.535 12.5286
4.536 -12.5322
4.536 12.5322
4.537 -12.5357
4.537 12.5357
4.538 -12.5393
4.538 12.5393
4.539 -12.5428
4.539 12.5428
4.54 -12.5464
4.54 12.5464
4.541 -12.5499
4.541 12.5499
4.542 -12.5535
4.542 12.5535
4.543 -12.557
4.543 12.557
4.544 -12.5606
4.544 12.5606
4.545 -12.5641
4.545 12.5641
4.546 -12.5677
4.546 12.5677
4.547 -12.5712
4.547 12.5712
4.548 -12.5748
4.548 12.5748
4.549 -12.5783
4.549 12.5783
4.55 -12.5819
4.55 12.5819
4.551 -12.5854
4.551 12.5854
4.552 -12.589
4.552 12.589
4.553 -12.5925
4.553 12.5925
4.554 -12.5961
4.554 12.5961
4.555 -12.5997
4.555 12.5997
4.556 -12.6032
4.556 12.6032
4.557 -12.6068
4.557 12.6068
4.558 -12.6103
4.558 12.6103
4.559 -12.6139
4.559 12.6139
4.56 -12.6174
4.56 12.6174
4.561 -12.621
4.561 12.621
4.562 -12.6245
4.562 12.6245
4.563 -12.6281
4.563 12.6281
4.564 -12.6317
4.564 12.6317
4.565 -12.6352
4.565 12.6352
4.566 -12.6388
4.566 12.6388
4.567 -12.6423
4.567 12.6423
4.568 -12.6459
4.568 12.6459
4.569 -12.6495
4.569 12.6495
4.57 -12.653
4.57 12.653
4.571 -12.6566
4.571 12.6566
4.572 -12.6601
4.572 12.6601
4.573 -12.6637
4.573 12.6637
4.574 -12.6673
4.574 12.6673
4.575 -12.6708
4.575 12.6708
4.576 -12.6744
4.576 12.6744
4.577 -12.6779
4.577 12.6779
4.578 -12.6815
4.578 12.6815
4.579 -12.6851
4.579 12.6851
4.58 -12.6886
4.58 12.6886
4.581 -12.6922
4.581 12.6922
4.582 -12.6957
4.582 12.6957
4.583 -12.6993
4.583 12.6993
4.584 -12.7029
4.584 12.7029
4.585 -12.7064
4.585 12.7064
4.586 -12.71
4.586 12.71
4.587 -12.7136
4.587 12.7136
4.588 -12.7171
4.588 12.7171
4.589 -12.7207
4.589 12.7207
4.59 -12.7243
4.59 12.7243
4.591 -12.7278
4.591 12.7278
4.592 -12.7314
4.592 12.7314
4.593 -12.735
4.593 12.735
4.594 -12.7385
4.594 12.7385
4.595 -12.7421
4.595 12.7421
4.596 -12.7457
4.596 12.7457
4.597 -12.7492
4.597 12.7492
4.598 -12.7528
4.598 12.7528
4.599 -12.7564
4.599 12.7564
4.6 -12.7599
4.6 12.7599
4.601 -12.7635
4.601 12.7635
4.602 -12.7671
4.602 12.7671
4.603 -12.7706
4.603 12.7706
4.604 -12.7742
4.604 12.7742
4.605 -12.7778
4.605 12.7778
4.606 -12.7814
4.606 12.7814
4.607 -12.7849
4.607 12.7849
4.608 -12.7885
4.608 12.7885
4.609 -12.7921
4.609 12.7921
4.61 -12.7956
4.61 12.7956
4.611 -12.7992
4.611 12.7992
4.612 -12.8028
4.612 12.8028
4.613 -12.8064
4.613 12.8064
4.614 -12.8099
4.614 12.8099
4.615 -12.8135
4.615 12.8135
4.616 -12.8171
4.616 12.8171
4.617 -12.8207
4.617 12.8207
4.618 -12.8242
4.618 12.8242
4.619 -12.8278
4.619 12.8278
4.62 -12.8314
4.62 12.8314
4.621 -12.835
4.621 12.835
4.622 -12.8385
4.622 12.8385
4.623 -12.8421
4.623 12.8421
4.624 -12.8457
4.624 12.8457
4.625 -12.8493
4.625 12.8493
4.626 -12.8528
4.626 12.8528
4.627 -12.8564
4.627 12.8564
4.628 -12.86
4.628 12.86
4.629 -12.8636
4.629 12.8636
4.63 -12.8671
4.63 12.8671
4.631 -12.8707
4.631 12.8707
4.632 -12.8743
4.632 12.8743
4.633 -12.8779
4.633 12.8779
4.634 -12.8815
4.634 12.8815
4.635 -12.885
4.635 12.885
4.636 -12.8886
4.636 12.8886
4.637 -12.8922
4.637 12.8922
4.638 -12.8958
4.638 12.8958
4.639 -12.8994
4.639 12.8994
4.64 -12.903
4.64 12.903
4.641 -12.9065
4.641 12.9065
4.642 -12.9101
4.642 12.9101
4.643 -12.9137
4.643 12.9137
4.644 -12.9173
4.644 12.9173
4.645 -12.9209
4.645 12.9209
4.646 -12.9244
4.646 12.9244
4.647 -12.928
4.647 12.928
4.648 -12.9316
4.648 12.9316
4.649 -12.9352
4.649 12.9352
4.65 -12.9388
4.65 12.9388
4.651 -12.9424
4.651 12.9424
4.652 -12.946
4.652 12.946
4.653 -12.9495
4.653 12.9495
4.654 -12.9531
4.654 12.9531
4.655 -12.9567
4.655 12.9567
4.656 -12.9603
4.656 12.9603
4.657 -12.9639
4.657 12.9639
4.658 -12.9675
4.658 12.9675
4.659 -12.9711
4.659 12.9711
4.66 -12.9746
4.66 12.9746
4.661 -12.9782
4.661 12.9782
4.662 -12.9818
4.662 12.9818
4.663 -12.9854
4.663 12.9854
4.664 -12.989
4.664 12.989
4.665 -12.9926
4.665 12.9926
4.666 -12.9962
4.666 12.9962
4.667 -12.9998
4.667 12.9998
4.668 -13.0034
4.668 13.0034
4.669 -13.007
4.669 13.007
4.67 -13.0105
4.67 13.0105
4.671 -13.0141
4.671 13.0141
4.672 -13.0177
4.672 13.0177
4.673 -13.0213
4.673 13.0213
4.674 -13.0249
4.674 13.0249
4.675 -13.0285
4.675 13.0285
4.676 -13.0321
4.676 13.0321
4.677 -13.0357
4.677 13.0357
4.678 -13.0393
4.678 13.0393
4.679 -13.0429
4.679 13.0429
4.68 -13.0465
4.68 13.0465
4.681 -13.0501
4.681 13.0501
4.682 -13.0537
4.682 13.0537
4.683 -13.0573
4.683 13.0573
4.684 -13.0609
4.684 13.0609
4.685 -13.0644
4.685 13.0644
4.686 -13.068
4.686 13.068
4.687 -13.0716
4.687 13.0716
4.688 -13.0752
4.688 13.0752
4.689 -13.0788
4.689 13.0788
4.69 -13.0824
4.69 13.0824
4.691 -13.086
4.691 13.086
4.692 -13.0896
4.692 13.0896
4.693 -13.0932
4.693 13.0932
4.694 -13.0968
4.694 13.0968
4.695 -13.1004
4.695 13.1004
4.696 -13.104
4.696 13.104
4.697 -13.1076
4.697 13.1076
4.698 -13.1112
4.698 13.1112
4.699 -13.1148
4.699 13.1148
4.7 -13.1184
4.7 13.1184
4.701 -13.122
4.701 13.122
4.702 -13.1256
4.702 13.1256
4.703 -13.1292
4.703 13.1292
4.704 -13.1328
4.704 13.1328
4.705 -13.1364
4.705 13.1364
4.706 -13.14
4.706 13.14
4.707 -13.1436
4.707 13.1436
4.708 -13.1472
4.708 13.1472
4.709 -13.1508
4.709 13.1508
4.71 -13.1544
4.71 13.1544
4.711 -13.158
4.711 13.158
4.712 -13.1617
4.712 13.1617
4.713 -13.1653
4.713 13.1653
4.714 -13.1689
4.714 13.1689
4.715 -13.1725
4.715 13.1725
4.716 -13.1761
4.716 13.1761
4.717 -13.1797
4.717 13.1797
4.718 -13.1833
4.718 13.1833
4.719 -13.1869
4.719 13.1869
4.72 -13.1905
4.72 13.1905
4.721 -13.1941
4.721 13.1941
4.722 -13.1977
4.722 13.1977
4.723 -13.2013
4.723 13.2013
4.724 -13.2049
4.724 13.2049
4.725 -13.2085
4.725 13.2085
4.726 -13.2121
4.726 13.2121
4.727 -13.2158
4.727 13.2158
4.728 -13.2194
4.728 13.2194
4.729 -13.223
4.729 13.223
4.73 -13.2266
4.73 13.2266
4.731 -13.2302
4.731 13.2302
4.732 -13.2338
4.732 13.2338
4.733 -13.2374
4.733 13.2374
4.734 -13.241
4.734 13.241
4.735 -13.2446
4.735 13.2446
4.736 -13.2483
4.736 13.2483
4.737 -13.2519
4.737 13.2519
4.738 -13.2555
4.738 13.2555
4.739 -13.2591
4.739 13.2591
4.74 -13.2627
4.74 13.2627
4.741 -13.2663
4.741 13.2663
4.742 -13.2699
4.742 13.2699
4.743 -13.2735
4.743 13.2735
4.744 -13.2772
4.744 13.2772
4.745 -13.2808
4.745 13.2808
4.746 -13.2844
4.746 13.2844
4.747 -13.288
4.747 13.288
4.748 -13.2916
4.748 13.2916
4.749 -13.2952
4.749 13.2952
4.75 -13.2988
4.75 13.2988
4.751 -13.3025
4.751 13.3025
4.752 -13.3061
4.752 13.3061
4.753 -13.3097
4.753 13.3097
4.754 -13.3133
4.754 13.3133
4.755 -13.3169
4.755 13.3169
4.756 -13.3206
4.756 13.3206
4.757 -13.3242
4.757 13.3242
4.758 -13.3278
4.758 13.3278
4.759 -13.3314
4.759 13.3314
4.76 -13.335
4.76 13.335
4.761 -13.3386
4.761 13.3386
4.762 -13.3423
4.762 13.3423
4.763 -13.3459
4.763 13.3459
4.764 -13.3495
4.764 13.3495
4.765 -13.3531
4.765 13.3531
4.766 -13.3568
4.766 13.3568
4.767 -13.3604
4.767 13.3604
4.768 -13.364
4.768 13.364
4.769 -13.3676
4.769 13.3676
4.77 -13.3712
4.77 13.3712
4.771 -13.3749
4.771 13.3749
4.772 -13.3785
4.772 13.3785
4.773 -13.3821
4.773 13.3821
4.774 -13.3857
4.774 13.3857
4.775 -13.3894
4.775 13.3894
4.776 -13.393
4.776 13.393
4.777 -13.3966
4.777 13.3966
4.778 -13.4002
4.778 13.4002
4.779 -13.4039
4.779 13.4039
4.78 -13.4075
4.78 13.4075
4.781 -13.4111
4.781 13.4111
4.782 -13.4147
4.782 13.4147
4.783 -13.4184
4.783 13.4184
4.784 -13.422
4.784 13.422
4.785 -13.4256
4.785 13.4256
4.786 -13.4292
4.786 13.4292
4.787 -13.4329
4.787 13.4329
4.788 -13.4365
4.788 13.4365
4.789 -13.4401
4.789 13.4401
4.79 -13.4438
4.79 13.4438
4.791 -13.4474
4.791 13.4474
4.792 -13.451
4.792 13.451
4.793 -13.4546
4.793 13.4546
4.794 -13.4583
4.794 13.4583
4.795 -13.4619
4.795 13.4619
4.796 -13.4655
4.796 13.4655
4.797 -13.4692
4.797 13.4692
4.798 -13.4728
4.798 13.4728
4.799 -13.4764
4.799 13.4764
4.8 -13.4801
4.8 13.4801
4.801 -13.4837
4.801 13.4837
4.802 -13.4873
4.802 13.4873
4.803 -13.491
4.803 13.491
4.804 -13.4946
4.804 13.4946
4.805 -13.4982
4.805 13.4982
4.806 -13.5019
4.806 13.5019
4.807 -13.5055
4.807 13.5055
4.808 -13.5091
4.808 13.5091
4.809 -13.5128
4.809 13.5128
4.81 -13.5164
4.81 13.5164
4.811 -13.52
4.811 13.52
4.812 -13.5237
4.812 13.5237
4.813 -13.5273
4.813 13.5273
4.814 -13.5309
4.814 13.5309
4.815 -13.5346
4.815 13.5346
4.816 -13.5382
4.816 13.5382
4.817 -13.5418
4.817 13.5418
4.818 -13.5455
4.818 13.5455
4.819 -13.5491
4.819 13.5491
4.82 -13.5528
4.82 13.5528
4.821 -13.5564
4.821 13.5564
4.822 -13.56
4.822 13.56
4.823 -13.5637
4.823 13.5637
4.824 -13.5673
4.824 13.5673
4.825 -13.571
4.825 13.571
4.826 -13.5746
4.826 13.5746
4.827 -13.5782
4.827 13.5782
4.828 -13.5819
4.828 13.5819
4.829 -13.5855
4.829 13.5855
4.83 -13.5892
4.83 13.5892
4.831 -13.5928
4.831 13.5928
4.832 -13.5964
4.832 13.5964
4.833 -13.6001
4.833 13.6001
4.834 -13.6037
4.834 13.6037
4.835 -13.6074
4.835 13.6074
4.836 -13.611
4.836 13.611
4.837 -13.6147
4.837 13.6147
4.838 -13.6183
4.838 13.6183
4.839 -13.6219
4.839 13.6219
4.84 -13.6256
4.84 13.6256
4.841 -13.6292
4.841 13.6292
4.842 -13.6329
4.842 13.6329
4.843 -13.6365
4.843 13.6365
4.844 -13.6402
4.844 13.6402
4.845 -13.6438
4.845 13.6438
4.846 -13.6475
4.846 13.6475
4.847 -13.6511
4.847 13.6511
4.848 -13.6548
4.848 13.6548
4.849 -13.6584
4.849 13.6584
4.85 -13.6621
4.85 13.6621
4.851 -13.6657
4.851 13.6657
4.852 -13.6693
4.852 13.6693
4.853 -13.673
4.853 13.673
4.854 -13.6766
4.854 13.6766
4.855 -13.6803
4.855 13.6803
4.856 -13.6839
4.856 13.6839
4.857 -13.6876
4.857 13.6876
4.858 -13.6912
4.858 13.6912
4.859 -13.6949
4.859 13.6949
4.86 -13.6985
4.86 13.6985
4.861 -13.7022
4.861 13.7022
4.862 -13.7058
4.862 13.7058
4.863 -13.7095
4.863 13.7095
4.864 -13.7131
4.864 13.7131
4.865 -13.7168
4.865 13.7168
4.866 -13.7205
4.866 13.7205
4.867 -13.7241
4.867 13.7241
4.868 -13.7278
4.868 13.7278
4.869 -13.7314
4.869 13.7314
4.87 -13.7351
4.87 13.7351
4.871 -13.7387
4.871 13.7387
4.872 -13.7424
4.872 13.7424
4.873 -13.746
4.873 13.746
4.874 -13.7497
4.874 13.7497
4.875 -13.7533
4.875 13.7533
4.876 -13.757
4.876 13.757
4.877 -13.7606
4.877 13.7606
4.878 -13.7643
4.878 13.7643
4.879 -13.768
4.879 13.768
4.88 -13.7716
4.88 13.7716
4.881 -13.7753
4.881 13.7753
4.882 -13.7789
4.882 13.7789
4.883 -13.7826
4.883 13.7826
4.884 -13.7862
4.884 13.7862
4.885 -13.7899
4.885 13.7899
4.886 -13.7936
4.886 13.7936
4.887 -13.7972
4.887 13.7972
4.888 -13.8009
4.888 13.8009
4.889 -13.8045
4.889 13.8045
4.89 -13.8082
4.89 13.8082
4.891 -13.8119
4.891 13.8119
4.892 -13.8155
4.892 13.8155
4.893 -13.8192
4.893 13.8192
4.894 -13.8228
4.894 13.8228
4.895 -13.8265
4.895 13.8265
4.896 -13.8302
4.896 13.8302
4.897 -13.8338
4.897 13.8338
4.898 -13.8375
4.898 13.8375
4.899 -13.8412
4.899 13.8412
4.9 -13.8448
4.9 13.8448
4.901 -13.8485
4.901 13.8485
4.902 -13.8521
4.902 13.8521
4.903 -13.8558
4.903 13.8558
4.904 -13.8595
4.904 13.8595
4.905 -13.8631
4.905 13.8631
4.906 -13.8668
4.906 13.8668
4.907 -13.8705
4.907 13.8705
4.908 -13.8741
4.908 13.8741
4.909 -13.8778
4.909 13.8778
4.91 -13.8815
4.91 13.8815
4.911 -13.8851
4.911 13.8851
4.912 -13.8888
4.912 13.8888
4.913 -13.8925
4.913 13.8925
4.914 -13.8961
4.914 13.8961
4.915 -13.8998
4.915 13.8998
4.916 -13.9035
4.916 13.9035
4.917 -13.9071
4.917 13.9071
4.918 -13.9108
4.918 13.9108
4.919 -13.9145
4.919 13.9145
4.92 -13.9181
4.92 13.9181
4.921 -13.9218
4.921 13.9218
4.922 -13.9255
4.922 13.9255
4.923 -13.9292
4.923 13.9292
4.924 -13.9328
4.924 13.9328
4.925 -13.9365
4.925 13.9365
4.926 -13.9402
4.926 13.9402
4.927 -13.9438
4.927 13.9438
4.928 -13.9475
4.928 13.9475
4.929 -13.9512
4.929 13.9512
4.93 -13.9549
4.93 13.9549
4.931 -13.9585
4.931 13.9585
4.932 -13.9622
4.932 13.9622
4.933 -13.9659
4.933 13.9659
4.934 -13.9695
4.934 13.9695
4.935 -13.9732
4.935 13.9732
4.936 -13.9769
4.936 13.9769
4.937 -13.9806
4.937 13.9806
4.938 -13.9842
4.938 13.9842
4.939 -13.9879
4.939 13.9879
4.94 -13.9916
4.94 13.9916
4.941 -13.9953
4.941 13.9953
4.942 -13.9989
4.942 13.9989
4.943 -14.0026
4.943 14.0026
4.944 -14.0063
4.944 14.0063
4.945 -14.01
4.945 14.01
4.946 -14.0136
4.946 14.0136
4.947 -14.0173
4.947 14.0173
4.948 -14.021
4.948 14.021
4.949 -14.0247
4.949 14.0247
4.95 -14.0284
4.95 14.0284
4.951 -14.032
4.951 14.032
4.952 -14.0357
4.952 14.0357
4.953 -14.0394
4.953 14.0394
4.954 -14.0431
4.954 14.0431
4.955 -14.0468
4.955 14.0468
4.956 -14.0504
4.956 14.0504
4.957 -14.0541
4.957 14.0541
4.958 -14.0578
4.958 14.0578
4.959 -14.0615
4.959 14.0615
4.96 -14.0652
4.96 14.0652
4.961 -14.0688
4.961 14.0688
4.962 -14.0725
4.962 14.0725
4.963 -14.0762
4.963 14.0762
4.964 -14.0799
4.964 14.0799
4.965 -14.0836
4.965 14.0836
4.966 -14.0873
4.966 14.0873
4.967 -14.0909
4.967 14.0909
4.968 -14.0946
4.968 14.0946
4.969 -14.0983
4.969 14.0983
4.97 -14.102
4.97 14.102
4.971 -14.1057
4.971 14.1057
4.972 -14.1094
4.972 14.1094
4.973 -14.113
4.973 14.113
4.974 -14.1167
4.974 14.1167
4.975 -14.1204
4.975 14.1204
4.976 -14.1241
4.976 14.1241
4.977 -14.1278
4.977 14.1278
4.978 -14.1315
4.978 14.1315
4.979 -14.1352
4.979 14.1352
4.98 -14.1389
4.98 14.1389
4.981 -14.1425
4.981 14.1425
4.982 -14.1462
4.982 14.1462
4.983 -14.1499
4.983 14.1499
4.984 -14.1536
4.984 14.1536
4.985 -14.1573
4.985 14.1573
4.986 -14.161
4.986 14.161
4.987 -14.1647
4.987 14.1647
4.988 -14.1684
4.988 14.1684
4.989 -14.1721
4.989 14.1721
4.99 -14.1757
4.99 14.1757
4.991 -14.1794
4.991 14.1794
4.992 -14.1831
4.992 14.1831
4.993 -14.1868
4.993 14.1868
4.994 -14.1905
4.994 14.1905
4.995 -14.1942
4.995 14.1942
4.996 -14.1979
4.996 14.1979
4.997 -14.2016
4.997 14.2016
4.998 -14.2053
4.998 14.2053
4.999 -14.209
4.999 14.209
5 -14.2127
5 14.2127
5.001 -14.2164
5.001 14.2164
5.002 -14.2201
5.002 14.2201
5.003 -14.2238
5.003 14.2238
5.004 -14.2274
5.004 14.2274
5.005 -14.2311
5.005 14.2311
5.006 -14.2348
5.006 14.2348
5.007 -14.2385
5.007 14.2385
5.008 -14.2422
5.008 14.2422
5.009 -14.2459
5.009 14.2459
5.01 -14.2496
5.01 14.2496
5.011 -14.2533
5.011 14.2533
5.012 -14.257
5.012 14.257
5.013 -14.2607
5.013 14.2607
5.014 -14.2644
5.014 14.2644
5.015 -14.2681
5.015 14.2681
5.016 -14.2718
5.016 14.2718
5.017 -14.2755
5.017 14.2755
5.018 -14.2792
5.018 14.2792
5.019 -14.2829
5.019 14.2829
5.02 -14.2866
5.02 14.2866
5.021 -14.2903
5.021 14.2903
5.022 -14.294
5.022 14.294
5.023 -14.2977
5.023 14.2977
5.024 -14.3014
5.024 14.3014
5.025 -14.3051
5.025 14.3051
5.026 -14.3088
5.026 14.3088
5.027 -14.3125
5.027 14.3125
5.028 -14.3162
5.028 14.3162
5.029 -14.3199
5.029 14.3199
5.03 -14.3236
5.03 14.3236
5.031 -14.3273
5.031 14.3273
5.032 -14.331
5.032 14.331
5.033 -14.3347
5.033 14.3347
5.034 -14.3384
5.034 14.3384
5.035 -14.3421
5.035 14.3421
5.036 -14.3458
5.036 14.3458
5.037 -14.3496
5.037 14.3496
5.038 -14.3533
5.038 14.3533
5.039 -14.357
5.039 14.357
5.04 -14.3607
5.04 14.3607
5.041 -14.3644
5.041 14.3644
5.042 -14.3681
5.042 14.3681
5.043 -14.3718
5.043 14.3718
5.044 -14.3755
5.044 14.3755
5.045 -14.3792
5.045 14.3792
5.046 -14.3829
5.046 14.3829
5.047 -14.3866
5.047 14.3866
5.048 -14.3903
5.048 14.3903
5.049 -14.394
5.049 14.394
5.05 -14.3977
5.05 14.3977
5.051 -14.4015
5.051 14.4015
5.052 -14.4052
5.052 14.4052
5.053 -14.4089
5.053 14.4089
5.054 -14.4126
5.054 14.4126
5.055 -14.4163
5.055 14.4163
5.056 -14.42
5.056 14.42
5.057 -14.4237
5.057 14.4237
5.058 -14.4274
5.058 14.4274
5.059 -14.4311
5.059 14.4311
5.06 -14.4349
5.06 14.4349
5.061 -14.4386
5.061 14.4386
5.062 -14.4423
5.062 14.4423
5.063 -14.446
5.063 14.446
5.064 -14.4497
5.064 14.4497
5.065 -14.4534
5.065 14.4534
5.066 -14.4571
5.066 14.4571
5.067 -14.4608
5.067 14.4608
5.068 -14.4646
5.068 14.4646
5.069 -14.4683
5.069 14.4683
5.07 -14.472
5.07 14.472
5.071 -14.4757
5.071 14.4757
5.072 -14.4794
5.072 14.4794
5.073 -14.4831
5.073 14.4831
5.074 -14.4869
5.074 14.4869
5.075 -14.4906
5.075 14.4906
5.076 -14.4943
5.076 14.4943
5.077 -14.498
5.077 14.498
5.078 -14.5017
5.078 14.5017
5.079 -14.5054
5.079 14.5054
5.08 -14.5092
5.08 14.5092
5.081 -14.5129
5.081 14.5129
5.082 -14.5166
5.082 14.5166
5.083 -14.5203
5.083 14.5203
5.084 -14.524
5.084 14.524
5.085 -14.5278
5.085 14.5278
5.086 -14.5315
5.086 14.5315
5.087 -14.5352
5.087 14.5352
5.088 -14.5389
5.088 14.5389
5.089 -14.5426
5.089 14.5426
5.09 -14.5464
5.09 14.5464
5.091 -14.5501
5.091 14.5501
5.092 -14.5538
5.092 14.5538
5.093 -14.5575
5.093 14.5575
5.094 -14.5612
5.094 14.5612
5.095 -14.565
5.095 14.565
5.096 -14.5687
5.096 14.5687
5.097 -14.5724
5.097 14.5724
5.098 -14.5761
5.098 14.5761
5.099 -14.5799
5.099 14.5799
5.1 -14.5836
5.1 14.5836
5.101 -14.5873
5.101 14.5873
5.102 -14.591
5.102 14.591
5.103 -14.5948
5.103 14.5948
5.104 -14.5985
5.104 14.5985
5.105 -14.6022
5.105 14.6022
5.106 -14.6059
5.106 14.6059
5.107 -14.6097
5.107 14.6097
5.108 -14.6134
5.108 14.6134
5.109 -14.6171
5.109 14.6171
5.11 -14.6208
5.11 14.6208
5.111 -14.6246
5.111 14.6246
5.112 -14.6283
5.112 14.6283
5.113 -14.632
5.113 14.632
5.114 -14.6358
5.114 14.6358
5.115 -14.6395
5.115 14.6395
5.116 -14.6432
5.116 14.6432
5.117 -14.6469
5.117 14.6469
5.118 -14.6507
5.118 14.6507
5.119 -14.6544
5.119 14.6544
5.12 -14.6581
5.12 14.6581
5.121 -14.6619
5.121 14.6619
5.122 -14.6656
5.122 14.6656
5.123 -14.6693
5.123 14.6693
5.124 -14.6731
5.124 14.6731
5.125 -14.6768
5.125 14.6768
5.126 -14.6805
5.126 14.6805
5.127 -14.6843
5.127 14.6843
5.128 -14.688
5.128 14.688
5.129 -14.6917
5.129 14.6917
5.13 -14.6955
5.13 14.6955
5.131 -14.6992
5.131 14.6992
5.132 -14.7029
5.132 14.7029
5.133 -14.7067
5.133 14.7067
5.134 -14.7104
5.134 14.7104
5.135 -14.7141
5.135 14.7141
5.136 -14.7179
5.136 14.7179
5.137 -14.7216
5.137 14.7216
5.138 -14.7253
5.138 14.7253
5.139 -14.7291
5.139 14.7291
5.14 -14.7328
5.14 14.7328
5.141 -14.7365
5.141 14.7365
5.142 -14.7403
5.142 14.7403
5.143 -14.744
5.143 14.744
5.144 -14.7478
5.144 14.7478
5.145 -14.7515
5.145 14.7515
5.146 -14.7552
5.146 14.7552
5.147 -14.759
5.147 14.759
5.148 -14.7627
5.148 14.7627
5.149 -14.7664
5.149 14.7664
5.15 -14.7702
5.15 14.7702
5.151 -14.7739
5.151 14.7739
5.152 -14.7777
5.152 14.7777
5.153 -14.7814
5.153 14.7814
5.154 -14.7851
5.154 14.7851
5.155 -14.7889
5.155 14.7889
5.156 -14.7926
5.156 14.7926
5.157 -14.7964
5.157 14.7964
5.158 -14.8001
5.158 14.8001
5.159 -14.8039
5.159 14.8039
5.16 -14.8076
5.16 14.8076
5.161 -14.8113
5.161 14.8113
5.162 -14.8151
5.162 14.8151
5.163 -14.8188
5.163 14.8188
5.164 -14.8226
5.164 14.8226
5.165 -14.8263
5.165 14.8263
5.166 -14.8301
5.166 14.8301
5.167 -14.8338
5.167 14.8338
5.168 -14.8375
5.168 14.8375
5.169 -14.8413
5.169 14.8413
5.17 -14.845
5.17 14.845
5.171 -14.8488
5.171 14.8488
5.172 -14.8525
5.172 14.8525
5.173 -14.8563
5.173 14.8563
5.174 -14.86
5.174 14.86
5.175 -14.8638
5.175 14.8638
5.176 -14.8675
5.176 14.8675
5.177 -14.8713
5.177 14.8713
5.178 -14.875
5.178 14.875
5.179 -14.8788
5.179 14.8788
5.18 -14.8825
5.18 14.8825
5.181 -14.8863
5.181 14.8863
5.182 -14.89
5.182 14.89
5.183 -14.8938
5.183 14.8938
5.184 -14.8975
5.184 14.8975
5.185 -14.9013
5.185 14.9013
5.186 -14.905
5.186 14.905
5.187 -14.9088
5.187 14.9088
5.188 -14.9125
5.188 14.9125
5.189 -14.9163
5.189 14.9163
5.19 -14.92
5.19 14.92
5.191 -14.9238
5.191 14.9238
5.192 -14.9275
5.192 14.9275
5.193 -14.9313
5.193 14.9313
5.194 -14.935
5.194 14.935
5.195 -14.9388
5.195 14.9388
5.196 -14.9425
5.196 14.9425
5.197 -14.9463
5.197 14.9463
5.198 -14.95
5.198 14.95
5.199 -14.9538
5.199 14.9538
5.2 -14.9575
5.2 14.9575
5.201 -14.9613
5.201 14.9613
5.202 -14.965
5.202 14.965
5.203 -14.9688
5.203 14.9688
5.204 -14.9726
5.204 14.9726
5.205 -14.9763
5.205 14.9763
5.206 -14.9801
5.206 14.9801
5.207 -14.9838
5.207 14.9838
5.208 -14.9876
5.208 14.9876
5.209 -14.9913
5.209 14.9913
5.21 -14.9951
5.21 14.9951
5.211 -14.9989
5.211 14.9989
5.212 -15.0026
5.212 15.0026
5.213 -15.0064
5.213 15.0064
5.214 -15.0101
5.214 15.0101
5.215 -15.0139
5.215 15.0139
5.216 -15.0177
5.216 15.0177
5.217 -15.0214
5.217 15.0214
5.218 -15.0252
5.218 15.0252
5.219 -15.0289
5.219 15.0289
5.22 -15.0327
5.22 15.0327
5.221 -15.0365
5.221 15.0365
5.222 -15.0402
5.222 15.0402
5.223 -15.044
5.223 15.044
5.224 -15.0477
5.224 15.0477
5.225 -15.0515
5.225 15.0515
5.226 -15.0553
5.226 15.0553
5.227 -15.059
5.227 15.059
5.228 -15.0628
5.228 15.0628
5.229 -15.0666
5.229 15.0666
5.23 -15.0703
5.23 15.0703
5.231 -15.0741
5.231 15.0741
5.232 -15.0778
5.232 15.0778
5.233 -15.0816
5.233 15.0816
5.234 -15.0854
5.234 15.0854
5.235 -15.0891
5.235 15.0891
5.236 -15.0929
5.236 15.0929
5.237 -15.0967
5.237 15.0967
5.238 -15.1004
5.238 15.1004
5.239 -15.1042
5.239 15.1042
5.24 -15.108
5.24 15.108
5.241 -15.1117
5.241 15.1117
5.242 -15.1155
5.242 15.1155
5.243 -15.1193
5.243 15.1193
5.244 -15.123
5.244 15.123
5.245 -15.1268
5.245 15.1268
5.246 -15.1306
5.246 15.1306
5.247 -15.1343
5.247 15.1343
5.248 -15.1381
5.248 15.1381
5.249 -15.1419
5.249 15.1419
5.25 -15.1456
5.25 15.1456
5.251 -15.1494
5.251 15.1494
5.252 -15.1532
5.252 15.1532
5.253 -15.157
5.253 15.157
5.254 -15.1607
5.254 15.1607
5.255 -15.1645
5.255 15.1645
5.256 -15.1683
5.256 15.1683
5.257 -15.172
5.257 15.172
5.258 -15.1758
5.258 15.1758
5.259 -15.1796
5.259 15.1796
5.26 -15.1834
5.26 15.1834
5.261 -15.1871
5.261 15.1871
5.262 -15.1909
5.262 15.1909
5.263 -15.1947
5.263 15.1947
5.264 -15.1985
5.264 15.1985
5.265 -15.2022
5.265 15.2022
5.266 -15.206
5.266 15.206
5.267 -15.2098
5.267 15.2098
5.268 -15.2135
5.268 15.2135
5.269 -15.2173
5.269 15.2173
5.27 -15.2211
5.27 15.2211
5.271 -15.2249
5.271 15.2249
5.272 -15.2287
5.272 15.2287
5.273 -15.2324
5.273 15.2324
5.274 -15.2362
5.274 15.2362
5.275 -15.24
5.275 15.24
5.276 -15.2438
5.276 15.2438
5.277 -15.2475
5.277 15.2475
5.278 -15.2513
5.278 15.2513
5.279 -15.2551
5.279 15.2551
5.28 -15.2589
5.28 15.2589
5.281 -15.2627
5.281 15.2627
5.282 -15.2664
5.282 15.2664
5.283 -15.2702
5.283 15.2702
5.284 -15.274
5.284 15.274
5.285 -15.2778
5.285 15.2778
5.286 -15.2815
5.286 15.2815
5.287 -15.2853
5.287 15.2853
5.288 -15.2891
5.288 15.2891
5.289 -15.2929
5.289 15.2929
5.29 -15.2967
5.29 15.2967
5.291 -15.3005
5.291 15.3005
5.292 -15.3042
5.292 15.3042
5.293 -15.308
5.293 15.308
5.294 -15.3118
5.294 15.3118
5.295 -15.3156
5.295 15.3156
5.296 -15.3194
5.296 15.3194
5.297 -15.3232
5.297 15.3232
5.298 -15.3269
5.298 15.3269
5.299 -15.3307
5.299 15.3307
5.3 -15.3345
5.3 15.3345
5.301 -15.3383
5.301 15.3383
5.302 -15.3421
5.302 15.3421
5.303 -15.3459
5.303 15.3459
5.304 -15.3496
5.304 15.3496
5.305 -15.3534
5.305 15.3534
5.306 -15.3572
5.306 15.3572
5.307 -15.361
5.307 15.361
5.308 -15.3648
5.308 15.3648
5.309 -15.3686
5.309 15.3686
5.31 -15.3724
5.31 15.3724
5.311 -15.3762
5.311 15.3762
5.312 -15.3799
5.312 15.3799
5.313 -15.3837
5.313 15.3837
5.314 -15.3875
5.314 15.3875
5.315 -15.3913
5.315 15.3913
5.316 -15.3951
5.316 15.3951
5.317 -15.3989
5.317 15.3989
5.318 -15.4027
5.318 15.4027
5.319 -15.4065
5.319 15.4065
5.32 -15.4103
5.32 15.4103
5.321 -15.414
5.321 15.414
5.322 -15.4178
5.322 15.4178
5.323 -15.4216
5.323 15.4216
5.324 -15.4254
5.324 15.4254
5.325 -15.4292
5.325 15.4292
5.326 -15.433
5.326 15.433
5.327 -15.4368
5.327 15.4368
5.328 -15.4406
5.328 15.4406
5.329 -15.4444
5.329 15.4444
5.33 -15.4482
5.33 15.4482
5.331 -15.452
5.331 15.452
5.332 -15.4558
5.332 15.4558
5.333 -15.4596
5.333 15.4596
5.334 -15.4634
5.334 15.4634
5.335 -15.4671
5.335 15.4671
5.336 -15.4709
5.336 15.4709
5.337 -15.4747
5.337 15.4747
5.338 -15.4785
5.338 15.4785
5.339 -15.4823
5.339 15.4823
5.34 -15.4861
5.34 15.4861
5.341 -15.4899
5.341 15.4899
5.342 -15.4937
5.342 15.4937
5.343 -15.4975
5.343 15.4975
5.344 -15.5013
5.344 15.5013
5.345 -15.5051
5.345 15.5051
5.346 -15.5089
5.346 15.5089
5.347 -15.5127
5.347 15.5127
5.348 -15.5165
5.348 15.5165
5.349 -15.5203
5.349 15.5203
5.35 -15.5241
5.35 15.5241
5.351 -15.5279
5.351 15.5279
5.352 -15.5317
5.352 15.5317
5.353 -15.5355
5.353 15.5355
5.354 -15.5393
5.354 15.5393
5.355 -15.5431
5.355 15.5431
5.356 -15.5469
5.356 15.5469
5.357 -15.5507
5.357 15.5507
5.358 -15.5545
5.358 15.5545
5.359 -15.5583
5.359 15.5583
5.36 -15.5621
5.36 15.5621
5.361 -15.5659
5.361 15.5659
5.362 -15.5697
5.362 15.5697
5.363 -15.5735
5.363 15.5735
5.364 -15.5773
5.364 15.5773
5.365 -15.5811
5.365 15.5811
5.366 -15.5849
5.366 15.5849
5.367 -15.5887
5.367 15.5887
5.368 -15.5925
5.368 15.5925
5.369 -15.5964
5.369 15.5964
5.37 -15.6002
5.37 15.6002
5.371 -15.604
5.371 15.604
5.372 -15.6078
5.372 15.6078
5.373 -15.6116
5.373 15.6116
5.374 -15.6154
5.374 15.6154
5.375 -15.6192
5.375 15.6192
5.376 -15.623
5.376 15.623
5.377 -15.6268
5.377 15.6268
5.378 -15.6306
5.378 15.6306
5.379 -15.6344
5.379 15.6344
5.38 -15.6382
5.38 15.6382
5.381 -15.642
5.381 15.642
5.382 -15.6458
5.382 15.6458
5.383 -15.6497
5.383 15.6497
5.384 -15.6535
5.384 15.6535
5.385 -15.6573
5.385 15.6573
5.386 -15.6611
5.386 15.6611
5.387 -15.6649
5.387 15.6649
5.388 -15.6687
5.388 15.6687
5.389 -15.6725
5.389 15.6725
5.39 -15.6763
5.39 15.6763
5.391 -15.6801
5.391 15.6801
5.392 -15.6839
5.392 15.6839
5.393 -15.6878
5.393 15.6878
5.394 -15.6916
5.394 15.6916
5.395 -15.6954
5.395 15.6954
5.396 -15.6992
5.396 15.6992
5.397 -15.703
5.397 15.703
5.398 -15.7068
5.398 15.7068
5.399 -15.7106
5.399 15.7106
5.4 -15.7145
5.4 15.7145
5.401 -15.7183
5.401 15.7183
5.402 -15.7221
5.402 15.7221
5.403 -15.7259
5.403 15.7259
5.404 -15.7297
5.404 15.7297
5.405 -15.7335
5.405 15.7335
5.406 -15.7373
5.406 15.7373
5.407 -15.7412
5.407 15.7412
5.408 -15.745
5.408 15.745
5.409 -15.7488
5.409 15.7488
5.41 -15.7526
5.41 15.7526
5.411 -15.7564
5.411 15.7564
5.412 -15.7602
5.412 15.7602
5.413 -15.7641
5.413 15.7641
5.414 -15.7679
5.414 15.7679
5.415 -15.7717
5.415 15.7717
5.416 -15.7755
5.416 15.7755
5.417 -15.7793
5.417 15.7793
5.418 -15.7832
5.418 15.7832
5.419 -15.787
5.419 15.787
5.42 -15.7908
5.42 15.7908
5.421 -15.7946
5.421 15.7946
5.422 -15.7984
5.422 15.7984
5.423 -15.8023
5.423 15.8023
5.424 -15.8061
5.424 15.8061
5.425 -15.8099
5.425 15.8099
5.426 -15.8137
5.426 15.8137
5.427 -15.8175
5.427 15.8175
5.428 -15.8214
5.428 15.8214
5.429 -15.8252
5.429 15.8252
5.43 -15.829
5.43 15.829
5.431 -15.8328
5.431 15.8328
5.432 -15.8367
5.432 15.8367
5.433 -15.8405
5.433 15.8405
5.434 -15.8443
5.434 15.8443
5.435 -15.8481
5.435 15.8481
5.436 -15.852
5.436 15.852
5.437 -15.8558
5.437 15.8558
5.438 -15.8596
5.438 15.8596
5.439 -15.8634
5.439 15.8634
5.44 -15.8673
5.44 15.8673
5.441 -15.8711
5.441 15.8711
5.442 -15.8749
5.442 15.8749
5.443 -15.8787
5.443 15.8787
5.444 -15.8826
5.444 15.8826
5.445 -15.8864
5.445 15.8864
5.446 -15.8902
5.446 15.8902
5.447 -15.8941
5.447 15.8941
5.448 -15.8979
5.448 15.8979
5.449 -15.9017
5.449 15.9017
5.45 -15.9055
5.45 15.9055
5.451 -15.9094
5.451 15.9094
5.452 -15.9132
5.452 15.9132
5.453 -15.917
5.453 15.917
5.454 -15.9209
5.454 15.9209
5.455 -15.9247
5.455 15.9247
5.456 -15.9285
5.456 15.9285
5.457 -15.9323
5.457 15.9323
5.458 -15.9362
5.458 15.9362
5.459 -15.94
5.459 15.94
5.46 -15.9438
5.46 15.9438
5.461 -15.9477
5.461 15.9477
5.462 -15.9515
5.462 15.9515
5.463 -15.9553
5.463 15.9553
5.464 -15.9592
5.464 15.9592
5.465 -15.963
5.465 15.963
5.466 -15.9668
5.466 15.9668
5.467 -15.9707
5.467 15.9707
5.468 -15.9745
5.468 15.9745
5.469 -15.9783
5.469 15.9783
5.47 -15.9822
5.47 15.9822
5.471 -15.986
5.471 15.986
5.472 -15.9898
5.472 15.9898
5.473 -15.9937
5.473 15.9937
5.474 -15.9975
5.474 15.9975
5.475 -16.0014
5.475 16.0014
5.476 -16.0052
5.476 16.0052
5.477 -16.009
5.477 16.009
5.478 -16.0129
5.478 16.0129
5.479 -16.0167
5.479 16.0167
5.48 -16.0205
5.48 16.0205
5.481 -16.0244
5.481 16.0244
5.482 -16.0282
5.482 16.0282
5.483 -16.0321
5.483 16.0321
5.484 -16.0359
5.484 16.0359
5.485 -16.0397
5.485 16.0397
5.486 -16.0436
5.486 16.0436
5.487 -16.0474
5.487 16.0474
5.488 -16.0513
5.488 16.0513
5.489 -16.0551
5.489 16.0551
5.49 -16.0589
5.49 16.0589
5.491 -16.0628
5.491 16.0628
5.492 -16.0666
5.492 16.0666
5.493 -16.0705
5.493 16.0705
5.494 -16.0743
5.494 16.0743
5.495 -16.0781
5.495 16.0781
5.496 -16.082
5.496 16.082
5.497 -16.0858
5.497 16.0858
5.498 -16.0897
5.498 16.0897
5.499 -16.0935
5.499 16.0935
5.5 -16.0974
5.5 16.0974
5.501 -16.1012
5.501 16.1012
5.502 -16.105
5.502 16.105
5.503 -16.1089
5.503 16.1089
5.504 -16.1127
5.504 16.1127
5.505 -16.1166
5.505 16.1166
5.506 -16.1204
5.506 16.1204
5.507 -16.1243
5.507 16.1243
5.508 -16.1281
5.508 16.1281
5.509 -16.132
5.509 16.132
5.51 -16.1358
5.51 16.1358
5.511 -16.1397
5.511 16.1397
5.512 -16.1435
5.512 16.1435
5.513 -16.1474
5.513 16.1474
5.514 -16.1512
5.514 16.1512
5.515 -16.1551
5.515 16.1551
5.516 -16.1589
5.516 16.1589
5.517 -16.1627
5.517 16.1627
5.518 -16.1666
5.518 16.1666
5.519 -16.1704
5.519 16.1704
5.52 -16.1743
5.52 16.1743
5.521 -16.1781
5.521 16.1781
5.522 -16.182
5.522 16.182
5.523 -16.1858
5.523 16.1858
5.524 -16.1897
5.524 16.1897
5.525 -16.1935
5.525 16.1935
5.526 -16.1974
5.526 16.1974
5.527 -16.2012
5.527 16.2012
5.528 -16.2051
5.528 16.2051
5.529 -16.209
5.529 16.209
5.53 -16.2128
5.53 16.2128
5.531 -16.2167
5.531 16.2167
5.532 -16.2205
5.532 16.2205
5.533 -16.2244
5.533 16.2244
5.534 -16.2282
5.534 16.2282
5.535 -16.2321
5.535 16.2321
5.536 -16.2359
5.536 16.2359
5.537 -16.2398
5.537 16.2398
5.538 -16.2436
5.538 16.2436
5.539 -16.2475
5.539 16.2475
5.54 -16.2513
5.54 16.2513
5.541 -16.2552
5.541 16.2552
5.542 -16.2591
5.542 16.2591
5.543 -16.2629
5.543 16.2629
5.544 -16.2668
5.544 16.2668
5.545 -16.2706
5.545 16.2706
5.546 -16.2745
5.546 16.2745
5.547 -16.2783
5.547 16.2783
5.548 -16.2822
5.548 16.2822
5.549 -16.2861
5.549 16.2861
5.55 -16.2899
5.55 16.2899
5.551 -16.2938
5.551 16.2938
5.552 -16.2976
5.552 16.2976
5.553 -16.3015
5.553 16.3015
5.554 -16.3054
5.554 16.3054
5.555 -16.3092
5.555 16.3092
5.556 -16.3131
5.556 16.3131
5.557 -16.3169
5.557 16.3169
5.558 -16.3208
5.558 16.3208
5.559 -16.3247
5.559 16.3247
5.56 -16.3285
5.56 16.3285
5.561 -16.3324
5.561 16.3324
5.562 -16.3362
5.562 16.3362
5.563 -16.3401
5.563 16.3401
5.564 -16.344
5.564 16.344
5.565 -16.3478
5.565 16.3478
5.566 -16.3517
5.566 16.3517
5.567 -16.3556
5.567 16.3556
5.568 -16.3594
5.568 16.3594
5.569 -16.3633
5.569 16.3633
5.57 -16.3671
5.57 16.3671
5.571 -16.371
5.571 16.371
5.572 -16.3749
5.572 16.3749
5.573 -16.3787
5.573 16.3787
5.574 -16.3826
5.574 16.3826
5.575 -16.3865
5.575 16.3865
5.576 -16.3903
5.576 16.3903
5.577 -16.3942
5.577 16.3942
5.578 -16.3981
5.578 16.3981
5.579 -16.4019
5.579 16.4019
5.58 -16.4058
5.58 16.4058
5.581 -16.4097
5.581 16.4097
5.582 -16.4135
5.582 16.4135
5.583 -16.4174
5.583 16.4174
5.584 -16.4213
5.584 16.4213
5.585 -16.4251
5.585 16.4251
5.586 -16.429
5.586 16.429
5.587 -16.4329
5.587 16.4329
5.588 -16.4367
5.588 16.4367
5.589 -16.4406
5.589 16.4406
5.59 -16.4445
5.59 16.4445
5.591 -16.4484
5.591 16.4484
5.592 -16.4522
5.592 16.4522
5.593 -16.4561
5.593 16.4561
5.594 -16.46
5.594 16.46
5.595 -16.4638
5.595 16.4638
5.596 -16.4677
5.596 16.4677
5.597 -16.4716
5.597 16.4716
5.598 -16.4755
5.598 16.4755
5.599 -16.4793
5.599 16.4793
5.6 -16.4832
5.6 16.4832
5.601 -16.4871
5.601 16.4871
5.602 -16.491
5.602 16.491
5.603 -16.4948
5.603 16.4948
5.604 -16.4987
5.604 16.4987
5.605 -16.5026
5.605 16.5026
5.606 -16.5064
5.606 16.5064
5.607 -16.5103
5.607 16.5103
5.608 -16.5142
5.608 16.5142
5.609 -16.5181
5.609 16.5181
5.61 -16.5219
5.61 16.5219
5.611 -16.5258
5.611 16.5258
5.612 -16.5297
5.612 16.5297
5.613 -16.5336
5.613 16.5336
5.614 -16.5375
5.614 16.5375
5.615 -16.5413
5.615 16.5413
5.616 -16.5452
5.616 16.5452
5.617 -16.5491
5.617 16.5491
5.618 -16.553
5.618 16.553
5.619 -16.5568
5.619 16.5568
5.62 -16.5607
5.62 16.5607
5.621 -16.5646
5.621 16.5646
5.622 -16.5685
5.622 16.5685
5.623 -16.5724
5.623 16.5724
5.624 -16.5762
5.624 16.5762
5.625 -16.5801
5.625 16.5801
5.626 -16.584
5.626 16.584
5.627 -16.5879
5.627 16.5879
5.628 -16.5918
5.628 16.5918
5.629 -16.5956
5.629 16.5956
5.63 -16.5995
5.63 16.5995
5.631 -16.6034
5.631 16.6034
5.632 -16.6073
5.632 16.6073
5.633 -16.6112
5.633 16.6112
5.634 -16.6151
5.634 16.6151
5.635 -16.6189
5.635 16.6189
5.636 -16.6228
5.636 16.6228
5.637 -16.6267
5.637 16.6267
5.638 -16.6306
5.638 16.6306
5.639 -16.6345
5.639 16.6345
5.64 -16.6384
5.64 16.6384
5.641 -16.6422
5.641 16.6422
5.642 -16.6461
5.642 16.6461
5.643 -16.65
5.643 16.65
5.644 -16.6539
5.644 16.6539
5.645 -16.6578
5.645 16.6578
5.646 -16.6617
5.646 16.6617
5.647 -16.6656
5.647 16.6656
5.648 -16.6694
5.648 16.6694
5.649 -16.6733
5.649 16.6733
5.65 -16.6772
5.65 16.6772
5.651 -16.6811
5.651 16.6811
5.652 -16.685
5.652 16.685
5.653 -16.6889
5.653 16.6889
5.654 -16.6928
5.654 16.6928
5.655 -16.6967
5.655 16.6967
5.656 -16.7005
5.656 16.7005
5.657 -16.7044
5.657 16.7044
5.658 -16.7083
5.658 16.7083
5.659 -16.7122
5.659 16.7122
5.66 -16.7161
5.66 16.7161
5.661 -16.72
5.661 16.72
5.662 -16.7239
5.662 16.7239
5.663 -16.7278
5.663 16.7278
5.664 -16.7317
5.664 16.7317
5.665 -16.7356
5.665 16.7356
5.666 -16.7395
5.666 16.7395
5.667 -16.7433
5.667 16.7433
5.668 -16.7472
5.668 16.7472
5.669 -16.7511
5.669 16.7511
5.67 -16.755
5.67 16.755
5.671 -16.7589
5.671 16.7589
5.672 -16.7628
5.672 16.7628
5.673 -16.7667
5.673 16.7667
5.674 -16.7706
5.674 16.7706
5.675 -16.7745
5.675 16.7745
5.676 -16.7784
5.676 16.7784
5.677 -16.7823
5.677 16.7823
5.678 -16.7862
5.678 16.7862
5.679 -16.7901
5.679 16.7901
5.68 -16.794
5.68 16.794
5.681 -16.7979
5.681 16.7979
5.682 -16.8018
5.682 16.8018
5.683 -16.8057
5.683 16.8057
5.684 -16.8096
5.684 16.8096
5.685 -16.8135
5.685 16.8135
5.686 -16.8174
5.686 16.8174
5.687 -16.8213
5.687 16.8213
5.688 -16.8252
5.688 16.8252
5.689 -16.8291
5.689 16.8291
5.69 -16.833
5.69 16.833
5.691 -16.8369
5.691 16.8369
5.692 -16.8408
5.692 16.8408
5.693 -16.8447
5.693 16.8447
5.694 -16.8486
5.694 16.8486
5.695 -16.8525
5.695 16.8525
5.696 -16.8564
5.696 16.8564
5.697 -16.8603
5.697 16.8603
5.698 -16.8642
5.698 16.8642
5.699 -16.8681
5.699 16.8681
5.7 -16.872
5.7 16.872
5.701 -16.8759
5.701 16.8759
5.702 -16.8798
5.702 16.8798
5.703 -16.8837
5.703 16.8837
5.704 -16.8876
5.704 16.8876
5.705 -16.8915
5.705 16.8915
5.706 -16.8954
5.706 16.8954
5.707 -16.8993
5.707 16.8993
5.708 -16.9032
5.708 16.9032
5.709 -16.9071
5.709 16.9071
5.71 -16.911
5.71 16.911
5.711 -16.9149
5.711 16.9149
5.712 -16.9188
5.712 16.9188
5.713 -16.9227
5.713 16.9227
5.714 -16.9266
5.714 16.9266
5.715 -16.9305
5.715 16.9305
5.716 -16.9344
5.716 16.9344
5.717 -16.9383
5.717 16.9383
5.718 -16.9422
5.718 16.9422
5.719 -16.9461
5.719 16.9461
5.72 -16.9501
5.72 16.9501
5.721 -16.954
5.721 16.954
5.722 -16.9579
5.722 16.9579
5.723 -16.9618
5.723 16.9618
5.724 -16.9657
5.724 16.9657
5.725 -16.9696
5.725 16.9696
5.726 -16.9735
5.726 16.9735
5.727 -16.9774
5.727 16.9774
5.728 -16.9813
5.728 16.9813
5.729 -16.9852
5.729 16.9852
5.73 -16.9891
5.73 16.9891
5.731 -16.9931
5.731 16.9931
5.732 -16.997
5.732 16.997
5.733 -17.0009
5.733 17.0009
5.734 -17.0048
5.734 17.0048
5.735 -17.0087
5.735 17.0087
5.736 -17.0126
5.736 17.0126
5.737 -17.0165
5.737 17.0165
5.738 -17.0204
5.738 17.0204
5.739 -17.0244
5.739 17.0244
5.74 -17.0283
5.74 17.0283
5.741 -17.0322
5.741 17.0322
5.742 -17.0361
5.742 17.0361
5.743 -17.04
5.743 17.04
5.744 -17.0439
5.744 17.0439
5.745 -17.0478
5.745 17.0478
5.746 -17.0518
5.746 17.0518
5.747 -17.0557
5.747 17.0557
5.748 -17.0596
5.748 17.0596
5.749 -17.0635
5.749 17.0635
5.75 -17.0674
5.75 17.0674
5.751 -17.0713
5.751 17.0713
5.752 -17.0753
5.752 17.0753
5.753 -17.0792
5.753 17.0792
5.754 -17.0831
5.754 17.0831
5.755 -17.087
5.755 17.087
5.756 -17.0909
5.756 17.0909
5.757 -17.0948
5.757 17.0948
5.758 -17.0988
5.758 17.0988
5.759 -17.1027
5.759 17.1027
5.76 -17.1066
5.76 17.1066
5.761 -17.1105
5.761 17.1105
5.762 -17.1144
5.762 17.1144
5.763 -17.1184
5.763 17.1184
5.764 -17.1223
5.764 17.1223
5.765 -17.1262
5.765 17.1262
5.766 -17.1301
5.766 17.1301
5.767 -17.134
5.767 17.134
5.768 -17.138
5.768 17.138
5.769 -17.1419
5.769 17.1419
5.77 -17.1458
5.77 17.1458
5.771 -17.1497
5.771 17.1497
5.772 -17.1537
5.772 17.1537
5.773 -17.1576
5.773 17.1576
5.774 -17.1615
5.774 17.1615
5.775 -17.1654
5.775 17.1654
5.776 -17.1693
5.776 17.1693
5.777 -17.1733
5.777 17.1733
5.778 -17.1772
5.778 17.1772
5.779 -17.1811
5.779 17.1811
5.78 -17.185
5.78 17.185
5.781 -17.189
5.781 17.189
5.782 -17.1929
5.782 17.1929
5.783 -17.1968
5.783 17.1968
5.784 -17.2007
5.784 17.2007
5.785 -17.2047
5.785 17.2047
5.786 -17.2086
5.786 17.2086
5.787 -17.2125
5.787 17.2125
5.788 -17.2165
5.788 17.2165
5.789 -17.2204
5.789 17.2204
5.79 -17.2243
5.79 17.2243
5.791 -17.2282
5.791 17.2282
5.792 -17.2322
5.792 17.2322
5.793 -17.2361
5.793 17.2361
5.794 -17.24
5.794 17.24
5.795 -17.244
5.795 17.244
5.796 -17.2479
5.796 17.2479
5.797 -17.2518
5.797 17.2518
5.798 -17.2557
5.798 17.2557
5.799 -17.2597
5.799 17.2597
5.8 -17.2636
5.8 17.2636
5.801 -17.2675
5.801 17.2675
5.802 -17.2715
5.802 17.2715
5.803 -17.2754
5.803 17.2754
5.804 -17.2793
5.804 17.2793
5.805 -17.2833
5.805 17.2833
5.806 -17.2872
5.806 17.2872
5.807 -17.2911
5.807 17.2911
5.808 -17.2951
5.808 17.2951
5.809 -17.299
5.809 17.299
5.81 -17.3029
5.81 17.3029
5.811 -17.3069
5.811 17.3069
5.812 -17.3108
5.812 17.3108
5.813 -17.3147
5.813 17.3147
5.814 -17.3187
5.814 17.3187
5.815 -17.3226
5.815 17.3226
5.816 -17.3265
5.816 17.3265
5.817 -17.3305
5.817 17.3305
5.818 -17.3344
5.818 17.3344
5.819 -17.3383
5.819 17.3383
5.82 -17.3423
5.82 17.3423
5.821 -17.3462
5.821 17.3462
5.822 -17.3502
5.822 17.3502
5.823 -17.3541
5.823 17.3541
5.824 -17.358
5.824 17.358
5.825 -17.362
5.825 17.362
5.826 -17.3659
5.826 17.3659
5.827 -17.3698
5.827 17.3698
5.828 -17.3738
5.828 17.3738
5.829 -17.3777
5.829 17.3777
5.83 -17.3817
5.83 17.3817
5.831 -17.3856
5.831 17.3856
5.832 -17.3895
5.832 17.3895
5.833 -17.3935
5.833 17.3935
5.834 -17.3974
5.834 17.3974
5.835 -17.4014
5.835 17.4014
5.836 -17.4053
5.836 17.4053
5.837 -17.4092
5.837 17.4092
5.838 -17.4132
5.838 17.4132
5.839 -17.4171
5.839 17.4171
5.84 -17.4211
5.84 17.4211
5.841 -17.425
5.841 17.425
5.842 -17.429
5.842 17.429
5.843 -17.4329
5.843 17.4329
5.844 -17.4368
5.844 17.4368
5.845 -17.4408
5.845 17.4408
5.846 -17.4447
5.846 17.4447
5.847 -17.4487
5.847 17.4487
5.848 -17.4526
5.848 17.4526
5.849 -17.4566
5.849 17.4566
5.85 -17.4605
5.85 17.4605
5.851 -17.4644
5.851 17.4644
5.852 -17.4684
5.852 17.4684
5.853 -17.4723
5.853 17.4723
5.854 -17.4763
5.854 17.4763
5.855 -17.4802
5.855 17.4802
5.856 -17.4842
5.856 17.4842
5.857 -17.4881
5.857 17.4881
5.858 -17.4921
5.858 17.4921
5.859 -17.496
5.859 17.496
5.86 -17.5
5.86 17.5
5.861 -17.5039
5.861 17.5039
5.862 -17.5079
5.862 17.5079
5.863 -17.5118
5.863 17.5118
5.864 -17.5158
5.864 17.5158
5.865 -17.5197
5.865 17.5197
5.866 -17.5237
5.866 17.5237
5.867 -17.5276
5.867 17.5276
5.868 -17.5316
5.868 17.5316
5.869 -17.5355
5.869 17.5355
5.87 -17.5395
5.87 17.5395
5.871 -17.5434
5.871 17.5434
5.872 -17.5474
5.872 17.5474
5.873 -17.5513
5.873 17.5513
5.874 -17.5553
5.874 17.5553
5.875 -17.5592
5.875 17.5592
5.876 -17.5632
5.876 17.5632
5.877 -17.5671
5.877 17.5671
5.878 -17.5711
5.878 17.5711
5.879 -17.575
5.879 17.575
5.88 -17.579
5.88 17.579
5.881 -17.5829
5.881 17.5829
5.882 -17.5869
5.882 17.5869
5.883 -17.5908
5.883 17.5908
5.884 -17.5948
5.884 17.5948
5.885 -17.5988
5.885 17.5988
5.886 -17.6027
5.886 17.6027
5.887 -17.6067
5.887 17.6067
5.888 -17.6106
5.888 17.6106
5.889 -17.6146
5.889 17.6146
5.89 -17.6185
5.89 17.6185
5.891 -17.6225
5.891 17.6225
5.892 -17.6264
5.892 17.6264
5.893 -17.6304
5.893 17.6304
5.894 -17.6344
5.894 17.6344
5.895 -17.6383
5.895 17.6383
5.896 -17.6423
5.896 17.6423
5.897 -17.6462
5.897 17.6462
5.898 -17.6502
5.898 17.6502
5.899 -17.6542
5.899 17.6542
5.9 -17.6581
5.9 17.6581
5.901 -17.6621
5.901 17.6621
5.902 -17.666
5.902 17.666
5.903 -17.67
5.903 17.67
5.904 -17.674
5.904 17.674
5.905 -17.6779
5.905 17.6779
5.906 -17.6819
5.906 17.6819
5.907 -17.6858
5.907 17.6858
5.908 -17.6898
5.908 17.6898
5.909 -17.6938
5.909 17.6938
5.91 -17.6977
5.91 17.6977
5.911 -17.7017
5.911 17.7017
5.912 -17.7056
5.912 17.7056
5.913 -17.7096
5.913 17.7096
5.914 -17.7136
5.914 17.7136
5.915 -17.7175
5.915 17.7175
5.916 -17.7215
5.916 17.7215
5.917 -17.7255
5.917 17.7255
5.918 -17.7294
5.918 17.7294
5.919 -17.7334
5.919 17.7334
5.92 -17.7374
5.92 17.7374
5.921 -17.7413
5.921 17.7413
5.922 -17.7453
5.922 17.7453
5.923 -17.7493
5.923 17.7493
5.924 -17.7532
5.924 17.7532
5.925 -17.7572
5.925 17.7572
5.926 -17.7612
5.926 17.7612
5.927 -17.7651
5.927 17.7651
5.928 -17.7691
5.928 17.7691
5.929 -17.7731
5.929 17.7731
5.93 -17.777
5.93 17.777
5.931 -17.781
5.931 17.781
5.932 -17.785
5.932 17.785
5.933 -17.7889
5.933 17.7889
5.934 -17.7929
5.934 17.7929
5.935 -17.7969
5.935 17.7969
5.936 -17.8008
5.936 17.8008
5.937 -17.8048
5.937 17.8048
5.938 -17.8088
5.938 17.8088
5.939 -17.8127
5.939 17.8127
5.94 -17.8167
5.94 17.8167
5.941 -17.8207
5.941 17.8207
5.942 -17.8247
5.942 17.8247
5.943 -17.8286
5.943 17.8286
5.944 -17.8326
5.944 17.8326
5.945 -17.8366
5.945 17.8366
5.946 -17.8405
5.946 17.8405
5.947 -17.8445
5.947 17.8445
5.948 -17.8485
5.948 17.8485
5.949 -17.8525
5.949 17.8525
5.95 -17.8564
5.95 17.8564
5.951 -17.8604
5.951 17.8604
5.952 -17.8644
5.952 17.8644
5.953 -17.8684
5.953 17.8684
5.954 -17.8723
5.954 17.8723
5.955 -17.8763
5.955 17.8763
5.956 -17.8803
5.956 17.8803
5.957 -17.8843
5.957 17.8843
5.958 -17.8882
5.958 17.8882
5.959 -17.8922
5.959 17.8922
5.96 -17.8962
5.96 17.8962
5.961 -17.9002
5.961 17.9002
5.962 -17.9041
5.962 17.9041
5.963 -17.9081
5.963 17.9081
5.964 -17.9121
5.964 17.9121
5.965 -17.9161
5.965 17.9161
5.966 -17.9201
5.966 17.9201
5.967 -17.924
5.967 17.924
5.968 -17.928
5.968 17.928
5.969 -17.932
5.969 17.932
5.97 -17.936
5.97 17.936
5.971 -17.9399
5.971 17.9399
5.972 -17.9439
5.972 17.9439
5.973 -17.9479
5.973 17.9479
5.974 -17.9519
5.974 17.9519
5.975 -17.9559
5.975 17.9559
5.976 -17.9598
5.976 17.9598
5.977 -17.9638
5.977 17.9638
5.978 -17.9678
5.978 17.9678
5.979 -17.9718
5.979 17.9718
5.98 -17.9758
5.98 17.9758
5.981 -17.9798
5.981 17.9798
5.982 -17.9837
5.982 17.9837
5.983 -17.9877
5.983 17.9877
5.984 -17.9917
5.984 17.9917
5.985 -17.9957
5.985 17.9957
5.986 -17.9997
5.986 17.9997
5.987 -18.0037
5.987 18.0037
5.988 -18.0076
5.988 18.0076
5.989 -18.0116
5.989 18.0116
5.99 -18.0156
5.99 18.0156
5.991 -18.0196
5.991 18.0196
5.992 -18.0236
5.992 18.0236
5.993 -18.0276
5.993 18.0276
5.994 -18.0315
5.994 18.0315
5.995 -18.0355
5.995 18.0355
5.996 -18.0395
5.996 18.0395
5.997 -18.0435
5.997 18.0435
5.998 -18.0475
5.998 18.0475
5.999 -18.0515
5.999 18.0515
6 -18.0555
6 18.0555
6.001 -18.0595
6.001 18.0595
6.002 -18.0634
6.002 18.0634
6.003 -18.0674
6.003 18.0674
6.004 -18.0714
6.004 18.0714
6.005 -18.0754
6.005 18.0754
6.006 -18.0794
6.006 18.0794
6.007 -18.0834
6.007 18.0834
6.008 -18.0874
6.008 18.0874
6.009 -18.0914
6.009 18.0914
6.01 -18.0954
6.01 18.0954
6.011 -18.0994
6.011 18.0994
6.012 -18.1033
6.012 18.1033
6.013 -18.1073
6.013 18.1073
6.014 -18.1113
6.014 18.1113
6.015 -18.1153
6.015 18.1153
6.016 -18.1193
6.016 18.1193
6.017 -18.1233
6.017 18.1233
6.018 -18.1273
6.018 18.1273
6.019 -18.1313
6.019 18.1313
6.02 -18.1353
6.02 18.1353
6.021 -18.1393
6.021 18.1393
6.022 -18.1433
6.022 18.1433
6.023 -18.1473
6.023 18.1473
6.024 -18.1513
6.024 18.1513
6.025 -18.1553
6.025 18.1553
6.026 -18.1592
6.026 18.1592
6.027 -18.1632
6.027 18.1632
6.028 -18.1672
6.028 18.1672
6.029 -18.1712
6.029 18.1712
6.03 -18.1752
6.03 18.1752
6.031 -18.1792
6.031 18.1792
6.032 -18.1832
6.032 18.1832
6.033 -18.1872
6.033 18.1872
6.034 -18.1912
6.034 18.1912
6.035 -18.1952
6.035 18.1952
6.036 -18.1992
6.036 18.1992
6.037 -18.2032
6.037 18.2032
6.038 -18.2072
6.038 18.2072
6.039 -18.2112
6.039 18.2112
6.04 -18.2152
6.04 18.2152
6.041 -18.2192
6.041 18.2192
6.042 -18.2232
6.042 18.2232
6.043 -18.2272
6.043 18.2272
6.044 -18.2312
6.044 18.2312
6.045 -18.2352
6.045 18.2352
6.046 -18.2392
6.046 18.2392
6.047 -18.2432
6.047 18.2432
6.048 -18.2472
6.048 18.2472
6.049 -18.2512
6.049 18.2512
6.05 -18.2552
6.05 18.2552
6.051 -18.2592
6.051 18.2592
6.052 -18.2632
6.052 18.2632
6.053 -18.2672
6.053 18.2672
6.054 -18.2712
6.054 18.2712
6.055 -18.2752
6.055 18.2752
6.056 -18.2792
6.056 18.2792
6.057 -18.2832
6.057 18.2832
6.058 -18.2872
6.058 18.2872
6.059 -18.2912
6.059 18.2912
6.06 -18.2952
6.06 18.2952
6.061 -18.2992
6.061 18.2992
6.062 -18.3033
6.062 18.3033
6.063 -18.3073
6.063 18.3073
6.064 -18.3113
6.064 18.3113
6.065 -18.3153
6.065 18.3153
6.066 -18.3193
6.066 18.3193
6.067 -18.3233
6.067 18.3233
6.068 -18.3273
6.068 18.3273
6.069 -18.3313
6.069 18.3313
6.07 -18.3353
6.07 18.3353
6.071 -18.3393
6.071 18.3393
6.072 -18.3433
6.072 18.3433
6.073 -18.3473
6.073 18.3473
6.074 -18.3513
6.074 18.3513
6.075 -18.3553
6.075 18.3553
6.076 -18.3594
6.076 18.3594
6.077 -18.3634
6.077 18.3634
6.078 -18.3674
6.078 18.3674
6.079 -18.3714
6.079 18.3714
6.08 -18.3754
6.08 18.3754
6.081 -18.3794
6.081 18.3794
6.082 -18.3834
6.082 18.3834
6.083 -18.3874
6.083 18.3874
6.084 -18.3914
6.084 18.3914
6.085 -18.3954
6.085 18.3954
6.086 -18.3995
6.086 18.3995
6.087 -18.4035
6.087 18.4035
6.088 -18.4075
6.088 18.4075
6.089 -18.4115
6.089 18.4115
6.09 -18.4155
6.09 18.4155
6.091 -18.4195
6.091 18.4195
6.092 -18.4235
6.092 18.4235
6.093 -18.4275
6.093 18.4275
6.094 -18.4316
6.094 18.4316
6.095 -18.4356
6.095 18.4356
6.096 -18.4396
6.096 18.4396
6.097 -18.4436
6.097 18.4436
6.098 -18.4476
6.098 18.4476
6.099 -18.4516
6.099 18.4516
6.1 -18.4556
6.1 18.4556
6.101 -18.4597
6.101 18.4597
6.102 -18.4637
6.102 18.4637
6.103 -18.4677
6.103 18.4677
6.104 -18.4717
6.104 18.4717
6.105 -18.4757
6.105 18.4757
6.106 -18.4797
6.106 18.4797
6.107 -18.4838
6.107 18.4838
6.108 -18.4878
6.108 18.4878
6.109 -18.4918
6.109 18.4918
6.11 -18.4958
6.11 18.4958
6.111 -18.4998
6.111 18.4998
6.112 -18.5039
6.112 18.5039
6.113 -18.5079
6.113 18.5079
6.114 -18.5119
6.114 18.5119
6.115 -18.5159
6.115 18.5159
6.116 -18.5199
6.116 18.5199
6.117 -18.524
6.117 18.524
6.118 -18.528
6.118 18.528
6.119 -18.532
6.119 18.532
6.12 -18.536
6.12 18.536
6.121 -18.54
6.121 18.54
6.122 -18.5441
6.122 18.5441
6.123 -18.5481
6.123 18.5481
6.124 -18.5521
6.124 18.5521
6.125 -18.5561
6.125 18.5561
6.126 -18.5602
6.126 18.5602
6.127 -18.5642
6.127 18.5642
6.128 -18.5682
6.128 18.5682
6.129 -18.5722
6.129 18.5722
6.13 -18.5763
6.13 18.5763
6.131 -18.5803
6.131 18.5803
6.132 -18.5843
6.132 18.5843
6.133 -18.5883
6.133 18.5883
6.134 -18.5924
6.134 18.5924
6.135 -18.5964
6.135 18.5964
6.136 -18.6004
6.136 18.6004
6.137 -18.6044
6.137 18.6044
6.138 -18.6085
6.138 18.6085
6.139 -18.6125
6.139 18.6125
6.14 -18.6165
6.14 18.6165
6.141 -18.6205
6.141 18.6205
6.142 -18.6246
6.142 18.6246
6.143 -18.6286
6.143 18.6286
6.144 -18.6326
6.144 18.6326
6.145 -18.6366
6.145 18.6366
6.146 -18.6407
6.146 18.6407
6.147 -18.6447
6.147 18.6447
6.148 -18.6487
6.148 18.6487
6.149 -18.6528
6.149 18.6528
6.15 -18.6568
6.15 18.6568
6.151 -18.6608
6.151 18.6608
6.152 -18.6649
6.152 18.6649
6.153 -18.6689
6.153 18.6689
6.154 -18.6729
6.154 18.6729
6.155 -18.6769
6.155 18.6769
6.156 -18.681
6.156 18.681
6.157 -18.685
6.157 18.685
6.158 -18.689
6.158 18.689
6.159 -18.6931
6.159 18.6931
6.16 -18.6971
6.16 18.6971
6.161 -18.7011
6.161 18.7011
6.162 -18.7052
6.162 18.7052
6.163 -18.7092
6.163 18.7092
6.164 -18.7132
6.164 18.7132
6.165 -18.7173
6.165 18.7173
6.166 -18.7213
6.166 18.7213
6.167 -18.7253
6.167 18.7253
6.168 -18.7294
6.168 18.7294
6.169 -18.7334
6.169 18.7334
6.17 -18.7374
6.17 18.7374
6.171 -18.7415
6.171 18.7415
6.172 -18.7455
6.172 18.7455
6.173 -18.7496
6.173 18.7496
6.174 -18.7536
6.174 18.7536
6.175 -18.7576
6.175 18.7576
6.176 -18.7617
6.176 18.7617
6.177 -18.7657
6.177 18.7657
6.178 -18.7697
6.178 18.7697
6.179 -18.7738
6.179 18.7738
6.18 -18.7778
6.18 18.7778
6.181 -18.7819
6.181 18.7819
6.182 -18.7859
6.182 18.7859
6.183 -18.7899
6.183 18.7899
6.184 -18.794
6.184 18.794
6.185 -18.798
6.185 18.798
6.186 -18.802
6.186 18.802
6.187 -18.8061
6.187 18.8061
6.188 -18.8101
6.188 18.8101
6.189 -18.8142
6.189 18.8142
6.19 -18.8182
6.19 18.8182
6.191 -18.8222
6.191 18.8222
6.192 -18.8263
6.192 18.8263
6.193 -18.8303
6.193 18.8303
6.194 -18.8344
6.194 18.8344
6.195 -18.8384
6.195 18.8384
6.196 -18.8425
6.196 18.8425
6.197 -18.8465
6.197 18.8465
6.198 -18.8505
6.198 18.8505
6.199 -18.8546
6.199 18.8546
6.2 -18.8586
6.2 18.8586
6.201 -18.8627
6.201 18.8627
6.202 -18.8667
6.202 18.8667
6.203 -18.8708
6.203 18.8708
6.204 -18.8748
6.204 18.8748
6.205 -18.8789
6.205 18.8789
6.206 -18.8829
6.206 18.8829
6.207 -18.8869
6.207 18.8869
6.208 -18.891
6.208 18.891
6.209 -18.895
6.209 18.895
6.21 -18.8991
6.21 18.8991
6.211 -18.9031
6.211 18.9031
6.212 -18.9072
6.212 18.9072
6.213 -18.9112
6.213 18.9112
6.214 -18.9153
6.214 18.9153
6.215 -18.9193
6.215 18.9193
6.216 -18.9234
6.216 18.9234
6.217 -18.9274
6.217 18.9274
6.218 -18.9315
6.218 18.9315
6.219 -18.9355
6.219 18.9355
6.22 -18.9396
6.22 18.9396
6.221 -18.9436
6.221 18.9436
6.222 -18.9477
6.222 18.9477
6.223 -18.9517
6.223 18.9517
6.224 -18.9558
6.224 18.9558
6.225 -18.9598
6.225 18.9598
6.226 -18.9639
6.226 18.9639
6.227 -18.9679
6.227 18.9679
6.228 -18.972
6.228 18.972
6.229 -18.976
6.229 18.976
6.23 -18.9801
6.23 18.9801
6.231 -18.9841
6.231 18.9841
6.232 -18.9882
6.232 18.9882
6.233 -18.9922
6.233 18.9922
6.234 -18.9963
6.234 18.9963
6.235 -19.0003
6.235 19.0003
6.236 -19.0044
6.236 19.0044
6.237 -19.0084
6.237 19.0084
6.238 -19.0125
6.238 19.0125
6.239 -19.0166
6.239 19.0166
6.24 -19.0206
6.24 19.0206
6.241 -19.0247
6.241 19.0247
6.242 -19.0287
6.242 19.0287
6.243 -19.0328
6.243 19.0328
6.244 -19.0368
6.244 19.0368
6.245 -19.0409
6.245 19.0409
6.246 -19.0449
6.246 19.0449
6.247 -19.049
6.247 19.049
6.248 -19.0531
6.248 19.0531
6.249 -19.0571
6.249 19.0571
6.25 -19.0612
6.25 19.0612
6.251 -19.0652
6.251 19.0652
6.252 -19.0693
6.252 19.0693
6.253 -19.0733
6.253 19.0733
6.254 -19.0774
6.254 19.0774
6.255 -19.0815
6.255 19.0815
6.256 -19.0855
6.256 19.0855
6.257 -19.0896
6.257 19.0896
6.258 -19.0936
6.258 19.0936
6.259 -19.0977
6.259 19.0977
6.26 -19.1018
6.26 19.1018
6.261 -19.1058
6.261 19.1058
6.262 -19.1099
6.262 19.1099
6.263 -19.1139
6.263 19.1139
6.264 -19.118
6.264 19.118
6.265 -19.1221
6.265 19.1221
6.266 -19.1261
6.266 19.1261
6.267 -19.1302
6.267 19.1302
6.268 -19.1343
6.268 19.1343
6.269 -19.1383
6.269 19.1383
6.27 -19.1424
6.27 19.1424
6.271 -19.1464
6.271 19.1464
6.272 -19.1505
6.272 19.1505
6.273 -19.1546
6.273 19.1546
6.274 -19.1586
6.274 19.1586
6.275 -19.1627
6.275 19.1627
6.276 -19.1668
6.276 19.1668
6.277 -19.1708
6.277 19.1708
6.278 -19.1749
6.278 19.1749
6.279 -19.179
6.279 19.179
6.28 -19.183
6.28 19.183
6.281 -19.1871
6.281 19.1871
6.282 -19.1912
6.282 19.1912
6.283 -19.1952
6.283 19.1952
6.284 -19.1993
6.284 19.1993
6.285 -19.2034
6.285 19.2034
6.286 -19.2074
6.286 19.2074
6.287 -19.2115
6.287 19.2115
6.288 -19.2156
6.288 19.2156
6.289 -19.2196
6.289 19.2196
6.29 -19.2237
6.29 19.2237
6.291 -19.2278
6.291 19.2278
6.292 -19.2318
6.292 19.2318
6.293 -19.2359
6.293 19.2359
6.294 -19.24
6.294 19.24
6.295 -19.244
6.295 19.244
6.296 -19.2481
6.296 19.2481
6.297 -19.2522
6.297 19.2522
6.298 -19.2563
6.298 19.2563
6.299 -19.2603
6.299 19.2603
6.3 -19.2644
6.3 19.2644
6.301 -19.2685
6.301 19.2685
6.302 -19.2725
6.302 19.2725
6.303 -19.2766
6.303 19.2766
6.304 -19.2807
6.304 19.2807
6.305 -19.2848
6.305 19.2848
6.306 -19.2888
6.306 19.2888
6.307 -19.2929
6.307 19.2929
6.308 -19.297
6.308 19.297
6.309 -19.3011
6.309 19.3011
6.31 -19.3051
6.31 19.3051
6.311 -19.3092
6.311 19.3092
6.312 -19.3133
6.312 19.3133
6.313 -19.3174
6.313 19.3174
6.314 -19.3214
6.314 19.3214
6.315 -19.3255
6.315 19.3255
6.316 -19.3296
6.316 19.3296
6.317 -19.3337
6.317 19.3337
6.318 -19.3377
6.318 19.3377
6.319 -19.3418
6.319 19.3418
6.32 -19.3459
6.32 19.3459
6.321 -19.35
6.321 19.35
6.322 -19.354
6.322 19.354
6.323 -19.3581
6.323 19.3581
6.324 -19.3622
6.324 19.3622
6.325 -19.3663
6.325 19.3663
6.326 -19.3703
6.326 19.3703
6.327 -19.3744
6.327 19.3744
6.328 -19.3785
6.328 19.3785
6.329 -19.3826
6.329 19.3826
6.33 -19.3867
6.33 19.3867
6.331 -19.3907
6.331 19.3907
6.332 -19.3948
6.332 19.3948
6.333 -19.3989
6.333 19.3989
6.334 -19.403
6.334 19.403
6.335 -19.4071
6.335 19.4071
6.336 -19.4112
6.336 19.4112
6.337 -19.4152
6.337 19.4152
6.338 -19.4193
6.338 19.4193
6.339 -19.4234
6.339 19.4234
6.34 -19.4275
6.34 19.4275
6.341 -19.4316
6.341 19.4316
6.342 -19.4356
6.342 19.4356
6.343 -19.4397
6.343 19.4397
6.344 -19.4438
6.344 19.4438
6.345 -19.4479
6.345 19.4479
6.346 -19.452
6.346 19.452
6.347 -19.4561
6.347 19.4561
6.348 -19.4601
6.348 19.4601
6.349 -19.4642
6.349 19.4642
6.35 -19.4683
6.35 19.4683
6.351 -19.4724
6.351 19.4724
6.352 -19.4765
6.352 19.4765
6.353 -19.4806
6.353 19.4806
6.354 -19.4847
6.354 19.4847
6.355 -19.4887
6.355 19.4887
6.356 -19.4928
6.356 19.4928
6.357 -19.4969
6.357 19.4969
6.358 -19.501
6.358 19.501
6.359 -19.5051
6.359 19.5051
6.36 -19.5092
6.36 19.5092
6.361 -19.5133
6.361 19.5133
6.362 -19.5174
6.362 19.5174
6.363 -19.5214
6.363 19.5214
6.364 -19.5255
6.364 19.5255
6.365 -19.5296
6.365 19.5296
6.366 -19.5337
6.366 19.5337
6.367 -19.5378
6.367 19.5378
6.368 -19.5419
6.368 19.5419
6.369 -19.546
6.369 19.546
6.37 -19.5501
6.37 19.5501
6.371 -19.5542
6.371 19.5542
6.372 -19.5583
6.372 19.5583
6.373 -19.5624
6.373 19.5624
6.374 -19.5664
6.374 19.5664
6.375 -19.5705
6.375 19.5705
6.376 -19.5746
6.376 19.5746
6.377 -19.5787
6.377 19.5787
6.378 -19.5828
6.378 19.5828
6.379 -19.5869
6.379 19.5869
6.38 -19.591
6.38 19.591
6.381 -19.5951
6.381 19.5951
6.382 -19.5992
6.382 19.5992
6.383 -19.6033
6.383 19.6033
6.384 -19.6074
6.384 19.6074
6.385 -19.6115
6.385 19.6115
6.386 -19.6156
6.386 19.6156
6.387 -19.6197
6.387 19.6197
6.388 -19.6238
6.388 19.6238
6.389 -19.6279
6.389 19.6279
6.39 -19.6319
6.39 19.6319
6.391 -19.636
6.391 19.636
6.392 -19.6401
6.392 19.6401
6.393 -19.6442
6.393 19.6442
6.394 -19.6483
6.394 19.6483
6.395 -19.6524
6.395 19.6524
6.396 -19.6565
6.396 19.6565
6.397 -19.6606
6.397 19.6606
6.398 -19.6647
6.398 19.6647
6.399 -19.6688
6.399 19.6688
6.4 -19.6729
6.4 19.6729
6.401 -19.677
6.401 19.677
6.402 -19.6811
6.402 19.6811
6.403 -19.6852
6.403 19.6852
6.404 -19.6893
6.404 19.6893
6.405 -19.6934
6.405 19.6934
6.406 -19.6975
6.406 19.6975
6.407 -19.7016
6.407 19.7016
6.408 -19.7057
6.408 19.7057
6.409 -19.7098
6.409 19.7098
6.41 -19.7139
6.41 19.7139
6.411 -19.718
6.411 19.718
6.412 -19.7221
6.412 19.7221
6.413 -19.7262
6.413 19.7262
6.414 -19.7303
6.414 19.7303
6.415 -19.7344
6.415 19.7344
6.416 -19.7385
6.416 19.7385
6.417 -19.7426
6.417 19.7426
6.418 -19.7468
6.418 19.7468
6.419 -19.7509
6.419 19.7509
6.42 -19.755
6.42 19.755
6.421 -19.7591
6.421 19.7591
6.422 -19.7632
6.422 19.7632
6.423 -19.7673
6.423 19.7673
6.424 -19.7714
6.424 19.7714
6.425 -19.7755
6.425 19.7755
6.426 -19.7796
6.426 19.7796
6.427 -19.7837
6.427 19.7837
6.428 -19.7878
6.428 19.7878
6.429 -19.7919
6.429 19.7919
6.43 -19.796
6.43 19.796
6.431 -19.8001
6.431 19.8001
6.432 -19.8042
6.432 19.8042
6.433 -19.8083
6.433 19.8083
6.434 -19.8125
6.434 19.8125
6.435 -19.8166
6.435 19.8166
6.436 -19.8207
6.436 19.8207
6.437 -19.8248
6.437 19.8248
6.438 -19.8289
6.438 19.8289
6.439 -19.833
6.439 19.833
6.44 -19.8371
6.44 19.8371
6.441 -19.8412
6.441 19.8412
6.442 -19.8453
6.442 19.8453
6.443 -19.8494
6.443 19.8494
6.444 -19.8535
6.444 19.8535
6.445 -19.8577
6.445 19.8577
6.446 -19.8618
6.446 19.8618
6.447 -19.8659
6.447 19.8659
6.448 -19.87
6.448 19.87
6.449 -19.8741
6.449 19.8741
6.45 -19.8782
6.45 19.8782
6.451 -19.8823
6.451 19.8823
6.452 -19.8864
6.452 19.8864
6.453 -19.8906
6.453 19.8906
6.454 -19.8947
6.454 19.8947
6.455 -19.8988
6.455 19.8988
6.456 -19.9029
6.456 19.9029
6.457 -19.907
6.457 19.907
6.458 -19.9111
6.458 19.9111
6.459 -19.9152
6.459 19.9152
6.46 -19.9194
6.46 19.9194
6.461 -19.9235
6.461 19.9235
6.462 -19.9276
6.462 19.9276
6.463 -19.9317
6.463 19.9317
6.464 -19.9358
6.464 19.9358
6.465 -19.9399
6.465 19.9399
6.466 -19.9441
6.466 19.9441
6.467 -19.9482
6.467 19.9482
6.468 -19.9523
6.468 19.9523
6.469 -19.9564
6.469 19.9564
6.47 -19.9605
6.47 19.9605
6.471 -19.9646
6.471 19.9646
6.472 -19.9688
6.472 19.9688
6.473 -19.9729
6.473 19.9729
6.474 -19.977
6.474 19.977
6.475 -19.9811
6.475 19.9811
6.476 -19.9852
6.476 19.9852
6.477 -19.9894
6.477 19.9894
6.478 -19.9935
6.478 19.9935
6.479 -19.9976
6.479 19.9976
6.48 -20.0017
6.48 20.0017
6.481 -20.0058
6.481 20.0058
6.482 -20.01
6.482 20.01
6.483 -20.0141
6.483 20.0141
6.484 -20.0182
6.484 20.0182
6.485 -20.0223
6.485 20.0223
6.486 -20.0265
6.486 20.0265
6.487 -20.0306
6.487 20.0306
6.488 -20.0347
6.488 20.0347
6.489 -20.0388
6.489 20.0388
6.49 -20.0429
6.49 20.0429
6.491 -20.0471
6.491 20.0471
6.492 -20.0512
6.492 20.0512
6.493 -20.0553
6.493 20.0553
6.494 -20.0594
6.494 20.0594
6.495 -20.0636
6.495 20.0636
6.496 -20.0677
6.496 20.0677
6.497 -20.0718
6.497 20.0718
6.498 -20.0759
6.498 20.0759
6.499 -20.0801
6.499 20.0801
6.5 -20.0842
6.5 20.0842
6.501 -20.0883
6.501 20.0883
6.502 -20.0925
6.502 20.0925
6.503 -20.0966
6.503 20.0966
6.504 -20.1007
6.504 20.1007
6.505 -20.1048
6.505 20.1048
6.506 -20.109
6.506 20.109
6.507 -20.1131
6.507 20.1131
6.508 -20.1172
6.508 20.1172
6.509 -20.1213
6.509 20.1213
6.51 -20.1255
6.51 20.1255
6.511 -20.1296
6.511 20.1296
6.512 -20.1337
6.512 20.1337
6.513 -20.1379
6.513 20.1379
6.514 -20.142
6.514 20.142
6.515 -20.1461
6.515 20.1461
6.516 -20.1503
6.516 20.1503
6.517 -20.1544
6.517 20.1544
6.518 -20.1585
6.518 20.1585
6.519 -20.1626
6.519 20.1626
6.52 -20.1668
6.52 20.1668
6.521 -20.1709
6.521 20.1709
6.522 -20.175
6.522 20.175
6.523 -20.1792
6.523 20.1792
6.524 -20.1833
6.524 20.1833
6.525 -20.1874
6.525 20.1874
6.526 -20.1916
6.526 20.1916
6.527 -20.1957
6.527 20.1957
6.528 -20.1998
6.528 20.1998
6.529 -20.204
6.529 20.204
6.53 -20.2081
6.53 20.2081
6.531 -20.2122
6.531 20.2122
6.532 -20.2164
6.532 20.2164
6.533 -20.2205
6.533 20.2205
6.534 -20.2247
6.534 20.2247
6.535 -20.2288
6.535 20.2288
6.536 -20.2329
6.536 20.2329
6.537 -20.2371
6.537 20.2371
6.538 -20.2412
6.538 20.2412
6.539 -20.2453
6.539 20.2453
6.54 -20.2495
6.54 20.2495
6.541 -20.2536
6.541 20.2536
6.542 -20.2577
6.542 20.2577
6.543 -20.2619
6.543 20.2619
6.544 -20.266
6.544 20.266
6.545 -20.2702
6.545 20.2702
6.546 -20.2743
6.546 20.2743
6.547 -20.2784
6.547 20.2784
6.548 -20.2826
6.548 20.2826
6.549 -20.2867
6.549 20.2867
6.55 -20.2909
6.55 20.2909
6.551 -20.295
6.551 20.295
6.552 -20.2991
6.552 20.2991
6.553 -20.3033
6.553 20.3033
6.554 -20.3074
6.554 20.3074
6.555 -20.3116
6.555 20.3116
6.556 -20.3157
6.556 20.3157
6.557 -20.3198
6.557 20.3198
6.558 -20.324
6.558 20.324
6.559 -20.3281
6.559 20.3281
6.56 -20.3323
6.56 20.3323
6.561 -20.3364
6.561 20.3364
6.562 -20.3406
6.562 20.3406
6.563 -20.3447
6.563 20.3447
6.564 -20.3488
6.564 20.3488
6.565 -20.353
6.565 20.353
6.566 -20.3571
6.566 20.3571
6.567 -20.3613
6.567 20.3613
6.568 -20.3654
6.568 20.3654
6.569 -20.3696
6.569 20.3696
6.57 -20.3737
6.57 20.3737
6.571 -20.3779
6.571 20.3779
6.572 -20.382
6.572 20.382
6.573 -20.3861
6.573 20.3861
6.574 -20.3903
6.574 20.3903
6.575 -20.3944
6.575 20.3944
6.576 -20.3986
6.576 20.3986
6.577 -20.4027
6.577 20.4027
6.578 -20.4069
6.578 20.4069
6.579 -20.411
6.579 20.411
6.58 -20.4152
6.58 20.4152
6.581 -20.4193
6.581 20.4193
6.582 -20.4235
6.582 20.4235
6.583 -20.4276
6.583 20.4276
6.584 -20.4318
6.584 20.4318
6.585 -20.4359
6.585 20.4359
6.586 -20.4401
6.586 20.4401
6.587 -20.4442
6.587 20.4442
6.588 -20.4484
6.588 20.4484
6.589 -20.4525
6.589 20.4525
6.59 -20.4567
6.59 20.4567
6.591 -20.4608
6.591 20.4608
6.592 -20.465
6.592 20.465
6.593 -20.4691
6.593 20.4691
6.594 -20.4733
6.594 20.4733
6.595 -20.4774
6.595 20.4774
6.596 -20.4816
6.596 20.4816
6.597 -20.4857
6.597 20.4857
6.598 -20.4899
6.598 20.4899
6.599 -20.494
6.599 20.494
6.6 -20.4982
6.6 20.4982
6.601 -20.5023
6.601 20.5023
6.602 -20.5065
6.602 20.5065
6.603 -20.5107
6.603 20.5107
6.604 -20.5148
6.604 20.5148
6.605 -20.519
6.605 20.519
6.606 -20.5231
6.606 20.5231
6.607 -20.5273
6.607 20.5273
6.608 -20.5314
6.608 20.5314
6.609 -20.5356
6.609 20.5356
6.61 -20.5397
6.61 20.5397
6.611 -20.5439
6.611 20.5439
6.612 -20.5481
6.612 20.5481
6.613 -20.5522
6.613 20.5522
6.614 -20.5564
6.614 20.5564
6.615 -20.5605
6.615 20.5605
6.616 -20.5647
6.616 20.5647
6.617 -20.5688
6.617 20.5688
6.618 -20.573
6.618 20.573
6.619 -20.5772
6.619 20.5772
6.62 -20.5813
6.62 20.5813
6.621 -20.5855
6.621 20.5855
6.622 -20.5896
6.622 20.5896
6.623 -20.5938
6.623 20.5938
6.624 -20.598
6.624 20.598
6.625 -20.6021
6.625 20.6021
6.626 -20.6063
6.626 20.6063
6.627 -20.6104
6.627 20.6104
6.628 -20.6146
6.628 20.6146
6.629 -20.6188
6.629 20.6188
6.63 -20.6229
6.63 20.6229
6.631 -20.6271
6.631 20.6271
6.632 -20.6312
6.632 20.6312
6.633 -20.6354
6.633 20.6354
6.634 -20.6396
6.634 20.6396
6.635 -20.6437
6.635 20.6437
6.636 -20.6479
6.636 20.6479
6.637 -20.6521
6.637 20.6521
6.638 -20.6562
6.638 20.6562
6.639 -20.6604
6.639 20.6604
6.64 -20.6646
6.64 20.6646
6.641 -20.6687
6.641 20.6687
6.642 -20.6729
6.642 20.6729
6.643 -20.677
6.643 20.677
6.644 -20.6812
6.644 20.6812
6.645 -20.6854
6.645 20.6854
6.646 -20.6895
6.646 20.6895
6.647 -20.6937
6.647 20.6937
6.648 -20.6979
6.648 20.6979
6.649 -20.702
6.649 20.702
6.65 -20.7062
6.65 20.7062
6.651 -20.7104
6.651 20.7104
6.652 -20.7145
6.652 20.7145
6.653 -20.7187
6.653 20.7187
6.654 -20.7229
6.654 20.7229
6.655 -20.727
6.655 20.727
6.656 -20.7312
6.656 20.7312
6.657 -20.7354
6.657 20.7354
6.658 -20.7396
6.658 20.7396
6.659 -20.7437
6.659 20.7437
6.66 -20.7479
6.66 20.7479
6.661 -20.7521
6.661 20.7521
6.662 -20.7562
6.662 20.7562
6.663 -20.7604
6.663 20.7604
6.664 -20.7646
6.664 20.7646
6.665 -20.7687
6.665 20.7687
6.666 -20.7729
6.666 20.7729
6.667 -20.7771
6.667 20.7771
6.668 -20.7813
6.668 20.7813
6.669 -20.7854
6.669 20.7854
6.67 -20.7896
6.67 20.7896
6.671 -20.7938
6.671 20.7938
6.672 -20.798
6.672 20.798
6.673 -20.8021
6.673 20.8021
6.674 -20.8063
6.674 20.8063
6.675 -20.8105
6.675 20.8105
6.676 -20.8146
6.676 20.8146
6.677 -20.8188
6.677 20.8188
6.678 -20.823
6.678 20.823
6.679 -20.8272
6.679 20.8272
6.68 -20.8313
6.68 20.8313
6.681 -20.8355
6.681 20.8355
6.682 -20.8397
6.682 20.8397
6.683 -20.8439
6.683 20.8439
6.684 -20.848
6.684 20.848
6.685 -20.8522
6.685 20.8522
6.686 -20.8564
6.686 20.8564
6.687 -20.8606
6.687 20.8606
6.688 -20.8648
6.688 20.8648
6.689 -20.8689
6.689 20.8689
6.69 -20.8731
6.69 20.8731
6.691 -20.8773
6.691 20.8773
6.692 -20.8815
6.692 20.8815
6.693 -20.8856
6.693 20.8856
6.694 -20.8898
6.694 20.8898
6.695 -20.894
6.695 20.894
6.696 -20.8982
6.696 20.8982
6.697 -20.9024
6.697 20.9024
6.698 -20.9065
6.698 20.9065
6.699 -20.9107
6.699 20.9107
6.7 -20.9149
6.7 20.9149
6.701 -20.9191
6.701 20.9191
6.702 -20.9233
6.702 20.9233
6.703 -20.9274
6.703 20.9274
6.704 -20.9316
6.704 20.9316
6.705 -20.9358
6.705 20.9358
6.706 -20.94
6.706 20.94
6.707 -20.9442
6.707 20.9442
6.708 -20.9484
6.708 20.9484
6.709 -20.9525
6.709 20.9525
6.71 -20.9567
6.71 20.9567
6.711 -20.9609
6.711 20.9609
6.712 -20.9651
6.712 20.9651
6.713 -20.9693
6.713 20.9693
6.714 -20.9735
6.714 20.9735
6.715 -20.9776
6.715 20.9776
6.716 -20.9818
6.716 20.9818
6.717 -20.986
6.717 20.986
6.718 -20.9902
6.718 20.9902
6.719 -20.9944
6.719 20.9944
6.72 -20.9986
6.72 20.9986
6.721 -21.0027
6.721 21.0027
6.722 -21.0069
6.722 21.0069
6.723 -21.0111
6.723 21.0111
6.724 -21.0153
6.724 21.0153
6.725 -21.0195
6.725 21.0195
6.726 -21.0237
6.726 21.0237
6.727 -21.0279
6.727 21.0279
6.728 -21.0321
6.728 21.0321
6.729 -21.0362
6.729 21.0362
6.73 -21.0404
6.73 21.0404
6.731 -21.0446
6.731 21.0446
6.732 -21.0488
6.732 21.0488
6.733 -21.053
6.733 21.053
6.734 -21.0572
6.734 21.0572
6.735 -21.0614
6.735 21.0614
6.736 -21.0656
6.736 21.0656
6.737 -21.0698
6.737 21.0698
6.738 -21.074
6.738 21.074
6.739 -21.0781
6.739 21.0781
6.74 -21.0823
6.74 21.0823
6.741 -21.0865
6.741 21.0865
6.742 -21.0907
6.742 21.0907
6.743 -21.0949
6.743 21.0949
6.744 -21.0991
6.744 21.0991
6.745 -21.1033
6.745 21.1033
6.746 -21.1075
6.746 21.1075
6.747 -21.1117
6.747 21.1117
6.748 -21.1159
6.748 21.1159
6.749 -21.1201
6.749 21.1201
6.75 -21.1243
6.75 21.1243
6.751 -21.1285
6.751 21.1285
6.752 -21.1326
6.752 21.1326
6.753 -21.1368
6.753 21.1368
6.754 -21.141
6.754 21.141
6.755 -21.1452
6.755 21.1452
6.756 -21.1494
6.756 21.1494
6.757 -21.1536
6.757 21.1536
6.758 -21.1578
6.758 21.1578
6.759 -21.162
6.759 21.162
6.76 -21.1662
6.76 21.1662
6.761 -21.1704
6.761 21.1704
6.762 -21.1746
6.762 21.1746
6.763 -21.1788
6.763 21.1788
6.764 -21.183
6.764 21.183
6.765 -21.1872
6.765 21.1872
6.766 -21.1914
6.766 21.1914
6.767 -21.1956
6.767 21.1956
6.768 -21.1998
6.768 21.1998
6.769 -21.204
6.769 21.204
6.77 -21.2082
6.77 21.2082
6.771 -21.2124
6.771 21.2124
6.772 -21.2166
6.772 21.2166
6.773 -21.2208
6.773 21.2208
6.774 -21.225
6.774 21.225
6.775 -21.2292
6.775 21.2292
6.776 -21.2334
6.776 21.2334
6.777 -21.2376
6.777 21.2376
6.778 -21.2418
6.778 21.2418
6.779 -21.246
6.779 21.246
6.78 -21.2502
6.78 21.2502
6.781 -21.2544
6.781 21.2544
6.782 -21.2586
6.782 21.2586
6.783 -21.2628
6.783 21.2628
6.784 -21.267
6.784 21.267
6.785 -21.2712
6.785 21.2712
6.786 -21.2754
6.786 21.2754
6.787 -21.2796
6.787 21.2796
6.788 -21.2838
6.788 21.2838
6.789 -21.288
6.789 21.288
6.79 -21.2922
6.79 21.2922
6.791 -21.2964
6.791 21.2964
6.792 -21.3006
6.792 21.3006
6.793 -21.3048
6.793 21.3048
6.794 -21.3091
6.794 21.3091
6.795 -21.3133
6.795 21.3133
6.796 -21.3175
6.796 21.3175
6.797 -21.3217
6.797 21.3217
6.798 -21.3259
6.798 21.3259
6.799 -21.3301
6.799 21.3301
6.8 -21.3343
6.8 21.3343
6.801 -21.3385
6.801 21.3385
6.802 -21.3427
6.802 21.3427
6.803 -21.3469
6.803 21.3469
6.804 -21.3511
6.804 21.3511
6.805 -21.3553
6.805 21.3553
6.806 -21.3595
6.806 21.3595
6.807 -21.3637
6.807 21.3637
6.808 -21.368
6.808 21.368
6.809 -21.3722
6.809 21.3722
6.81 -21.3764
6.81 21.3764
6.811 -21.3806
6.811 21.3806
6.812 -21.3848
6.812 21.3848
6.813 -21.389
6.813 21.389
6.814 -21.3932
6.814 21.3932
6.815 -21.3974
6.815 21.3974
6.816 -21.4016
6.816 21.4016
6.817 -21.4059
6.817 21.4059
6.818 -21.4101
6.818 21.4101
6.819 -21.4143
6.819 21.4143
6.82 -21.4185
6.82 21.4185
6.821 -21.4227
6.821 21.4227
6.822 -21.4269
6.822 21.4269
6.823 -21.4311
6.823 21.4311
6.824 -21.4353
6.824 21.4353
6.825 -21.4396
6.825 21.4396
6.826 -21.4438
6.826 21.4438
6.827 -21.448
6.827 21.448
6.828 -21.4522
6.828 21.4522
6.829 -21.4564
6.829 21.4564
6.83 -21.4606
6.83 21.4606
6.831 -21.4648
6.831 21.4648
6.832 -21.4691
6.832 21.4691
6.833 -21.4733
6.833 21.4733
6.834 -21.4775
6.834 21.4775
6.835 -21.4817
6.835 21.4817
6.836 -21.4859
6.836 21.4859
6.837 -21.4901
6.837 21.4901
6.838 -21.4944
6.838 21.4944
6.839 -21.4986
6.839 21.4986
6.84 -21.5028
6.84 21.5028
6.841 -21.507
6.841 21.507
6.842 -21.5112
6.842 21.5112
6.843 -21.5155
6.843 21.5155
6.844 -21.5197
6.844 21.5197
6.845 -21.5239
6.845 21.5239
6.846 -21.5281
6.846 21.5281
6.847 -21.5323
6.847 21.5323
6.848 -21.5365
6.848 21.5365
6.849 -21.5408
6.849 21.5408
6.85 -21.545
6.85 21.545
6.851 -21.5492
6.851 21.5492
6.852 -21.5534
6.852 21.5534
6.853 -21.5577
6.853 21.5577
6.854 -21.5619
6.854 21.5619
6.855 -21.5661
6.855 21.5661
6.856 -21.5703
6.856 21.5703
6.857 -21.5745
6.857 21.5745
6.858 -21.5788
6.858 21.5788
6.859 -21.583
6.859 21.583
6.86 -21.5872
6.86 21.5872
6.861 -21.5914
6.861 21.5914
6.862 -21.5957
6.862 21.5957
6.863 -21.5999
6.863 21.5999
6.864 -21.6041
6.864 21.6041
6.865 -21.6083
6.865 21.6083
6.866 -21.6126
6.866 21.6126
6.867 -21.6168
6.867 21.6168
6.868 -21.621
6.868 21.621
6.869 -21.6252
6.869 21.6252
6.87 -21.6295
6.87 21.6295
6.871 -21.6337
6.871 21.6337
6.872 -21.6379
6.872 21.6379
6.873 -21.6421
6.873 21.6421
6.874 -21.6464
6.874 21.6464
6.875 -21.6506
6.875 21.6506
6.876 -21.6548
6.876 21.6548
6.877 -21.659
6.877 21.659
6.878 -21.6633
6.878 21.6633
6.879 -21.6675
6.879 21.6675
6.88 -21.6717
6.88 21.6717
6.881 -21.676
6.881 21.676
6.882 -21.6802
6.882 21.6802
6.883 -21.6844
6.883 21.6844
6.884 -21.6886
6.884 21.6886
6.885 -21.6929
6.885 21.6929
6.886 -21.6971
6.886 21.6971
6.887 -21.7013
6.887 21.7013
6.888 -21.7056
6.888 21.7056
6.889 -21.7098
6.889 21.7098
6.89 -21.714
6.89 21.714
6.891 -21.7183
6.891 21.7183
6.892 -21.7225
6.892 21.7225
6.893 -21.7267
6.893 21.7267
6.894 -21.731
6.894 21.731
6.895 -21.7352
6.895 21.7352
6.896 -21.7394
6.896 21.7394
6.897 -21.7437
6.897 21.7437
6.898 -21.7479
6.898 21.7479
6.899 -21.7521
6.899 21.7521
6.9 -21.7564
6.9 21.7564
6.901 -21.7606
6.901 21.7606
6.902 -21.7648
6.902 21.7648
6.903 -21.7691
6.903 21.7691
6.904 -21.7733
6.904 21.7733
6.905 -21.7775
6.905 21.7775
6.906 -21.7818
6.906 21.7818
6.907 -21.786
6.907 21.786
6.908 -21.7902
6.908 21.7902
6.909 -21.7945
6.909 21.7945
6.91 -21.7987
6.91 21.7987
6.911 -21.8029
6.911 21.8029
6.912 -21.8072
6.912 21.8072
6.913 -21.8114
6.913 21.8114
6.914 -21.8157
6.914 21.8157
6.915 -21.8199
6.915 21.8199
6.916 -21.8241
6.916 21.8241
6.917 -21.8284
6.917 21.8284
6.918 -21.8326
6.918 21.8326
6.919 -21.8368
6.919 21.8368
6.92 -21.8411
6.92 21.8411
6.921 -21.8453
6.921 21.8453
6.922 -21.8496
6.922 21.8496
6.923 -21.8538
6.923 21.8538
6.924 -21.858
6.924 21.858
6.925 -21.8623
6.925 21.8623
6.926 -21.8665
6.926 21.8665
6.927 -21.8708
6.927 21.8708
6.928 -21.875
6.928 21.875
6.929 -21.8793
6.929 21.8793
6.93 -21.8835
6.93 21.8835
6.931 -21.8877
6.931 21.8877
6.932 -21.892
6.932 21.892
6.933 -21.8962
6.933 21.8962
6.934 -21.9005
6.934 21.9005
6.935 -21.9047
6.935 21.9047
6.936 -21.9089
6.936 21.9089
6.937 -21.9132
6.937 21.9132
6.938 -21.9174
6.938 21.9174
6.939 -21.9217
6.939 21.9217
6.94 -21.9259
6.94 21.9259
6.941 -21.9302
6.941 21.9302
6.942 -21.9344
6.942 21.9344
6.943 -21.9387
6.943 21.9387
6.944 -21.9429
6.944 21.9429
6.945 -21.9472
6.945 21.9472
6.946 -21.9514
6.946 21.9514
6.947 -21.9556
6.947 21.9556
6.948 -21.9599
6.948 21.9599
6.949 -21.9641
6.949 21.9641
6.95 -21.9684
6.95 21.9684
6.951 -21.9726
6.951 21.9726
6.952 -21.9769
6.952 21.9769
6.953 -21.9811
6.953 21.9811
6.954 -21.9854
6.954 21.9854
6.955 -21.9896
6.955 21.9896
6.956 -21.9939
6.956 21.9939
6.957 -21.9981
6.957 21.9981
6.958 -22.0024
6.958 22.0024
6.959 -22.0066
6.959 22.0066
6.96 -22.0109
6.96 22.0109
6.961 -22.0151
6.961 22.0151
6.962 -22.0194
6.962 22.0194
6.963 -22.0236
6.963 22.0236
6.964 -22.0279
6.964 22.0279
6.965 -22.0321
6.965 22.0321
6.966 -22.0364
6.966 22.0364
6.967 -22.0406
6.967 22.0406
6.968 -22.0449
6.968 22.0449
6.969 -22.0491
6.969 22.0491
6.97 -22.0534
6.97 22.0534
6.971 -22.0576
6.971 22.0576
6.972 -22.0619
6.972 22.0619
6.973 -22.0661
6.973 22.0661
6.974 -22.0704
6.974 22.0704
6.975 -22.0746
6.975 22.0746
6.976 -22.0789
6.976 22.0789
6.977 -22.0832
6.977 22.0832
6.978 -22.0874
6.978 22.0874
6.979 -22.0917
6.979 22.0917
6.98 -22.0959
6.98 22.0959
6.981 -22.1002
6.981 22.1002
6.982 -22.1044
6.982 22.1044
6.983 -22.1087
6.983 22.1087
6.984 -22.1129
6.984 22.1129
6.985 -22.1172
6.985 22.1172
6.986 -22.1215
6.986 22.1215
6.987 -22.1257
6.987 22.1257
6.988 -22.13
6.988 22.13
6.989 -22.1342
6.989 22.1342
6.99 -22.1385
6.99 22.1385
6.991 -22.1427
6.991 22.1427
6.992 -22.147
6.992 22.147
6.993 -22.1513
6.993 22.1513
6.994 -22.1555
6.994 22.1555
6.995 -22.1598
6.995 22.1598
6.996 -22.164
6.996 22.164
6.997 -22.1683
6.997 22.1683
6.998 -22.1726
6.998 22.1726
6.999 -22.1768
6.999 22.1768
7 -22.1811
7 22.1811
7.001 -22.1853
7.001 22.1853
7.002 -22.1896
7.002 22.1896
7.003 -22.1939
7.003 22.1939
7.004 -22.1981
7.004 22.1981
7.005 -22.2024
7.005 22.2024
7.006 -22.2066
7.006 22.2066
7.007 -22.2109
7.007 22.2109
7.008 -22.2152
7.008 22.2152
7.009 -22.2194
7.009 22.2194
7.01 -22.2237
7.01 22.2237
7.011 -22.228
7.011 22.228
7.012 -22.2322
7.012 22.2322
7.013 -22.2365
7.013 22.2365
7.014 -22.2407
7.014 22.2407
7.015 -22.245
7.015 22.245
7.016 -22.2493
7.016 22.2493
7.017 -22.2535
7.017 22.2535
7.018 -22.2578
7.018 22.2578
7.019 -22.2621
7.019 22.2621
7.02 -22.2663
7.02 22.2663
7.021 -22.2706
7.021 22.2706
7.022 -22.2749
7.022 22.2749
7.023 -22.2791
7.023 22.2791
7.024 -22.2834
7.024 22.2834
7.025 -22.2877
7.025 22.2877
7.026 -22.2919
7.026 22.2919
7.027 -22.2962
7.027 22.2962
7.028 -22.3005
7.028 22.3005
7.029 -22.3047
7.029 22.3047
7.03 -22.309
7.03 22.309
7.031 -22.3133
7.031 22.3133
7.032 -22.3175
7.032 22.3175
7.033 -22.3218
7.033 22.3218
7.034 -22.3261
7.034 22.3261
7.035 -22.3303
7.035 22.3303
7.036 -22.3346
7.036 22.3346
7.037 -22.3389
7.037 22.3389
7.038 -22.3432
7.038 22.3432
7.039 -22.3474
7.039 22.3474
7.04 -22.3517
7.04 22.3517
7.041 -22.356
7.041 22.356
7.042 -22.3602
7.042 22.3602
7.043 -22.3645
7.043 22.3645
7.044 -22.3688
7.044 22.3688
7.045 -22.3731
7.045 22.3731
7.046 -22.3773
7.046 22.3773
7.047 -22.3816
7.047 22.3816
7.048 -22.3859
7.048 22.3859
7.049 -22.3901
7.049 22.3901
7.05 -22.3944
7.05 22.3944
7.051 -22.3987
7.051 22.3987
7.052 -22.403
7.052 22.403
7.053 -22.4072
7.053 22.4072
7.054 -22.4115
7.054 22.4115
7.055 -22.4158
7.055 22.4158
7.056 -22.4201
7.056 22.4201
7.057 -22.4243
7.057 22.4243
7.058 -22.4286
7.058 22.4286
7.059 -22.4329
7.059 22.4329
7.06 -22.4372
7.06 22.4372
7.061 -22.4414
7.061 22.4414
7.062 -22.4457
7.062 22.4457
7.063 -22.45
7.063 22.45
7.064 -22.4543
7.064 22.4543
7.065 -22.4586
7.065 22.4586
7.066 -22.4628
7.066 22.4628
7.067 -22.4671
7.067 22.4671
7.068 -22.4714
7.068 22.4714
7.069 -22.4757
7.069 22.4757
7.07 -22.4799
7.07 22.4799
7.071 -22.4842
7.071 22.4842
7.072 -22.4885
7.072 22.4885
7.073 -22.4928
7.073 22.4928
7.074 -22.4971
7.074 22.4971
7.075 -22.5013
7.075 22.5013
7.076 -22.5056
7.076 22.5056
7.077 -22.5099
7.077 22.5099
7.078 -22.5142
7.078 22.5142
7.079 -22.5185
7.079 22.5185
7.08 -22.5227
7.08 22.5227
7.081 -22.527
7.081 22.527
7.082 -22.5313
7.082 22.5313
7.083 -22.5356
7.083 22.5356
7.084 -22.5399
7.084 22.5399
7.085 -22.5442
7.085 22.5442
7.086 -22.5484
7.086 22.5484
7.087 -22.5527
7.087 22.5527
7.088 -22.557
7.088 22.557
7.089 -22.5613
7.089 22.5613
7.09 -22.5656
7.09 22.5656
7.091 -22.5699
7.091 22.5699
7.092 -22.5741
7.092 22.5741
7.093 -22.5784
7.093 22.5784
7.094 -22.5827
7.094 22.5827
7.095 -22.587
7.095 22.587
7.096 -22.5913
7.096 22.5913
7.097 -22.5956
7.097 22.5956
7.098 -22.5999
7.098 22.5999
7.099 -22.6041
7.099 22.6041
7.1 -22.6084
7.1 22.6084
7.101 -22.6127
7.101 22.6127
7.102 -22.617
7.102 22.617
7.103 -22.6213
7.103 22.6213
7.104 -22.6256
7.104 22.6256
7.105 -22.6299
7.105 22.6299
7.106 -22.6342
7.106 22.6342
7.107 -22.6384
7.107 22.6384
7.108 -22.6427
7.108 22.6427
7.109 -22.647
7.109 22.647
7.11 -22.6513
7.11 22.6513
7.111 -22.6556
7.111 22.6556
7.112 -22.6599
7.112 22.6599
7.113 -22.6642
7.113 22.6642
7.114 -22.6685
7.114 22.6685
7.115 -22.6728
7.115 22.6728
7.116 -22.677
7.116 22.677
7.117 -22.6813
7.117 22.6813
7.118 -22.6856
7.118 22.6856
7.119 -22.6899
7.119 22.6899
7.12 -22.6942
7.12 22.6942
7.121 -22.6985
7.121 22.6985
7.122 -22.7028
7.122 22.7028
7.123 -22.7071
7.123 22.7071
7.124 -22.7114
7.124 22.7114
7.125 -22.7157
7.125 22.7157
7.126 -22.72
7.126 22.72
7.127 -22.7243
7.127 22.7243
7.128 -22.7286
7.128 22.7286
7.129 -22.7329
7.129 22.7329
7.13 -22.7371
7.13 22.7371
7.131 -22.7414
7.131 22.7414
7.132 -22.7457
7.132 22.7457
7.133 -22.75
7.133 22.75
7.134 -22.7543
7.134 22.7543
7.135 -22.7586
7.135 22.7586
7.136 -22.7629
7.136 22.7629
7.137 -22.7672
7.137 22.7672
7.138 -22.7715
7.138 22.7715
7.139 -22.7758
7.139 22.7758
7.14 -22.7801
7.14 22.7801
7.141 -22.7844
7.141 22.7844
7.142 -22.7887
7.142 22.7887
7.143 -22.793
7.143 22.793
7.144 -22.7973
7.144 22.7973
7.145 -22.8016
7.145 22.8016
7.146 -22.8059
7.146 22.8059
7.147 -22.8102
7.147 22.8102
7.148 -22.8145
7.148 22.8145
7.149 -22.8188
7.149 22.8188
7.15 -22.8231
7.15 22.8231
7.151 -22.8274
7.151 22.8274
7.152 -22.8317
7.152 22.8317
7.153 -22.836
7.153 22.836
7.154 -22.8403
7.154 22.8403
7.155 -22.8446
7.155 22.8446
7.156 -22.8489
7.156 22.8489
7.157 -22.8532
7.157 22.8532
7.158 -22.8575
7.158 22.8575
7.159 -22.8618
7.159 22.8618
7.16 -22.8661
7.16 22.8661
7.161 -22.8704
7.161 22.8704
7.162 -22.8747
7.162 22.8747
7.163 -22.879
7.163 22.879
7.164 -22.8833
7.164 22.8833
7.165 -22.8876
7.165 22.8876
7.166 -22.8919
7.166 22.8919
7.167 -22.8962
7.167 22.8962
7.168 -22.9005
7.168 22.9005
7.169 -22.9048
7.169 22.9048
7.17 -22.9091
7.17 22.9091
7.171 -22.9134
7.171 22.9134
7.172 -22.9177
7.172 22.9177
7.173 -22.9221
7.173 22.9221
7.174 -22.9264
7.174 22.9264
7.175 -22.9307
7.175 22.9307
7.176 -22.935
7.176 22.935
7.177 -22.9393
7.177 22.9393
7.178 -22.9436
7.178 22.9436
7.179 -22.9479
7.179 22.9479
7.18 -22.9522
7.18 22.9522
7.181 -22.9565
7.181 22.9565
7.182 -22.9608
7.182 22.9608
7.183 -22.9651
7.183 22.9651
7.184 -22.9694
7.184 22.9694
7.185 -22.9737
7.185 22.9737
7.186 -22.978
7.186 22.978
7.187 -22.9824
7.187 22.9824
7.188 -22.9867
7.188 22.9867
7.189 -22.991
7.189 22.991
7.19 -22.9953
7.19 22.9953
7.191 -22.9996
7.191 22.9996
7.192 -23.0039
7.192 23.0039
7.193 -23.0082
7.193 23.0082
7.194 -23.0125
7.194 23.0125
7.195 -23.0168
7.195 23.0168
7.196 -23.0212
7.196 23.0212
7.197 -23.0255
7.197 23.0255
7.198 -23.0298
7.198 23.0298
7.199 -23.0341
7.199 23.0341
7.2 -23.0384
7.2 23.0384
7.201 -23.0427
7.201 23.0427
7.202 -23.047
7.202 23.047
7.203 -23.0513
7.203 23.0513
7.204 -23.0557
7.204 23.0557
7.205 -23.06
7.205 23.06
7.206 -23.0643
7.206 23.0643
7.207 -23.0686
7.207 23.0686
7.208 -23.0729
7.208 23.0729
7.209 -23.0772
7.209 23.0772
7.21 -23.0815
7.21 23.0815
7.211 -23.0859
7.211 23.0859
7.212 -23.0902
7.212 23.0902
7.213 -23.0945
7.213 23.0945
7.214 -23.0988
7.214 23.0988
7.215 -23.1031
7.215 23.1031
7.216 -23.1074
7.216 23.1074
7.217 -23.1118
7.217 23.1118
7.218 -23.1161
7.218 23.1161
7.219 -23.1204
7.219 23.1204
7.22 -23.1247
7.22 23.1247
7.221 -23.129
7.221 23.129
7.222 -23.1333
7.222 23.1333
7.223 -23.1377
7.223 23.1377
7.224 -23.142
7.224 23.142
7.225 -23.1463
7.225 23.1463
7.226 -23.1506
7.226 23.1506
7.227 -23.1549
7.227 23.1549
7.228 -23.1593
7.228 23.1593
7.229 -23.1636
7.229 23.1636
7.23 -23.1679
7.23 23.1679
7.231 -23.1722
7.231 23.1722
7.232 -23.1765
7.232 23.1765
7.233 -23.1809
7.233 23.1809
7.234 -23.1852
7.234 23.1852
7.235 -23.1895
7.235 23.1895
7.236 -23.1938
7.236 23.1938
7.237 -23.1982
7.237 23.1982
7.238 -23.2025
7.238 23.2025
7.239 -23.2068
7.239 23.2068
7.24 -23.2111
7.24 23.2111
7.241 -23.2154
7.241 23.2154
7.242 -23.2198
7.242 23.2198
7.243 -23.2241
7.243 23.2241
7.244 -23.2284
7.244 23.2284
7.245 -23.2327
7.245 23.2327
7.246 -23.2371
7.246 23.2371
7.247 -23.2414
7.247 23.2414
7.248 -23.2457
7.248 23.2457
7.249 -23.25
7.249 23.25
7.25 -23.2544
7.25 23.2544
7.251 -23.2587
7.251 23.2587
7.252 -23.263
7.252 23.263
7.253 -23.2673
7.253 23.2673
7.254 -23.2717
7.254 23.2717
7.255 -23.276
7.255 23.276
7.256 -23.2803
7.256 23.2803
7.257 -23.2847
7.257 23.2847
7.258 -23.289
7.258 23.289
7.259 -23.2933
7.259 23.2933
7.26 -23.2976
7.26 23.2976
7.261 -23.302
7.261 23.302
7.262 -23.3063
7.262 23.3063
7.263 -23.3106
7.263 23.3106
7.264 -23.315
7.264 23.315
7.265 -23.3193
7.265 23.3193
7.266 -23.3236
7.266 23.3236
7.267 -23.3279
7.267 23.3279
7.268 -23.3323
7.268 23.3323
7.269 -23.3366
7.269 23.3366
7.27 -23.3409
7.27 23.3409
7.271 -23.3453
7.271 23.3453
7.272 -23.3496
7.272 23.3496
7.273 -23.3539
7.273 23.3539
7.274 -23.3583
7.274 23.3583
7.275 -23.3626
7.275 23.3626
7.276 -23.3669
7.276 23.3669
7.277 -23.3713
7.277 23.3713
7.278 -23.3756
7.278 23.3756
7.279 -23.3799
7.279 23.3799
7.28 -23.3843
7.28 23.3843
7.281 -23.3886
7.281 23.3886
7.282 -23.3929
7.282 23.3929
7.283 -23.3973
7.283 23.3973
7.284 -23.4016
7.284 23.4016
7.285 -23.4059
7.285 23.4059
7.286 -23.4103
7.286 23.4103
7.287 -23.4146
7.287 23.4146
7.288 -23.4189
7.288 23.4189
7.289 -23.4233
7.289 23.4233
7.29 -23.4276
7.29 23.4276
7.291 -23.4319
7.291 23.4319
7.292 -23.4363
7.292 23.4363
7.293 -23.4406
7.293 23.4406
7.294 -23.445
7.294 23.445
7.295 -23.4493
7.295 23.4493
7.296 -23.4536
7.296 23.4536
7.297 -23.458
7.297 23.458
7.298 -23.4623
7.298 23.4623
7.299 -23.4666
7.299 23.4666
7.3 -23.471
7.3 23.471
7.301 -23.4753
7.301 23.4753
7.302 -23.4797
7.302 23.4797
7.303 -23.484
7.303 23.484
7.304 -23.4883
7.304 23.4883
7.305 -23.4927
7.305 23.4927
7.306 -23.497
7.306 23.497
7.307 -23.5014
7.307 23.5014
7.308 -23.5057
7.308 23.5057
7.309 -23.51
7.309 23.51
7.31 -23.5144
7.31 23.5144
7.311 -23.5187
7.311 23.5187
7.312 -23.5231
7.312 23.5231
7.313 -23.5274
7.313 23.5274
7.314 -23.5318
7.314 23.5318
7.315 -23.5361
7.315 23.5361
7.316 -23.5404
7.316 23.5404
7.317 -23.5448
7.317 23.5448
7.318 -23.5491
7.318 23.5491
7.319 -23.5535
7.319 23.5535
7.32 -23.5578
7.32 23.5578
7.321 -23.5622
7.321 23.5622
7.322 -23.5665
7.322 23.5665
7.323 -23.5708
7.323 23.5708
7.324 -23.5752
7.324 23.5752
7.325 -23.5795
7.325 23.5795
7.326 -23.5839
7.326 23.5839
7.327 -23.5882
7.327 23.5882
7.328 -23.5926
7.328 23.5926
7.329 -23.5969
7.329 23.5969
7.33 -23.6013
7.33 23.6013
7.331 -23.6056
7.331 23.6056
7.332 -23.61
7.332 23.61
7.333 -23.6143
7.333 23.6143
7.334 -23.6186
7.334 23.6186
7.335 -23.623
7.335 23.623
7.336 -23.6273
7.336 23.6273
7.337 -23.6317
7.337 23.6317
7.338 -23.636
7.338 23.636
7.339 -23.6404
7.339 23.6404
7.34 -23.6447
7.34 23.6447
7.341 -23.6491
7.341 23.6491
7.342 -23.6534
7.342 23.6534
7.343 -23.6578
7.343 23.6578
7.344 -23.6621
7.344 23.6621
7.345 -23.6665
7.345 23.6665
7.346 -23.6708
7.346 23.6708
7.347 -23.6752
7.347 23.6752
7.348 -23.6795
7.348 23.6795
7.349 -23.6839
7.349 23.6839
7.35 -23.6882
7.35 23.6882
7.351 -23.6926
7.351 23.6926
7.352 -23.6969
7.352 23.6969
7.353 -23.7013
7.353 23.7013
7.354 -23.7057
7.354 23.7057
7.355 -23.71
7.355 23.71
7.356 -23.7144
7.356 23.7144
7.357 -23.7187
7.357 23.7187
7.358 -23.7231
7.358 23.7231
7.359 -23.7274
7.359 23.7274
7.36 -23.7318
7.36 23.7318
7.361 -23.7361
7.361 23.7361
7.362 -23.7405
7.362 23.7405
7.363 -23.7448
7.363 23.7448
7.364 -23.7492
7.364 23.7492
7.365 -23.7535
7.365 23.7535
7.366 -23.7579
7.366 23.7579
7.367 -23.7623
7.367 23.7623
7.368 -23.7666
7.368 23.7666
7.369 -23.771
7.369 23.771
7.37 -23.7753
7.37 23.7753
7.371 -23.7797
7.371 23.7797
7.372 -23.784
7.372 23.784
7.373 -23.7884
7.373 23.7884
7.374 -23.7928
7.374 23.7928
7.375 -23.7971
7.375 23.7971
7.376 -23.8015
7.376 23.8015
7.377 -23.8058
7.377 23.8058
7.378 -23.8102
7.378 23.8102
7.379 -23.8146
7.379 23.8146
7.38 -23.8189
7.38 23.8189
7.381 -23.8233
7.381 23.8233
7.382 -23.8276
7.382 23.8276
7.383 -23.832
7.383 23.832
7.384 -23.8363
7.384 23.8363
7.385 -23.8407
7.385 23.8407
7.386 -23.8451
7.386 23.8451
7.387 -23.8494
7.387 23.8494
7.388 -23.8538
7.388 23.8538
7.389 -23.8582
7.389 23.8582
7.39 -23.8625
7.39 23.8625
7.391 -23.8669
7.391 23.8669
7.392 -23.8712
7.392 23.8712
7.393 -23.8756
7.393 23.8756
7.394 -23.88
7.394 23.88
7.395 -23.8843
7.395 23.8843
7.396 -23.8887
7.396 23.8887
7.397 -23.8931
7.397 23.8931
7.398 -23.8974
7.398 23.8974
7.399 -23.9018
7.399 23.9018
7.4 -23.9061
7.4 23.9061
7.401 -23.9105
7.401 23.9105
7.402 -23.9149
7.402 23.9149
7.403 -23.9192
7.403 23.9192
7.404 -23.9236
7.404 23.9236
7.405 -23.928
7.405 23.928
7.406 -23.9323
7.406 23.9323
7.407 -23.9367
7.407 23.9367
7.408 -23.9411
7.408 23.9411
7.409 -23.9454
7.409 23.9454
7.41 -23.9498
7.41 23.9498
7.411 -23.9542
7.411 23.9542
7.412 -23.9585
7.412 23.9585
7.413 -23.9629
7.413 23.9629
7.414 -23.9673
7.414 23.9673
7.415 -23.9716
7.415 23.9716
7.416 -23.976
7.416 23.976
7.417 -23.9804
7.417 23.9804
7.418 -23.9848
7.418 23.9848
7.419 -23.9891
7.419 23.9891
7.42 -23.9935
7.42 23.9935
7.421 -23.9979
7.421 23.9979
7.422 -24.0022
7.422 24.0022
7.423 -24.0066
7.423 24.0066
7.424 -24.011
7.424 24.011
7.425 -24.0153
7.425 24.0153
7.426 -24.0197
7.426 24.0197
7.427 -24.0241
7.427 24.0241
7.428 -24.0285
7.428 24.0285
7.429 -24.0328
7.429 24.0328
7.43 -24.0372
7.43 24.0372
7.431 -24.0416
7.431 24.0416
7.432 -24.0459
7.432 24.0459
7.433 -24.0503
7.433 24.0503
7.434 -24.0547
7.434 24.0547
7.435 -24.0591
7.435 24.0591
7.436 -24.0634
7.436 24.0634
7.437 -24.0678
7.437 24.0678
7.438 -24.0722
7.438 24.0722
7.439 -24.0766
7.439 24.0766
7.44 -24.0809
7.44 24.0809
7.441 -24.0853
7.441 24.0853
7.442 -24.0897
7.442 24.0897
7.443 -24.0941
7.443 24.0941
7.444 -24.0984
7.444 24.0984
7.445 -24.1028
7.445 24.1028
7.446 -24.1072
7.446 24.1072
7.447 -24.1116
7.447 24.1116
7.448 -24.1159
7.448 24.1159
7.449 -24.1203
7.449 24.1203
7.45 -24.1247
7.45 24.1247
7.451 -24.1291
7.451 24.1291
7.452 -24.1335
7.452 24.1335
7.453 -24.1378
7.453 24.1378
7.454 -24.1422
7.454 24.1422
7.455 -24.1466
7.455 24.1466
7.456 -24.151
7.456 24.151
7.457 -24.1553
7.457 24.1553
7.458 -24.1597
7.458 24.1597
7.459 -24.1641
7.459 24.1641
7.46 -24.1685
7.46 24.1685
7.461 -24.1729
7.461 24.1729
7.462 -24.1772
7.462 24.1772
7.463 -24.1816
7.463 24.1816
7.464 -24.186
7.464 24.186
7.465 -24.1904
7.465 24.1904
7.466 -24.1948
7.466 24.1948
7.467 -24.1992
7.467 24.1992
7.468 -24.2035
7.468 24.2035
7.469 -24.2079
7.469 24.2079
7.47 -24.2123
7.47 24.2123
7.471 -24.2167
7.471 24.2167
7.472 -24.2211
7.472 24.2211
7.473 -24.2254
7.473 24.2254
7.474 -24.2298
7.474 24.2298
7.475 -24.2342
7.475 24.2342
7.476 -24.2386
7.476 24.2386
7.477 -24.243
7.477 24.243
7.478 -24.2474
7.478 24.2474
7.479 -24.2518
7.479 24.2518
7.48 -24.2561
7.48 24.2561
7.481 -24.2605
7.481 24.2605
7.482 -24.2649
7.482 24.2649
7.483 -24.2693
7.483 24.2693
7.484 -24.2737
7.484 24.2737
7.485 -24.2781
7.485 24.2781
7.486 -24.2825
7.486 24.2825
7.487 -24.2868
7.487 24.2868
7.488 -24.2912
7.488 24.2912
7.489 -24.2956
7.489 24.2956
7.49 -24.3
7.49 24.3
7.491 -24.3044
7.491 24.3044
7.492 -24.3088
7.492 24.3088
7.493 -24.3132
7.493 24.3132
7.494 -24.3176
7.494 24.3176
7.495 -24.3219
7.495 24.3219
7.496 -24.3263
7.496 24.3263
7.497 -24.3307
7.497 24.3307
7.498 -24.3351
7.498 24.3351
7.499 -24.3395
7.499 24.3395
7.5 -24.3439
7.5 24.3439
7.501 -24.3483
7.501 24.3483
7.502 -24.3527
7.502 24.3527
7.503 -24.3571
7.503 24.3571
7.504 -24.3615
7.504 24.3615
7.505 -24.3658
7.505 24.3658
7.506 -24.3702
7.506 24.3702
7.507 -24.3746
7.507 24.3746
7.508 -24.379
7.508 24.379
7.509 -24.3834
7.509 24.3834
7.51 -24.3878
7.51 24.3878
7.511 -24.3922
7.511 24.3922
7.512 -24.3966
7.512 24.3966
7.513 -24.401
7.513 24.401
7.514 -24.4054
7.514 24.4054
7.515 -24.4098
7.515 24.4098
7.516 -24.4142
7.516 24.4142
7.517 -24.4186
7.517 24.4186
7.518 -24.423
7.518 24.423
7.519 -24.4274
7.519 24.4274
7.52 -24.4317
7.52 24.4317
7.521 -24.4361
7.521 24.4361
7.522 -24.4405
7.522 24.4405
7.523 -24.4449
7.523 24.4449
7.524 -24.4493
7.524 24.4493
7.525 -24.4537
7.525 24.4537
7.526 -24.4581
7.526 24.4581
7.527 -24.4625
7.527 24.4625
7.528 -24.4669
7.528 24.4669
7.529 -24.4713
7.529 24.4713
7.53 -24.4757
7.53 24.4757
7.531 -24.4801
7.531 24.4801
7.532 -24.4845
7.532 24.4845
7.533 -24.4889
7.533 24.4889
7.534 -24.4933
7.534 24.4933
7.535 -24.4977
7.535 24.4977
7.536 -24.5021
7.536 24.5021
7.537 -24.5065
7.537 24.5065
7.538 -24.5109
7.538 24.5109
7.539 -24.5153
7.539 24.5153
7.54 -24.5197
7.54 24.5197
7.541 -24.5241
7.541 24.5241
7.542 -24.5285
7.542 24.5285
7.543 -24.5329
7.543 24.5329
7.544 -24.5373
7.544 24.5373
7.545 -24.5417
7.545 24.5417
7.546 -24.5461
7.546 24.5461
7.547 -24.5505
7.547 24.5505
7.548 -24.5549
7.548 24.5549
7.549 -24.5593
7.549 24.5593
7.55 -24.5637
7.55 24.5637
7.551 -24.5681
7.551 24.5681
7.552 -24.5725
7.552 24.5725
7.553 -24.5769
7.553 24.5769
7.554 -24.5813
7.554 24.5813
7.555 -24.5857
7.555 24.5857
7.556 -24.5901
7.556 24.5901
7.557 -24.5945
7.557 24.5945
7.558 -24.599
7.558 24.599
7.559 -24.6034
7.559 24.6034
7.56 -24.6078
7.56 24.6078
7.561 -24.6122
7.561 24.6122
7.562 -24.6166
7.562 24.6166
7.563 -24.621
7.563 24.621
7.564 -24.6254
7.564 24.6254
7.565 -24.6298
7.565 24.6298
7.566 -24.6342
7.566 24.6342
7.567 -24.6386
7.567 24.6386
7.568 -24.643
7.568 24.643
7.569 -24.6474
7.569 24.6474
7.57 -24.6518
7.57 24.6518
7.571 -24.6562
7.571 24.6562
7.572 -24.6606
7.572 24.6606
7.573 -24.6651
7.573 24.6651
7.574 -24.6695
7.574 24.6695
7.575 -24.6739
7.575 24.6739
7.576 -24.6783
7.576 24.6783
7.577 -24.6827
7.577 24.6827
7.578 -24.6871
7.578 24.6871
7.579 -24.6915
7.579 24.6915
7.58 -24.6959
7.58 24.6959
7.581 -24.7003
7.581 24.7003
7.582 -24.7047
7.582 24.7047
7.583 -24.7092
7.583 24.7092
7.584 -24.7136
7.584 24.7136
7.585 -24.718
7.585 24.718
7.586 -24.7224
7.586 24.7224
7.587 -24.7268
7.587 24.7268
7.588 -24.7312
7.588 24.7312
7.589 -24.7356
7.589 24.7356
7.59 -24.74
7.59 24.74
7.591 -24.7445
7.591 24.7445
7.592 -24.7489
7.592 24.7489
7.593 -24.7533
7.593 24.7533
7.594 -24.7577
7.594 24.7577
7.595 -24.7621
7.595 24.7621
7.596 -24.7665
7.596 24.7665
7.597 -24.7709
7.597 24.7709
7.598 -24.7754
7.598 24.7754
7.599 -24.7798
7.599 24.7798
7.6 -24.7842
7.6 24.7842
7.601 -24.7886
7.601 24.7886
7.602 -24.793
7.602 24.793
7.603 -24.7974
7.603 24.7974
7.604 -24.8019
7.604 24.8019
7.605 -24.8063
7.605 24.8063
7.606 -24.8107
7.606 24.8107
7.607 -24.8151
7.607 24.8151
7.608 -24.8195
7.608 24.8195
7.609 -24.8239
7.609 24.8239
7.61 -24.8284
7.61 24.8284
7.611 -24.8328
7.611 24.8328
7.612 -24.8372
7.612 24.8372
7.613 -24.8416
7.613 24.8416
7.614 -24.846
7.614 24.846
7.615 -24.8505
7.615 24.8505
7.616 -24.8549
7.616 24.8549
7.617 -24.8593
7.617 24.8593
7.618 -24.8637
7.618 24.8637
7.619 -24.8681
7.619 24.8681
7.62 -24.8726
7.62 24.8726
7.621 -24.877
7.621 24.877
7.622 -24.8814
7.622 24.8814
7.623 -24.8858
7.623 24.8858
7.624 -24.8902
7.624 24.8902
7.625 -24.8947
7.625 24.8947
7.626 -24.8991
7.626 24.8991
7.627 -24.9035
7.627 24.9035
7.628 -24.9079
7.628 24.9079
7.629 -24.9124
7.629 24.9124
7.63 -24.9168
7.63 24.9168
7.631 -24.9212
7.631 24.9212
7.632 -24.9256
7.632 24.9256
7.633 -24.93
7.633 24.93
7.634 -24.9345
7.634 24.9345
7.635 -24.9389
7.635 24.9389
7.636 -24.9433
7.636 24.9433
7.637 -24.9477
7.637 24.9477
7.638 -24.9522
7.638 24.9522
7.639 -24.9566
7.639 24.9566
7.64 -24.961
7.64 24.961
7.641 -24.9654
7.641 24.9654
7.642 -24.9699
7.642 24.9699
7.643 -24.9743
7.643 24.9743
7.644 -24.9787
7.644 24.9787
7.645 -24.9832
7.645 24.9832
7.646 -24.9876
7.646 24.9876
7.647 -24.992
7.647 24.992
7.648 -24.9964
7.648 24.9964
7.649 -25.0009
7.649 25.0009
7.65 -25.0053
7.65 25.0053
7.651 -25.0097
7.651 25.0097
7.652 -25.0141
7.652 25.0141
7.653 -25.0186
7.653 25.0186
7.654 -25.023
7.654 25.023
7.655 -25.0274
7.655 25.0274
7.656 -25.0319
7.656 25.0319
7.657 -25.0363
7.657 25.0363
7.658 -25.0407
7.658 25.0407
7.659 -25.0452
7.659 25.0452
7.66 -25.0496
7.66 25.0496
7.661 -25.054
7.661 25.054
7.662 -25.0585
7.662 25.0585
7.663 -25.0629
7.663 25.0629
7.664 -25.0673
7.664 25.0673
7.665 -25.0717
7.665 25.0717
7.666 -25.0762
7.666 25.0762
7.667 -25.0806
7.667 25.0806
7.668 -25.085
7.668 25.085
7.669 -25.0895
7.669 25.0895
7.67 -25.0939
7.67 25.0939
7.671 -25.0983
7.671 25.0983
7.672 -25.1028
7.672 25.1028
7.673 -25.1072
7.673 25.1072
7.674 -25.1116
7.674 25.1116
7.675 -25.1161
7.675 25.1161
7.676 -25.1205
7.676 25.1205
7.677 -25.125
7.677 25.125
7.678 -25.1294
7.678 25.1294
7.679 -25.1338
7.679 25.1338
7.68 -25.1383
7.68 25.1383
7.681 -25.1427
7.681 25.1427
7.682 -25.1471
7.682 25.1471
7.683 -25.1516
7.683 25.1516
7.684 -25.156
7.684 25.156
7.685 -25.1604
7.685 25.1604
7.686 -25.1649
7.686 25.1649
7.687 -25.1693
7.687 25.1693
7.688 -25.1738
7.688 25.1738
7.689 -25.1782
7.689 25.1782
7.69 -25.1826
7.69 25.1826
7.691 -25.1871
7.691 25.1871
7.692 -25.1915
7.692 25.1915
7.693 -25.1959
7.693 25.1959
7.694 -25.2004
7.694 25.2004
7.695 -25.2048
7.695 25.2048
7.696 -25.2093
7.696 25.2093
7.697 -25.2137
7.697 25.2137
7.698 -25.2181
7.698 25.2181
7.699 -25.2226
7.699 25.2226
7.7 -25.227
7.7 25.227
7.701 -25.2315
7.701 25.2315
7.702 -25.2359
7.702 25.2359
7.703 -25.2404
7.703 25.2404
7.704 -25.2448
7.704 25.2448
7.705 -25.2492
7.705 25.2492
7.706 -25.2537
7.706 25.2537
7.707 -25.2581
7.707 25.2581
7.708 -25.2626
7.708 25.2626
7.709 -25.267
7.709 25.267
7.71 -25.2715
7.71 25.2715
7.711 -25.2759
7.711 25.2759
7.712 -25.2803
7.712 25.2803
7.713 -25.2848
7.713 25.2848
7.714 -25.2892
7.714 25.2892
7.715 -25.2937
7.715 25.2937
7.716 -25.2981
7.716 25.2981
7.717 -25.3026
7.717 25.3026
7.718 -25.307
7.718 25.307
7.719 -25.3115
7.719 25.3115
7.72 -25.3159
7.72 25.3159
7.721 -25.3203
7.721 25.3203
7.722 -25.3248
7.722 25.3248
7.723 -25.3292
7.723 25.3292
7.724 -25.3337
7.724 25.3337
7.725 -25.3381
7.725 25.3381
7.726 -25.3426
7.726 25.3426
7.727 -25.347
7.727 25.347
7.728 -25.3515
7.728 25.3515
7.729 -25.3559
7.729 25.3559
7.73 -25.3604
7.73 25.3604
7.731 -25.3648
7.731 25.3648
7.732 -25.3693
7.732 25.3693
7.733 -25.3737
7.733 25.3737
7.734 -25.3782
7.734 25.3782
7.735 -25.3826
7.735 25.3826
7.736 -25.3871
7.736 25.3871
7.737 -25.3915
7.737 25.3915
7.738 -25.396
7.738 25.396
7.739 -25.4004
7.739 25.4004
7.74 -25.4049
7.74 25.4049
7.741 -25.4093
7.741 25.4093
7.742 -25.4138
7.742 25.4138
7.743 -25.4182
7.743 25.4182
7.744 -25.4227
7.744 25.4227
7.745 -25.4271
7.745 25.4271
7.746 -25.4316
7.746 25.4316
7.747 -25.436
7.747 25.436
7.748 -25.4405
7.748 25.4405
7.749 -25.4449
7.749 25.4449
7.75 -25.4494
7.75 25.4494
7.751 -25.4539
7.751 25.4539
7.752 -25.4583
7.752 25.4583
7.753 -25.4628
7.753 25.4628
7.754 -25.4672
7.754 25.4672
7.755 -25.4717
7.755 25.4717
7.756 -25.4761
7.756 25.4761
7.757 -25.4806
7.757 25.4806
7.758 -25.485
7.758 25.485
7.759 -25.4895
7.759 25.4895
7.76 -25.4939
7.76 25.4939
7.761 -25.4984
7.761 25.4984
7.762 -25.5029
7.762 25.5029
7.763 -25.5073
7.763 25.5073
7.764 -25.5118
7.764 25.5118
7.765 -25.5162
7.765 25.5162
7.766 -25.5207
7.766 25.5207
7.767 -25.5251
7.767 25.5251
7.768 -25.5296
7.768 25.5296
7.769 -25.5341
7.769 25.5341
7.77 -25.5385
7.77 25.5385
7.771 -25.543
7.771 25.543
7.772 -25.5474
7.772 25.5474
7.773 -25.5519
7.773 25.5519
7.774 -25.5564
7.774 25.5564
7.775 -25.5608
7.775 25.5608
7.776 -25.5653
7.776 25.5653
7.777 -25.5697
7.777 25.5697
7.778 -25.5742
7.778 25.5742
7.779 -25.5787
7.779 25.5787
7.78 -25.5831
7.78 25.5831
7.781 -25.5876
7.781 25.5876
7.782 -25.592
7.782 25.592
7.783 -25.5965
7.783 25.5965
7.784 -25.601
7.784 25.601
7.785 -25.6054
7.785 25.6054
7.786 -25.6099
7.786 25.6099
7.787 -25.6144
7.787 25.6144
7.788 -25.6188
7.788 25.6188
7.789 -25.6233
7.789 25.6233
7.79 -25.6277
7.79 25.6277
7.791 -25.6322
7.791 25.6322
7.792 -25.6367
7.792 25.6367
7.793 -25.6411
7.793 25.6411
7.794 -25.6456
7.794 25.6456
7.795 -25.6501
7.795 25.6501
7.796 -25.6545
7.796 25.6545
7.797 -25.659
7.797 25.659
7.798 -25.6635
7.798 25.6635
7.799 -25.6679
7.799 25.6679
7.8 -25.6724
7.8 25.6724
7.801 -25.6769
7.801 25.6769
7.802 -25.6813
7.802 25.6813
7.803 -25.6858
7.803 25.6858
7.804 -25.6903
7.804 25.6903
7.805 -25.6947
7.805 25.6947
7.806 -25.6992
7.806 25.6992
7.807 -25.7037
7.807 25.7037
7.808 -25.7081
7.808 25.7081
7.809 -25.7126
7.809 25.7126
7.81 -25.7171
7.81 25.7171
7.811 -25.7215
7.811 25.7215
7.812 -25.726
7.812 25.726
7.813 -25.7305
7.813 25.7305
7.814 -25.735
7.814 25.735
7.815 -25.7394
7.815 25.7394
7.816 -25.7439
7.816 25.7439
7.817 -25.7484
7.817 25.7484
7.818 -25.7528
7.818 25.7528
7.819 -25.7573
7.819 25.7573
7.82 -25.7618
7.82 25.7618
7.821 -25.7662
7.821 25.7662
7.822 -25.7707
7.822 25.7707
7.823 -25.7752
7.823 25.7752
7.824 -25.7797
7.824 25.7797
7.825 -25.7841
7.825 25.7841
7.826 -25.7886
7.826 25.7886
7.827 -25.7931
7.827 25.7931
7.828 -25.7976
7.828 25.7976
7.829 -25.802
7.829 25.802
7.83 -25.8065
7.83 25.8065
7.831 -25.811
7.831 25.811
7.832 -25.8154
7.832 25.8154
7.833 -25.8199
7.833 25.8199
7.834 -25.8244
7.834 25.8244
7.835 -25.8289
7.835 25.8289
7.836 -25.8333
7.836 25.8333
7.837 -25.8378
7.837 25.8378
7.838 -25.8423
7.838 25.8423
7.839 -25.8468
7.839 25.8468
7.84 -25.8512
7.84 25.8512
7.841 -25.8557
7.841 25.8557
7.842 -25.8602
7.842 25.8602
7.843 -25.8647
7.843 25.8647
7.844 -25.8692
7.844 25.8692
7.845 -25.8736
7.845 25.8736
7.846 -25.8781
7.846 25.8781
7.847 -25.8826
7.847 25.8826
7.848 -25.8871
7.848 25.8871
7.849 -25.8915
7.849 25.8915
7.85 -25.896
7.85 25.896
7.851 -25.9005
7.851 25.9005
7.852 -25.905
7.852 25.905
7.853 -25.9095
7.853 25.9095
7.854 -25.9139
7.854 25.9139
7.855 -25.9184
7.855 25.9184
7.856 -25.9229
7.856 25.9229
7.857 -25.9274
7.857 25.9274
7.858 -25.9319
7.858 25.9319
7.859 -25.9363
7.859 25.9363
7.86 -25.9408
7.86 25.9408
7.861 -25.9453
7.861 25.9453
7.862 -25.9498
7.862 25.9498
7.863 -25.9543
7.863 25.9543
7.864 -25.9588
7.864 25.9588
7.865 -25.9632
7.865 25.9632
7.866 -25.9677
7.866 25.9677
7.867 -25.9722
7.867 25.9722
7.868 -25.9767
7.868 25.9767
7.869 -25.9812
7.869 25.9812
7.87 -25.9857
7.87 25.9857
7.871 -25.9901
7.871 25.9901
7.872 -25.9946
7.872 25.9946
7.873 -25.9991
7.873 25.9991
7.874 -26.0036
7.874 26.0036
7.875 -26.0081
7.875 26.0081
7.876 -26.0126
7.876 26.0126
7.877 -26.017
7.877 26.017
7.878 -26.0215
7.878 26.0215
7.879 -26.026
7.879 26.026
7.88 -26.0305
7.88 26.0305
7.881 -26.035
7.881 26.035
7.882 -26.0395
7.882 26.0395
7.883 -26.044
7.883 26.044
7.884 -26.0485
7.884 26.0485
7.885 -26.0529
7.885 26.0529
7.886 -26.0574
7.886 26.0574
7.887 -26.0619
7.887 26.0619
7.888 -26.0664
7.888 26.0664
7.889 -26.0709
7.889 26.0709
7.89 -26.0754
7.89 26.0754
7.891 -26.0799
7.891 26.0799
7.892 -26.0844
7.892 26.0844
7.893 -26.0888
7.893 26.0888
7.894 -26.0933
7.894 26.0933
7.895 -26.0978
7.895 26.0978
7.896 -26.1023
7.896 26.1023
7.897 -26.1068
7.897 26.1068
7.898 -26.1113
7.898 26.1113
7.899 -26.1158
7.899 26.1158
7.9 -26.1203
7.9 26.1203
7.901 -26.1248
7.901 26.1248
7.902 -26.1293
7.902 26.1293
7.903 -26.1338
7.903 26.1338
7.904 -26.1382
7.904 26.1382
7.905 -26.1427
7.905 26.1427
7.906 -26.1472
7.906 26.1472
7.907 -26.1517
7.907 26.1517
7.908 -26.1562
7.908 26.1562
7.909 -26.1607
7.909 26.1607
7.91 -26.1652
7.91 26.1652
7.911 -26.1697
7.911 26.1697
7.912 -26.1742
7.912 26.1742
7.913 -26.1787
7.913 26.1787
7.914 -26.1832
7.914 26.1832
7.915 -26.1877
7.915 26.1877
7.916 -26.1922
7.916 26.1922
7.917 -26.1967
7.917 26.1967
7.918 -26.2012
7.918 26.2012
7.919 -26.2057
7.919 26.2057
7.92 -26.2102
7.92 26.2102
7.921 -26.2147
7.921 26.2147
7.922 -26.2191
7.922 26.2191
7.923 -26.2236
7.923 26.2236
7.924 -26.2281
7.924 26.2281
7.925 -26.2326
7.925 26.2326
7.926 -26.2371
7.926 26.2371
7.927 -26.2416
7.927 26.2416
7.928 -26.2461
7.928 26.2461
7.929 -26.2506
7.929 26.2506
7.93 -26.2551
7.93 26.2551
7.931 -26.2596
7.931 26.2596
7.932 -26.2641
7.932 26.2641
7.933 -26.2686
7.933 26.2686
7.934 -26.2731
7.934 26.2731
7.935 -26.2776
7.935 26.2776
7.936 -26.2821
7.936 26.2821
7.937 -26.2866
7.937 26.2866
7.938 -26.2911
7.938 26.2911
7.939 -26.2956
7.939 26.2956
7.94 -26.3001
7.94 26.3001
7.941 -26.3046
7.941 26.3046
7.942 -26.3091
7.942 26.3091
7.943 -26.3136
7.943 26.3136
7.944 -26.3181
7.944 26.3181
7.945 -26.3226
7.945 26.3226
7.946 -26.3271
7.946 26.3271
7.947 -26.3316
7.947 26.3316
7.948 -26.3362
7.948 26.3362
7.949 -26.3407
7.949 26.3407
7.95 -26.3452
7.95 26.3452
7.951 -26.3497
7.951 26.3497
7.952 -26.3542
7.952 26.3542
7.953 -26.3587
7.953 26.3587
7.954 -26.3632
7.954 26.3632
7.955 -26.3677
7.955 26.3677
7.956 -26.3722
7.956 26.3722
7.957 -26.3767
7.957 26.3767
7.958 -26.3812
7.958 26.3812
7.959 -26.3857
7.959 26.3857
7.96 -26.3902
7.96 26.3902
7.961 -26.3947
7.961 26.3947
7.962 -26.3992
7.962 26.3992
7.963 -26.4037
7.963 26.4037
7.964 -26.4082
7.964 26.4082
7.965 -26.4127
7.965 26.4127
7.966 -26.4173
7.966 26.4173
7.967 -26.4218
7.967 26.4218
7.968 -26.4263
7.968 26.4263
7.969 -26.4308
7.969 26.4308
7.97 -26.4353
7.97 26.4353
7.971 -26.4398
7.971 26.4398
7.972 -26.4443
7.972 26.4443
7.973 -26.4488
7.973 26.4488
7.974 -26.4533
7.974 26.4533
7.975 -26.4578
7.975 26.4578
7.976 -26.4623
7.976 26.4623
7.977 -26.4669
7.977 26.4669
7.978 -26.4714
7.978 26.4714
7.979 -26.4759
7.979 26.4759
7.98 -26.4804
7.98 26.4804
7.981 -26.4849
7.981 26.4849
7.982 -26.4894
7.982 26.4894
7.983 -26.4939
7.983 26.4939
7.984 -26.4984
7.984 26.4984
7.985 -26.5029
7.985 26.5029
7.986 -26.5075
7.986 26.5075
7.987 -26.512
7.987 26.512
7.988 -26.5165
7.988 26.5165
7.989 -26.521
7.989 26.521
7.99 -26.5255
7.99 26.5255
7.991 -26.53
7.991 26.53
7.992 -26.5345
7.992 26.5345
7.993 -26.5391
7.993 26.5391
7.994 -26.5436
7.994 26.5436
7.995 -26.5481
7.995 26.5481
7.996 -26.5526
7.996 26.5526
7.997 -26.5571
7.997 26.5571
7.998 -26.5616
7.998 26.5616
7.999 -26.5661
7.999 26.5661
8 -26.5707
8 26.5707
8.001 -26.5752
8.001 26.5752
8.002 -26.5797
8.002 26.5797
8.003 -26.5842
8.003 26.5842
8.004 -26.5887
8.004 26.5887
8.005 -26.5932
8.005 26.5932
8.006 -26.5978
8.006 26.5978
8.007 -26.6023
8.007 26.6023
8.008 -26.6068
8.008 26.6068
8.009 -26.6113
8.009 26.6113
8.01 -26.6158
8.01 26.6158
8.011 -26.6204
8.011 26.6204
8.012 -26.6249
8.012 26.6249
8.013 -26.6294
8.013 26.6294
8.014 -26.6339
8.014 26.6339
8.015 -26.6384
8.015 26.6384
8.016 -26.643
8.016 26.643
8.017 -26.6475
8.017 26.6475
8.018 -26.652
8.018 26.652
8.019 -26.6565
8.019 26.6565
8.02 -26.661
8.02 26.661
8.021 -26.6656
8.021 26.6656
8.022 -26.6701
8.022 26.6701
8.023 -26.6746
8.023 26.6746
8.024 -26.6791
8.024 26.6791
8.025 -26.6836
8.025 26.6836
8.026 -26.6882
8.026 26.6882
8.027 -26.6927
8.027 26.6927
8.028 -26.6972
8.028 26.6972
8.029 -26.7017
8.029 26.7017
8.03 -26.7063
8.03 26.7063
8.031 -26.7108
8.031 26.7108
8.032 -26.7153
8.032 26.7153
8.033 -26.7198
8.033 26.7198
8.034 -26.7244
8.034 26.7244
8.035 -26.7289
8.035 26.7289
8.036 -26.7334
8.036 26.7334
8.037 -26.7379
8.037 26.7379
8.038 -26.7425
8.038 26.7425
8.039 -26.747
8.039 26.747
8.04 -26.7515
8.04 26.7515
8.041 -26.756
8.041 26.756
8.042 -26.7606
8.042 26.7606
8.043 -26.7651
8.043 26.7651
8.044 -26.7696
8.044 26.7696
8.045 -26.7741
8.045 26.7741
8.046 -26.7787
8.046 26.7787
8.047 -26.7832
8.047 26.7832
8.048 -26.7877
8.048 26.7877
8.049 -26.7923
8.049 26.7923
8.05 -26.7968
8.05 26.7968
8.051 -26.8013
8.051 26.8013
8.052 -26.8058
8.052 26.8058
8.053 -26.8104
8.053 26.8104
8.054 -26.8149
8.054 26.8149
8.055 -26.8194
8.055 26.8194
8.056 -26.824
8.056 26.824
8.057 -26.8285
8.057 26.8285
8.058 -26.833
8.058 26.833
8.059 -26.8376
8.059 26.8376
8.06 -26.8421
8.06 26.8421
8.061 -26.8466
8.061 26.8466
8.062 -26.8511
8.062 26.8511
8.063 -26.8557
8.063 26.8557
8.064 -26.8602
8.064 26.8602
8.065 -26.8647
8.065 26.8647
8.066 -26.8693
8.066 26.8693
8.067 -26.8738
8.067 26.8738
8.068 -26.8783
8.068 26.8783
8.069 -26.8829
8.069 26.8829
8.07 -26.8874
8.07 26.8874
8.071 -26.8919
8.071 26.8919
8.072 -26.8965
8.072 26.8965
8.073 -26.901
8.073 26.901
8.074 -26.9055
8.074 26.9055
8.075 -26.9101
8.075 26.9101
8.076 -26.9146
8.076 26.9146
8.077 -26.9191
8.077 26.9191
8.078 -26.9237
8.078 26.9237
8.079 -26.9282
8.079 26.9282
8.08 -26.9328
8.08 26.9328
8.081 -26.9373
8.081 26.9373
8.082 -26.9418
8.082 26.9418
8.083 -26.9464
8.083 26.9464
8.084 -26.9509
8.084 26.9509
8.085 -26.9554
8.085 26.9554
8.086 -26.96
8.086 26.96
8.087 -26.9645
8.087 26.9645
8.088 -26.9691
8.088 26.9691
8.089 -26.9736
8.089 26.9736
8.09 -26.9781
8.09 26.9781
8.091 -26.9827
8.091 26.9827
8.092 -26.9872
8.092 26.9872
8.093 -26.9917
8.093 26.9917
8.094 -26.9963
8.094 26.9963
8.095 -27.0008
8.095 27.0008
8.096 -27.0054
8.096 27.0054
8.097 -27.0099
8.097 27.0099
8.098 -27.0144
8.098 27.0144
8.099 -27.019
8.099 27.019
8.1 -27.0235
8.1 27.0235
8.101 -27.0281
8.101 27.0281
8.102 -27.0326
8.102 27.0326
8.103 -27.0372
8.103 27.0372
8.104 -27.0417
8.104 27.0417
8.105 -27.0462
8.105 27.0462
8.106 -27.0508
8.106 27.0508
8.107 -27.0553
8.107 27.0553
8.108 -27.0599
8.108 27.0599
8.109 -27.0644
8.109 27.0644
8.11 -27.0689
8.11 27.0689
8.111 -27.0735
8.111 27.0735
8.112 -27.078
8.112 27.078
8.113 -27.0826
8.113 27.0826
8.114 -27.0871
8.114 27.0871
8.115 -27.0917
8.115 27.0917
8.116 -27.0962
8.116 27.0962
8.117 -27.1008
8.117 27.1008
8.118 -27.1053
8.118 27.1053
8.119 -27.1099
8.119 27.1099
8.12 -27.1144
8.12 27.1144
8.121 -27.1189
8.121 27.1189
8.122 -27.1235
8.122 27.1235
8.123 -27.128
8.123 27.128
8.124 -27.1326
8.124 27.1326
8.125 -27.1371
8.125 27.1371
8.126 -27.1417
8.126 27.1417
8.127 -27.1462
8.127 27.1462
8.128 -27.1508
8.128 27.1508
8.129 -27.1553
8.129 27.1553
8.13 -27.1599
8.13 27.1599
8.131 -27.1644
8.131 27.1644
8.132 -27.169
8.132 27.169
8.133 -27.1735
8.133 27.1735
8.134 -27.1781
8.134 27.1781
8.135 -27.1826
8.135 27.1826
8.136 -27.1872
8.136 27.1872
8.137 -27.1917
8.137 27.1917
8.138 -27.1963
8.138 27.1963
8.139 -27.2008
8.139 27.2008
8.14 -27.2054
8.14 27.2054
8.141 -27.2099
8.141 27.2099
8.142 -27.2145
8.142 27.2145
8.143 -27.219
8.143 27.219
8.144 -27.2236
8.144 27.2236
8.145 -27.2281
8.145 27.2281
8.146 -27.2327
8.146 27.2327
8.147 -27.2372
8.147 27.2372
8.148 -27.2418
8.148 27.2418
8.149 -27.2463
8.149 27.2463
8.15 -27.2509
8.15 27.2509
8.151 -27.2554
8.151 27.2554
8.152 -27.26
8.152 27.26
8.153 -27.2645
8.153 27.2645
8.154 -27.2691
8.154 27.2691
8.155 -27.2737
8.155 27.2737
8.156 -27.2782
8.156 27.2782
8.157 -27.2828
8.157 27.2828
8.158 -27.2873
8.158 27.2873
8.159 -27.2919
8.159 27.2919
8.16 -27.2964
8.16 27.2964
8.161 -27.301
8.161 27.301
8.162 -27.3055
8.162 27.3055
8.163 -27.3101
8.163 27.3101
8.164 -27.3147
8.164 27.3147
8.165 -27.3192
8.165 27.3192
8.166 -27.3238
8.166 27.3238
8.167 -27.3283
8.167 27.3283
8.168 -27.3329
8.168 27.3329
8.169 -27.3374
8.169 27.3374
8.17 -27.342
8.17 27.342
8.171 -27.3466
8.171 27.3466
8.172 -27.3511
8.172 27.3511
8.173 -27.3557
8.173 27.3557
8.174 -27.3602
8.174 27.3602
8.175 -27.3648
8.175 27.3648
8.176 -27.3694
8.176 27.3694
8.177 -27.3739
8.177 27.3739
8.178 -27.3785
8.178 27.3785
8.179 -27.383
8.179 27.383
8.18 -27.3876
8.18 27.3876
8.181 -27.3922
8.181 27.3922
8.182 -27.3967
8.182 27.3967
8.183 -27.4013
8.183 27.4013
8.184 -27.4058
8.184 27.4058
8.185 -27.4104
8.185 27.4104
8.186 -27.415
8.186 27.415
8.187 -27.4195
8.187 27.4195
8.188 -27.4241
8.188 27.4241
8.189 -27.4287
8.189 27.4287
8.19 -27.4332
8.19 27.4332
8.191 -27.4378
8.191 27.4378
8.192 -27.4423
8.192 27.4423
8.193 -27.4469
8.193 27.4469
8.194 -27.4515
8.194 27.4515
8.195 -27.456
8.195 27.456
8.196 -27.4606
8.196 27.4606
8.197 -27.4652
8.197 27.4652
8.198 -27.4697
8.198 27.4697
8.199 -27.4743
8.199 27.4743
8.2 -27.4789
8.2 27.4789
8.201 -27.4834
8.201 27.4834
8.202 -27.488
8.202 27.488
8.203 -27.4926
8.203 27.4926
8.204 -27.4971
8.204 27.4971
8.205 -27.5017
8.205 27.5017
8.206 -27.5063
8.206 27.5063
8.207 -27.5108
8.207 27.5108
8.208 -27.5154
8.208 27.5154
8.209 -27.52
8.209 27.52
8.21 -27.5245
8.21 27.5245
8.211 -27.5291
8.211 27.5291
8.212 -27.5337
8.212 27.5337
8.213 -27.5382
8.213 27.5382
8.214 -27.5428
8.214 27.5428
8.215 -27.5474
8.215 27.5474
8.216 -27.5519
8.216 27.5519
8.217 -27.5565
8.217 27.5565
8.218 -27.5611
8.218 27.5611
8.219 -27.5657
8.219 27.5657
8.22 -27.5702
8.22 27.5702
8.221 -27.5748
8.221 27.5748
8.222 -27.5794
8.222 27.5794
8.223 -27.5839
8.223 27.5839
8.224 -27.5885
8.224 27.5885
8.225 -27.5931
8.225 27.5931
8.226 -27.5977
8.226 27.5977
8.227 -27.6022
8.227 27.6022
8.228 -27.6068
8.228 27.6068
8.229 -27.6114
8.229 27.6114
8.23 -27.6159
8.23 27.6159
8.231 -27.6205
8.231 27.6205
8.232 -27.6251
8.232 27.6251
8.233 -27.6297
8.233 27.6297
8.234 -27.6342
8.234 27.6342
8.235 -27.6388
8.235 27.6388
8.236 -27.6434
8.236 27.6434
8.237 -27.648
8.237 27.648
8.238 -27.6525
8.238 27.6525
8.239 -27.6571
8.239 27.6571
8.24 -27.6617
8.24 27.6617
8.241 -27.6663
8.241 27.6663
8.242 -27.6708
8.242 27.6708
8.243 -27.6754
8.243 27.6754
8.244 -27.68
8.244 27.68
8.245 -27.6846
8.245 27.6846
8.246 -27.6891
8.246 27.6891
8.247 -27.6937
8.247 27.6937
8.248 -27.6983
8.248 27.6983
8.249 -27.7029
8.249 27.7029
8.25 -27.7075
8.25 27.7075
8.251 -27.712
8.251 27.712
8.252 -27.7166
8.252 27.7166
8.253 -27.7212
8.253 27.7212
8.254 -27.7258
8.254 27.7258
8.255 -27.7303
8.255 27.7303
8.256 -27.7349
8.256 27.7349
8.257 -27.7395
8.257 27.7395
8.258 -27.7441
8.258 27.7441
8.259 -27.7487
8.259 27.7487
8.26 -27.7532
8.26 27.7532
8.261 -27.7578
8.261 27.7578
8.262 -27.7624
8.262 27.7624
8.263 -27.767
8.263 27.767
8.264 -27.7716
8.264 27.7716
8.265 -27.7762
8.265 27.7762
8.266 -27.7807
8.266 27.7807
8.267 -27.7853
8.267 27.7853
8.268 -27.7899
8.268 27.7899
8.269 -27.7945
8.269 27.7945
8.27 -27.7991
8.27 27.7991
8.271 -27.8036
8.271 27.8036
8.272 -27.8082
8.272 27.8082
8.273 -27.8128
8.273 27.8128
8.274 -27.8174
8.274 27.8174
8.275 -27.822
8.275 27.822
8.276 -27.8266
8.276 27.8266
8.277 -27.8312
8.277 27.8312
8.278 -27.8357
8.278 27.8357
8.279 -27.8403
8.279 27.8403
8.28 -27.8449
8.28 27.8449
8.281 -27.8495
8.281 27.8495
8.282 -27.8541
8.282 27.8541
8.283 -27.8587
8.283 27.8587
8.284 -27.8632
8.284 27.8632
8.285 -27.8678
8.285 27.8678
8.286 -27.8724
8.286 27.8724
8.287 -27.877
8.287 27.877
8.288 -27.8816
8.288 27.8816
8.289 -27.8862
8.289 27.8862
8.29 -27.8908
8.29 27.8908
8.291 -27.8954
8.291 27.8954
8.292 -27.8999
8.292 27.8999
8.293 -27.9045
8.293 27.9045
8.294 -27.9091
8.294 27.9091
8.295 -27.9137
8.295 27.9137
8.296 -27.9183
8.296 27.9183
8.297 -27.9229
8.297 27.9229
8.298 -27.9275
8.298 27.9275
8.299 -27.9321
8.299 27.9321
8.3 -27.9367
8.3 27.9367
8.301 -27.9413
8.301 27.9413
8.302 -27.9458
8.302 27.9458
8.303 -27.9504
8.303 27.9504
8.304 -27.955
8.304 27.955
8.305 -27.9596
8.305 27.9596
8.306 -27.9642
8.306 27.9642
8.307 -27.9688
8.307 27.9688
8.308 -27.9734
8.308 27.9734
8.309 -27.978
8.309 27.978
8.31 -27.9826
8.31 27.9826
8.311 -27.9872
8.311 27.9872
8.312 -27.9918
8.312 27.9918
8.313 -27.9964
8.313 27.9964
8.314 -28.0009
8.314 28.0009
8.315 -28.0055
8.315 28.0055
8.316 -28.0101
8.316 28.0101
8.317 -28.0147
8.317 28.0147
8.318 -28.0193
8.318 28.0193
8.319 -28.0239
8.319 28.0239
8.32 -28.0285
8.32 28.0285
8.321 -28.0331
8.321 28.0331
8.322 -28.0377
8.322 28.0377
8.323 -28.0423
8.323 28.0423
8.324 -28.0469
8.324 28.0469
8.325 -28.0515
8.325 28.0515
8.326 -28.0561
8.326 28.0561
8.327 -28.0607
8.327 28.0607
8.328 -28.0653
8.328 28.0653
8.329 -28.0699
8.329 28.0699
8.33 -28.0745
8.33 28.0745
8.331 -28.0791
8.331 28.0791
8.332 -28.0837
8.332 28.0837
8.333 -28.0883
8.333 28.0883
8.334 -28.0929
8.334 28.0929
8.335 -28.0975
8.335 28.0975
8.336 -28.1021
8.336 28.1021
8.337 -28.1067
8.337 28.1067
8.338 -28.1113
8.338 28.1113
8.339 -28.1159
8.339 28.1159
8.34 -28.1205
8.34 28.1205
8.341 -28.1251
8.341 28.1251
8.342 -28.1297
8.342 28.1297
8.343 -28.1343
8.343 28.1343
8.344 -28.1389
8.344 28.1389
8.345 -28.1435
8.345 28.1435
8.346 -28.1481
8.346 28.1481
8.347 -28.1527
8.347 28.1527
8.348 -28.1573
8.348 28.1573
8.349 -28.1619
8.349 28.1619
8.35 -28.1665
8.35 28.1665
8.351 -28.1711
8.351 28.1711
8.352 -28.1757
8.352 28.1757
8.353 -28.1803
8.353 28.1803
8.354 -28.1849
8.354 28.1849
8.355 -28.1895
8.355 28.1895
8.356 -28.1941
8.356 28.1941
8.357 -28.1987
8.357 28.1987
8.358 -28.2033
8.358 28.2033
8.359 -28.2079
8.359 28.2079
8.36 -28.2125
8.36 28.2125
8.361 -28.2171
8.361 28.2171
8.362 -28.2217
8.362 28.2217
8.363 -28.2263
8.363 28.2263
8.364 -28.2309
8.364 28.2309
8.365 -28.2355
8.365 28.2355
8.366 -28.2401
8.366 28.2401
8.367 -28.2448
8.367 28.2448
8.368 -28.2494
8.368 28.2494
8.369 -28.254
8.369 28.254
8.37 -28.2586
8.37 28.2586
8.371 -28.2632
8.371 28.2632
8.372 -28.2678
8.372 28.2678
8.373 -28.2724
8.373 28.2724
8.374 -28.277
8.374 28.277
8.375 -28.2816
8.375 28.2816
8.376 -28.2862
8.376 28.2862
8.377 -28.2908
8.377 28.2908
8.378 -28.2954
8.378 28.2954
8.379 -28.3
8.379 28.3
8.38 -28.3047
8.38 28.3047
8.381 -28.3093
8.381 28.3093
8.382 -28.3139
8.382 28.3139
8.383 -28.3185
8.383 28.3185
8.384 -28.3231
8.384 28.3231
8.385 -28.3277
8.385 28.3277
8.386 -28.3323
8.386 28.3323
8.387 -28.3369
8.387 28.3369
8.388 -28.3415
8.388 28.3415
8.389 -28.3462
8.389 28.3462
8.39 -28.3508
8.39 28.3508
8.391 -28.3554
8.391 28.3554
8.392 -28.36
8.392 28.36
8.393 -28.3646
8.393 28.3646
8.394 -28.3692
8.394 28.3692
8.395 -28.3738
8.395 28.3738
8.396 -28.3784
8.396 28.3784
8.397 -28.3831
8.397 28.3831
8.398 -28.3877
8.398 28.3877
8.399 -28.3923
8.399 28.3923
8.4 -28.3969
8.4 28.3969
8.401 -28.4015
8.401 28.4015
8.402 -28.4061
8.402 28.4061
8.403 -28.4107
8.403 28.4107
8.404 -28.4154
8.404 28.4154
8.405 -28.42
8.405 28.42
8.406 -28.4246
8.406 28.4246
8.407 -28.4292
8.407 28.4292
8.408 -28.4338
8.408 28.4338
8.409 -28.4384
8.409 28.4384
8.41 -28.4431
8.41 28.4431
8.411 -28.4477
8.411 28.4477
8.412 -28.4523
8.412 28.4523
8.413 -28.4569
8.413 28.4569
8.414 -28.4615
8.414 28.4615
8.415 -28.4661
8.415 28.4661
8.416 -28.4708
8.416 28.4708
8.417 -28.4754
8.417 28.4754
8.418 -28.48
8.418 28.48
8.419 -28.4846
8.419 28.4846
8.42 -28.4892
8.42 28.4892
8.421 -28.4939
8.421 28.4939
8.422 -28.4985
8.422 28.4985
8.423 -28.5031
8.423 28.5031
8.424 -28.5077
8.424 28.5077
8.425 -28.5123
8.425 28.5123
8.426 -28.517
8.426 28.517
8.427 -28.5216
8.427 28.5216
8.428 -28.5262
8.428 28.5262
8.429 -28.5308
8.429 28.5308
8.43 -28.5354
8.43 28.5354
8.431 -28.5401
8.431 28.5401
8.432 -28.5447
8.432 28.5447
8.433 -28.5493
8.433 28.5493
8.434 -28.5539
8.434 28.5539
8.435 -28.5586
8.435 28.5586
8.436 -28.5632
8.436 28.5632
8.437 -28.5678
8.437 28.5678
8.438 -28.5724
8.438 28.5724
8.439 -28.5771
8.439 28.5771
8.44 -28.5817
8.44 28.5817
8.441 -28.5863
8.441 28.5863
8.442 -28.5909
8.442 28.5909
8.443 -28.5956
8.443 28.5956
8.444 -28.6002
8.444 28.6002
8.445 -28.6048
8.445 28.6048
8.446 -28.6094
8.446 28.6094
8.447 -28.6141
8.447 28.6141
8.448 -28.6187
8.448 28.6187
8.449 -28.6233
8.449 28.6233
8.45 -28.6279
8.45 28.6279
8.451 -28.6326
8.451 28.6326
8.452 -28.6372
8.452 28.6372
8.453 -28.6418
8.453 28.6418
8.454 -28.6464
8.454 28.6464
8.455 -28.6511
8.455 28.6511
8.456 -28.6557
8.456 28.6557
8.457 -28.6603
8.457 28.6603
8.458 -28.665
8.458 28.665
8.459 -28.6696
8.459 28.6696
8.46 -28.6742
8.46 28.6742
8.461 -28.6788
8.461 28.6788
8.462 -28.6835
8.462 28.6835
8.463 -28.6881
8.463 28.6881
8.464 -28.6927
8.464 28.6927
8.465 -28.6974
8.465 28.6974
8.466 -28.702
8.466 28.702
8.467 -28.7066
8.467 28.7066
8.468 -28.7113
8.468 28.7113
8.469 -28.7159
8.469 28.7159
8.47 -28.7205
8.47 28.7205
8.471 -28.7251
8.471 28.7251
8.472 -28.7298
8.472 28.7298
8.473 -28.7344
8.473 28.7344
8.474 -28.739
8.474 28.739
8.475 -28.7437
8.475 28.7437
8.476 -28.7483
8.476 28.7483
8.477 -28.7529
8.477 28.7529
8.478 -28.7576
8.478 28.7576
8.479 -28.7622
8.479 28.7622
8.48 -28.7668
8.48 28.7668
8.481 -28.7715
8.481 28.7715
8.482 -28.7761
8.482 28.7761
8.483 -28.7807
8.483 28.7807
8.484 -28.7854
8.484 28.7854
8.485 -28.79
8.485 28.79
8.486 -28.7947
8.486 28.7947
8.487 -28.7993
8.487 28.7993
8.488 -28.8039
8.488 28.8039
8.489 -28.8086
8.489 28.8086
8.49 -28.8132
8.49 28.8132
8.491 -28.8178
8.491 28.8178
8.492 -28.8225
8.492 28.8225
8.493 -28.8271
8.493 28.8271
8.494 -28.8317
8.494 28.8317
8.495 -28.8364
8.495 28.8364
8.496 -28.841
8.496 28.841
8.497 -28.8457
8.497 28.8457
8.498 -28.8503
8.498 28.8503
8.499 -28.8549
8.499 28.8549
8.5 -28.8596
8.5 28.8596
8.501 -28.8642
8.501 28.8642
8.502 -28.8689
8.502 28.8689
8.503 -28.8735
8.503 28.8735
8.504 -28.8781
8.504 28.8781
8.505 -28.8828
8.505 28.8828
8.506 -28.8874
8.506 28.8874
8.507 -28.8921
8.507 28.8921
8.508 -28.8967
8.508 28.8967
8.509 -28.9013
8.509 28.9013
8.51 -28.906
8.51 28.906
8.511 -28.9106
8.511 28.9106
8.512 -28.9153
8.512 28.9153
8.513 -28.9199
8.513 28.9199
8.514 -28.9245
8.514 28.9245
8.515 -28.9292
8.515 28.9292
8.516 -28.9338
8.516 28.9338
8.517 -28.9385
8.517 28.9385
8.518 -28.9431
8.518 28.9431
8.519 -28.9478
8.519 28.9478
8.52 -28.9524
8.52 28.9524
8.521 -28.957
8.521 28.957
8.522 -28.9617
8.522 28.9617
8.523 -28.9663
8.523 28.9663
8.524 -28.971
8.524 28.971
8.525 -28.9756
8.525 28.9756
8.526 -28.9803
8.526 28.9803
8.527 -28.9849
8.527 28.9849
8.528 -28.9896
8.528 28.9896
8.529 -28.9942
8.529 28.9942
8.53 -28.9988
8.53 28.9988
8.531 -29.0035
8.531 29.0035
8.532 -29.0081
8.532 29.0081
8.533 -29.0128
8.533 29.0128
8.534 -29.0174
8.534 29.0174
8.535 -29.0221
8.535 29.0221
8.536 -29.0267
8.536 29.0267
8.537 -29.0314
8.537 29.0314
8.538 -29.036
8.538 29.036
8.539 -29.0407
8.539 29.0407
8.54 -29.0453
8.54 29.0453
8.541 -29.05
8.541 29.05
8.542 -29.0546
8.542 29.0546
8.543 -29.0593
8.543 29.0593
8.544 -29.0639
8.544 29.0639
8.545 -29.0686
8.545 29.0686
8.546 -29.0732
8.546 29.0732
8.547 -29.0779
8.547 29.0779
8.548 -29.0825
8.548 29.0825
8.549 -29.0872
8.549 29.0872
8.55 -29.0918
8.55 29.0918
8.551 -29.0965
8.551 29.0965
8.552 -29.1011
8.552 29.1011
8.553 -29.1058
8.553 29.1058
8.554 -29.1104
8.554 29.1104
8.555 -29.1151
8.555 29.1151
8.556 -29.1197
8.556 29.1197
8.557 -29.1244
8.557 29.1244
8.558 -29.129
8.558 29.129
8.559 -29.1337
8.559 29.1337
8.56 -29.1383
8.56 29.1383
8.561 -29.143
8.561 29.143
8.562 -29.1476
8.562 29.1476
8.563 -29.1523
8.563 29.1523
8.564 -29.157
8.564 29.157
8.565 -29.1616
8.565 29.1616
8.566 -29.1663
8.566 29.1663
8.567 -29.1709
8.567 29.1709
8.568 -29.1756
8.568 29.1756
8.569 -29.1802
8.569 29.1802
8.57 -29.1849
8.57 29.1849
8.571 -29.1895
8.571 29.1895
8.572 -29.1942
8.572 29.1942
8.573 -29.1989
8.573 29.1989
8.574 -29.2035
8.574 29.2035
8.575 -29.2082
8.575 29.2082
8.576 -29.2128
8.576 29.2128
8.577 -29.2175
8.577 29.2175
8.578 -29.2221
8.578 29.2221
8.579 -29.2268
8.579 29.2268
8.58 -29.2315
8.58 29.2315
8.581 -29.2361
8.581 29.2361
8.582 -29.2408
8.582 29.2408
8.583 -29.2454
8.583 29.2454
8.584 -29.2501
8.584 29.2501
8.585 -29.2547
8.585 29.2547
8.586 -29.2594
8.586 29.2594
8.587 -29.2641
8.587 29.2641
8.588 -29.2687
8.588 29.2687
8.589 -29.2734
8.589 29.2734
8.59 -29.278
8.59 29.278
8.591 -29.2827
8.591 29.2827
8.592 -29.2874
8.592 29.2874
8.593 -29.292
8.593 29.292
8.594 -29.2967
8.594 29.2967
8.595 -29.3014
8.595 29.3014
8.596 -29.306
8.596 29.306
8.597 -29.3107
8.597 29.3107
8.598 -29.3153
8.598 29.3153
8.599 -29.32
8.599 29.32
8.6 -29.3247
8.6 29.3247
8.601 -29.3293
8.601 29.3293
8.602 -29.334
8.602 29.334
8.603 -29.3387
8.603 29.3387
8.604 -29.3433
8.604 29.3433
8.605 -29.348
8.605 29.348
8.606 -29.3526
8.606 29.3526
8.607 -29.3573
8.607 29.3573
8.608 -29.362
8.608 29.362
8.609 -29.3666
8.609 29.3666
8.61 -29.3713
8.61 29.3713
8.611 -29.376
8.611 29.376
8.612 -29.3806
8.612 29.3806
8.613 -29.3853
8.613 29.3853
8.614 -29.39
8.614 29.39
8.615 -29.3946
8.615 29.3946
8.616 -29.3993
8.616 29.3993
8.617 -29.404
8.617 29.404
8.618 -29.4086
8.618 29.4086
8.619 -29.4133
8.619 29.4133
8.62 -29.418
8.62 29.418
8.621 -29.4226
8.621 29.4226
8.622 -29.4273
8.622 29.4273
8.623 -29.432
8.623 29.432
8.624 -29.4366
8.624 29.4366
8.625 -29.4413
8.625 29.4413
8.626 -29.446
8.626 29.446
8.627 -29.4507
8.627 29.4507
8.628 -29.4553
8.628 29.4553
8.629 -29.46
8.629 29.46
8.63 -29.4647
8.63 29.4647
8.631 -29.4693
8.631 29.4693
8.632 -29.474
8.632 29.474
8.633 -29.4787
8.633 29.4787
8.634 -29.4833
8.634 29.4833
8.635 -29.488
8.635 29.488
8.636 -29.4927
8.636 29.4927
8.637 -29.4974
8.637 29.4974
8.638 -29.502
8.638 29.502
8.639 -29.5067
8.639 29.5067
8.64 -29.5114
8.64 29.5114
8.641 -29.516
8.641 29.516
8.642 -29.5207
8.642 29.5207
8.643 -29.5254
8.643 29.5254
8.644 -29.5301
8.644 29.5301
8.645 -29.5347
8.645 29.5347
8.646 -29.5394
8.646 29.5394
8.647 -29.5441
8.647 29.5441
8.648 -29.5488
8.648 29.5488
8.649 -29.5534
8.649 29.5534
8.65 -29.5581
8.65 29.5581
8.651 -29.5628
8.651 29.5628
8.652 -29.5675
8.652 29.5675
8.653 -29.5721
8.653 29.5721
8.654 -29.5768
8.654 29.5768
8.655 -29.5815
8.655 29.5815
8.656 -29.5862
8.656 29.5862
8.657 -29.5908
8.657 29.5908
8.658 -29.5955
8.658 29.5955
8.659 -29.6002
8.659 29.6002
8.66 -29.6049
8.66 29.6049
8.661 -29.6096
8.661 29.6096
8.662 -29.6142
8.662 29.6142
8.663 -29.6189
8.663 29.6189
8.664 -29.6236
8.664 29.6236
8.665 -29.6283
8.665 29.6283
8.666 -29.6329
8.666 29.6329
8.667 -29.6376
8.667 29.6376
8.668 -29.6423
8.668 29.6423
8.669 -29.647
8.669 29.647
8.67 -29.6517
8.67 29.6517
8.671 -29.6563
8.671 29.6563
8.672 -29.661
8.672 29.661
8.673 -29.6657
8.673 29.6657
8.674 -29.6704
8.674 29.6704
8.675 -29.6751
8.675 29.6751
8.676 -29.6797
8.676 29.6797
8.677 -29.6844
8.677 29.6844
8.678 -29.6891
8.678 29.6891
8.679 -29.6938
8.679 29.6938
8.68 -29.6985
8.68 29.6985
8.681 -29.7032
8.681 29.7032
8.682 -29.7078
8.682 29.7078
8.683 -29.7125
8.683 29.7125
8.684 -29.7172
8.684 29.7172
8.685 -29.7219
8.685 29.7219
8.686 -29.7266
8.686 29.7266
8.687 -29.7313
8.687 29.7313
8.688 -29.7359
8.688 29.7359
8.689 -29.7406
8.689 29.7406
8.69 -29.7453
8.69 29.7453
8.691 -29.75
8.691 29.75
8.692 -29.7547
8.692 29.7547
8.693 -29.7594
8.693 29.7594
8.694 -29.764
8.694 29.764
8.695 -29.7687
8.695 29.7687
8.696 -29.7734
8.696 29.7734
8.697 -29.7781
8.697 29.7781
8.698 -29.7828
8.698 29.7828
8.699 -29.7875
8.699 29.7875
8.7 -29.7922
8.7 29.7922
8.701 -29.7969
8.701 29.7969
8.702 -29.8015
8.702 29.8015
8.703 -29.8062
8.703 29.8062
8.704 -29.8109
8.704 29.8109
8.705 -29.8156
8.705 29.8156
8.706 -29.8203
8.706 29.8203
8.707 -29.825
8.707 29.825
8.708 -29.8297
8.708 29.8297
8.709 -29.8344
8.709 29.8344
8.71 -29.839
8.71 29.839
8.711 -29.8437
8.711 29.8437
8.712 -29.8484
8.712 29.8484
8.713 -29.8531
8.713 29.8531
8.714 -29.8578
8.714 29.8578
8.715 -29.8625
8.715 29.8625
8.716 -29.8672
8.716 29.8672
8.717 -29.8719
8.717 29.8719
8.718 -29.8766
8.718 29.8766
8.719 -29.8813
8.719 29.8813
8.72 -29.886
8.72 29.886
8.721 -29.8906
8.721 29.8906
8.722 -29.8953
8.722 29.8953
8.723 -29.9
8.723 29.9
8.724 -29.9047
8.724 29.9047
8.725 -29.9094
8.725 29.9094
8.726 -29.9141
8.726 29.9141
8.727 -29.9188
8.727 29.9188
8.728 -29.9235
8.728 29.9235
8.729 -29.9282
8.729 29.9282
8.73 -29.9329
8.73 29.9329
8.731 -29.9376
8.731 29.9376
8.732 -29.9423
8.732 29.9423
8.733 -29.947
8.733 29.947
8.734 -29.9517
8.734 29.9517
8.735 -29.9564
8.735 29.9564
8.736 -29.961
8.736 29.961
8.737 -29.9657
8.737 29.9657
8.738 -29.9704
8.738 29.9704
8.739 -29.9751
8.739 29.9751
8.74 -29.9798
8.74 29.9798
8.741 -29.9845
8.741 29.9845
8.742 -29.9892
8.742 29.9892
8.743 -29.9939
8.743 29.9939
8.744 -29.9986
8.744 29.9986
8.745 -30.0033
8.745 30.0033
8.746 -30.008
8.746 30.008
8.747 -30.0127
8.747 30.0127
8.748 -30.0174
8.748 30.0174
8.749 -30.0221
8.749 30.0221
8.75 -30.0268
8.75 30.0268
8.751 -30.0315
8.751 30.0315
8.752 -30.0362
8.752 30.0362
8.753 -30.0409
8.753 30.0409
8.754 -30.0456
8.754 30.0456
8.755 -30.0503
8.755 30.0503
8.756 -30.055
8.756 30.055
8.757 -30.0597
8.757 30.0597
8.758 -30.0644
8.758 30.0644
8.759 -30.0691
8.759 30.0691
8.76 -30.0738
8.76 30.0738
8.761 -30.0785
8.761 30.0785
8.762 -30.0832
8.762 30.0832
8.763 -30.0879
8.763 30.0879
8.764 -30.0926
8.764 30.0926
8.765 -30.0973
8.765 30.0973
8.766 -30.102
8.766 30.102
8.767 -30.1067
8.767 30.1067
8.768 -30.1114
8.768 30.1114
8.769 -30.1161
8.769 30.1161
8.77 -30.1208
8.77 30.1208
8.771 -30.1255
8.771 30.1255
8.772 -30.1302
8.772 30.1302
8.773 -30.1349
8.773 30.1349
8.774 -30.1397
8.774 30.1397
8.775 -30.1444
8.775 30.1444
8.776 -30.1491
8.776 30.1491
8.777 -30.1538
8.777 30.1538
8.778 -30.1585
8.778 30.1585
8.779 -30.1632
8.779 30.1632
8.78 -30.1679
8.78 30.1679
8.781 -30.1726
8.781 30.1726
8.782 -30.1773
8.782 30.1773
8.783 -30.182
8.783 30.182
8.784 -30.1867
8.784 30.1867
8.785 -30.1914
8.785 30.1914
8.786 -30.1961
8.786 30.1961
8.787 -30.2008
8.787 30.2008
8.788 -30.2055
8.788 30.2055
8.789 -30.2103
8.789 30.2103
8.79 -30.215
8.79 30.215
8.791 -30.2197
8.791 30.2197
8.792 -30.2244
8.792 30.2244
8.793 -30.2291
8.793 30.2291
8.794 -30.2338
8.794 30.2338
8.795 -30.2385
8.795 30.2385
8.796 -30.2432
8.796 30.2432
8.797 -30.2479
8.797 30.2479
8.798 -30.2526
8.798 30.2526
8.799 -30.2573
8.799 30.2573
8.8 -30.2621
8.8 30.2621
8.801 -30.2668
8.801 30.2668
8.802 -30.2715
8.802 30.2715
8.803 -30.2762
8.803 30.2762
8.804 -30.2809
8.804 30.2809
8.805 -30.2856
8.805 30.2856
8.806 -30.2903
8.806 30.2903
8.807 -30.295
8.807 30.295
8.808 -30.2997
8.808 30.2997
8.809 -30.3045
8.809 30.3045
8.81 -30.3092
8.81 30.3092
8.811 -30.3139
8.811 30.3139
8.812 -30.3186
8.812 30.3186
8.813 -30.3233
8.813 30.3233
8.814 -30.328
8.814 30.328
8.815 -30.3327
8.815 30.3327
8.816 -30.3375
8.816 30.3375
8.817 -30.3422
8.817 30.3422
8.818 -30.3469
8.818 30.3469
8.819 -30.3516
8.819 30.3516
8.82 -30.3563
8.82 30.3563
8.821 -30.361
8.821 30.361
8.822 -30.3658
8.822 30.3658
8.823 -30.3705
8.823 30.3705
8.824 -30.3752
8.824 30.3752
8.825 -30.3799
8.825 30.3799
8.826 -30.3846
8.826 30.3846
8.827 -30.3893
8.827 30.3893
8.828 -30.3941
8.828 30.3941
8.829 -30.3988
8.829 30.3988
8.83 -30.4035
8.83 30.4035
8.831 -30.4082
8.831 30.4082
8.832 -30.4129
8.832 30.4129
8.833 -30.4176
8.833 30.4176
8.834 -30.4224
8.834 30.4224
8.835 -30.4271
8.835 30.4271
8.836 -30.4318
8.836 30.4318
8.837 -30.4365
8.837 30.4365
8.838 -30.4412
8.838 30.4412
8.839 -30.446
8.839 30.446
8.84 -30.4507
8.84 30.4507
8.841 -30.4554
8.841 30.4554
8.842 -30.4601
8.842 30.4601
8.843 -30.4648
8.843 30.4648
8.844 -30.4696
8.844 30.4696
8.845 -30.4743
8.845 30.4743
8.846 -30.479
8.846 30.479
8.847 -30.4837
8.847 30.4837
8.848 -30.4885
8.848 30.4885
8.849 -30.4932
8.849 30.4932
8.85 -30.4979
8.85 30.4979
8.851 -30.5026
8.851 30.5026
8.852 -30.5073
8.852 30.5073
8.853 -30.5121
8.853 30.5121
8.854 -30.5168
8.854 30.5168
8.855 -30.5215
8.855 30.5215
8.856 -30.5262
8.856 30.5262
8.857 -30.531
8.857 30.531
8.858 -30.5357
8.858 30.5357
8.859 -30.5404
8.859 30.5404
8.86 -30.5451
8.86 30.5451
8.861 -30.5499
8.861 30.5499
8.862 -30.5546
8.862 30.5546
8.863 -30.5593
8.863 30.5593
8.864 -30.564
8.864 30.564
8.865 -30.5688
8.865 30.5688
8.866 -30.5735
8.866 30.5735
8.867 -30.5782
8.867 30.5782
8.868 -30.5829
8.868 30.5829
8.869 -30.5877
8.869 30.5877
8.87 -30.5924
8.87 30.5924
8.871 -30.5971
8.871 30.5971
8.872 -30.6019
8.872 30.6019
8.873 -30.6066
8.873 30.6066
8.874 -30.6113
8.874 30.6113
8.875 -30.616
8.875 30.616
8.876 -30.6208
8.876 30.6208
8.877 -30.6255
8.877 30.6255
8.878 -30.6302
8.878 30.6302
8.879 -30.635
8.879 30.635
8.88 -30.6397
8.88 30.6397
8.881 -30.6444
8.881 30.6444
8.882 -30.6491
8.882 30.6491
8.883 -30.6539
8.883 30.6539
8.884 -30.6586
8.884 30.6586
8.885 -30.6633
8.885 30.6633
8.886 -30.6681
8.886 30.6681
8.887 -30.6728
8.887 30.6728
8.888 -30.6775
8.888 30.6775
8.889 -30.6823
8.889 30.6823
8.89 -30.687
8.89 30.687
8.891 -30.6917
8.891 30.6917
8.892 -30.6965
8.892 30.6965
8.893 -30.7012
8.893 30.7012
8.894 -30.7059
8.894 30.7059
8.895 -30.7107
8.895 30.7107
8.896 -30.7154
8.896 30.7154
8.897 -30.7201
8.897 30.7201
8.898 -30.7249
8.898 30.7249
8.899 -30.7296
8.899 30.7296
8.9 -30.7343
8.9 30.7343
8.901 -30.7391
8.901 30.7391
8.902 -30.7438
8.902 30.7438
8.903 -30.7485
8.903 30.7485
8.904 -30.7533
8.904 30.7533
8.905 -30.758
8.905 30.758
8.906 -30.7627
8.906 30.7627
8.907 -30.7675
8.907 30.7675
8.908 -30.7722
8.908 30.7722
8.909 -30.777
8.909 30.777
8.91 -30.7817
8.91 30.7817
8.911 -30.7864
8.911 30.7864
8.912 -30.7912
8.912 30.7912
8.913 -30.7959
8.913 30.7959
8.914 -30.8006
8.914 30.8006
8.915 -30.8054
8.915 30.8054
8.916 -30.8101
8.916 30.8101
8.917 -30.8149
8.917 30.8149
8.918 -30.8196
8.918 30.8196
8.919 -30.8243
8.919 30.8243
8.92 -30.8291
8.92 30.8291
8.921 -30.8338
8.921 30.8338
8.922 -30.8385
8.922 30.8385
8.923 -30.8433
8.923 30.8433
8.924 -30.848
8.924 30.848
8.925 -30.8528
8.925 30.8528
8.926 -30.8575
8.926 30.8575
8.927 -30.8623
8.927 30.8623
8.928 -30.867
8.928 30.867
8.929 -30.8717
8.929 30.8717
8.93 -30.8765
8.93 30.8765
8.931 -30.8812
8.931 30.8812
8.932 -30.886
8.932 30.886
8.933 -30.8907
8.933 30.8907
8.934 -30.8954
8.934 30.8954
8.935 -30.9002
8.935 30.9002
8.936 -30.9049
8.936 30.9049
8.937 -30.9097
8.937 30.9097
8.938 -30.9144
8.938 30.9144
8.939 -30.9192
8.939 30.9192
8.94 -30.9239
8.94 30.9239
8.941 -30.9286
8.941 30.9286
8.942 -30.9334
8.942 30.9334
8.943 -30.9381
8.943 30.9381
8.944 -30.9429
8.944 30.9429
8.945 -30.9476
8.945 30.9476
8.946 -30.9524
8.946 30.9524
8.947 -30.9571
8.947 30.9571
8.948 -30.9619
8.948 30.9619
8.949 -30.9666
8.949 30.9666
8.95 -30.9714
8.95 30.9714
8.951 -30.9761
8.951 30.9761
8.952 -30.9808
8.952 30.9808
8.953 -30.9856
8.953 30.9856
8.954 -30.9903
8.954 30.9903
8.955 -30.9951
8.955 30.9951
8.956 -30.9998
8.956 30.9998
8.957 -31.0046
8.957 31.0046
8.958 -31.0093
8.958 31.0093
8.959 -31.0141
8.959 31.0141
8.96 -31.0188
8.96 31.0188
8.961 -31.0236
8.961 31.0236
8.962 -31.0283
8.962 31.0283
8.963 -31.0331
8.963 31.0331
8.964 -31.0378
8.964 31.0378
8.965 -31.0426
8.965 31.0426
8.966 -31.0473
8.966 31.0473
8.967 -31.0521
8.967 31.0521
8.968 -31.0568
8.968 31.0568
8.969 -31.0616
8.969 31.0616
8.97 -31.0663
8.97 31.0663
8.971 -31.0711
8.971 31.0711
8.972 -31.0758
8.972 31.0758
8.973 -31.0806
8.973 31.0806
8.974 -31.0853
8.974 31.0853
8.975 -31.0901
8.975 31.0901
8.976 -31.0948
8.976 31.0948
8.977 -31.0996
8.977 31.0996
8.978 -31.1043
8.978 31.1043
8.979 -31.1091
8.979 31.1091
8.98 -31.1139
8.98 31.1139
8.981 -31.1186
8.981 31.1186
8.982 -31.1234
8.982 31.1234
8.983 -31.1281
8.983 31.1281
8.984 -31.1329
8.984 31.1329
8.985 -31.1376
8.985 31.1376
8.986 -31.1424
8.986 31.1424
8.987 -31.1471
8.987 31.1471
8.988 -31.1519
8.988 31.1519
8.989 -31.1566
8.989 31.1566
8.99 -31.1614
8.99 31.1614
8.991 -31.1662
8.991 31.1662
8.992 -31.1709
8.992 31.1709
8.993 -31.1757
8.993 31.1757
8.994 -31.1804
8.994 31.1804
8.995 -31.1852
8.995 31.1852
8.996 -31.1899
8.996 31.1899
8.997 -31.1947
8.997 31.1947
8.998 -31.1995
8.998 31.1995
8.999 -31.2042
8.999 31.2042
9 -31.209
9 31.209
9.001 -31.2137
9.001 31.2137
9.002 -31.2185
9.002 31.2185
9.003 -31.2232
9.003 31.2232
9.004 -31.228
9.004 31.228
9.005 -31.2328
9.005 31.2328
9.006 -31.2375
9.006 31.2375
9.007 -31.2423
9.007 31.2423
9.008 -31.247
9.008 31.247
9.009 -31.2518
9.009 31.2518
9.01 -31.2566
9.01 31.2566
9.011 -31.2613
9.011 31.2613
9.012 -31.2661
9.012 31.2661
9.013 -31.2709
9.013 31.2709
9.014 -31.2756
9.014 31.2756
9.015 -31.2804
9.015 31.2804
9.016 -31.2851
9.016 31.2851
9.017 -31.2899
9.017 31.2899
9.018 -31.2947
9.018 31.2947
9.019 -31.2994
9.019 31.2994
9.02 -31.3042
9.02 31.3042
9.021 -31.3089
9.021 31.3089
9.022 -31.3137
9.022 31.3137
9.023 -31.3185
9.023 31.3185
9.024 -31.3232
9.024 31.3232
9.025 -31.328
9.025 31.328
9.026 -31.3328
9.026 31.3328
9.027 -31.3375
9.027 31.3375
9.028 -31.3423
9.028 31.3423
9.029 -31.3471
9.029 31.3471
9.03 -31.3518
9.03 31.3518
9.031 -31.3566
9.031 31.3566
9.032 -31.3614
9.032 31.3614
9.033 -31.3661
9.033 31.3661
9.034 -31.3709
9.034 31.3709
9.035 -31.3757
9.035 31.3757
9.036 -31.3804
9.036 31.3804
9.037 -31.3852
9.037 31.3852
9.038 -31.39
9.038 31.39
9.039 -31.3947
9.039 31.3947
9.04 -31.3995
9.04 31.3995
9.041 -31.4043
9.041 31.4043
9.042 -31.409
9.042 31.409
9.043 -31.4138
9.043 31.4138
9.044 -31.4186
9.044 31.4186
9.045 -31.4233
9.045 31.4233
9.046 -31.4281
9.046 31.4281
9.047 -31.4329
9.047 31.4329
9.048 -31.4376
9.048 31.4376
9.049 -31.4424
9.049 31.4424
9.05 -31.4472
9.05 31.4472
9.051 -31.452
9.051 31.452
9.052 -31.4567
9.052 31.4567
9.053 -31.4615
9.053 31.4615
9.054 -31.4663
9.054 31.4663
9.055 -31.471
9.055 31.471
9.056 -31.4758
9.056 31.4758
9.057 -31.4806
9.057 31.4806
9.058 -31.4853
9.058 31.4853
9.059 -31.4901
9.059 31.4901
9.06 -31.4949
9.06 31.4949
9.061 -31.4997
9.061 31.4997
9.062 -31.5044
9.062 31.5044
9.063 -31.5092
9.063 31.5092
9.064 -31.514
9.064 31.514
9.065 -31.5188
9.065 31.5188
9.066 -31.5235
9.066 31.5235
9.067 -31.5283
9.067 31.5283
9.068 -31.5331
9.068 31.5331
9.069 -31.5379
9.069 31.5379
9.07 -31.5426
9.07 31.5426
9.071 -31.5474
9.071 31.5474
9.072 -31.5522
9.072 31.5522
9.073 -31.557
9.073 31.557
9.074 -31.5617
9.074 31.5617
9.075 -31.5665
9.075 31.5665
9.076 -31.5713
9.076 31.5713
9.077 -31.5761
9.077 31.5761
9.078 -31.5808
9.078 31.5808
9.079 -31.5856
9.079 31.5856
9.08 -31.5904
9.08 31.5904
9.081 -31.5952
9.081 31.5952
9.082 -31.5999
9.082 31.5999
9.083 -31.6047
9.083 31.6047
9.084 -31.6095
9.084 31.6095
9.085 -31.6143
9.085 31.6143
9.086 -31.6191
9.086 31.6191
9.087 -31.6238
9.087 31.6238
9.088 -31.6286
9.088 31.6286
9.089 -31.6334
9.089 31.6334
9.09 -31.6382
9.09 31.6382
9.091 -31.6429
9.091 31.6429
9.092 -31.6477
9.092 31.6477
9.093 -31.6525
9.093 31.6525
9.094 -31.6573
9.094 31.6573
9.095 -31.6621
9.095 31.6621
9.096 -31.6668
9.096 31.6668
9.097 -31.6716
9.097 31.6716
9.098 -31.6764
9.098 31.6764
9.099 -31.6812
9.099 31.6812
9.1 -31.686
9.1 31.686
9.101 -31.6908
9.101 31.6908
9.102 -31.6955
9.102 31.6955
9.103 -31.7003
9.103 31.7003
9.104 -31.7051
9.104 31.7051
9.105 -31.7099
9.105 31.7099
9.106 -31.7147
9.106 31.7147
9.107 -31.7195
9.107 31.7195
9.108 -31.7242
9.108 31.7242
9.109 -31.729
9.109 31.729
9.11 -31.7338
9.11 31.7338
9.111 -31.7386
9.111 31.7386
9.112 -31.7434
9.112 31.7434
9.113 -31.7482
9.113 31.7482
9.114 -31.7529
9.114 31.7529
9.115 -31.7577
9.115 31.7577
9.116 -31.7625
9.116 31.7625
9.117 -31.7673
9.117 31.7673
9.118 -31.7721
9.118 31.7721
9.119 -31.7769
9.119 31.7769
9.12 -31.7817
9.12 31.7817
9.121 -31.7864
9.121 31.7864
9.122 -31.7912
9.122 31.7912
9.123 -31.796
9.123 31.796
9.124 -31.8008
9.124 31.8008
9.125 -31.8056
9.125 31.8056
9.126 -31.8104
9.126 31.8104
9.127 -31.8152
9.127 31.8152
9.128 -31.82
9.128 31.82
9.129 -31.8247
9.129 31.8247
9.13 -31.8295
9.13 31.8295
9.131 -31.8343
9.131 31.8343
9.132 -31.8391
9.132 31.8391
9.133 -31.8439
9.133 31.8439
9.134 -31.8487
9.134 31.8487
9.135 -31.8535
9.135 31.8535
9.136 -31.8583
9.136 31.8583
9.137 -31.8631
9.137 31.8631
9.138 -31.8679
9.138 31.8679
9.139 -31.8726
9.139 31.8726
9.14 -31.8774
9.14 31.8774
9.141 -31.8822
9.141 31.8822
9.142 -31.887
9.142 31.887
9.143 -31.8918
9.143 31.8918
9.144 -31.8966
9.144 31.8966
9.145 -31.9014
9.145 31.9014
9.146 -31.9062
9.146 31.9062
9.147 -31.911
9.147 31.911
9.148 -31.9158
9.148 31.9158
9.149 -31.9206
9.149 31.9206
9.15 -31.9254
9.15 31.9254
9.151 -31.9301
9.151 31.9301
9.152 -31.9349
9.152 31.9349
9.153 -31.9397
9.153 31.9397
9.154 -31.9445
9.154 31.9445
9.155 -31.9493
9.155 31.9493
9.156 -31.9541
9.156 31.9541
9.157 -31.9589
9.157 31.9589
9.158 -31.9637
9.158 31.9637
9.159 -31.9685
9.159 31.9685
9.16 -31.9733
9.16 31.9733
9.161 -31.9781
9.161 31.9781
9.162 -31.9829
9.162 31.9829
9.163 -31.9877
9.163 31.9877
9.164 -31.9925
9.164 31.9925
9.165 -31.9973
9.165 31.9973
9.166 -32.0021
9.166 32.0021
9.167 -32.0069
9.167 32.0069
9.168 -32.0117
9.168 32.0117
9.169 -32.0165
9.169 32.0165
9.17 -32.0213
9.17 32.0213
9.171 -32.0261
9.171 32.0261
9.172 -32.0309
9.172 32.0309
9.173 -32.0357
9.173 32.0357
9.174 -32.0405
9.174 32.0405
9.175 -32.0453
9.175 32.0453
9.176 -32.0501
9.176 32.0501
9.177 -32.0549
9.177 32.0549
9.178 -32.0597
9.178 32.0597
9.179 -32.0645
9.179 32.0645
9.18 -32.0693
9.18 32.0693
9.181 -32.0741
9.181 32.0741
9.182 -32.0789
9.182 32.0789
9.183 -32.0837
9.183 32.0837
9.184 -32.0885
9.184 32.0885
9.185 -32.0933
9.185 32.0933
9.186 -32.0981
9.186 32.0981
9.187 -32.1029
9.187 32.1029
9.188 -32.1077
9.188 32.1077
9.189 -32.1125
9.189 32.1125
9.19 -32.1173
9.19 32.1173
9.191 -32.1221
9.191 32.1221
9.192 -32.1269
9.192 32.1269
9.193 -32.1317
9.193 32.1317
9.194 -32.1365
9.194 32.1365
9.195 -32.1413
9.195 32.1413
9.196 -32.1461
9.196 32.1461
9.197 -32.1509
9.197 32.1509
9.198 -32.1557
9.198 32.1557
9.199 -32.1605
9.199 32.1605
9.2 -32.1653
9.2 32.1653
9.201 -32.1701
9.201 32.1701
9.202 -32.1749
9.202 32.1749
9.203 -32.1797
9.203 32.1797
9.204 -32.1845
9.204 32.1845
9.205 -32.1894
9.205 32.1894
9.206 -32.1942
9.206 32.1942
9.207 -32.199
9.207 32.199
9.208 -32.2038
9.208 32.2038
9.209 -32.2086
9.209 32.2086
9.21 -32.2134
9.21 32.2134
9.211 -32.2182
9.211 32.2182
9.212 -32.223
9.212 32.223
9.213 -32.2278
9.213 32.2278
9.214 -32.2326
9.214 32.2326
9.215 -32.2374
9.215 32.2374
9.216 -32.2422
9.216 32.2422
9.217 -32.247
9.217 32.247
9.218 -32.2519
9.218 32.2519
9.219 -32.2567
9.219 32.2567
9.22 -32.2615
9.22 32.2615
9.221 -32.2663
9.221 32.2663
9.222 -32.2711
9.222 32.2711
9.223 -32.2759
9.223 32.2759
9.224 -32.2807
9.224 32.2807
9.225 -32.2855
9.225 32.2855
9.226 -32.2903
9.226 32.2903
9.227 -32.2951
9.227 32.2951
9.228 -32.3
9.228 32.3
9.229 -32.3048
9.229 32.3048
9.23 -32.3096
9.23 32.3096
9.231 -32.3144
9.231 32.3144
9.232 -32.3192
9.232 32.3192
9.233 -32.324
9.233 32.324
9.234 -32.3288
9.234 32.3288
9.235 -32.3336
9.235 32.3336
9.236 -32.3385
9.236 32.3385
9.237 -32.3433
9.237 32.3433
9.238 -32.3481
9.238 32.3481
9.239 -32.3529
9.239 32.3529
9.24 -32.3577
9.24 32.3577
9.241 -32.3625
9.241 32.3625
9.242 -32.3673
9.242 32.3673
9.243 -32.3722
9.243 32.3722
9.244 -32.377
9.244 32.377
9.245 -32.3818
9.245 32.3818
9.246 -32.3866
9.246 32.3866
9.247 -32.3914
9.247 32.3914
9.248 -32.3962
9.248 32.3962
9.249 -32.4011
9.249 32.4011
9.25 -32.4059
9.25 32.4059
9.251 -32.4107
9.251 32.4107
9.252 -32.4155
9.252 32.4155
9.253 -32.4203
9.253 32.4203
9.254 -32.4251
9.254 32.4251
9.255 -32.43
9.255 32.43
9.256 -32.4348
9.256 32.4348
9.257 -32.4396
9.257 32.4396
9.258 -32.4444
9.258 32.4444
9.259 -32.4492
9.259 32.4492
9.26 -32.4541
9.26 32.4541
9.261 -32.4589
9.261 32.4589
9.262 -32.4637
9.262 32.4637
9.263 -32.4685
9.263 32.4685
9.264 -32.4733
9.264 32.4733
9.265 -32.4782
9.265 32.4782
9.266 -32.483
9.266 32.483
9.267 -32.4878
9.267 32.4878
9.268 -32.4926
9.268 32.4926
9.269 -32.4974
9.269 32.4974
9.27 -32.5023
9.27 32.5023
9.271 -32.5071
9.271 32.5071
9.272 -32.5119
9.272 32.5119
9.273 -32.5167
9.273 32.5167
9.274 -32.5215
9.274 32.5215
9.275 -32.5264
9.275 32.5264
9.276 -32.5312
9.276 32.5312
9.277 -32.536
9.277 32.536
9.278 -32.5408
9.278 32.5408
9.279 -32.5457
9.279 32.5457
9.28 -32.5505
9.28 32.5505
9.281 -32.5553
9.281 32.5553
9.282 -32.5601
9.282 32.5601
9.283 -32.565
9.283 32.565
9.284 -32.5698
9.284 32.5698
9.285 -32.5746
9.285 32.5746
9.286 -32.5794
9.286 32.5794
9.287 -32.5843
9.287 32.5843
9.288 -32.5891
9.288 32.5891
9.289 -32.5939
9.289 32.5939
9.29 -32.5987
9.29 32.5987
9.291 -32.6036
9.291 32.6036
9.292 -32.6084
9.292 32.6084
9.293 -32.6132
9.293 32.6132
9.294 -32.618
9.294 32.618
9.295 -32.6229
9.295 32.6229
9.296 -32.6277
9.296 32.6277
9.297 -32.6325
9.297 32.6325
9.298 -32.6373
9.298 32.6373
9.299 -32.6422
9.299 32.6422
9.3 -32.647
9.3 32.647
9.301 -32.6518
9.301 32.6518
9.302 -32.6567
9.302 32.6567
9.303 -32.6615
9.303 32.6615
9.304 -32.6663
9.304 32.6663
9.305 -32.6712
9.305 32.6712
9.306 -32.676
9.306 32.676
9.307 -32.6808
9.307 32.6808
9.308 -32.6856
9.308 32.6856
9.309 -32.6905
9.309 32.6905
9.31 -32.6953
9.31 32.6953
9.311 -32.7001
9.311 32.7001
9.312 -32.705
9.312 32.705
9.313 -32.7098
9.313 32.7098
9.314 -32.7146
9.314 32.7146
9.315 -32.7195
9.315 32.7195
9.316 -32.7243
9.316 32.7243
9.317 -32.7291
9.317 32.7291
9.318 -32.734
9.318 32.734
9.319 -32.7388
9.319 32.7388
9.32 -32.7436
9.32 32.7436
9.321 -32.7485
9.321 32.7485
9.322 -32.7533
9.322 32.7533
9.323 -32.7581
9.323 32.7581
9.324 -32.763
9.324 32.763
9.325 -32.7678
9.325 32.7678
9.326 -32.7726
9.326 32.7726
9.327 -32.7775
9.327 32.7775
9.328 -32.7823
9.328 32.7823
9.329 -32.7871
9.329 32.7871
9.33 -32.792
9.33 32.792
9.331 -32.7968
9.331 32.7968
9.332 -32.8016
9.332 32.8016
9.333 -32.8065
9.333 32.8065
9.334 -32.8113
9.334 32.8113
9.335 -32.8161
9.335 32.8161
9.336 -32.821
9.336 32.821
9.337 -32.8258
9.337 32.8258
9.338 -32.8307
9.338 32.8307
9.339 -32.8355
9.339 32.8355
9.34 -32.8403
9.34 32.8403
9.341 -32.8452
9.341 32.8452
9.342 -32.85
9.342 32.85
9.343 -32.8548
9.343 32.8548
9.344 -32.8597
9.344 32.8597
9.345 -32.8645
9.345 32.8645
9.346 -32.8694
9.346 32.8694
9.347 -32.8742
9.347 32.8742
9.348 -32.879
9.348 32.879
9.349 -32.8839
9.349 32.8839
9.35 -32.8887
9.35 32.8887
9.351 -32.8936
9.351 32.8936
9.352 -32.8984
9.352 32.8984
9.353 -32.9032
9.353 32.9032
9.354 -32.9081
9.354 32.9081
9.355 -32.9129
9.355 32.9129
9.356 -32.9178
9.356 32.9178
9.357 -32.9226
9.357 32.9226
9.358 -32.9274
9.358 32.9274
9.359 -32.9323
9.359 32.9323
9.36 -32.9371
9.36 32.9371
9.361 -32.942
9.361 32.942
9.362 -32.9468
9.362 32.9468
9.363 -32.9517
9.363 32.9517
9.364 -32.9565
9.364 32.9565
9.365 -32.9613
9.365 32.9613
9.366 -32.9662
9.366 32.9662
9.367 -32.971
9.367 32.971
9.368 -32.9759
9.368 32.9759
9.369 -32.9807
9.369 32.9807
9.37 -32.9856
9.37 32.9856
9.371 -32.9904
9.371 32.9904
9.372 -32.9953
9.372 32.9953
9.373 -33.0001
9.373 33.0001
9.374 -33.0049
9.374 33.0049
9.375 -33.0098
9.375 33.0098
9.376 -33.0146
9.376 33.0146
9.377 -33.0195
9.377 33.0195
9.378 -33.0243
9.378 33.0243
9.379 -33.0292
9.379 33.0292
9.38 -33.034
9.38 33.034
9.381 -33.0389
9.381 33.0389
9.382 -33.0437
9.382 33.0437
9.383 -33.0486
9.383 33.0486
9.384 -33.0534
9.384 33.0534
9.385 -33.0583
9.385 33.0583
9.386 -33.0631
9.386 33.0631
9.387 -33.068
9.387 33.068
9.388 -33.0728
9.388 33.0728
9.389 -33.0777
9.389 33.0777
9.39 -33.0825
9.39 33.0825
9.391 -33.0874
9.391 33.0874
9.392 -33.0922
9.392 33.0922
9.393 -33.0971
9.393 33.0971
9.394 -33.1019
9.394 33.1019
9.395 -33.1068
9.395 33.1068
9.396 -33.1116
9.396 33.1116
9.397 -33.1165
9.397 33.1165
9.398 -33.1213
9.398 33.1213
9.399 -33.1262
9.399 33.1262
9.4 -33.131
9.4 33.131
9.401 -33.1359
9.401 33.1359
9.402 -33.1407
9.402 33.1407
9.403 -33.1456
9.403 33.1456
9.404 -33.1504
9.404 33.1504
9.405 -33.1553
9.405 33.1553
9.406 -33.1601
9.406 33.1601
9.407 -33.165
9.407 33.165
9.408 -33.1698
9.408 33.1698
9.409 -33.1747
9.409 33.1747
9.41 -33.1795
9.41 33.1795
9.411 -33.1844
9.411 33.1844
9.412 -33.1892
9.412 33.1892
9.413 -33.1941
9.413 33.1941
9.414 -33.199
9.414 33.199
9.415 -33.2038
9.415 33.2038
9.416 -33.2087
9.416 33.2087
9.417 -33.2135
9.417 33.2135
9.418 -33.2184
9.418 33.2184
9.419 -33.2232
9.419 33.2232
9.42 -33.2281
9.42 33.2281
9.421 -33.2329
9.421 33.2329
9.422 -33.2378
9.422 33.2378
9.423 -33.2427
9.423 33.2427
9.424 -33.2475
9.424 33.2475
9.425 -33.2524
9.425 33.2524
9.426 -33.2572
9.426 33.2572
9.427 -33.2621
9.427 33.2621
9.428 -33.2669
9.428 33.2669
9.429 -33.2718
9.429 33.2718
9.43 -33.2767
9.43 33.2767
9.431 -33.2815
9.431 33.2815
9.432 -33.2864
9.432 33.2864
9.433 -33.2912
9.433 33.2912
9.434 -33.2961
9.434 33.2961
9.435 -33.301
9.435 33.301
9.436 -33.3058
9.436 33.3058
9.437 -33.3107
9.437 33.3107
9.438 -33.3155
9.438 33.3155
9.439 -33.3204
9.439 33.3204
9.44 -33.3253
9.44 33.3253
9.441 -33.3301
9.441 33.3301
9.442 -33.335
9.442 33.335
9.443 -33.3398
9.443 33.3398
9.444 -33.3447
9.444 33.3447
9.445 -33.3496
9.445 33.3496
9.446 -33.3544
9.446 33.3544
9.447 -33.3593
9.447 33.3593
9.448 -33.3642
9.448 33.3642
9.449 -33.369
9.449 33.369
9.45 -33.3739
9.45 33.3739
9.451 -33.3787
9.451 33.3787
9.452 -33.3836
9.452 33.3836
9.453 -33.3885
9.453 33.3885
9.454 -33.3933
9.454 33.3933
9.455 -33.3982
9.455 33.3982
9.456 -33.4031
9.456 33.4031
9.457 -33.4079
9.457 33.4079
9.458 -33.4128
9.458 33.4128
9.459 -33.4177
9.459 33.4177
9.46 -33.4225
9.46 33.4225
9.461 -33.4274
9.461 33.4274
9.462 -33.4323
9.462 33.4323
9.463 -33.4371
9.463 33.4371
9.464 -33.442
9.464 33.442
9.465 -33.4469
9.465 33.4469
9.466 -33.4517
9.466 33.4517
9.467 -33.4566
9.467 33.4566
9.468 -33.4615
9.468 33.4615
9.469 -33.4663
9.469 33.4663
9.47 -33.4712
9.47 33.4712
9.471 -33.4761
9.471 33.4761
9.472 -33.4809
9.472 33.4809
9.473 -33.4858
9.473 33.4858
9.474 -33.4907
9.474 33.4907
9.475 -33.4955
9.475 33.4955
9.476 -33.5004
9.476 33.5004
9.477 -33.5053
9.477 33.5053
9.478 -33.5101
9.478 33.5101
9.479 -33.515
9.479 33.515
9.48 -33.5199
9.48 33.5199
9.481 -33.5248
9.481 33.5248
9.482 -33.5296
9.482 33.5296
9.483 -33.5345
9.483 33.5345
9.484 -33.5394
9.484 33.5394
9.485 -33.5442
9.485 33.5442
9.486 -33.5491
9.486 33.5491
9.487 -33.554
9.487 33.554
9.488 -33.5589
9.488 33.5589
9.489 -33.5637
9.489 33.5637
9.49 -33.5686
9.49 33.5686
9.491 -33.5735
9.491 33.5735
9.492 -33.5783
9.492 33.5783
9.493 -33.5832
9.493 33.5832
9.494 -33.5881
9.494 33.5881
9.495 -33.593
9.495 33.593
9.496 -33.5978
9.496 33.5978
9.497 -33.6027
9.497 33.6027
9.498 -33.6076
9.498 33.6076
9.499 -33.6125
9.499 33.6125
9.5 -33.6173
9.5 33.6173
9.501 -33.6222
9.501 33.6222
9.502 -33.6271
9.502 33.6271
9.503 -33.632
9.503 33.632
9.504 -33.6368
9.504 33.6368
9.505 -33.6417
9.505 33.6417
9.506 -33.6466
9.506 33.6466
9.507 -33.6515
9.507 33.6515
9.508 -33.6563
9.508 33.6563
9.509 -33.6612
9.509 33.6612
9.51 -33.6661
9.51 33.6661
9.511 -33.671
9.511 33.671
9.512 -33.6758
9.512 33.6758
9.513 -33.6807
9.513 33.6807
9.514 -33.6856
9.514 33.6856
9.515 -33.6905
9.515 33.6905
9.516 -33.6954
9.516 33.6954
9.517 -33.7002
9.517 33.7002
9.518 -33.7051
9.518 33.7051
9.519 -33.71
9.519 33.71
9.52 -33.7149
9.52 33.7149
9.521 -33.7198
9.521 33.7198
9.522 -33.7246
9.522 33.7246
9.523 -33.7295
9.523 33.7295
9.524 -33.7344
9.524 33.7344
9.525 -33.7393
9.525 33.7393
9.526 -33.7442
9.526 33.7442
9.527 -33.749
9.527 33.749
9.528 -33.7539
9.528 33.7539
9.529 -33.7588
9.529 33.7588
9.53 -33.7637
9.53 33.7637
9.531 -33.7686
9.531 33.7686
9.532 -33.7734
9.532 33.7734
9.533 -33.7783
9.533 33.7783
9.534 -33.7832
9.534 33.7832
9.535 -33.7881
9.535 33.7881
9.536 -33.793
9.536 33.793
9.537 -33.7979
9.537 33.7979
9.538 -33.8027
9.538 33.8027
9.539 -33.8076
9.539 33.8076
9.54 -33.8125
9.54 33.8125
9.541 -33.8174
9.541 33.8174
9.542 -33.8223
9.542 33.8223
9.543 -33.8272
9.543 33.8272
9.544 -33.832
9.544 33.832
9.545 -33.8369
9.545 33.8369
9.546 -33.8418
9.546 33.8418
9.547 -33.8467
9.547 33.8467
9.548 -33.8516
9.548 33.8516
9.549 -33.8565
9.549 33.8565
9.55 -33.8614
9.55 33.8614
9.551 -33.8662
9.551 33.8662
9.552 -33.8711
9.552 33.8711
9.553 -33.876
9.553 33.876
9.554 -33.8809
9.554 33.8809
9.555 -33.8858
9.555 33.8858
9.556 -33.8907
9.556 33.8907
9.557 -33.8956
9.557 33.8956
9.558 -33.9005
9.558 33.9005
9.559 -33.9053
9.559 33.9053
9.56 -33.9102
9.56 33.9102
9.561 -33.9151
9.561 33.9151
9.562 -33.92
9.562 33.92
9.563 -33.9249
9.563 33.9249
9.564 -33.9298
9.564 33.9298
9.565 -33.9347
9.565 33.9347
9.566 -33.9396
9.566 33.9396
9.567 -33.9445
9.567 33.9445
9.568 -33.9493
9.568 33.9493
9.569 -33.9542
9.569 33.9542
9.57 -33.9591
9.57 33.9591
9.571 -33.964
9.571 33.964
9.572 -33.9689
9.572 33.9689
9.573 -33.9738
9.573 33.9738
9.574 -33.9787
9.574 33.9787
9.575 -33.9836
9.575 33.9836
9.576 -33.9885
9.576 33.9885
9.577 -33.9934
9.577 33.9934
9.578 -33.9983
9.578 33.9983
9.579 -34.0032
9.579 34.0032
9.58 -34.008
9.58 34.008
9.581 -34.0129
9.581 34.0129
9.582 -34.0178
9.582 34.0178
9.583 -34.0227
9.583 34.0227
9.584 -34.0276
9.584 34.0276
9.585 -34.0325
9.585 34.0325
9.586 -34.0374
9.586 34.0374
9.587 -34.0423
9.587 34.0423
9.588 -34.0472
9.588 34.0472
9.589 -34.0521
9.589 34.0521
9.59 -34.057
9.59 34.057
9.591 -34.0619
9.591 34.0619
9.592 -34.0668
9.592 34.0668
9.593 -34.0717
9.593 34.0717
9.594 -34.0766
9.594 34.0766
9.595 -34.0815
9.595 34.0815
9.596 -34.0864
9.596 34.0864
9.597 -34.0913
9.597 34.0913
9.598 -34.0962
9.598 34.0962
9.599 -34.1011
9.599 34.1011
9.6 -34.106
9.6 34.106
9.601 -34.1109
9.601 34.1109
9.602 -34.1157
9.602 34.1157
9.603 -34.1206
9.603 34.1206
9.604 -34.1255
9.604 34.1255
9.605 -34.1304
9.605 34.1304
9.606 -34.1353
9.606 34.1353
9.607 -34.1402
9.607 34.1402
9.608 -34.1451
9.608 34.1451
9.609 -34.15
9.609 34.15
9.61 -34.1549
9.61 34.1549
9.611 -34.1598
9.611 34.1598
9.612 -34.1647
9.612 34.1647
9.613 -34.1696
9.613 34.1696
9.614 -34.1745
9.614 34.1745
9.615 -34.1794
9.615 34.1794
9.616 -34.1843
9.616 34.1843
9.617 -34.1892
9.617 34.1892
9.618 -34.1941
9.618 34.1941
9.619 -34.199
9.619 34.199
9.62 -34.204
9.62 34.204
9.621 -34.2089
9.621 34.2089
9.622 -34.2138
9.622 34.2138
9.623 -34.2187
9.623 34.2187
9.624 -34.2236
9.624 34.2236
9.625 -34.2285
9.625 34.2285
9.626 -34.2334
9.626 34.2334
9.627 -34.2383
9.627 34.2383
9.628 -34.2432
9.628 34.2432
9.629 -34.2481
9.629 34.2481
9.63 -34.253
9.63 34.253
9.631 -34.2579
9.631 34.2579
9.632 -34.2628
9.632 34.2628
9.633 -34.2677
9.633 34.2677
9.634 -34.2726
9.634 34.2726
9.635 -34.2775
9.635 34.2775
9.636 -34.2824
9.636 34.2824
9.637 -34.2873
9.637 34.2873
9.638 -34.2922
9.638 34.2922
9.639 -34.2971
9.639 34.2971
9.64 -34.302
9.64 34.302
9.641 -34.3069
9.641 34.3069
9.642 -34.3119
9.642 34.3119
9.643 -34.3168
9.643 34.3168
9.644 -34.3217
9.644 34.3217
9.645 -34.3266
9.645 34.3266
9.646 -34.3315
9.646 34.3315
9.647 -34.3364
9.647 34.3364
9.648 -34.3413
9.648 34.3413
9.649 -34.3462
9.649 34.3462
9.65 -34.3511
9.65 34.3511
9.651 -34.356
9.651 34.356
9.652 -34.3609
9.652 34.3609
9.653 -34.3659
9.653 34.3659
9.654 -34.3708
9.654 34.3708
9.655 -34.3757
9.655 34.3757
9.656 -34.3806
9.656 34.3806
9.657 -34.3855
9.657 34.3855
9.658 -34.3904
9.658 34.3904
9.659 -34.3953
9.659 34.3953
9.66 -34.4002
9.66 34.4002
9.661 -34.4051
9.661 34.4051
9.662 -34.41
9.662 34.41
9.663 -34.415
9.663 34.415
9.664 -34.4199
9.664 34.4199
9.665 -34.4248
9.665 34.4248
9.666 -34.4297
9.666 34.4297
9.667 -34.4346
9.667 34.4346
9.668 -34.4395
9.668 34.4395
9.669 -34.4444
9.669 34.4444
9.67 -34.4494
9.67 34.4494
9.671 -34.4543
9.671 34.4543
9.672 -34.4592
9.672 34.4592
9.673 -34.4641
9.673 34.4641
9.674 -34.469
9.674 34.469
9.675 -34.4739
9.675 34.4739
9.676 -34.4788
9.676 34.4788
9.677 -34.4838
9.677 34.4838
9.678 -34.4887
9.678 34.4887
9.679 -34.4936
9.679 34.4936
9.68 -34.4985
9.68 34.4985
9.681 -34.5034
9.681 34.5034
9.682 -34.5083
9.682 34.5083
9.683 -34.5132
9.683 34.5132
9.684 -34.5182
9.684 34.5182
9.685 -34.5231
9.685 34.5231
9.686 -34.528
9.686 34.528
9.687 -34.5329
9.687 34.5329
9.688 -34.5378
9.688 34.5378
9.689 -34.5428
9.689 34.5428
9.69 -34.5477
9.69 34.5477
9.691 -34.5526
9.691 34.5526
9.692 -34.5575
9.692 34.5575
9.693 -34.5624
9.693 34.5624
9.694 -34.5673
9.694 34.5673
9.695 -34.5723
9.695 34.5723
9.696 -34.5772
9.696 34.5772
9.697 -34.5821
9.697 34.5821
9.698 -34.587
9.698 34.587
9.699 -34.5919
9.699 34.5919
9.7 -34.5969
9.7 34.5969
9.701 -34.6018
9.701 34.6018
9.702 -34.6067
9.702 34.6067
9.703 -34.6116
9.703 34.6116
9.704 -34.6165
9.704 34.6165
9.705 -34.6215
9.705 34.6215
9.706 -34.6264
9.706 34.6264
9.707 -34.6313
9.707 34.6313
9.708 -34.6362
9.708 34.6362
9.709 -34.6412
9.709 34.6412
9.71 -34.6461
9.71 34.6461
9.711 -34.651
9.711 34.651
9.712 -34.6559
9.712 34.6559
9.713 -34.6609
9.713 34.6609
9.714 -34.6658
9.714 34.6658
9.715 -34.6707
9.715 34.6707
9.716 -34.6756
9.716 34.6756
9.717 -34.6805
9.717 34.6805
9.718 -34.6855
9.718 34.6855
9.719 -34.6904
9.719 34.6904
9.72 -34.6953
9.72 34.6953
9.721 -34.7002
9.721 34.7002
9.722 -34.7052
9.722 34.7052
9.723 -34.7101
9.723 34.7101
9.724 -34.715
9.724 34.715
9.725 -34.7199
9.725 34.7199
9.726 -34.7249
9.726 34.7249
9.727 -34.7298
9.727 34.7298
9.728 -34.7347
9.728 34.7347
9.729 -34.7397
9.729 34.7397
9.73 -34.7446
9.73 34.7446
9.731 -34.7495
9.731 34.7495
9.732 -34.7544
9.732 34.7544
9.733 -34.7594
9.733 34.7594
9.734 -34.7643
9.734 34.7643
9.735 -34.7692
9.735 34.7692
9.736 -34.7742
9.736 34.7742
9.737 -34.7791
9.737 34.7791
9.738 -34.784
9.738 34.784
9.739 -34.7889
9.739 34.7889
9.74 -34.7939
9.74 34.7939
9.741 -34.7988
9.741 34.7988
9.742 -34.8037
9.742 34.8037
9.743 -34.8087
9.743 34.8087
9.744 -34.8136
9.744 34.8136
9.745 -34.8185
9.745 34.8185
9.746 -34.8234
9.746 34.8234
9.747 -34.8284
9.747 34.8284
9.748 -34.8333
9.748 34.8333
9.749 -34.8382
9.749 34.8382
9.75 -34.8432
9.75 34.8432
9.751 -34.8481
9.751 34.8481
9.752 -34.853
9.752 34.853
9.753 -34.858
9.753 34.858
9.754 -34.8629
9.754 34.8629
9.755 -34.8678
9.755 34.8678
9.756 -34.8728
9.756 34.8728
9.757 -34.8777
9.757 34.8777
9.758 -34.8826
9.758 34.8826
9.759 -34.8876
9.759 34.8876
9.76 -34.8925
9.76 34.8925
9.761 -34.8974
9.761 34.8974
9.762 -34.9024
9.762 34.9024
9.763 -34.9073
9.763 34.9073
9.764 -34.9122
9.764 34.9122
9.765 -34.9172
9.765 34.9172
9.766 -34.9221
9.766 34.9221
9.767 -34.9271
9.767 34.9271
9.768 -34.932
9.768 34.932
9.769 -34.9369
9.769 34.9369
9.77 -34.9419
9.77 34.9419
9.771 -34.9468
9.771 34.9468
9.772 -34.9517
9.772 34.9517
9.773 -34.9567
9.773 34.9567
9.774 -34.9616
9.774 34.9616
9.775 -34.9665
9.775 34.9665
9.776 -34.9715
9.776 34.9715
9.777 -34.9764
9.777 34.9764
9.778 -34.9814
9.778 34.9814
9.779 -34.9863
9.779 34.9863
9.78 -34.9912
9.78 34.9912
9.781 -34.9962
9.781 34.9962
9.782 -35.0011
9.782 35.0011
9.783 -35.0061
9.783 35.0061
9.784 -35.011
9.784 35.011
9.785 -35.0159
9.785 35.0159
9.786 -35.0209
9.786 35.0209
9.787 -35.0258
9.787 35.0258
9.788 -35.0308
9.788 35.0308
9.789 -35.0357
9.789 35.0357
9.79 -35.0406
9.79 35.0406
9.791 -35.0456
9.791 35.0456
9.792 -35.0505
9.792 35.0505
9.793 -35.0555
9.793 35.0555
9.794 -35.0604
9.794 35.0604
9.795 -35.0653
9.795 35.0653
9.796 -35.0703
9.796 35.0703
9.797 -35.0752
9.797 35.0752
9.798 -35.0802
9.798 35.0802
9.799 -35.0851
9.799 35.0851
9.8 -35.0901
9.8 35.0901
9.801 -35.095
9.801 35.095
9.802 -35.0999
9.802 35.0999
9.803 -35.1049
9.803 35.1049
9.804 -35.1098
9.804 35.1098
9.805 -35.1148
9.805 35.1148
9.806 -35.1197
9.806 35.1197
9.807 -35.1247
9.807 35.1247
9.808 -35.1296
9.808 35.1296
9.809 -35.1346
9.809 35.1346
9.81 -35.1395
9.81 35.1395
9.811 -35.1444
9.811 35.1444
9.812 -35.1494
9.812 35.1494
9.813 -35.1543
9.813 35.1543
9.814 -35.1593
9.814 35.1593
9.815 -35.1642
9.815 35.1642
9.816 -35.1692
9.816 35.1692
9.817 -35.1741
9.817 35.1741
9.818 -35.1791
9.818 35.1791
9.819 -35.184
9.819 35.184
9.82 -35.189
9.82 35.189
9.821 -35.1939
9.821 35.1939
9.822 -35.1989
9.822 35.1989
9.823 -35.2038
9.823 35.2038
9.824 -35.2088
9.824 35.2088
9.825 -35.2137
9.825 35.2137
9.826 -35.2187
9.826 35.2187
9.827 -35.2236
9.827 35.2236
9.828 -35.2286
9.828 35.2286
9.829 -35.2335
9.829 35.2335
9.83 -35.2385
9.83 35.2385
9.831 -35.2434
9.831 35.2434
9.832 -35.2484
9.832 35.2484
9.833 -35.2533
9.833 35.2533
9.834 -35.2583
9.834 35.2583
9.835 -35.2632
9.835 35.2632
9.836 -35.2682
9.836 35.2682
9.837 -35.2731
9.837 35.2731
9.838 -35.2781
9.838 35.2781
9.839 -35.283
9.839 35.283
9.84 -35.288
9.84 35.288
9.841 -35.2929
9.841 35.2929
9.842 -35.2979
9.842 35.2979
9.843 -35.3028
9.843 35.3028
9.844 -35.3078
9.844 35.3078
9.845 -35.3127
9.845 35.3127
9.846 -35.3177
9.846 35.3177
9.847 -35.3226
9.847 35.3226
9.848 -35.3276
9.848 35.3276
9.849 -35.3325
9.849 35.3325
9.85 -35.3375
9.85 35.3375
9.851 -35.3425
9.851 35.3425
9.852 -35.3474
9.852 35.3474
9.853 -35.3524
9.853 35.3524
9.854 -35.3573
9.854 35.3573
9.855 -35.3623
9.855 35.3623
9.856 -35.3672
9.856 35.3672
9.857 -35.3722
9.857 35.3722
9.858 -35.3771
9.858 35.3771
9.859 -35.3821
9.859 35.3821
9.86 -35.3871
9.86 35.3871
9.861 -35.392
9.861 35.392
9.862 -35.397
9.862 35.397
9.863 -35.4019
9.863 35.4019
9.864 -35.4069
9.864 35.4069
9.865 -35.4118
9.865 35.4118
9.866 -35.4168
9.866 35.4168
9.867 -35.4218
9.867 35.4218
9.868 -35.4267
9.868 35.4267
9.869 -35.4317
9.869 35.4317
9.87 -35.4366
9.87 35.4366
9.871 -35.4416
9.871 35.4416
9.872 -35.4466
9.872 35.4466
9.873 -35.4515
9.873 35.4515
9.874 -35.4565
9.874 35.4565
9.875 -35.4614
9.875 35.4614
9.876 -35.4664
9.876 35.4664
9.877 -35.4714
9.877 35.4714
9.878 -35.4763
9.878 35.4763
9.879 -35.4813
9.879 35.4813
9.88 -35.4862
9.88 35.4862
9.881 -35.4912
9.881 35.4912
9.882 -35.4962
9.882 35.4962
9.883 -35.5011
9.883 35.5011
9.884 -35.5061
9.884 35.5061
9.885 -35.5111
9.885 35.5111
9.886 -35.516
9.886 35.516
9.887 -35.521
9.887 35.521
9.888 -35.5259
9.888 35.5259
9.889 -35.5309
9.889 35.5309
9.89 -35.5359
9.89 35.5359
9.891 -35.5408
9.891 35.5408
9.892 -35.5458
9.892 35.5458
9.893 -35.5508
9.893 35.5508
9.894 -35.5557
9.894 35.5557
9.895 -35.5607
9.895 35.5607
9.896 -35.5657
9.896 35.5657
9.897 -35.5706
9.897 35.5706
9.898 -35.5756
9.898 35.5756
9.899 -35.5806
9.899 35.5806
9.9 -35.5855
9.9 35.5855
9.901 -35.5905
9.901 35.5905
9.902 -35.5954
9.902 35.5954
9.903 -35.6004
9.903 35.6004
9.904 -35.6054
9.904 35.6054
9.905 -35.6103
9.905 35.6103
9.906 -35.6153
9.906 35.6153
9.907 -35.6203
9.907 35.6203
9.908 -35.6253
9.908 35.6253
9.909 -35.6302
9.909 35.6302
9.91 -35.6352
9.91 35.6352
9.911 -35.6402
9.911 35.6402
9.912 -35.6451
9.912 35.6451
9.913 -35.6501
9.913 35.6501
9.914 -35.6551
9.914 35.6551
9.915 -35.66
9.915 35.66
9.916 -35.665
9.916 35.665
9.917 -35.67
9.917 35.67
9.918 -35.6749
9.918 35.6749
9.919 -35.6799
9.919 35.6799
9.92 -35.6849
9.92 35.6849
9.921 -35.6899
9.921 35.6899
9.922 -35.6948
9.922 35.6948
9.923 -35.6998
9.923 35.6998
9.924 -35.7048
9.924 35.7048
9.925 -35.7097
9.925 35.7097
9.926 -35.7147
9.926 35.7147
9.927 -35.7197
9.927 35.7197
9.928 -35.7247
9.928 35.7247
9.929 -35.7296
9.929 35.7296
9.93 -35.7346
9.93 35.7346
9.931 -35.7396
9.931 35.7396
9.932 -35.7445
9.932 35.7445
9.933 -35.7495
9.933 35.7495
9.934 -35.7545
9.934 35.7545
9.935 -35.7595
9.935 35.7595
9.936 -35.7644
9.936 35.7644
9.937 -35.7694
9.937 35.7694
9.938 -35.7744
9.938 35.7744
9.939 -35.7794
9.939 35.7794
9.94 -35.7843
9.94 35.7843
9.941 -35.7893
9.941 35.7893
9.942 -35.7943
9.942 35.7943
9.943 -35.7993
9.943 35.7993
9.944 -35.8042
9.944 35.8042
9.945 -35.8092
9.945 35.8092
9.946 -35.8142
9.946 35.8142
9.947 -35.8192
9.947 35.8192
9.948 -35.8241
9.948 35.8241
9.949 -35.8291
9.949 35.8291
9.95 -35.8341
9.95 35.8341
9.951 -35.8391
9.951 35.8391
9.952 -35.8441
9.952 35.8441
9.953 -35.849
9.953 35.849
9.954 -35.854
9.954 35.854
9.955 -35.859
9.955 35.859
9.956 -35.864
9.956 35.864
9.957 -35.8689
9.957 35.8689
9.958 -35.8739
9.958 35.8739
9.959 -35.8789
9.959 35.8789
9.96 -35.8839
9.96 35.8839
9.961 -35.8889
9.961 35.8889
9.962 -35.8938
9.962 35.8938
9.963 -35.8988
9.963 35.8988
9.964 -35.9038
9.964 35.9038
9.965 -35.9088
9.965 35.9088
9.966 -35.9138
9.966 35.9138
9.967 -35.9187
9.967 35.9187
9.968 -35.9237
9.968 35.9237
9.969 -35.9287
9.969 35.9287
9.97 -35.9337
9.97 35.9337
9.971 -35.9387
9.971 35.9387
9.972 -35.9436
9.972 35.9436
9.973 -35.9486
9.973 35.9486
9.974 -35.9536
9.974 35.9536
9.975 -35.9586
9.975 35.9586
9.976 -35.9636
9.976 35.9636
9.977 -35.9686
9.977 35.9686
9.978 -35.9735
9.978 35.9735
9.979 -35.9785
9.979 35.9785
9.98 -35.9835
9.98 35.9835
9.981 -35.9885
9.981 35.9885
9.982 -35.9935
9.982 35.9935
9.983 -35.9985
9.983 35.9985
9.984 -36.0035
9.984 36.0035
9.985 -36.0084
9.985 36.0084
9.986 -36.0134
9.986 36.0134
9.987 -36.0184
9.987 36.0184
9.988 -36.0234
9.988 36.0234
9.989 -36.0284
9.989 36.0284
9.99 -36.0334
9.99 36.0334
9.991 -36.0384
9.991 36.0384
9.992 -36.0433
9.992 36.0433
9.993 -36.0483
9.993 36.0483
9.994 -36.0533
9.994 36.0533
9.995 -36.0583
9.995 36.0583
9.996 -36.0633
9.996 36.0633
9.997 -36.0683
9.997 36.0683
9.998 -36.0733
9.998 36.0733
9.999 -36.0782
9.999 36.0782
10 -36.0832
10 36.0832
10.001 -36.0882
10.001 36.0882
10.002 -36.0932
10.002 36.0932
10.003 -36.0982
10.003 36.0982
10.004 -36.1032
10.004 36.1032
10.005 -36.1082
10.005 36.1082
10.006 -36.1132
10.006 36.1132
10.007 -36.1182
10.007 36.1182
10.008 -36.1232
10.008 36.1232
10.009 -36.1281
10.009 36.1281
10.01 -36.1331
10.01 36.1331
10.011 -36.1381
10.011 36.1381
10.012 -36.1431
10.012 36.1431
10.013 -36.1481
10.013 36.1481
10.014 -36.1531
10.014 36.1531
10.015 -36.1581
10.015 36.1581
10.016 -36.1631
10.016 36.1631
10.017 -36.1681
10.017 36.1681
10.018 -36.1731
10.018 36.1731
10.019 -36.1781
10.019 36.1781
10.02 -36.1831
10.02 36.1831
10.021 -36.188
10.021 36.188
10.022 -36.193
10.022 36.193
10.023 -36.198
10.023 36.198
10.024 -36.203
10.024 36.203
10.025 -36.208
10.025 36.208
10.026 -36.213
10.026 36.213
10.027 -36.218
10.027 36.218
10.028 -36.223
10.028 36.223
10.029 -36.228
10.029 36.228
10.03 -36.233
10.03 36.233
10.031 -36.238
10.031 36.238
10.032 -36.243
10.032 36.243
10.033 -36.248
10.033 36.248
10.034 -36.253
10.034 36.253
10.035 -36.258
10.035 36.258
10.036 -36.263
10.036 36.263
10.037 -36.268
10.037 36.268
10.038 -36.273
10.038 36.273
10.039 -36.278
10.039 36.278
10.04 -36.283
10.04 36.283
10.041 -36.288
10.041 36.288
10.042 -36.293
10.042 36.293
10.043 -36.2979
10.043 36.2979
10.044 -36.3029
10.044 36.3029
10.045 -36.3079
10.045 36.3079
10.046 -36.3129
10.046 36.3129
10.047 -36.3179
10.047 36.3179
10.048 -36.3229
10.048 36.3229
10.049 -36.3279
10.049 36.3279
10.05 -36.3329
10.05 36.3329
10.051 -36.3379
10.051 36.3379
10.052 -36.3429
10.052 36.3429
10.053 -36.3479
10.053 36.3479
10.054 -36.3529
10.054 36.3529
10.055 -36.3579
10.055 36.3579
10.056 -36.3629
10.056 36.3629
10.057 -36.3679
10.057 36.3679
10.058 -36.3729
10.058 36.3729
10.059 -36.3779
10.059 36.3779
10.06 -36.3829
10.06 36.3829
10.061 -36.388
10.061 36.388
10.062 -36.393
10.062 36.393
10.063 -36.398
10.063 36.398
10.064 -36.403
10.064 36.403
10.065 -36.408
10.065 36.408
10.066 -36.413
10.066 36.413
10.067 -36.418
10.067 36.418
10.068 -36.423
10.068 36.423
10.069 -36.428
10.069 36.428
10.07 -36.433
10.07 36.433
10.071 -36.438
10.071 36.438
10.072 -36.443
10.072 36.443
10.073 -36.448
10.073 36.448
10.074 -36.453
10.074 36.453
10.075 -36.458
10.075 36.458
10.076 -36.463
10.076 36.463
10.077 -36.468
10.077 36.468
10.078 -36.473
10.078 36.473
10.079 -36.478
10.079 36.478
10.08 -36.483
10.08 36.483
10.081 -36.488
10.081 36.488
10.082 -36.493
10.082 36.493
10.083 -36.4981
10.083 36.4981
10.084 -36.5031
10.084 36.5031
10.085 -36.5081
10.085 36.5081
10.086 -36.5131
10.086 36.5131
10.087 -36.5181
10.087 36.5181
10.088 -36.5231
10.088 36.5231
10.089 -36.5281
10.089 36.5281
10.09 -36.5331
10.09 36.5331
10.091 -36.5381
10.091 36.5381
10.092 -36.5431
10.092 36.5431
10.093 -36.5481
10.093 36.5481
10.094 -36.5531
10.094 36.5531
10.095 -36.5582
10.095 36.5582
10.096 -36.5632
10.096 36.5632
10.097 -36.5682
10.097 36.5682
10.098 -36.5732
10.098 36.5732
10.099 -36.5782
10.099 36.5782
10.1 -36.5832
10.1 36.5832
10.101 -36.5882
10.101 36.5882
10.102 -36.5932
10.102 36.5932
10.103 -36.5982
10.103 36.5982
10.104 -36.6033
10.104 36.6033
10.105 -36.6083
10.105 36.6083
10.106 -36.6133
10.106 36.6133
10.107 -36.6183
10.107 36.6183
10.108 -36.6233
10.108 36.6233
10.109 -36.6283
10.109 36.6283
10.11 -36.6333
10.11 36.6333
10.111 -36.6383
10.111 36.6383
10.112 -36.6434
10.112 36.6434
10.113 -36.6484
10.113 36.6484
10.114 -36.6534
10.114 36.6534
10.115 -36.6584
10.115 36.6584
10.116 -36.6634
10.116 36.6634
10.117 -36.6684
10.117 36.6684
10.118 -36.6734
10.118 36.6734
10.119 -36.6785
10.119 36.6785
10.12 -36.6835
10.12 36.6835
10.121 -36.6885
10.121 36.6885
10.122 -36.6935
10.122 36.6935
10.123 -36.6985
10.123 36.6985
10.124 -36.7035
10.124 36.7035
10.125 -36.7085
10.125 36.7085
10.126 -36.7136
10.126 36.7136
10.127 -36.7186
10.127 36.7186
10.128 -36.7236
10.128 36.7236
10.129 -36.7286
10.129 36.7286
10.13 -36.7336
10.13 36.7336
10.131 -36.7387
10.131 36.7387
10.132 -36.7437
10.132 36.7437
10.133 -36.7487
10.133 36.7487
10.134 -36.7537
10.134 36.7537
10.135 -36.7587
10.135 36.7587
10.136 -36.7637
10.136 36.7637
10.137 -36.7688
10.137 36.7688
10.138 -36.7738
10.138 36.7738
10.139 -36.7788
10.139 36.7788
10.14 -36.7838
10.14 36.7838
10.141 -36.7888
10.141 36.7888
10.142 -36.7939
10.142 36.7939
10.143 -36.7989
10.143 36.7989
10.144 -36.8039
10.144 36.8039
10.145 -36.8089
10.145 36.8089
10.146 -36.8139
10.146 36.8139
10.147 -36.819
10.147 36.819
10.148 -36.824
10.148 36.824
10.149 -36.829
10.149 36.829
10.15 -36.834
10.15 36.834
10.151 -36.8391
10.151 36.8391
10.152 -36.8441
10.152 36.8441
10.153 -36.8491
10.153 36.8491
10.154 -36.8541
10.154 36.8541
10.155 -36.8591
10.155 36.8591
10.156 -36.8642
10.156 36.8642
10.157 -36.8692
10.157 36.8692
10.158 -36.8742
10.158 36.8742
10.159 -36.8792
10.159 36.8792
10.16 -36.8843
10.16 36.8843
10.161 -36.8893
10.161 36.8893
10.162 -36.8943
10.162 36.8943
10.163 -36.8993
10.163 36.8993
10.164 -36.9044
10.164 36.9044
10.165 -36.9094
10.165 36.9094
10.166 -36.9144
10.166 36.9144
10.167 -36.9194
10.167 36.9194
10.168 -36.9245
10.168 36.9245
10.169 -36.9295
10.169 36.9295
10.17 -36.9345
10.17 36.9345
10.171 -36.9395
10.171 36.9395
10.172 -36.9446
10.172 36.9446
10.173 -36.9496
10.173 36.9496
10.174 -36.9546
10.174 36.9546
10.175 -36.9597
10.175 36.9597
10.176 -36.9647
10.176 36.9647
10.177 -36.9697
10.177 36.9697
10.178 -36.9747
10.178 36.9747
10.179 -36.9798
10.179 36.9798
10.18 -36.9848
10.18 36.9848
10.181 -36.9898
10.181 36.9898
10.182 -36.9949
10.182 36.9949
10.183 -36.9999
10.183 36.9999
10.184 -37.0049
10.184 37.0049
10.185 -37.0099
10.185 37.0099
10.186 -37.015
10.186 37.015
10.187 -37.02
10.187 37.02
10.188 -37.025
10.188 37.025
10.189 -37.0301
10.189 37.0301
10.19 -37.0351
10.19 37.0351
10.191 -37.0401
10.191 37.0401
10.192 -37.0452
10.192 37.0452
10.193 -37.0502
10.193 37.0502
10.194 -37.0552
10.194 37.0552
10.195 -37.0603
10.195 37.0603
10.196 -37.0653
10.196 37.0653
10.197 -37.0703
10.197 37.0703
10.198 -37.0753
10.198 37.0753
10.199 -37.0804
10.199 37.0804
10.2 -37.0854
10.2 37.0854
10.201 -37.0904
10.201 37.0904
10.202 -37.0955
10.202 37.0955
10.203 -37.1005
10.203 37.1005
10.204 -37.1055
10.204 37.1055
10.205 -37.1106
10.205 37.1106
10.206 -37.1156
10.206 37.1156
10.207 -37.1207
10.207 37.1207
10.208 -37.1257
10.208 37.1257
10.209 -37.1307
10.209 37.1307
10.21 -37.1358
10.21 37.1358
10.211 -37.1408
10.211 37.1408
10.212 -37.1458
10.212 37.1458
10.213 -37.1509
10.213 37.1509
10.214 -37.1559
10.214 37.1559
10.215 -37.1609
10.215 37.1609
10.216 -37.166
10.216 37.166
10.217 -37.171
10.217 37.171
10.218 -37.176
10.218 37.176
10.219 -37.1811
10.219 37.1811
10.22 -37.1861
10.22 37.1861
10.221 -37.1912
10.221 37.1912
10.222 -37.1962
10.222 37.1962
10.223 -37.2012
10.223 37.2012
10.224 -37.2063
10.224 37.2063
10.225 -37.2113
10.225 37.2113
10.226 -37.2164
10.226 37.2164
10.227 -37.2214
10.227 37.2214
10.228 -37.2264
10.228 37.2264
10.229 -37.2315
10.229 37.2315
10.23 -37.2365
10.23 37.2365
10.231 -37.2416
10.231 37.2416
10.232 -37.2466
10.232 37.2466
10.233 -37.2516
10.233 37.2516
10.234 -37.2567
10.234 37.2567
10.235 -37.2617
10.235 37.2617
10.236 -37.2668
10.236 37.2668
10.237 -37.2718
10.237 37.2718
10.238 -37.2768
10.238 37.2768
10.239 -37.2819
10.239 37.2819
10.24 -37.2869
10.24 37.2869
10.241 -37.292
10.241 37.292
10.242 -37.297
10.242 37.297
10.243 -37.3021
10.243 37.3021
10.244 -37.3071
10.244 37.3071
10.245 -37.3121
10.245 37.3121
10.246 -37.3172
10.246 37.3172
10.247 -37.3222
10.247 37.3222
10.248 -37.3273
10.248 37.3273
10.249 -37.3323
10.249 37.3323
10.25 -37.3374
10.25 37.3374
10.251 -37.3424
10.251 37.3424
10.252 -37.3474
10.252 37.3474
10.253 -37.3525
10.253 37.3525
10.254 -37.3575
10.254 37.3575
10.255 -37.3626
10.255 37.3626
10.256 -37.3676
10.256 37.3676
10.257 -37.3727
10.257 37.3727
10.258 -37.3777
10.258 37.3777
10.259 -37.3828
10.259 37.3828
10.26 -37.3878
10.26 37.3878
10.261 -37.3929
10.261 37.3929
10.262 -37.3979
10.262 37.3979
10.263 -37.403
10.263 37.403
10.264 -37.408
10.264 37.408
10.265 -37.413
10.265 37.413
10.266 -37.4181
10.266 37.4181
10.267 -37.4231
10.267 37.4231
10.268 -37.4282
10.268 37.4282
10.269 -37.4332
10.269 37.4332
10.27 -37.4383
10.27 37.4383
10.271 -37.4433
10.271 37.4433
10.272 -37.4484
10.272 37.4484
10.273 -37.4534
10.273 37.4534
10.274 -37.4585
10.274 37.4585
10.275 -37.4635
10.275 37.4635
10.276 -37.4686
10.276 37.4686
10.277 -37.4736
10.277 37.4736
10.278 -37.4787
10.278 37.4787
10.279 -37.4837
10.279 37.4837
10.28 -37.4888
10.28 37.4888
10.281 -37.4938
10.281 37.4938
10.282 -37.4989
10.282 37.4989
10.283 -37.5039
10.283 37.5039
10.284 -37.509
10.284 37.509
10.285 -37.514
10.285 37.514
10.286 -37.5191
10.286 37.5191
10.287 -37.5241
10.287 37.5241
10.288 -37.5292
10.288 37.5292
10.289 -37.5343
10.289 37.5343
10.29 -37.5393
10.29 37.5393
10.291 -37.5444
10.291 37.5444
10.292 -37.5494
10.292 37.5494
10.293 -37.5545
10.293 37.5545
10.294 -37.5595
10.294 37.5595
10.295 -37.5646
10.295 37.5646
10.296 -37.5696
10.296 37.5696
10.297 -37.5747
10.297 37.5747
10.298 -37.5797
10.298 37.5797
10.299 -37.5848
10.299 37.5848
10.3 -37.5899
10.3 37.5899
10.301 -37.5949
10.301 37.5949
10.302 -37.6
10.302 37.6
10.303 -37.605
10.303 37.605
10.304 -37.6101
10.304 37.6101
10.305 -37.6151
10.305 37.6151
10.306 -37.6202
10.306 37.6202
10.307 -37.6252
10.307 37.6252
10.308 -37.6303
10.308 37.6303
10.309 -37.6354
10.309 37.6354
10.31 -37.6404
10.31 37.6404
10.311 -37.6455
10.311 37.6455
10.312 -37.6505
10.312 37.6505
10.313 -37.6556
10.313 37.6556
10.314 -37.6607
10.314 37.6607
10.315 -37.6657
10.315 37.6657
10.316 -37.6708
10.316 37.6708
10.317 -37.6758
10.317 37.6758
10.318 -37.6809
10.318 37.6809
10.319 -37.6859
10.319 37.6859
10.32 -37.691
10.32 37.691
10.321 -37.6961
10.321 37.6961
10.322 -37.7011
10.322 37.7011
10.323 -37.7062
10.323 37.7062
10.324 -37.7112
10.324 37.7112
10.325 -37.7163
10.325 37.7163
10.326 -37.7214
10.326 37.7214
10.327 -37.7264
10.327 37.7264
10.328 -37.7315
10.328 37.7315
10.329 -37.7366
10.329 37.7366
10.33 -37.7416
10.33 37.7416
10.331 -37.7467
10.331 37.7467
10.332 -37.7517
10.332 37.7517
10.333 -37.7568
10.333 37.7568
10.334 -37.7619
10.334 37.7619
10.335 -37.7669
10.335 37.7669
10.336 -37.772
10.336 37.772
10.337 -37.7771
10.337 37.7771
10.338 -37.7821
10.338 37.7821
10.339 -37.7872
10.339 37.7872
10.34 -37.7922
10.34 37.7922
10.341 -37.7973
10.341 37.7973
10.342 -37.8024
10.342 37.8024
10.343 -37.8074
10.343 37.8074
10.344 -37.8125
10.344 37.8125
10.345 -37.8176
10.345 37.8176
10.346 -37.8226
10.346 37.8226
10.347 -37.8277
10.347 37.8277
10.348 -37.8328
10.348 37.8328
10.349 -37.8378
10.349 37.8378
10.35 -37.8429
10.35 37.8429
10.351 -37.848
10.351 37.848
10.352 -37.853
10.352 37.853
10.353 -37.8581
10.353 37.8581
10.354 -37.8632
10.354 37.8632
10.355 -37.8682
10.355 37.8682
10.356 -37.8733
10.356 37.8733
10.357 -37.8784
10.357 37.8784
10.358 -37.8834
10.358 37.8834
10.359 -37.8885
10.359 37.8885
10.36 -37.8936
10.36 37.8936
10.361 -37.8986
10.361 37.8986
10.362 -37.9037
10.362 37.9037
10.363 -37.9088
10.363 37.9088
10.364 -37.9139
10.364 37.9139
10.365 -37.9189
10.365 37.9189
10.366 -37.924
10.366 37.924
10.367 -37.9291
10.367 37.9291
10.368 -37.9341
10.368 37.9341
10.369 -37.9392
10.369 37.9392
10.37 -37.9443
10.37 37.9443
10.371 -37.9494
10.371 37.9494
10.372 -37.9544
10.372 37.9544
10.373 -37.9595
10.373 37.9595
10.374 -37.9646
10.374 37.9646
10.375 -37.9696
10.375 37.9696
10.376 -37.9747
10.376 37.9747
10.377 -37.9798
10.377 37.9798
10.378 -37.9849
10.378 37.9849
10.379 -37.9899
10.379 37.9899
10.38 -37.995
10.38 37.995
10.381 -38.0001
10.381 38.0001
10.382 -38.0051
10.382 38.0051
10.383 -38.0102
10.383 38.0102
10.384 -38.0153
10.384 38.0153
10.385 -38.0204
10.385 38.0204
10.386 -38.0254
10.386 38.0254
10.387 -38.0305
10.387 38.0305
10.388 -38.0356
10.388 38.0356
10.389 -38.0407
10.389 38.0407
10.39 -38.0457
10.39 38.0457
10.391 -38.0508
10.391 38.0508
10.392 -38.0559
10.392 38.0559
10.393 -38.061
10.393 38.061
10.394 -38.066
10.394 38.066
10.395 -38.0711
10.395 38.0711
10.396 -38.0762
10.396 38.0762
10.397 -38.0813
10.397 38.0813
10.398 -38.0864
10.398 38.0864
10.399 -38.0914
10.399 38.0914
10.4 -38.0965
10.4 38.0965
10.401 -38.1016
10.401 38.1016
10.402 -38.1067
10.402 38.1067
10.403 -38.1117
10.403 38.1117
10.404 -38.1168
10.404 38.1168
10.405 -38.1219
10.405 38.1219
10.406 -38.127
10.406 38.127
10.407 -38.1321
10.407 38.1321
10.408 -38.1371
10.408 38.1371
10.409 -38.1422
10.409 38.1422
10.41 -38.1473
10.41 38.1473
10.411 -38.1524
10.411 38.1524
10.412 -38.1575
10.412 38.1575
10.413 -38.1625
10.413 38.1625
10.414 -38.1676
10.414 38.1676
10.415 -38.1727
10.415 38.1727
10.416 -38.1778
10.416 38.1778
10.417 -38.1829
10.417 38.1829
10.418 -38.1879
10.418 38.1879
10.419 -38.193
10.419 38.193
10.42 -38.1981
10.42 38.1981
10.421 -38.2032
10.421 38.2032
10.422 -38.2083
10.422 38.2083
10.423 -38.2134
10.423 38.2134
10.424 -38.2184
10.424 38.2184
10.425 -38.2235
10.425 38.2235
10.426 -38.2286
10.426 38.2286
10.427 -38.2337
10.427 38.2337
10.428 -38.2388
10.428 38.2388
10.429 -38.2439
10.429 38.2439
10.43 -38.2489
10.43 38.2489
10.431 -38.254
10.431 38.254
10.432 -38.2591
10.432 38.2591
10.433 -38.2642
10.433 38.2642
10.434 -38.2693
10.434 38.2693
10.435 -38.2744
10.435 38.2744
10.436 -38.2794
10.436 38.2794
10.437 -38.2845
10.437 38.2845
10.438 -38.2896
10.438 38.2896
10.439 -38.2947
10.439 38.2947
10.44 -38.2998
10.44 38.2998
10.441 -38.3049
10.441 38.3049
10.442 -38.31
10.442 38.31
10.443 -38.3151
10.443 38.3151
10.444 -38.3201
10.444 38.3201
10.445 -38.3252
10.445 38.3252
10.446 -38.3303
10.446 38.3303
10.447 -38.3354
10.447 38.3354
10.448 -38.3405
10.448 38.3405
10.449 -38.3456
10.449 38.3456
10.45 -38.3507
10.45 38.3507
10.451 -38.3558
10.451 38.3558
10.452 -38.3608
10.452 38.3608
10.453 -38.3659
10.453 38.3659
10.454 -38.371
10.454 38.371
10.455 -38.3761
10.455 38.3761
10.456 -38.3812
10.456 38.3812
10.457 -38.3863
10.457 38.3863
10.458 -38.3914
10.458 38.3914
10.459 -38.3965
10.459 38.3965
10.46 -38.4016
10.46 38.4016
10.461 -38.4067
10.461 38.4067
10.462 -38.4117
10.462 38.4117
10.463 -38.4168
10.463 38.4168
10.464 -38.4219
10.464 38.4219
10.465 -38.427
10.465 38.427
10.466 -38.4321
10.466 38.4321
10.467 -38.4372
10.467 38.4372
10.468 -38.4423
10.468 38.4423
10.469 -38.4474
10.469 38.4474
10.47 -38.4525
10.47 38.4525
10.471 -38.4576
10.471 38.4576
10.472 -38.4627
10.472 38.4627
10.473 -38.4678
10.473 38.4678
10.474 -38.4729
10.474 38.4729
10.475 -38.478
10.475 38.478
10.476 -38.483
10.476 38.483
10.477 -38.4881
10.477 38.4881
10.478 -38.4932
10.478 38.4932
10.479 -38.4983
10.479 38.4983
10.48 -38.5034
10.48 38.5034
10.481 -38.5085
10.481 38.5085
10.482 -38.5136
10.482 38.5136
10.483 -38.5187
10.483 38.5187
10.484 -38.5238
10.484 38.5238
10.485 -38.5289
10.485 38.5289
10.486 -38.534
10.486 38.534
10.487 -38.5391
10.487 38.5391
10.488 -38.5442
10.488 38.5442
10.489 -38.5493
10.489 38.5493
10.49 -38.5544
10.49 38.5544
10.491 -38.5595
10.491 38.5595
10.492 -38.5646
10.492 38.5646
10.493 -38.5697
10.493 38.5697
10.494 -38.5748
10.494 38.5748
10.495 -38.5799
10.495 38.5799
10.496 -38.585
10.496 38.585
10.497 -38.5901
10.497 38.5901
10.498 -38.5952
10.498 38.5952
10.499 -38.6003
10.499 38.6003
10.5 -38.6054
10.5 38.6054
10.501 -38.6105
10.501 38.6105
10.502 -38.6156
10.502 38.6156
10.503 -38.6207
10.503 38.6207
10.504 -38.6258
10.504 38.6258
10.505 -38.6309
10.505 38.6309
10.506 -38.636
10.506 38.636
10.507 -38.6411
10.507 38.6411
10.508 -38.6462
10.508 38.6462
10.509 -38.6513
10.509 38.6513
10.51 -38.6564
10.51 38.6564
10.511 -38.6615
10.511 38.6615
10.512 -38.6666
10.512 38.6666
10.513 -38.6717
10.513 38.6717
10.514 -38.6768
10.514 38.6768
10.515 -38.6819
10.515 38.6819
10.516 -38.687
10.516 38.687
10.517 -38.6921
10.517 38.6921
10.518 -38.6972
10.518 38.6972
10.519 -38.7023
10.519 38.7023
10.52 -38.7074
10.52 38.7074
10.521 -38.7125
10.521 38.7125
10.522 -38.7176
10.522 38.7176
10.523 -38.7227
10.523 38.7227
10.524 -38.7278
10.524 38.7278
10.525 -38.7329
10.525 38.7329
10.526 -38.738
10.526 38.738
10.527 -38.7431
10.527 38.7431
10.528 -38.7483
10.528 38.7483
10.529 -38.7534
10.529 38.7534
10.53 -38.7585
10.53 38.7585
10.531 -38.7636
10.531 38.7636
10.532 -38.7687
10.532 38.7687
10.533 -38.7738
10.533 38.7738
10.534 -38.7789
10.534 38.7789
10.535 -38.784
10.535 38.784
10.536 -38.7891
10.536 38.7891
10.537 -38.7942
10.537 38.7942
10.538 -38.7993
10.538 38.7993
10.539 -38.8044
10.539 38.8044
10.54 -38.8095
10.54 38.8095
10.541 -38.8146
10.541 38.8146
10.542 -38.8198
10.542 38.8198
10.543 -38.8249
10.543 38.8249
10.544 -38.83
10.544 38.83
10.545 -38.8351
10.545 38.8351
10.546 -38.8402
10.546 38.8402
10.547 -38.8453
10.547 38.8453
10.548 -38.8504
10.548 38.8504
10.549 -38.8555
10.549 38.8555
10.55 -38.8606
10.55 38.8606
10.551 -38.8657
10.551 38.8657
10.552 -38.8709
10.552 38.8709
10.553 -38.876
10.553 38.876
10.554 -38.8811
10.554 38.8811
10.555 -38.8862
10.555 38.8862
10.556 -38.8913
10.556 38.8913
10.557 -38.8964
10.557 38.8964
10.558 -38.9015
10.558 38.9015
10.559 -38.9066
10.559 38.9066
10.56 -38.9118
10.56 38.9118
10.561 -38.9169
10.561 38.9169
10.562 -38.922
10.562 38.922
10.563 -38.9271
10.563 38.9271
10.564 -38.9322
10.564 38.9322
10.565 -38.9373
10.565 38.9373
10.566 -38.9424
10.566 38.9424
10.567 -38.9475
10.567 38.9475
10.568 -38.9527
10.568 38.9527
10.569 -38.9578
10.569 38.9578
10.57 -38.9629
10.57 38.9629
10.571 -38.968
10.571 38.968
10.572 -38.9731
10.572 38.9731
10.573 -38.9782
10.573 38.9782
10.574 -38.9834
10.574 38.9834
10.575 -38.9885
10.575 38.9885
10.576 -38.9936
10.576 38.9936
10.577 -38.9987
10.577 38.9987
10.578 -39.0038
10.578 39.0038
10.579 -39.0089
10.579 39.0089
10.58 -39.0141
10.58 39.0141
10.581 -39.0192
10.581 39.0192
10.582 -39.0243
10.582 39.0243
10.583 -39.0294
10.583 39.0294
10.584 -39.0345
10.584 39.0345
10.585 -39.0396
10.585 39.0396
10.586 -39.0448
10.586 39.0448
10.587 -39.0499
10.587 39.0499
10.588 -39.055
10.588 39.055
10.589 -39.0601
10.589 39.0601
10.59 -39.0652
10.59 39.0652
10.591 -39.0704
10.591 39.0704
10.592 -39.0755
10.592 39.0755
10.593 -39.0806
10.593 39.0806
10.594 -39.0857
10.594 39.0857
10.595 -39.0908
10.595 39.0908
10.596 -39.096
10.596 39.096
10.597 -39.1011
10.597 39.1011
10.598 -39.1062
10.598 39.1062
10.599 -39.1113
10.599 39.1113
10.6 -39.1164
10.6 39.1164
10.601 -39.1216
10.601 39.1216
10.602 -39.1267
10.602 39.1267
10.603 -39.1318
10.603 39.1318
10.604 -39.1369
10.604 39.1369
10.605 -39.1421
10.605 39.1421
10.606 -39.1472
10.606 39.1472
10.607 -39.1523
10.607 39.1523
10.608 -39.1574
10.608 39.1574
10.609 -39.1625
10.609 39.1625
10.61 -39.1677
10.61 39.1677
10.611 -39.1728
10.611 39.1728
10.612 -39.1779
10.612 39.1779
10.613 -39.183
10.613 39.183
10.614 -39.1882
10.614 39.1882
10.615 -39.1933
10.615 39.1933
10.616 -39.1984
10.616 39.1984
10.617 -39.2035
10.617 39.2035
10.618 -39.2087
10.618 39.2087
10.619 -39.2138
10.619 39.2138
10.62 -39.2189
10.62 39.2189
10.621 -39.224
10.621 39.224
10.622 -39.2292
10.622 39.2292
10.623 -39.2343
10.623 39.2343
10.624 -39.2394
10.624 39.2394
10.625 -39.2446
10.625 39.2446
10.626 -39.2497
10.626 39.2497
10.627 -39.2548
10.627 39.2548
10.628 -39.2599
10.628 39.2599
10.629 -39.2651
10.629 39.2651
10.63 -39.2702
10.63 39.2702
10.631 -39.2753
10.631 39.2753
10.632 -39.2804
10.632 39.2804
10.633 -39.2856
10.633 39.2856
10.634 -39.2907
10.634 39.2907
10.635 -39.2958
10.635 39.2958
10.636 -39.301
10.636 39.301
10.637 -39.3061
10.637 39.3061
10.638 -39.3112
10.638 39.3112
10.639 -39.3164
10.639 39.3164
10.64 -39.3215
10.64 39.3215
10.641 -39.3266
10.641 39.3266
10.642 -39.3317
10.642 39.3317
10.643 -39.3369
10.643 39.3369
10.644 -39.342
10.644 39.342
10.645 -39.3471
10.645 39.3471
10.646 -39.3523
10.646 39.3523
10.647 -39.3574
10.647 39.3574
10.648 -39.3625
10.648 39.3625
10.649 -39.3677
10.649 39.3677
10.65 -39.3728
10.65 39.3728
10.651 -39.3779
10.651 39.3779
10.652 -39.3831
10.652 39.3831
10.653 -39.3882
10.653 39.3882
10.654 -39.3933
10.654 39.3933
10.655 -39.3985
10.655 39.3985
10.656 -39.4036
10.656 39.4036
10.657 -39.4087
10.657 39.4087
10.658 -39.4139
10.658 39.4139
10.659 -39.419
10.659 39.419
10.66 -39.4241
10.66 39.4241
10.661 -39.4293
10.661 39.4293
10.662 -39.4344
10.662 39.4344
10.663 -39.4395
10.663 39.4395
10.664 -39.4447
10.664 39.4447
10.665 -39.4498
10.665 39.4498
10.666 -39.4549
10.666 39.4549
10.667 -39.4601
10.667 39.4601
10.668 -39.4652
10.668 39.4652
10.669 -39.4704
10.669 39.4704
10.67 -39.4755
10.67 39.4755
10.671 -39.4806
10.671 39.4806
10.672 -39.4858
10.672 39.4858
10.673 -39.4909
10.673 39.4909
10.674 -39.496
10.674 39.496
10.675 -39.5012
10.675 39.5012
10.676 -39.5063
10.676 39.5063
10.677 -39.5115
10.677 39.5115
10.678 -39.5166
10.678 39.5166
10.679 -39.5217
10.679 39.5217
10.68 -39.5269
10.68 39.5269
10.681 -39.532
10.681 39.532
10.682 -39.5372
10.682 39.5372
10.683 -39.5423
10.683 39.5423
10.684 -39.5474
10.684 39.5474
10.685 -39.5526
10.685 39.5526
10.686 -39.5577
10.686 39.5577
10.687 -39.5629
10.687 39.5629
10.688 -39.568
10.688 39.568
10.689 -39.5731
10.689 39.5731
10.69 -39.5783
10.69 39.5783
10.691 -39.5834
10.691 39.5834
10.692 -39.5886
10.692 39.5886
10.693 -39.5937
10.693 39.5937
10.694 -39.5988
10.694 39.5988
10.695 -39.604
10.695 39.604
10.696 -39.6091
10.696 39.6091
10.697 -39.6143
10.697 39.6143
10.698 -39.6194
10.698 39.6194
10.699 -39.6246
10.699 39.6246
10.7 -39.6297
10.7 39.6297
10.701 -39.6348
10.701 39.6348
10.702 -39.64
10.702 39.64
10.703 -39.6451
10.703 39.6451
10.704 -39.6503
10.704 39.6503
10.705 -39.6554
10.705 39.6554
10.706 -39.6606
10.706 39.6606
10.707 -39.6657
10.707 39.6657
10.708 -39.6709
10.708 39.6709
10.709 -39.676
10.709 39.676
10.71 -39.6811
10.71 39.6811
10.711 -39.6863
10.711 39.6863
10.712 -39.6914
10.712 39.6914
10.713 -39.6966
10.713 39.6966
10.714 -39.7017
10.714 39.7017
10.715 -39.7069
10.715 39.7069
10.716 -39.712
10.716 39.712
10.717 -39.7172
10.717 39.7172
10.718 -39.7223
10.718 39.7223
10.719 -39.7275
10.719 39.7275
10.72 -39.7326
10.72 39.7326
10.721 -39.7378
10.721 39.7378
10.722 -39.7429
10.722 39.7429
10.723 -39.7481
10.723 39.7481
10.724 -39.7532
10.724 39.7532
10.725 -39.7584
10.725 39.7584
10.726 -39.7635
10.726 39.7635
10.727 -39.7687
10.727 39.7687
10.728 -39.7738
10.728 39.7738
10.729 -39.779
10.729 39.779
10.73 -39.7841
10.73 39.7841
10.731 -39.7893
10.731 39.7893
10.732 -39.7944
10.732 39.7944
10.733 -39.7996
10.733 39.7996
10.734 -39.8047
10.734 39.8047
10.735 -39.8099
10.735 39.8099
10.736 -39.815
10.736 39.815
10.737 -39.8202
10.737 39.8202
10.738 -39.8253
10.738 39.8253
10.739 -39.8305
10.739 39.8305
10.74 -39.8356
10.74 39.8356
10.741 -39.8408
10.741 39.8408
10.742 -39.8459
10.742 39.8459
10.743 -39.8511
10.743 39.8511
10.744 -39.8562
10.744 39.8562
10.745 -39.8614
10.745 39.8614
10.746 -39.8665
10.746 39.8665
10.747 -39.8717
10.747 39.8717
10.748 -39.8768
10.748 39.8768
10.749 -39.882
10.749 39.882
10.75 -39.8871
10.75 39.8871
10.751 -39.8923
10.751 39.8923
10.752 -39.8975
10.752 39.8975
10.753 -39.9026
10.753 39.9026
10.754 -39.9078
10.754 39.9078
10.755 -39.9129
10.755 39.9129
10.756 -39.9181
10.756 39.9181
10.757 -39.9232
10.757 39.9232
10.758 -39.9284
10.758 39.9284
10.759 -39.9335
10.759 39.9335
10.76 -39.9387
10.76 39.9387
10.761 -39.9439
10.761 39.9439
10.762 -39.949
10.762 39.949
10.763 -39.9542
10.763 39.9542
10.764 -39.9593
10.764 39.9593
10.765 -39.9645
10.765 39.9645
10.766 -39.9696
10.766 39.9696
10.767 -39.9748
10.767 39.9748
10.768 -39.98
10.768 39.98
10.769 -39.9851
10.769 39.9851
10.77 -39.9903
10.77 39.9903
10.771 -39.9954
10.771 39.9954
10.772 -40.0006
10.772 40.0006
10.773 -40.0058
10.773 40.0058
10.774 -40.0109
10.774 40.0109
10.775 -40.0161
10.775 40.0161
10.776 -40.0212
10.776 40.0212
10.777 -40.0264
10.777 40.0264
10.778 -40.0316
10.778 40.0316
10.779 -40.0367
10.779 40.0367
10.78 -40.0419
10.78 40.0419
10.781 -40.047
10.781 40.047
10.782 -40.0522
10.782 40.0522
10.783 -40.0574
10.783 40.0574
10.784 -40.0625
10.784 40.0625
10.785 -40.0677
10.785 40.0677
10.786 -40.0728
10.786 40.0728
10.787 -40.078
10.787 40.078
10.788 -40.0832
10.788 40.0832
10.789 -40.0883
10.789 40.0883
10.79 -40.0935
10.79 40.0935
10.791 -40.0987
10.791 40.0987
10.792 -40.1038
10.792 40.1038
10.793 -40.109
10.793 40.109
10.794 -40.1141
10.794 40.1141
10.795 -40.1193
10.795 40.1193
10.796 -40.1245
10.796 40.1245
10.797 -40.1296
10.797 40.1296
10.798 -40.1348
10.798 40.1348
10.799 -40.14
10.799 40.14
10.8 -40.1451
10.8 40.1451
10.801 -40.1503
10.801 40.1503
10.802 -40.1555
10.802 40.1555
10.803 -40.1606
10.803 40.1606
10.804 -40.1658
10.804 40.1658
10.805 -40.171
10.805 40.171
10.806 -40.1761
10.806 40.1761
10.807 -40.1813
10.807 40.1813
10.808 -40.1865
10.808 40.1865
10.809 -40.1916
10.809 40.1916
10.81 -40.1968
10.81 40.1968
10.811 -40.202
10.811 40.202
10.812 -40.2071
10.812 40.2071
10.813 -40.2123
10.813 40.2123
10.814 -40.2175
10.814 40.2175
10.815 -40.2226
10.815 40.2226
10.816 -40.2278
10.816 40.2278
10.817 -40.233
10.817 40.233
10.818 -40.2381
10.818 40.2381
10.819 -40.2433
10.819 40.2433
10.82 -40.2485
10.82 40.2485
10.821 -40.2537
10.821 40.2537
10.822 -40.2588
10.822 40.2588
10.823 -40.264
10.823 40.264
10.824 -40.2692
10.824 40.2692
10.825 -40.2743
10.825 40.2743
10.826 -40.2795
10.826 40.2795
10.827 -40.2847
10.827 40.2847
10.828 -40.2898
10.828 40.2898
10.829 -40.295
10.829 40.295
10.83 -40.3002
10.83 40.3002
10.831 -40.3054
10.831 40.3054
10.832 -40.3105
10.832 40.3105
10.833 -40.3157
10.833 40.3157
10.834 -40.3209
10.834 40.3209
10.835 -40.3261
10.835 40.3261
10.836 -40.3312
10.836 40.3312
10.837 -40.3364
10.837 40.3364
10.838 -40.3416
10.838 40.3416
10.839 -40.3467
10.839 40.3467
10.84 -40.3519
10.84 40.3519
10.841 -40.3571
10.841 40.3571
10.842 -40.3623
10.842 40.3623
10.843 -40.3674
10.843 40.3674
10.844 -40.3726
10.844 40.3726
10.845 -40.3778
10.845 40.3778
10.846 -40.383
10.846 40.383
10.847 -40.3881
10.847 40.3881
10.848 -40.3933
10.848 40.3933
10.849 -40.3985
10.849 40.3985
10.85 -40.4037
10.85 40.4037
10.851 -40.4088
10.851 40.4088
10.852 -40.414
10.852 40.414
10.853 -40.4192
10.853 40.4192
10.854 -40.4244
10.854 40.4244
10.855 -40.4296
10.855 40.4296
10.856 -40.4347
10.856 40.4347
10.857 -40.4399
10.857 40.4399
10.858 -40.4451
10.858 40.4451
10.859 -40.4503
10.859 40.4503
10.86 -40.4554
10.86 40.4554
10.861 -40.4606
10.861 40.4606
10.862 -40.4658
10.862 40.4658
10.863 -40.471
10.863 40.471
10.864 -40.4762
10.864 40.4762
10.865 -40.4813
10.865 40.4813
10.866 -40.4865
10.866 40.4865
10.867 -40.4917
10.867 40.4917
10.868 -40.4969
10.868 40.4969
10.869 -40.5021
10.869 40.5021
10.87 -40.5072
10.87 40.5072
10.871 -40.5124
10.871 40.5124
10.872 -40.5176
10.872 40.5176
10.873 -40.5228
10.873 40.5228
10.874 -40.528
10.874 40.528
10.875 -40.5331
10.875 40.5331
10.876 -40.5383
10.876 40.5383
10.877 -40.5435
10.877 40.5435
10.878 -40.5487
10.878 40.5487
10.879 -40.5539
10.879 40.5539
10.88 -40.5591
10.88 40.5591
10.881 -40.5642
10.881 40.5642
10.882 -40.5694
10.882 40.5694
10.883 -40.5746
10.883 40.5746
10.884 -40.5798
10.884 40.5798
10.885 -40.585
10.885 40.585
10.886 -40.5902
10.886 40.5902
10.887 -40.5953
10.887 40.5953
10.888 -40.6005
10.888 40.6005
10.889 -40.6057
10.889 40.6057
10.89 -40.6109
10.89 40.6109
10.891 -40.6161
10.891 40.6161
10.892 -40.6213
10.892 40.6213
10.893 -40.6264
10.893 40.6264
10.894 -40.6316
10.894 40.6316
10.895 -40.6368
10.895 40.6368
10.896 -40.642
10.896 40.642
10.897 -40.6472
10.897 40.6472
10.898 -40.6524
10.898 40.6524
10.899 -40.6576
10.899 40.6576
10.9 -40.6627
10.9 40.6627
10.901 -40.6679
10.901 40.6679
10.902 -40.6731
10.902 40.6731
10.903 -40.6783
10.903 40.6783
10.904 -40.6835
10.904 40.6835
10.905 -40.6887
10.905 40.6887
10.906 -40.6939
10.906 40.6939
10.907 -40.6991
10.907 40.6991
10.908 -40.7042
10.908 40.7042
10.909 -40.7094
10.909 40.7094
10.91 -40.7146
10.91 40.7146
10.911 -40.7198
10.911 40.7198
10.912 -40.725
10.912 40.725
10.913 -40.7302
10.913 40.7302
10.914 -40.7354
10.914 40.7354
10.915 -40.7406
10.915 40.7406
10.916 -40.7458
10.916 40.7458
10.917 -40.751
10.917 40.751
10.918 -40.7561
10.918 40.7561
10.919 -40.7613
10.919 40.7613
10.92 -40.7665
10.92 40.7665
10.921 -40.7717
10.921 40.7717
10.922 -40.7769
10.922 40.7769
10.923 -40.7821
10.923 40.7821
10.924 -40.7873
10.924 40.7873
10.925 -40.7925
10.925 40.7925
10.926 -40.7977
10.926 40.7977
10.927 -40.8029
10.927 40.8029
10.928 -40.8081
10.928 40.8081
10.929 -40.8133
10.929 40.8133
10.93 -40.8185
10.93 40.8185
10.931 -40.8236
10.931 40.8236
10.932 -40.8288
10.932 40.8288
10.933 -40.834
10.933 40.834
10.934 -40.8392
10.934 40.8392
10.935 -40.8444
10.935 40.8444
10.936 -40.8496
10.936 40.8496
10.937 -40.8548
10.937 40.8548
10.938 -40.86
10.938 40.86
10.939 -40.8652
10.939 40.8652
10.94 -40.8704
10.94 40.8704
10.941 -40.8756
10.941 40.8756
10.942 -40.8808
10.942 40.8808
10.943 -40.886
10.943 40.886
10.944 -40.8912
10.944 40.8912
10.945 -40.8964
10.945 40.8964
10.946 -40.9016
10.946 40.9016
10.947 -40.9068
10.947 40.9068
10.948 -40.912
10.948 40.912
10.949 -40.9172
10.949 40.9172
10.95 -40.9224
10.95 40.9224
10.951 -40.9276
10.951 40.9276
10.952 -40.9328
10.952 40.9328
10.953 -40.938
10.953 40.938
10.954 -40.9432
10.954 40.9432
10.955 -40.9484
10.955 40.9484
10.956 -40.9536
10.956 40.9536
10.957 -40.9588
10.957 40.9588
10.958 -40.964
10.958 40.964
10.959 -40.9692
10.959 40.9692
10.96 -40.9744
10.96 40.9744
10.961 -40.9796
10.961 40.9796
10.962 -40.9848
10.962 40.9848
10.963 -40.99
10.963 40.99
10.964 -40.9952
10.964 40.9952
10.965 -41.0004
10.965 41.0004
10.966 -41.0056
10.966 41.0056
10.967 -41.0108
10.967 41.0108
10.968 -41.016
10.968 41.016
10.969 -41.0212
10.969 41.0212
10.97 -41.0264
10.97 41.0264
10.971 -41.0316
10.971 41.0316
10.972 -41.0368
10.972 41.0368
10.973 -41.042
10.973 41.042
10.974 -41.0472
10.974 41.0472
10.975 -41.0524
10.975 41.0524
10.976 -41.0576
10.976 41.0576
10.977 -41.0628
10.977 41.0628
10.978 -41.068
10.978 41.068
10.979 -41.0732
10.979 41.0732
10.98 -41.0784
10.98 41.0784
10.981 -41.0836
10.981 41.0836
10.982 -41.0888
10.982 41.0888
10.983 -41.094
10.983 41.094
10.984 -41.0992
10.984 41.0992
10.985 -41.1044
10.985 41.1044
10.986 -41.1096
10.986 41.1096
10.987 -41.1148
10.987 41.1148
10.988 -41.12
10.988 41.12
10.989 -41.1252
10.989 41.1252
10.99 -41.1304
10.99 41.1304
10.991 -41.1357
10.991 41.1357
10.992 -41.1409
10.992 41.1409
10.993 -41.1461
10.993 41.1461
10.994 -41.1513
10.994 41.1513
10.995 -41.1565
10.995 41.1565
10.996 -41.1617
10.996 41.1617
10.997 -41.1669
10.997 41.1669
10.998 -41.1721
10.998 41.1721
10.999 -41.1773
10.999 41.1773
11 -41.1825
11 41.1825
11.001 -41.1877
11.001 41.1877
11.002 -41.1929
11.002 41.1929
11.003 -41.1981
11.003 41.1981
11.004 -41.2034
11.004 41.2034
11.005 -41.2086
11.005 41.2086
11.006 -41.2138
11.006 41.2138
11.007 -41.219
11.007 41.219
11.008 -41.2242
11.008 41.2242
11.009 -41.2294
11.009 41.2294
11.01 -41.2346
11.01 41.2346
11.011 -41.2398
11.011 41.2398
11.012 -41.245
11.012 41.245
11.013 -41.2502
11.013 41.2502
11.014 -41.2555
11.014 41.2555
11.015 -41.2607
11.015 41.2607
11.016 -41.2659
11.016 41.2659
11.017 -41.2711
11.017 41.2711
11.018 -41.2763
11.018 41.2763
11.019 -41.2815
11.019 41.2815
11.02 -41.2867
11.02 41.2867
11.021 -41.2919
11.021 41.2919
11.022 -41.2972
11.022 41.2972
11.023 -41.3024
11.023 41.3024
11.024 -41.3076
11.024 41.3076
11.025 -41.3128
11.025 41.3128
11.026 -41.318
11.026 41.318
11.027 -41.3232
11.027 41.3232
11.028 -41.3284
11.028 41.3284
11.029 -41.3337
11.029 41.3337
11.03 -41.3389
11.03 41.3389
11.031 -41.3441
11.031 41.3441
11.032 -41.3493
11.032 41.3493
11.033 -41.3545
11.033 41.3545
11.034 -41.3597
11.034 41.3597
11.035 -41.365
11.035 41.365
11.036 -41.3702
11.036 41.3702
11.037 -41.3754
11.037 41.3754
11.038 -41.3806
11.038 41.3806
11.039 -41.3858
11.039 41.3858
11.04 -41.391
11.04 41.391
11.041 -41.3963
11.041 41.3963
11.042 -41.4015
11.042 41.4015
11.043 -41.4067
11.043 41.4067
11.044 -41.4119
11.044 41.4119
11.045 -41.4171
11.045 41.4171
11.046 -41.4223
11.046 41.4223
11.047 -41.4276
11.047 41.4276
11.048 -41.4328
11.048 41.4328
11.049 -41.438
11.049 41.438
11.05 -41.4432
11.05 41.4432
11.051 -41.4484
11.051 41.4484
11.052 -41.4537
11.052 41.4537
11.053 -41.4589
11.053 41.4589
11.054 -41.4641
11.054 41.4641
11.055 -41.4693
11.055 41.4693
11.056 -41.4745
11.056 41.4745
11.057 -41.4798
11.057 41.4798
11.058 -41.485
11.058 41.485
11.059 -41.4902
11.059 41.4902
11.06 -41.4954
11.06 41.4954
11.061 -41.5006
11.061 41.5006
11.062 -41.5059
11.062 41.5059
11.063 -41.5111
11.063 41.5111
11.064 -41.5163
11.064 41.5163
11.065 -41.5215
11.065 41.5215
11.066 -41.5268
11.066 41.5268
11.067 -41.532
11.067 41.532
11.068 -41.5372
11.068 41.5372
11.069 -41.5424
11.069 41.5424
11.07 -41.5476
11.07 41.5476
11.071 -41.5529
11.071 41.5529
11.072 -41.5581
11.072 41.5581
11.073 -41.5633
11.073 41.5633
11.074 -41.5685
11.074 41.5685
11.075 -41.5738
11.075 41.5738
11.076 -41.579
11.076 41.579
11.077 -41.5842
11.077 41.5842
11.078 -41.5894
11.078 41.5894
11.079 -41.5947
11.079 41.5947
11.08 -41.5999
11.08 41.5999
11.081 -41.6051
11.081 41.6051
11.082 -41.6103
11.082 41.6103
11.083 -41.6156
11.083 41.6156
11.084 -41.6208
11.084 41.6208
11.085 -41.626
11.085 41.626
11.086 -41.6312
11.086 41.6312
11.087 -41.6365
11.087 41.6365
11.088 -41.6417
11.088 41.6417
11.089 -41.6469
11.089 41.6469
11.09 -41.6522
11.09 41.6522
11.091 -41.6574
11.091 41.6574
11.092 -41.6626
11.092 41.6626
11.093 -41.6678
11.093 41.6678
11.094 -41.6731
11.094 41.6731
11.095 -41.6783
11.095 41.6783
11.096 -41.6835
11.096 41.6835
11.097 -41.6888
11.097 41.6888
11.098 -41.694
11.098 41.694
11.099 -41.6992
11.099 41.6992
11.1 -41.7044
11.1 41.7044
11.101 -41.7097
11.101 41.7097
11.102 -41.7149
11.102 41.7149
11.103 -41.7201
11.103 41.7201
11.104 -41.7254
11.104 41.7254
11.105 -41.7306
11.105 41.7306
11.106 -41.7358
11.106 41.7358
11.107 -41.7411
11.107 41.7411
11.108 -41.7463
11.108 41.7463
11.109 -41.7515
11.109 41.7515
11.11 -41.7568
11.11 41.7568
11.111 -41.762
11.111 41.762
11.112 -41.7672
11.112 41.7672
11.113 -41.7725
11.113 41.7725
11.114 -41.7777
11.114 41.7777
11.115 -41.7829
11.115 41.7829
11.116 -41.7882
11.116 41.7882
11.117 -41.7934
11.117 41.7934
11.118 -41.7986
11.118 41.7986
11.119 -41.8039
11.119 41.8039
11.12 -41.8091
11.12 41.8091
11.121 -41.8143
11.121 41.8143
11.122 -41.8196
11.122 41.8196
11.123 -41.8248
11.123 41.8248
11.124 -41.83
11.124 41.83
11.125 -41.8353
11.125 41.8353
11.126 -41.8405
11.126 41.8405
11.127 -41.8457
11.127 41.8457
11.128 -41.851
11.128 41.851
11.129 -41.8562
11.129 41.8562
11.13 -41.8614
11.13 41.8614
11.131 -41.8667
11.131 41.8667
11.132 -41.8719
11.132 41.8719
11.133 -41.8772
11.133 41.8772
11.134 -41.8824
11.134 41.8824
11.135 -41.8876
11.135 41.8876
11.136 -41.8929
11.136 41.8929
11.137 -41.8981
11.137 41.8981
11.138 -41.9033
11.138 41.9033
11.139 -41.9086
11.139 41.9086
11.14 -41.9138
11.14 41.9138
11.141 -41.9191
11.141 41.9191
11.142 -41.9243
11.142 41.9243
11.143 -41.9295
11.143 41.9295
11.144 -41.9348
11.144 41.9348
11.145 -41.94
11.145 41.94
11.146 -41.9453
11.146 41.9453
11.147 -41.9505
11.147 41.9505
11.148 -41.9557
11.148 41.9557
11.149 -41.961
11.149 41.961
11.15 -41.9662
11.15 41.9662
11.151 -41.9715
11.151 41.9715
11.152 -41.9767
11.152 41.9767
11.153 -41.9819
11.153 41.9819
11.154 -41.9872
11.154 41.9872
11.155 -41.9924
11.155 41.9924
11.156 -41.9977
11.156 41.9977
11.157 -42.0029
11.157 42.0029
11.158 -42.0081
11.158 42.0081
11.159 -42.0134
11.159 42.0134
11.16 -42.0186
11.16 42.0186
11.161 -42.0239
11.161 42.0239
11.162 -42.0291
11.162 42.0291
11.163 -42.0344
11.163 42.0344
11.164 -42.0396
11.164 42.0396
11.165 -42.0449
11.165 42.0449
11.166 -42.0501
11.166 42.0501
11.167 -42.0553
11.167 42.0553
11.168 -42.0606
11.168 42.0606
11.169 -42.0658
11.169 42.0658
11.17 -42.0711
11.17 42.0711
11.171 -42.0763
11.171 42.0763
11.172 -42.0816
11.172 42.0816
11.173 -42.0868
11.173 42.0868
11.174 -42.0921
11.174 42.0921
11.175 -42.0973
11.175 42.0973
11.176 -42.1025
11.176 42.1025
11.177 -42.1078
11.177 42.1078
11.178 -42.113
11.178 42.113
11.179 -42.1183
11.179 42.1183
11.18 -42.1235
11.18 42.1235
11.181 -42.1288
11.181 42.1288
11.182 -42.134
11.182 42.134
11.183 -42.1393
11.183 42.1393
11.184 -42.1445
11.184 42.1445
11.185 -42.1498
11.185 42.1498
11.186 -42.155
11.186 42.155
11.187 -42.1603
11.187 42.1603
11.188 -42.1655
11.188 42.1655
11.189 -42.1708
11.189 42.1708
11.19 -42.176
11.19 42.176
11.191 -42.1813
11.191 42.1813
11.192 -42.1865
11.192 42.1865
11.193 -42.1918
11.193 42.1918
11.194 -42.197
11.194 42.197
11.195 -42.2023
11.195 42.2023
11.196 -42.2075
11.196 42.2075
11.197 -42.2128
11.197 42.2128
11.198 -42.218
11.198 42.218
11.199 -42.2233
11.199 42.2233
11.2 -42.2285
11.2 42.2285
11.201 -42.2338
11.201 42.2338
11.202 -42.239
11.202 42.239
11.203 -42.2443
11.203 42.2443
11.204 -42.2495
11.204 42.2495
11.205 -42.2548
11.205 42.2548
11.206 -42.26
11.206 42.26
11.207 -42.2653
11.207 42.2653
11.208 -42.2705
11.208 42.2705
11.209 -42.2758
11.209 42.2758
11.21 -42.281
11.21 42.281
11.211 -42.2863
11.211 42.2863
11.212 -42.2916
11.212 42.2916
11.213 -42.2968
11.213 42.2968
11.214 -42.3021
11.214 42.3021
11.215 -42.3073
11.215 42.3073
11.216 -42.3126
11.216 42.3126
11.217 -42.3178
11.217 42.3178
11.218 -42.3231
11.218 42.3231
11.219 -42.3283
11.219 42.3283
11.22 -42.3336
11.22 42.3336
11.221 -42.3388
11.221 42.3388
11.222 -42.3441
11.222 42.3441
11.223 -42.3494
11.223 42.3494
11.224 -42.3546
11.224 42.3546
11.225 -42.3599
11.225 42.3599
11.226 -42.3651
11.226 42.3651
11.227 -42.3704
11.227 42.3704
11.228 -42.3756
11.228 42.3756
11.229 -42.3809
11.229 42.3809
11.23 -42.3862
11.23 42.3862
11.231 -42.3914
11.231 42.3914
11.232 -42.3967
11.232 42.3967
11.233 -42.4019
11.233 42.4019
11.234 -42.4072
11.234 42.4072
11.235 -42.4125
11.235 42.4125
11.236 -42.4177
11.236 42.4177
11.237 -42.423
11.237 42.423
11.238 -42.4282
11.238 42.4282
11.239 -42.4335
11.239 42.4335
11.24 -42.4387
11.24 42.4387
11.241 -42.444
11.241 42.444
11.242 -42.4493
11.242 42.4493
11.243 -42.4545
11.243 42.4545
11.244 -42.4598
11.244 42.4598
11.245 -42.4651
11.245 42.4651
11.246 -42.4703
11.246 42.4703
11.247 -42.4756
11.247 42.4756
11.248 -42.4808
11.248 42.4808
11.249 -42.4861
11.249 42.4861
11.25 -42.4914
11.25 42.4914
11.251 -42.4966
11.251 42.4966
11.252 -42.5019
11.252 42.5019
11.253 -42.5071
11.253 42.5071
11.254 -42.5124
11.254 42.5124
11.255 -42.5177
11.255 42.5177
11.256 -42.5229
11.256 42.5229
11.257 -42.5282
11.257 42.5282
11.258 -42.5335
11.258 42.5335
11.259 -42.5387
11.259 42.5387
11.26 -42.544
11.26 42.544
11.261 -42.5493
11.261 42.5493
11.262 -42.5545
11.262 42.5545
11.263 -42.5598
11.263 42.5598
11.264 -42.565
11.264 42.565
11.265 -42.5703
11.265 42.5703
11.266 -42.5756
11.266 42.5756
11.267 -42.5808
11.267 42.5808
11.268 -42.5861
11.268 42.5861
11.269 -42.5914
11.269 42.5914
11.27 -42.5966
11.27 42.5966
11.271 -42.6019
11.271 42.6019
11.272 -42.6072
11.272 42.6072
11.273 -42.6124
11.273 42.6124
11.274 -42.6177
11.274 42.6177
11.275 -42.623
11.275 42.623
11.276 -42.6282
11.276 42.6282
11.277 -42.6335
11.277 42.6335
11.278 -42.6388
11.278 42.6388
11.279 -42.644
11.279 42.644
11.28 -42.6493
11.28 42.6493
11.281 -42.6546
11.281 42.6546
11.282 -42.6599
11.282 42.6599
11.283 -42.6651
11.283 42.6651
11.284 -42.6704
11.284 42.6704
11.285 -42.6757
11.285 42.6757
11.286 -42.6809
11.286 42.6809
11.287 -42.6862
11.287 42.6862
11.288 -42.6915
11.288 42.6915
11.289 -42.6967
11.289 42.6967
11.29 -42.702
11.29 42.702
11.291 -42.7073
11.291 42.7073
11.292 -42.7126
11.292 42.7126
11.293 -42.7178
11.293 42.7178
11.294 -42.7231
11.294 42.7231
11.295 -42.7284
11.295 42.7284
11.296 -42.7336
11.296 42.7336
11.297 -42.7389
11.297 42.7389
11.298 -42.7442
11.298 42.7442
11.299 -42.7495
11.299 42.7495
11.3 -42.7547
11.3 42.7547
11.301 -42.76
11.301 42.76
11.302 -42.7653
11.302 42.7653
11.303 -42.7705
11.303 42.7705
11.304 -42.7758
11.304 42.7758
11.305 -42.7811
11.305 42.7811
11.306 -42.7864
11.306 42.7864
11.307 -42.7916
11.307 42.7916
11.308 -42.7969
11.308 42.7969
11.309 -42.8022
11.309 42.8022
11.31 -42.8075
11.31 42.8075
11.311 -42.8127
11.311 42.8127
11.312 -42.818
11.312 42.818
11.313 -42.8233
11.313 42.8233
11.314 -42.8286
11.314 42.8286
11.315 -42.8338
11.315 42.8338
11.316 -42.8391
11.316 42.8391
11.317 -42.8444
11.317 42.8444
11.318 -42.8497
11.318 42.8497
11.319 -42.855
11.319 42.855
11.32 -42.8602
11.32 42.8602
11.321 -42.8655
11.321 42.8655
11.322 -42.8708
11.322 42.8708
11.323 -42.8761
11.323 42.8761
11.324 -42.8813
11.324 42.8813
11.325 -42.8866
11.325 42.8866
11.326 -42.8919
11.326 42.8919
11.327 -42.8972
11.327 42.8972
11.328 -42.9025
11.328 42.9025
11.329 -42.9077
11.329 42.9077
11.33 -42.913
11.33 42.913
11.331 -42.9183
11.331 42.9183
11.332 -42.9236
11.332 42.9236
11.333 -42.9288
11.333 42.9288
11.334 -42.9341
11.334 42.9341
11.335 -42.9394
11.335 42.9394
11.336 -42.9447
11.336 42.9447
11.337 -42.95
11.337 42.95
11.338 -42.9552
11.338 42.9552
11.339 -42.9605
11.339 42.9605
11.34 -42.9658
11.34 42.9658
11.341 -42.9711
11.341 42.9711
11.342 -42.9764
11.342 42.9764
11.343 -42.9817
11.343 42.9817
11.344 -42.9869
11.344 42.9869
11.345 -42.9922
11.345 42.9922
11.346 -42.9975
11.346 42.9975
11.347 -43.0028
11.347 43.0028
11.348 -43.0081
11.348 43.0081
11.349 -43.0134
11.349 43.0134
11.35 -43.0186
11.35 43.0186
11.351 -43.0239
11.351 43.0239
11.352 -43.0292
11.352 43.0292
11.353 -43.0345
11.353 43.0345
11.354 -43.0398
11.354 43.0398
11.355 -43.0451
11.355 43.0451
11.356 -43.0503
11.356 43.0503
11.357 -43.0556
11.357 43.0556
11.358 -43.0609
11.358 43.0609
11.359 -43.0662
11.359 43.0662
11.36 -43.0715
11.36 43.0715
11.361 -43.0768
11.361 43.0768
11.362 -43.082
11.362 43.082
11.363 -43.0873
11.363 43.0873
11.364 -43.0926
11.364 43.0926
11.365 -43.0979
11.365 43.0979
11.366 -43.1032
11.366 43.1032
11.367 -43.1085
11.367 43.1085
11.368 -43.1138
11.368 43.1138
11.369 -43.1191
11.369 43.1191
11.37 -43.1243
11.37 43.1243
11.371 -43.1296
11.371 43.1296
11.372 -43.1349
11.372 43.1349
11.373 -43.1402
11.373 43.1402
11.374 -43.1455
11.374 43.1455
11.375 -43.1508
11.375 43.1508
11.376 -43.1561
11.376 43.1561
11.377 -43.1614
11.377 43.1614
11.378 -43.1667
11.378 43.1667
11.379 -43.1719
11.379 43.1719
11.38 -43.1772
11.38 43.1772
11.381 -43.1825
11.381 43.1825
11.382 -43.1878
11.382 43.1878
11.383 -43.1931
11.383 43.1931
11.384 -43.1984
11.384 43.1984
11.385 -43.2037
11.385 43.2037
11.386 -43.209
11.386 43.209
11.387 -43.2143
11.387 43.2143
11.388 -43.2196
11.388 43.2196
11.389 -43.2248
11.389 43.2248
11.39 -43.2301
11.39 43.2301
11.391 -43.2354
11.391 43.2354
11.392 -43.2407
11.392 43.2407
11.393 -43.246
11.393 43.246
11.394 -43.2513
11.394 43.2513
11.395 -43.2566
11.395 43.2566
11.396 -43.2619
11.396 43.2619
11.397 -43.2672
11.397 43.2672
11.398 -43.2725
11.398 43.2725
11.399 -43.2778
11.399 43.2778
11.4 -43.2831
11.4 43.2831
11.401 -43.2884
11.401 43.2884
11.402 -43.2937
11.402 43.2937
11.403 -43.299
11.403 43.299
11.404 -43.3042
11.404 43.3042
11.405 -43.3095
11.405 43.3095
11.406 -43.3148
11.406 43.3148
11.407 -43.3201
11.407 43.3201
11.408 -43.3254
11.408 43.3254
11.409 -43.3307
11.409 43.3307
11.41 -43.336
11.41 43.336
11.411 -43.3413
11.411 43.3413
11.412 -43.3466
11.412 43.3466
11.413 -43.3519
11.413 43.3519
11.414 -43.3572
11.414 43.3572
11.415 -43.3625
11.415 43.3625
11.416 -43.3678
11.416 43.3678
11.417 -43.3731
11.417 43.3731
11.418 -43.3784
11.418 43.3784
11.419 -43.3837
11.419 43.3837
11.42 -43.389
11.42 43.389
11.421 -43.3943
11.421 43.3943
11.422 -43.3996
11.422 43.3996
11.423 -43.4049
11.423 43.4049
11.424 -43.4102
11.424 43.4102
11.425 -43.4155
11.425 43.4155
11.426 -43.4208
11.426 43.4208
11.427 -43.4261
11.427 43.4261
11.428 -43.4314
11.428 43.4314
11.429 -43.4367
11.429 43.4367
11.43 -43.442
11.43 43.442
11.431 -43.4473
11.431 43.4473
11.432 -43.4526
11.432 43.4526
11.433 -43.4579
11.433 43.4579
11.434 -43.4632
11.434 43.4632
11.435 -43.4685
11.435 43.4685
11.436 -43.4738
11.436 43.4738
11.437 -43.4791
11.437 43.4791
11.438 -43.4844
11.438 43.4844
11.439 -43.4897
11.439 43.4897
11.44 -43.495
11.44 43.495
11.441 -43.5003
11.441 43.5003
11.442 -43.5056
11.442 43.5056
11.443 -43.5109
11.443 43.5109
11.444 -43.5162
11.444 43.5162
11.445 -43.5215
11.445 43.5215
11.446 -43.5268
11.446 43.5268
11.447 -43.5321
11.447 43.5321
11.448 -43.5374
11.448 43.5374
11.449 -43.5427
11.449 43.5427
11.45 -43.548
11.45 43.548
11.451 -43.5533
11.451 43.5533
11.452 -43.5586
11.452 43.5586
11.453 -43.5639
11.453 43.5639
11.454 -43.5693
11.454 43.5693
11.455 -43.5746
11.455 43.5746
11.456 -43.5799
11.456 43.5799
11.457 -43.5852
11.457 43.5852
11.458 -43.5905
11.458 43.5905
11.459 -43.5958
11.459 43.5958
11.46 -43.6011
11.46 43.6011
11.461 -43.6064
11.461 43.6064
11.462 -43.6117
11.462 43.6117
11.463 -43.617
11.463 43.617
11.464 -43.6223
11.464 43.6223
11.465 -43.6276
11.465 43.6276
11.466 -43.6329
11.466 43.6329
11.467 -43.6382
11.467 43.6382
11.468 -43.6435
11.468 43.6435
11.469 -43.6489
11.469 43.6489
11.47 -43.6542
11.47 43.6542
11.471 -43.6595
11.471 43.6595
11.472 -43.6648
11.472 43.6648
11.473 -43.6701
11.473 43.6701
11.474 -43.6754
11.474 43.6754
11.475 -43.6807
11.475 43.6807
11.476 -43.686
11.476 43.686
11.477 -43.6913
11.477 43.6913
11.478 -43.6966
11.478 43.6966
11.479 -43.702
11.479 43.702
11.48 -43.7073
11.48 43.7073
11.481 -43.7126
11.481 43.7126
11.482 -43.7179
11.482 43.7179
11.483 -43.7232
11.483 43.7232
11.484 -43.7285
11.484 43.7285
11.485 -43.7338
11.485 43.7338
11.486 -43.7391
11.486 43.7391
11.487 -43.7444
11.487 43.7444
11.488 -43.7498
11.488 43.7498
11.489 -43.7551
11.489 43.7551
11.49 -43.7604
11.49 43.7604
11.491 -43.7657
11.491 43.7657
11.492 -43.771
11.492 43.771
11.493 -43.7763
11.493 43.7763
11.494 -43.7816
11.494 43.7816
11.495 -43.787
11.495 43.787
11.496 -43.7923
11.496 43.7923
11.497 -43.7976
11.497 43.7976
11.498 -43.8029
11.498 43.8029
11.499 -43.8082
11.499 43.8082
11.5 -43.8135
11.5 43.8135
11.501 -43.8188
11.501 43.8188
11.502 -43.8242
11.502 43.8242
11.503 -43.8295
11.503 43.8295
11.504 -43.8348
11.504 43.8348
11.505 -43.8401
11.505 43.8401
11.506 -43.8454
11.506 43.8454
11.507 -43.8507
11.507 43.8507
11.508 -43.8561
11.508 43.8561
11.509 -43.8614
11.509 43.8614
11.51 -43.8667
11.51 43.8667
11.511 -43.872
11.511 43.872
11.512 -43.8773
11.512 43.8773
11.513 -43.8826
11.513 43.8826
11.514 -43.888
11.514 43.888
11.515 -43.8933
11.515 43.8933
11.516 -43.8986
11.516 43.8986
11.517 -43.9039
11.517 43.9039
11.518 -43.9092
11.518 43.9092
11.519 -43.9146
11.519 43.9146
11.52 -43.9199
11.52 43.9199
11.521 -43.9252
11.521 43.9252
11.522 -43.9305
11.522 43.9305
11.523 -43.9358
11.523 43.9358
11.524 -43.9411
11.524 43.9411
11.525 -43.9465
11.525 43.9465
11.526 -43.9518
11.526 43.9518
11.527 -43.9571
11.527 43.9571
11.528 -43.9624
11.528 43.9624
11.529 -43.9678
11.529 43.9678
11.53 -43.9731
11.53 43.9731
11.531 -43.9784
11.531 43.9784
11.532 -43.9837
11.532 43.9837
11.533 -43.989
11.533 43.989
11.534 -43.9944
11.534 43.9944
11.535 -43.9997
11.535 43.9997
11.536 -44.005
11.536 44.005
11.537 -44.0103
11.537 44.0103
11.538 -44.0157
11.538 44.0157
11.539 -44.021
11.539 44.021
11.54 -44.0263
11.54 44.0263
11.541 -44.0316
11.541 44.0316
11.542 -44.0369
11.542 44.0369
11.543 -44.0423
11.543 44.0423
11.544 -44.0476
11.544 44.0476
11.545 -44.0529
11.545 44.0529
11.546 -44.0582
11.546 44.0582
11.547 -44.0636
11.547 44.0636
11.548 -44.0689
11.548 44.0689
11.549 -44.0742
11.549 44.0742
11.55 -44.0795
11.55 44.0795
11.551 -44.0849
11.551 44.0849
11.552 -44.0902
11.552 44.0902
11.553 -44.0955
11.553 44.0955
11.554 -44.1009
11.554 44.1009
11.555 -44.1062
11.555 44.1062
11.556 -44.1115
11.556 44.1115
11.557 -44.1168
11.557 44.1168
11.558 -44.1222
11.558 44.1222
11.559 -44.1275
11.559 44.1275
11.56 -44.1328
11.56 44.1328
11.561 -44.1381
11.561 44.1381
11.562 -44.1435
11.562 44.1435
11.563 -44.1488
11.563 44.1488
11.564 -44.1541
11.564 44.1541
11.565 -44.1595
11.565 44.1595
11.566 -44.1648
11.566 44.1648
11.567 -44.1701
11.567 44.1701
11.568 -44.1754
11.568 44.1754
11.569 -44.1808
11.569 44.1808
11.57 -44.1861
11.57 44.1861
11.571 -44.1914
11.571 44.1914
11.572 -44.1968
11.572 44.1968
11.573 -44.2021
11.573 44.2021
11.574 -44.2074
11.574 44.2074
11.575 -44.2128
11.575 44.2128
11.576 -44.2181
11.576 44.2181
11.577 -44.2234
11.577 44.2234
11.578 -44.2287
11.578 44.2287
11.579 -44.2341
11.579 44.2341
11.58 -44.2394
11.58 44.2394
11.581 -44.2447
11.581 44.2447
11.582 -44.2501
11.582 44.2501
11.583 -44.2554
11.583 44.2554
11.584 -44.2607
11.584 44.2607
11.585 -44.2661
11.585 44.2661
11.586 -44.2714
11.586 44.2714
11.587 -44.2767
11.587 44.2767
11.588 -44.2821
11.588 44.2821
11.589 -44.2874
11.589 44.2874
11.59 -44.2927
11.59 44.2927
11.591 -44.2981
11.591 44.2981
11.592 -44.3034
11.592 44.3034
11.593 -44.3087
11.593 44.3087
11.594 -44.3141
11.594 44.3141
11.595 -44.3194
11.595 44.3194
11.596 -44.3248
11.596 44.3248
11.597 -44.3301
11.597 44.3301
11.598 -44.3354
11.598 44.3354
11.599 -44.3408
11.599 44.3408
11.6 -44.3461
11.6 44.3461
11.601 -44.3514
11.601 44.3514
11.602 -44.3568
11.602 44.3568
11.603 -44.3621
11.603 44.3621
11.604 -44.3674
11.604 44.3674
11.605 -44.3728
11.605 44.3728
11.606 -44.3781
11.606 44.3781
11.607 -44.3835
11.607 44.3835
11.608 -44.3888
11.608 44.3888
11.609 -44.3941
11.609 44.3941
11.61 -44.3995
11.61 44.3995
11.611 -44.4048
11.611 44.4048
11.612 -44.4101
11.612 44.4101
11.613 -44.4155
11.613 44.4155
11.614 -44.4208
11.614 44.4208
11.615 -44.4262
11.615 44.4262
11.616 -44.4315
11.616 44.4315
11.617 -44.4368
11.617 44.4368
11.618 -44.4422
11.618 44.4422
11.619 -44.4475
11.619 44.4475
11.62 -44.4529
11.62 44.4529
11.621 -44.4582
11.621 44.4582
11.622 -44.4635
11.622 44.4635
11.623 -44.4689
11.623 44.4689
11.624 -44.4742
11.624 44.4742
11.625 -44.4796
11.625 44.4796
11.626 -44.4849
11.626 44.4849
11.627 -44.4902
11.627 44.4902
11.628 -44.4956
11.628 44.4956
11.629 -44.5009
11.629 44.5009
11.63 -44.5063
11.63 44.5063
11.631 -44.5116
11.631 44.5116
11.632 -44.517
11.632 44.517
11.633 -44.5223
11.633 44.5223
11.634 -44.5276
11.634 44.5276
11.635 -44.533
11.635 44.533
11.636 -44.5383
11.636 44.5383
11.637 -44.5437
11.637 44.5437
11.638 -44.549
11.638 44.549
11.639 -44.5544
11.639 44.5544
11.64 -44.5597
11.64 44.5597
11.641 -44.5651
11.641 44.5651
11.642 -44.5704
11.642 44.5704
11.643 -44.5757
11.643 44.5757
11.644 -44.5811
11.644 44.5811
11.645 -44.5864
11.645 44.5864
11.646 -44.5918
11.646 44.5918
11.647 -44.5971
11.647 44.5971
11.648 -44.6025
11.648 44.6025
11.649 -44.6078
11.649 44.6078
11.65 -44.6132
11.65 44.6132
11.651 -44.6185
11.651 44.6185
11.652 -44.6239
11.652 44.6239
11.653 -44.6292
11.653 44.6292
11.654 -44.6346
11.654 44.6346
11.655 -44.6399
11.655 44.6399
11.656 -44.6453
11.656 44.6453
11.657 -44.6506
11.657 44.6506
11.658 -44.6559
11.658 44.6559
11.659 -44.6613
11.659 44.6613
11.66 -44.6666
11.66 44.6666
11.661 -44.672
11.661 44.672
11.662 -44.6773
11.662 44.6773
11.663 -44.6827
11.663 44.6827
11.664 -44.688
11.664 44.688
11.665 -44.6934
11.665 44.6934
11.666 -44.6987
11.666 44.6987
11.667 -44.7041
11.667 44.7041
11.668 -44.7094
11.668 44.7094
11.669 -44.7148
11.669 44.7148
11.67 -44.7201
11.67 44.7201
11.671 -44.7255
11.671 44.7255
11.672 -44.7308
11.672 44.7308
11.673 -44.7362
11.673 44.7362
11.674 -44.7415
11.674 44.7415
11.675 -44.7469
11.675 44.7469
11.676 -44.7523
11.676 44.7523
11.677 -44.7576
11.677 44.7576
11.678 -44.763
11.678 44.763
11.679 -44.7683
11.679 44.7683
11.68 -44.7737
11.68 44.7737
11.681 -44.779
11.681 44.779
11.682 -44.7844
11.682 44.7844
11.683 -44.7897
11.683 44.7897
11.684 -44.7951
11.684 44.7951
11.685 -44.8004
11.685 44.8004
11.686 -44.8058
11.686 44.8058
11.687 -44.8111
11.687 44.8111
11.688 -44.8165
11.688 44.8165
11.689 -44.8218
11.689 44.8218
11.69 -44.8272
11.69 44.8272
11.691 -44.8326
11.691 44.8326
11.692 -44.8379
11.692 44.8379
11.693 -44.8433
11.693 44.8433
11.694 -44.8486
11.694 44.8486
11.695 -44.854
11.695 44.854
11.696 -44.8593
11.696 44.8593
11.697 -44.8647
11.697 44.8647
11.698 -44.8701
11.698 44.8701
11.699 -44.8754
11.699 44.8754
11.7 -44.8808
11.7 44.8808
11.701 -44.8861
11.701 44.8861
11.702 -44.8915
11.702 44.8915
11.703 -44.8968
11.703 44.8968
11.704 -44.9022
11.704 44.9022
11.705 -44.9076
11.705 44.9076
11.706 -44.9129
11.706 44.9129
11.707 -44.9183
11.707 44.9183
11.708 -44.9236
11.708 44.9236
11.709 -44.929
11.709 44.929
11.71 -44.9343
11.71 44.9343
11.711 -44.9397
11.711 44.9397
11.712 -44.9451
11.712 44.9451
11.713 -44.9504
11.713 44.9504
11.714 -44.9558
11.714 44.9558
11.715 -44.9611
11.715 44.9611
11.716 -44.9665
11.716 44.9665
11.717 -44.9719
11.717 44.9719
11.718 -44.9772
11.718 44.9772
11.719 -44.9826
11.719 44.9826
11.72 -44.988
11.72 44.988
11.721 -44.9933
11.721 44.9933
11.722 -44.9987
11.722 44.9987
11.723 -45.004
11.723 45.004
11.724 -45.0094
11.724 45.0094
11.725 -45.0148
11.725 45.0148
11.726 -45.0201
11.726 45.0201
11.727 -45.0255
11.727 45.0255
11.728 -45.0308
11.728 45.0308
11.729 -45.0362
11.729 45.0362
11.73 -45.0416
11.73 45.0416
11.731 -45.0469
11.731 45.0469
11.732 -45.0523
11.732 45.0523
11.733 -45.0577
11.733 45.0577
11.734 -45.063
11.734 45.063
11.735 -45.0684
11.735 45.0684
11.736 -45.0738
11.736 45.0738
11.737 -45.0791
11.737 45.0791
11.738 -45.0845
11.738 45.0845
11.739 -45.0899
11.739 45.0899
11.74 -45.0952
11.74 45.0952
11.741 -45.1006
11.741 45.1006
11.742 -45.106
11.742 45.106
11.743 -45.1113
11.743 45.1113
11.744 -45.1167
11.744 45.1167
11.745 -45.122
11.745 45.122
11.746 -45.1274
11.746 45.1274
11.747 -45.1328
11.747 45.1328
11.748 -45.1382
11.748 45.1382
11.749 -45.1435
11.749 45.1435
11.75 -45.1489
11.75 45.1489
11.751 -45.1543
11.751 45.1543
11.752 -45.1596
11.752 45.1596
11.753 -45.165
11.753 45.165
11.754 -45.1704
11.754 45.1704
11.755 -45.1757
11.755 45.1757
11.756 -45.1811
11.756 45.1811
11.757 -45.1865
11.757 45.1865
11.758 -45.1918
11.758 45.1918
11.759 -45.1972
11.759 45.1972
11.76 -45.2026
11.76 45.2026
11.761 -45.2079
11.761 45.2079
11.762 -45.2133
11.762 45.2133
11.763 -45.2187
11.763 45.2187
11.764 -45.2241
11.764 45.2241
11.765 -45.2294
11.765 45.2294
11.766 -45.2348
11.766 45.2348
11.767 -45.2402
11.767 45.2402
11.768 -45.2455
11.768 45.2455
11.769 -45.2509
11.769 45.2509
11.77 -45.2563
11.77 45.2563
11.771 -45.2617
11.771 45.2617
11.772 -45.267
11.772 45.267
11.773 -45.2724
11.773 45.2724
11.774 -45.2778
11.774 45.2778
11.775 -45.2831
11.775 45.2831
11.776 -45.2885
11.776 45.2885
11.777 -45.2939
11.777 45.2939
11.778 -45.2993
11.778 45.2993
11.779 -45.3046
11.779 45.3046
11.78 -45.31
11.78 45.31
11.781 -45.3154
11.781 45.3154
11.782 -45.3208
11.782 45.3208
11.783 -45.3261
11.783 45.3261
11.784 -45.3315
11.784 45.3315
11.785 -45.3369
11.785 45.3369
11.786 -45.3423
11.786 45.3423
11.787 -45.3476
11.787 45.3476
11.788 -45.353
11.788 45.353
11.789 -45.3584
11.789 45.3584
11.79 -45.3638
11.79 45.3638
11.791 -45.3691
11.791 45.3691
11.792 -45.3745
11.792 45.3745
11.793 -45.3799
11.793 45.3799
11.794 -45.3853
11.794 45.3853
11.795 -45.3906
11.795 45.3906
11.796 -45.396
11.796 45.396
11.797 -45.4014
11.797 45.4014
11.798 -45.4068
11.798 45.4068
11.799 -45.4122
11.799 45.4122
11.8 -45.4175
11.8 45.4175
11.801 -45.4229
11.801 45.4229
11.802 -45.4283
11.802 45.4283
11.803 -45.4337
11.803 45.4337
11.804 -45.439
11.804 45.439
11.805 -45.4444
11.805 45.4444
11.806 -45.4498
11.806 45.4498
11.807 -45.4552
11.807 45.4552
11.808 -45.4606
11.808 45.4606
11.809 -45.4659
11.809 45.4659
11.81 -45.4713
11.81 45.4713
11.811 -45.4767
11.811 45.4767
11.812 -45.4821
11.812 45.4821
11.813 -45.4875
11.813 45.4875
11.814 -45.4928
11.814 45.4928
11.815 -45.4982
11.815 45.4982
11.816 -45.5036
11.816 45.5036
11.817 -45.509
11.817 45.509
11.818 -45.5144
11.818 45.5144
11.819 -45.5198
11.819 45.5198
11.82 -45.5251
11.82 45.5251
11.821 -45.5305
11.821 45.5305
11.822 -45.5359
11.822 45.5359
11.823 -45.5413
11.823 45.5413
11.824 -45.5467
11.824 45.5467
11.825 -45.552
11.825 45.552
11.826 -45.5574
11.826 45.5574
11.827 -45.5628
11.827 45.5628
11.828 -45.5682
11.828 45.5682
11.829 -45.5736
11.829 45.5736
11.83 -45.579
11.83 45.579
11.831 -45.5844
11.831 45.5844
11.832 -45.5897
11.832 45.5897
11.833 -45.5951
11.833 45.5951
11.834 -45.6005
11.834 45.6005
11.835 -45.6059
11.835 45.6059
11.836 -45.6113
11.836 45.6113
11.837 -45.6167
11.837 45.6167
11.838 -45.622
11.838 45.622
11.839 -45.6274
11.839 45.6274
11.84 -45.6328
11.84 45.6328
11.841 -45.6382
11.841 45.6382
11.842 -45.6436
11.842 45.6436
11.843 -45.649
11.843 45.649
11.844 -45.6544
11.844 45.6544
11.845 -45.6598
11.845 45.6598
11.846 -45.6651
11.846 45.6651
11.847 -45.6705
11.847 45.6705
11.848 -45.6759
11.848 45.6759
11.849 -45.6813
11.849 45.6813
11.85 -45.6867
11.85 45.6867
11.851 -45.6921
11.851 45.6921
11.852 -45.6975
11.852 45.6975
11.853 -45.7029
11.853 45.7029
11.854 -45.7083
11.854 45.7083
11.855 -45.7136
11.855 45.7136
11.856 -45.719
11.856 45.719
11.857 -45.7244
11.857 45.7244
11.858 -45.7298
11.858 45.7298
11.859 -45.7352
11.859 45.7352
11.86 -45.7406
11.86 45.7406
11.861 -45.746
11.861 45.746
11.862 -45.7514
11.862 45.7514
11.863 -45.7568
11.863 45.7568
11.864 -45.7622
11.864 45.7622
11.865 -45.7675
11.865 45.7675
11.866 -45.7729
11.866 45.7729
11.867 -45.7783
11.867 45.7783
11.868 -45.7837
11.868 45.7837
11.869 -45.7891
11.869 45.7891
11.87 -45.7945
11.87 45.7945
11.871 -45.7999
11.871 45.7999
11.872 -45.8053
11.872 45.8053
11.873 -45.8107
11.873 45.8107
11.874 -45.8161
11.874 45.8161
11.875 -45.8215
11.875 45.8215
11.876 -45.8269
11.876 45.8269
11.877 -45.8323
11.877 45.8323
11.878 -45.8377
11.878 45.8377
11.879 -45.843
11.879 45.843
11.88 -45.8484
11.88 45.8484
11.881 -45.8538
11.881 45.8538
11.882 -45.8592
11.882 45.8592
11.883 -45.8646
11.883 45.8646
11.884 -45.87
11.884 45.87
11.885 -45.8754
11.885 45.8754
11.886 -45.8808
11.886 45.8808
11.887 -45.8862
11.887 45.8862
11.888 -45.8916
11.888 45.8916
11.889 -45.897
11.889 45.897
11.89 -45.9024
11.89 45.9024
11.891 -45.9078
11.891 45.9078
11.892 -45.9132
11.892 45.9132
11.893 -45.9186
11.893 45.9186
11.894 -45.924
11.894 45.924
11.895 -45.9294
11.895 45.9294
11.896 -45.9348
11.896 45.9348
11.897 -45.9402
11.897 45.9402
11.898 -45.9456
11.898 45.9456
11.899 -45.951
11.899 45.951
11.9 -45.9564
11.9 45.9564
11.901 -45.9618
11.901 45.9618
11.902 -45.9672
11.902 45.9672
11.903 -45.9726
11.903 45.9726
11.904 -45.978
11.904 45.978
11.905 -45.9834
11.905 45.9834
11.906 -45.9888
11.906 45.9888
11.907 -45.9942
11.907 45.9942
11.908 -45.9996
11.908 45.9996
11.909 -46.005
11.909 46.005
11.91 -46.0104
11.91 46.0104
11.911 -46.0158
11.911 46.0158
11.912 -46.0212
11.912 46.0212
11.913 -46.0266
11.913 46.0266
11.914 -46.032
11.914 46.032
11.915 -46.0374
11.915 46.0374
11.916 -46.0428
11.916 46.0428
11.917 -46.0482
11.917 46.0482
11.918 -46.0536
11.918 46.0536
11.919 -46.059
11.919 46.059
11.92 -46.0644
11.92 46.0644
11.921 -46.0698
11.921 46.0698
11.922 -46.0752
11.922 46.0752
11.923 -46.0806
11.923 46.0806
11.924 -46.086
11.924 46.086
11.925 -46.0914
11.925 46.0914
11.926 -46.0968
11.926 46.0968
11.927 -46.1022
11.927 46.1022
11.928 -46.1076
11.928 46.1076
11.929 -46.113
11.929 46.113
11.93 -46.1184
11.93 46.1184
11.931 -46.1238
11.931 46.1238
11.932 -46.1293
11.932 46.1293
11.933 -46.1347
11.933 46.1347
11.934 -46.1401
11.934 46.1401
11.935 -46.1455
11.935 46.1455
11.936 -46.1509
11.936 46.1509
11.937 -46.1563
11.937 46.1563
11.938 -46.1617
11.938 46.1617
11.939 -46.1671
11.939 46.1671
11.94 -46.1725
11.94 46.1725
11.941 -46.1779
11.941 46.1779
11.942 -46.1833
11.942 46.1833
11.943 -46.1887
11.943 46.1887
11.944 -46.1941
11.944 46.1941
11.945 -46.1995
11.945 46.1995
11.946 -46.205
11.946 46.205
11.947 -46.2104
11.947 46.2104
11.948 -46.2158
11.948 46.2158
11.949 -46.2212
11.949 46.2212
11.95 -46.2266
11.95 46.2266
11.951 -46.232
11.951 46.232
11.952 -46.2374
11.952 46.2374
11.953 -46.2428
11.953 46.2428
11.954 -46.2482
11.954 46.2482
11.955 -46.2536
11.955 46.2536
11.956 -46.259
11.956 46.259
11.957 -46.2645
11.957 46.2645
11.958 -46.2699
11.958 46.2699
11.959 -46.2753
11.959 46.2753
11.96 -46.2807
11.96 46.2807
11.961 -46.2861
11.961 46.2861
11.962 -46.2915
11.962 46.2915
11.963 -46.2969
11.963 46.2969
11.964 -46.3023
11.964 46.3023
11.965 -46.3078
11.965 46.3078
11.966 -46.3132
11.966 46.3132
11.967 -46.3186
11.967 46.3186
11.968 -46.324
11.968 46.324
11.969 -46.3294
11.969 46.3294
11.97 -46.3348
11.97 46.3348
11.971 -46.3402
11.971 46.3402
11.972 -46.3456
11.972 46.3456
11.973 -46.3511
11.973 46.3511
11.974 -46.3565
11.974 46.3565
11.975 -46.3619
11.975 46.3619
11.976 -46.3673
11.976 46.3673
11.977 -46.3727
11.977 46.3727
11.978 -46.3781
11.978 46.3781
11.979 -46.3835
11.979 46.3835
11.98 -46.389
11.98 46.389
11.981 -46.3944
11.981 46.3944
11.982 -46.3998
11.982 46.3998
11.983 -46.4052
11.983 46.4052
11.984 -46.4106
11.984 46.4106
11.985 -46.416
11.985 46.416
11.986 -46.4215
11.986 46.4215
11.987 -46.4269
11.987 46.4269
11.988 -46.4323
11.988 46.4323
11.989 -46.4377
11.989 46.4377
11.99 -46.4431
11.99 46.4431
11.991 -46.4485
11.991 46.4485
11.992 -46.454
11.992 46.454
11.993 -46.4594
11.993 46.4594
11.994 -46.4648
11.994 46.4648
11.995 -46.4702
11.995 46.4702
11.996 -46.4756
11.996 46.4756
11.997 -46.4811
11.997 46.4811
11.998 -46.4865
11.998 46.4865
11.999 -46.4919
11.999 46.4919
12 -46.4973
12 46.4973
12.001 -46.5027
12.001 46.5027
12.002 -46.5082
12.002 46.5082
12.003 -46.5136
12.003 46.5136
12.004 -46.519
12.004 46.519
12.005 -46.5244
12.005 46.5244
12.006 -46.5298
12.006 46.5298
12.007 -46.5353
12.007 46.5353
12.008 -46.5407
12.008 46.5407
12.009 -46.5461
12.009 46.5461
12.01 -46.5515
12.01 46.5515
12.011 -46.5569
12.011 46.5569
12.012 -46.5624
12.012 46.5624
12.013 -46.5678
12.013 46.5678
12.014 -46.5732
12.014 46.5732
12.015 -46.5786
12.015 46.5786
12.016 -46.5841
12.016 46.5841
12.017 -46.5895
12.017 46.5895
12.018 -46.5949
12.018 46.5949
12.019 -46.6003
12.019 46.6003
12.02 -46.6057
12.02 46.6057
12.021 -46.6112
12.021 46.6112
12.022 -46.6166
12.022 46.6166
12.023 -46.622
12.023 46.622
12.024 -46.6274
12.024 46.6274
12.025 -46.6329
12.025 46.6329
12.026 -46.6383
12.026 46.6383
12.027 -46.6437
12.027 46.6437
12.028 -46.6491
12.028 46.6491
12.029 -46.6546
12.029 46.6546
12.03 -46.66
12.03 46.66
12.031 -46.6654
12.031 46.6654
12.032 -46.6708
12.032 46.6708
12.033 -46.6763
12.033 46.6763
12.034 -46.6817
12.034 46.6817
12.035 -46.6871
12.035 46.6871
12.036 -46.6926
12.036 46.6926
12.037 -46.698
12.037 46.698
12.038 -46.7034
12.038 46.7034
12.039 -46.7088
12.039 46.7088
12.04 -46.7143
12.04 46.7143
12.041 -46.7197
12.041 46.7197
12.042 -46.7251
12.042 46.7251
12.043 -46.7305
12.043 46.7305
12.044 -46.736
12.044 46.736
12.045 -46.7414
12.045 46.7414
12.046 -46.7468
12.046 46.7468
12.047 -46.7523
12.047 46.7523
12.048 -46.7577
12.048 46.7577
12.049 -46.7631
12.049 46.7631
12.05 -46.7686
12.05 46.7686
12.051 -46.774
12.051 46.774
12.052 -46.7794
12.052 46.7794
12.053 -46.7848
12.053 46.7848
12.054 -46.7903
12.054 46.7903
12.055 -46.7957
12.055 46.7957
12.056 -46.8011
12.056 46.8011
12.057 -46.8066
12.057 46.8066
12.058 -46.812
12.058 46.812
12.059 -46.8174
12.059 46.8174
12.06 -46.8229
12.06 46.8229
12.061 -46.8283
12.061 46.8283
12.062 -46.8337
12.062 46.8337
12.063 -46.8392
12.063 46.8392
12.064 -46.8446
12.064 46.8446
12.065 -46.85
12.065 46.85
12.066 -46.8555
12.066 46.8555
12.067 -46.8609
12.067 46.8609
12.068 -46.8663
12.068 46.8663
12.069 -46.8718
12.069 46.8718
12.07 -46.8772
12.07 46.8772
12.071 -46.8826
12.071 46.8826
12.072 -46.8881
12.072 46.8881
12.073 -46.8935
12.073 46.8935
12.074 -46.8989
12.074 46.8989
12.075 -46.9044
12.075 46.9044
12.076 -46.9098
12.076 46.9098
12.077 -46.9152
12.077 46.9152
12.078 -46.9207
12.078 46.9207
12.079 -46.9261
12.079 46.9261
12.08 -46.9315
12.08 46.9315
12.081 -46.937
12.081 46.937
12.082 -46.9424
12.082 46.9424
12.083 -46.9479
12.083 46.9479
12.084 -46.9533
12.084 46.9533
12.085 -46.9587
12.085 46.9587
12.086 -46.9642
12.086 46.9642
12.087 -46.9696
12.087 46.9696
12.088 -46.975
12.088 46.975
12.089 -46.9805
12.089 46.9805
12.09 -46.9859
12.09 46.9859
12.091 -46.9914
12.091 46.9914
12.092 -46.9968
12.092 46.9968
12.093 -47.0022
12.093 47.0022
12.094 -47.0077
12.094 47.0077
12.095 -47.0131
12.095 47.0131
12.096 -47.0186
12.096 47.0186
12.097 -47.024
12.097 47.024
12.098 -47.0294
12.098 47.0294
12.099 -47.0349
12.099 47.0349
12.1 -47.0403
12.1 47.0403
12.101 -47.0458
12.101 47.0458
12.102 -47.0512
12.102 47.0512
12.103 -47.0566
12.103 47.0566
12.104 -47.0621
12.104 47.0621
12.105 -47.0675
12.105 47.0675
12.106 -47.073
12.106 47.073
12.107 -47.0784
12.107 47.0784
12.108 -47.0838
12.108 47.0838
12.109 -47.0893
12.109 47.0893
12.11 -47.0947
12.11 47.0947
12.111 -47.1002
12.111 47.1002
12.112 -47.1056
12.112 47.1056
12.113 -47.1111
12.113 47.1111
12.114 -47.1165
12.114 47.1165
12.115 -47.1219
12.115 47.1219
12.116 -47.1274
12.116 47.1274
12.117 -47.1328
12.117 47.1328
12.118 -47.1383
12.118 47.1383
12.119 -47.1437
12.119 47.1437
12.12 -47.1492
12.12 47.1492
12.121 -47.1546
12.121 47.1546
12.122 -47.16
12.122 47.16
12.123 -47.1655
12.123 47.1655
12.124 -47.1709
12.124 47.1709
12.125 -47.1764
12.125 47.1764
12.126 -47.1818
12.126 47.1818
12.127 -47.1873
12.127 47.1873
12.128 -47.1927
12.128 47.1927
12.129 -47.1982
12.129 47.1982
12.13 -47.2036
12.13 47.2036
12.131 -47.2091
12.131 47.2091
12.132 -47.2145
12.132 47.2145
12.133 -47.22
12.133 47.22
12.134 -47.2254
12.134 47.2254
12.135 -47.2309
12.135 47.2309
12.136 -47.2363
12.136 47.2363
12.137 -47.2417
12.137 47.2417
12.138 -47.2472
12.138 47.2472
12.139 -47.2526
12.139 47.2526
12.14 -47.2581
12.14 47.2581
12.141 -47.2635
12.141 47.2635
12.142 -47.269
12.142 47.269
12.143 -47.2744
12.143 47.2744
12.144 -47.2799
12.144 47.2799
12.145 -47.2853
12.145 47.2853
12.146 -47.2908
12.146 47.2908
12.147 -47.2962
12.147 47.2962
12.148 -47.3017
12.148 47.3017
12.149 -47.3071
12.149 47.3071
12.15 -47.3126
12.15 47.3126
12.151 -47.318
12.151 47.318
12.152 -47.3235
12.152 47.3235
12.153 -47.3289
12.153 47.3289
12.154 -47.3344
12.154 47.3344
12.155 -47.3398
12.155 47.3398
12.156 -47.3453
12.156 47.3453
12.157 -47.3507
12.157 47.3507
12.158 -47.3562
12.158 47.3562
12.159 -47.3617
12.159 47.3617
12.16 -47.3671
12.16 47.3671
12.161 -47.3726
12.161 47.3726
12.162 -47.378
12.162 47.378
12.163 -47.3835
12.163 47.3835
12.164 -47.3889
12.164 47.3889
12.165 -47.3944
12.165 47.3944
12.166 -47.3998
12.166 47.3998
12.167 -47.4053
12.167 47.4053
12.168 -47.4107
12.168 47.4107
12.169 -47.4162
12.169 47.4162
12.17 -47.4216
12.17 47.4216
12.171 -47.4271
12.171 47.4271
12.172 -47.4326
12.172 47.4326
12.173 -47.438
12.173 47.438
12.174 -47.4435
12.174 47.4435
12.175 -47.4489
12.175 47.4489
12.176 -47.4544
12.176 47.4544
12.177 -47.4598
12.177 47.4598
12.178 -47.4653
12.178 47.4653
12.179 -47.4707
12.179 47.4707
12.18 -47.4762
12.18 47.4762
12.181 -47.4817
12.181 47.4817
12.182 -47.4871
12.182 47.4871
12.183 -47.4926
12.183 47.4926
12.184 -47.498
12.184 47.498
12.185 -47.5035
12.185 47.5035
12.186 -47.5089
12.186 47.5089
12.187 -47.5144
12.187 47.5144
12.188 -47.5199
12.188 47.5199
12.189 -47.5253
12.189 47.5253
12.19 -47.5308
12.19 47.5308
12.191 -47.5362
12.191 47.5362
12.192 -47.5417
12.192 47.5417
12.193 -47.5472
12.193 47.5472
12.194 -47.5526
12.194 47.5526
12.195 -47.5581
12.195 47.5581
12.196 -47.5635
12.196 47.5635
12.197 -47.569
12.197 47.569
12.198 -47.5745
12.198 47.5745
12.199 -47.5799
12.199 47.5799
12.2 -47.5854
12.2 47.5854
12.201 -47.5908
12.201 47.5908
12.202 -47.5963
12.202 47.5963
12.203 -47.6018
12.203 47.6018
12.204 -47.6072
12.204 47.6072
12.205 -47.6127
12.205 47.6127
12.206 -47.6181
12.206 47.6181
12.207 -47.6236
12.207 47.6236
12.208 -47.6291
12.208 47.6291
12.209 -47.6345
12.209 47.6345
12.21 -47.64
12.21 47.64
12.211 -47.6455
12.211 47.6455
12.212 -47.6509
12.212 47.6509
12.213 -47.6564
12.213 47.6564
12.214 -47.6618
12.214 47.6618
12.215 -47.6673
12.215 47.6673
12.216 -47.6728
12.216 47.6728
12.217 -47.6782
12.217 47.6782
12.218 -47.6837
12.218 47.6837
12.219 -47.6892
12.219 47.6892
12.22 -47.6946
12.22 47.6946
12.221 -47.7001
12.221 47.7001
12.222 -47.7056
12.222 47.7056
12.223 -47.711
12.223 47.711
12.224 -47.7165
12.224 47.7165
12.225 -47.722
12.225 47.722
12.226 -47.7274
12.226 47.7274
12.227 -47.7329
12.227 47.7329
12.228 -47.7384
12.228 47.7384
12.229 -47.7438
12.229 47.7438
12.23 -47.7493
12.23 47.7493
12.231 -47.7548
12.231 47.7548
12.232 -47.7602
12.232 47.7602
12.233 -47.7657
12.233 47.7657
12.234 -47.7712
12.234 47.7712
12.235 -47.7766
12.235 47.7766
12.236 -47.7821
12.236 47.7821
12.237 -47.7876
12.237 47.7876
12.238 -47.793
12.238 47.793
12.239 -47.7985
12.239 47.7985
12.24 -47.804
12.24 47.804
12.241 -47.8094
12.241 47.8094
12.242 -47.8149
12.242 47.8149
12.243 -47.8204
12.243 47.8204
12.244 -47.8259
12.244 47.8259
12.245 -47.8313
12.245 47.8313
12.246 -47.8368
12.246 47.8368
12.247 -47.8423
12.247 47.8423
12.248 -47.8477
12.248 47.8477
12.249 -47.8532
12.249 47.8532
12.25 -47.8587
12.25 47.8587
12.251 -47.8641
12.251 47.8641
12.252 -47.8696
12.252 47.8696
12.253 -47.8751
12.253 47.8751
12.254 -47.8806
12.254 47.8806
12.255 -47.886
12.255 47.886
12.256 -47.8915
12.256 47.8915
12.257 -47.897
12.257 47.897
12.258 -47.9025
12.258 47.9025
12.259 -47.9079
12.259 47.9079
12.26 -47.9134
12.26 47.9134
12.261 -47.9189
12.261 47.9189
12.262 -47.9243
12.262 47.9243
12.263 -47.9298
12.263 47.9298
12.264 -47.9353
12.264 47.9353
12.265 -47.9408
12.265 47.9408
12.266 -47.9462
12.266 47.9462
12.267 -47.9517
12.267 47.9517
12.268 -47.9572
12.268 47.9572
12.269 -47.9627
12.269 47.9627
12.27 -47.9681
12.27 47.9681
12.271 -47.9736
12.271 47.9736
12.272 -47.9791
12.272 47.9791
12.273 -47.9846
12.273 47.9846
12.274 -47.99
12.274 47.99
12.275 -47.9955
12.275 47.9955
12.276 -48.001
12.276 48.001
12.277 -48.0065
12.277 48.0065
12.278 -48.012
12.278 48.012
12.279 -48.0174
12.279 48.0174
12.28 -48.0229
12.28 48.0229
12.281 -48.0284
12.281 48.0284
12.282 -48.0339
12.282 48.0339
12.283 -48.0393
12.283 48.0393
12.284 -48.0448
12.284 48.0448
12.285 -48.0503
12.285 48.0503
12.286 -48.0558
12.286 48.0558
12.287 -48.0613
12.287 48.0613
12.288 -48.0667
12.288 48.0667
12.289 -48.0722
12.289 48.0722
12.29 -48.0777
12.29 48.0777
12.291 -48.0832
12.291 48.0832
12.292 -48.0886
12.292 48.0886
12.293 -48.0941
12.293 48.0941
12.294 -48.0996
12.294 48.0996
12.295 -48.1051
12.295 48.1051
12.296 -48.1106
12.296 48.1106
12.297 -48.1161
12.297 48.1161
12.298 -48.1215
12.298 48.1215
12.299 -48.127
12.299 48.127
12.3 -48.1325
12.3 48.1325
12.301 -48.138
12.301 48.138
12.302 -48.1435
12.302 48.1435
12.303 -48.1489
12.303 48.1489
12.304 -48.1544
12.304 48.1544
12.305 -48.1599
12.305 48.1599
12.306 -48.1654
12.306 48.1654
12.307 -48.1709
12.307 48.1709
12.308 -48.1764
12.308 48.1764
12.309 -48.1818
12.309 48.1818
12.31 -48.1873
12.31 48.1873
12.311 -48.1928
12.311 48.1928
12.312 -48.1983
12.312 48.1983
12.313 -48.2038
12.313 48.2038
12.314 -48.2093
12.314 48.2093
12.315 -48.2147
12.315 48.2147
12.316 -48.2202
12.316 48.2202
12.317 -48.2257
12.317 48.2257
12.318 -48.2312
12.318 48.2312
12.319 -48.2367
12.319 48.2367
12.32 -48.2422
12.32 48.2422
12.321 -48.2476
12.321 48.2476
12.322 -48.2531
12.322 48.2531
12.323 -48.2586
12.323 48.2586
12.324 -48.2641
12.324 48.2641
12.325 -48.2696
12.325 48.2696
12.326 -48.2751
12.326 48.2751
12.327 -48.2806
12.327 48.2806
12.328 -48.2861
12.328 48.2861
12.329 -48.2915
12.329 48.2915
12.33 -48.297
12.33 48.297
12.331 -48.3025
12.331 48.3025
12.332 -48.308
12.332 48.308
12.333 -48.3135
12.333 48.3135
12.334 -48.319
12.334 48.319
12.335 -48.3245
12.335 48.3245
12.336 -48.33
12.336 48.33
12.337 -48.3354
12.337 48.3354
12.338 -48.3409
12.338 48.3409
12.339 -48.3464
12.339 48.3464
12.34 -48.3519
12.34 48.3519
12.341 -48.3574
12.341 48.3574
12.342 -48.3629
12.342 48.3629
12.343 -48.3684
12.343 48.3684
12.344 -48.3739
12.344 48.3739
12.345 -48.3794
12.345 48.3794
12.346 -48.3849
12.346 48.3849
12.347 -48.3903
12.347 48.3903
12.348 -48.3958
12.348 48.3958
12.349 -48.4013
12.349 48.4013
12.35 -48.4068
12.35 48.4068
12.351 -48.4123
12.351 48.4123
12.352 -48.4178
12.352 48.4178
12.353 -48.4233
12.353 48.4233
12.354 -48.4288
12.354 48.4288
12.355 -48.4343
12.355 48.4343
12.356 -48.4398
12.356 48.4398
12.357 -48.4453
12.357 48.4453
12.358 -48.4508
12.358 48.4508
12.359 -48.4563
12.359 48.4563
12.36 -48.4617
12.36 48.4617
12.361 -48.4672
12.361 48.4672
12.362 -48.4727
12.362 48.4727
12.363 -48.4782
12.363 48.4782
12.364 -48.4837
12.364 48.4837
12.365 -48.4892
12.365 48.4892
12.366 -48.4947
12.366 48.4947
12.367 -48.5002
12.367 48.5002
12.368 -48.5057
12.368 48.5057
12.369 -48.5112
12.369 48.5112
12.37 -48.5167
12.37 48.5167
12.371 -48.5222
12.371 48.5222
12.372 -48.5277
12.372 48.5277
12.373 -48.5332
12.373 48.5332
12.374 -48.5387
12.374 48.5387
12.375 -48.5442
12.375 48.5442
12.376 -48.5497
12.376 48.5497
12.377 -48.5552
12.377 48.5552
12.378 -48.5607
12.378 48.5607
12.379 -48.5662
12.379 48.5662
12.38 -48.5717
12.38 48.5717
12.381 -48.5772
12.381 48.5772
12.382 -48.5827
12.382 48.5827
12.383 -48.5882
12.383 48.5882
12.384 -48.5937
12.384 48.5937
12.385 -48.5992
12.385 48.5992
12.386 -48.6047
12.386 48.6047
12.387 -48.6102
12.387 48.6102
12.388 -48.6157
12.388 48.6157
12.389 -48.6212
12.389 48.6212
12.39 -48.6267
12.39 48.6267
12.391 -48.6322
12.391 48.6322
12.392 -48.6377
12.392 48.6377
12.393 -48.6432
12.393 48.6432
12.394 -48.6487
12.394 48.6487
12.395 -48.6542
12.395 48.6542
12.396 -48.6597
12.396 48.6597
12.397 -48.6652
12.397 48.6652
12.398 -48.6707
12.398 48.6707
12.399 -48.6762
12.399 48.6762
12.4 -48.6817
12.4 48.6817
12.401 -48.6872
12.401 48.6872
12.402 -48.6927
12.402 48.6927
12.403 -48.6982
12.403 48.6982
12.404 -48.7037
12.404 48.7037
12.405 -48.7092
12.405 48.7092
12.406 -48.7147
12.406 48.7147
12.407 -48.7202
12.407 48.7202
12.408 -48.7257
12.408 48.7257
12.409 -48.7312
12.409 48.7312
12.41 -48.7367
12.41 48.7367
12.411 -48.7422
12.411 48.7422
12.412 -48.7477
12.412 48.7477
12.413 -48.7532
12.413 48.7532
12.414 -48.7587
12.414 48.7587
12.415 -48.7642
12.415 48.7642
12.416 -48.7697
12.416 48.7697
12.417 -48.7752
12.417 48.7752
12.418 -48.7807
12.418 48.7807
12.419 -48.7862
12.419 48.7862
12.42 -48.7917
12.42 48.7917
12.421 -48.7972
12.421 48.7972
12.422 -48.8028
12.422 48.8028
12.423 -48.8083
12.423 48.8083
12.424 -48.8138
12.424 48.8138
12.425 -48.8193
12.425 48.8193
12.426 -48.8248
12.426 48.8248
12.427 -48.8303
12.427 48.8303
12.428 -48.8358
12.428 48.8358
12.429 -48.8413
12.429 48.8413
12.43 -48.8468
12.43 48.8468
12.431 -48.8523
12.431 48.8523
12.432 -48.8578
12.432 48.8578
12.433 -48.8633
12.433 48.8633
12.434 -48.8688
12.434 48.8688
12.435 -48.8743
12.435 48.8743
12.436 -48.8799
12.436 48.8799
12.437 -48.8854
12.437 48.8854
12.438 -48.8909
12.438 48.8909
12.439 -48.8964
12.439 48.8964
12.44 -48.9019
12.44 48.9019
12.441 -48.9074
12.441 48.9074
12.442 -48.9129
12.442 48.9129
12.443 -48.9184
12.443 48.9184
12.444 -48.9239
12.444 48.9239
12.445 -48.9295
12.445 48.9295
12.446 -48.935
12.446 48.935
12.447 -48.9405
12.447 48.9405
12.448 -48.946
12.448 48.946
12.449 -48.9515
12.449 48.9515
12.45 -48.957
12.45 48.957
12.451 -48.9625
12.451 48.9625
12.452 -48.968
12.452 48.968
12.453 -48.9735
12.453 48.9735
12.454 -48.9791
12.454 48.9791
12.455 -48.9846
12.455 48.9846
12.456 -48.9901
12.456 48.9901
12.457 -48.9956
12.457 48.9956
12.458 -49.0011
12.458 49.0011
12.459 -49.0066
12.459 49.0066
12.46 -49.0121
12.46 49.0121
12.461 -49.0177
12.461 49.0177
12.462 -49.0232
12.462 49.0232
12.463 -49.0287
12.463 49.0287
12.464 -49.0342
12.464 49.0342
12.465 -49.0397
12.465 49.0397
12.466 -49.0452
12.466 49.0452
12.467 -49.0507
12.467 49.0507
12.468 -49.0563
12.468 49.0563
12.469 -49.0618
12.469 49.0618
12.47 -49.0673
12.47 49.0673
12.471 -49.0728
12.471 49.0728
12.472 -49.0783
12.472 49.0783
12.473 -49.0838
12.473 49.0838
12.474 -49.0894
12.474 49.0894
12.475 -49.0949
12.475 49.0949
12.476 -49.1004
12.476 49.1004
12.477 -49.1059
12.477 49.1059
12.478 -49.1114
12.478 49.1114
12.479 -49.1169
12.479 49.1169
12.48 -49.1225
12.48 49.1225
12.481 -49.128
12.481 49.128
12.482 -49.1335
12.482 49.1335
12.483 -49.139
12.483 49.139
12.484 -49.1445
12.484 49.1445
12.485 -49.1501
12.485 49.1501
12.486 -49.1556
12.486 49.1556
12.487 -49.1611
12.487 49.1611
12.488 -49.1666
12.488 49.1666
12.489 -49.1721
12.489 49.1721
12.49 -49.1777
12.49 49.1777
12.491 -49.1832
12.491 49.1832
12.492 -49.1887
12.492 49.1887
12.493 -49.1942
12.493 49.1942
12.494 -49.1997
12.494 49.1997
12.495 -49.2053
12.495 49.2053
12.496 -49.2108
12.496 49.2108
12.497 -49.2163
12.497 49.2163
12.498 -49.2218
12.498 49.2218
12.499 -49.2273
12.499 49.2273
12.5 -49.2329
12.5 49.2329
12.501 -49.2384
12.501 49.2384
12.502 -49.2439
12.502 49.2439
12.503 -49.2494
12.503 49.2494
12.504 -49.255
12.504 49.255
12.505 -49.2605
12.505 49.2605
12.506 -49.266
12.506 49.266
12.507 -49.2715
12.507 49.2715
12.508 -49.277
12.508 49.277
12.509 -49.2826
12.509 49.2826
12.51 -49.2881
12.51 49.2881
12.511 -49.2936
12.511 49.2936
12.512 -49.2991
12.512 49.2991
12.513 -49.3047
12.513 49.3047
12.514 -49.3102
12.514 49.3102
12.515 -49.3157
12.515 49.3157
12.516 -49.3212
12.516 49.3212
12.517 -49.3268
12.517 49.3268
12.518 -49.3323
12.518 49.3323
12.519 -49.3378
12.519 49.3378
12.52 -49.3434
12.52 49.3434
12.521 -49.3489
12.521 49.3489
12.522 -49.3544
12.522 49.3544
12.523 -49.3599
12.523 49.3599
12.524 -49.3655
12.524 49.3655
12.525 -49.371
12.525 49.371
12.526 -49.3765
12.526 49.3765
12.527 -49.382
12.527 49.382
12.528 -49.3876
12.528 49.3876
12.529 -49.3931
12.529 49.3931
12.53 -49.3986
12.53 49.3986
12.531 -49.4042
12.531 49.4042
12.532 -49.4097
12.532 49.4097
12.533 -49.4152
12.533 49.4152
12.534 -49.4207
12.534 49.4207
12.535 -49.4263
12.535 49.4263
12.536 -49.4318
12.536 49.4318
12.537 -49.4373
12.537 49.4373
12.538 -49.4429
12.538 49.4429
12.539 -49.4484
12.539 49.4484
12.54 -49.4539
12.54 49.4539
12.541 -49.4594
12.541 49.4594
12.542 -49.465
12.542 49.465
12.543 -49.4705
12.543 49.4705
12.544 -49.476
12.544 49.476
12.545 -49.4816
12.545 49.4816
12.546 -49.4871
12.546 49.4871
12.547 -49.4926
12.547 49.4926
12.548 -49.4982
12.548 49.4982
12.549 -49.5037
12.549 49.5037
12.55 -49.5092
12.55 49.5092
12.551 -49.5148
12.551 49.5148
12.552 -49.5203
12.552 49.5203
12.553 -49.5258
12.553 49.5258
12.554 -49.5314
12.554 49.5314
12.555 -49.5369
12.555 49.5369
12.556 -49.5424
12.556 49.5424
12.557 -49.548
12.557 49.548
12.558 -49.5535
12.558 49.5535
12.559 -49.559
12.559 49.559
12.56 -49.5646
12.56 49.5646
12.561 -49.5701
12.561 49.5701
12.562 -49.5756
12.562 49.5756
12.563 -49.5812
12.563 49.5812
12.564 -49.5867
12.564 49.5867
12.565 -49.5922
12.565 49.5922
12.566 -49.5978
12.566 49.5978
12.567 -49.6033
12.567 49.6033
12.568 -49.6088
12.568 49.6088
12.569 -49.6144
12.569 49.6144
12.57 -49.6199
12.57 49.6199
12.571 -49.6255
12.571 49.6255
12.572 -49.631
12.572 49.631
12.573 -49.6365
12.573 49.6365
12.574 -49.6421
12.574 49.6421
12.575 -49.6476
12.575 49.6476
12.576 -49.6531
12.576 49.6531
12.577 -49.6587
12.577 49.6587
12.578 -49.6642
12.578 49.6642
12.579 -49.6698
12.579 49.6698
12.58 -49.6753
12.58 49.6753
12.581 -49.6808
12.581 49.6808
12.582 -49.6864
12.582 49.6864
12.583 -49.6919
12.583 49.6919
12.584 -49.6974
12.584 49.6974
12.585 -49.703
12.585 49.703
12.586 -49.7085
12.586 49.7085
12.587 -49.7141
12.587 49.7141
12.588 -49.7196
12.588 49.7196
12.589 -49.7251
12.589 49.7251
12.59 -49.7307
12.59 49.7307
12.591 -49.7362
12.591 49.7362
12.592 -49.7418
12.592 49.7418
12.593 -49.7473
12.593 49.7473
12.594 -49.7529
12.594 49.7529
12.595 -49.7584
12.595 49.7584
12.596 -49.7639
12.596 49.7639
12.597 -49.7695
12.597 49.7695
12.598 -49.775
12.598 49.775
12.599 -49.7806
12.599 49.7806
12.6 -49.7861
12.6 49.7861
12.601 -49.7916
12.601 49.7916
12.602 -49.7972
12.602 49.7972
12.603 -49.8027
12.603 49.8027
12.604 -49.8083
12.604 49.8083
12.605 -49.8138
12.605 49.8138
12.606 -49.8194
12.606 49.8194
12.607 -49.8249
12.607 49.8249
12.608 -49.8304
12.608 49.8304
12.609 -49.836
12.609 49.836
12.61 -49.8415
12.61 49.8415
12.611 -49.8471
12.611 49.8471
12.612 -49.8526
12.612 49.8526
12.613 -49.8582
12.613 49.8582
12.614 -49.8637
12.614 49.8637
12.615 -49.8693
12.615 49.8693
12.616 -49.8748
12.616 49.8748
12.617 -49.8804
12.617 49.8804
12.618 -49.8859
12.618 49.8859
12.619 -49.8914
12.619 49.8914
12.62 -49.897
12.62 49.897
12.621 -49.9025
12.621 49.9025
12.622 -49.9081
12.622 49.9081
12.623 -49.9136
12.623 49.9136
12.624 -49.9192
12.624 49.9192
12.625 -49.9247
12.625 49.9247
12.626 -49.9303
12.626 49.9303
12.627 -49.9358
12.627 49.9358
12.628 -49.9414
12.628 49.9414
12.629 -49.9469
12.629 49.9469
12.63 -49.9525
12.63 49.9525
12.631 -49.958
12.631 49.958
12.632 -49.9636
12.632 49.9636
12.633 -49.9691
12.633 49.9691
12.634 -49.9747
12.634 49.9747
12.635 -49.9802
12.635 49.9802
12.636 -49.9858
12.636 49.9858
12.637 -49.9913
12.637 49.9913
12.638 -49.9969
12.638 49.9969
12.639 -50.0024
12.639 50.0024
12.64 -50.008
12.64 50.008
12.641 -50.0135
12.641 50.0135
12.642 -50.0191
12.642 50.0191
12.643 -50.0246
12.643 50.0246
12.644 -50.0302
12.644 50.0302
12.645 -50.0357
12.645 50.0357
12.646 -50.0413
12.646 50.0413
12.647 -50.0468
12.647 50.0468
12.648 -50.0524
12.648 50.0524
12.649 -50.0579
12.649 50.0579
12.65 -50.0635
12.65 50.0635
12.651 -50.069
12.651 50.069
12.652 -50.0746
12.652 50.0746
12.653 -50.0801
12.653 50.0801
12.654 -50.0857
12.654 50.0857
12.655 -50.0912
12.655 50.0912
12.656 -50.0968
12.656 50.0968
12.657 -50.1024
12.657 50.1024
12.658 -50.1079
12.658 50.1079
12.659 -50.1135
12.659 50.1135
12.66 -50.119
12.66 50.119
12.661 -50.1246
12.661 50.1246
12.662 -50.1301
12.662 50.1301
12.663 -50.1357
12.663 50.1357
12.664 -50.1412
12.664 50.1412
12.665 -50.1468
12.665 50.1468
12.666 -50.1523
12.666 50.1523
12.667 -50.1579
12.667 50.1579
12.668 -50.1635
12.668 50.1635
12.669 -50.169
12.669 50.169
12.67 -50.1746
12.67 50.1746
12.671 -50.1801
12.671 50.1801
12.672 -50.1857
12.672 50.1857
12.673 -50.1912
12.673 50.1912
12.674 -50.1968
12.674 50.1968
12.675 -50.2024
12.675 50.2024
12.676 -50.2079
12.676 50.2079
12.677 -50.2135
12.677 50.2135
12.678 -50.219
12.678 50.219
12.679 -50.2246
12.679 50.2246
12.68 -50.2302
12.68 50.2302
12.681 -50.2357
12.681 50.2357
12.682 -50.2413
12.682 50.2413
12.683 -50.2468
12.683 50.2468
12.684 -50.2524
12.684 50.2524
12.685 -50.2579
12.685 50.2579
12.686 -50.2635
12.686 50.2635
12.687 -50.2691
12.687 50.2691
12.688 -50.2746
12.688 50.2746
12.689 -50.2802
12.689 50.2802
12.69 -50.2857
12.69 50.2857
12.691 -50.2913
12.691 50.2913
12.692 -50.2969
12.692 50.2969
12.693 -50.3024
12.693 50.3024
12.694 -50.308
12.694 50.308
12.695 -50.3136
12.695 50.3136
12.696 -50.3191
12.696 50.3191
12.697 -50.3247
12.697 50.3247
12.698 -50.3302
12.698 50.3302
12.699 -50.3358
12.699 50.3358
12.7 -50.3414
12.7 50.3414
12.701 -50.3469
12.701 50.3469
12.702 -50.3525
12.702 50.3525
12.703 -50.3581
12.703 50.3581
12.704 -50.3636
12.704 50.3636
12.705 -50.3692
12.705 50.3692
12.706 -50.3747
12.706 50.3747
12.707 -50.3803
12.707 50.3803
12.708 -50.3859
12.708 50.3859
12.709 -50.3914
12.709 50.3914
12.71 -50.397
12.71 50.397
12.711 -50.4026
12.711 50.4026
12.712 -50.4081
12.712 50.4081
12.713 -50.4137
12.713 50.4137
12.714 -50.4193
12.714 50.4193
12.715 -50.4248
12.715 50.4248
12.716 -50.4304
12.716 50.4304
12.717 -50.436
12.717 50.436
12.718 -50.4415
12.718 50.4415
12.719 -50.4471
12.719 50.4471
12.72 -50.4527
12.72 50.4527
12.721 -50.4582
12.721 50.4582
12.722 -50.4638
12.722 50.4638
12.723 -50.4694
12.723 50.4694
12.724 -50.4749
12.724 50.4749
12.725 -50.4805
12.725 50.4805
12.726 -50.4861
12.726 50.4861
12.727 -50.4916
12.727 50.4916
12.728 -50.4972
12.728 50.4972
12.729 -50.5028
12.729 50.5028
12.73 -50.5083
12.73 50.5083
12.731 -50.5139
12.731 50.5139
12.732 -50.5195
12.732 50.5195
12.733 -50.525
12.733 50.525
12.734 -50.5306
12.734 50.5306
12.735 -50.5362
12.735 50.5362
12.736 -50.5418
12.736 50.5418
12.737 -50.5473
12.737 50.5473
12.738 -50.5529
12.738 50.5529
12.739 -50.5585
12.739 50.5585
12.74 -50.564
12.74 50.564
12.741 -50.5696
12.741 50.5696
12.742 -50.5752
12.742 50.5752
12.743 -50.5807
12.743 50.5807
12.744 -50.5863
12.744 50.5863
12.745 -50.5919
12.745 50.5919
12.746 -50.5975
12.746 50.5975
12.747 -50.603
12.747 50.603
12.748 -50.6086
12.748 50.6086
12.749 -50.6142
12.749 50.6142
12.75 -50.6198
12.75 50.6198
12.751 -50.6253
12.751 50.6253
12.752 -50.6309
12.752 50.6309
12.753 -50.6365
12.753 50.6365
12.754 -50.642
12.754 50.642
12.755 -50.6476
12.755 50.6476
12.756 -50.6532
12.756 50.6532
12.757 -50.6588
12.757 50.6588
12.758 -50.6643
12.758 50.6643
12.759 -50.6699
12.759 50.6699
12.76 -50.6755
12.76 50.6755
12.761 -50.6811
12.761 50.6811
12.762 -50.6866
12.762 50.6866
12.763 -50.6922
12.763 50.6922
12.764 -50.6978
12.764 50.6978
12.765 -50.7034
12.765 50.7034
12.766 -50.7089
12.766 50.7089
12.767 -50.7145
12.767 50.7145
12.768 -50.7201
12.768 50.7201
12.769 -50.7257
12.769 50.7257
12.77 -50.7312
12.77 50.7312
12.771 -50.7368
12.771 50.7368
12.772 -50.7424
12.772 50.7424
12.773 -50.748
12.773 50.748
12.774 -50.7536
12.774 50.7536
12.775 -50.7591
12.775 50.7591
12.776 -50.7647
12.776 50.7647
12.777 -50.7703
12.777 50.7703
12.778 -50.7759
12.778 50.7759
12.779 -50.7814
12.779 50.7814
12.78 -50.787
12.78 50.787
12.781 -50.7926
12.781 50.7926
12.782 -50.7982
12.782 50.7982
12.783 -50.8038
12.783 50.8038
12.784 -50.8093
12.784 50.8093
12.785 -50.8149
12.785 50.8149
12.786 -50.8205
12.786 50.8205
12.787 -50.8261
12.787 50.8261
12.788 -50.8317
12.788 50.8317
12.789 -50.8372
12.789 50.8372
12.79 -50.8428
12.79 50.8428
12.791 -50.8484
12.791 50.8484
12.792 -50.854
12.792 50.854
12.793 -50.8596
12.793 50.8596
12.794 -50.8652
12.794 50.8652
12.795 -50.8707
12.795 50.8707
12.796 -50.8763
12.796 50.8763
12.797 -50.8819
12.797 50.8819
12.798 -50.8875
12.798 50.8875
12.799 -50.8931
12.799 50.8931
12.8 -50.8986
12.8 50.8986
12.801 -50.9042
12.801 50.9042
12.802 -50.9098
12.802 50.9098
12.803 -50.9154
12.803 50.9154
12.804 -50.921
12.804 50.921
12.805 -50.9266
12.805 50.9266
12.806 -50.9321
12.806 50.9321
12.807 -50.9377
12.807 50.9377
12.808 -50.9433
12.808 50.9433
12.809 -50.9489
12.809 50.9489
12.81 -50.9545
12.81 50.9545
12.811 -50.9601
12.811 50.9601
12.812 -50.9657
12.812 50.9657
12.813 -50.9712
12.813 50.9712
12.814 -50.9768
12.814 50.9768
12.815 -50.9824
12.815 50.9824
12.816 -50.988
12.816 50.988
12.817 -50.9936
12.817 50.9936
12.818 -50.9992
12.818 50.9992
12.819 -51.0048
12.819 51.0048
12.82 -51.0103
12.82 51.0103
12.821 -51.0159
12.821 51.0159
12.822 -51.0215
12.822 51.0215
12.823 -51.0271
12.823 51.0271
12.824 -51.0327
12.824 51.0327
12.825 -51.0383
12.825 51.0383
12.826 -51.0439
12.826 51.0439
12.827 -51.0495
12.827 51.0495
12.828 -51.055
12.828 51.055
12.829 -51.0606
12.829 51.0606
12.83 -51.0662
12.83 51.0662
12.831 -51.0718
12.831 51.0718
12.832 -51.0774
12.832 51.0774
12.833 -51.083
12.833 51.083
12.834 -51.0886
12.834 51.0886
12.835 -51.0942
12.835 51.0942
12.836 -51.0998
12.836 51.0998
12.837 -51.1053
12.837 51.1053
12.838 -51.1109
12.838 51.1109
12.839 -51.1165
12.839 51.1165
12.84 -51.1221
12.84 51.1221
12.841 -51.1277
12.841 51.1277
12.842 -51.1333
12.842 51.1333
12.843 -51.1389
12.843 51.1389
12.844 -51.1445
12.844 51.1445
12.845 -51.1501
12.845 51.1501
12.846 -51.1557
12.846 51.1557
12.847 -51.1613
12.847 51.1613
12.848 -51.1669
12.848 51.1669
12.849 -51.1724
12.849 51.1724
12.85 -51.178
12.85 51.178
12.851 -51.1836
12.851 51.1836
12.852 -51.1892
12.852 51.1892
12.853 -51.1948
12.853 51.1948
12.854 -51.2004
12.854 51.2004
12.855 -51.206
12.855 51.206
12.856 -51.2116
12.856 51.2116
12.857 -51.2172
12.857 51.2172
12.858 -51.2228
12.858 51.2228
12.859 -51.2284
12.859 51.2284
12.86 -51.234
12.86 51.234
12.861 -51.2396
12.861 51.2396
12.862 -51.2452
12.862 51.2452
12.863 -51.2508
12.863 51.2508
12.864 -51.2564
12.864 51.2564
12.865 -51.262
12.865 51.262
12.866 -51.2676
12.866 51.2676
12.867 -51.2731
12.867 51.2731
12.868 -51.2787
12.868 51.2787
12.869 -51.2843
12.869 51.2843
12.87 -51.2899
12.87 51.2899
12.871 -51.2955
12.871 51.2955
12.872 -51.3011
12.872 51.3011
12.873 -51.3067
12.873 51.3067
12.874 -51.3123
12.874 51.3123
12.875 -51.3179
12.875 51.3179
12.876 -51.3235
12.876 51.3235
12.877 -51.3291
12.877 51.3291
12.878 -51.3347
12.878 51.3347
12.879 -51.3403
12.879 51.3403
12.88 -51.3459
12.88 51.3459
12.881 -51.3515
12.881 51.3515
12.882 -51.3571
12.882 51.3571
12.883 -51.3627
12.883 51.3627
12.884 -51.3683
12.884 51.3683
12.885 -51.3739
12.885 51.3739
12.886 -51.3795
12.886 51.3795
12.887 -51.3851
12.887 51.3851
12.888 -51.3907
12.888 51.3907
12.889 -51.3963
12.889 51.3963
12.89 -51.4019
12.89 51.4019
12.891 -51.4075
12.891 51.4075
12.892 -51.4131
12.892 51.4131
12.893 -51.4187
12.893 51.4187
12.894 -51.4243
12.894 51.4243
12.895 -51.4299
12.895 51.4299
12.896 -51.4355
12.896 51.4355
12.897 -51.4411
12.897 51.4411
12.898 -51.4467
12.898 51.4467
12.899 -51.4523
12.899 51.4523
12.9 -51.4579
12.9 51.4579
12.901 -51.4635
12.901 51.4635
12.902 -51.4691
12.902 51.4691
12.903 -51.4747
12.903 51.4747
12.904 -51.4803
12.904 51.4803
12.905 -51.486
12.905 51.486
12.906 -51.4916
12.906 51.4916
12.907 -51.4972
12.907 51.4972
12.908 -51.5028
12.908 51.5028
12.909 -51.5084
12.909 51.5084
12.91 -51.514
12.91 51.514
12.911 -51.5196
12.911 51.5196
12.912 -51.5252
12.912 51.5252
12.913 -51.5308
12.913 51.5308
12.914 -51.5364
12.914 51.5364
12.915 -51.542
12.915 51.542
12.916 -51.5476
12.916 51.5476
12.917 -51.5532
12.917 51.5532
12.918 -51.5588
12.918 51.5588
12.919 -51.5644
12.919 51.5644
12.92 -51.57
12.92 51.57
12.921 -51.5756
12.921 51.5756
12.922 -51.5812
12.922 51.5812
12.923 -51.5869
12.923 51.5869
12.924 -51.5925
12.924 51.5925
12.925 -51.5981
12.925 51.5981
12.926 -51.6037
12.926 51.6037
12.927 -51.6093
12.927 51.6093
12.928 -51.6149
12.928 51.6149
12.929 -51.6205
12.929 51.6205
12.93 -51.6261
12.93 51.6261
12.931 -51.6317
12.931 51.6317
12.932 -51.6373
12.932 51.6373
12.933 -51.6429
12.933 51.6429
12.934 -51.6485
12.934 51.6485
12.935 -51.6542
12.935 51.6542
12.936 -51.6598
12.936 51.6598
12.937 -51.6654
12.937 51.6654
12.938 -51.671
12.938 51.671
12.939 -51.6766
12.939 51.6766
12.94 -51.6822
12.94 51.6822
12.941 -51.6878
12.941 51.6878
12.942 -51.6934
12.942 51.6934
12.943 -51.699
12.943 51.699
12.944 -51.7047
12.944 51.7047
12.945 -51.7103
12.945 51.7103
12.946 -51.7159
12.946 51.7159
12.947 -51.7215
12.947 51.7215
12.948 -51.7271
12.948 51.7271
12.949 -51.7327
12.949 51.7327
12.95 -51.7383
12.95 51.7383
12.951 -51.7439
12.951 51.7439
12.952 -51.7496
12.952 51.7496
12.953 -51.7552
12.953 51.7552
12.954 -51.7608
12.954 51.7608
12.955 -51.7664
12.955 51.7664
12.956 -51.772
12.956 51.772
12.957 -51.7776
12.957 51.7776
12.958 -51.7832
12.958 51.7832
12.959 -51.7889
12.959 51.7889
12.96 -51.7945
12.96 51.7945
12.961 -51.8001
12.961 51.8001
12.962 -51.8057
12.962 51.8057
12.963 -51.8113
12.963 51.8113
12.964 -51.8169
12.964 51.8169
12.965 -51.8225
12.965 51.8225
12.966 -51.8282
12.966 51.8282
12.967 -51.8338
12.967 51.8338
12.968 -51.8394
12.968 51.8394
12.969 -51.845
12.969 51.845
12.97 -51.8506
12.97 51.8506
12.971 -51.8562
12.971 51.8562
12.972 -51.8619
12.972 51.8619
12.973 -51.8675
12.973 51.8675
12.974 -51.8731
12.974 51.8731
12.975 -51.8787
12.975 51.8787
12.976 -51.8843
12.976 51.8843
12.977 -51.89
12.977 51.89
12.978 -51.8956
12.978 51.8956
12.979 -51.9012
12.979 51.9012
12.98 -51.9068
12.98 51.9068
12.981 -51.9124
12.981 51.9124
12.982 -51.918
12.982 51.918
12.983 -51.9237
12.983 51.9237
12.984 -51.9293
12.984 51.9293
12.985 -51.9349
12.985 51.9349
12.986 -51.9405
12.986 51.9405
12.987 -51.9461
12.987 51.9461
12.988 -51.9518
12.988 51.9518
12.989 -51.9574
12.989 51.9574
12.99 -51.963
12.99 51.963
12.991 -51.9686
12.991 51.9686
12.992 -51.9743
12.992 51.9743
12.993 -51.9799
12.993 51.9799
12.994 -51.9855
12.994 51.9855
12.995 -51.9911
12.995 51.9911
12.996 -51.9967
12.996 51.9967
12.997 -52.0024
12.997 52.0024
12.998 -52.008
12.998 52.008
12.999 -52.0136
12.999 52.0136
13 -52.0192
13 52.0192
13.001 -52.0249
13.001 52.0249
13.002 -52.0305
13.002 52.0305
13.003 -52.0361
13.003 52.0361
13.004 -52.0417
13.004 52.0417
13.005 -52.0473
13.005 52.0473
13.006 -52.053
13.006 52.053
13.007 -52.0586
13.007 52.0586
13.008 -52.0642
13.008 52.0642
13.009 -52.0698
13.009 52.0698
13.01 -52.0755
13.01 52.0755
13.011 -52.0811
13.011 52.0811
13.012 -52.0867
13.012 52.0867
13.013 -52.0923
13.013 52.0923
13.014 -52.098
13.014 52.098
13.015 -52.1036
13.015 52.1036
13.016 -52.1092
13.016 52.1092
13.017 -52.1148
13.017 52.1148
13.018 -52.1205
13.018 52.1205
13.019 -52.1261
13.019 52.1261
13.02 -52.1317
13.02 52.1317
13.021 -52.1374
13.021 52.1374
13.022 -52.143
13.022 52.143
13.023 -52.1486
13.023 52.1486
13.024 -52.1542
13.024 52.1542
13.025 -52.1599
13.025 52.1599
13.026 -52.1655
13.026 52.1655
13.027 -52.1711
13.027 52.1711
13.028 -52.1767
13.028 52.1767
13.029 -52.1824
13.029 52.1824
13.03 -52.188
13.03 52.188
13.031 -52.1936
13.031 52.1936
13.032 -52.1993
13.032 52.1993
13.033 -52.2049
13.033 52.2049
13.034 -52.2105
13.034 52.2105
13.035 -52.2162
13.035 52.2162
13.036 -52.2218
13.036 52.2218
13.037 -52.2274
13.037 52.2274
13.038 -52.233
13.038 52.233
13.039 -52.2387
13.039 52.2387
13.04 -52.2443
13.04 52.2443
13.041 -52.2499
13.041 52.2499
13.042 -52.2556
13.042 52.2556
13.043 -52.2612
13.043 52.2612
13.044 -52.2668
13.044 52.2668
13.045 -52.2725
13.045 52.2725
13.046 -52.2781
13.046 52.2781
13.047 -52.2837
13.047 52.2837
13.048 -52.2894
13.048 52.2894
13.049 -52.295
13.049 52.295
13.05 -52.3006
13.05 52.3006
13.051 -52.3063
13.051 52.3063
13.052 -52.3119
13.052 52.3119
13.053 -52.3175
13.053 52.3175
13.054 -52.3232
13.054 52.3232
13.055 -52.3288
13.055 52.3288
13.056 -52.3344
13.056 52.3344
13.057 -52.3401
13.057 52.3401
13.058 -52.3457
13.058 52.3457
13.059 -52.3513
13.059 52.3513
13.06 -52.357
13.06 52.357
13.061 -52.3626
13.061 52.3626
13.062 -52.3682
13.062 52.3682
13.063 -52.3739
13.063 52.3739
13.064 -52.3795
13.064 52.3795
13.065 -52.3851
13.065 52.3851
13.066 -52.3908
13.066 52.3908
13.067 -52.3964
13.067 52.3964
13.068 -52.402
13.068 52.402
13.069 -52.4077
13.069 52.4077
13.07 -52.4133
13.07 52.4133
13.071 -52.419
13.071 52.419
13.072 -52.4246
13.072 52.4246
13.073 -52.4302
13.073 52.4302
13.074 -52.4359
13.074 52.4359
13.075 -52.4415
13.075 52.4415
13.076 -52.4471
13.076 52.4471
13.077 -52.4528
13.077 52.4528
13.078 -52.4584
13.078 52.4584
13.079 -52.4641
13.079 52.4641
13.08 -52.4697
13.08 52.4697
13.081 -52.4753
13.081 52.4753
13.082 -52.481
13.082 52.481
13.083 -52.4866
13.083 52.4866
13.084 -52.4923
13.084 52.4923
13.085 -52.4979
13.085 52.4979
13.086 -52.5035
13.086 52.5035
13.087 -52.5092
13.087 52.5092
13.088 -52.5148
13.088 52.5148
13.089 -52.5205
13.089 52.5205
13.09 -52.5261
13.09 52.5261
13.091 -52.5317
13.091 52.5317
13.092 -52.5374
13.092 52.5374
13.093 -52.543
13.093 52.543
13.094 -52.5487
13.094 52.5487
13.095 -52.5543
13.095 52.5543
13.096 -52.5599
13.096 52.5599
13.097 -52.5656
13.097 52.5656
13.098 -52.5712
13.098 52.5712
13.099 -52.5769
13.099 52.5769
13.1 -52.5825
13.1 52.5825
13.101 -52.5882
13.101 52.5882
13.102 -52.5938
13.102 52.5938
13.103 -52.5994
13.103 52.5994
13.104 -52.6051
13.104 52.6051
13.105 -52.6107
13.105 52.6107
13.106 -52.6164
13.106 52.6164
13.107 -52.622
13.107 52.622
13.108 -52.6277
13.108 52.6277
13.109 -52.6333
13.109 52.6333
13.11 -52.639
13.11 52.639
13.111 -52.6446
13.111 52.6446
13.112 -52.6502
13.112 52.6502
13.113 -52.6559
13.113 52.6559
13.114 -52.6615
13.114 52.6615
13.115 -52.6672
13.115 52.6672
13.116 -52.6728
13.116 52.6728
13.117 -52.6785
13.117 52.6785
13.118 -52.6841
13.118 52.6841
13.119 -52.6898
13.119 52.6898
13.12 -52.6954
13.12 52.6954
13.121 -52.7011
13.121 52.7011
13.122 -52.7067
13.122 52.7067
13.123 -52.7124
13.123 52.7124
13.124 -52.718
13.124 52.718
13.125 -52.7236
13.125 52.7236
13.126 -52.7293
13.126 52.7293
13.127 -52.7349
13.127 52.7349
13.128 -52.7406
13.128 52.7406
13.129 -52.7462
13.129 52.7462
13.13 -52.7519
13.13 52.7519
13.131 -52.7575
13.131 52.7575
13.132 -52.7632
13.132 52.7632
13.133 -52.7688
13.133 52.7688
13.134 -52.7745
13.134 52.7745
13.135 -52.7801
13.135 52.7801
13.136 -52.7858
13.136 52.7858
13.137 -52.7914
13.137 52.7914
13.138 -52.7971
13.138 52.7971
13.139 -52.8027
13.139 52.8027
13.14 -52.8084
13.14 52.8084
13.141 -52.814
13.141 52.814
13.142 -52.8197
13.142 52.8197
13.143 -52.8253
13.143 52.8253
13.144 -52.831
13.144 52.831
13.145 -52.8366
13.145 52.8366
13.146 -52.8423
13.146 52.8423
13.147 -52.8479
13.147 52.8479
13.148 -52.8536
13.148 52.8536
13.149 -52.8593
13.149 52.8593
13.15 -52.8649
13.15 52.8649
13.151 -52.8706
13.151 52.8706
13.152 -52.8762
13.152 52.8762
13.153 -52.8819
13.153 52.8819
13.154 -52.8875
13.154 52.8875
13.155 -52.8932
13.155 52.8932
13.156 -52.8988
13.156 52.8988
13.157 -52.9045
13.157 52.9045
13.158 -52.9101
13.158 52.9101
13.159 -52.9158
13.159 52.9158
13.16 -52.9214
13.16 52.9214
13.161 -52.9271
13.161 52.9271
13.162 -52.9328
13.162 52.9328
13.163 -52.9384
13.163 52.9384
13.164 -52.9441
13.164 52.9441
13.165 -52.9497
13.165 52.9497
13.166 -52.9554
13.166 52.9554
13.167 -52.961
13.167 52.961
13.168 -52.9667
13.168 52.9667
13.169 -52.9723
13.169 52.9723
13.17 -52.978
13.17 52.978
13.171 -52.9837
13.171 52.9837
13.172 -52.9893
13.172 52.9893
13.173 -52.995
13.173 52.995
13.174 -53.0006
13.174 53.0006
13.175 -53.0063
13.175 53.0063
13.176 -53.0119
13.176 53.0119
13.177 -53.0176
13.177 53.0176
13.178 -53.0233
13.178 53.0233
13.179 -53.0289
13.179 53.0289
13.18 -53.0346
13.18 53.0346
13.181 -53.0402
13.181 53.0402
13.182 -53.0459
13.182 53.0459
13.183 -53.0516
13.183 53.0516
13.184 -53.0572
13.184 53.0572
13.185 -53.0629
13.185 53.0629
13.186 -53.0685
13.186 53.0685
13.187 -53.0742
13.187 53.0742
13.188 -53.0799
13.188 53.0799
13.189 -53.0855
13.189 53.0855
13.19 -53.0912
13.19 53.0912
13.191 -53.0968
13.191 53.0968
13.192 -53.1025
13.192 53.1025
13.193 -53.1082
13.193 53.1082
13.194 -53.1138
13.194 53.1138
13.195 -53.1195
13.195 53.1195
13.196 -53.1251
13.196 53.1251
13.197 -53.1308
13.197 53.1308
13.198 -53.1365
13.198 53.1365
13.199 -53.1421
13.199 53.1421
13.2 -53.1478
13.2 53.1478
13.201 -53.1535
13.201 53.1535
13.202 -53.1591
13.202 53.1591
13.203 -53.1648
13.203 53.1648
13.204 -53.1704
13.204 53.1704
13.205 -53.1761
13.205 53.1761
13.206 -53.1818
13.206 53.1818
13.207 -53.1874
13.207 53.1874
13.208 -53.1931
13.208 53.1931
13.209 -53.1988
13.209 53.1988
13.21 -53.2044
13.21 53.2044
13.211 -53.2101
13.211 53.2101
13.212 -53.2158
13.212 53.2158
13.213 -53.2214
13.213 53.2214
13.214 -53.2271
13.214 53.2271
13.215 -53.2328
13.215 53.2328
13.216 -53.2384
13.216 53.2384
13.217 -53.2441
13.217 53.2441
13.218 -53.2498
13.218 53.2498
13.219 -53.2554
13.219 53.2554
13.22 -53.2611
13.22 53.2611
13.221 -53.2668
13.221 53.2668
13.222 -53.2724
13.222 53.2724
13.223 -53.2781
13.223 53.2781
13.224 -53.2838
13.224 53.2838
13.225 -53.2894
13.225 53.2894
13.226 -53.2951
13.226 53.2951
13.227 -53.3008
13.227 53.3008
13.228 -53.3064
13.228 53.3064
13.229 -53.3121
13.229 53.3121
13.23 -53.3178
13.23 53.3178
13.231 -53.3234
13.231 53.3234
13.232 -53.3291
13.232 53.3291
13.233 -53.3348
13.233 53.3348
13.234 -53.3404
13.234 53.3404
13.235 -53.3461
13.235 53.3461
13.236 -53.3518
13.236 53.3518
13.237 -53.3574
13.237 53.3574
13.238 -53.3631
13.238 53.3631
13.239 -53.3688
13.239 53.3688
13.24 -53.3745
13.24 53.3745
13.241 -53.3801
13.241 53.3801
13.242 -53.3858
13.242 53.3858
13.243 -53.3915
13.243 53.3915
13.244 -53.3971
13.244 53.3971
13.245 -53.4028
13.245 53.4028
13.246 -53.4085
13.246 53.4085
13.247 -53.4142
13.247 53.4142
13.248 -53.4198
13.248 53.4198
13.249 -53.4255
13.249 53.4255
13.25 -53.4312
13.25 53.4312
13.251 -53.4368
13.251 53.4368
13.252 -53.4425
13.252 53.4425
13.253 -53.4482
13.253 53.4482
13.254 -53.4539
13.254 53.4539
13.255 -53.4595
13.255 53.4595
13.256 -53.4652
13.256 53.4652
13.257 -53.4709
13.257 53.4709
13.258 -53.4766
13.258 53.4766
13.259 -53.4822
13.259 53.4822
13.26 -53.4879
13.26 53.4879
13.261 -53.4936
13.261 53.4936
13.262 -53.4993
13.262 53.4993
13.263 -53.5049
13.263 53.5049
13.264 -53.5106
13.264 53.5106
13.265 -53.5163
13.265 53.5163
13.266 -53.522
13.266 53.522
13.267 -53.5276
13.267 53.5276
13.268 -53.5333
13.268 53.5333
13.269 -53.539
13.269 53.539
13.27 -53.5447
13.27 53.5447
13.271 -53.5503
13.271 53.5503
13.272 -53.556
13.272 53.556
13.273 -53.5617
13.273 53.5617
13.274 -53.5674
13.274 53.5674
13.275 -53.5731
13.275 53.5731
13.276 -53.5787
13.276 53.5787
13.277 -53.5844
13.277 53.5844
13.278 -53.5901
13.278 53.5901
13.279 -53.5958
13.279 53.5958
13.28 -53.6014
13.28 53.6014
13.281 -53.6071
13.281 53.6071
13.282 -53.6128
13.282 53.6128
13.283 -53.6185
13.283 53.6185
13.284 -53.6242
13.284 53.6242
13.285 -53.6298
13.285 53.6298
13.286 -53.6355
13.286 53.6355
13.287 -53.6412
13.287 53.6412
13.288 -53.6469
13.288 53.6469
13.289 -53.6526
13.289 53.6526
13.29 -53.6582
13.29 53.6582
13.291 -53.6639
13.291 53.6639
13.292 -53.6696
13.292 53.6696
13.293 -53.6753
13.293 53.6753
13.294 -53.681
13.294 53.681
13.295 -53.6866
13.295 53.6866
13.296 -53.6923
13.296 53.6923
13.297 -53.698
13.297 53.698
13.298 -53.7037
13.298 53.7037
13.299 -53.7094
13.299 53.7094
13.3 -53.7151
13.3 53.7151
13.301 -53.7207
13.301 53.7207
13.302 -53.7264
13.302 53.7264
13.303 -53.7321
13.303 53.7321
13.304 -53.7378
13.304 53.7378
13.305 -53.7435
13.305 53.7435
13.306 -53.7492
13.306 53.7492
13.307 -53.7548
13.307 53.7548
13.308 -53.7605
13.308 53.7605
13.309 -53.7662
13.309 53.7662
13.31 -53.7719
13.31 53.7719
13.311 -53.7776
13.311 53.7776
13.312 -53.7833
13.312 53.7833
13.313 -53.7889
13.313 53.7889
13.314 -53.7946
13.314 53.7946
13.315 -53.8003
13.315 53.8003
13.316 -53.806
13.316 53.806
13.317 -53.8117
13.317 53.8117
13.318 -53.8174
13.318 53.8174
13.319 -53.8231
13.319 53.8231
13.32 -53.8287
13.32 53.8287
13.321 -53.8344
13.321 53.8344
13.322 -53.8401
13.322 53.8401
13.323 -53.8458
13.323 53.8458
13.324 -53.8515
13.324 53.8515
13.325 -53.8572
13.325 53.8572
13.326 -53.8629
13.326 53.8629
13.327 -53.8686
13.327 53.8686
13.328 -53.8742
13.328 53.8742
13.329 -53.8799
13.329 53.8799
13.33 -53.8856
13.33 53.8856
13.331 -53.8913
13.331 53.8913
13.332 -53.897
13.332 53.897
13.333 -53.9027
13.333 53.9027
13.334 -53.9084
13.334 53.9084
13.335 -53.9141
13.335 53.9141
13.336 -53.9198
13.336 53.9198
13.337 -53.9254
13.337 53.9254
13.338 -53.9311
13.338 53.9311
13.339 -53.9368
13.339 53.9368
13.34 -53.9425
13.34 53.9425
13.341 -53.9482
13.341 53.9482
13.342 -53.9539
13.342 53.9539
13.343 -53.9596
13.343 53.9596
13.344 -53.9653
13.344 53.9653
13.345 -53.971
13.345 53.971
13.346 -53.9767
13.346 53.9767
13.347 -53.9823
13.347 53.9823
13.348 -53.988
13.348 53.988
13.349 -53.9937
13.349 53.9937
13.35 -53.9994
13.35 53.9994
13.351 -54.0051
13.351 54.0051
13.352 -54.0108
13.352 54.0108
13.353 -54.0165
13.353 54.0165
13.354 -54.0222
13.354 54.0222
13.355 -54.0279
13.355 54.0279
13.356 -54.0336
13.356 54.0336
13.357 -54.0393
13.357 54.0393
13.358 -54.045
13.358 54.045
13.359 -54.0507
13.359 54.0507
13.36 -54.0564
13.36 54.0564
13.361 -54.0621
13.361 54.0621
13.362 -54.0677
13.362 54.0677
13.363 -54.0734
13.363 54.0734
13.364 -54.0791
13.364 54.0791
13.365 -54.0848
13.365 54.0848
13.366 -54.0905
13.366 54.0905
13.367 -54.0962
13.367 54.0962
13.368 -54.1019
13.368 54.1019
13.369 -54.1076
13.369 54.1076
13.37 -54.1133
13.37 54.1133
13.371 -54.119
13.371 54.119
13.372 -54.1247
13.372 54.1247
13.373 -54.1304
13.373 54.1304
13.374 -54.1361
13.374 54.1361
13.375 -54.1418
13.375 54.1418
13.376 -54.1475
13.376 54.1475
13.377 -54.1532
13.377 54.1532
13.378 -54.1589
13.378 54.1589
13.379 -54.1646
13.379 54.1646
13.38 -54.1703
13.38 54.1703
13.381 -54.176
13.381 54.176
13.382 -54.1817
13.382 54.1817
13.383 -54.1874
13.383 54.1874
13.384 -54.1931
13.384 54.1931
13.385 -54.1988
13.385 54.1988
13.386 -54.2045
13.386 54.2045
13.387 -54.2102
13.387 54.2102
13.388 -54.2159
13.388 54.2159
13.389 -54.2216
13.389 54.2216
13.39 -54.2273
13.39 54.2273
13.391 -54.233
13.391 54.233
13.392 -54.2387
13.392 54.2387
13.393 -54.2444
13.393 54.2444
13.394 -54.2501
13.394 54.2501
13.395 -54.2558
13.395 54.2558
13.396 -54.2615
13.396 54.2615
13.397 -54.2672
13.397 54.2672
13.398 -54.2729
13.398 54.2729
13.399 -54.2786
13.399 54.2786
13.4 -54.2843
13.4 54.2843
13.401 -54.29
13.401 54.29
13.402 -54.2957
13.402 54.2957
13.403 -54.3014
13.403 54.3014
13.404 -54.3071
13.404 54.3071
13.405 -54.3128
13.405 54.3128
13.406 -54.3185
13.406 54.3185
13.407 -54.3242
13.407 54.3242
13.408 -54.3299
13.408 54.3299
13.409 -54.3356
13.409 54.3356
13.41 -54.3413
13.41 54.3413
13.411 -54.347
13.411 54.347
13.412 -54.3527
13.412 54.3527
13.413 -54.3584
13.413 54.3584
13.414 -54.3641
13.414 54.3641
13.415 -54.3698
13.415 54.3698
13.416 -54.3755
13.416 54.3755
13.417 -54.3813
13.417 54.3813
13.418 -54.387
13.418 54.387
13.419 -54.3927
13.419 54.3927
13.42 -54.3984
13.42 54.3984
13.421 -54.4041
13.421 54.4041
13.422 -54.4098
13.422 54.4098
13.423 -54.4155
13.423 54.4155
13.424 -54.4212
13.424 54.4212
13.425 -54.4269
13.425 54.4269
13.426 -54.4326
13.426 54.4326
13.427 -54.4383
13.427 54.4383
13.428 -54.444
13.428 54.444
13.429 -54.4497
13.429 54.4497
13.43 -54.4554
13.43 54.4554
13.431 -54.4612
13.431 54.4612
13.432 -54.4669
13.432 54.4669
13.433 -54.4726
13.433 54.4726
13.434 -54.4783
13.434 54.4783
13.435 -54.484
13.435 54.484
13.436 -54.4897
13.436 54.4897
13.437 -54.4954
13.437 54.4954
13.438 -54.5011
13.438 54.5011
13.439 -54.5068
13.439 54.5068
13.44 -54.5125
13.44 54.5125
13.441 -54.5182
13.441 54.5182
13.442 -54.524
13.442 54.524
13.443 -54.5297
13.443 54.5297
13.444 -54.5354
13.444 54.5354
13.445 -54.5411
13.445 54.5411
13.446 -54.5468
13.446 54.5468
13.447 -54.5525
13.447 54.5525
13.448 -54.5582
13.448 54.5582
13.449 -54.5639
13.449 54.5639
13.45 -54.5696
13.45 54.5696
13.451 -54.5754
13.451 54.5754
13.452 -54.5811
13.452 54.5811
13.453 -54.5868
13.453 54.5868
13.454 -54.5925
13.454 54.5925
13.455 -54.5982
13.455 54.5982
13.456 -54.6039
13.456 54.6039
13.457 -54.6096
13.457 54.6096
13.458 -54.6153
13.458 54.6153
13.459 -54.6211
13.459 54.6211
13.46 -54.6268
13.46 54.6268
13.461 -54.6325
13.461 54.6325
13.462 -54.6382
13.462 54.6382
13.463 -54.6439
13.463 54.6439
13.464 -54.6496
13.464 54.6496
13.465 -54.6553
13.465 54.6553
13.466 -54.6611
13.466 54.6611
13.467 -54.6668
13.467 54.6668
13.468 -54.6725
13.468 54.6725
13.469 -54.6782
13.469 54.6782
13.47 -54.6839
13.47 54.6839
13.471 -54.6896
13.471 54.6896
13.472 -54.6954
13.472 54.6954
13.473 -54.7011
13.473 54.7011
13.474 -54.7068
13.474 54.7068
13.475 -54.7125
13.475 54.7125
13.476 -54.7182
13.476 54.7182
13.477 -54.7239
13.477 54.7239
13.478 -54.7297
13.478 54.7297
13.479 -54.7354
13.479 54.7354
13.48 -54.7411
13.48 54.7411
13.481 -54.7468
13.481 54.7468
13.482 -54.7525
13.482 54.7525
13.483 -54.7582
13.483 54.7582
13.484 -54.764
13.484 54.764
13.485 -54.7697
13.485 54.7697
13.486 -54.7754
13.486 54.7754
13.487 -54.7811
13.487 54.7811
13.488 -54.7868
13.488 54.7868
13.489 -54.7926
13.489 54.7926
13.49 -54.7983
13.49 54.7983
13.491 -54.804
13.491 54.804
13.492 -54.8097
13.492 54.8097
13.493 -54.8154
13.493 54.8154
13.494 -54.8212
13.494 54.8212
13.495 -54.8269
13.495 54.8269
13.496 -54.8326
13.496 54.8326
13.497 -54.8383
13.497 54.8383
13.498 -54.844
13.498 54.844
13.499 -54.8498
13.499 54.8498
13.5 -54.8555
13.5 54.8555
13.501 -54.8612
13.501 54.8612
13.502 -54.8669
13.502 54.8669
13.503 -54.8727
13.503 54.8727
13.504 -54.8784
13.504 54.8784
13.505 -54.8841
13.505 54.8841
13.506 -54.8898
13.506 54.8898
13.507 -54.8955
13.507 54.8955
13.508 -54.9013
13.508 54.9013
13.509 -54.907
13.509 54.907
13.51 -54.9127
13.51 54.9127
13.511 -54.9184
13.511 54.9184
13.512 -54.9242
13.512 54.9242
13.513 -54.9299
13.513 54.9299
13.514 -54.9356
13.514 54.9356
13.515 -54.9413
13.515 54.9413
13.516 -54.9471
13.516 54.9471
13.517 -54.9528
13.517 54.9528
13.518 -54.9585
13.518 54.9585
13.519 -54.9642
13.519 54.9642
13.52 -54.97
13.52 54.97
13.521 -54.9757
13.521 54.9757
13.522 -54.9814
13.522 54.9814
13.523 -54.9871
13.523 54.9871
13.524 -54.9929
13.524 54.9929
13.525 -54.9986
13.525 54.9986
13.526 -55.0043
13.526 55.0043
13.527 -55.0101
13.527 55.0101
13.528 -55.0158
13.528 55.0158
13.529 -55.0215
13.529 55.0215
13.53 -55.0272
13.53 55.0272
13.531 -55.033
13.531 55.033
13.532 -55.0387
13.532 55.0387
13.533 -55.0444
13.533 55.0444
13.534 -55.0501
13.534 55.0501
13.535 -55.0559
13.535 55.0559
13.536 -55.0616
13.536 55.0616
13.537 -55.0673
13.537 55.0673
13.538 -55.0731
13.538 55.0731
13.539 -55.0788
13.539 55.0788
13.54 -55.0845
13.54 55.0845
13.541 -55.0903
13.541 55.0903
13.542 -55.096
13.542 55.096
13.543 -55.1017
13.543 55.1017
13.544 -55.1074
13.544 55.1074
13.545 -55.1132
13.545 55.1132
13.546 -55.1189
13.546 55.1189
13.547 -55.1246
13.547 55.1246
13.548 -55.1304
13.548 55.1304
13.549 -55.1361
13.549 55.1361
13.55 -55.1418
13.55 55.1418
13.551 -55.1476
13.551 55.1476
13.552 -55.1533
13.552 55.1533
13.553 -55.159
13.553 55.159
13.554 -55.1648
13.554 55.1648
13.555 -55.1705
13.555 55.1705
13.556 -55.1762
13.556 55.1762
13.557 -55.182
13.557 55.182
13.558 -55.1877
13.558 55.1877
13.559 -55.1934
13.559 55.1934
13.56 -55.1992
13.56 55.1992
13.561 -55.2049
13.561 55.2049
13.562 -55.2106
13.562 55.2106
13.563 -55.2164
13.563 55.2164
13.564 -55.2221
13.564 55.2221
13.565 -55.2278
13.565 55.2278
13.566 -55.2336
13.566 55.2336
13.567 -55.2393
13.567 55.2393
13.568 -55.245
13.568 55.245
13.569 -55.2508
13.569 55.2508
13.57 -55.2565
13.57 55.2565
13.571 -55.2622
13.571 55.2622
13.572 -55.268
13.572 55.268
13.573 -55.2737
13.573 55.2737
13.574 -55.2794
13.574 55.2794
13.575 -55.2852
13.575 55.2852
13.576 -55.2909
13.576 55.2909
13.577 -55.2967
13.577 55.2967
13.578 -55.3024
13.578 55.3024
13.579 -55.3081
13.579 55.3081
13.58 -55.3139
13.58 55.3139
13.581 -55.3196
13.581 55.3196
13.582 -55.3253
13.582 55.3253
13.583 -55.3311
13.583 55.3311
13.584 -55.3368
13.584 55.3368
13.585 -55.3426
13.585 55.3426
13.586 -55.3483
13.586 55.3483
13.587 -55.354
13.587 55.354
13.588 -55.3598
13.588 55.3598
13.589 -55.3655
13.589 55.3655
13.59 -55.3713
13.59 55.3713
13.591 -55.377
13.591 55.377
13.592 -55.3827
13.592 55.3827
13.593 -55.3885
13.593 55.3885
13.594 -55.3942
13.594 55.3942
13.595 -55.4
13.595 55.4
13.596 -55.4057
13.596 55.4057
13.597 -55.4114
13.597 55.4114
13.598 -55.4172
13.598 55.4172
13.599 -55.4229
13.599 55.4229
13.6 -55.4287
13.6 55.4287
13.601 -55.4344
13.601 55.4344
13.602 -55.4401
13.602 55.4401
13.603 -55.4459
13.603 55.4459
13.604 -55.4516
13.604 55.4516
13.605 -55.4574
13.605 55.4574
13.606 -55.4631
13.606 55.4631
13.607 -55.4689
13.607 55.4689
13.608 -55.4746
13.608 55.4746
13.609 -55.4803
13.609 55.4803
13.61 -55.4861
13.61 55.4861
13.611 -55.4918
13.611 55.4918
13.612 -55.4976
13.612 55.4976
13.613 -55.5033
13.613 55.5033
13.614 -55.5091
13.614 55.5091
13.615 -55.5148
13.615 55.5148
13.616 -55.5205
13.616 55.5205
13.617 -55.5263
13.617 55.5263
13.618 -55.532
13.618 55.532
13.619 -55.5378
13.619 55.5378
13.62 -55.5435
13.62 55.5435
13.621 -55.5493
13.621 55.5493
13.622 -55.555
13.622 55.555
13.623 -55.5608
13.623 55.5608
13.624 -55.5665
13.624 55.5665
13.625 -55.5723
13.625 55.5723
13.626 -55.578
13.626 55.578
13.627 -55.5837
13.627 55.5837
13.628 -55.5895
13.628 55.5895
13.629 -55.5952
13.629 55.5952
13.63 -55.601
13.63 55.601
13.631 -55.6067
13.631 55.6067
13.632 -55.6125
13.632 55.6125
13.633 -55.6182
13.633 55.6182
13.634 -55.624
13.634 55.624
13.635 -55.6297
13.635 55.6297
13.636 -55.6355
13.636 55.6355
13.637 -55.6412
13.637 55.6412
13.638 -55.647
13.638 55.647
13.639 -55.6527
13.639 55.6527
13.64 -55.6585
13.64 55.6585
13.641 -55.6642
13.641 55.6642
13.642 -55.67
13.642 55.67
13.643 -55.6757
13.643 55.6757
13.644 -55.6815
13.644 55.6815
13.645 -55.6872
13.645 55.6872
13.646 -55.693
13.646 55.693
13.647 -55.6987
13.647 55.6987
13.648 -55.7045
13.648 55.7045
13.649 -55.7102
13.649 55.7102
13.65 -55.716
13.65 55.716
13.651 -55.7217
13.651 55.7217
13.652 -55.7275
13.652 55.7275
13.653 -55.7332
13.653 55.7332
13.654 -55.739
13.654 55.739
13.655 -55.7447
13.655 55.7447
13.656 -55.7505
13.656 55.7505
13.657 -55.7562
13.657 55.7562
13.658 -55.762
13.658 55.762
13.659 -55.7677
13.659 55.7677
13.66 -55.7735
13.66 55.7735
13.661 -55.7792
13.661 55.7792
13.662 -55.785
13.662 55.785
13.663 -55.7908
13.663 55.7908
13.664 -55.7965
13.664 55.7965
13.665 -55.8023
13.665 55.8023
13.666 -55.808
13.666 55.808
13.667 -55.8138
13.667 55.8138
13.668 -55.8195
13.668 55.8195
13.669 -55.8253
13.669 55.8253
13.67 -55.831
13.67 55.831
13.671 -55.8368
13.671 55.8368
13.672 -55.8425
13.672 55.8425
13.673 -55.8483
13.673 55.8483
13.674 -55.8541
13.674 55.8541
13.675 -55.8598
13.675 55.8598
13.676 -55.8656
13.676 55.8656
13.677 -55.8713
13.677 55.8713
13.678 -55.8771
13.678 55.8771
13.679 -55.8828
13.679 55.8828
13.68 -55.8886
13.68 55.8886
13.681 -55.8944
13.681 55.8944
13.682 -55.9001
13.682 55.9001
13.683 -55.9059
13.683 55.9059
13.684 -55.9116
13.684 55.9116
13.685 -55.9174
13.685 55.9174
13.686 -55.9231
13.686 55.9231
13.687 -55.9289
13.687 55.9289
13.688 -55.9347
13.688 55.9347
13.689 -55.9404
13.689 55.9404
13.69 -55.9462
13.69 55.9462
13.691 -55.9519
13.691 55.9519
13.692 -55.9577
13.692 55.9577
13.693 -55.9635
13.693 55.9635
13.694 -55.9692
13.694 55.9692
13.695 -55.975
13.695 55.975
13.696 -55.9807
13.696 55.9807
13.697 -55.9865
13.697 55.9865
13.698 -55.9923
13.698 55.9923
13.699 -55.998
13.699 55.998
13.7 -56.0038
13.7 56.0038
13.701 -56.0095
13.701 56.0095
13.702 -56.0153
13.702 56.0153
13.703 -56.0211
13.703 56.0211
13.704 -56.0268
13.704 56.0268
13.705 -56.0326
13.705 56.0326
13.706 -56.0383
13.706 56.0383
13.707 -56.0441
13.707 56.0441
13.708 -56.0499
13.708 56.0499
13.709 -56.0556
13.709 56.0556
13.71 -56.0614
13.71 56.0614
13.711 -56.0672
13.711 56.0672
13.712 -56.0729
13.712 56.0729
13.713 -56.0787
13.713 56.0787
13.714 -56.0844
13.714 56.0844
13.715 -56.0902
13.715 56.0902
13.716 -56.096
13.716 56.096
13.717 -56.1017
13.717 56.1017
13.718 -56.1075
13.718 56.1075
13.719 -56.1133
13.719 56.1133
13.72 -56.119
13.72 56.119
13.721 -56.1248
13.721 56.1248
13.722 -56.1306
13.722 56.1306
13.723 -56.1363
13.723 56.1363
13.724 -56.1421
13.724 56.1421
13.725 -56.1479
13.725 56.1479
13.726 -56.1536
13.726 56.1536
13.727 -56.1594
13.727 56.1594
13.728 -56.1652
13.728 56.1652
13.729 -56.1709
13.729 56.1709
13.73 -56.1767
13.73 56.1767
13.731 -56.1825
13.731 56.1825
13.732 -56.1882
13.732 56.1882
13.733 -56.194
13.733 56.194
13.734 -56.1998
13.734 56.1998
13.735 -56.2055
13.735 56.2055
13.736 -56.2113
13.736 56.2113
13.737 -56.2171
13.737 56.2171
13.738 -56.2228
13.738 56.2228
13.739 -56.2286
13.739 56.2286
13.74 -56.2344
13.74 56.2344
13.741 -56.2401
13.741 56.2401
13.742 -56.2459
13.742 56.2459
13.743 -56.2517
13.743 56.2517
13.744 -56.2574
13.744 56.2574
13.745 -56.2632
13.745 56.2632
13.746 -56.269
13.746 56.269
13.747 -56.2748
13.747 56.2748
13.748 -56.2805
13.748 56.2805
13.749 -56.2863
13.749 56.2863
13.75 -56.2921
13.75 56.2921
13.751 -56.2978
13.751 56.2978
13.752 -56.3036
13.752 56.3036
13.753 -56.3094
13.753 56.3094
13.754 -56.3152
13.754 56.3152
13.755 -56.3209
13.755 56.3209
13.756 -56.3267
13.756 56.3267
13.757 -56.3325
13.757 56.3325
13.758 -56.3382
13.758 56.3382
13.759 -56.344
13.759 56.344
13.76 -56.3498
13.76 56.3498
13.761 -56.3556
13.761 56.3556
13.762 -56.3613
13.762 56.3613
13.763 -56.3671
13.763 56.3671
13.764 -56.3729
13.764 56.3729
13.765 -56.3786
13.765 56.3786
13.766 -56.3844
13.766 56.3844
13.767 -56.3902
13.767 56.3902
13.768 -56.396
13.768 56.396
13.769 -56.4017
13.769 56.4017
13.77 -56.4075
13.77 56.4075
13.771 -56.4133
13.771 56.4133
13.772 -56.4191
13.772 56.4191
13.773 -56.4248
13.773 56.4248
13.774 -56.4306
13.774 56.4306
13.775 -56.4364
13.775 56.4364
13.776 -56.4422
13.776 56.4422
13.777 -56.4479
13.777 56.4479
13.778 -56.4537
13.778 56.4537
13.779 -56.4595
13.779 56.4595
13.78 -56.4653
13.78 56.4653
13.781 -56.4711
13.781 56.4711
13.782 -56.4768
13.782 56.4768
13.783 -56.4826
13.783 56.4826
13.784 -56.4884
13.784 56.4884
13.785 -56.4942
13.785 56.4942
13.786 -56.4999
13.786 56.4999
13.787 -56.5057
13.787 56.5057
13.788 -56.5115
13.788 56.5115
13.789 -56.5173
13.789 56.5173
13.79 -56.5231
13.79 56.5231
13.791 -56.5288
13.791 56.5288
13.792 -56.5346
13.792 56.5346
13.793 -56.5404
13.793 56.5404
13.794 -56.5462
13.794 56.5462
13.795 -56.5519
13.795 56.5519
13.796 -56.5577
13.796 56.5577
13.797 -56.5635
13.797 56.5635
13.798 -56.5693
13.798 56.5693
13.799 -56.5751
13.799 56.5751
13.8 -56.5808
13.8 56.5808
13.801 -56.5866
13.801 56.5866
13.802 -56.5924
13.802 56.5924
13.803 -56.5982
13.803 56.5982
13.804 -56.604
13.804 56.604
13.805 -56.6097
13.805 56.6097
13.806 -56.6155
13.806 56.6155
13.807 -56.6213
13.807 56.6213
13.808 -56.6271
13.808 56.6271
13.809 -56.6329
13.809 56.6329
13.81 -56.6387
13.81 56.6387
13.811 -56.6444
13.811 56.6444
13.812 -56.6502
13.812 56.6502
13.813 -56.656
13.813 56.656
13.814 -56.6618
13.814 56.6618
13.815 -56.6676
13.815 56.6676
13.816 -56.6734
13.816 56.6734
13.817 -56.6791
13.817 56.6791
13.818 -56.6849
13.818 56.6849
13.819 -56.6907
13.819 56.6907
13.82 -56.6965
13.82 56.6965
13.821 -56.7023
13.821 56.7023
13.822 -56.7081
13.822 56.7081
13.823 -56.7138
13.823 56.7138
13.824 -56.7196
13.824 56.7196
13.825 -56.7254
13.825 56.7254
13.826 -56.7312
13.826 56.7312
13.827 -56.737
13.827 56.737
13.828 -56.7428
13.828 56.7428
13.829 -56.7486
13.829 56.7486
13.83 -56.7543
13.83 56.7543
13.831 -56.7601
13.831 56.7601
13.832 -56.7659
13.832 56.7659
13.833 -56.7717
13.833 56.7717
13.834 -56.7775
13.834 56.7775
13.835 -56.7833
13.835 56.7833
13.836 -56.7891
13.836 56.7891
13.837 -56.7949
13.837 56.7949
13.838 -56.8006
13.838 56.8006
13.839 -56.8064
13.839 56.8064
13.84 -56.8122
13.84 56.8122
13.841 -56.818
13.841 56.818
13.842 -56.8238
13.842 56.8238
13.843 -56.8296
13.843 56.8296
13.844 -56.8354
13.844 56.8354
13.845 -56.8412
13.845 56.8412
13.846 -56.8469
13.846 56.8469
13.847 -56.8527
13.847 56.8527
13.848 -56.8585
13.848 56.8585
13.849 -56.8643
13.849 56.8643
13.85 -56.8701
13.85 56.8701
13.851 -56.8759
13.851 56.8759
13.852 -56.8817
13.852 56.8817
13.853 -56.8875
13.853 56.8875
13.854 -56.8933
13.854 56.8933
13.855 -56.8991
13.855 56.8991
13.856 -56.9049
13.856 56.9049
13.857 -56.9106
13.857 56.9106
13.858 -56.9164
13.858 56.9164
13.859 -56.9222
13.859 56.9222
13.86 -56.928
13.86 56.928
13.861 -56.9338
13.861 56.9338
13.862 -56.9396
13.862 56.9396
13.863 -56.9454
13.863 56.9454
13.864 -56.9512
13.864 56.9512
13.865 -56.957
13.865 56.957
13.866 -56.9628
13.866 56.9628
13.867 -56.9686
13.867 56.9686
13.868 -56.9744
13.868 56.9744
13.869 -56.9802
13.869 56.9802
13.87 -56.9859
13.87 56.9859
13.871 -56.9917
13.871 56.9917
13.872 -56.9975
13.872 56.9975
13.873 -57.0033
13.873 57.0033
13.874 -57.0091
13.874 57.0091
13.875 -57.0149
13.875 57.0149
13.876 -57.0207
13.876 57.0207
13.877 -57.0265
13.877 57.0265
13.878 -57.0323
13.878 57.0323
13.879 -57.0381
13.879 57.0381
13.88 -57.0439
13.88 57.0439
13.881 -57.0497
13.881 57.0497
13.882 -57.0555
13.882 57.0555
13.883 -57.0613
13.883 57.0613
13.884 -57.0671
13.884 57.0671
13.885 -57.0729
13.885 57.0729
13.886 -57.0787
13.886 57.0787
13.887 -57.0845
13.887 57.0845
13.888 -57.0903
13.888 57.0903
13.889 -57.0961
13.889 57.0961
13.89 -57.1019
13.89 57.1019
13.891 -57.1077
13.891 57.1077
13.892 -57.1135
13.892 57.1135
13.893 -57.1193
13.893 57.1193
13.894 -57.1251
13.894 57.1251
13.895 -57.1309
13.895 57.1309
13.896 -57.1367
13.896 57.1367
13.897 -57.1425
13.897 57.1425
13.898 -57.1483
13.898 57.1483
13.899 -57.1541
13.899 57.1541
13.9 -57.1599
13.9 57.1599
13.901 -57.1657
13.901 57.1657
13.902 -57.1715
13.902 57.1715
13.903 -57.1773
13.903 57.1773
13.904 -57.1831
13.904 57.1831
13.905 -57.1889
13.905 57.1889
13.906 -57.1947
13.906 57.1947
13.907 -57.2005
13.907 57.2005
13.908 -57.2063
13.908 57.2063
13.909 -57.2121
13.909 57.2121
13.91 -57.2179
13.91 57.2179
13.911 -57.2237
13.911 57.2237
13.912 -57.2295
13.912 57.2295
13.913 -57.2353
13.913 57.2353
13.914 -57.2411
13.914 57.2411
13.915 -57.2469
13.915 57.2469
13.916 -57.2527
13.916 57.2527
13.917 -57.2585
13.917 57.2585
13.918 -57.2643
13.918 57.2643
13.919 -57.2701
13.919 57.2701
13.92 -57.2759
13.92 57.2759
13.921 -57.2817
13.921 57.2817
13.922 -57.2875
13.922 57.2875
13.923 -57.2933
13.923 57.2933
13.924 -57.2991
13.924 57.2991
13.925 -57.3049
13.925 57.3049
13.926 -57.3107
13.926 57.3107
13.927 -57.3165
13.927 57.3165
13.928 -57.3223
13.928 57.3223
13.929 -57.3281
13.929 57.3281
13.93 -57.3339
13.93 57.3339
13.931 -57.3397
13.931 57.3397
13.932 -57.3455
13.932 57.3455
13.933 -57.3514
13.933 57.3514
13.934 -57.3572
13.934 57.3572
13.935 -57.363
13.935 57.363
13.936 -57.3688
13.936 57.3688
13.937 -57.3746
13.937 57.3746
13.938 -57.3804
13.938 57.3804
13.939 -57.3862
13.939 57.3862
13.94 -57.392
13.94 57.392
13.941 -57.3978
13.941 57.3978
13.942 -57.4036
13.942 57.4036
13.943 -57.4094
13.943 57.4094
13.944 -57.4152
13.944 57.4152
13.945 -57.421
13.945 57.421
13.946 -57.4268
13.946 57.4268
13.947 -57.4327
13.947 57.4327
13.948 -57.4385
13.948 57.4385
13.949 -57.4443
13.949 57.4443
13.95 -57.4501
13.95 57.4501
13.951 -57.4559
13.951 57.4559
13.952 -57.4617
13.952 57.4617
13.953 -57.4675
13.953 57.4675
13.954 -57.4733
13.954 57.4733
13.955 -57.4791
13.955 57.4791
13.956 -57.4849
13.956 57.4849
13.957 -57.4908
13.957 57.4908
13.958 -57.4966
13.958 57.4966
13.959 -57.5024
13.959 57.5024
13.96 -57.5082
13.96 57.5082
13.961 -57.514
13.961 57.514
13.962 -57.5198
13.962 57.5198
13.963 -57.5256
13.963 57.5256
13.964 -57.5314
13.964 57.5314
13.965 -57.5372
13.965 57.5372
13.966 -57.5431
13.966 57.5431
13.967 -57.5489
13.967 57.5489
13.968 -57.5547
13.968 57.5547
13.969 -57.5605
13.969 57.5605
13.97 -57.5663
13.97 57.5663
13.971 -57.5721
13.971 57.5721
13.972 -57.5779
13.972 57.5779
13.973 -57.5838
13.973 57.5838
13.974 -57.5896
13.974 57.5896
13.975 -57.5954
13.975 57.5954
13.976 -57.6012
13.976 57.6012
13.977 -57.607
13.977 57.607
13.978 -57.6128
13.978 57.6128
13.979 -57.6186
13.979 57.6186
13.98 -57.6245
13.98 57.6245
13.981 -57.6303
13.981 57.6303
13.982 -57.6361
13.982 57.6361
13.983 -57.6419
13.983 57.6419
13.984 -57.6477
13.984 57.6477
13.985 -57.6535
13.985 57.6535
13.986 -57.6594
13.986 57.6594
13.987 -57.6652
13.987 57.6652
13.988 -57.671
13.988 57.671
13.989 -57.6768
13.989 57.6768
13.99 -57.6826
13.99 57.6826
13.991 -57.6884
13.991 57.6884
13.992 -57.6943
13.992 57.6943
13.993 -57.7001
13.993 57.7001
13.994 -57.7059
13.994 57.7059
13.995 -57.7117
13.995 57.7117
13.996 -57.7175
13.996 57.7175
13.997 -57.7233
13.997 57.7233
13.998 -57.7292
13.998 57.7292
13.999 -57.735
13.999 57.735
14 -57.7408
14 57.7408
14.001 -57.7466
14.001 57.7466
14.002 -57.7524
14.002 57.7524
14.003 -57.7583
14.003 57.7583
14.004 -57.7641
14.004 57.7641
14.005 -57.7699
14.005 57.7699
14.006 -57.7757
14.006 57.7757
14.007 -57.7815
14.007 57.7815
14.008 -57.7874
14.008 57.7874
14.009 -57.7932
14.009 57.7932
14.01 -57.799
14.01 57.799
14.011 -57.8048
14.011 57.8048
14.012 -57.8106
14.012 57.8106
14.013 -57.8165
14.013 57.8165
14.014 -57.8223
14.014 57.8223
14.015 -57.8281
14.015 57.8281
14.016 -57.8339
14.016 57.8339
14.017 -57.8398
14.017 57.8398
14.018 -57.8456
14.018 57.8456
14.019 -57.8514
14.019 57.8514
14.02 -57.8572
14.02 57.8572
14.021 -57.863
14.021 57.863
14.022 -57.8689
14.022 57.8689
14.023 -57.8747
14.023 57.8747
14.024 -57.8805
14.024 57.8805
14.025 -57.8863
14.025 57.8863
14.026 -57.8922
14.026 57.8922
14.027 -57.898
14.027 57.898
14.028 -57.9038
14.028 57.9038
14.029 -57.9096
14.029 57.9096
14.03 -57.9155
14.03 57.9155
14.031 -57.9213
14.031 57.9213
14.032 -57.9271
14.032 57.9271
14.033 -57.9329
14.033 57.9329
14.034 -57.9388
14.034 57.9388
14.035 -57.9446
14.035 57.9446
14.036 -57.9504
14.036 57.9504
14.037 -57.9562
14.037 57.9562
14.038 -57.9621
14.038 57.9621
14.039 -57.9679
14.039 57.9679
14.04 -57.9737
14.04 57.9737
14.041 -57.9795
14.041 57.9795
14.042 -57.9854
14.042 57.9854
14.043 -57.9912
14.043 57.9912
14.044 -57.997
14.044 57.997
14.045 -58.0029
14.045 58.0029
14.046 -58.0087
14.046 58.0087
14.047 -58.0145
14.047 58.0145
14.048 -58.0203
14.048 58.0203
14.049 -58.0262
14.049 58.0262
14.05 -58.032
14.05 58.032
14.051 -58.0378
14.051 58.0378
14.052 -58.0437
14.052 58.0437
14.053 -58.0495
14.053 58.0495
14.054 -58.0553
14.054 58.0553
14.055 -58.0611
14.055 58.0611
14.056 -58.067
14.056 58.067
14.057 -58.0728
14.057 58.0728
14.058 -58.0786
14.058 58.0786
14.059 -58.0845
14.059 58.0845
14.06 -58.0903
14.06 58.0903
14.061 -58.0961
14.061 58.0961
14.062 -58.102
14.062 58.102
14.063 -58.1078
14.063 58.1078
14.064 -58.1136
14.064 58.1136
14.065 -58.1194
14.065 58.1194
14.066 -58.1253
14.066 58.1253
14.067 -58.1311
14.067 58.1311
14.068 -58.1369
14.068 58.1369
14.069 -58.1428
14.069 58.1428
14.07 -58.1486
14.07 58.1486
14.071 -58.1544
14.071 58.1544
14.072 -58.1603
14.072 58.1603
14.073 -58.1661
14.073 58.1661
14.074 -58.1719
14.074 58.1719
14.075 -58.1778
14.075 58.1778
14.076 -58.1836
14.076 58.1836
14.077 -58.1894
14.077 58.1894
14.078 -58.1953
14.078 58.1953
14.079 -58.2011
14.079 58.2011
14.08 -58.2069
14.08 58.2069
14.081 -58.2128
14.081 58.2128
14.082 -58.2186
14.082 58.2186
14.083 -58.2244
14.083 58.2244
14.084 -58.2303
14.084 58.2303
14.085 -58.2361
14.085 58.2361
14.086 -58.242
14.086 58.242
14.087 -58.2478
14.087 58.2478
14.088 -58.2536
14.088 58.2536
14.089 -58.2595
14.089 58.2595
14.09 -58.2653
14.09 58.2653
14.091 -58.2711
14.091 58.2711
14.092 -58.277
14.092 58.277
14.093 -58.2828
14.093 58.2828
14.094 -58.2886
14.094 58.2886
14.095 -58.2945
14.095 58.2945
14.096 -58.3003
14.096 58.3003
14.097 -58.3062
14.097 58.3062
14.098 -58.312
14.098 58.312
14.099 -58.3178
14.099 58.3178
14.1 -58.3237
14.1 58.3237
14.101 -58.3295
14.101 58.3295
14.102 -58.3354
14.102 58.3354
14.103 -58.3412
14.103 58.3412
14.104 -58.347
14.104 58.347
14.105 -58.3529
14.105 58.3529
14.106 -58.3587
14.106 58.3587
14.107 -58.3645
14.107 58.3645
14.108 -58.3704
14.108 58.3704
14.109 -58.3762
14.109 58.3762
14.11 -58.3821
14.11 58.3821
14.111 -58.3879
14.111 58.3879
14.112 -58.3937
14.112 58.3937
14.113 -58.3996
14.113 58.3996
14.114 -58.4054
14.114 58.4054
14.115 -58.4113
14.115 58.4113
14.116 -58.4171
14.116 58.4171
14.117 -58.423
14.117 58.423
14.118 -58.4288
14.118 58.4288
14.119 -58.4346
14.119 58.4346
14.12 -58.4405
14.12 58.4405
14.121 -58.4463
14.121 58.4463
14.122 -58.4522
14.122 58.4522
14.123 -58.458
14.123 58.458
14.124 -58.4639
14.124 58.4639
14.125 -58.4697
14.125 58.4697
14.126 -58.4755
14.126 58.4755
14.127 -58.4814
14.127 58.4814
14.128 -58.4872
14.128 58.4872
14.129 -58.4931
14.129 58.4931
14.13 -58.4989
14.13 58.4989
14.131 -58.5048
14.131 58.5048
14.132 -58.5106
14.132 58.5106
14.133 -58.5164
14.133 58.5164
14.134 -58.5223
14.134 58.5223
14.135 -58.5281
14.135 58.5281
14.136 -58.534
14.136 58.534
14.137 -58.5398
14.137 58.5398
14.138 -58.5457
14.138 58.5457
14.139 -58.5515
14.139 58.5515
14.14 -58.5574
14.14 58.5574
14.141 -58.5632
14.141 58.5632
14.142 -58.5691
14.142 58.5691
14.143 -58.5749
14.143 58.5749
14.144 -58.5807
14.144 58.5807
14.145 -58.5866
14.145 58.5866
14.146 -58.5924
14.146 58.5924
14.147 -58.5983
14.147 58.5983
14.148 -58.6041
14.148 58.6041
14.149 -58.61
14.149 58.61
14.15 -58.6158
14.15 58.6158
14.151 -58.6217
14.151 58.6217
14.152 -58.6275
14.152 58.6275
14.153 -58.6334
14.153 58.6334
14.154 -58.6392
14.154 58.6392
14.155 -58.6451
14.155 58.6451
14.156 -58.6509
14.156 58.6509
14.157 -58.6568
14.157 58.6568
14.158 -58.6626
14.158 58.6626
14.159 -58.6685
14.159 58.6685
14.16 -58.6743
14.16 58.6743
14.161 -58.6802
14.161 58.6802
14.162 -58.686
14.162 58.686
14.163 -58.6919
14.163 58.6919
14.164 -58.6977
14.164 58.6977
14.165 -58.7036
14.165 58.7036
14.166 -58.7094
14.166 58.7094
14.167 -58.7153
14.167 58.7153
14.168 -58.7211
14.168 58.7211
14.169 -58.727
14.169 58.727
14.17 -58.7328
14.17 58.7328
14.171 -58.7387
14.171 58.7387
14.172 -58.7445
14.172 58.7445
14.173 -58.7504
14.173 58.7504
14.174 -58.7562
14.174 58.7562
14.175 -58.7621
14.175 58.7621
14.176 -58.7679
14.176 58.7679
14.177 -58.7738
14.177 58.7738
14.178 -58.7797
14.178 58.7797
14.179 -58.7855
14.179 58.7855
14.18 -58.7914
14.18 58.7914
14.181 -58.7972
14.181 58.7972
14.182 -58.8031
14.182 58.8031
14.183 -58.8089
14.183 58.8089
14.184 -58.8148
14.184 58.8148
14.185 -58.8206
14.185 58.8206
14.186 -58.8265
14.186 58.8265
14.187 -58.8323
14.187 58.8323
14.188 -58.8382
14.188 58.8382
14.189 -58.844
14.189 58.844
14.19 -58.8499
14.19 58.8499
14.191 -58.8558
14.191 58.8558
14.192 -58.8616
14.192 58.8616
14.193 -58.8675
14.193 58.8675
14.194 -58.8733
14.194 58.8733
14.195 -58.8792
14.195 58.8792
14.196 -58.885
14.196 58.885
14.197 -58.8909
14.197 58.8909
14.198 -58.8968
14.198 58.8968
14.199 -58.9026
14.199 58.9026
14.2 -58.9085
14.2 58.9085
14.201 -58.9143
14.201 58.9143
14.202 -58.9202
14.202 58.9202
14.203 -58.926
14.203 58.926
14.204 -58.9319
14.204 58.9319
14.205 -58.9378
14.205 58.9378
14.206 -58.9436
14.206 58.9436
14.207 -58.9495
14.207 58.9495
14.208 -58.9553
14.208 58.9553
14.209 -58.9612
14.209 58.9612
14.21 -58.9671
14.21 58.9671
14.211 -58.9729
14.211 58.9729
14.212 -58.9788
14.212 58.9788
14.213 -58.9846
14.213 58.9846
14.214 -58.9905
14.214 58.9905
14.215 -58.9964
14.215 58.9964
14.216 -59.0022
14.216 59.0022
14.217 -59.0081
14.217 59.0081
14.218 -59.0139
14.218 59.0139
14.219 -59.0198
14.219 59.0198
14.22 -59.0257
14.22 59.0257
14.221 -59.0315
14.221 59.0315
14.222 -59.0374
14.222 59.0374
14.223 -59.0432
14.223 59.0432
14.224 -59.0491
14.224 59.0491
14.225 -59.055
14.225 59.055
14.226 -59.0608
14.226 59.0608
14.227 -59.0667
14.227 59.0667
14.228 -59.0726
14.228 59.0726
14.229 -59.0784
14.229 59.0784
14.23 -59.0843
14.23 59.0843
14.231 -59.0901
14.231 59.0901
14.232 -59.096
14.232 59.096
14.233 -59.1019
14.233 59.1019
14.234 -59.1077
14.234 59.1077
14.235 -59.1136
14.235 59.1136
14.236 -59.1195
14.236 59.1195
14.237 -59.1253
14.237 59.1253
14.238 -59.1312
14.238 59.1312
14.239 -59.1371
14.239 59.1371
14.24 -59.1429
14.24 59.1429
14.241 -59.1488
14.241 59.1488
14.242 -59.1547
14.242 59.1547
14.243 -59.1605
14.243 59.1605
14.244 -59.1664
14.244 59.1664
14.245 -59.1723
14.245 59.1723
14.246 -59.1781
14.246 59.1781
14.247 -59.184
14.247 59.184
14.248 -59.1899
14.248 59.1899
14.249 -59.1957
14.249 59.1957
14.25 -59.2016
14.25 59.2016
14.251 -59.2075
14.251 59.2075
14.252 -59.2133
14.252 59.2133
14.253 -59.2192
14.253 59.2192
14.254 -59.2251
14.254 59.2251
14.255 -59.2309
14.255 59.2309
14.256 -59.2368
14.256 59.2368
14.257 -59.2427
14.257 59.2427
14.258 -59.2485
14.258 59.2485
14.259 -59.2544
14.259 59.2544
14.26 -59.2603
14.26 59.2603
14.261 -59.2661
14.261 59.2661
14.262 -59.272
14.262 59.272
14.263 -59.2779
14.263 59.2779
14.264 -59.2837
14.264 59.2837
14.265 -59.2896
14.265 59.2896
14.266 -59.2955
14.266 59.2955
14.267 -59.3014
14.267 59.3014
14.268 -59.3072
14.268 59.3072
14.269 -59.3131
14.269 59.3131
14.27 -59.319
14.27 59.319
14.271 -59.3248
14.271 59.3248
14.272 -59.3307
14.272 59.3307
14.273 -59.3366
14.273 59.3366
14.274 -59.3425
14.274 59.3425
14.275 -59.3483
14.275 59.3483
14.276 -59.3542
14.276 59.3542
14.277 -59.3601
14.277 59.3601
14.278 -59.3659
14.278 59.3659
14.279 -59.3718
14.279 59.3718
14.28 -59.3777
14.28 59.3777
14.281 -59.3836
14.281 59.3836
14.282 -59.3894
14.282 59.3894
14.283 -59.3953
14.283 59.3953
14.284 -59.4012
14.284 59.4012
14.285 -59.4071
14.285 59.4071
14.286 -59.4129
14.286 59.4129
14.287 -59.4188
14.287 59.4188
14.288 -59.4247
14.288 59.4247
14.289 -59.4306
14.289 59.4306
14.29 -59.4364
14.29 59.4364
14.291 -59.4423
14.291 59.4423
14.292 -59.4482
14.292 59.4482
14.293 -59.4541
14.293 59.4541
14.294 -59.4599
14.294 59.4599
14.295 -59.4658
14.295 59.4658
14.296 -59.4717
14.296 59.4717
14.297 -59.4776
14.297 59.4776
14.298 -59.4834
14.298 59.4834
14.299 -59.4893
14.299 59.4893
14.3 -59.4952
14.3 59.4952
14.301 -59.5011
14.301 59.5011
14.302 -59.5069
14.302 59.5069
14.303 -59.5128
14.303 59.5128
14.304 -59.5187
14.304 59.5187
14.305 -59.5246
14.305 59.5246
14.306 -59.5304
14.306 59.5304
14.307 -59.5363
14.307 59.5363
14.308 -59.5422
14.308 59.5422
14.309 -59.5481
14.309 59.5481
14.31 -59.554
14.31 59.554
14.311 -59.5598
14.311 59.5598
14.312 -59.5657
14.312 59.5657
14.313 -59.5716
14.313 59.5716
14.314 -59.5775
14.314 59.5775
14.315 -59.5834
14.315 59.5834
14.316 -59.5892
14.316 59.5892
14.317 -59.5951
14.317 59.5951
14.318 -59.601
14.318 59.601
14.319 -59.6069
14.319 59.6069
14.32 -59.6128
14.32 59.6128
14.321 -59.6186
14.321 59.6186
14.322 -59.6245
14.322 59.6245
14.323 -59.6304
14.323 59.6304
14.324 -59.6363
14.324 59.6363
14.325 -59.6422
14.325 59.6422
14.326 -59.648
14.326 59.648
14.327 -59.6539
14.327 59.6539
14.328 -59.6598
14.328 59.6598
14.329 -59.6657
14.329 59.6657
14.33 -59.6716
14.33 59.6716
14.331 -59.6775
14.331 59.6775
14.332 -59.6833
14.332 59.6833
14.333 -59.6892
14.333 59.6892
14.334 -59.6951
14.334 59.6951
14.335 -59.701
14.335 59.701
14.336 -59.7069
14.336 59.7069
14.337 -59.7128
14.337 59.7128
14.338 -59.7186
14.338 59.7186
14.339 -59.7245
14.339 59.7245
14.34 -59.7304
14.34 59.7304
14.341 -59.7363
14.341 59.7363
14.342 -59.7422
14.342 59.7422
14.343 -59.7481
14.343 59.7481
14.344 -59.7539
14.344 59.7539
14.345 -59.7598
14.345 59.7598
14.346 -59.7657
14.346 59.7657
14.347 -59.7716
14.347 59.7716
14.348 -59.7775
14.348 59.7775
14.349 -59.7834
14.349 59.7834
14.35 -59.7893
14.35 59.7893
14.351 -59.7951
14.351 59.7951
14.352 -59.801
14.352 59.801
14.353 -59.8069
14.353 59.8069
14.354 -59.8128
14.354 59.8128
14.355 -59.8187
14.355 59.8187
14.356 -59.8246
14.356 59.8246
14.357 -59.8305
14.357 59.8305
14.358 -59.8364
14.358 59.8364
14.359 -59.8422
14.359 59.8422
14.36 -59.8481
14.36 59.8481
14.361 -59.854
14.361 59.854
14.362 -59.8599
14.362 59.8599
14.363 -59.8658
14.363 59.8658
14.364 -59.8717
14.364 59.8717
14.365 -59.8776
14.365 59.8776
14.366 -59.8835
14.366 59.8835
14.367 -59.8894
14.367 59.8894
14.368 -59.8952
14.368 59.8952
14.369 -59.9011
14.369 59.9011
14.37 -59.907
14.37 59.907
14.371 -59.9129
14.371 59.9129
14.372 -59.9188
14.372 59.9188
14.373 -59.9247
14.373 59.9247
14.374 -59.9306
14.374 59.9306
14.375 -59.9365
14.375 59.9365
14.376 -59.9424
14.376 59.9424
14.377 -59.9483
14.377 59.9483
14.378 -59.9541
14.378 59.9541
14.379 -59.96
14.379 59.96
14.38 -59.9659
14.38 59.9659
14.381 -59.9718
14.381 59.9718
14.382 -59.9777
14.382 59.9777
14.383 -59.9836
14.383 59.9836
14.384 -59.9895
14.384 59.9895
14.385 -59.9954
14.385 59.9954
14.386 -60.0013
14.386 60.0013
14.387 -60.0072
14.387 60.0072
14.388 -60.0131
14.388 60.0131
14.389 -60.019
14.389 60.019
14.39 -60.0249
14.39 60.0249
14.391 -60.0308
14.391 60.0308
14.392 -60.0366
14.392 60.0366
14.393 -60.0425
14.393 60.0425
14.394 -60.0484
14.394 60.0484
14.395 -60.0543
14.395 60.0543
14.396 -60.0602
14.396 60.0602
14.397 -60.0661
14.397 60.0661
14.398 -60.072
14.398 60.072
14.399 -60.0779
14.399 60.0779
14.4 -60.0838
14.4 60.0838
14.401 -60.0897
14.401 60.0897
14.402 -60.0956
14.402 60.0956
14.403 -60.1015
14.403 60.1015
14.404 -60.1074
14.404 60.1074
14.405 -60.1133
14.405 60.1133
14.406 -60.1192
14.406 60.1192
14.407 -60.1251
14.407 60.1251
14.408 -60.131
14.408 60.131
14.409 -60.1369
14.409 60.1369
14.41 -60.1428
14.41 60.1428
14.411 -60.1487
14.411 60.1487
14.412 -60.1546
14.412 60.1546
14.413 -60.1605
14.413 60.1605
14.414 -60.1664
14.414 60.1664
14.415 -60.1723
14.415 60.1723
14.416 -60.1782
14.416 60.1782
14.417 -60.1841
14.417 60.1841
14.418 -60.19
14.418 60.19
14.419 -60.1959
14.419 60.1959
14.42 -60.2018
14.42 60.2018
14.421 -60.2077
14.421 60.2077
14.422 -60.2136
14.422 60.2136
14.423 -60.2195
14.423 60.2195
14.424 -60.2254
14.424 60.2254
14.425 -60.2313
14.425 60.2313
14.426 -60.2372
14.426 60.2372
14.427 -60.2431
14.427 60.2431
14.428 -60.249
14.428 60.249
14.429 -60.2549
14.429 60.2549
14.43 -60.2608
14.43 60.2608
14.431 -60.2667
14.431 60.2667
14.432 -60.2726
14.432 60.2726
14.433 -60.2785
14.433 60.2785
14.434 -60.2844
14.434 60.2844
14.435 -60.2903
14.435 60.2903
14.436 -60.2962
14.436 60.2962
14.437 -60.3021
14.437 60.3021
14.438 -60.308
14.438 60.308
14.439 -60.3139
14.439 60.3139
14.44 -60.3198
14.44 60.3198
14.441 -60.3257
14.441 60.3257
14.442 -60.3316
14.442 60.3316
14.443 -60.3375
14.443 60.3375
14.444 -60.3434
14.444 60.3434
14.445 -60.3493
14.445 60.3493
14.446 -60.3552
14.446 60.3552
14.447 -60.3611
14.447 60.3611
14.448 -60.367
14.448 60.367
14.449 -60.3729
14.449 60.3729
14.45 -60.3788
14.45 60.3788
14.451 -60.3847
14.451 60.3847
14.452 -60.3906
14.452 60.3906
14.453 -60.3966
14.453 60.3966
14.454 -60.4025
14.454 60.4025
14.455 -60.4084
14.455 60.4084
14.456 -60.4143
14.456 60.4143
14.457 -60.4202
14.457 60.4202
14.458 -60.4261
14.458 60.4261
14.459 -60.432
14.459 60.432
14.46 -60.4379
14.46 60.4379
14.461 -60.4438
14.461 60.4438
14.462 -60.4497
14.462 60.4497
14.463 -60.4556
14.463 60.4556
14.464 -60.4615
14.464 60.4615
14.465 -60.4674
14.465 60.4674
14.466 -60.4733
14.466 60.4733
14.467 -60.4793
14.467 60.4793
14.468 -60.4852
14.468 60.4852
14.469 -60.4911
14.469 60.4911
14.47 -60.497
14.47 60.497
14.471 -60.5029
14.471 60.5029
14.472 -60.5088
14.472 60.5088
14.473 -60.5147
14.473 60.5147
14.474 -60.5206
14.474 60.5206
14.475 -60.5265
14.475 60.5265
14.476 -60.5324
14.476 60.5324
14.477 -60.5383
14.477 60.5383
14.478 -60.5443
14.478 60.5443
14.479 -60.5502
14.479 60.5502
14.48 -60.5561
14.48 60.5561
14.481 -60.562
14.481 60.562
14.482 -60.5679
14.482 60.5679
14.483 -60.5738
14.483 60.5738
14.484 -60.5797
14.484 60.5797
14.485 -60.5856
14.485 60.5856
14.486 -60.5915
14.486 60.5915
14.487 -60.5975
14.487 60.5975
14.488 -60.6034
14.488 60.6034
14.489 -60.6093
14.489 60.6093
14.49 -60.6152
14.49 60.6152
14.491 -60.6211
14.491 60.6211
14.492 -60.627
14.492 60.627
14.493 -60.6329
14.493 60.6329
14.494 -60.6389
14.494 60.6389
14.495 -60.6448
14.495 60.6448
14.496 -60.6507
14.496 60.6507
14.497 -60.6566
14.497 60.6566
14.498 -60.6625
14.498 60.6625
14.499 -60.6684
14.499 60.6684
14.5 -60.6743
14.5 60.6743
14.501 -60.6803
14.501 60.6803
14.502 -60.6862
14.502 60.6862
14.503 -60.6921
14.503 60.6921
14.504 -60.698
14.504 60.698
14.505 -60.7039
14.505 60.7039
14.506 -60.7098
14.506 60.7098
14.507 -60.7157
14.507 60.7157
14.508 -60.7217
14.508 60.7217
14.509 -60.7276
14.509 60.7276
14.51 -60.7335
14.51 60.7335
14.511 -60.7394
14.511 60.7394
14.512 -60.7453
14.512 60.7453
14.513 -60.7512
14.513 60.7512
14.514 -60.7572
14.514 60.7572
14.515 -60.7631
14.515 60.7631
14.516 -60.769
14.516 60.769
14.517 -60.7749
14.517 60.7749
14.518 -60.7808
14.518 60.7808
14.519 -60.7868
14.519 60.7868
14.52 -60.7927
14.52 60.7927
14.521 -60.7986
14.521 60.7986
14.522 -60.8045
14.522 60.8045
14.523 -60.8104
14.523 60.8104
14.524 -60.8163
14.524 60.8163
14.525 -60.8223
14.525 60.8223
14.526 -60.8282
14.526 60.8282
14.527 -60.8341
14.527 60.8341
14.528 -60.84
14.528 60.84
14.529 -60.8459
14.529 60.8459
14.53 -60.8519
14.53 60.8519
14.531 -60.8578
14.531 60.8578
14.532 -60.8637
14.532 60.8637
14.533 -60.8696
14.533 60.8696
14.534 -60.8755
14.534 60.8755
14.535 -60.8815
14.535 60.8815
14.536 -60.8874
14.536 60.8874
14.537 -60.8933
14.537 60.8933
14.538 -60.8992
14.538 60.8992
14.539 -60.9052
14.539 60.9052
14.54 -60.9111
14.54 60.9111
14.541 -60.917
14.541 60.917
14.542 -60.9229
14.542 60.9229
14.543 -60.9288
14.543 60.9288
14.544 -60.9348
14.544 60.9348
14.545 -60.9407
14.545 60.9407
14.546 -60.9466
14.546 60.9466
14.547 -60.9525
14.547 60.9525
14.548 -60.9585
14.548 60.9585
14.549 -60.9644
14.549 60.9644
14.55 -60.9703
14.55 60.9703
14.551 -60.9762
14.551 60.9762
14.552 -60.9822
14.552 60.9822
14.553 -60.9881
14.553 60.9881
14.554 -60.994
14.554 60.994
14.555 -60.9999
14.555 60.9999
14.556 -61.0059
14.556 61.0059
14.557 -61.0118
14.557 61.0118
14.558 -61.0177
14.558 61.0177
14.559 -61.0236
14.559 61.0236
14.56 -61.0296
14.56 61.0296
14.561 -61.0355
14.561 61.0355
14.562 -61.0414
14.562 61.0414
14.563 -61.0473
14.563 61.0473
14.564 -61.0533
14.564 61.0533
14.565 -61.0592
14.565 61.0592
14.566 -61.0651
14.566 61.0651
14.567 -61.0711
14.567 61.0711
14.568 -61.077
14.568 61.077
14.569 -61.0829
14.569 61.0829
14.57 -61.0888
14.57 61.0888
14.571 -61.0948
14.571 61.0948
14.572 -61.1007
14.572 61.1007
14.573 -61.1066
14.573 61.1066
14.574 -61.1125
14.574 61.1125
14.575 -61.1185
14.575 61.1185
14.576 -61.1244
14.576 61.1244
14.577 -61.1303
14.577 61.1303
14.578 -61.1363
14.578 61.1363
14.579 -61.1422
14.579 61.1422
14.58 -61.1481
14.58 61.1481
14.581 -61.1541
14.581 61.1541
14.582 -61.16
14.582 61.16
14.583 -61.1659
14.583 61.1659
14.584 -61.1718
14.584 61.1718
14.585 -61.1778
14.585 61.1778
14.586 -61.1837
14.586 61.1837
14.587 -61.1896
14.587 61.1896
14.588 -61.1956
14.588 61.1956
14.589 -61.2015
14.589 61.2015
14.59 -61.2074
14.59 61.2074
14.591 -61.2134
14.591 61.2134
14.592 -61.2193
14.592 61.2193
14.593 -61.2252
14.593 61.2252
14.594 -61.2312
14.594 61.2312
14.595 -61.2371
14.595 61.2371
14.596 -61.243
14.596 61.243
14.597 -61.249
14.597 61.249
14.598 -61.2549
14.598 61.2549
14.599 -61.2608
14.599 61.2608
14.6 -61.2668
14.6 61.2668
14.601 -61.2727
14.601 61.2727
14.602 -61.2786
14.602 61.2786
14.603 -61.2846
14.603 61.2846
14.604 -61.2905
14.604 61.2905
14.605 -61.2964
14.605 61.2964
14.606 -61.3024
14.606 61.3024
14.607 -61.3083
14.607 61.3083
14.608 -61.3142
14.608 61.3142
14.609 -61.3202
14.609 61.3202
14.61 -61.3261
14.61 61.3261
14.611 -61.332
14.611 61.332
14.612 -61.338
14.612 61.338
14.613 -61.3439
14.613 61.3439
14.614 -61.3499
14.614 61.3499
14.615 -61.3558
14.615 61.3558
14.616 -61.3617
14.616 61.3617
14.617 -61.3677
14.617 61.3677
14.618 -61.3736
14.618 61.3736
14.619 -61.3795
14.619 61.3795
14.62 -61.3855
14.62 61.3855
14.621 -61.3914
14.621 61.3914
14.622 -61.3973
14.622 61.3973
14.623 -61.4033
14.623 61.4033
14.624 -61.4092
14.624 61.4092
14.625 -61.4152
14.625 61.4152
14.626 -61.4211
14.626 61.4211
14.627 -61.427
14.627 61.427
14.628 -61.433
14.628 61.433
14.629 -61.4389
14.629 61.4389
14.63 -61.4449
14.63 61.4449
14.631 -61.4508
14.631 61.4508
14.632 -61.4567
14.632 61.4567
14.633 -61.4627
14.633 61.4627
14.634 -61.4686
14.634 61.4686
14.635 -61.4746
14.635 61.4746
14.636 -61.4805
14.636 61.4805
14.637 -61.4864
14.637 61.4864
14.638 -61.4924
14.638 61.4924
14.639 -61.4983
14.639 61.4983
14.64 -61.5043
14.64 61.5043
14.641 -61.5102
14.641 61.5102
14.642 -61.5161
14.642 61.5161
14.643 -61.5221
14.643 61.5221
14.644 -61.528
14.644 61.528
14.645 -61.534
14.645 61.534
14.646 -61.5399
14.646 61.5399
14.647 -61.5459
14.647 61.5459
14.648 -61.5518
14.648 61.5518
14.649 -61.5577
14.649 61.5577
14.65 -61.5637
14.65 61.5637
14.651 -61.5696
14.651 61.5696
14.652 -61.5756
14.652 61.5756
14.653 -61.5815
14.653 61.5815
14.654 -61.5875
14.654 61.5875
14.655 -61.5934
14.655 61.5934
14.656 -61.5993
14.656 61.5993
14.657 -61.6053
14.657 61.6053
14.658 -61.6112
14.658 61.6112
14.659 -61.6172
14.659 61.6172
14.66 -61.6231
14.66 61.6231
14.661 -61.6291
14.661 61.6291
14.662 -61.635
14.662 61.635
14.663 -61.641
14.663 61.641
14.664 -61.6469
14.664 61.6469
14.665 -61.6529
14.665 61.6529
14.666 -61.6588
14.666 61.6588
14.667 -61.6647
14.667 61.6647
14.668 -61.6707
14.668 61.6707
14.669 -61.6766
14.669 61.6766
14.67 -61.6826
14.67 61.6826
14.671 -61.6885
14.671 61.6885
14.672 -61.6945
14.672 61.6945
14.673 -61.7004
14.673 61.7004
14.674 -61.7064
14.674 61.7064
14.675 -61.7123
14.675 61.7123
14.676 -61.7183
14.676 61.7183
14.677 -61.7242
14.677 61.7242
14.678 -61.7302
14.678 61.7302
14.679 -61.7361
14.679 61.7361
14.68 -61.7421
14.68 61.7421
14.681 -61.748
14.681 61.748
14.682 -61.754
14.682 61.754
14.683 -61.7599
14.683 61.7599
14.684 -61.7659
14.684 61.7659
14.685 -61.7718
14.685 61.7718
14.686 -61.7778
14.686 61.7778
14.687 -61.7837
14.687 61.7837
14.688 -61.7897
14.688 61.7897
14.689 -61.7956
14.689 61.7956
14.69 -61.8016
14.69 61.8016
14.691 -61.8075
14.691 61.8075
14.692 -61.8135
14.692 61.8135
14.693 -61.8194
14.693 61.8194
14.694 -61.8254
14.694 61.8254
14.695 -61.8313
14.695 61.8313
14.696 -61.8373
14.696 61.8373
14.697 -61.8432
14.697 61.8432
14.698 -61.8492
14.698 61.8492
14.699 -61.8551
14.699 61.8551
14.7 -61.8611
14.7 61.8611
14.701 -61.867
14.701 61.867
14.702 -61.873
14.702 61.873
14.703 -61.8789
14.703 61.8789
14.704 -61.8849
14.704 61.8849
14.705 -61.8908
14.705 61.8908
14.706 -61.8968
14.706 61.8968
14.707 -61.9028
14.707 61.9028
14.708 -61.9087
14.708 61.9087
14.709 -61.9147
14.709 61.9147
14.71 -61.9206
14.71 61.9206
14.711 -61.9266
14.711 61.9266
14.712 -61.9325
14.712 61.9325
14.713 -61.9385
14.713 61.9385
14.714 -61.9444
14.714 61.9444
14.715 -61.9504
14.715 61.9504
14.716 -61.9563
14.716 61.9563
14.717 -61.9623
14.717 61.9623
14.718 -61.9683
14.718 61.9683
14.719 -61.9742
14.719 61.9742
14.72 -61.9802
14.72 61.9802
14.721 -61.9861
14.721 61.9861
14.722 -61.9921
14.722 61.9921
14.723 -61.998
14.723 61.998
14.724 -62.004
14.724 62.004
14.725 -62.01
14.725 62.01
14.726 -62.0159
14.726 62.0159
14.727 -62.0219
14.727 62.0219
14.728 -62.0278
14.728 62.0278
14.729 -62.0338
14.729 62.0338
14.73 -62.0397
14.73 62.0397
14.731 -62.0457
14.731 62.0457
14.732 -62.0517
14.732 62.0517
14.733 -62.0576
14.733 62.0576
14.734 -62.0636
14.734 62.0636
14.735 -62.0695
14.735 62.0695
14.736 -62.0755
14.736 62.0755
14.737 -62.0815
14.737 62.0815
14.738 -62.0874
14.738 62.0874
14.739 -62.0934
14.739 62.0934
14.74 -62.0993
14.74 62.0993
14.741 -62.1053
14.741 62.1053
14.742 -62.1113
14.742 62.1113
14.743 -62.1172
14.743 62.1172
14.744 -62.1232
14.744 62.1232
14.745 -62.1291
14.745 62.1291
14.746 -62.1351
14.746 62.1351
14.747 -62.1411
14.747 62.1411
14.748 -62.147
14.748 62.147
14.749 -62.153
14.749 62.153
14.75 -62.1589
14.75 62.1589
14.751 -62.1649
14.751 62.1649
14.752 -62.1709
14.752 62.1709
14.753 -62.1768
14.753 62.1768
14.754 -62.1828
14.754 62.1828
14.755 -62.1888
14.755 62.1888
14.756 -62.1947
14.756 62.1947
14.757 -62.2007
14.757 62.2007
14.758 -62.2066
14.758 62.2066
14.759 -62.2126
14.759 62.2126
14.76 -62.2186
14.76 62.2186
14.761 -62.2245
14.761 62.2245
14.762 -62.2305
14.762 62.2305
14.763 -62.2365
14.763 62.2365
14.764 -62.2424
14.764 62.2424
14.765 -62.2484
14.765 62.2484
14.766 -62.2544
14.766 62.2544
14.767 -62.2603
14.767 62.2603
14.768 -62.2663
14.768 62.2663
14.769 -62.2723
14.769 62.2723
14.77 -62.2782
14.77 62.2782
14.771 -62.2842
14.771 62.2842
14.772 -62.2902
14.772 62.2902
14.773 -62.2961
14.773 62.2961
14.774 -62.3021
14.774 62.3021
14.775 -62.3081
14.775 62.3081
14.776 -62.314
14.776 62.314
14.777 -62.32
14.777 62.32
14.778 -62.326
14.778 62.326
14.779 -62.3319
14.779 62.3319
14.78 -62.3379
14.78 62.3379
14.781 -62.3439
14.781 62.3439
14.782 -62.3498
14.782 62.3498
14.783 -62.3558
14.783 62.3558
14.784 -62.3618
14.784 62.3618
14.785 -62.3677
14.785 62.3677
14.786 -62.3737
14.786 62.3737
14.787 -62.3797
14.787 62.3797
14.788 -62.3856
14.788 62.3856
14.789 -62.3916
14.789 62.3916
14.79 -62.3976
14.79 62.3976
14.791 -62.4035
14.791 62.4035
14.792 -62.4095
14.792 62.4095
14.793 -62.4155
14.793 62.4155
14.794 -62.4215
14.794 62.4215
14.795 -62.4274
14.795 62.4274
14.796 -62.4334
14.796 62.4334
14.797 -62.4394
14.797 62.4394
14.798 -62.4453
14.798 62.4453
14.799 -62.4513
14.799 62.4513
14.8 -62.4573
14.8 62.4573
14.801 -62.4633
14.801 62.4633
14.802 -62.4692
14.802 62.4692
14.803 -62.4752
14.803 62.4752
14.804 -62.4812
14.804 62.4812
14.805 -62.4871
14.805 62.4871
14.806 -62.4931
14.806 62.4931
14.807 -62.4991
14.807 62.4991
14.808 -62.5051
14.808 62.5051
14.809 -62.511
14.809 62.511
14.81 -62.517
14.81 62.517
14.811 -62.523
14.811 62.523
14.812 -62.529
14.812 62.529
14.813 -62.5349
14.813 62.5349
14.814 -62.5409
14.814 62.5409
14.815 -62.5469
14.815 62.5469
14.816 -62.5528
14.816 62.5528
14.817 -62.5588
14.817 62.5588
14.818 -62.5648
14.818 62.5648
14.819 -62.5708
14.819 62.5708
14.82 -62.5767
14.82 62.5767
14.821 -62.5827
14.821 62.5827
14.822 -62.5887
14.822 62.5887
14.823 -62.5947
14.823 62.5947
14.824 -62.6007
14.824 62.6007
14.825 -62.6066
14.825 62.6066
14.826 -62.6126
14.826 62.6126
14.827 -62.6186
14.827 62.6186
14.828 -62.6246
14.828 62.6246
14.829 -62.6305
14.829 62.6305
14.83 -62.6365
14.83 62.6365
14.831 -62.6425
14.831 62.6425
14.832 -62.6485
14.832 62.6485
14.833 -62.6544
14.833 62.6544
14.834 -62.6604
14.834 62.6604
14.835 -62.6664
14.835 62.6664
14.836 -62.6724
14.836 62.6724
14.837 -62.6784
14.837 62.6784
14.838 -62.6843
14.838 62.6843
14.839 -62.6903
14.839 62.6903
14.84 -62.6963
14.84 62.6963
14.841 -62.7023
14.841 62.7023
14.842 -62.7082
14.842 62.7082
14.843 -62.7142
14.843 62.7142
14.844 -62.7202
14.844 62.7202
14.845 -62.7262
14.845 62.7262
14.846 -62.7322
14.846 62.7322
14.847 -62.7381
14.847 62.7381
14.848 -62.7441
14.848 62.7441
14.849 -62.7501
14.849 62.7501
14.85 -62.7561
14.85 62.7561
14.851 -62.7621
14.851 62.7621
14.852 -62.7681
14.852 62.7681
14.853 -62.774
14.853 62.774
14.854 -62.78
14.854 62.78
14.855 -62.786
14.855 62.786
14.856 -62.792
14.856 62.792
14.857 -62.798
14.857 62.798
14.858 -62.8039
14.858 62.8039
14.859 -62.8099
14.859 62.8099
14.86 -62.8159
14.86 62.8159
14.861 -62.8219
14.861 62.8219
14.862 -62.8279
14.862 62.8279
14.863 -62.8339
14.863 62.8339
14.864 -62.8398
14.864 62.8398
14.865 -62.8458
14.865 62.8458
14.866 -62.8518
14.866 62.8518
14.867 -62.8578
14.867 62.8578
14.868 -62.8638
14.868 62.8638
14.869 -62.8698
14.869 62.8698
14.87 -62.8757
14.87 62.8757
14.871 -62.8817
14.871 62.8817
14.872 -62.8877
14.872 62.8877
14.873 -62.8937
14.873 62.8937
14.874 -62.8997
14.874 62.8997
14.875 -62.9057
14.875 62.9057
14.876 -62.9117
14.876 62.9117
14.877 -62.9176
14.877 62.9176
14.878 -62.9236
14.878 62.9236
14.879 -62.9296
14.879 62.9296
14.88 -62.9356
14.88 62.9356
14.881 -62.9416
14.881 62.9416
14.882 -62.9476
14.882 62.9476
14.883 -62.9536
14.883 62.9536
14.884 -62.9595
14.884 62.9595
14.885 -62.9655
14.885 62.9655
14.886 -62.9715
14.886 62.9715
14.887 -62.9775
14.887 62.9775
14.888 -62.9835
14.888 62.9835
14.889 -62.9895
14.889 62.9895
14.89 -62.9955
14.89 62.9955
14.891 -63.0015
14.891 63.0015
14.892 -63.0074
14.892 63.0074
14.893 -63.0134
14.893 63.0134
14.894 -63.0194
14.894 63.0194
14.895 -63.0254
14.895 63.0254
14.896 -63.0314
14.896 63.0314
14.897 -63.0374
14.897 63.0374
14.898 -63.0434
14.898 63.0434
14.899 -63.0494
14.899 63.0494
14.9 -63.0554
14.9 63.0554
14.901 -63.0614
14.901 63.0614
14.902 -63.0673
14.902 63.0673
14.903 -63.0733
14.903 63.0733
14.904 -63.0793
14.904 63.0793
14.905 -63.0853
14.905 63.0853
14.906 -63.0913
14.906 63.0913
14.907 -63.0973
14.907 63.0973
14.908 -63.1033
14.908 63.1033
14.909 -63.1093
14.909 63.1093
14.91 -63.1153
14.91 63.1153
14.911 -63.1213
14.911 63.1213
14.912 -63.1273
14.912 63.1273
14.913 -63.1333
14.913 63.1333
14.914 -63.1392
14.914 63.1392
14.915 -63.1452
14.915 63.1452
14.916 -63.1512
14.916 63.1512
14.917 -63.1572
14.917 63.1572
14.918 -63.1632
14.918 63.1632
14.919 -63.1692
14.919 63.1692
14.92 -63.1752
14.92 63.1752
14.921 -63.1812
14.921 63.1812
14.922 -63.1872
14.922 63.1872
14.923 -63.1932
14.923 63.1932
14.924 -63.1992
14.924 63.1992
14.925 -63.2052
14.925 63.2052
14.926 -63.2112
14.926 63.2112
14.927 -63.2172
14.927 63.2172
14.928 -63.2232
14.928 63.2232
14.929 -63.2292
14.929 63.2292
14.93 -63.2352
14.93 63.2352
14.931 -63.2412
14.931 63.2412
14.932 -63.2471
14.932 63.2471
14.933 -63.2531
14.933 63.2531
14.934 -63.2591
14.934 63.2591
14.935 -63.2651
14.935 63.2651
14.936 -63.2711
14.936 63.2711
14.937 -63.2771
14.937 63.2771
14.938 -63.2831
14.938 63.2831
14.939 -63.2891
14.939 63.2891
14.94 -63.2951
14.94 63.2951
14.941 -63.3011
14.941 63.3011
14.942 -63.3071
14.942 63.3071
14.943 -63.3131
14.943 63.3131
14.944 -63.3191
14.944 63.3191
14.945 -63.3251
14.945 63.3251
14.946 -63.3311
14.946 63.3311
14.947 -63.3371
14.947 63.3371
14.948 -63.3431
14.948 63.3431
14.949 -63.3491
14.949 63.3491
14.95 -63.3551
14.95 63.3551
14.951 -63.3611
14.951 63.3611
14.952 -63.3671
14.952 63.3671
14.953 -63.3731
14.953 63.3731
14.954 -63.3791
14.954 63.3791
14.955 -63.3851
14.955 63.3851
14.956 -63.3911
14.956 63.3911
14.957 -63.3971
14.957 63.3971
14.958 -63.4031
14.958 63.4031
14.959 -63.4091
14.959 63.4091
14.96 -63.4151
14.96 63.4151
14.961 -63.4211
14.961 63.4211
14.962 -63.4271
14.962 63.4271
14.963 -63.4331
14.963 63.4331
14.964 -63.4391
14.964 63.4391
14.965 -63.4451
14.965 63.4451
14.966 -63.4511
14.966 63.4511
14.967 -63.4571
14.967 63.4571
14.968 -63.4631
14.968 63.4631
14.969 -63.4691
14.969 63.4691
14.97 -63.4751
14.97 63.4751
14.971 -63.4811
14.971 63.4811
14.972 -63.4871
14.972 63.4871
14.973 -63.4931
14.973 63.4931
14.974 -63.4992
14.974 63.4992
14.975 -63.5052
14.975 63.5052
14.976 -63.5112
14.976 63.5112
14.977 -63.5172
14.977 63.5172
14.978 -63.5232
14.978 63.5232
14.979 -63.5292
14.979 63.5292
14.98 -63.5352
14.98 63.5352
14.981 -63.5412
14.981 63.5412
14.982 -63.5472
14.982 63.5472
14.983 -63.5532
14.983 63.5532
14.984 -63.5592
14.984 63.5592
14.985 -63.5652
14.985 63.5652
14.986 -63.5712
14.986 63.5712
14.987 -63.5772
14.987 63.5772
14.988 -63.5832
14.988 63.5832
14.989 -63.5892
14.989 63.5892
14.99 -63.5952
14.99 63.5952
14.991 -63.6012
14.991 63.6012
14.992 -63.6073
14.992 63.6073
14.993 -63.6133
14.993 63.6133
14.994 -63.6193
14.994 63.6193
14.995 -63.6253
14.995 63.6253
14.996 -63.6313
14.996 63.6313
14.997 -63.6373
14.997 63.6373
14.998 -63.6433
14.998 63.6433
14.999 -63.6493
14.999 63.6493
15 -63.6553
15 63.6553
15.001 -63.6613
15.001 63.6613
15.002 -63.6673
15.002 63.6673
15.003 -63.6733
15.003 63.6733
15.004 -63.6794
15.004 63.6794
15.005 -63.6854
15.005 63.6854
15.006 -63.6914
15.006 63.6914
15.007 -63.6974
15.007 63.6974
15.008 -63.7034
15.008 63.7034
15.009 -63.7094
15.009 63.7094
15.01 -63.7154
15.01 63.7154
15.011 -63.7214
15.011 63.7214
15.012 -63.7274
15.012 63.7274
15.013 -63.7335
15.013 63.7335
15.014 -63.7395
15.014 63.7395
15.015 -63.7455
15.015 63.7455
15.016 -63.7515
15.016 63.7515
15.017 -63.7575
15.017 63.7575
15.018 -63.7635
15.018 63.7635
15.019 -63.7695
15.019 63.7695
15.02 -63.7755
15.02 63.7755
15.021 -63.7816
15.021 63.7816
15.022 -63.7876
15.022 63.7876
15.023 -63.7936
15.023 63.7936
15.024 -63.7996
15.024 63.7996
15.025 -63.8056
15.025 63.8056
15.026 -63.8116
15.026 63.8116
15.027 -63.8176
15.027 63.8176
15.028 -63.8236
15.028 63.8236
15.029 -63.8297
15.029 63.8297
15.03 -63.8357
15.03 63.8357
15.031 -63.8417
15.031 63.8417
15.032 -63.8477
15.032 63.8477
15.033 -63.8537
15.033 63.8537
15.034 -63.8597
15.034 63.8597
15.035 -63.8657
15.035 63.8657
15.036 -63.8718
15.036 63.8718
15.037 -63.8778
15.037 63.8778
15.038 -63.8838
15.038 63.8838
15.039 -63.8898
15.039 63.8898
15.04 -63.8958
15.04 63.8958
15.041 -63.9018
15.041 63.9018
15.042 -63.9079
15.042 63.9079
15.043 -63.9139
15.043 63.9139
15.044 -63.9199
15.044 63.9199
15.045 -63.9259
15.045 63.9259
15.046 -63.9319
15.046 63.9319
15.047 -63.9379
15.047 63.9379
15.048 -63.944
15.048 63.944
15.049 -63.95
15.049 63.95
15.05 -63.956
15.05 63.956
15.051 -63.962
15.051 63.962
15.052 -63.968
15.052 63.968
15.053 -63.9741
15.053 63.9741
15.054 -63.9801
15.054 63.9801
15.055 -63.9861
15.055 63.9861
15.056 -63.9921
15.056 63.9921
15.057 -63.9981
15.057 63.9981
15.058 -64.0042
15.058 64.0042
15.059 -64.0102
15.059 64.0102
15.06 -64.0162
15.06 64.0162
15.061 -64.0222
15.061 64.0222
15.062 -64.0282
15.062 64.0282
15.063 -64.0343
15.063 64.0343
15.064 -64.0403
15.064 64.0403
15.065 -64.0463
15.065 64.0463
15.066 -64.0523
15.066 64.0523
15.067 -64.0583
15.067 64.0583
15.068 -64.0644
15.068 64.0644
15.069 -64.0704
15.069 64.0704
15.07 -64.0764
15.07 64.0764
15.071 -64.0824
15.071 64.0824
15.072 -64.0884
15.072 64.0884
15.073 -64.0945
15.073 64.0945
15.074 -64.1005
15.074 64.1005
15.075 -64.1065
15.075 64.1065
15.076 -64.1125
15.076 64.1125
15.077 -64.1186
15.077 64.1186
15.078 -64.1246
15.078 64.1246
15.079 -64.1306
15.079 64.1306
15.08 -64.1366
15.08 64.1366
15.081 -64.1427
15.081 64.1427
15.082 -64.1487
15.082 64.1487
15.083 -64.1547
15.083 64.1547
15.084 -64.1607
15.084 64.1607
15.085 -64.1668
15.085 64.1668
15.086 -64.1728
15.086 64.1728
15.087 -64.1788
15.087 64.1788
15.088 -64.1848
15.088 64.1848
15.089 -64.1909
15.089 64.1909
15.09 -64.1969
15.09 64.1969
15.091 -64.2029
15.091 64.2029
15.092 -64.2089
15.092 64.2089
15.093 -64.215
15.093 64.215
15.094 -64.221
15.094 64.221
15.095 -64.227
15.095 64.227
15.096 -64.233
15.096 64.233
15.097 -64.2391
15.097 64.2391
15.098 -64.2451
15.098 64.2451
15.099 -64.2511
15.099 64.2511
15.1 -64.2571
15.1 64.2571
15.101 -64.2632
15.101 64.2632
15.102 -64.2692
15.102 64.2692
15.103 -64.2752
15.103 64.2752
15.104 -64.2813
15.104 64.2813
15.105 -64.2873
15.105 64.2873
15.106 -64.2933
15.106 64.2933
15.107 -64.2993
15.107 64.2993
15.108 -64.3054
15.108 64.3054
15.109 -64.3114
15.109 64.3114
15.11 -64.3174
15.11 64.3174
15.111 -64.3235
15.111 64.3235
15.112 -64.3295
15.112 64.3295
15.113 -64.3355
15.113 64.3355
15.114 -64.3416
15.114 64.3416
15.115 -64.3476
15.115 64.3476
15.116 -64.3536
15.116 64.3536
15.117 -64.3596
15.117 64.3596
15.118 -64.3657
15.118 64.3657
15.119 -64.3717
15.119 64.3717
15.12 -64.3777
15.12 64.3777
15.121 -64.3838
15.121 64.3838
15.122 -64.3898
15.122 64.3898
15.123 -64.3958
15.123 64.3958
15.124 -64.4019
15.124 64.4019
15.125 -64.4079
15.125 64.4079
15.126 -64.4139
15.126 64.4139
15.127 -64.42
15.127 64.42
15.128 -64.426
15.128 64.426
15.129 -64.432
15.129 64.432
15.13 -64.4381
15.13 64.4381
15.131 -64.4441
15.131 64.4441
15.132 -64.4501
15.132 64.4501
15.133 -64.4562
15.133 64.4562
15.134 -64.4622
15.134 64.4622
15.135 -64.4682
15.135 64.4682
15.136 -64.4743
15.136 64.4743
15.137 -64.4803
15.137 64.4803
15.138 -64.4863
15.138 64.4863
15.139 -64.4924
15.139 64.4924
15.14 -64.4984
15.14 64.4984
15.141 -64.5044
15.141 64.5044
15.142 -64.5105
15.142 64.5105
15.143 -64.5165
15.143 64.5165
15.144 -64.5225
15.144 64.5225
15.145 -64.5286
15.145 64.5286
15.146 -64.5346
15.146 64.5346
15.147 -64.5406
15.147 64.5406
15.148 -64.5467
15.148 64.5467
15.149 -64.5527
15.149 64.5527
15.15 -64.5588
15.15 64.5588
15.151 -64.5648
15.151 64.5648
15.152 -64.5708
15.152 64.5708
15.153 -64.5769
15.153 64.5769
15.154 -64.5829
15.154 64.5829
15.155 -64.5889
15.155 64.5889
15.156 -64.595
15.156 64.595
15.157 -64.601
15.157 64.601
15.158 -64.6071
15.158 64.6071
15.159 -64.6131
15.159 64.6131
15.16 -64.6191
15.16 64.6191
15.161 -64.6252
15.161 64.6252
15.162 -64.6312
15.162 64.6312
15.163 -64.6373
15.163 64.6373
15.164 -64.6433
15.164 64.6433
15.165 -64.6493
15.165 64.6493
15.166 -64.6554
15.166 64.6554
15.167 -64.6614
15.167 64.6614
15.168 -64.6675
15.168 64.6675
15.169 -64.6735
15.169 64.6735
15.17 -64.6795
15.17 64.6795
15.171 -64.6856
15.171 64.6856
15.172 -64.6916
15.172 64.6916
15.173 -64.6977
15.173 64.6977
15.174 -64.7037
15.174 64.7037
15.175 -64.7097
15.175 64.7097
15.176 -64.7158
15.176 64.7158
15.177 -64.7218
15.177 64.7218
15.178 -64.7279
15.178 64.7279
15.179 -64.7339
15.179 64.7339
15.18 -64.7399
15.18 64.7399
15.181 -64.746
15.181 64.746
15.182 -64.752
15.182 64.752
15.183 -64.7581
15.183 64.7581
15.184 -64.7641
15.184 64.7641
15.185 -64.7702
15.185 64.7702
15.186 -64.7762
15.186 64.7762
15.187 -64.7823
15.187 64.7823
15.188 -64.7883
15.188 64.7883
15.189 -64.7943
15.189 64.7943
15.19 -64.8004
15.19 64.8004
15.191 -64.8064
15.191 64.8064
15.192 -64.8125
15.192 64.8125
15.193 -64.8185
15.193 64.8185
15.194 -64.8246
15.194 64.8246
15.195 -64.8306
15.195 64.8306
15.196 -64.8367
15.196 64.8367
15.197 -64.8427
15.197 64.8427
15.198 -64.8487
15.198 64.8487
15.199 -64.8548
15.199 64.8548
15.2 -64.8608
15.2 64.8608
15.201 -64.8669
15.201 64.8669
15.202 -64.8729
15.202 64.8729
15.203 -64.879
15.203 64.879
15.204 -64.885
15.204 64.885
15.205 -64.8911
15.205 64.8911
15.206 -64.8971
15.206 64.8971
15.207 -64.9032
15.207 64.9032
15.208 -64.9092
15.208 64.9092
15.209 -64.9153
15.209 64.9153
15.21 -64.9213
15.21 64.9213
15.211 -64.9274
15.211 64.9274
15.212 -64.9334
15.212 64.9334
15.213 -64.9395
15.213 64.9395
15.214 -64.9455
15.214 64.9455
15.215 -64.9515
15.215 64.9515
15.216 -64.9576
15.216 64.9576
15.217 -64.9636
15.217 64.9636
15.218 -64.9697
15.218 64.9697
15.219 -64.9757
15.219 64.9757
15.22 -64.9818
15.22 64.9818
15.221 -64.9878
15.221 64.9878
15.222 -64.9939
15.222 64.9939
15.223 -64.9999
15.223 64.9999
15.224 -65.006
15.224 65.006
15.225 -65.012
15.225 65.012
15.226 -65.0181
15.226 65.0181
15.227 -65.0242
15.227 65.0242
15.228 -65.0302
15.228 65.0302
15.229 -65.0363
15.229 65.0363
15.23 -65.0423
15.23 65.0423
15.231 -65.0484
15.231 65.0484
15.232 -65.0544
15.232 65.0544
15.233 -65.0605
15.233 65.0605
15.234 -65.0665
15.234 65.0665
15.235 -65.0726
15.235 65.0726
15.236 -65.0786
15.236 65.0786
15.237 -65.0847
15.237 65.0847
15.238 -65.0907
15.238 65.0907
15.239 -65.0968
15.239 65.0968
15.24 -65.1028
15.24 65.1028
15.241 -65.1089
15.241 65.1089
15.242 -65.1149
15.242 65.1149
15.243 -65.121
15.243 65.121
15.244 -65.127
15.244 65.127
15.245 -65.1331
15.245 65.1331
15.246 -65.1392
15.246 65.1392
15.247 -65.1452
15.247 65.1452
15.248 -65.1513
15.248 65.1513
15.249 -65.1573
15.249 65.1573
15.25 -65.1634
15.25 65.1634
15.251 -65.1694
15.251 65.1694
15.252 -65.1755
15.252 65.1755
15.253 -65.1815
15.253 65.1815
15.254 -65.1876
15.254 65.1876
15.255 -65.1937
15.255 65.1937
15.256 -65.1997
15.256 65.1997
15.257 -65.2058
15.257 65.2058
15.258 -65.2118
15.258 65.2118
15.259 -65.2179
15.259 65.2179
15.26 -65.2239
15.26 65.2239
15.261 -65.23
15.261 65.23
15.262 -65.2361
15.262 65.2361
15.263 -65.2421
15.263 65.2421
15.264 -65.2482
15.264 65.2482
15.265 -65.2542
15.265 65.2542
15.266 -65.2603
15.266 65.2603
15.267 -65.2663
15.267 65.2663
15.268 -65.2724
15.268 65.2724
15.269 -65.2785
15.269 65.2785
15.27 -65.2845
15.27 65.2845
15.271 -65.2906
15.271 65.2906
15.272 -65.2966
15.272 65.2966
15.273 -65.3027
15.273 65.3027
15.274 -65.3088
15.274 65.3088
15.275 -65.3148
15.275 65.3148
15.276 -65.3209
15.276 65.3209
15.277 -65.3269
15.277 65.3269
15.278 -65.333
15.278 65.333
15.279 -65.3391
15.279 65.3391
15.28 -65.3451
15.28 65.3451
15.281 -65.3512
15.281 65.3512
15.282 -65.3572
15.282 65.3572
15.283 -65.3633
15.283 65.3633
15.284 -65.3694
15.284 65.3694
15.285 -65.3754
15.285 65.3754
15.286 -65.3815
15.286 65.3815
15.287 -65.3876
15.287 65.3876
15.288 -65.3936
15.288 65.3936
15.289 -65.3997
15.289 65.3997
15.29 -65.4057
15.29 65.4057
15.291 -65.4118
15.291 65.4118
15.292 -65.4179
15.292 65.4179
15.293 -65.4239
15.293 65.4239
15.294 -65.43
15.294 65.43
15.295 -65.4361
15.295 65.4361
15.296 -65.4421
15.296 65.4421
15.297 -65.4482
15.297 65.4482
15.298 -65.4543
15.298 65.4543
15.299 -65.4603
15.299 65.4603
15.3 -65.4664
15.3 65.4664
15.301 -65.4724
15.301 65.4724
15.302 -65.4785
15.302 65.4785
15.303 -65.4846
15.303 65.4846
15.304 -65.4906
15.304 65.4906
15.305 -65.4967
15.305 65.4967
15.306 -65.5028
15.306 65.5028
15.307 -65.5088
15.307 65.5088
15.308 -65.5149
15.308 65.5149
15.309 -65.521
15.309 65.521
15.31 -65.527
15.31 65.527
15.311 -65.5331
15.311 65.5331
15.312 -65.5392
15.312 65.5392
15.313 -65.5452
15.313 65.5452
15.314 -65.5513
15.314 65.5513
15.315 -65.5574
15.315 65.5574
15.316 -65.5634
15.316 65.5634
15.317 -65.5695
15.317 65.5695
15.318 -65.5756
15.318 65.5756
15.319 -65.5816
15.319 65.5816
15.32 -65.5877
15.32 65.5877
15.321 -65.5938
15.321 65.5938
15.322 -65.5998
15.322 65.5998
15.323 -65.6059
15.323 65.6059
15.324 -65.612
15.324 65.612
15.325 -65.6181
15.325 65.6181
15.326 -65.6241
15.326 65.6241
15.327 -65.6302
15.327 65.6302
15.328 -65.6363
15.328 65.6363
15.329 -65.6423
15.329 65.6423
15.33 -65.6484
15.33 65.6484
15.331 -65.6545
15.331 65.6545
15.332 -65.6605
15.332 65.6605
15.333 -65.6666
15.333 65.6666
15.334 -65.6727
15.334 65.6727
15.335 -65.6788
15.335 65.6788
15.336 -65.6848
15.336 65.6848
15.337 -65.6909
15.337 65.6909
15.338 -65.697
15.338 65.697
15.339 -65.703
15.339 65.703
15.34 -65.7091
15.34 65.7091
15.341 -65.7152
15.341 65.7152
15.342 -65.7213
15.342 65.7213
15.343 -65.7273
15.343 65.7273
15.344 -65.7334
15.344 65.7334
15.345 -65.7395
15.345 65.7395
15.346 -65.7456
15.346 65.7456
15.347 -65.7516
15.347 65.7516
15.348 -65.7577
15.348 65.7577
15.349 -65.7638
15.349 65.7638
15.35 -65.7698
15.35 65.7698
15.351 -65.7759
15.351 65.7759
15.352 -65.782
15.352 65.782
15.353 -65.7881
15.353 65.7881
15.354 -65.7941
15.354 65.7941
15.355 -65.8002
15.355 65.8002
15.356 -65.8063
15.356 65.8063
15.357 -65.8124
15.357 65.8124
15.358 -65.8184
15.358 65.8184
15.359 -65.8245
15.359 65.8245
15.36 -65.8306
15.36 65.8306
15.361 -65.8367
15.361 65.8367
15.362 -65.8427
15.362 65.8427
15.363 -65.8488
15.363 65.8488
15.364 -65.8549
15.364 65.8549
15.365 -65.861
15.365 65.861
15.366 -65.8671
15.366 65.8671
15.367 -65.8731
15.367 65.8731
15.368 -65.8792
15.368 65.8792
15.369 -65.8853
15.369 65.8853
15.37 -65.8914
15.37 65.8914
15.371 -65.8974
15.371 65.8974
15.372 -65.9035
15.372 65.9035
15.373 -65.9096
15.373 65.9096
15.374 -65.9157
15.374 65.9157
15.375 -65.9218
15.375 65.9218
15.376 -65.9278
15.376 65.9278
15.377 -65.9339
15.377 65.9339
15.378 -65.94
15.378 65.94
15.379 -65.9461
15.379 65.9461
15.38 -65.9521
15.38 65.9521
15.381 -65.9582
15.381 65.9582
15.382 -65.9643
15.382 65.9643
15.383 -65.9704
15.383 65.9704
15.384 -65.9765
15.384 65.9765
15.385 -65.9825
15.385 65.9825
15.386 -65.9886
15.386 65.9886
15.387 -65.9947
15.387 65.9947
15.388 -66.0008
15.388 66.0008
15.389 -66.0069
15.389 66.0069
15.39 -66.013
15.39 66.013
15.391 -66.019
15.391 66.019
15.392 -66.0251
15.392 66.0251
15.393 -66.0312
15.393 66.0312
15.394 -66.0373
15.394 66.0373
15.395 -66.0434
15.395 66.0434
15.396 -66.0494
15.396 66.0494
15.397 -66.0555
15.397 66.0555
15.398 -66.0616
15.398 66.0616
15.399 -66.0677
15.399 66.0677
15.4 -66.0738
15.4 66.0738
15.401 -66.0799
15.401 66.0799
15.402 -66.0859
15.402 66.0859
15.403 -66.092
15.403 66.092
15.404 -66.0981
15.404 66.0981
15.405 -66.1042
15.405 66.1042
15.406 -66.1103
15.406 66.1103
15.407 -66.1164
15.407 66.1164
15.408 -66.1224
15.408 66.1224
15.409 -66.1285
15.409 66.1285
15.41 -66.1346
15.41 66.1346
15.411 -66.1407
15.411 66.1407
15.412 -66.1468
15.412 66.1468
15.413 -66.1529
15.413 66.1529
15.414 -66.159
15.414 66.159
15.415 -66.165
15.415 66.165
15.416 -66.1711
15.416 66.1711
15.417 -66.1772
15.417 66.1772
15.418 -66.1833
15.418 66.1833
15.419 -66.1894
15.419 66.1894
15.42 -66.1955
15.42 66.1955
15.421 -66.2016
15.421 66.2016
15.422 -66.2077
15.422 66.2077
15.423 -66.2137
15.423 66.2137
15.424 -66.2198
15.424 66.2198
15.425 -66.2259
15.425 66.2259
15.426 -66.232
15.426 66.232
15.427 -66.2381
15.427 66.2381
15.428 -66.2442
15.428 66.2442
15.429 -66.2503
15.429 66.2503
15.43 -66.2564
15.43 66.2564
15.431 -66.2624
15.431 66.2624
15.432 -66.2685
15.432 66.2685
15.433 -66.2746
15.433 66.2746
15.434 -66.2807
15.434 66.2807
15.435 -66.2868
15.435 66.2868
15.436 -66.2929
15.436 66.2929
15.437 -66.299
15.437 66.299
15.438 -66.3051
15.438 66.3051
15.439 -66.3112
15.439 66.3112
15.44 -66.3173
15.44 66.3173
15.441 -66.3233
15.441 66.3233
15.442 -66.3294
15.442 66.3294
15.443 -66.3355
15.443 66.3355
15.444 -66.3416
15.444 66.3416
15.445 -66.3477
15.445 66.3477
15.446 -66.3538
15.446 66.3538
15.447 -66.3599
15.447 66.3599
15.448 -66.366
15.448 66.366
15.449 -66.3721
15.449 66.3721
15.45 -66.3782
15.45 66.3782
15.451 -66.3843
15.451 66.3843
15.452 -66.3904
15.452 66.3904
15.453 -66.3964
15.453 66.3964
15.454 -66.4025
15.454 66.4025
15.455 -66.4086
15.455 66.4086
15.456 -66.4147
15.456 66.4147
15.457 -66.4208
15.457 66.4208
15.458 -66.4269
15.458 66.4269
15.459 -66.433
15.459 66.433
15.46 -66.4391
15.46 66.4391
15.461 -66.4452
15.461 66.4452
15.462 -66.4513
15.462 66.4513
15.463 -66.4574
15.463 66.4574
15.464 -66.4635
15.464 66.4635
15.465 -66.4696
15.465 66.4696
15.466 -66.4757
15.466 66.4757
15.467 -66.4818
15.467 66.4818
15.468 -66.4879
15.468 66.4879
15.469 -66.494
15.469 66.494
15.47 -66.5001
15.47 66.5001
15.471 -66.5061
15.471 66.5061
15.472 -66.5122
15.472 66.5122
15.473 -66.5183
15.473 66.5183
15.474 -66.5244
15.474 66.5244
15.475 -66.5305
15.475 66.5305
15.476 -66.5366
15.476 66.5366
15.477 -66.5427
15.477 66.5427
15.478 -66.5488
15.478 66.5488
15.479 -66.5549
15.479 66.5549
15.48 -66.561
15.48 66.561
15.481 -66.5671
15.481 66.5671
15.482 -66.5732
15.482 66.5732
15.483 -66.5793
15.483 66.5793
15.484 -66.5854
15.484 66.5854
15.485 -66.5915
15.485 66.5915
15.486 -66.5976
15.486 66.5976
15.487 -66.6037
15.487 66.6037
15.488 -66.6098
15.488 66.6098
15.489 -66.6159
15.489 66.6159
15.49 -66.622
15.49 66.622
15.491 -66.6281
15.491 66.6281
15.492 -66.6342
15.492 66.6342
15.493 -66.6403
15.493 66.6403
15.494 -66.6464
15.494 66.6464
15.495 -66.6525
15.495 66.6525
15.496 -66.6586
15.496 66.6586
15.497 -66.6647
15.497 66.6647
15.498 -66.6708
15.498 66.6708
15.499 -66.6769
15.499 66.6769
15.5 -66.683
15.5 66.683
15.501 -66.6891
15.501 66.6891
15.502 -66.6952
15.502 66.6952
15.503 -66.7013
15.503 66.7013
15.504 -66.7074
15.504 66.7074
15.505 -66.7135
15.505 66.7135
15.506 -66.7196
15.506 66.7196
15.507 -66.7257
15.507 66.7257
15.508 -66.7318
15.508 66.7318
15.509 -66.7379
15.509 66.7379
15.51 -66.744
15.51 66.744
15.511 -66.7501
15.511 66.7501
15.512 -66.7563
15.512 66.7563
15.513 -66.7624
15.513 66.7624
15.514 -66.7685
15.514 66.7685
15.515 -66.7746
15.515 66.7746
15.516 -66.7807
15.516 66.7807
15.517 -66.7868
15.517 66.7868
15.518 -66.7929
15.518 66.7929
15.519 -66.799
15.519 66.799
15.52 -66.8051
15.52 66.8051
15.521 -66.8112
15.521 66.8112
15.522 -66.8173
15.522 66.8173
15.523 -66.8234
15.523 66.8234
15.524 -66.8295
15.524 66.8295
15.525 -66.8356
15.525 66.8356
15.526 -66.8417
15.526 66.8417
15.527 -66.8478
15.527 66.8478
15.528 -66.8539
15.528 66.8539
15.529 -66.86
15.529 66.86
15.53 -66.8662
15.53 66.8662
15.531 -66.8723
15.531 66.8723
15.532 -66.8784
15.532 66.8784
15.533 -66.8845
15.533 66.8845
15.534 -66.8906
15.534 66.8906
15.535 -66.8967
15.535 66.8967
15.536 -66.9028
15.536 66.9028
15.537 -66.9089
15.537 66.9089
15.538 -66.915
15.538 66.915
15.539 -66.9211
15.539 66.9211
15.54 -66.9272
15.54 66.9272
15.541 -66.9333
15.541 66.9333
15.542 -66.9394
15.542 66.9394
15.543 -66.9456
15.543 66.9456
15.544 -66.9517
15.544 66.9517
15.545 -66.9578
15.545 66.9578
15.546 -66.9639
15.546 66.9639
15.547 -66.97
15.547 66.97
15.548 -66.9761
15.548 66.9761
15.549 -66.9822
15.549 66.9822
15.55 -66.9883
15.55 66.9883
15.551 -66.9944
15.551 66.9944
15.552 -67.0006
15.552 67.0006
15.553 -67.0067
15.553 67.0067
15.554 -67.0128
15.554 67.0128
15.555 -67.0189
15.555 67.0189
15.556 -67.025
15.556 67.025
15.557 -67.0311
15.557 67.0311
15.558 -67.0372
15.558 67.0372
15.559 -67.0433
15.559 67.0433
15.56 -67.0494
15.56 67.0494
15.561 -67.0556
15.561 67.0556
15.562 -67.0617
15.562 67.0617
15.563 -67.0678
15.563 67.0678
15.564 -67.0739
15.564 67.0739
15.565 -67.08
15.565 67.08
15.566 -67.0861
15.566 67.0861
15.567 -67.0922
15.567 67.0922
15.568 -67.0984
15.568 67.0984
15.569 -67.1045
15.569 67.1045
15.57 -67.1106
15.57 67.1106
15.571 -67.1167
15.571 67.1167
15.572 -67.1228
15.572 67.1228
15.573 -67.1289
15.573 67.1289
15.574 -67.135
15.574 67.135
15.575 -67.1412
15.575 67.1412
15.576 -67.1473
15.576 67.1473
15.577 -67.1534
15.577 67.1534
15.578 -67.1595
15.578 67.1595
15.579 -67.1656
15.579 67.1656
15.58 -67.1717
15.58 67.1717
15.581 -67.1779
15.581 67.1779
15.582 -67.184
15.582 67.184
15.583 -67.1901
15.583 67.1901
15.584 -67.1962
15.584 67.1962
15.585 -67.2023
15.585 67.2023
15.586 -67.2084
15.586 67.2084
15.587 -67.2146
15.587 67.2146
15.588 -67.2207
15.588 67.2207
15.589 -67.2268
15.589 67.2268
15.59 -67.2329
15.59 67.2329
15.591 -67.239
15.591 67.239
15.592 -67.2451
15.592 67.2451
15.593 -67.2513
15.593 67.2513
15.594 -67.2574
15.594 67.2574
15.595 -67.2635
15.595 67.2635
15.596 -67.2696
15.596 67.2696
15.597 -67.2757
15.597 67.2757
15.598 -67.2819
15.598 67.2819
15.599 -67.288
15.599 67.288
15.6 -67.2941
15.6 67.2941
15.601 -67.3002
15.601 67.3002
15.602 -67.3063
15.602 67.3063
15.603 -67.3125
15.603 67.3125
15.604 -67.3186
15.604 67.3186
15.605 -67.3247
15.605 67.3247
15.606 -67.3308
15.606 67.3308
15.607 -67.3369
15.607 67.3369
15.608 -67.3431
15.608 67.3431
15.609 -67.3492
15.609 67.3492
15.61 -67.3553
15.61 67.3553
15.611 -67.3614
15.611 67.3614
15.612 -67.3676
15.612 67.3676
15.613 -67.3737
15.613 67.3737
15.614 -67.3798
15.614 67.3798
15.615 -67.3859
15.615 67.3859
15.616 -67.392
15.616 67.392
15.617 -67.3982
15.617 67.3982
15.618 -67.4043
15.618 67.4043
15.619 -67.4104
15.619 67.4104
15.62 -67.4165
15.62 67.4165
15.621 -67.4227
15.621 67.4227
15.622 -67.4288
15.622 67.4288
15.623 -67.4349
15.623 67.4349
15.624 -67.441
15.624 67.441
15.625 -67.4472
15.625 67.4472
15.626 -67.4533
15.626 67.4533
15.627 -67.4594
15.627 67.4594
15.628 -67.4655
15.628 67.4655
15.629 -67.4717
15.629 67.4717
15.63 -67.4778
15.63 67.4778
15.631 -67.4839
15.631 67.4839
15.632 -67.49
15.632 67.49
15.633 -67.4962
15.633 67.4962
15.634 -67.5023
15.634 67.5023
15.635 -67.5084
15.635 67.5084
15.636 -67.5145
15.636 67.5145
15.637 -67.5207
15.637 67.5207
15.638 -67.5268
15.638 67.5268
15.639 -67.5329
15.639 67.5329
15.64 -67.539
15.64 67.539
15.641 -67.5452
15.641 67.5452
15.642 -67.5513
15.642 67.5513
15.643 -67.5574
15.643 67.5574
15.644 -67.5636
15.644 67.5636
15.645 -67.5697
15.645 67.5697
15.646 -67.5758
15.646 67.5758
15.647 -67.5819
15.647 67.5819
15.648 -67.5881
15.648 67.5881
15.649 -67.5942
15.649 67.5942
15.65 -67.6003
15.65 67.6003
15.651 -67.6065
15.651 67.6065
15.652 -67.6126
15.652 67.6126
15.653 -67.6187
15.653 67.6187
15.654 -67.6248
15.654 67.6248
15.655 -67.631
15.655 67.631
15.656 -67.6371
15.656 67.6371
15.657 -67.6432
15.657 67.6432
15.658 -67.6494
15.658 67.6494
15.659 -67.6555
15.659 67.6555
15.66 -67.6616
15.66 67.6616
15.661 -67.6678
15.661 67.6678
15.662 -67.6739
15.662 67.6739
15.663 -67.68
15.663 67.68
15.664 -67.6862
15.664 67.6862
15.665 -67.6923
15.665 67.6923
15.666 -67.6984
15.666 67.6984
15.667 -67.7046
15.667 67.7046
15.668 -67.7107
15.668 67.7107
15.669 -67.7168
15.669 67.7168
15.67 -67.723
15.67 67.723
15.671 -67.7291
15.671 67.7291
15.672 -67.7352
15.672 67.7352
15.673 -67.7413
15.673 67.7413
15.674 -67.7475
15.674 67.7475
15.675 -67.7536
15.675 67.7536
15.676 -67.7598
15.676 67.7598
15.677 -67.7659
15.677 67.7659
15.678 -67.772
15.678 67.772
15.679 -67.7782
15.679 67.7782
15.68 -67.7843
15.68 67.7843
15.681 -67.7904
15.681 67.7904
15.682 -67.7966
15.682 67.7966
15.683 -67.8027
15.683 67.8027
15.684 -67.8088
15.684 67.8088
15.685 -67.815
15.685 67.815
15.686 -67.8211
15.686 67.8211
15.687 -67.8272
15.687 67.8272
15.688 -67.8334
15.688 67.8334
15.689 -67.8395
15.689 67.8395
15.69 -67.8456
15.69 67.8456
15.691 -67.8518
15.691 67.8518
15.692 -67.8579
15.692 67.8579
15.693 -67.8641
15.693 67.8641
15.694 -67.8702
15.694 67.8702
15.695 -67.8763
15.695 67.8763
15.696 -67.8825
15.696 67.8825
15.697 -67.8886
15.697 67.8886
15.698 -67.8947
15.698 67.8947
15.699 -67.9009
15.699 67.9009
15.7 -67.907
15.7 67.907
15.701 -67.9132
15.701 67.9132
15.702 -67.9193
15.702 67.9193
15.703 -67.9254
15.703 67.9254
15.704 -67.9316
15.704 67.9316
15.705 -67.9377
15.705 67.9377
15.706 -67.9439
15.706 67.9439
15.707 -67.95
15.707 67.95
15.708 -67.9561
15.708 67.9561
15.709 -67.9623
15.709 67.9623
15.71 -67.9684
15.71 67.9684
15.711 -67.9745
15.711 67.9745
15.712 -67.9807
15.712 67.9807
15.713 -67.9868
15.713 67.9868
15.714 -67.993
15.714 67.993
15.715 -67.9991
15.715 67.9991
15.716 -68.0053
15.716 68.0053
15.717 -68.0114
15.717 68.0114
15.718 -68.0175
15.718 68.0175
15.719 -68.0237
15.719 68.0237
15.72 -68.0298
15.72 68.0298
15.721 -68.036
15.721 68.036
15.722 -68.0421
15.722 68.0421
15.723 -68.0482
15.723 68.0482
15.724 -68.0544
15.724 68.0544
15.725 -68.0605
15.725 68.0605
15.726 -68.0667
15.726 68.0667
15.727 -68.0728
15.727 68.0728
15.728 -68.079
15.728 68.079
15.729 -68.0851
15.729 68.0851
15.73 -68.0912
15.73 68.0912
15.731 -68.0974
15.731 68.0974
15.732 -68.1035
15.732 68.1035
15.733 -68.1097
15.733 68.1097
15.734 -68.1158
15.734 68.1158
15.735 -68.122
15.735 68.122
15.736 -68.1281
15.736 68.1281
15.737 -68.1343
15.737 68.1343
15.738 -68.1404
15.738 68.1404
15.739 -68.1466
15.739 68.1466
15.74 -68.1527
15.74 68.1527
15.741 -68.1588
15.741 68.1588
15.742 -68.165
15.742 68.165
15.743 -68.1711
15.743 68.1711
15.744 -68.1773
15.744 68.1773
15.745 -68.1834
15.745 68.1834
15.746 -68.1896
15.746 68.1896
15.747 -68.1957
15.747 68.1957
15.748 -68.2019
15.748 68.2019
15.749 -68.208
15.749 68.208
15.75 -68.2142
15.75 68.2142
15.751 -68.2203
15.751 68.2203
15.752 -68.2265
15.752 68.2265
15.753 -68.2326
15.753 68.2326
15.754 -68.2388
15.754 68.2388
15.755 -68.2449
15.755 68.2449
15.756 -68.251
15.756 68.251
15.757 -68.2572
15.757 68.2572
15.758 -68.2633
15.758 68.2633
15.759 -68.2695
15.759 68.2695
15.76 -68.2756
15.76 68.2756
15.761 -68.2818
15.761 68.2818
15.762 -68.2879
15.762 68.2879
15.763 -68.2941
15.763 68.2941
15.764 -68.3002
15.764 68.3002
15.765 -68.3064
15.765 68.3064
15.766 -68.3125
15.766 68.3125
15.767 -68.3187
15.767 68.3187
15.768 -68.3248
15.768 68.3248
15.769 -68.331
15.769 68.331
15.77 -68.3371
15.77 68.3371
15.771 -68.3433
15.771 68.3433
15.772 -68.3495
15.772 68.3495
15.773 -68.3556
15.773 68.3556
15.774 -68.3618
15.774 68.3618
15.775 -68.3679
15.775 68.3679
15.776 -68.3741
15.776 68.3741
15.777 -68.3802
15.777 68.3802
15.778 -68.3864
15.778 68.3864
15.779 -68.3925
15.779 68.3925
15.78 -68.3987
15.78 68.3987
15.781 -68.4048
15.781 68.4048
15.782 -68.411
15.782 68.411
15.783 -68.4171
15.783 68.4171
15.784 -68.4233
15.784 68.4233
15.785 -68.4294
15.785 68.4294
15.786 -68.4356
15.786 68.4356
15.787 -68.4417
15.787 68.4417
15.788 -68.4479
15.788 68.4479
15.789 -68.4541
15.789 68.4541
15.79 -68.4602
15.79 68.4602
15.791 -68.4664
15.791 68.4664
15.792 -68.4725
15.792 68.4725
15.793 -68.4787
15.793 68.4787
15.794 -68.4848
15.794 68.4848
15.795 -68.491
15.795 68.491
15.796 -68.4971
15.796 68.4971
15.797 -68.5033
15.797 68.5033
15.798 -68.5095
15.798 68.5095
15.799 -68.5156
15.799 68.5156
15.8 -68.5218
15.8 68.5218
15.801 -68.5279
15.801 68.5279
15.802 -68.5341
15.802 68.5341
15.803 -68.5402
15.803 68.5402
15.804 -68.5464
15.804 68.5464
15.805 -68.5525
15.805 68.5525
15.806 -68.5587
15.806 68.5587
15.807 -68.5649
15.807 68.5649
15.808 -68.571
15.808 68.571
15.809 -68.5772
15.809 68.5772
15.81 -68.5833
15.81 68.5833
15.811 -68.5895
15.811 68.5895
15.812 -68.5957
15.812 68.5957
15.813 -68.6018
15.813 68.6018
15.814 -68.608
15.814 68.608
15.815 -68.6141
15.815 68.6141
15.816 -68.6203
15.816 68.6203
15.817 -68.6265
15.817 68.6265
15.818 -68.6326
15.818 68.6326
15.819 -68.6388
15.819 68.6388
15.82 -68.6449
15.82 68.6449
15.821 -68.6511
15.821 68.6511
15.822 -68.6573
15.822 68.6573
15.823 -68.6634
15.823 68.6634
15.824 -68.6696
15.824 68.6696
15.825 -68.6757
15.825 68.6757
15.826 -68.6819
15.826 68.6819
15.827 -68.6881
15.827 68.6881
15.828 -68.6942
15.828 68.6942
15.829 -68.7004
15.829 68.7004
15.83 -68.7065
15.83 68.7065
15.831 -68.7127
15.831 68.7127
15.832 -68.7189
15.832 68.7189
15.833 -68.725
15.833 68.725
15.834 -68.7312
15.834 68.7312
15.835 -68.7374
15.835 68.7374
15.836 -68.7435
15.836 68.7435
15.837 -68.7497
15.837 68.7497
15.838 -68.7558
15.838 68.7558
15.839 -68.762
15.839 68.762
15.84 -68.7682
15.84 68.7682
15.841 -68.7743
15.841 68.7743
15.842 -68.7805
15.842 68.7805
15.843 -68.7867
15.843 68.7867
15.844 -68.7928
15.844 68.7928
15.845 -68.799
15.845 68.799
15.846 -68.8052
15.846 68.8052
15.847 -68.8113
15.847 68.8113
15.848 -68.8175
15.848 68.8175
15.849 -68.8237
15.849 68.8237
15.85 -68.8298
15.85 68.8298
15.851 -68.836
15.851 68.836
15.852 -68.8422
15.852 68.8422
15.853 -68.8483
15.853 68.8483
15.854 -68.8545
15.854 68.8545
15.855 -68.8607
15.855 68.8607
15.856 -68.8668
15.856 68.8668
15.857 -68.873
15.857 68.873
15.858 -68.8792
15.858 68.8792
15.859 -68.8853
15.859 68.8853
15.86 -68.8915
15.86 68.8915
15.861 -68.8977
15.861 68.8977
15.862 -68.9038
15.862 68.9038
15.863 -68.91
15.863 68.91
15.864 -68.9162
15.864 68.9162
15.865 -68.9223
15.865 68.9223
15.866 -68.9285
15.866 68.9285
15.867 -68.9347
15.867 68.9347
15.868 -68.9408
15.868 68.9408
15.869 -68.947
15.869 68.947
15.87 -68.9532
15.87 68.9532
15.871 -68.9593
15.871 68.9593
15.872 -68.9655
15.872 68.9655
15.873 -68.9717
15.873 68.9717
15.874 -68.9778
15.874 68.9778
15.875 -68.984
15.875 68.984
15.876 -68.9902
15.876 68.9902
15.877 -68.9964
15.877 68.9964
15.878 -69.0025
15.878 69.0025
15.879 -69.0087
15.879 69.0087
15.88 -69.0149
15.88 69.0149
15.881 -69.021
15.881 69.021
15.882 -69.0272
15.882 69.0272
15.883 -69.0334
15.883 69.0334
15.884 -69.0396
15.884 69.0396
15.885 -69.0457
15.885 69.0457
15.886 -69.0519
15.886 69.0519
15.887 -69.0581
15.887 69.0581
15.888 -69.0642
15.888 69.0642
15.889 -69.0704
15.889 69.0704
15.89 -69.0766
15.89 69.0766
15.891 -69.0828
15.891 69.0828
15.892 -69.0889
15.892 69.0889
15.893 -69.0951
15.893 69.0951
15.894 -69.1013
15.894 69.1013
15.895 -69.1075
15.895 69.1075
15.896 -69.1136
15.896 69.1136
15.897 -69.1198
15.897 69.1198
15.898 -69.126
15.898 69.126
15.899 -69.1322
15.899 69.1322
15.9 -69.1383
15.9 69.1383
15.901 -69.1445
15.901 69.1445
15.902 -69.1507
15.902 69.1507
15.903 -69.1569
15.903 69.1569
15.904 -69.163
15.904 69.163
15.905 -69.1692
15.905 69.1692
15.906 -69.1754
15.906 69.1754
15.907 -69.1816
15.907 69.1816
15.908 -69.1877
15.908 69.1877
15.909 -69.1939
15.909 69.1939
15.91 -69.2001
15.91 69.2001
15.911 -69.2063
15.911 69.2063
15.912 -69.2124
15.912 69.2124
15.913 -69.2186
15.913 69.2186
15.914 -69.2248
15.914 69.2248
15.915 -69.231
15.915 69.231
15.916 -69.2372
15.916 69.2372
15.917 -69.2433
15.917 69.2433
15.918 -69.2495
15.918 69.2495
15.919 -69.2557
15.919 69.2557
15.92 -69.2619
15.92 69.2619
15.921 -69.268
15.921 69.268
15.922 -69.2742
15.922 69.2742
15.923 -69.2804
15.923 69.2804
15.924 -69.2866
15.924 69.2866
15.925 -69.2928
15.925 69.2928
15.926 -69.2989
15.926 69.2989
15.927 -69.3051
15.927 69.3051
15.928 -69.3113
15.928 69.3113
15.929 -69.3175
15.929 69.3175
15.93 -69.3237
15.93 69.3237
15.931 -69.3298
15.931 69.3298
15.932 -69.336
15.932 69.336
15.933 -69.3422
15.933 69.3422
15.934 -69.3484
15.934 69.3484
15.935 -69.3546
15.935 69.3546
15.936 -69.3607
15.936 69.3607
15.937 -69.3669
15.937 69.3669
15.938 -69.3731
15.938 69.3731
15.939 -69.3793
15.939 69.3793
15.94 -69.3855
15.94 69.3855
15.941 -69.3917
15.941 69.3917
15.942 -69.3978
15.942 69.3978
15.943 -69.404
15.943 69.404
15.944 -69.4102
15.944 69.4102
15.945 -69.4164
15.945 69.4164
15.946 -69.4226
15.946 69.4226
15.947 -69.4287
15.947 69.4287
15.948 -69.4349
15.948 69.4349
15.949 -69.4411
15.949 69.4411
15.95 -69.4473
15.95 69.4473
15.951 -69.4535
15.951 69.4535
15.952 -69.4597
15.952 69.4597
15.953 -69.4659
15.953 69.4659
15.954 -69.472
15.954 69.472
15.955 -69.4782
15.955 69.4782
15.956 -69.4844
15.956 69.4844
15.957 -69.4906
15.957 69.4906
15.958 -69.4968
15.958 69.4968
15.959 -69.503
15.959 69.503
15.96 -69.5091
15.96 69.5091
15.961 -69.5153
15.961 69.5153
15.962 -69.5215
15.962 69.5215
15.963 -69.5277
15.963 69.5277
15.964 -69.5339
15.964 69.5339
15.965 -69.5401
15.965 69.5401
15.966 -69.5463
15.966 69.5463
15.967 -69.5525
15.967 69.5525
15.968 -69.5586
15.968 69.5586
15.969 -69.5648
15.969 69.5648
15.97 -69.571
15.97 69.571
15.971 -69.5772
15.971 69.5772
15.972 -69.5834
15.972 69.5834
15.973 -69.5896
15.973 69.5896
15.974 -69.5958
15.974 69.5958
15.975 -69.602
15.975 69.602
15.976 -69.6081
15.976 69.6081
15.977 -69.6143
15.977 69.6143
15.978 -69.6205
15.978 69.6205
15.979 -69.6267
15.979 69.6267
15.98 -69.6329
15.98 69.6329
15.981 -69.6391
15.981 69.6391
15.982 -69.6453
15.982 69.6453
15.983 -69.6515
15.983 69.6515
15.984 -69.6577
15.984 69.6577
15.985 -69.6638
15.985 69.6638
15.986 -69.67
15.986 69.67
15.987 -69.6762
15.987 69.6762
15.988 -69.6824
15.988 69.6824
15.989 -69.6886
15.989 69.6886
15.99 -69.6948
15.99 69.6948
15.991 -69.701
15.991 69.701
15.992 -69.7072
15.992 69.7072
15.993 -69.7134
15.993 69.7134
15.994 -69.7196
15.994 69.7196
15.995 -69.7258
15.995 69.7258
15.996 -69.7319
15.996 69.7319
15.997 -69.7381
15.997 69.7381
15.998 -69.7443
15.998 69.7443
15.999 -69.7505
15.999 69.7505
16 -69.7567
16 69.7567
16.001 -69.7629
16.001 69.7629
16.002 -69.7691
16.002 69.7691
16.003 -69.7753
16.003 69.7753
16.004 -69.7815
16.004 69.7815
16.005 -69.7877
16.005 69.7877
16.006 -69.7939
16.006 69.7939
16.007 -69.8001
16.007 69.8001
16.008 -69.8063
16.008 69.8063
16.009 -69.8125
16.009 69.8125
16.01 -69.8187
16.01 69.8187
16.011 -69.8249
16.011 69.8249
16.012 -69.831
16.012 69.831
16.013 -69.8372
16.013 69.8372
16.014 -69.8434
16.014 69.8434
16.015 -69.8496
16.015 69.8496
16.016 -69.8558
16.016 69.8558
16.017 -69.862
16.017 69.862
16.018 -69.8682
16.018 69.8682
16.019 -69.8744
16.019 69.8744
16.02 -69.8806
16.02 69.8806
16.021 -69.8868
16.021 69.8868
16.022 -69.893
16.022 69.893
16.023 -69.8992
16.023 69.8992
16.024 -69.9054
16.024 69.9054
16.025 -69.9116
16.025 69.9116
16.026 -69.9178
16.026 69.9178
16.027 -69.924
16.027 69.924
16.028 -69.9302
16.028 69.9302
16.029 -69.9364
16.029 69.9364
16.03 -69.9426
16.03 69.9426
16.031 -69.9488
16.031 69.9488
16.032 -69.955
16.032 69.955
16.033 -69.9612
16.033 69.9612
16.034 -69.9674
16.034 69.9674
16.035 -69.9736
16.035 69.9736
16.036 -69.9798
16.036 69.9798
16.037 -69.986
16.037 69.986
16.038 -69.9922
16.038 69.9922
16.039 -69.9984
16.039 69.9984
16.04 -70.0046
16.04 70.0046
16.041 -70.0108
16.041 70.0108
16.042 -70.017
16.042 70.017
16.043 -70.0232
16.043 70.0232
16.044 -70.0294
16.044 70.0294
16.045 -70.0356
16.045 70.0356
16.046 -70.0418
16.046 70.0418
16.047 -70.048
16.047 70.048
16.048 -70.0542
16.048 70.0542
16.049 -70.0604
16.049 70.0604
16.05 -70.0666
16.05 70.0666
16.051 -70.0728
16.051 70.0728
16.052 -70.079
16.052 70.079
16.053 -70.0852
16.053 70.0852
16.054 -70.0914
16.054 70.0914
16.055 -70.0976
16.055 70.0976
16.056 -70.1038
16.056 70.1038
16.057 -70.11
16.057 70.11
16.058 -70.1162
16.058 70.1162
16.059 -70.1224
16.059 70.1224
16.06 -70.1286
16.06 70.1286
16.061 -70.1348
16.061 70.1348
16.062 -70.141
16.062 70.141
16.063 -70.1472
16.063 70.1472
16.064 -70.1534
16.064 70.1534
16.065 -70.1596
16.065 70.1596
16.066 -70.1658
16.066 70.1658
16.067 -70.1721
16.067 70.1721
16.068 -70.1783
16.068 70.1783
16.069 -70.1845
16.069 70.1845
16.07 -70.1907
16.07 70.1907
16.071 -70.1969
16.071 70.1969
16.072 -70.2031
16.072 70.2031
16.073 -70.2093
16.073 70.2093
16.074 -70.2155
16.074 70.2155
16.075 -70.2217
16.075 70.2217
16.076 -70.2279
16.076 70.2279
16.077 -70.2341
16.077 70.2341
16.078 -70.2403
16.078 70.2403
16.079 -70.2465
16.079 70.2465
16.08 -70.2527
16.08 70.2527
16.081 -70.2589
16.081 70.2589
16.082 -70.2652
16.082 70.2652
16.083 -70.2714
16.083 70.2714
16.084 -70.2776
16.084 70.2776
16.085 -70.2838
16.085 70.2838
16.086 -70.29
16.086 70.29
16.087 -70.2962
16.087 70.2962
16.088 -70.3024
16.088 70.3024
16.089 -70.3086
16.089 70.3086
16.09 -70.3148
16.09 70.3148
16.091 -70.321
16.091 70.321
16.092 -70.3272
16.092 70.3272
16.093 -70.3334
16.093 70.3334
16.094 -70.3397
16.094 70.3397
16.095 -70.3459
16.095 70.3459
16.096 -70.3521
16.096 70.3521
16.097 -70.3583
16.097 70.3583
16.098 -70.3645
16.098 70.3645
16.099 -70.3707
16.099 70.3707
16.1 -70.3769
16.1 70.3769
16.101 -70.3831
16.101 70.3831
16.102 -70.3893
16.102 70.3893
16.103 -70.3956
16.103 70.3956
16.104 -70.4018
16.104 70.4018
16.105 -70.408
16.105 70.408
16.106 -70.4142
16.106 70.4142
16.107 -70.4204
16.107 70.4204
16.108 -70.4266
16.108 70.4266
16.109 -70.4328
16.109 70.4328
16.11 -70.439
16.11 70.439
16.111 -70.4453
16.111 70.4453
16.112 -70.4515
16.112 70.4515
16.113 -70.4577
16.113 70.4577
16.114 -70.4639
16.114 70.4639
16.115 -70.4701
16.115 70.4701
16.116 -70.4763
16.116 70.4763
16.117 -70.4825
16.117 70.4825
16.118 -70.4887
16.118 70.4887
16.119 -70.495
16.119 70.495
16.12 -70.5012
16.12 70.5012
16.121 -70.5074
16.121 70.5074
16.122 -70.5136
16.122 70.5136
16.123 -70.5198
16.123 70.5198
16.124 -70.526
16.124 70.526
16.125 -70.5323
16.125 70.5323
16.126 -70.5385
16.126 70.5385
16.127 -70.5447
16.127 70.5447
16.128 -70.5509
16.128 70.5509
16.129 -70.5571
16.129 70.5571
16.13 -70.5633
16.13 70.5633
16.131 -70.5696
16.131 70.5696
16.132 -70.5758
16.132 70.5758
16.133 -70.582
16.133 70.582
16.134 -70.5882
16.134 70.5882
16.135 -70.5944
16.135 70.5944
16.136 -70.6006
16.136 70.6006
16.137 -70.6069
16.137 70.6069
16.138 -70.6131
16.138 70.6131
16.139 -70.6193
16.139 70.6193
16.14 -70.6255
16.14 70.6255
16.141 -70.6317
16.141 70.6317
16.142 -70.6379
16.142 70.6379
16.143 -70.6442
16.143 70.6442
16.144 -70.6504
16.144 70.6504
16.145 -70.6566
16.145 70.6566
16.146 -70.6628
16.146 70.6628
16.147 -70.669
16.147 70.669
16.148 -70.6753
16.148 70.6753
16.149 -70.6815
16.149 70.6815
16.15 -70.6877
16.15 70.6877
16.151 -70.6939
16.151 70.6939
16.152 -70.7001
16.152 70.7001
16.153 -70.7064
16.153 70.7064
16.154 -70.7126
16.154 70.7126
16.155 -70.7188
16.155 70.7188
16.156 -70.725
16.156 70.725
16.157 -70.7312
16.157 70.7312
16.158 -70.7375
16.158 70.7375
16.159 -70.7437
16.159 70.7437
16.16 -70.7499
16.16 70.7499
16.161 -70.7561
16.161 70.7561
16.162 -70.7624
16.162 70.7624
16.163 -70.7686
16.163 70.7686
16.164 -70.7748
16.164 70.7748
16.165 -70.781
16.165 70.781
16.166 -70.7872
16.166 70.7872
16.167 -70.7935
16.167 70.7935
16.168 -70.7997
16.168 70.7997
16.169 -70.8059
16.169 70.8059
16.17 -70.8121
16.17 70.8121
16.171 -70.8184
16.171 70.8184
16.172 -70.8246
16.172 70.8246
16.173 -70.8308
16.173 70.8308
16.174 -70.837
16.174 70.837
16.175 -70.8433
16.175 70.8433
16.176 -70.8495
16.176 70.8495
16.177 -70.8557
16.177 70.8557
16.178 -70.8619
16.178 70.8619
16.179 -70.8682
16.179 70.8682
16.18 -70.8744
16.18 70.8744
16.181 -70.8806
16.181 70.8806
16.182 -70.8868
16.182 70.8868
16.183 -70.8931
16.183 70.8931
16.184 -70.8993
16.184 70.8993
16.185 -70.9055
16.185 70.9055
16.186 -70.9117
16.186 70.9117
16.187 -70.918
16.187 70.918
16.188 -70.9242
16.188 70.9242
16.189 -70.9304
16.189 70.9304
16.19 -70.9366
16.19 70.9366
16.191 -70.9429
16.191 70.9429
16.192 -70.9491
16.192 70.9491
16.193 -70.9553
16.193 70.9553
16.194 -70.9616
16.194 70.9616
16.195 -70.9678
16.195 70.9678
16.196 -70.974
16.196 70.974
16.197 -70.9802
16.197 70.9802
16.198 -70.9865
16.198 70.9865
16.199 -70.9927
16.199 70.9927
16.2 -70.9989
16.2 70.9989
16.201 -71.0052
16.201 71.0052
16.202 -71.0114
16.202 71.0114
16.203 -71.0176
16.203 71.0176
16.204 -71.0238
16.204 71.0238
16.205 -71.0301
16.205 71.0301
16.206 -71.0363
16.206 71.0363
16.207 -71.0425
16.207 71.0425
16.208 -71.0488
16.208 71.0488
16.209 -71.055
16.209 71.055
16.21 -71.0612
16.21 71.0612
16.211 -71.0675
16.211 71.0675
16.212 -71.0737
16.212 71.0737
16.213 -71.0799
16.213 71.0799
16.214 -71.0862
16.214 71.0862
16.215 -71.0924
16.215 71.0924
16.216 -71.0986
16.216 71.0986
16.217 -71.1049
16.217 71.1049
16.218 -71.1111
16.218 71.1111
16.219 -71.1173
16.219 71.1173
16.22 -71.1235
16.22 71.1235
16.221 -71.1298
16.221 71.1298
16.222 -71.136
16.222 71.136
16.223 -71.1422
16.223 71.1422
16.224 -71.1485
16.224 71.1485
16.225 -71.1547
16.225 71.1547
16.226 -71.1609
16.226 71.1609
16.227 -71.1672
16.227 71.1672
16.228 -71.1734
16.228 71.1734
16.229 -71.1796
16.229 71.1796
16.23 -71.1859
16.23 71.1859
16.231 -71.1921
16.231 71.1921
16.232 -71.1984
16.232 71.1984
16.233 -71.2046
16.233 71.2046
16.234 -71.2108
16.234 71.2108
16.235 -71.2171
16.235 71.2171
16.236 -71.2233
16.236 71.2233
16.237 -71.2295
16.237 71.2295
16.238 -71.2358
16.238 71.2358
16.239 -71.242
16.239 71.242
16.24 -71.2482
16.24 71.2482
16.241 -71.2545
16.241 71.2545
16.242 -71.2607
16.242 71.2607
16.243 -71.2669
16.243 71.2669
16.244 -71.2732
16.244 71.2732
16.245 -71.2794
16.245 71.2794
16.246 -71.2857
16.246 71.2857
16.247 -71.2919
16.247 71.2919
16.248 -71.2981
16.248 71.2981
16.249 -71.3044
16.249 71.3044
16.25 -71.3106
16.25 71.3106
16.251 -71.3168
16.251 71.3168
16.252 -71.3231
16.252 71.3231
16.253 -71.3293
16.253 71.3293
16.254 -71.3356
16.254 71.3356
16.255 -71.3418
16.255 71.3418
16.256 -71.348
16.256 71.348
16.257 -71.3543
16.257 71.3543
16.258 -71.3605
16.258 71.3605
16.259 -71.3668
16.259 71.3668
16.26 -71.373
16.26 71.373
16.261 -71.3792
16.261 71.3792
16.262 -71.3855
16.262 71.3855
16.263 -71.3917
16.263 71.3917
16.264 -71.398
16.264 71.398
16.265 -71.4042
16.265 71.4042
16.266 -71.4104
16.266 71.4104
16.267 -71.4167
16.267 71.4167
16.268 -71.4229
16.268 71.4229
16.269 -71.4292
16.269 71.4292
16.27 -71.4354
16.27 71.4354
16.271 -71.4417
16.271 71.4417
16.272 -71.4479
16.272 71.4479
16.273 -71.4541
16.273 71.4541
16.274 -71.4604
16.274 71.4604
16.275 -71.4666
16.275 71.4666
16.276 -71.4729
16.276 71.4729
16.277 -71.4791
16.277 71.4791
16.278 -71.4853
16.278 71.4853
16.279 -71.4916
16.279 71.4916
16.28 -71.4978
16.28 71.4978
16.281 -71.5041
16.281 71.5041
16.282 -71.5103
16.282 71.5103
16.283 -71.5166
16.283 71.5166
16.284 -71.5228
16.284 71.5228
16.285 -71.5291
16.285 71.5291
16.286 -71.5353
16.286 71.5353
16.287 -71.5415
16.287 71.5415
16.288 -71.5478
16.288 71.5478
16.289 -71.554
16.289 71.554
16.29 -71.5603
16.29 71.5603
16.291 -71.5665
16.291 71.5665
16.292 -71.5728
16.292 71.5728
16.293 -71.579
16.293 71.579
16.294 -71.5853
16.294 71.5853
16.295 -71.5915
16.295 71.5915
16.296 -71.5978
16.296 71.5978
16.297 -71.604
16.297 71.604
16.298 -71.6102
16.298 71.6102
16.299 -71.6165
16.299 71.6165
16.3 -71.6227
16.3 71.6227
16.301 -71.629
16.301 71.629
16.302 -71.6352
16.302 71.6352
16.303 -71.6415
16.303 71.6415
16.304 -71.6477
16.304 71.6477
16.305 -71.654
16.305 71.654
16.306 -71.6602
16.306 71.6602
16.307 -71.6665
16.307 71.6665
16.308 -71.6727
16.308 71.6727
16.309 -71.679
16.309 71.679
16.31 -71.6852
16.31 71.6852
16.311 -71.6915
16.311 71.6915
16.312 -71.6977
16.312 71.6977
16.313 -71.704
16.313 71.704
16.314 -71.7102
16.314 71.7102
16.315 -71.7165
16.315 71.7165
16.316 -71.7227
16.316 71.7227
16.317 -71.729
16.317 71.729
16.318 -71.7352
16.318 71.7352
16.319 -71.7415
16.319 71.7415
16.32 -71.7477
16.32 71.7477
16.321 -71.754
16.321 71.754
16.322 -71.7602
16.322 71.7602
16.323 -71.7665
16.323 71.7665
16.324 -71.7727
16.324 71.7727
16.325 -71.779
16.325 71.779
16.326 -71.7852
16.326 71.7852
16.327 -71.7915
16.327 71.7915
16.328 -71.7977
16.328 71.7977
16.329 -71.804
16.329 71.804
16.33 -71.8102
16.33 71.8102
16.331 -71.8165
16.331 71.8165
16.332 -71.8227
16.332 71.8227
16.333 -71.829
16.333 71.829
16.334 -71.8352
16.334 71.8352
16.335 -71.8415
16.335 71.8415
16.336 -71.8478
16.336 71.8478
16.337 -71.854
16.337 71.854
16.338 -71.8603
16.338 71.8603
16.339 -71.8665
16.339 71.8665
16.34 -71.8728
16.34 71.8728
16.341 -71.879
16.341 71.879
16.342 -71.8853
16.342 71.8853
16.343 -71.8915
16.343 71.8915
16.344 -71.8978
16.344 71.8978
16.345 -71.904
16.345 71.904
16.346 -71.9103
16.346 71.9103
16.347 -71.9166
16.347 71.9166
16.348 -71.9228
16.348 71.9228
16.349 -71.9291
16.349 71.9291
16.35 -71.9353
16.35 71.9353
16.351 -71.9416
16.351 71.9416
16.352 -71.9478
16.352 71.9478
16.353 -71.9541
16.353 71.9541
16.354 -71.9603
16.354 71.9603
16.355 -71.9666
16.355 71.9666
16.356 -71.9729
16.356 71.9729
16.357 -71.9791
16.357 71.9791
16.358 -71.9854
16.358 71.9854
16.359 -71.9916
16.359 71.9916
16.36 -71.9979
16.36 71.9979
16.361 -72.0041
16.361 72.0041
16.362 -72.0104
16.362 72.0104
16.363 -72.0167
16.363 72.0167
16.364 -72.0229
16.364 72.0229
16.365 -72.0292
16.365 72.0292
16.366 -72.0354
16.366 72.0354
16.367 -72.0417
16.367 72.0417
16.368 -72.048
16.368 72.048
16.369 -72.0542
16.369 72.0542
16.37 -72.0605
16.37 72.0605
16.371 -72.0667
16.371 72.0667
16.372 -72.073
16.372 72.073
16.373 -72.0793
16.373 72.0793
16.374 -72.0855
16.374 72.0855
16.375 -72.0918
16.375 72.0918
16.376 -72.098
16.376 72.098
16.377 -72.1043
16.377 72.1043
16.378 -72.1106
16.378 72.1106
16.379 -72.1168
16.379 72.1168
16.38 -72.1231
16.38 72.1231
16.381 -72.1293
16.381 72.1293
16.382 -72.1356
16.382 72.1356
16.383 -72.1419
16.383 72.1419
16.384 -72.1481
16.384 72.1481
16.385 -72.1544
16.385 72.1544
16.386 -72.1607
16.386 72.1607
16.387 -72.1669
16.387 72.1669
16.388 -72.1732
16.388 72.1732
16.389 -72.1794
16.389 72.1794
16.39 -72.1857
16.39 72.1857
16.391 -72.192
16.391 72.192
16.392 -72.1982
16.392 72.1982
16.393 -72.2045
16.393 72.2045
16.394 -72.2108
16.394 72.2108
16.395 -72.217
16.395 72.217
16.396 -72.2233
16.396 72.2233
16.397 -72.2296
16.397 72.2296
16.398 -72.2358
16.398 72.2358
16.399 -72.2421
16.399 72.2421
16.4 -72.2483
16.4 72.2483
16.401 -72.2546
16.401 72.2546
16.402 -72.2609
16.402 72.2609
16.403 -72.2671
16.403 72.2671
16.404 -72.2734
16.404 72.2734
16.405 -72.2797
16.405 72.2797
16.406 -72.2859
16.406 72.2859
16.407 -72.2922
16.407 72.2922
16.408 -72.2985
16.408 72.2985
16.409 -72.3047
16.409 72.3047
16.41 -72.311
16.41 72.311
16.411 -72.3173
16.411 72.3173
16.412 -72.3235
16.412 72.3235
16.413 -72.3298
16.413 72.3298
16.414 -72.3361
16.414 72.3361
16.415 -72.3423
16.415 72.3423
16.416 -72.3486
16.416 72.3486
16.417 -72.3549
16.417 72.3549
16.418 -72.3611
16.418 72.3611
16.419 -72.3674
16.419 72.3674
16.42 -72.3737
16.42 72.3737
16.421 -72.38
16.421 72.38
16.422 -72.3862
16.422 72.3862
16.423 -72.3925
16.423 72.3925
16.424 -72.3988
16.424 72.3988
16.425 -72.405
16.425 72.405
16.426 -72.4113
16.426 72.4113
16.427 -72.4176
16.427 72.4176
16.428 -72.4238
16.428 72.4238
16.429 -72.4301
16.429 72.4301
16.43 -72.4364
16.43 72.4364
16.431 -72.4427
16.431 72.4427
16.432 -72.4489
16.432 72.4489
16.433 -72.4552
16.433 72.4552
16.434 -72.4615
16.434 72.4615
16.435 -72.4677
16.435 72.4677
16.436 -72.474
16.436 72.474
16.437 -72.4803
16.437 72.4803
16.438 -72.4866
16.438 72.4866
16.439 -72.4928
16.439 72.4928
16.44 -72.4991
16.44 72.4991
16.441 -72.5054
16.441 72.5054
16.442 -72.5116
16.442 72.5116
16.443 -72.5179
16.443 72.5179
16.444 -72.5242
16.444 72.5242
16.445 -72.5305
16.445 72.5305
16.446 -72.5367
16.446 72.5367
16.447 -72.543
16.447 72.543
16.448 -72.5493
16.448 72.5493
16.449 -72.5556
16.449 72.5556
16.45 -72.5618
16.45 72.5618
16.451 -72.5681
16.451 72.5681
16.452 -72.5744
16.452 72.5744
16.453 -72.5806
16.453 72.5806
16.454 -72.5869
16.454 72.5869
16.455 -72.5932
16.455 72.5932
16.456 -72.5995
16.456 72.5995
16.457 -72.6057
16.457 72.6057
16.458 -72.612
16.458 72.612
16.459 -72.6183
16.459 72.6183
16.46 -72.6246
16.46 72.6246
16.461 -72.6309
16.461 72.6309
16.462 -72.6371
16.462 72.6371
16.463 -72.6434
16.463 72.6434
16.464 -72.6497
16.464 72.6497
16.465 -72.656
16.465 72.656
16.466 -72.6622
16.466 72.6622
16.467 -72.6685
16.467 72.6685
16.468 -72.6748
16.468 72.6748
16.469 -72.6811
16.469 72.6811
16.47 -72.6873
16.47 72.6873
16.471 -72.6936
16.471 72.6936
16.472 -72.6999
16.472 72.6999
16.473 -72.7062
16.473 72.7062
16.474 -72.7125
16.474 72.7125
16.475 -72.7187
16.475 72.7187
16.476 -72.725
16.476 72.725
16.477 -72.7313
16.477 72.7313
16.478 -72.7376
16.478 72.7376
16.479 -72.7438
16.479 72.7438
16.48 -72.7501
16.48 72.7501
16.481 -72.7564
16.481 72.7564
16.482 -72.7627
16.482 72.7627
16.483 -72.769
16.483 72.769
16.484 -72.7752
16.484 72.7752
16.485 -72.7815
16.485 72.7815
16.486 -72.7878
16.486 72.7878
16.487 -72.7941
16.487 72.7941
16.488 -72.8004
16.488 72.8004
16.489 -72.8066
16.489 72.8066
16.49 -72.8129
16.49 72.8129
16.491 -72.8192
16.491 72.8192
16.492 -72.8255
16.492 72.8255
16.493 -72.8318
16.493 72.8318
16.494 -72.8381
16.494 72.8381
16.495 -72.8443
16.495 72.8443
16.496 -72.8506
16.496 72.8506
16.497 -72.8569
16.497 72.8569
16.498 -72.8632
16.498 72.8632
16.499 -72.8695
16.499 72.8695
16.5 -72.8758
16.5 72.8758
16.501 -72.882
16.501 72.882
16.502 -72.8883
16.502 72.8883
16.503 -72.8946
16.503 72.8946
16.504 -72.9009
16.504 72.9009
16.505 -72.9072
16.505 72.9072
16.506 -72.9135
16.506 72.9135
16.507 -72.9197
16.507 72.9197
16.508 -72.926
16.508 72.926
16.509 -72.9323
16.509 72.9323
16.51 -72.9386
16.51 72.9386
16.511 -72.9449
16.511 72.9449
16.512 -72.9512
16.512 72.9512
16.513 -72.9574
16.513 72.9574
16.514 -72.9637
16.514 72.9637
16.515 -72.97
16.515 72.97
16.516 -72.9763
16.516 72.9763
16.517 -72.9826
16.517 72.9826
16.518 -72.9889
16.518 72.9889
16.519 -72.9952
16.519 72.9952
16.52 -73.0014
16.52 73.0014
16.521 -73.0077
16.521 73.0077
16.522 -73.014
16.522 73.014
16.523 -73.0203
16.523 73.0203
16.524 -73.0266
16.524 73.0266
16.525 -73.0329
16.525 73.0329
16.526 -73.0392
16.526 73.0392
16.527 -73.0455
16.527 73.0455
16.528 -73.0517
16.528 73.0517
16.529 -73.058
16.529 73.058
16.53 -73.0643
16.53 73.0643
16.531 -73.0706
16.531 73.0706
16.532 -73.0769
16.532 73.0769
16.533 -73.0832
16.533 73.0832
16.534 -73.0895
16.534 73.0895
16.535 -73.0958
16.535 73.0958
16.536 -73.1021
16.536 73.1021
16.537 -73.1083
16.537 73.1083
16.538 -73.1146
16.538 73.1146
16.539 -73.1209
16.539 73.1209
16.54 -73.1272
16.54 73.1272
16.541 -73.1335
16.541 73.1335
16.542 -73.1398
16.542 73.1398
16.543 -73.1461
16.543 73.1461
16.544 -73.1524
16.544 73.1524
16.545 -73.1587
16.545 73.1587
16.546 -73.165
16.546 73.165
16.547 -73.1712
16.547 73.1712
16.548 -73.1775
16.548 73.1775
16.549 -73.1838
16.549 73.1838
16.55 -73.1901
16.55 73.1901
16.551 -73.1964
16.551 73.1964
16.552 -73.2027
16.552 73.2027
16.553 -73.209
16.553 73.209
16.554 -73.2153
16.554 73.2153
16.555 -73.2216
16.555 73.2216
16.556 -73.2279
16.556 73.2279
16.557 -73.2342
16.557 73.2342
16.558 -73.2405
16.558 73.2405
16.559 -73.2468
16.559 73.2468
16.56 -73.253
16.56 73.253
16.561 -73.2593
16.561 73.2593
16.562 -73.2656
16.562 73.2656
16.563 -73.2719
16.563 73.2719
16.564 -73.2782
16.564 73.2782
16.565 -73.2845
16.565 73.2845
16.566 -73.2908
16.566 73.2908
16.567 -73.2971
16.567 73.2971
16.568 -73.3034
16.568 73.3034
16.569 -73.3097
16.569 73.3097
16.57 -73.316
16.57 73.316
16.571 -73.3223
16.571 73.3223
16.572 -73.3286
16.572 73.3286
16.573 -73.3349
16.573 73.3349
16.574 -73.3412
16.574 73.3412
16.575 -73.3475
16.575 73.3475
16.576 -73.3538
16.576 73.3538
16.577 -73.3601
16.577 73.3601
16.578 -73.3664
16.578 73.3664
16.579 -73.3727
16.579 73.3727
16.58 -73.379
16.58 73.379
16.581 -73.3853
16.581 73.3853
16.582 -73.3916
16.582 73.3916
16.583 -73.3979
16.583 73.3979
16.584 -73.4041
16.584 73.4041
16.585 -73.4104
16.585 73.4104
16.586 -73.4167
16.586 73.4167
16.587 -73.423
16.587 73.423
16.588 -73.4293
16.588 73.4293
16.589 -73.4356
16.589 73.4356
16.59 -73.4419
16.59 73.4419
16.591 -73.4482
16.591 73.4482
16.592 -73.4545
16.592 73.4545
16.593 -73.4608
16.593 73.4608
16.594 -73.4671
16.594 73.4671
16.595 -73.4734
16.595 73.4734
16.596 -73.4797
16.596 73.4797
16.597 -73.486
16.597 73.486
16.598 -73.4923
16.598 73.4923
16.599 -73.4986
16.599 73.4986
16.6 -73.5049
16.6 73.5049
16.601 -73.5112
16.601 73.5112
16.602 -73.5175
16.602 73.5175
16.603 -73.5238
16.603 73.5238
16.604 -73.5301
16.604 73.5301
16.605 -73.5364
16.605 73.5364
16.606 -73.5427
16.606 73.5427
16.607 -73.549
16.607 73.549
16.608 -73.5554
16.608 73.5554
16.609 -73.5617
16.609 73.5617
16.61 -73.568
16.61 73.568
16.611 -73.5743
16.611 73.5743
16.612 -73.5806
16.612 73.5806
16.613 -73.5869
16.613 73.5869
16.614 -73.5932
16.614 73.5932
16.615 -73.5995
16.615 73.5995
16.616 -73.6058
16.616 73.6058
16.617 -73.6121
16.617 73.6121
16.618 -73.6184
16.618 73.6184
16.619 -73.6247
16.619 73.6247
16.62 -73.631
16.62 73.631
16.621 -73.6373
16.621 73.6373
16.622 -73.6436
16.622 73.6436
16.623 -73.6499
16.623 73.6499
16.624 -73.6562
16.624 73.6562
16.625 -73.6625
16.625 73.6625
16.626 -73.6688
16.626 73.6688
16.627 -73.6751
16.627 73.6751
16.628 -73.6814
16.628 73.6814
16.629 -73.6877
16.629 73.6877
16.63 -73.694
16.63 73.694
16.631 -73.7003
16.631 73.7003
16.632 -73.7067
16.632 73.7067
16.633 -73.713
16.633 73.713
16.634 -73.7193
16.634 73.7193
16.635 -73.7256
16.635 73.7256
16.636 -73.7319
16.636 73.7319
16.637 -73.7382
16.637 73.7382
16.638 -73.7445
16.638 73.7445
16.639 -73.7508
16.639 73.7508
16.64 -73.7571
16.64 73.7571
16.641 -73.7634
16.641 73.7634
16.642 -73.7697
16.642 73.7697
16.643 -73.776
16.643 73.776
16.644 -73.7823
16.644 73.7823
16.645 -73.7887
16.645 73.7887
16.646 -73.795
16.646 73.795
16.647 -73.8013
16.647 73.8013
16.648 -73.8076
16.648 73.8076
16.649 -73.8139
16.649 73.8139
16.65 -73.8202
16.65 73.8202
16.651 -73.8265
16.651 73.8265
16.652 -73.8328
16.652 73.8328
16.653 -73.8391
16.653 73.8391
16.654 -73.8454
16.654 73.8454
16.655 -73.8518
16.655 73.8518
16.656 -73.8581
16.656 73.8581
16.657 -73.8644
16.657 73.8644
16.658 -73.8707
16.658 73.8707
16.659 -73.877
16.659 73.877
16.66 -73.8833
16.66 73.8833
16.661 -73.8896
16.661 73.8896
16.662 -73.8959
16.662 73.8959
16.663 -73.9022
16.663 73.9022
16.664 -73.9086
16.664 73.9086
16.665 -73.9149
16.665 73.9149
16.666 -73.9212
16.666 73.9212
16.667 -73.9275
16.667 73.9275
16.668 -73.9338
16.668 73.9338
16.669 -73.9401
16.669 73.9401
16.67 -73.9464
16.67 73.9464
16.671 -73.9527
16.671 73.9527
16.672 -73.9591
16.672 73.9591
16.673 -73.9654
16.673 73.9654
16.674 -73.9717
16.674 73.9717
16.675 -73.978
16.675 73.978
16.676 -73.9843
16.676 73.9843
16.677 -73.9906
16.677 73.9906
16.678 -73.9969
16.678 73.9969
16.679 -74.0033
16.679 74.0033
16.68 -74.0096
16.68 74.0096
16.681 -74.0159
16.681 74.0159
16.682 -74.0222
16.682 74.0222
16.683 -74.0285
16.683 74.0285
16.684 -74.0348
16.684 74.0348
16.685 -74.0412
16.685 74.0412
16.686 -74.0475
16.686 74.0475
16.687 -74.0538
16.687 74.0538
16.688 -74.0601
16.688 74.0601
16.689 -74.0664
16.689 74.0664
16.69 -74.0727
16.69 74.0727
16.691 -74.079
16.691 74.079
16.692 -74.0854
16.692 74.0854
16.693 -74.0917
16.693 74.0917
16.694 -74.098
16.694 74.098
16.695 -74.1043
16.695 74.1043
16.696 -74.1106
16.696 74.1106
16.697 -74.117
16.697 74.117
16.698 -74.1233
16.698 74.1233
16.699 -74.1296
16.699 74.1296
16.7 -74.1359
16.7 74.1359
16.701 -74.1422
16.701 74.1422
16.702 -74.1485
16.702 74.1485
16.703 -74.1549
16.703 74.1549
16.704 -74.1612
16.704 74.1612
16.705 -74.1675
16.705 74.1675
16.706 -74.1738
16.706 74.1738
16.707 -74.1801
16.707 74.1801
16.708 -74.1865
16.708 74.1865
16.709 -74.1928
16.709 74.1928
16.71 -74.1991
16.71 74.1991
16.711 -74.2054
16.711 74.2054
16.712 -74.2117
16.712 74.2117
16.713 -74.2181
16.713 74.2181
16.714 -74.2244
16.714 74.2244
16.715 -74.2307
16.715 74.2307
16.716 -74.237
16.716 74.237
16.717 -74.2434
16.717 74.2434
16.718 -74.2497
16.718 74.2497
16.719 -74.256
16.719 74.256
16.72 -74.2623
16.72 74.2623
16.721 -74.2686
16.721 74.2686
16.722 -74.275
16.722 74.275
16.723 -74.2813
16.723 74.2813
16.724 -74.2876
16.724 74.2876
16.725 -74.2939
16.725 74.2939
16.726 -74.3003
16.726 74.3003
16.727 -74.3066
16.727 74.3066
16.728 -74.3129
16.728 74.3129
16.729 -74.3192
16.729 74.3192
16.73 -74.3255
16.73 74.3255
16.731 -74.3319
16.731 74.3319
16.732 -74.3382
16.732 74.3382
16.733 -74.3445
16.733 74.3445
16.734 -74.3508
16.734 74.3508
16.735 -74.3572
16.735 74.3572
16.736 -74.3635
16.736 74.3635
16.737 -74.3698
16.737 74.3698
16.738 -74.3761
16.738 74.3761
16.739 -74.3825
16.739 74.3825
16.74 -74.3888
16.74 74.3888
16.741 -74.3951
16.741 74.3951
16.742 -74.4014
16.742 74.4014
16.743 -74.4078
16.743 74.4078
16.744 -74.4141
16.744 74.4141
16.745 -74.4204
16.745 74.4204
16.746 -74.4268
16.746 74.4268
16.747 -74.4331
16.747 74.4331
16.748 -74.4394
16.748 74.4394
16.749 -74.4457
16.749 74.4457
16.75 -74.4521
16.75 74.4521
16.751 -74.4584
16.751 74.4584
16.752 -74.4647
16.752 74.4647
16.753 -74.471
16.753 74.471
16.754 -74.4774
16.754 74.4774
16.755 -74.4837
16.755 74.4837
16.756 -74.49
16.756 74.49
16.757 -74.4964
16.757 74.4964
16.758 -74.5027
16.758 74.5027
16.759 -74.509
16.759 74.509
16.76 -74.5153
16.76 74.5153
16.761 -74.5217
16.761 74.5217
16.762 -74.528
16.762 74.528
16.763 -74.5343
16.763 74.5343
16.764 -74.5407
16.764 74.5407
16.765 -74.547
16.765 74.547
16.766 -74.5533
16.766 74.5533
16.767 -74.5597
16.767 74.5597
16.768 -74.566
16.768 74.566
16.769 -74.5723
16.769 74.5723
16.77 -74.5786
16.77 74.5786
16.771 -74.585
16.771 74.585
16.772 -74.5913
16.772 74.5913
16.773 -74.5976
16.773 74.5976
16.774 -74.604
16.774 74.604
16.775 -74.6103
16.775 74.6103
16.776 -74.6166
16.776 74.6166
16.777 -74.623
16.777 74.623
16.778 -74.6293
16.778 74.6293
16.779 -74.6356
16.779 74.6356
16.78 -74.642
16.78 74.642
16.781 -74.6483
16.781 74.6483
16.782 -74.6546
16.782 74.6546
16.783 -74.661
16.783 74.661
16.784 -74.6673
16.784 74.6673
16.785 -74.6736
16.785 74.6736
16.786 -74.68
16.786 74.68
16.787 -74.6863
16.787 74.6863
16.788 -74.6926
16.788 74.6926
16.789 -74.699
16.789 74.699
16.79 -74.7053
16.79 74.7053
16.791 -74.7116
16.791 74.7116
16.792 -74.718
16.792 74.718
16.793 -74.7243
16.793 74.7243
16.794 -74.7306
16.794 74.7306
16.795 -74.737
16.795 74.737
16.796 -74.7433
16.796 74.7433
16.797 -74.7496
16.797 74.7496
16.798 -74.756
16.798 74.756
16.799 -74.7623
16.799 74.7623
16.8 -74.7687
16.8 74.7687
16.801 -74.775
16.801 74.775
16.802 -74.7813
16.802 74.7813
16.803 -74.7877
16.803 74.7877
16.804 -74.794
16.804 74.794
16.805 -74.8003
16.805 74.8003
16.806 -74.8067
16.806 74.8067
16.807 -74.813
16.807 74.813
16.808 -74.8194
16.808 74.8194
16.809 -74.8257
16.809 74.8257
16.81 -74.832
16.81 74.832
16.811 -74.8384
16.811 74.8384
16.812 -74.8447
16.812 74.8447
16.813 -74.851
16.813 74.851
16.814 -74.8574
16.814 74.8574
16.815 -74.8637
16.815 74.8637
16.816 -74.8701
16.816 74.8701
16.817 -74.8764
16.817 74.8764
16.818 -74.8827
16.818 74.8827
16.819 -74.8891
16.819 74.8891
16.82 -74.8954
16.82 74.8954
16.821 -74.9018
16.821 74.9018
16.822 -74.9081
16.822 74.9081
16.823 -74.9144
16.823 74.9144
16.824 -74.9208
16.824 74.9208
16.825 -74.9271
16.825 74.9271
16.826 -74.9335
16.826 74.9335
16.827 -74.9398
16.827 74.9398
16.828 -74.9461
16.828 74.9461
16.829 -74.9525
16.829 74.9525
16.83 -74.9588
16.83 74.9588
16.831 -74.9652
16.831 74.9652
16.832 -74.9715
16.832 74.9715
16.833 -74.9779
16.833 74.9779
16.834 -74.9842
16.834 74.9842
16.835 -74.9905
16.835 74.9905
16.836 -74.9969
16.836 74.9969
16.837 -75.0032
16.837 75.0032
16.838 -75.0096
16.838 75.0096
16.839 -75.0159
16.839 75.0159
16.84 -75.0223
16.84 75.0223
16.841 -75.0286
16.841 75.0286
16.842 -75.0349
16.842 75.0349
16.843 -75.0413
16.843 75.0413
16.844 -75.0476
16.844 75.0476
16.845 -75.054
16.845 75.054
16.846 -75.0603
16.846 75.0603
16.847 -75.0667
16.847 75.0667
16.848 -75.073
16.848 75.073
16.849 -75.0794
16.849 75.0794
16.85 -75.0857
16.85 75.0857
16.851 -75.092
16.851 75.092
16.852 -75.0984
16.852 75.0984
16.853 -75.1047
16.853 75.1047
16.854 -75.1111
16.854 75.1111
16.855 -75.1174
16.855 75.1174
16.856 -75.1238
16.856 75.1238
16.857 -75.1301
16.857 75.1301
16.858 -75.1365
16.858 75.1365
16.859 -75.1428
16.859 75.1428
16.86 -75.1492
16.86 75.1492
16.861 -75.1555
16.861 75.1555
16.862 -75.1619
16.862 75.1619
16.863 -75.1682
16.863 75.1682
16.864 -75.1745
16.864 75.1745
16.865 -75.1809
16.865 75.1809
16.866 -75.1872
16.866 75.1872
16.867 -75.1936
16.867 75.1936
16.868 -75.1999
16.868 75.1999
16.869 -75.2063
16.869 75.2063
16.87 -75.2126
16.87 75.2126
16.871 -75.219
16.871 75.219
16.872 -75.2253
16.872 75.2253
16.873 -75.2317
16.873 75.2317
16.874 -75.238
16.874 75.238
16.875 -75.2444
16.875 75.2444
16.876 -75.2507
16.876 75.2507
16.877 -75.2571
16.877 75.2571
16.878 -75.2634
16.878 75.2634
16.879 -75.2698
16.879 75.2698
16.88 -75.2761
16.88 75.2761
16.881 -75.2825
16.881 75.2825
16.882 -75.2888
16.882 75.2888
16.883 -75.2952
16.883 75.2952
16.884 -75.3015
16.884 75.3015
16.885 -75.3079
16.885 75.3079
16.886 -75.3142
16.886 75.3142
16.887 -75.3206
16.887 75.3206
16.888 -75.3269
16.888 75.3269
16.889 -75.3333
16.889 75.3333
16.89 -75.3396
16.89 75.3396
16.891 -75.346
16.891 75.346
16.892 -75.3523
16.892 75.3523
16.893 -75.3587
16.893 75.3587
16.894 -75.3651
16.894 75.3651
16.895 -75.3714
16.895 75.3714
16.896 -75.3778
16.896 75.3778
16.897 -75.3841
16.897 75.3841
16.898 -75.3905
16.898 75.3905
16.899 -75.3968
16.899 75.3968
16.9 -75.4032
16.9 75.4032
16.901 -75.4095
16.901 75.4095
16.902 -75.4159
16.902 75.4159
16.903 -75.4222
16.903 75.4222
16.904 -75.4286
16.904 75.4286
16.905 -75.4349
16.905 75.4349
16.906 -75.4413
16.906 75.4413
16.907 -75.4477
16.907 75.4477
16.908 -75.454
16.908 75.454
16.909 -75.4604
16.909 75.4604
16.91 -75.4667
16.91 75.4667
16.911 -75.4731
16.911 75.4731
16.912 -75.4794
16.912 75.4794
16.913 -75.4858
16.913 75.4858
16.914 -75.4922
16.914 75.4922
16.915 -75.4985
16.915 75.4985
16.916 -75.5049
16.916 75.5049
16.917 -75.5112
16.917 75.5112
16.918 -75.5176
16.918 75.5176
16.919 -75.5239
16.919 75.5239
16.92 -75.5303
16.92 75.5303
16.921 -75.5367
16.921 75.5367
16.922 -75.543
16.922 75.543
16.923 -75.5494
16.923 75.5494
16.924 -75.5557
16.924 75.5557
16.925 -75.5621
16.925 75.5621
16.926 -75.5684
16.926 75.5684
16.927 -75.5748
16.927 75.5748
16.928 -75.5812
16.928 75.5812
16.929 -75.5875
16.929 75.5875
16.93 -75.5939
16.93 75.5939
16.931 -75.6002
16.931 75.6002
16.932 -75.6066
16.932 75.6066
16.933 -75.613
16.933 75.613
16.934 -75.6193
16.934 75.6193
16.935 -75.6257
16.935 75.6257
16.936 -75.632
16.936 75.632
16.937 -75.6384
16.937 75.6384
16.938 -75.6448
16.938 75.6448
16.939 -75.6511
16.939 75.6511
16.94 -75.6575
16.94 75.6575
16.941 -75.6638
16.941 75.6638
16.942 -75.6702
16.942 75.6702
16.943 -75.6766
16.943 75.6766
16.944 -75.6829
16.944 75.6829
16.945 -75.6893
16.945 75.6893
16.946 -75.6956
16.946 75.6956
16.947 -75.702
16.947 75.702
16.948 -75.7084
16.948 75.7084
16.949 -75.7147
16.949 75.7147
16.95 -75.7211
16.95 75.7211
16.951 -75.7275
16.951 75.7275
16.952 -75.7338
16.952 75.7338
16.953 -75.7402
16.953 75.7402
16.954 -75.7466
16.954 75.7466
16.955 -75.7529
16.955 75.7529
16.956 -75.7593
16.956 75.7593
16.957 -75.7656
16.957 75.7656
16.958 -75.772
16.958 75.772
16.959 -75.7784
16.959 75.7784
16.96 -75.7847
16.96 75.7847
16.961 -75.7911
16.961 75.7911
16.962 -75.7975
16.962 75.7975
16.963 -75.8038
16.963 75.8038
16.964 -75.8102
16.964 75.8102
16.965 -75.8166
16.965 75.8166
16.966 -75.8229
16.966 75.8229
16.967 -75.8293
16.967 75.8293
16.968 -75.8357
16.968 75.8357
16.969 -75.842
16.969 75.842
16.97 -75.8484
16.97 75.8484
16.971 -75.8548
16.971 75.8548
16.972 -75.8611
16.972 75.8611
16.973 -75.8675
16.973 75.8675
16.974 -75.8739
16.974 75.8739
16.975 -75.8802
16.975 75.8802
16.976 -75.8866
16.976 75.8866
16.977 -75.893
16.977 75.893
16.978 -75.8993
16.978 75.8993
16.979 -75.9057
16.979 75.9057
16.98 -75.9121
16.98 75.9121
16.981 -75.9184
16.981 75.9184
16.982 -75.9248
16.982 75.9248
16.983 -75.9312
16.983 75.9312
16.984 -75.9375
16.984 75.9375
16.985 -75.9439
16.985 75.9439
16.986 -75.9503
16.986 75.9503
16.987 -75.9566
16.987 75.9566
16.988 -75.963
16.988 75.963
16.989 -75.9694
16.989 75.9694
16.99 -75.9758
16.99 75.9758
16.991 -75.9821
16.991 75.9821
16.992 -75.9885
16.992 75.9885
16.993 -75.9949
16.993 75.9949
16.994 -76.0012
16.994 76.0012
16.995 -76.0076
16.995 76.0076
16.996 -76.014
16.996 76.014
16.997 -76.0203
16.997 76.0203
16.998 -76.0267
16.998 76.0267
16.999 -76.0331
16.999 76.0331
17 -76.0395
17 76.0395
17.001 -76.0458
17.001 76.0458
17.002 -76.0522
17.002 76.0522
17.003 -76.0586
17.003 76.0586
17.004 -76.065
17.004 76.065
17.005 -76.0713
17.005 76.0713
17.006 -76.0777
17.006 76.0777
17.007 -76.0841
17.007 76.0841
17.008 -76.0904
17.008 76.0904
17.009 -76.0968
17.009 76.0968
17.01 -76.1032
17.01 76.1032
17.011 -76.1096
17.011 76.1096
17.012 -76.1159
17.012 76.1159
17.013 -76.1223
17.013 76.1223
17.014 -76.1287
17.014 76.1287
17.015 -76.1351
17.015 76.1351
17.016 -76.1414
17.016 76.1414
17.017 -76.1478
17.017 76.1478
17.018 -76.1542
17.018 76.1542
17.019 -76.1606
17.019 76.1606
17.02 -76.1669
17.02 76.1669
17.021 -76.1733
17.021 76.1733
17.022 -76.1797
17.022 76.1797
17.023 -76.1861
17.023 76.1861
17.024 -76.1924
17.024 76.1924
17.025 -76.1988
17.025 76.1988
17.026 -76.2052
17.026 76.2052
17.027 -76.2116
17.027 76.2116
17.028 -76.2179
17.028 76.2179
17.029 -76.2243
17.029 76.2243
17.03 -76.2307
17.03 76.2307
17.031 -76.2371
17.031 76.2371
17.032 -76.2434
17.032 76.2434
17.033 -76.2498
17.033 76.2498
17.034 -76.2562
17.034 76.2562
17.035 -76.2626
17.035 76.2626
17.036 -76.269
17.036 76.269
17.037 -76.2753
17.037 76.2753
17.038 -76.2817
17.038 76.2817
17.039 -76.2881
17.039 76.2881
17.04 -76.2945
17.04 76.2945
17.041 -76.3009
17.041 76.3009
17.042 -76.3072
17.042 76.3072
17.043 -76.3136
17.043 76.3136
17.044 -76.32
17.044 76.32
17.045 -76.3264
17.045 76.3264
17.046 -76.3327
17.046 76.3327
17.047 -76.3391
17.047 76.3391
17.048 -76.3455
17.048 76.3455
17.049 -76.3519
17.049 76.3519
17.05 -76.3583
17.05 76.3583
17.051 -76.3646
17.051 76.3646
17.052 -76.371
17.052 76.371
17.053 -76.3774
17.053 76.3774
17.054 -76.3838
17.054 76.3838
17.055 -76.3902
17.055 76.3902
17.056 -76.3966
17.056 76.3966
17.057 -76.4029
17.057 76.4029
17.058 -76.4093
17.058 76.4093
17.059 -76.4157
17.059 76.4157
17.06 -76.4221
17.06 76.4221
17.061 -76.4285
17.061 76.4285
17.062 -76.4348
17.062 76.4348
17.063 -76.4412
17.063 76.4412
17.064 -76.4476
17.064 76.4476
17.065 -76.454
17.065 76.454
17.066 -76.4604
17.066 76.4604
17.067 -76.4668
17.067 76.4668
17.068 -76.4731
17.068 76.4731
17.069 -76.4795
17.069 76.4795
17.07 -76.4859
17.07 76.4859
17.071 -76.4923
17.071 76.4923
17.072 -76.4987
17.072 76.4987
17.073 -76.5051
17.073 76.5051
17.074 -76.5115
17.074 76.5115
17.075 -76.5178
17.075 76.5178
17.076 -76.5242
17.076 76.5242
17.077 -76.5306
17.077 76.5306
17.078 -76.537
17.078 76.537
17.079 -76.5434
17.079 76.5434
17.08 -76.5498
17.08 76.5498
17.081 -76.5561
17.081 76.5561
17.082 -76.5625
17.082 76.5625
17.083 -76.5689
17.083 76.5689
17.084 -76.5753
17.084 76.5753
17.085 -76.5817
17.085 76.5817
17.086 -76.5881
17.086 76.5881
17.087 -76.5945
17.087 76.5945
17.088 -76.6009
17.088 76.6009
17.089 -76.6072
17.089 76.6072
17.09 -76.6136
17.09 76.6136
17.091 -76.62
17.091 76.62
17.092 -76.6264
17.092 76.6264
17.093 -76.6328
17.093 76.6328
17.094 -76.6392
17.094 76.6392
17.095 -76.6456
17.095 76.6456
17.096 -76.652
17.096 76.652
17.097 -76.6583
17.097 76.6583
17.098 -76.6647
17.098 76.6647
17.099 -76.6711
17.099 76.6711
17.1 -76.6775
17.1 76.6775
17.101 -76.6839
17.101 76.6839
17.102 -76.6903
17.102 76.6903
17.103 -76.6967
17.103 76.6967
17.104 -76.7031
17.104 76.7031
17.105 -76.7095
17.105 76.7095
17.106 -76.7159
17.106 76.7159
17.107 -76.7222
17.107 76.7222
17.108 -76.7286
17.108 76.7286
17.109 -76.735
17.109 76.735
17.11 -76.7414
17.11 76.7414
17.111 -76.7478
17.111 76.7478
17.112 -76.7542
17.112 76.7542
17.113 -76.7606
17.113 76.7606
17.114 -76.767
17.114 76.767
17.115 -76.7734
17.115 76.7734
17.116 -76.7798
17.116 76.7798
17.117 -76.7862
17.117 76.7862
17.118 -76.7925
17.118 76.7925
17.119 -76.7989
17.119 76.7989
17.12 -76.8053
17.12 76.8053
17.121 -76.8117
17.121 76.8117
17.122 -76.8181
17.122 76.8181
17.123 -76.8245
17.123 76.8245
17.124 -76.8309
17.124 76.8309
17.125 -76.8373
17.125 76.8373
17.126 -76.8437
17.126 76.8437
17.127 -76.8501
17.127 76.8501
17.128 -76.8565
17.128 76.8565
17.129 -76.8629
17.129 76.8629
17.13 -76.8693
17.13 76.8693
17.131 -76.8757
17.131 76.8757
17.132 -76.8821
17.132 76.8821
17.133 -76.8885
17.133 76.8885
17.134 -76.8949
17.134 76.8949
17.135 -76.9012
17.135 76.9012
17.136 -76.9076
17.136 76.9076
17.137 -76.914
17.137 76.914
17.138 -76.9204
17.138 76.9204
17.139 -76.9268
17.139 76.9268
17.14 -76.9332
17.14 76.9332
17.141 -76.9396
17.141 76.9396
17.142 -76.946
17.142 76.946
17.143 -76.9524
17.143 76.9524
17.144 -76.9588
17.144 76.9588
17.145 -76.9652
17.145 76.9652
17.146 -76.9716
17.146 76.9716
17.147 -76.978
17.147 76.978
17.148 -76.9844
17.148 76.9844
17.149 -76.9908
17.149 76.9908
17.15 -76.9972
17.15 76.9972
17.151 -77.0036
17.151 77.0036
17.152 -77.01
17.152 77.01
17.153 -77.0164
17.153 77.0164
17.154 -77.0228
17.154 77.0228
17.155 -77.0292
17.155 77.0292
17.156 -77.0356
17.156 77.0356
17.157 -77.042
17.157 77.042
17.158 -77.0484
17.158 77.0484
17.159 -77.0548
17.159 77.0548
17.16 -77.0612
17.16 77.0612
17.161 -77.0676
17.161 77.0676
17.162 -77.074
17.162 77.074
17.163 -77.0804
17.163 77.0804
17.164 -77.0868
17.164 77.0868
17.165 -77.0932
17.165 77.0932
17.166 -77.0996
17.166 77.0996
17.167 -77.106
17.167 77.106
17.168 -77.1124
17.168 77.1124
17.169 -77.1188
17.169 77.1188
17.17 -77.1252
17.17 77.1252
17.171 -77.1316
17.171 77.1316
17.172 -77.138
17.172 77.138
17.173 -77.1444
17.173 77.1444
17.174 -77.1508
17.174 77.1508
17.175 -77.1572
17.175 77.1572
17.176 -77.1636
17.176 77.1636
17.177 -77.17
17.177 77.17
17.178 -77.1764
17.178 77.1764
17.179 -77.1828
17.179 77.1828
17.18 -77.1892
17.18 77.1892
17.181 -77.1956
17.181 77.1956
17.182 -77.202
17.182 77.202
17.183 -77.2084
17.183 77.2084
17.184 -77.2148
17.184 77.2148
17.185 -77.2212
17.185 77.2212
17.186 -77.2276
17.186 77.2276
17.187 -77.234
17.187 77.234
17.188 -77.2405
17.188 77.2405
17.189 -77.2469
17.189 77.2469
17.19 -77.2533
17.19 77.2533
17.191 -77.2597
17.191 77.2597
17.192 -77.2661
17.192 77.2661
17.193 -77.2725
17.193 77.2725
17.194 -77.2789
17.194 77.2789
17.195 -77.2853
17.195 77.2853
17.196 -77.2917
17.196 77.2917
17.197 -77.2981
17.197 77.2981
17.198 -77.3045
17.198 77.3045
17.199 -77.3109
17.199 77.3109
17.2 -77.3173
17.2 77.3173
17.201 -77.3237
17.201 77.3237
17.202 -77.3301
17.202 77.3301
17.203 -77.3365
17.203 77.3365
17.204 -77.3429
17.204 77.3429
17.205 -77.3494
17.205 77.3494
17.206 -77.3558
17.206 77.3558
17.207 -77.3622
17.207 77.3622
17.208 -77.3686
17.208 77.3686
17.209 -77.375
17.209 77.375
17.21 -77.3814
17.21 77.3814
17.211 -77.3878
17.211 77.3878
17.212 -77.3942
17.212 77.3942
17.213 -77.4006
17.213 77.4006
17.214 -77.407
17.214 77.407
17.215 -77.4134
17.215 77.4134
17.216 -77.4199
17.216 77.4199
17.217 -77.4263
17.217 77.4263
17.218 -77.4327
17.218 77.4327
17.219 -77.4391
17.219 77.4391
17.22 -77.4455
17.22 77.4455
17.221 -77.4519
17.221 77.4519
17.222 -77.4583
17.222 77.4583
17.223 -77.4647
17.223 77.4647
17.224 -77.4711
17.224 77.4711
17.225 -77.4775
17.225 77.4775
17.226 -77.484
17.226 77.484
17.227 -77.4904
17.227 77.4904
17.228 -77.4968
17.228 77.4968
17.229 -77.5032
17.229 77.5032
17.23 -77.5096
17.23 77.5096
17.231 -77.516
17.231 77.516
17.232 -77.5224
17.232 77.5224
17.233 -77.5288
17.233 77.5288
17.234 -77.5353
17.234 77.5353
17.235 -77.5417
17.235 77.5417
17.236 -77.5481
17.236 77.5481
17.237 -77.5545
17.237 77.5545
17.238 -77.5609
17.238 77.5609
17.239 -77.5673
17.239 77.5673
17.24 -77.5737
17.24 77.5737
17.241 -77.5801
17.241 77.5801
17.242 -77.5866
17.242 77.5866
17.243 -77.593
17.243 77.593
17.244 -77.5994
17.244 77.5994
17.245 -77.6058
17.245 77.6058
17.246 -77.6122
17.246 77.6122
17.247 -77.6186
17.247 77.6186
17.248 -77.6251
17.248 77.6251
17.249 -77.6315
17.249 77.6315
17.25 -77.6379
17.25 77.6379
17.251 -77.6443
17.251 77.6443
17.252 -77.6507
17.252 77.6507
17.253 -77.6571
17.253 77.6571
17.254 -77.6635
17.254 77.6635
17.255 -77.67
17.255 77.67
17.256 -77.6764
17.256 77.6764
17.257 -77.6828
17.257 77.6828
17.258 -77.6892
17.258 77.6892
17.259 -77.6956
17.259 77.6956
17.26 -77.702
17.26 77.702
17.261 -77.7085
17.261 77.7085
17.262 -77.7149
17.262 77.7149
17.263 -77.7213
17.263 77.7213
17.264 -77.7277
17.264 77.7277
17.265 -77.7341
17.265 77.7341
17.266 -77.7406
17.266 77.7406
17.267 -77.747
17.267 77.747
17.268 -77.7534
17.268 77.7534
17.269 -77.7598
17.269 77.7598
17.27 -77.7662
17.27 77.7662
17.271 -77.7726
17.271 77.7726
17.272 -77.7791
17.272 77.7791
17.273 -77.7855
17.273 77.7855
17.274 -77.7919
17.274 77.7919
17.275 -77.7983
17.275 77.7983
17.276 -77.8047
17.276 77.8047
17.277 -77.8112
17.277 77.8112
17.278 -77.8176
17.278 77.8176
17.279 -77.824
17.279 77.824
17.28 -77.8304
17.28 77.8304
17.281 -77.8368
17.281 77.8368
17.282 -77.8433
17.282 77.8433
17.283 -77.8497
17.283 77.8497
17.284 -77.8561
17.284 77.8561
17.285 -77.8625
17.285 77.8625
17.286 -77.869
17.286 77.869
17.287 -77.8754
17.287 77.8754
17.288 -77.8818
17.288 77.8818
17.289 -77.8882
17.289 77.8882
17.29 -77.8946
17.29 77.8946
17.291 -77.9011
17.291 77.9011
17.292 -77.9075
17.292 77.9075
17.293 -77.9139
17.293 77.9139
17.294 -77.9203
17.294 77.9203
17.295 -77.9268
17.295 77.9268
17.296 -77.9332
17.296 77.9332
17.297 -77.9396
17.297 77.9396
17.298 -77.946
17.298 77.946
17.299 -77.9525
17.299 77.9525
17.3 -77.9589
17.3 77.9589
17.301 -77.9653
17.301 77.9653
17.302 -77.9717
17.302 77.9717
17.303 -77.9782
17.303 77.9782
17.304 -77.9846
17.304 77.9846
17.305 -77.991
17.305 77.991
17.306 -77.9974
17.306 77.9974
17.307 -78.0039
17.307 78.0039
17.308 -78.0103
17.308 78.0103
17.309 -78.0167
17.309 78.0167
17.31 -78.0231
17.31 78.0231
17.311 -78.0296
17.311 78.0296
17.312 -78.036
17.312 78.036
17.313 -78.0424
17.313 78.0424
17.314 -78.0488
17.314 78.0488
17.315 -78.0553
17.315 78.0553
17.316 -78.0617
17.316 78.0617
17.317 -78.0681
17.317 78.0681
17.318 -78.0745
17.318 78.0745
17.319 -78.081
17.319 78.081
17.32 -78.0874
17.32 78.0874
17.321 -78.0938
17.321 78.0938
17.322 -78.1003
17.322 78.1003
17.323 -78.1067
17.323 78.1067
17.324 -78.1131
17.324 78.1131
17.325 -78.1195
17.325 78.1195
17.326 -78.126
17.326 78.126
17.327 -78.1324
17.327 78.1324
17.328 -78.1388
17.328 78.1388
17.329 -78.1453
17.329 78.1453
17.33 -78.1517
17.33 78.1517
17.331 -78.1581
17.331 78.1581
17.332 -78.1645
17.332 78.1645
17.333 -78.171
17.333 78.171
17.334 -78.1774
17.334 78.1774
17.335 -78.1838
17.335 78.1838
17.336 -78.1903
17.336 78.1903
17.337 -78.1967
17.337 78.1967
17.338 -78.2031
17.338 78.2031
17.339 -78.2096
17.339 78.2096
17.34 -78.216
17.34 78.216
17.341 -78.2224
17.341 78.2224
17.342 -78.2289
17.342 78.2289
17.343 -78.2353
17.343 78.2353
17.344 -78.2417
17.344 78.2417
17.345 -78.2482
17.345 78.2482
17.346 -78.2546
17.346 78.2546
17.347 -78.261
17.347 78.261
17.348 -78.2675
17.348 78.2675
17.349 -78.2739
17.349 78.2739
17.35 -78.2803
17.35 78.2803
17.351 -78.2867
17.351 78.2867
17.352 -78.2932
17.352 78.2932
17.353 -78.2996
17.353 78.2996
17.354 -78.306
17.354 78.306
17.355 -78.3125
17.355 78.3125
17.356 -78.3189
17.356 78.3189
17.357 -78.3254
17.357 78.3254
17.358 -78.3318
17.358 78.3318
17.359 -78.3382
17.359 78.3382
17.36 -78.3447
17.36 78.3447
17.361 -78.3511
17.361 78.3511
17.362 -78.3575
17.362 78.3575
17.363 -78.364
17.363 78.364
17.364 -78.3704
17.364 78.3704
17.365 -78.3768
17.365 78.3768
17.366 -78.3833
17.366 78.3833
17.367 -78.3897
17.367 78.3897
17.368 -78.3961
17.368 78.3961
17.369 -78.4026
17.369 78.4026
17.37 -78.409
17.37 78.409
17.371 -78.4154
17.371 78.4154
17.372 -78.4219
17.372 78.4219
17.373 -78.4283
17.373 78.4283
17.374 -78.4348
17.374 78.4348
17.375 -78.4412
17.375 78.4412
17.376 -78.4476
17.376 78.4476
17.377 -78.4541
17.377 78.4541
17.378 -78.4605
17.378 78.4605
17.379 -78.4669
17.379 78.4669
17.38 -78.4734
17.38 78.4734
17.381 -78.4798
17.381 78.4798
17.382 -78.4863
17.382 78.4863
17.383 -78.4927
17.383 78.4927
17.384 -78.4991
17.384 78.4991
17.385 -78.5056
17.385 78.5056
17.386 -78.512
17.386 78.512
17.387 -78.5185
17.387 78.5185
17.388 -78.5249
17.388 78.5249
17.389 -78.5313
17.389 78.5313
17.39 -78.5378
17.39 78.5378
17.391 -78.5442
17.391 78.5442
17.392 -78.5507
17.392 78.5507
17.393 -78.5571
17.393 78.5571
17.394 -78.5635
17.394 78.5635
17.395 -78.57
17.395 78.57
17.396 -78.5764
17.396 78.5764
17.397 -78.5829
17.397 78.5829
17.398 -78.5893
17.398 78.5893
17.399 -78.5957
17.399 78.5957
17.4 -78.6022
17.4 78.6022
17.401 -78.6086
17.401 78.6086
17.402 -78.6151
17.402 78.6151
17.403 -78.6215
17.403 78.6215
17.404 -78.628
17.404 78.628
17.405 -78.6344
17.405 78.6344
17.406 -78.6408
17.406 78.6408
17.407 -78.6473
17.407 78.6473
17.408 -78.6537
17.408 78.6537
17.409 -78.6602
17.409 78.6602
17.41 -78.6666
17.41 78.6666
17.411 -78.6731
17.411 78.6731
17.412 -78.6795
17.412 78.6795
17.413 -78.6859
17.413 78.6859
17.414 -78.6924
17.414 78.6924
17.415 -78.6988
17.415 78.6988
17.416 -78.7053
17.416 78.7053
17.417 -78.7117
17.417 78.7117
17.418 -78.7182
17.418 78.7182
17.419 -78.7246
17.419 78.7246
17.42 -78.7311
17.42 78.7311
17.421 -78.7375
17.421 78.7375
17.422 -78.744
17.422 78.744
17.423 -78.7504
17.423 78.7504
17.424 -78.7568
17.424 78.7568
17.425 -78.7633
17.425 78.7633
17.426 -78.7697
17.426 78.7697
17.427 -78.7762
17.427 78.7762
17.428 -78.7826
17.428 78.7826
17.429 -78.7891
17.429 78.7891
17.43 -78.7955
17.43 78.7955
17.431 -78.802
17.431 78.802
17.432 -78.8084
17.432 78.8084
17.433 -78.8149
17.433 78.8149
17.434 -78.8213
17.434 78.8213
17.435 -78.8278
17.435 78.8278
17.436 -78.8342
17.436 78.8342
17.437 -78.8407
17.437 78.8407
17.438 -78.8471
17.438 78.8471
17.439 -78.8536
17.439 78.8536
17.44 -78.86
17.44 78.86
17.441 -78.8664
17.441 78.8664
17.442 -78.8729
17.442 78.8729
17.443 -78.8793
17.443 78.8793
17.444 -78.8858
17.444 78.8858
17.445 -78.8922
17.445 78.8922
17.446 -78.8987
17.446 78.8987
17.447 -78.9051
17.447 78.9051
17.448 -78.9116
17.448 78.9116
17.449 -78.918
17.449 78.918
17.45 -78.9245
17.45 78.9245
17.451 -78.9309
17.451 78.9309
17.452 -78.9374
17.452 78.9374
17.453 -78.9438
17.453 78.9438
17.454 -78.9503
17.454 78.9503
17.455 -78.9568
17.455 78.9568
17.456 -78.9632
17.456 78.9632
17.457 -78.9697
17.457 78.9697
17.458 -78.9761
17.458 78.9761
17.459 -78.9826
17.459 78.9826
17.46 -78.989
17.46 78.989
17.461 -78.9955
17.461 78.9955
17.462 -79.0019
17.462 79.0019
17.463 -79.0084
17.463 79.0084
17.464 -79.0148
17.464 79.0148
17.465 -79.0213
17.465 79.0213
17.466 -79.0277
17.466 79.0277
17.467 -79.0342
17.467 79.0342
17.468 -79.0406
17.468 79.0406
17.469 -79.0471
17.469 79.0471
17.47 -79.0535
17.47 79.0535
17.471 -79.06
17.471 79.06
17.472 -79.0664
17.472 79.0664
17.473 -79.0729
17.473 79.0729
17.474 -79.0794
17.474 79.0794
17.475 -79.0858
17.475 79.0858
17.476 -79.0923
17.476 79.0923
17.477 -79.0987
17.477 79.0987
17.478 -79.1052
17.478 79.1052
17.479 -79.1116
17.479 79.1116
17.48 -79.1181
17.48 79.1181
17.481 -79.1245
17.481 79.1245
17.482 -79.131
17.482 79.131
17.483 -79.1375
17.483 79.1375
17.484 -79.1439
17.484 79.1439
17.485 -79.1504
17.485 79.1504
17.486 -79.1568
17.486 79.1568
17.487 -79.1633
17.487 79.1633
17.488 -79.1697
17.488 79.1697
17.489 -79.1762
17.489 79.1762
17.49 -79.1827
17.49 79.1827
17.491 -79.1891
17.491 79.1891
17.492 -79.1956
17.492 79.1956
17.493 -79.202
17.493 79.202
17.494 -79.2085
17.494 79.2085
17.495 -79.2149
17.495 79.2149
17.496 -79.2214
17.496 79.2214
17.497 -79.2279
17.497 79.2279
17.498 -79.2343
17.498 79.2343
17.499 -79.2408
17.499 79.2408
17.5 -79.2472
17.5 79.2472
17.501 -79.2537
17.501 79.2537
17.502 -79.2602
17.502 79.2602
17.503 -79.2666
17.503 79.2666
17.504 -79.2731
17.504 79.2731
17.505 -79.2795
17.505 79.2795
17.506 -79.286
17.506 79.286
17.507 -79.2925
17.507 79.2925
17.508 -79.2989
17.508 79.2989
17.509 -79.3054
17.509 79.3054
17.51 -79.3118
17.51 79.3118
17.511 -79.3183
17.511 79.3183
17.512 -79.3248
17.512 79.3248
17.513 -79.3312
17.513 79.3312
17.514 -79.3377
17.514 79.3377
17.515 -79.3441
17.515 79.3441
17.516 -79.3506
17.516 79.3506
17.517 -79.3571
17.517 79.3571
17.518 -79.3635
17.518 79.3635
17.519 -79.37
17.519 79.37
17.52 -79.3765
17.52 79.3765
17.521 -79.3829
17.521 79.3829
17.522 -79.3894
17.522 79.3894
17.523 -79.3958
17.523 79.3958
17.524 -79.4023
17.524 79.4023
17.525 -79.4088
17.525 79.4088
17.526 -79.4152
17.526 79.4152
17.527 -79.4217
17.527 79.4217
17.528 -79.4282
17.528 79.4282
17.529 -79.4346
17.529 79.4346
17.53 -79.4411
17.53 79.4411
17.531 -79.4476
17.531 79.4476
17.532 -79.454
17.532 79.454
17.533 -79.4605
17.533 79.4605
17.534 -79.467
17.534 79.467
17.535 -79.4734
17.535 79.4734
17.536 -79.4799
17.536 79.4799
17.537 -79.4863
17.537 79.4863
17.538 -79.4928
17.538 79.4928
17.539 -79.4993
17.539 79.4993
17.54 -79.5057
17.54 79.5057
17.541 -79.5122
17.541 79.5122
17.542 -79.5187
17.542 79.5187
17.543 -79.5251
17.543 79.5251
17.544 -79.5316
17.544 79.5316
17.545 -79.5381
17.545 79.5381
17.546 -79.5445
17.546 79.5445
17.547 -79.551
17.547 79.551
17.548 -79.5575
17.548 79.5575
17.549 -79.5639
17.549 79.5639
17.55 -79.5704
17.55 79.5704
17.551 -79.5769
17.551 79.5769
17.552 -79.5834
17.552 79.5834
17.553 -79.5898
17.553 79.5898
17.554 -79.5963
17.554 79.5963
17.555 -79.6028
17.555 79.6028
17.556 -79.6092
17.556 79.6092
17.557 -79.6157
17.557 79.6157
17.558 -79.6222
17.558 79.6222
17.559 -79.6286
17.559 79.6286
17.56 -79.6351
17.56 79.6351
17.561 -79.6416
17.561 79.6416
17.562 -79.648
17.562 79.648
17.563 -79.6545
17.563 79.6545
17.564 -79.661
17.564 79.661
17.565 -79.6675
17.565 79.6675
17.566 -79.6739
17.566 79.6739
17.567 -79.6804
17.567 79.6804
17.568 -79.6869
17.568 79.6869
17.569 -79.6933
17.569 79.6933
17.57 -79.6998
17.57 79.6998
17.571 -79.7063
17.571 79.7063
17.572 -79.7128
17.572 79.7128
17.573 -79.7192
17.573 79.7192
17.574 -79.7257
17.574 79.7257
17.575 -79.7322
17.575 79.7322
17.576 -79.7386
17.576 79.7386
17.577 -79.7451
17.577 79.7451
17.578 -79.7516
17.578 79.7516
17.579 -79.7581
17.579 79.7581
17.58 -79.7645
17.58 79.7645
17.581 -79.771
17.581 79.771
17.582 -79.7775
17.582 79.7775
17.583 -79.784
17.583 79.784
17.584 -79.7904
17.584 79.7904
17.585 -79.7969
17.585 79.7969
17.586 -79.8034
17.586 79.8034
17.587 -79.8098
17.587 79.8098
17.588 -79.8163
17.588 79.8163
17.589 -79.8228
17.589 79.8228
17.59 -79.8293
17.59 79.8293
17.591 -79.8357
17.591 79.8357
17.592 -79.8422
17.592 79.8422
17.593 -79.8487
17.593 79.8487
17.594 -79.8552
17.594 79.8552
17.595 -79.8616
17.595 79.8616
17.596 -79.8681
17.596 79.8681
17.597 -79.8746
17.597 79.8746
17.598 -79.8811
17.598 79.8811
17.599 -79.8876
17.599 79.8876
17.6 -79.894
17.6 79.894
17.601 -79.9005
17.601 79.9005
17.602 -79.907
17.602 79.907
17.603 -79.9135
17.603 79.9135
17.604 -79.9199
17.604 79.9199
17.605 -79.9264
17.605 79.9264
17.606 -79.9329
17.606 79.9329
17.607 -79.9394
17.607 79.9394
17.608 -79.9458
17.608 79.9458
17.609 -79.9523
17.609 79.9523
17.61 -79.9588
17.61 79.9588
17.611 -79.9653
17.611 79.9653
17.612 -79.9718
17.612 79.9718
17.613 -79.9782
17.613 79.9782
17.614 -79.9847
17.614 79.9847
17.615 -79.9912
17.615 79.9912
17.616 -79.9977
17.616 79.9977
17.617 -80.0042
17.617 80.0042
17.618 -80.0106
17.618 80.0106
17.619 -80.0171
17.619 80.0171
17.62 -80.0236
17.62 80.0236
17.621 -80.0301
17.621 80.0301
17.622 -80.0366
17.622 80.0366
17.623 -80.043
17.623 80.043
17.624 -80.0495
17.624 80.0495
17.625 -80.056
17.625 80.056
17.626 -80.0625
17.626 80.0625
17.627 -80.069
17.627 80.069
17.628 -80.0754
17.628 80.0754
17.629 -80.0819
17.629 80.0819
17.63 -80.0884
17.63 80.0884
17.631 -80.0949
17.631 80.0949
17.632 -80.1014
17.632 80.1014
17.633 -80.1079
17.633 80.1079
17.634 -80.1143
17.634 80.1143
17.635 -80.1208
17.635 80.1208
17.636 -80.1273
17.636 80.1273
17.637 -80.1338
17.637 80.1338
17.638 -80.1403
17.638 80.1403
17.639 -80.1467
17.639 80.1467
17.64 -80.1532
17.64 80.1532
17.641 -80.1597
17.641 80.1597
17.642 -80.1662
17.642 80.1662
17.643 -80.1727
17.643 80.1727
17.644 -80.1792
17.644 80.1792
17.645 -80.1857
17.645 80.1857
17.646 -80.1921
17.646 80.1921
17.647 -80.1986
17.647 80.1986
17.648 -80.2051
17.648 80.2051
17.649 -80.2116
17.649 80.2116
17.65 -80.2181
17.65 80.2181
17.651 -80.2246
17.651 80.2246
17.652 -80.231
17.652 80.231
17.653 -80.2375
17.653 80.2375
17.654 -80.244
17.654 80.244
17.655 -80.2505
17.655 80.2505
17.656 -80.257
17.656 80.257
17.657 -80.2635
17.657 80.2635
17.658 -80.27
17.658 80.27
17.659 -80.2764
17.659 80.2764
17.66 -80.2829
17.66 80.2829
17.661 -80.2894
17.661 80.2894
17.662 -80.2959
17.662 80.2959
17.663 -80.3024
17.663 80.3024
17.664 -80.3089
17.664 80.3089
17.665 -80.3154
17.665 80.3154
17.666 -80.3219
17.666 80.3219
17.667 -80.3283
17.667 80.3283
17.668 -80.3348
17.668 80.3348
17.669 -80.3413
17.669 80.3413
17.67 -80.3478
17.67 80.3478
17.671 -80.3543
17.671 80.3543
17.672 -80.3608
17.672 80.3608
17.673 -80.3673
17.673 80.3673
17.674 -80.3738
17.674 80.3738
17.675 -80.3803
17.675 80.3803
17.676 -80.3868
17.676 80.3868
17.677 -80.3932
17.677 80.3932
17.678 -80.3997
17.678 80.3997
17.679 -80.4062
17.679 80.4062
17.68 -80.4127
17.68 80.4127
17.681 -80.4192
17.681 80.4192
17.682 -80.4257
17.682 80.4257
17.683 -80.4322
17.683 80.4322
17.684 -80.4387
17.684 80.4387
17.685 -80.4452
17.685 80.4452
17.686 -80.4517
17.686 80.4517
17.687 -80.4581
17.687 80.4581
17.688 -80.4646
17.688 80.4646
17.689 -80.4711
17.689 80.4711
17.69 -80.4776
17.69 80.4776
17.691 -80.4841
17.691 80.4841
17.692 -80.4906
17.692 80.4906
17.693 -80.4971
17.693 80.4971
17.694 -80.5036
17.694 80.5036
17.695 -80.5101
17.695 80.5101
17.696 -80.5166
17.696 80.5166
17.697 -80.5231
17.697 80.5231
17.698 -80.5296
17.698 80.5296
17.699 -80.5361
17.699 80.5361
17.7 -80.5426
17.7 80.5426
17.701 -80.549
17.701 80.549
17.702 -80.5555
17.702 80.5555
17.703 -80.562
17.703 80.562
17.704 -80.5685
17.704 80.5685
17.705 -80.575
17.705 80.575
17.706 -80.5815
17.706 80.5815
17.707 -80.588
17.707 80.588
17.708 -80.5945
17.708 80.5945
17.709 -80.601
17.709 80.601
17.71 -80.6075
17.71 80.6075
17.711 -80.614
17.711 80.614
17.712 -80.6205
17.712 80.6205
17.713 -80.627
17.713 80.627
17.714 -80.6335
17.714 80.6335
17.715 -80.64
17.715 80.64
17.716 -80.6465
17.716 80.6465
17.717 -80.653
17.717 80.653
17.718 -80.6595
17.718 80.6595
17.719 -80.666
17.719 80.666
17.72 -80.6725
17.72 80.6725
17.721 -80.679
17.721 80.679
17.722 -80.6855
17.722 80.6855
17.723 -80.692
17.723 80.692
17.724 -80.6985
17.724 80.6985
17.725 -80.705
17.725 80.705
17.726 -80.7115
17.726 80.7115
17.727 -80.718
17.727 80.718
17.728 -80.7245
17.728 80.7245
17.729 -80.7309
17.729 80.7309
17.73 -80.7374
17.73 80.7374
17.731 -80.7439
17.731 80.7439
17.732 -80.7504
17.732 80.7504
17.733 -80.7569
17.733 80.7569
17.734 -80.7634
17.734 80.7634
17.735 -80.7699
17.735 80.7699
17.736 -80.7764
17.736 80.7764
17.737 -80.7829
17.737 80.7829
17.738 -80.7894
17.738 80.7894
17.739 -80.7959
17.739 80.7959
17.74 -80.8024
17.74 80.8024
17.741 -80.8089
17.741 80.8089
17.742 -80.8155
17.742 80.8155
17.743 -80.822
17.743 80.822
17.744 -80.8285
17.744 80.8285
17.745 -80.835
17.745 80.835
17.746 -80.8415
17.746 80.8415
17.747 -80.848
17.747 80.848
17.748 -80.8545
17.748 80.8545
17.749 -80.861
17.749 80.861
17.75 -80.8675
17.75 80.8675
17.751 -80.874
17.751 80.874
17.752 -80.8805
17.752 80.8805
17.753 -80.887
17.753 80.887
17.754 -80.8935
17.754 80.8935
17.755 -80.9
17.755 80.9
17.756 -80.9065
17.756 80.9065
17.757 -80.913
17.757 80.913
17.758 -80.9195
17.758 80.9195
17.759 -80.926
17.759 80.926
17.76 -80.9325
17.76 80.9325
17.761 -80.939
17.761 80.939
17.762 -80.9455
17.762 80.9455
17.763 -80.952
17.763 80.952
17.764 -80.9585
17.764 80.9585
17.765 -80.965
17.765 80.965
17.766 -80.9715
17.766 80.9715
17.767 -80.978
17.767 80.978
17.768 -80.9845
17.768 80.9845
17.769 -80.991
17.769 80.991
17.77 -80.9976
17.77 80.9976
17.771 -81.0041
17.771 81.0041
17.772 -81.0106
17.772 81.0106
17.773 -81.0171
17.773 81.0171
17.774 -81.0236
17.774 81.0236
17.775 -81.0301
17.775 81.0301
17.776 -81.0366
17.776 81.0366
17.777 -81.0431
17.777 81.0431
17.778 -81.0496
17.778 81.0496
17.779 -81.0561
17.779 81.0561
17.78 -81.0626
17.78 81.0626
17.781 -81.0691
17.781 81.0691
17.782 -81.0756
17.782 81.0756
17.783 -81.0821
17.783 81.0821
17.784 -81.0887
17.784 81.0887
17.785 -81.0952
17.785 81.0952
17.786 -81.1017
17.786 81.1017
17.787 -81.1082
17.787 81.1082
17.788 -81.1147
17.788 81.1147
17.789 -81.1212
17.789 81.1212
17.79 -81.1277
17.79 81.1277
17.791 -81.1342
17.791 81.1342
17.792 -81.1407
17.792 81.1407
17.793 -81.1472
17.793 81.1472
17.794 -81.1537
17.794 81.1537
17.795 -81.1603
17.795 81.1603
17.796 -81.1668
17.796 81.1668
17.797 -81.1733
17.797 81.1733
17.798 -81.1798
17.798 81.1798
17.799 -81.1863
17.799 81.1863
17.8 -81.1928
17.8 81.1928
17.801 -81.1993
17.801 81.1993
17.802 -81.2058
17.802 81.2058
17.803 -81.2123
17.803 81.2123
17.804 -81.2189
17.804 81.2189
17.805 -81.2254
17.805 81.2254
17.806 -81.2319
17.806 81.2319
17.807 -81.2384
17.807 81.2384
17.808 -81.2449
17.808 81.2449
17.809 -81.2514
17.809 81.2514
17.81 -81.2579
17.81 81.2579
17.811 -81.2644
17.811 81.2644
17.812 -81.271
17.812 81.271
17.813 -81.2775
17.813 81.2775
17.814 -81.284
17.814 81.284
17.815 -81.2905
17.815 81.2905
17.816 -81.297
17.816 81.297
17.817 -81.3035
17.817 81.3035
17.818 -81.31
17.818 81.31
17.819 -81.3166
17.819 81.3166
17.82 -81.3231
17.82 81.3231
17.821 -81.3296
17.821 81.3296
17.822 -81.3361
17.822 81.3361
17.823 -81.3426
17.823 81.3426
17.824 -81.3491
17.824 81.3491
17.825 -81.3556
17.825 81.3556
17.826 -81.3622
17.826 81.3622
17.827 -81.3687
17.827 81.3687
17.828 -81.3752
17.828 81.3752
17.829 -81.3817
17.829 81.3817
17.83 -81.3882
17.83 81.3882
17.831 -81.3947
17.831 81.3947
17.832 -81.4013
17.832 81.4013
17.833 -81.4078
17.833 81.4078
17.834 -81.4143
17.834 81.4143
17.835 -81.4208
17.835 81.4208
17.836 -81.4273
17.836 81.4273
17.837 -81.4338
17.837 81.4338
17.838 -81.4404
17.838 81.4404
17.839 -81.4469
17.839 81.4469
17.84 -81.4534
17.84 81.4534
17.841 -81.4599
17.841 81.4599
17.842 -81.4664
17.842 81.4664
17.843 -81.4729
17.843 81.4729
17.844 -81.4795
17.844 81.4795
17.845 -81.486
17.845 81.486
17.846 -81.4925
17.846 81.4925
17.847 -81.499
17.847 81.499
17.848 -81.5055
17.848 81.5055
17.849 -81.5121
17.849 81.5121
17.85 -81.5186
17.85 81.5186
17.851 -81.5251
17.851 81.5251
17.852 -81.5316
17.852 81.5316
17.853 -81.5381
17.853 81.5381
17.854 -81.5447
17.854 81.5447
17.855 -81.5512
17.855 81.5512
17.856 -81.5577
17.856 81.5577
17.857 -81.5642
17.857 81.5642
17.858 -81.5707
17.858 81.5707
17.859 -81.5773
17.859 81.5773
17.86 -81.5838
17.86 81.5838
17.861 -81.5903
17.861 81.5903
17.862 -81.5968
17.862 81.5968
17.863 -81.6034
17.863 81.6034
17.864 -81.6099
17.864 81.6099
17.865 -81.6164
17.865 81.6164
17.866 -81.6229
17.866 81.6229
17.867 -81.6294
17.867 81.6294
17.868 -81.636
17.868 81.636
17.869 -81.6425
17.869 81.6425
17.87 -81.649
17.87 81.649
17.871 -81.6555
17.871 81.6555
17.872 -81.6621
17.872 81.6621
17.873 -81.6686
17.873 81.6686
17.874 -81.6751
17.874 81.6751
17.875 -81.6816
17.875 81.6816
17.876 -81.6882
17.876 81.6882
17.877 -81.6947
17.877 81.6947
17.878 -81.7012
17.878 81.7012
17.879 -81.7077
17.879 81.7077
17.88 -81.7143
17.88 81.7143
17.881 -81.7208
17.881 81.7208
17.882 -81.7273
17.882 81.7273
17.883 -81.7338
17.883 81.7338
17.884 -81.7404
17.884 81.7404
17.885 -81.7469
17.885 81.7469
17.886 -81.7534
17.886 81.7534
17.887 -81.7599
17.887 81.7599
17.888 -81.7665
17.888 81.7665
17.889 -81.773
17.889 81.773
17.89 -81.7795
17.89 81.7795
17.891 -81.786
17.891 81.786
17.892 -81.7926
17.892 81.7926
17.893 -81.7991
17.893 81.7991
17.894 -81.8056
17.894 81.8056
17.895 -81.8121
17.895 81.8121
17.896 -81.8187
17.896 81.8187
17.897 -81.8252
17.897 81.8252
17.898 -81.8317
17.898 81.8317
17.899 -81.8383
17.899 81.8383
17.9 -81.8448
17.9 81.8448
17.901 -81.8513
17.901 81.8513
17.902 -81.8578
17.902 81.8578
17.903 -81.8644
17.903 81.8644
17.904 -81.8709
17.904 81.8709
17.905 -81.8774
17.905 81.8774
17.906 -81.884
17.906 81.884
17.907 -81.8905
17.907 81.8905
17.908 -81.897
17.908 81.897
17.909 -81.9035
17.909 81.9035
17.91 -81.9101
17.91 81.9101
17.911 -81.9166
17.911 81.9166
17.912 -81.9231
17.912 81.9231
17.913 -81.9297
17.913 81.9297
17.914 -81.9362
17.914 81.9362
17.915 -81.9427
17.915 81.9427
17.916 -81.9493
17.916 81.9493
17.917 -81.9558
17.917 81.9558
17.918 -81.9623
17.918 81.9623
17.919 -81.9689
17.919 81.9689
17.92 -81.9754
17.92 81.9754
17.921 -81.9819
17.921 81.9819
17.922 -81.9885
17.922 81.9885
17.923 -81.995
17.923 81.995
17.924 -82.0015
17.924 82.0015
17.925 -82.008
17.925 82.008
17.926 -82.0146
17.926 82.0146
17.927 -82.0211
17.927 82.0211
17.928 -82.0276
17.928 82.0276
17.929 -82.0342
17.929 82.0342
17.93 -82.0407
17.93 82.0407
17.931 -82.0472
17.931 82.0472
17.932 -82.0538
17.932 82.0538
17.933 -82.0603
17.933 82.0603
17.934 -82.0669
17.934 82.0669
17.935 -82.0734
17.935 82.0734
17.936 -82.0799
17.936 82.0799
17.937 -82.0865
17.937 82.0865
17.938 -82.093
17.938 82.093
17.939 -82.0995
17.939 82.0995
17.94 -82.1061
17.94 82.1061
17.941 -82.1126
17.941 82.1126
17.942 -82.1191
17.942 82.1191
17.943 -82.1257
17.943 82.1257
17.944 -82.1322
17.944 82.1322
17.945 -82.1387
17.945 82.1387
17.946 -82.1453
17.946 82.1453
17.947 -82.1518
17.947 82.1518
17.948 -82.1583
17.948 82.1583
17.949 -82.1649
17.949 82.1649
17.95 -82.1714
17.95 82.1714
17.951 -82.178
17.951 82.178
17.952 -82.1845
17.952 82.1845
17.953 -82.191
17.953 82.191
17.954 -82.1976
17.954 82.1976
17.955 -82.2041
17.955 82.2041
17.956 -82.2106
17.956 82.2106
17.957 -82.2172
17.957 82.2172
17.958 -82.2237
17.958 82.2237
17.959 -82.2303
17.959 82.2303
17.96 -82.2368
17.96 82.2368
17.961 -82.2433
17.961 82.2433
17.962 -82.2499
17.962 82.2499
17.963 -82.2564
17.963 82.2564
17.964 -82.263
17.964 82.263
17.965 -82.2695
17.965 82.2695
17.966 -82.276
17.966 82.276
17.967 -82.2826
17.967 82.2826
17.968 -82.2891
17.968 82.2891
17.969 -82.2957
17.969 82.2957
17.97 -82.3022
17.97 82.3022
17.971 -82.3087
17.971 82.3087
17.972 -82.3153
17.972 82.3153
17.973 -82.3218
17.973 82.3218
17.974 -82.3284
17.974 82.3284
17.975 -82.3349
17.975 82.3349
17.976 -82.3414
17.976 82.3414
17.977 -82.348
17.977 82.348
17.978 -82.3545
17.978 82.3545
17.979 -82.3611
17.979 82.3611
17.98 -82.3676
17.98 82.3676
17.981 -82.3741
17.981 82.3741
17.982 -82.3807
17.982 82.3807
17.983 -82.3872
17.983 82.3872
17.984 -82.3938
17.984 82.3938
17.985 -82.4003
17.985 82.4003
17.986 -82.4069
17.986 82.4069
17.987 -82.4134
17.987 82.4134
17.988 -82.42
17.988 82.42
17.989 -82.4265
17.989 82.4265
17.99 -82.433
17.99 82.433
17.991 -82.4396
17.991 82.4396
17.992 -82.4461
17.992 82.4461
17.993 -82.4527
17.993 82.4527
17.994 -82.4592
17.994 82.4592
17.995 -82.4658
17.995 82.4658
17.996 -82.4723
17.996 82.4723
17.997 -82.4788
17.997 82.4788
17.998 -82.4854
17.998 82.4854
17.999 -82.4919
17.999 82.4919
18 -82.4985
18 82.4985
18.001 -82.505
18.001 82.505
18.002 -82.5116
18.002 82.5116
18.003 -82.5181
18.003 82.5181
18.004 -82.5247
18.004 82.5247
18.005 -82.5312
18.005 82.5312
18.006 -82.5378
18.006 82.5378
18.007 -82.5443
18.007 82.5443
18.008 -82.5509
18.008 82.5509
18.009 -82.5574
18.009 82.5574
18.01 -82.5639
18.01 82.5639
18.011 -82.5705
18.011 82.5705
18.012 -82.577
18.012 82.577
18.013 -82.5836
18.013 82.5836
18.014 -82.5901
18.014 82.5901
18.015 -82.5967
18.015 82.5967
18.016 -82.6032
18.016 82.6032
18.017 -82.6098
18.017 82.6098
18.018 -82.6163
18.018 82.6163
18.019 -82.6229
18.019 82.6229
18.02 -82.6294
18.02 82.6294
18.021 -82.636
18.021 82.636
18.022 -82.6425
18.022 82.6425
18.023 -82.6491
18.023 82.6491
18.024 -82.6556
18.024 82.6556
18.025 -82.6622
18.025 82.6622
18.026 -82.6687
18.026 82.6687
18.027 -82.6753
18.027 82.6753
18.028 -82.6818
18.028 82.6818
18.029 -82.6884
18.029 82.6884
18.03 -82.6949
18.03 82.6949
18.031 -82.7015
18.031 82.7015
18.032 -82.708
18.032 82.708
18.033 -82.7146
18.033 82.7146
18.034 -82.7211
18.034 82.7211
18.035 -82.7277
18.035 82.7277
18.036 -82.7342
18.036 82.7342
18.037 -82.7408
18.037 82.7408
18.038 -82.7473
18.038 82.7473
18.039 -82.7539
18.039 82.7539
18.04 -82.7604
18.04 82.7604
18.041 -82.767
18.041 82.767
18.042 -82.7736
18.042 82.7736
18.043 -82.7801
18.043 82.7801
18.044 -82.7867
18.044 82.7867
18.045 -82.7932
18.045 82.7932
18.046 -82.7998
18.046 82.7998
18.047 -82.8063
18.047 82.8063
18.048 -82.8129
18.048 82.8129
18.049 -82.8194
18.049 82.8194
18.05 -82.826
18.05 82.826
18.051 -82.8325
18.051 82.8325
18.052 -82.8391
18.052 82.8391
18.053 -82.8456
18.053 82.8456
18.054 -82.8522
18.054 82.8522
18.055 -82.8588
18.055 82.8588
18.056 -82.8653
18.056 82.8653
18.057 -82.8719
18.057 82.8719
18.058 -82.8784
18.058 82.8784
18.059 -82.885
18.059 82.885
18.06 -82.8915
18.06 82.8915
18.061 -82.8981
18.061 82.8981
18.062 -82.9046
18.062 82.9046
18.063 -82.9112
18.063 82.9112
18.064 -82.9178
18.064 82.9178
18.065 -82.9243
18.065 82.9243
18.066 -82.9309
18.066 82.9309
18.067 -82.9374
18.067 82.9374
18.068 -82.944
18.068 82.944
18.069 -82.9505
18.069 82.9505
18.07 -82.9571
18.07 82.9571
18.071 -82.9637
18.071 82.9637
18.072 -82.9702
18.072 82.9702
18.073 -82.9768
18.073 82.9768
18.074 -82.9833
18.074 82.9833
18.075 -82.9899
18.075 82.9899
18.076 -82.9964
18.076 82.9964
18.077 -83.003
18.077 83.003
18.078 -83.0096
18.078 83.0096
18.079 -83.0161
18.079 83.0161
18.08 -83.0227
18.08 83.0227
18.081 -83.0292
18.081 83.0292
18.082 -83.0358
18.082 83.0358
18.083 -83.0424
18.083 83.0424
18.084 -83.0489
18.084 83.0489
18.085 -83.0555
18.085 83.0555
18.086 -83.062
18.086 83.062
18.087 -83.0686
18.087 83.0686
18.088 -83.0752
18.088 83.0752
18.089 -83.0817
18.089 83.0817
18.09 -83.0883
18.09 83.0883
18.091 -83.0948
18.091 83.0948
18.092 -83.1014
18.092 83.1014
18.093 -83.108
18.093 83.108
18.094 -83.1145
18.094 83.1145
18.095 -83.1211
18.095 83.1211
18.096 -83.1277
18.096 83.1277
18.097 -83.1342
18.097 83.1342
18.098 -83.1408
18.098 83.1408
18.099 -83.1473
18.099 83.1473
18.1 -83.1539
18.1 83.1539
18.101 -83.1605
18.101 83.1605
18.102 -83.167
18.102 83.167
18.103 -83.1736
18.103 83.1736
18.104 -83.1802
18.104 83.1802
18.105 -83.1867
18.105 83.1867
18.106 -83.1933
18.106 83.1933
18.107 -83.1998
18.107 83.1998
18.108 -83.2064
18.108 83.2064
18.109 -83.213
18.109 83.213
18.11 -83.2195
18.11 83.2195
18.111 -83.2261
18.111 83.2261
18.112 -83.2327
18.112 83.2327
18.113 -83.2392
18.113 83.2392
18.114 -83.2458
18.114 83.2458
18.115 -83.2524
18.115 83.2524
18.116 -83.2589
18.116 83.2589
18.117 -83.2655
18.117 83.2655
18.118 -83.2721
18.118 83.2721
18.119 -83.2786
18.119 83.2786
18.12 -83.2852
18.12 83.2852
18.121 -83.2918
18.121 83.2918
18.122 -83.2983
18.122 83.2983
18.123 -83.3049
18.123 83.3049
18.124 -83.3115
18.124 83.3115
18.125 -83.318
18.125 83.318
18.126 -83.3246
18.126 83.3246
18.127 -83.3312
18.127 83.3312
18.128 -83.3377
18.128 83.3377
18.129 -83.3443
18.129 83.3443
18.13 -83.3509
18.13 83.3509
18.131 -83.3574
18.131 83.3574
18.132 -83.364
18.132 83.364
18.133 -83.3706
18.133 83.3706
18.134 -83.3771
18.134 83.3771
18.135 -83.3837
18.135 83.3837
18.136 -83.3903
18.136 83.3903
18.137 -83.3968
18.137 83.3968
18.138 -83.4034
18.138 83.4034
18.139 -83.41
18.139 83.41
18.14 -83.4165
18.14 83.4165
18.141 -83.4231
18.141 83.4231
18.142 -83.4297
18.142 83.4297
18.143 -83.4363
18.143 83.4363
18.144 -83.4428
18.144 83.4428
18.145 -83.4494
18.145 83.4494
18.146 -83.456
18.146 83.456
18.147 -83.4625
18.147 83.4625
18.148 -83.4691
18.148 83.4691
18.149 -83.4757
18.149 83.4757
18.15 -83.4822
18.15 83.4822
18.151 -83.4888
18.151 83.4888
18.152 -83.4954
18.152 83.4954
18.153 -83.502
18.153 83.502
18.154 -83.5085
18.154 83.5085
18.155 -83.5151
18.155 83.5151
18.156 -83.5217
18.156 83.5217
18.157 -83.5283
18.157 83.5283
18.158 -83.5348
18.158 83.5348
18.159 -83.5414
18.159 83.5414
18.16 -83.548
18.16 83.548
18.161 -83.5545
18.161 83.5545
18.162 -83.5611
18.162 83.5611
18.163 -83.5677
18.163 83.5677
18.164 -83.5743
18.164 83.5743
18.165 -83.5808
18.165 83.5808
18.166 -83.5874
18.166 83.5874
18.167 -83.594
18.167 83.594
18.168 -83.6006
18.168 83.6006
18.169 -83.6071
18.169 83.6071
18.17 -83.6137
18.17 83.6137
18.171 -83.6203
18.171 83.6203
18.172 -83.6269
18.172 83.6269
18.173 -83.6334
18.173 83.6334
18.174 -83.64
18.174 83.64
18.175 -83.6466
18.175 83.6466
18.176 -83.6532
18.176 83.6532
18.177 -83.6597
18.177 83.6597
18.178 -83.6663
18.178 83.6663
18.179 -83.6729
18.179 83.6729
18.18 -83.6795
18.18 83.6795
18.181 -83.686
18.181 83.686
18.182 -83.6926
18.182 83.6926
18.183 -83.6992
18.183 83.6992
18.184 -83.7058
18.184 83.7058
18.185 -83.7123
18.185 83.7123
18.186 -83.7189
18.186 83.7189
18.187 -83.7255
18.187 83.7255
18.188 -83.7321
18.188 83.7321
18.189 -83.7387
18.189 83.7387
18.19 -83.7452
18.19 83.7452
18.191 -83.7518
18.191 83.7518
18.192 -83.7584
18.192 83.7584
18.193 -83.765
18.193 83.765
18.194 -83.7715
18.194 83.7715
18.195 -83.7781
18.195 83.7781
18.196 -83.7847
18.196 83.7847
18.197 -83.7913
18.197 83.7913
18.198 -83.7979
18.198 83.7979
18.199 -83.8044
18.199 83.8044
18.2 -83.811
18.2 83.811
18.201 -83.8176
18.201 83.8176
18.202 -83.8242
18.202 83.8242
18.203 -83.8308
18.203 83.8308
18.204 -83.8373
18.204 83.8373
18.205 -83.8439
18.205 83.8439
18.206 -83.8505
18.206 83.8505
18.207 -83.8571
18.207 83.8571
18.208 -83.8637
18.208 83.8637
18.209 -83.8703
18.209 83.8703
18.21 -83.8768
18.21 83.8768
18.211 -83.8834
18.211 83.8834
18.212 -83.89
18.212 83.89
18.213 -83.8966
18.213 83.8966
18.214 -83.9032
18.214 83.9032
18.215 -83.9097
18.215 83.9097
18.216 -83.9163
18.216 83.9163
18.217 -83.9229
18.217 83.9229
18.218 -83.9295
18.218 83.9295
18.219 -83.9361
18.219 83.9361
18.22 -83.9427
18.22 83.9427
18.221 -83.9492
18.221 83.9492
18.222 -83.9558
18.222 83.9558
18.223 -83.9624
18.223 83.9624
18.224 -83.969
18.224 83.969
18.225 -83.9756
18.225 83.9756
18.226 -83.9822
18.226 83.9822
18.227 -83.9887
18.227 83.9887
18.228 -83.9953
18.228 83.9953
18.229 -84.0019
18.229 84.0019
18.23 -84.0085
18.23 84.0085
18.231 -84.0151
18.231 84.0151
18.232 -84.0217
18.232 84.0217
18.233 -84.0283
18.233 84.0283
18.234 -84.0348
18.234 84.0348
18.235 -84.0414
18.235 84.0414
18.236 -84.048
18.236 84.048
18.237 -84.0546
18.237 84.0546
18.238 -84.0612
18.238 84.0612
18.239 -84.0678
18.239 84.0678
18.24 -84.0744
18.24 84.0744
18.241 -84.0809
18.241 84.0809
18.242 -84.0875
18.242 84.0875
18.243 -84.0941
18.243 84.0941
18.244 -84.1007
18.244 84.1007
18.245 -84.1073
18.245 84.1073
18.246 -84.1139
18.246 84.1139
18.247 -84.1205
18.247 84.1205
18.248 -84.1271
18.248 84.1271
18.249 -84.1336
18.249 84.1336
18.25 -84.1402
18.25 84.1402
18.251 -84.1468
18.251 84.1468
18.252 -84.1534
18.252 84.1534
18.253 -84.16
18.253 84.16
18.254 -84.1666
18.254 84.1666
18.255 -84.1732
18.255 84.1732
18.256 -84.1798
18.256 84.1798
18.257 -84.1864
18.257 84.1864
18.258 -84.1929
18.258 84.1929
18.259 -84.1995
18.259 84.1995
18.26 -84.2061
18.26 84.2061
18.261 -84.2127
18.261 84.2127
18.262 -84.2193
18.262 84.2193
18.263 -84.2259
18.263 84.2259
18.264 -84.2325
18.264 84.2325
18.265 -84.2391
18.265 84.2391
18.266 -84.2457
18.266 84.2457
18.267 -84.2523
18.267 84.2523
18.268 -84.2588
18.268 84.2588
18.269 -84.2654
18.269 84.2654
18.27 -84.272
18.27 84.272
18.271 -84.2786
18.271 84.2786
18.272 -84.2852
18.272 84.2852
18.273 -84.2918
18.273 84.2918
18.274 -84.2984
18.274 84.2984
18.275 -84.305
18.275 84.305
18.276 -84.3116
18.276 84.3116
18.277 -84.3182
18.277 84.3182
18.278 -84.3248
18.278 84.3248
18.279 -84.3314
18.279 84.3314
18.28 -84.338
18.28 84.338
18.281 -84.3445
18.281 84.3445
18.282 -84.3511
18.282 84.3511
18.283 -84.3577
18.283 84.3577
18.284 -84.3643
18.284 84.3643
18.285 -84.3709
18.285 84.3709
18.286 -84.3775
18.286 84.3775
18.287 -84.3841
18.287 84.3841
18.288 -84.3907
18.288 84.3907
18.289 -84.3973
18.289 84.3973
18.29 -84.4039
18.29 84.4039
18.291 -84.4105
18.291 84.4105
18.292 -84.4171
18.292 84.4171
18.293 -84.4237
18.293 84.4237
18.294 -84.4303
18.294 84.4303
18.295 -84.4369
18.295 84.4369
18.296 -84.4435
18.296 84.4435
18.297 -84.4501
18.297 84.4501
18.298 -84.4567
18.298 84.4567
18.299 -84.4633
18.299 84.4633
18.3 -84.4699
18.3 84.4699
18.301 -84.4765
18.301 84.4765
18.302 -84.4831
18.302 84.4831
18.303 -84.4896
18.303 84.4896
18.304 -84.4962
18.304 84.4962
18.305 -84.5028
18.305 84.5028
18.306 -84.5094
18.306 84.5094
18.307 -84.516
18.307 84.516
18.308 -84.5226
18.308 84.5226
18.309 -84.5292
18.309 84.5292
18.31 -84.5358
18.31 84.5358
18.311 -84.5424
18.311 84.5424
18.312 -84.549
18.312 84.549
18.313 -84.5556
18.313 84.5556
18.314 -84.5622
18.314 84.5622
18.315 -84.5688
18.315 84.5688
18.316 -84.5754
18.316 84.5754
18.317 -84.582
18.317 84.582
18.318 -84.5886
18.318 84.5886
18.319 -84.5952
18.319 84.5952
18.32 -84.6018
18.32 84.6018
18.321 -84.6084
18.321 84.6084
18.322 -84.615
18.322 84.615
18.323 -84.6216
18.323 84.6216
18.324 -84.6282
18.324 84.6282
18.325 -84.6348
18.325 84.6348
18.326 -84.6414
18.326 84.6414
18.327 -84.648
18.327 84.648
18.328 -84.6546
18.328 84.6546
18.329 -84.6612
18.329 84.6612
18.33 -84.6678
18.33 84.6678
18.331 -84.6744
18.331 84.6744
18.332 -84.681
18.332 84.681
18.333 -84.6876
18.333 84.6876
18.334 -84.6942
18.334 84.6942
18.335 -84.7009
18.335 84.7009
18.336 -84.7075
18.336 84.7075
18.337 -84.7141
18.337 84.7141
18.338 -84.7207
18.338 84.7207
18.339 -84.7273
18.339 84.7273
18.34 -84.7339
18.34 84.7339
18.341 -84.7405
18.341 84.7405
18.342 -84.7471
18.342 84.7471
18.343 -84.7537
18.343 84.7537
18.344 -84.7603
18.344 84.7603
18.345 -84.7669
18.345 84.7669
18.346 -84.7735
18.346 84.7735
18.347 -84.7801
18.347 84.7801
18.348 -84.7867
18.348 84.7867
18.349 -84.7933
18.349 84.7933
18.35 -84.7999
18.35 84.7999
18.351 -84.8065
18.351 84.8065
18.352 -84.8131
18.352 84.8131
18.353 -84.8197
18.353 84.8197
18.354 -84.8263
18.354 84.8263
18.355 -84.8329
18.355 84.8329
18.356 -84.8395
18.356 84.8395
18.357 -84.8462
18.357 84.8462
18.358 -84.8528
18.358 84.8528
18.359 -84.8594
18.359 84.8594
18.36 -84.866
18.36 84.866
18.361 -84.8726
18.361 84.8726
18.362 -84.8792
18.362 84.8792
18.363 -84.8858
18.363 84.8858
18.364 -84.8924
18.364 84.8924
18.365 -84.899
18.365 84.899
18.366 -84.9056
18.366 84.9056
18.367 -84.9122
18.367 84.9122
18.368 -84.9188
18.368 84.9188
18.369 -84.9254
18.369 84.9254
18.37 -84.9321
18.37 84.9321
18.371 -84.9387
18.371 84.9387
18.372 -84.9453
18.372 84.9453
18.373 -84.9519
18.373 84.9519
18.374 -84.9585
18.374 84.9585
18.375 -84.9651
18.375 84.9651
18.376 -84.9717
18.376 84.9717
18.377 -84.9783
18.377 84.9783
18.378 -84.9849
18.378 84.9849
18.379 -84.9915
18.379 84.9915
18.38 -84.9982
18.38 84.9982
18.381 -85.0048
18.381 85.0048
18.382 -85.0114
18.382 85.0114
18.383 -85.018
18.383 85.018
18.384 -85.0246
18.384 85.0246
18.385 -85.0312
18.385 85.0312
18.386 -85.0378
18.386 85.0378
18.387 -85.0444
18.387 85.0444
18.388 -85.051
18.388 85.051
18.389 -85.0577
18.389 85.0577
18.39 -85.0643
18.39 85.0643
18.391 -85.0709
18.391 85.0709
18.392 -85.0775
18.392 85.0775
18.393 -85.0841
18.393 85.0841
18.394 -85.0907
18.394 85.0907
18.395 -85.0973
18.395 85.0973
18.396 -85.1039
18.396 85.1039
18.397 -85.1106
18.397 85.1106
18.398 -85.1172
18.398 85.1172
18.399 -85.1238
18.399 85.1238
18.4 -85.1304
18.4 85.1304
18.401 -85.137
18.401 85.137
18.402 -85.1436
18.402 85.1436
18.403 -85.1502
18.403 85.1502
18.404 -85.1569
18.404 85.1569
18.405 -85.1635
18.405 85.1635
18.406 -85.1701
18.406 85.1701
18.407 -85.1767
18.407 85.1767
18.408 -85.1833
18.408 85.1833
18.409 -85.1899
18.409 85.1899
18.41 -85.1965
18.41 85.1965
18.411 -85.2032
18.411 85.2032
18.412 -85.2098
18.412 85.2098
18.413 -85.2164
18.413 85.2164
18.414 -85.223
18.414 85.223
18.415 -85.2296
18.415 85.2296
18.416 -85.2362
18.416 85.2362
18.417 -85.2429
18.417 85.2429
18.418 -85.2495
18.418 85.2495
18.419 -85.2561
18.419 85.2561
18.42 -85.2627
18.42 85.2627
18.421 -85.2693
18.421 85.2693
18.422 -85.2759
18.422 85.2759
18.423 -85.2826
18.423 85.2826
18.424 -85.2892
18.424 85.2892
18.425 -85.2958
18.425 85.2958
18.426 -85.3024
18.426 85.3024
18.427 -85.309
18.427 85.309
18.428 -85.3156
18.428 85.3156
18.429 -85.3223
18.429 85.3223
18.43 -85.3289
18.43 85.3289
18.431 -85.3355
18.431 85.3355
18.432 -85.3421
18.432 85.3421
18.433 -85.3487
18.433 85.3487
18.434 -85.3554
18.434 85.3554
18.435 -85.362
18.435 85.362
18.436 -85.3686
18.436 85.3686
18.437 -85.3752
18.437 85.3752
18.438 -85.3818
18.438 85.3818
18.439 -85.3885
18.439 85.3885
18.44 -85.3951
18.44 85.3951
18.441 -85.4017
18.441 85.4017
18.442 -85.4083
18.442 85.4083
18.443 -85.4149
18.443 85.4149
18.444 -85.4216
18.444 85.4216
18.445 -85.4282
18.445 85.4282
18.446 -85.4348
18.446 85.4348
18.447 -85.4414
18.447 85.4414
18.448 -85.4481
18.448 85.4481
18.449 -85.4547
18.449 85.4547
18.45 -85.4613
18.45 85.4613
18.451 -85.4679
18.451 85.4679
18.452 -85.4745
18.452 85.4745
18.453 -85.4812
18.453 85.4812
18.454 -85.4878
18.454 85.4878
18.455 -85.4944
18.455 85.4944
18.456 -85.501
18.456 85.501
18.457 -85.5077
18.457 85.5077
18.458 -85.5143
18.458 85.5143
18.459 -85.5209
18.459 85.5209
18.46 -85.5275
18.46 85.5275
18.461 -85.5342
18.461 85.5342
18.462 -85.5408
18.462 85.5408
18.463 -85.5474
18.463 85.5474
18.464 -85.554
18.464 85.554
18.465 -85.5607
18.465 85.5607
18.466 -85.5673
18.466 85.5673
18.467 -85.5739
18.467 85.5739
18.468 -85.5805
18.468 85.5805
18.469 -85.5872
18.469 85.5872
18.47 -85.5938
18.47 85.5938
18.471 -85.6004
18.471 85.6004
18.472 -85.607
18.472 85.607
18.473 -85.6137
18.473 85.6137
18.474 -85.6203
18.474 85.6203
18.475 -85.6269
18.475 85.6269
18.476 -85.6335
18.476 85.6335
18.477 -85.6402
18.477 85.6402
18.478 -85.6468
18.478 85.6468
18.479 -85.6534
18.479 85.6534
18.48 -85.66
18.48 85.66
18.481 -85.6667
18.481 85.6667
18.482 -85.6733
18.482 85.6733
18.483 -85.6799
18.483 85.6799
18.484 -85.6866
18.484 85.6866
18.485 -85.6932
18.485 85.6932
18.486 -85.6998
18.486 85.6998
18.487 -85.7064
18.487 85.7064
18.488 -85.7131
18.488 85.7131
18.489 -85.7197
18.489 85.7197
18.49 -85.7263
18.49 85.7263
18.491 -85.733
18.491 85.733
18.492 -85.7396
18.492 85.7396
18.493 -85.7462
18.493 85.7462
18.494 -85.7528
18.494 85.7528
18.495 -85.7595
18.495 85.7595
18.496 -85.7661
18.496 85.7661
18.497 -85.7727
18.497 85.7727
18.498 -85.7794
18.498 85.7794
18.499 -85.786
18.499 85.786
18.5 -85.7926
18.5 85.7926
18.501 -85.7993
18.501 85.7993
18.502 -85.8059
18.502 85.8059
18.503 -85.8125
18.503 85.8125
18.504 -85.8192
18.504 85.8192
18.505 -85.8258
18.505 85.8258
18.506 -85.8324
18.506 85.8324
18.507 -85.839
18.507 85.839
18.508 -85.8457
18.508 85.8457
18.509 -85.8523
18.509 85.8523
18.51 -85.8589
18.51 85.8589
18.511 -85.8656
18.511 85.8656
18.512 -85.8722
18.512 85.8722
18.513 -85.8788
18.513 85.8788
18.514 -85.8855
18.514 85.8855
18.515 -85.8921
18.515 85.8921
18.516 -85.8987
18.516 85.8987
18.517 -85.9054
18.517 85.9054
18.518 -85.912
18.518 85.912
18.519 -85.9186
18.519 85.9186
18.52 -85.9253
18.52 85.9253
18.521 -85.9319
18.521 85.9319
18.522 -85.9385
18.522 85.9385
18.523 -85.9452
18.523 85.9452
18.524 -85.9518
18.524 85.9518
18.525 -85.9585
18.525 85.9585
18.526 -85.9651
18.526 85.9651
18.527 -85.9717
18.527 85.9717
18.528 -85.9784
18.528 85.9784
18.529 -85.985
18.529 85.985
18.53 -85.9916
18.53 85.9916
18.531 -85.9983
18.531 85.9983
18.532 -86.0049
18.532 86.0049
18.533 -86.0115
18.533 86.0115
18.534 -86.0182
18.534 86.0182
18.535 -86.0248
18.535 86.0248
18.536 -86.0314
18.536 86.0314
18.537 -86.0381
18.537 86.0381
18.538 -86.0447
18.538 86.0447
18.539 -86.0514
18.539 86.0514
18.54 -86.058
18.54 86.058
18.541 -86.0646
18.541 86.0646
18.542 -86.0713
18.542 86.0713
18.543 -86.0779
18.543 86.0779
18.544 -86.0845
18.544 86.0845
18.545 -86.0912
18.545 86.0912
18.546 -86.0978
18.546 86.0978
18.547 -86.1045
18.547 86.1045
18.548 -86.1111
18.548 86.1111
18.549 -86.1177
18.549 86.1177
18.55 -86.1244
18.55 86.1244
18.551 -86.131
18.551 86.131
18.552 -86.1377
18.552 86.1377
18.553 -86.1443
18.553 86.1443
18.554 -86.1509
18.554 86.1509
18.555 -86.1576
18.555 86.1576
18.556 -86.1642
18.556 86.1642
18.557 -86.1709
18.557 86.1709
18.558 -86.1775
18.558 86.1775
18.559 -86.1841
18.559 86.1841
18.56 -86.1908
18.56 86.1908
18.561 -86.1974
18.561 86.1974
18.562 -86.2041
18.562 86.2041
18.563 -86.2107
18.563 86.2107
18.564 -86.2173
18.564 86.2173
18.565 -86.224
18.565 86.224
18.566 -86.2306
18.566 86.2306
18.567 -86.2373
18.567 86.2373
18.568 -86.2439
18.568 86.2439
18.569 -86.2506
18.569 86.2506
18.57 -86.2572
18.57 86.2572
18.571 -86.2638
18.571 86.2638
18.572 -86.2705
18.572 86.2705
18.573 -86.2771
18.573 86.2771
18.574 -86.2838
18.574 86.2838
18.575 -86.2904
18.575 86.2904
18.576 -86.2971
18.576 86.2971
18.577 -86.3037
18.577 86.3037
18.578 -86.3103
18.578 86.3103
18.579 -86.317
18.579 86.317
18.58 -86.3236
18.58 86.3236
18.581 -86.3303
18.581 86.3303
18.582 -86.3369
18.582 86.3369
18.583 -86.3436
18.583 86.3436
18.584 -86.3502
18.584 86.3502
18.585 -86.3569
18.585 86.3569
18.586 -86.3635
18.586 86.3635
18.587 -86.3701
18.587 86.3701
18.588 -86.3768
18.588 86.3768
18.589 -86.3834
18.589 86.3834
18.59 -86.3901
18.59 86.3901
18.591 -86.3967
18.591 86.3967
18.592 -86.4034
18.592 86.4034
18.593 -86.41
18.593 86.41
18.594 -86.4167
18.594 86.4167
18.595 -86.4233
18.595 86.4233
18.596 -86.43
18.596 86.43
18.597 -86.4366
18.597 86.4366
18.598 -86.4433
18.598 86.4433
18.599 -86.4499
18.599 86.4499
18.6 -86.4566
18.6 86.4566
18.601 -86.4632
18.601 86.4632
18.602 -86.4699
18.602 86.4699
18.603 -86.4765
18.603 86.4765
18.604 -86.4831
18.604 86.4831
18.605 -86.4898
18.605 86.4898
18.606 -86.4964
18.606 86.4964
18.607 -86.5031
18.607 86.5031
18.608 -86.5097
18.608 86.5097
18.609 -86.5164
18.609 86.5164
18.61 -86.523
18.61 86.523
18.611 -86.5297
18.611 86.5297
18.612 -86.5363
18.612 86.5363
18.613 -86.543
18.613 86.543
18.614 -86.5496
18.614 86.5496
18.615 -86.5563
18.615 86.5563
18.616 -86.5629
18.616 86.5629
18.617 -86.5696
18.617 86.5696
18.618 -86.5762
18.618 86.5762
18.619 -86.5829
18.619 86.5829
18.62 -86.5895
18.62 86.5895
18.621 -86.5962
18.621 86.5962
18.622 -86.6028
18.622 86.6028
18.623 -86.6095
18.623 86.6095
18.624 -86.6161
18.624 86.6161
18.625 -86.6228
18.625 86.6228
18.626 -86.6295
18.626 86.6295
18.627 -86.6361
18.627 86.6361
18.628 -86.6428
18.628 86.6428
18.629 -86.6494
18.629 86.6494
18.63 -86.6561
18.63 86.6561
18.631 -86.6627
18.631 86.6627
18.632 -86.6694
18.632 86.6694
18.633 -86.676
18.633 86.676
18.634 -86.6827
18.634 86.6827
18.635 -86.6893
18.635 86.6893
18.636 -86.696
18.636 86.696
18.637 -86.7026
18.637 86.7026
18.638 -86.7093
18.638 86.7093
18.639 -86.7159
18.639 86.7159
18.64 -86.7226
18.64 86.7226
18.641 -86.7293
18.641 86.7293
18.642 -86.7359
18.642 86.7359
18.643 -86.7426
18.643 86.7426
18.644 -86.7492
18.644 86.7492
18.645 -86.7559
18.645 86.7559
18.646 -86.7625
18.646 86.7625
18.647 -86.7692
18.647 86.7692
18.648 -86.7758
18.648 86.7758
18.649 -86.7825
18.649 86.7825
18.65 -86.7892
18.65 86.7892
18.651 -86.7958
18.651 86.7958
18.652 -86.8025
18.652 86.8025
18.653 -86.8091
18.653 86.8091
18.654 -86.8158
18.654 86.8158
18.655 -86.8224
18.655 86.8224
18.656 -86.8291
18.656 86.8291
18.657 -86.8358
18.657 86.8358
18.658 -86.8424
18.658 86.8424
18.659 -86.8491
18.659 86.8491
18.66 -86.8557
18.66 86.8557
18.661 -86.8624
18.661 86.8624
18.662 -86.869
18.662 86.869
18.663 -86.8757
18.663 86.8757
18.664 -86.8824
18.664 86.8824
18.665 -86.889
18.665 86.889
18.666 -86.8957
18.666 86.8957
18.667 -86.9023
18.667 86.9023
18.668 -86.909
18.668 86.909
18.669 -86.9157
18.669 86.9157
18.67 -86.9223
18.67 86.9223
18.671 -86.929
18.671 86.929
18.672 -86.9356
18.672 86.9356
18.673 -86.9423
18.673 86.9423
18.674 -86.949
18.674 86.949
18.675 -86.9556
18.675 86.9556
18.676 -86.9623
18.676 86.9623
18.677 -86.9689
18.677 86.9689
18.678 -86.9756
18.678 86.9756
18.679 -86.9823
18.679 86.9823
18.68 -86.9889
18.68 86.9889
18.681 -86.9956
18.681 86.9956
18.682 -87.0022
18.682 87.0022
18.683 -87.0089
18.683 87.0089
18.684 -87.0156
18.684 87.0156
18.685 -87.0222
18.685 87.0222
18.686 -87.0289
18.686 87.0289
18.687 -87.0355
18.687 87.0355
18.688 -87.0422
18.688 87.0422
18.689 -87.0489
18.689 87.0489
18.69 -87.0555
18.69 87.0555
18.691 -87.0622
18.691 87.0622
18.692 -87.0689
18.692 87.0689
18.693 -87.0755
18.693 87.0755
18.694 -87.0822
18.694 87.0822
18.695 -87.0889
18.695 87.0889
18.696 -87.0955
18.696 87.0955
18.697 -87.1022
18.697 87.1022
18.698 -87.1088
18.698 87.1088
18.699 -87.1155
18.699 87.1155
18.7 -87.1222
18.7 87.1222
18.701 -87.1288
18.701 87.1288
18.702 -87.1355
18.702 87.1355
18.703 -87.1422
18.703 87.1422
18.704 -87.1488
18.704 87.1488
18.705 -87.1555
18.705 87.1555
18.706 -87.1622
18.706 87.1622
18.707 -87.1688
18.707 87.1688
18.708 -87.1755
18.708 87.1755
18.709 -87.1822
18.709 87.1822
18.71 -87.1888
18.71 87.1888
18.711 -87.1955
18.711 87.1955
18.712 -87.2022
18.712 87.2022
18.713 -87.2088
18.713 87.2088
18.714 -87.2155
18.714 87.2155
18.715 -87.2222
18.715 87.2222
18.716 -87.2288
18.716 87.2288
18.717 -87.2355
18.717 87.2355
18.718 -87.2422
18.718 87.2422
18.719 -87.2488
18.719 87.2488
18.72 -87.2555
18.72 87.2555
18.721 -87.2622
18.721 87.2622
18.722 -87.2688
18.722 87.2688
18.723 -87.2755
18.723 87.2755
18.724 -87.2822
18.724 87.2822
18.725 -87.2888
18.725 87.2888
18.726 -87.2955
18.726 87.2955
18.727 -87.3022
18.727 87.3022
18.728 -87.3088
18.728 87.3088
18.729 -87.3155
18.729 87.3155
18.73 -87.3222
18.73 87.3222
18.731 -87.3289
18.731 87.3289
18.732 -87.3355
18.732 87.3355
18.733 -87.3422
18.733 87.3422
18.734 -87.3489
18.734 87.3489
18.735 -87.3555
18.735 87.3555
18.736 -87.3622
18.736 87.3622
18.737 -87.3689
18.737 87.3689
18.738 -87.3755
18.738 87.3755
18.739 -87.3822
18.739 87.3822
18.74 -87.3889
18.74 87.3889
18.741 -87.3956
18.741 87.3956
18.742 -87.4022
18.742 87.4022
18.743 -87.4089
18.743 87.4089
18.744 -87.4156
18.744 87.4156
18.745 -87.4223
18.745 87.4223
18.746 -87.4289
18.746 87.4289
18.747 -87.4356
18.747 87.4356
18.748 -87.4423
18.748 87.4423
18.749 -87.4489
18.749 87.4489
18.75 -87.4556
18.75 87.4556
18.751 -87.4623
18.751 87.4623
18.752 -87.469
18.752 87.469
18.753 -87.4756
18.753 87.4756
18.754 -87.4823
18.754 87.4823
18.755 -87.489
18.755 87.489
18.756 -87.4957
18.756 87.4957
18.757 -87.5023
18.757 87.5023
18.758 -87.509
18.758 87.509
18.759 -87.5157
18.759 87.5157
18.76 -87.5224
18.76 87.5224
18.761 -87.529
18.761 87.529
18.762 -87.5357
18.762 87.5357
18.763 -87.5424
18.763 87.5424
18.764 -87.5491
18.764 87.5491
18.765 -87.5557
18.765 87.5557
18.766 -87.5624
18.766 87.5624
18.767 -87.5691
18.767 87.5691
18.768 -87.5758
18.768 87.5758
18.769 -87.5824
18.769 87.5824
18.77 -87.5891
18.77 87.5891
18.771 -87.5958
18.771 87.5958
18.772 -87.6025
18.772 87.6025
18.773 -87.6091
18.773 87.6091
18.774 -87.6158
18.774 87.6158
18.775 -87.6225
18.775 87.6225
18.776 -87.6292
18.776 87.6292
18.777 -87.6358
18.777 87.6358
18.778 -87.6425
18.778 87.6425
18.779 -87.6492
18.779 87.6492
18.78 -87.6559
18.78 87.6559
18.781 -87.6626
18.781 87.6626
18.782 -87.6692
18.782 87.6692
18.783 -87.6759
18.783 87.6759
18.784 -87.6826
18.784 87.6826
18.785 -87.6893
18.785 87.6893
18.786 -87.696
18.786 87.696
18.787 -87.7026
18.787 87.7026
18.788 -87.7093
18.788 87.7093
18.789 -87.716
18.789 87.716
18.79 -87.7227
18.79 87.7227
18.791 -87.7293
18.791 87.7293
18.792 -87.736
18.792 87.736
18.793 -87.7427
18.793 87.7427
18.794 -87.7494
18.794 87.7494
18.795 -87.7561
18.795 87.7561
18.796 -87.7628
18.796 87.7628
18.797 -87.7694
18.797 87.7694
18.798 -87.7761
18.798 87.7761
18.799 -87.7828
18.799 87.7828
18.8 -87.7895
18.8 87.7895
18.801 -87.7962
18.801 87.7962
18.802 -87.8028
18.802 87.8028
18.803 -87.8095
18.803 87.8095
18.804 -87.8162
18.804 87.8162
18.805 -87.8229
18.805 87.8229
18.806 -87.8296
18.806 87.8296
18.807 -87.8362
18.807 87.8362
18.808 -87.8429
18.808 87.8429
18.809 -87.8496
18.809 87.8496
18.81 -87.8563
18.81 87.8563
18.811 -87.863
18.811 87.863
18.812 -87.8697
18.812 87.8697
18.813 -87.8763
18.813 87.8763
18.814 -87.883
18.814 87.883
18.815 -87.8897
18.815 87.8897
18.816 -87.8964
18.816 87.8964
18.817 -87.9031
18.817 87.9031
18.818 -87.9098
18.818 87.9098
18.819 -87.9165
18.819 87.9165
18.82 -87.9231
18.82 87.9231
18.821 -87.9298
18.821 87.9298
18.822 -87.9365
18.822 87.9365
18.823 -87.9432
18.823 87.9432
18.824 -87.9499
18.824 87.9499
18.825 -87.9566
18.825 87.9566
18.826 -87.9632
18.826 87.9632
18.827 -87.9699
18.827 87.9699
18.828 -87.9766
18.828 87.9766
18.829 -87.9833
18.829 87.9833
18.83 -87.99
18.83 87.99
18.831 -87.9967
18.831 87.9967
18.832 -88.0034
18.832 88.0034
18.833 -88.0101
18.833 88.0101
18.834 -88.0167
18.834 88.0167
18.835 -88.0234
18.835 88.0234
18.836 -88.0301
18.836 88.0301
18.837 -88.0368
18.837 88.0368
18.838 -88.0435
18.838 88.0435
18.839 -88.0502
18.839 88.0502
18.84 -88.0569
18.84 88.0569
18.841 -88.0636
18.841 88.0636
18.842 -88.0702
18.842 88.0702
18.843 -88.0769
18.843 88.0769
18.844 -88.0836
18.844 88.0836
18.845 -88.0903
18.845 88.0903
18.846 -88.097
18.846 88.097
18.847 -88.1037
18.847 88.1037
18.848 -88.1104
18.848 88.1104
18.849 -88.1171
18.849 88.1171
18.85 -88.1238
18.85 88.1238
18.851 -88.1304
18.851 88.1304
18.852 -88.1371
18.852 88.1371
18.853 -88.1438
18.853 88.1438
18.854 -88.1505
18.854 88.1505
18.855 -88.1572
18.855 88.1572
18.856 -88.1639
18.856 88.1639
18.857 -88.1706
18.857 88.1706
18.858 -88.1773
18.858 88.1773
18.859 -88.184
18.859 88.184
18.86 -88.1907
18.86 88.1907
18.861 -88.1974
18.861 88.1974
18.862 -88.204
18.862 88.204
18.863 -88.2107
18.863 88.2107
18.864 -88.2174
18.864 88.2174
18.865 -88.2241
18.865 88.2241
18.866 -88.2308
18.866 88.2308
18.867 -88.2375
18.867 88.2375
18.868 -88.2442
18.868 88.2442
18.869 -88.2509
18.869 88.2509
18.87 -88.2576
18.87 88.2576
18.871 -88.2643
18.871 88.2643
18.872 -88.271
18.872 88.271
18.873 -88.2777
18.873 88.2777
18.874 -88.2844
18.874 88.2844
18.875 -88.2911
18.875 88.2911
18.876 -88.2977
18.876 88.2977
18.877 -88.3044
18.877 88.3044
18.878 -88.3111
18.878 88.3111
18.879 -88.3178
18.879 88.3178
18.88 -88.3245
18.88 88.3245
18.881 -88.3312
18.881 88.3312
18.882 -88.3379
18.882 88.3379
18.883 -88.3446
18.883 88.3446
18.884 -88.3513
18.884 88.3513
18.885 -88.358
18.885 88.358
18.886 -88.3647
18.886 88.3647
18.887 -88.3714
18.887 88.3714
18.888 -88.3781
18.888 88.3781
18.889 -88.3848
18.889 88.3848
18.89 -88.3915
18.89 88.3915
18.891 -88.3982
18.891 88.3982
18.892 -88.4049
18.892 88.4049
18.893 -88.4116
18.893 88.4116
18.894 -88.4183
18.894 88.4183
18.895 -88.425
18.895 88.425
18.896 -88.4317
18.896 88.4317
18.897 -88.4384
18.897 88.4384
18.898 -88.4451
18.898 88.4451
18.899 -88.4518
18.899 88.4518
18.9 -88.4585
18.9 88.4585
18.901 -88.4652
18.901 88.4652
18.902 -88.4719
18.902 88.4719
18.903 -88.4786
18.903 88.4786
18.904 -88.4853
18.904 88.4853
18.905 -88.492
18.905 88.492
18.906 -88.4987
18.906 88.4987
18.907 -88.5054
18.907 88.5054
18.908 -88.5121
18.908 88.5121
18.909 -88.5188
18.909 88.5188
18.91 -88.5254
18.91 88.5254
18.911 -88.5321
18.911 88.5321
18.912 -88.5388
18.912 88.5388
18.913 -88.5456
18.913 88.5456
18.914 -88.5523
18.914 88.5523
18.915 -88.559
18.915 88.559
18.916 -88.5657
18.916 88.5657
18.917 -88.5724
18.917 88.5724
18.918 -88.5791
18.918 88.5791
18.919 -88.5858
18.919 88.5858
18.92 -88.5925
18.92 88.5925
18.921 -88.5992
18.921 88.5992
18.922 -88.6059
18.922 88.6059
18.923 -88.6126
18.923 88.6126
18.924 -88.6193
18.924 88.6193
18.925 -88.626
18.925 88.626
18.926 -88.6327
18.926 88.6327
18.927 -88.6394
18.927 88.6394
18.928 -88.6461
18.928 88.6461
18.929 -88.6528
18.929 88.6528
18.93 -88.6595
18.93 88.6595
18.931 -88.6662
18.931 88.6662
18.932 -88.6729
18.932 88.6729
18.933 -88.6796
18.933 88.6796
18.934 -88.6863
18.934 88.6863
18.935 -88.693
18.935 88.693
18.936 -88.6997
18.936 88.6997
18.937 -88.7064
18.937 88.7064
18.938 -88.7131
18.938 88.7131
18.939 -88.7198
18.939 88.7198
18.94 -88.7265
18.94 88.7265
18.941 -88.7332
18.941 88.7332
18.942 -88.7399
18.942 88.7399
18.943 -88.7466
18.943 88.7466
18.944 -88.7533
18.944 88.7533
18.945 -88.76
18.945 88.76
18.946 -88.7668
18.946 88.7668
18.947 -88.7735
18.947 88.7735
18.948 -88.7802
18.948 88.7802
18.949 -88.7869
18.949 88.7869
18.95 -88.7936
18.95 88.7936
18.951 -88.8003
18.951 88.8003
18.952 -88.807
18.952 88.807
18.953 -88.8137
18.953 88.8137
18.954 -88.8204
18.954 88.8204
18.955 -88.8271
18.955 88.8271
18.956 -88.8338
18.956 88.8338
18.957 -88.8405
18.957 88.8405
18.958 -88.8472
18.958 88.8472
18.959 -88.8539
18.959 88.8539
18.96 -88.8607
18.96 88.8607
18.961 -88.8674
18.961 88.8674
18.962 -88.8741
18.962 88.8741
18.963 -88.8808
18.963 88.8808
18.964 -88.8875
18.964 88.8875
18.965 -88.8942
18.965 88.8942
18.966 -88.9009
18.966 88.9009
18.967 -88.9076
18.967 88.9076
18.968 -88.9143
18.968 88.9143
18.969 -88.921
18.969 88.921
18.97 -88.9277
18.97 88.9277
18.971 -88.9345
18.971 88.9345
18.972 -88.9412
18.972 88.9412
18.973 -88.9479
18.973 88.9479
18.974 -88.9546
18.974 88.9546
18.975 -88.9613
18.975 88.9613
18.976 -88.968
18.976 88.968
18.977 -88.9747
18.977 88.9747
18.978 -88.9814
18.978 88.9814
18.979 -88.9881
18.979 88.9881
18.98 -88.9949
18.98 88.9949
18.981 -89.0016
18.981 89.0016
18.982 -89.0083
18.982 89.0083
18.983 -89.015
18.983 89.015
18.984 -89.0217
18.984 89.0217
18.985 -89.0284
18.985 89.0284
18.986 -89.0351
18.986 89.0351
18.987 -89.0418
18.987 89.0418
18.988 -89.0486
18.988 89.0486
18.989 -89.0553
18.989 89.0553
18.99 -89.062
18.99 89.062
18.991 -89.0687
18.991 89.0687
18.992 -89.0754
18.992 89.0754
18.993 -89.0821
18.993 89.0821
18.994 -89.0888
18.994 89.0888
18.995 -89.0955
18.995 89.0955
18.996 -89.1023
18.996 89.1023
18.997 -89.109
18.997 89.109
18.998 -89.1157
18.998 89.1157
18.999 -89.1224
18.999 89.1224
19 -89.1291
19 89.1291
19.001 -89.1358
19.001 89.1358
19.002 -89.1426
19.002 89.1426
19.003 -89.1493
19.003 89.1493
19.004 -89.156
19.004 89.156
19.005 -89.1627
19.005 89.1627
19.006 -89.1694
19.006 89.1694
19.007 -89.1761
19.007 89.1761
19.008 -89.1828
19.008 89.1828
19.009 -89.1896
19.009 89.1896
19.01 -89.1963
19.01 89.1963
19.011 -89.203
19.011 89.203
19.012 -89.2097
19.012 89.2097
19.013 -89.2164
19.013 89.2164
19.014 -89.2231
19.014 89.2231
19.015 -89.2299
19.015 89.2299
19.016 -89.2366
19.016 89.2366
19.017 -89.2433
19.017 89.2433
19.018 -89.25
19.018 89.25
19.019 -89.2567
19.019 89.2567
19.02 -89.2635
19.02 89.2635
19.021 -89.2702
19.021 89.2702
19.022 -89.2769
19.022 89.2769
19.023 -89.2836
19.023 89.2836
19.024 -89.2903
19.024 89.2903
19.025 -89.297
19.025 89.297
19.026 -89.3038
19.026 89.3038
19.027 -89.3105
19.027 89.3105
19.028 -89.3172
19.028 89.3172
19.029 -89.3239
19.029 89.3239
19.03 -89.3306
19.03 89.3306
19.031 -89.3374
19.031 89.3374
19.032 -89.3441
19.032 89.3441
19.033 -89.3508
19.033 89.3508
19.034 -89.3575
19.034 89.3575
19.035 -89.3642
19.035 89.3642
19.036 -89.371
19.036 89.371
19.037 -89.3777
19.037 89.3777
19.038 -89.3844
19.038 89.3844
19.039 -89.3911
19.039 89.3911
19.04 -89.3979
19.04 89.3979
19.041 -89.4046
19.041 89.4046
19.042 -89.4113
19.042 89.4113
19.043 -89.418
19.043 89.418
19.044 -89.4247
19.044 89.4247
19.045 -89.4315
19.045 89.4315
19.046 -89.4382
19.046 89.4382
19.047 -89.4449
19.047 89.4449
19.048 -89.4516
19.048 89.4516
19.049 -89.4584
19.049 89.4584
19.05 -89.4651
19.05 89.4651
19.051 -89.4718
19.051 89.4718
19.052 -89.4785
19.052 89.4785
19.053 -89.4852
19.053 89.4852
19.054 -89.492
19.054 89.492
19.055 -89.4987
19.055 89.4987
19.056 -89.5054
19.056 89.5054
19.057 -89.5121
19.057 89.5121
19.058 -89.5189
19.058 89.5189
19.059 -89.5256
19.059 89.5256
19.06 -89.5323
19.06 89.5323
19.061 -89.539
19.061 89.539
19.062 -89.5458
19.062 89.5458
19.063 -89.5525
19.063 89.5525
19.064 -89.5592
19.064 89.5592
19.065 -89.5659
19.065 89.5659
19.066 -89.5727
19.066 89.5727
19.067 -89.5794
19.067 89.5794
19.068 -89.5861
19.068 89.5861
19.069 -89.5929
19.069 89.5929
19.07 -89.5996
19.07 89.5996
19.071 -89.6063
19.071 89.6063
19.072 -89.613
19.072 89.613
19.073 -89.6198
19.073 89.6198
19.074 -89.6265
19.074 89.6265
19.075 -89.6332
19.075 89.6332
19.076 -89.6399
19.076 89.6399
19.077 -89.6467
19.077 89.6467
19.078 -89.6534
19.078 89.6534
19.079 -89.6601
19.079 89.6601
19.08 -89.6669
19.08 89.6669
19.081 -89.6736
19.081 89.6736
19.082 -89.6803
19.082 89.6803
19.083 -89.687
19.083 89.687
19.084 -89.6938
19.084 89.6938
19.085 -89.7005
19.085 89.7005
19.086 -89.7072
19.086 89.7072
19.087 -89.714
19.087 89.714
19.088 -89.7207
19.088 89.7207
19.089 -89.7274
19.089 89.7274
19.09 -89.7341
19.09 89.7341
19.091 -89.7409
19.091 89.7409
19.092 -89.7476
19.092 89.7476
19.093 -89.7543
19.093 89.7543
19.094 -89.7611
19.094 89.7611
19.095 -89.7678
19.095 89.7678
19.096 -89.7745
19.096 89.7745
19.097 -89.7813
19.097 89.7813
19.098 -89.788
19.098 89.788
19.099 -89.7947
19.099 89.7947
19.1 -89.8015
19.1 89.8015
19.101 -89.8082
19.101 89.8082
19.102 -89.8149
19.102 89.8149
19.103 -89.8216
19.103 89.8216
19.104 -89.8284
19.104 89.8284
19.105 -89.8351
19.105 89.8351
19.106 -89.8418
19.106 89.8418
19.107 -89.8486
19.107 89.8486
19.108 -89.8553
19.108 89.8553
19.109 -89.862
19.109 89.862
19.11 -89.8688
19.11 89.8688
19.111 -89.8755
19.111 89.8755
19.112 -89.8822
19.112 89.8822
19.113 -89.889
19.113 89.889
19.114 -89.8957
19.114 89.8957
19.115 -89.9024
19.115 89.9024
19.116 -89.9092
19.116 89.9092
19.117 -89.9159
19.117 89.9159
19.118 -89.9227
19.118 89.9227
19.119 -89.9294
19.119 89.9294
19.12 -89.9361
19.12 89.9361
19.121 -89.9429
19.121 89.9429
19.122 -89.9496
19.122 89.9496
19.123 -89.9563
19.123 89.9563
19.124 -89.9631
19.124 89.9631
19.125 -89.9698
19.125 89.9698
19.126 -89.9765
19.126 89.9765
19.127 -89.9833
19.127 89.9833
19.128 -89.99
19.128 89.99
19.129 -89.9967
19.129 89.9967
19.13 -90.0035
19.13 90.0035
19.131 -90.0102
19.131 90.0102
19.132 -90.017
19.132 90.017
19.133 -90.0237
19.133 90.0237
19.134 -90.0304
19.134 90.0304
19.135 -90.0372
19.135 90.0372
19.136 -90.0439
19.136 90.0439
19.137 -90.0506
19.137 90.0506
19.138 -90.0574
19.138 90.0574
19.139 -90.0641
19.139 90.0641
19.14 -90.0709
19.14 90.0709
19.141 -90.0776
19.141 90.0776
19.142 -90.0843
19.142 90.0843
19.143 -90.0911
19.143 90.0911
19.144 -90.0978
19.144 90.0978
19.145 -90.1045
19.145 90.1045
19.146 -90.1113
19.146 90.1113
19.147 -90.118
19.147 90.118
19.148 -90.1248
19.148 90.1248
19.149 -90.1315
19.149 90.1315
19.15 -90.1382
19.15 90.1382
19.151 -90.145
19.151 90.145
19.152 -90.1517
19.152 90.1517
19.153 -90.1585
19.153 90.1585
19.154 -90.1652
19.154 90.1652
19.155 -90.1719
19.155 90.1719
19.156 -90.1787
19.156 90.1787
19.157 -90.1854
19.157 90.1854
19.158 -90.1922
19.158 90.1922
19.159 -90.1989
19.159 90.1989
19.16 -90.2057
19.16 90.2057
19.161 -90.2124
19.161 90.2124
19.162 -90.2191
19.162 90.2191
19.163 -90.2259
19.163 90.2259
19.164 -90.2326
19.164 90.2326
19.165 -90.2394
19.165 90.2394
19.166 -90.2461
19.166 90.2461
19.167 -90.2529
19.167 90.2529
19.168 -90.2596
19.168 90.2596
19.169 -90.2663
19.169 90.2663
19.17 -90.2731
19.17 90.2731
19.171 -90.2798
19.171 90.2798
19.172 -90.2866
19.172 90.2866
19.173 -90.2933
19.173 90.2933
19.174 -90.3001
19.174 90.3001
19.175 -90.3068
19.175 90.3068
19.176 -90.3135
19.176 90.3135
19.177 -90.3203
19.177 90.3203
19.178 -90.327
19.178 90.327
19.179 -90.3338
19.179 90.3338
19.18 -90.3405
19.18 90.3405
19.181 -90.3473
19.181 90.3473
19.182 -90.354
19.182 90.354
19.183 -90.3608
19.183 90.3608
19.184 -90.3675
19.184 90.3675
19.185 -90.3742
19.185 90.3742
19.186 -90.381
19.186 90.381
19.187 -90.3877
19.187 90.3877
19.188 -90.3945
19.188 90.3945
19.189 -90.4012
19.189 90.4012
19.19 -90.408
19.19 90.408
19.191 -90.4147
19.191 90.4147
19.192 -90.4215
19.192 90.4215
19.193 -90.4282
19.193 90.4282
19.194 -90.435
19.194 90.435
19.195 -90.4417
19.195 90.4417
19.196 -90.4485
19.196 90.4485
19.197 -90.4552
19.197 90.4552
19.198 -90.462
19.198 90.462
19.199 -90.4687
19.199 90.4687
19.2 -90.4755
19.2 90.4755
19.201 -90.4822
19.201 90.4822
19.202 -90.489
19.202 90.489
19.203 -90.4957
19.203 90.4957
19.204 -90.5024
19.204 90.5024
19.205 -90.5092
19.205 90.5092
19.206 -90.5159
19.206 90.5159
19.207 -90.5227
19.207 90.5227
19.208 -90.5294
19.208 90.5294
19.209 -90.5362
19.209 90.5362
19.21 -90.5429
19.21 90.5429
19.211 -90.5497
19.211 90.5497
19.212 -90.5564
19.212 90.5564
19.213 -90.5632
19.213 90.5632
19.214 -90.5699
19.214 90.5699
19.215 -90.5767
19.215 90.5767
19.216 -90.5835
19.216 90.5835
19.217 -90.5902
19.217 90.5902
19.218 -90.597
19.218 90.597
19.219 -90.6037
19.219 90.6037
19.22 -90.6105
19.22 90.6105
19.221 -90.6172
19.221 90.6172
19.222 -90.624
19.222 90.624
19.223 -90.6307
19.223 90.6307
19.224 -90.6375
19.224 90.6375
19.225 -90.6442
19.225 90.6442
19.226 -90.651
19.226 90.651
19.227 -90.6577
19.227 90.6577
19.228 -90.6645
19.228 90.6645
19.229 -90.6712
19.229 90.6712
19.23 -90.678
19.23 90.678
19.231 -90.6847
19.231 90.6847
19.232 -90.6915
19.232 90.6915
19.233 -90.6982
19.233 90.6982
19.234 -90.705
19.234 90.705
19.235 -90.7117
19.235 90.7117
19.236 -90.7185
19.236 90.7185
19.237 -90.7253
19.237 90.7253
19.238 -90.732
19.238 90.732
19.239 -90.7388
19.239 90.7388
19.24 -90.7455
19.24 90.7455
19.241 -90.7523
19.241 90.7523
19.242 -90.759
19.242 90.759
19.243 -90.7658
19.243 90.7658
19.244 -90.7725
19.244 90.7725
19.245 -90.7793
19.245 90.7793
19.246 -90.7861
19.246 90.7861
19.247 -90.7928
19.247 90.7928
19.248 -90.7996
19.248 90.7996
19.249 -90.8063
19.249 90.8063
19.25 -90.8131
19.25 90.8131
19.251 -90.8198
19.251 90.8198
19.252 -90.8266
19.252 90.8266
19.253 -90.8334
19.253 90.8334
19.254 -90.8401
19.254 90.8401
19.255 -90.8469
19.255 90.8469
19.256 -90.8536
19.256 90.8536
19.257 -90.8604
19.257 90.8604
19.258 -90.8671
19.258 90.8671
19.259 -90.8739
19.259 90.8739
19.26 -90.8807
19.26 90.8807
19.261 -90.8874
19.261 90.8874
19.262 -90.8942
19.262 90.8942
19.263 -90.9009
19.263 90.9009
19.264 -90.9077
19.264 90.9077
19.265 -90.9144
19.265 90.9144
19.266 -90.9212
19.266 90.9212
19.267 -90.928
19.267 90.928
19.268 -90.9347
19.268 90.9347
19.269 -90.9415
19.269 90.9415
19.27 -90.9482
19.27 90.9482
19.271 -90.955
19.271 90.955
19.272 -90.9618
19.272 90.9618
19.273 -90.9685
19.273 90.9685
19.274 -90.9753
19.274 90.9753
19.275 -90.982
19.275 90.982
19.276 -90.9888
19.276 90.9888
19.277 -90.9956
19.277 90.9956
19.278 -91.0023
19.278 91.0023
19.279 -91.0091
19.279 91.0091
19.28 -91.0159
19.28 91.0159
19.281 -91.0226
19.281 91.0226
19.282 -91.0294
19.282 91.0294
19.283 -91.0361
19.283 91.0361
19.284 -91.0429
19.284 91.0429
19.285 -91.0497
19.285 91.0497
19.286 -91.0564
19.286 91.0564
19.287 -91.0632
19.287 91.0632
19.288 -91.07
19.288 91.07
19.289 -91.0767
19.289 91.0767
19.29 -91.0835
19.29 91.0835
19.291 -91.0902
19.291 91.0902
19.292 -91.097
19.292 91.097
19.293 -91.1038
19.293 91.1038
19.294 -91.1105
19.294 91.1105
19.295 -91.1173
19.295 91.1173
19.296 -91.1241
19.296 91.1241
19.297 -91.1308
19.297 91.1308
19.298 -91.1376
19.298 91.1376
19.299 -91.1444
19.299 91.1444
19.3 -91.1511
19.3 91.1511
19.301 -91.1579
19.301 91.1579
19.302 -91.1647
19.302 91.1647
19.303 -91.1714
19.303 91.1714
19.304 -91.1782
19.304 91.1782
19.305 -91.1849
19.305 91.1849
19.306 -91.1917
19.306 91.1917
19.307 -91.1985
19.307 91.1985
19.308 -91.2052
19.308 91.2052
19.309 -91.212
19.309 91.212
19.31 -91.2188
19.31 91.2188
19.311 -91.2255
19.311 91.2255
19.312 -91.2323
19.312 91.2323
19.313 -91.2391
19.313 91.2391
19.314 -91.2458
19.314 91.2458
19.315 -91.2526
19.315 91.2526
19.316 -91.2594
19.316 91.2594
19.317 -91.2662
19.317 91.2662
19.318 -91.2729
19.318 91.2729
19.319 -91.2797
19.319 91.2797
19.32 -91.2865
19.32 91.2865
19.321 -91.2932
19.321 91.2932
19.322 -91.3
19.322 91.3
19.323 -91.3068
19.323 91.3068
19.324 -91.3135
19.324 91.3135
19.325 -91.3203
19.325 91.3203
19.326 -91.3271
19.326 91.3271
19.327 -91.3338
19.327 91.3338
19.328 -91.3406
19.328 91.3406
19.329 -91.3474
19.329 91.3474
19.33 -91.3541
19.33 91.3541
19.331 -91.3609
19.331 91.3609
19.332 -91.3677
19.332 91.3677
19.333 -91.3745
19.333 91.3745
19.334 -91.3812
19.334 91.3812
19.335 -91.388
19.335 91.388
19.336 -91.3948
19.336 91.3948
19.337 -91.4015
19.337 91.4015
19.338 -91.4083
19.338 91.4083
19.339 -91.4151
19.339 91.4151
19.34 -91.4219
19.34 91.4219
19.341 -91.4286
19.341 91.4286
19.342 -91.4354
19.342 91.4354
19.343 -91.4422
19.343 91.4422
19.344 -91.4489
19.344 91.4489
19.345 -91.4557
19.345 91.4557
19.346 -91.4625
19.346 91.4625
19.347 -91.4693
19.347 91.4693
19.348 -91.476
19.348 91.476
19.349 -91.4828
19.349 91.4828
19.35 -91.4896
19.35 91.4896
19.351 -91.4964
19.351 91.4964
19.352 -91.5031
19.352 91.5031
19.353 -91.5099
19.353 91.5099
19.354 -91.5167
19.354 91.5167
19.355 -91.5234
19.355 91.5234
19.356 -91.5302
19.356 91.5302
19.357 -91.537
19.357 91.537
19.358 -91.5438
19.358 91.5438
19.359 -91.5505
19.359 91.5505
19.36 -91.5573
19.36 91.5573
19.361 -91.5641
19.361 91.5641
19.362 -91.5709
19.362 91.5709
19.363 -91.5776
19.363 91.5776
19.364 -91.5844
19.364 91.5844
19.365 -91.5912
19.365 91.5912
19.366 -91.598
19.366 91.598
19.367 -91.6047
19.367 91.6047
19.368 -91.6115
19.368 91.6115
19.369 -91.6183
19.369 91.6183
19.37 -91.6251
19.37 91.6251
19.371 -91.6319
19.371 91.6319
19.372 -91.6386
19.372 91.6386
19.373 -91.6454
19.373 91.6454
19.374 -91.6522
19.374 91.6522
19.375 -91.659
19.375 91.659
19.376 -91.6657
19.376 91.6657
19.377 -91.6725
19.377 91.6725
19.378 -91.6793
19.378 91.6793
19.379 -91.6861
19.379 91.6861
19.38 -91.6929
19.38 91.6929
19.381 -91.6996
19.381 91.6996
19.382 -91.7064
19.382 91.7064
19.383 -91.7132
19.383 91.7132
19.384 -91.72
19.384 91.72
19.385 -91.7267
19.385 91.7267
19.386 -91.7335
19.386 91.7335
19.387 -91.7403
19.387 91.7403
19.388 -91.7471
19.388 91.7471
19.389 -91.7539
19.389 91.7539
19.39 -91.7606
19.39 91.7606
19.391 -91.7674
19.391 91.7674
19.392 -91.7742
19.392 91.7742
19.393 -91.781
19.393 91.781
19.394 -91.7878
19.394 91.7878
19.395 -91.7945
19.395 91.7945
19.396 -91.8013
19.396 91.8013
19.397 -91.8081
19.397 91.8081
19.398 -91.8149
19.398 91.8149
19.399 -91.8217
19.399 91.8217
19.4 -91.8284
19.4 91.8284
19.401 -91.8352
19.401 91.8352
19.402 -91.842
19.402 91.842
19.403 -91.8488
19.403 91.8488
19.404 -91.8556
19.404 91.8556
19.405 -91.8624
19.405 91.8624
19.406 -91.8691
19.406 91.8691
19.407 -91.8759
19.407 91.8759
19.408 -91.8827
19.408 91.8827
19.409 -91.8895
19.409 91.8895
19.41 -91.8963
19.41 91.8963
19.411 -91.9031
19.411 91.9031
19.412 -91.9098
19.412 91.9098
19.413 -91.9166
19.413 91.9166
19.414 -91.9234
19.414 91.9234
19.415 -91.9302
19.415 91.9302
19.416 -91.937
19.416 91.937
19.417 -91.9438
19.417 91.9438
19.418 -91.9505
19.418 91.9505
19.419 -91.9573
19.419 91.9573
19.42 -91.9641
19.42 91.9641
19.421 -91.9709
19.421 91.9709
19.422 -91.9777
19.422 91.9777
19.423 -91.9845
19.423 91.9845
19.424 -91.9913
19.424 91.9913
19.425 -91.998
19.425 91.998
19.426 -92.0048
19.426 92.0048
19.427 -92.0116
19.427 92.0116
19.428 -92.0184
19.428 92.0184
19.429 -92.0252
19.429 92.0252
19.43 -92.032
19.43 92.032
19.431 -92.0388
19.431 92.0388
19.432 -92.0455
19.432 92.0455
19.433 -92.0523
19.433 92.0523
19.434 -92.0591
19.434 92.0591
19.435 -92.0659
19.435 92.0659
19.436 -92.0727
19.436 92.0727
19.437 -92.0795
19.437 92.0795
19.438 -92.0863
19.438 92.0863
19.439 -92.0931
19.439 92.0931
19.44 -92.0998
19.44 92.0998
19.441 -92.1066
19.441 92.1066
19.442 -92.1134
19.442 92.1134
19.443 -92.1202
19.443 92.1202
19.444 -92.127
19.444 92.127
19.445 -92.1338
19.445 92.1338
19.446 -92.1406
19.446 92.1406
19.447 -92.1474
19.447 92.1474
19.448 -92.1542
19.448 92.1542
19.449 -92.1609
19.449 92.1609
19.45 -92.1677
19.45 92.1677
19.451 -92.1745
19.451 92.1745
19.452 -92.1813
19.452 92.1813
19.453 -92.1881
19.453 92.1881
19.454 -92.1949
19.454 92.1949
19.455 -92.2017
19.455 92.2017
19.456 -92.2085
19.456 92.2085
19.457 -92.2153
19.457 92.2153
19.458 -92.2221
19.458 92.2221
19.459 -92.2288
19.459 92.2288
19.46 -92.2356
19.46 92.2356
19.461 -92.2424
19.461 92.2424
19.462 -92.2492
19.462 92.2492
19.463 -92.256
19.463 92.256
19.464 -92.2628
19.464 92.2628
19.465 -92.2696
19.465 92.2696
19.466 -92.2764
19.466 92.2764
19.467 -92.2832
19.467 92.2832
19.468 -92.29
19.468 92.29
19.469 -92.2968
19.469 92.2968
19.47 -92.3036
19.47 92.3036
19.471 -92.3104
19.471 92.3104
19.472 -92.3172
19.472 92.3172
19.473 -92.3239
19.473 92.3239
19.474 -92.3307
19.474 92.3307
19.475 -92.3375
19.475 92.3375
19.476 -92.3443
19.476 92.3443
19.477 -92.3511
19.477 92.3511
19.478 -92.3579
19.478 92.3579
19.479 -92.3647
19.479 92.3647
19.48 -92.3715
19.48 92.3715
19.481 -92.3783
19.481 92.3783
19.482 -92.3851
19.482 92.3851
19.483 -92.3919
19.483 92.3919
19.484 -92.3987
19.484 92.3987
19.485 -92.4055
19.485 92.4055
19.486 -92.4123
19.486 92.4123
19.487 -92.4191
19.487 92.4191
19.488 -92.4259
19.488 92.4259
19.489 -92.4327
19.489 92.4327
19.49 -92.4395
19.49 92.4395
19.491 -92.4463
19.491 92.4463
19.492 -92.4531
19.492 92.4531
19.493 -92.4598
19.493 92.4598
19.494 -92.4666
19.494 92.4666
19.495 -92.4734
19.495 92.4734
19.496 -92.4802
19.496 92.4802
19.497 -92.487
19.497 92.487
19.498 -92.4938
19.498 92.4938
19.499 -92.5006
19.499 92.5006
19.5 -92.5074
19.5 92.5074
19.501 -92.5142
19.501 92.5142
19.502 -92.521
19.502 92.521
19.503 -92.5278
19.503 92.5278
19.504 -92.5346
19.504 92.5346
19.505 -92.5414
19.505 92.5414
19.506 -92.5482
19.506 92.5482
19.507 -92.555
19.507 92.555
19.508 -92.5618
19.508 92.5618
19.509 -92.5686
19.509 92.5686
19.51 -92.5754
19.51 92.5754
19.511 -92.5822
19.511 92.5822
19.512 -92.589
19.512 92.589
19.513 -92.5958
19.513 92.5958
19.514 -92.6026
19.514 92.6026
19.515 -92.6094
19.515 92.6094
19.516 -92.6162
19.516 92.6162
19.517 -92.623
19.517 92.623
19.518 -92.6298
19.518 92.6298
19.519 -92.6366
19.519 92.6366
19.52 -92.6434
19.52 92.6434
19.521 -92.6502
19.521 92.6502
19.522 -92.657
19.522 92.657
19.523 -92.6638
19.523 92.6638
19.524 -92.6706
19.524 92.6706
19.525 -92.6774
19.525 92.6774
19.526 -92.6842
19.526 92.6842
19.527 -92.691
19.527 92.691
19.528 -92.6978
19.528 92.6978
19.529 -92.7046
19.529 92.7046
19.53 -92.7114
19.53 92.7114
19.531 -92.7183
19.531 92.7183
19.532 -92.7251
19.532 92.7251
19.533 -92.7319
19.533 92.7319
19.534 -92.7387
19.534 92.7387
19.535 -92.7455
19.535 92.7455
19.536 -92.7523
19.536 92.7523
19.537 -92.7591
19.537 92.7591
19.538 -92.7659
19.538 92.7659
19.539 -92.7727
19.539 92.7727
19.54 -92.7795
19.54 92.7795
19.541 -92.7863
19.541 92.7863
19.542 -92.7931
19.542 92.7931
19.543 -92.7999
19.543 92.7999
19.544 -92.8067
19.544 92.8067
19.545 -92.8135
19.545 92.8135
19.546 -92.8203
19.546 92.8203
19.547 -92.8271
19.547 92.8271
19.548 -92.8339
19.548 92.8339
19.549 -92.8407
19.549 92.8407
19.55 -92.8475
19.55 92.8475
19.551 -92.8544
19.551 92.8544
19.552 -92.8612
19.552 92.8612
19.553 -92.868
19.553 92.868
19.554 -92.8748
19.554 92.8748
19.555 -92.8816
19.555 92.8816
19.556 -92.8884
19.556 92.8884
19.557 -92.8952
19.557 92.8952
19.558 -92.902
19.558 92.902
19.559 -92.9088
19.559 92.9088
19.56 -92.9156
19.56 92.9156
19.561 -92.9224
19.561 92.9224
19.562 -92.9292
19.562 92.9292
19.563 -92.936
19.563 92.936
19.564 -92.9428
19.564 92.9428
19.565 -92.9497
19.565 92.9497
19.566 -92.9565
19.566 92.9565
19.567 -92.9633
19.567 92.9633
19.568 -92.9701
19.568 92.9701
19.569 -92.9769
19.569 92.9769
19.57 -92.9837
19.57 92.9837
19.571 -92.9905
19.571 92.9905
19.572 -92.9973
19.572 92.9973
19.573 -93.0041
19.573 93.0041
19.574 -93.0109
19.574 93.0109
19.575 -93.0178
19.575 93.0178
19.576 -93.0246
19.576 93.0246
19.577 -93.0314
19.577 93.0314
19.578 -93.0382
19.578 93.0382
19.579 -93.045
19.579 93.045
19.58 -93.0518
19.58 93.0518
19.581 -93.0586
19.581 93.0586
19.582 -93.0654
19.582 93.0654
19.583 -93.0722
19.583 93.0722
19.584 -93.0791
19.584 93.0791
19.585 -93.0859
19.585 93.0859
19.586 -93.0927
19.586 93.0927
19.587 -93.0995
19.587 93.0995
19.588 -93.1063
19.588 93.1063
19.589 -93.1131
19.589 93.1131
19.59 -93.1199
19.59 93.1199
19.591 -93.1267
19.591 93.1267
19.592 -93.1336
19.592 93.1336
19.593 -93.1404
19.593 93.1404
19.594 -93.1472
19.594 93.1472
19.595 -93.154
19.595 93.154
19.596 -93.1608
19.596 93.1608
19.597 -93.1676
19.597 93.1676
19.598 -93.1744
19.598 93.1744
19.599 -93.1813
19.599 93.1813
19.6 -93.1881
19.6 93.1881
19.601 -93.1949
19.601 93.1949
19.602 -93.2017
19.602 93.2017
19.603 -93.2085
19.603 93.2085
19.604 -93.2153
19.604 93.2153
19.605 -93.2221
19.605 93.2221
19.606 -93.229
19.606 93.229
19.607 -93.2358
19.607 93.2358
19.608 -93.2426
19.608 93.2426
19.609 -93.2494
19.609 93.2494
19.61 -93.2562
19.61 93.2562
19.611 -93.263
19.611 93.263
19.612 -93.2699
19.612 93.2699
19.613 -93.2767
19.613 93.2767
19.614 -93.2835
19.614 93.2835
19.615 -93.2903
19.615 93.2903
19.616 -93.2971
19.616 93.2971
19.617 -93.3039
19.617 93.3039
19.618 -93.3108
19.618 93.3108
19.619 -93.3176
19.619 93.3176
19.62 -93.3244
19.62 93.3244
19.621 -93.3312
19.621 93.3312
19.622 -93.338
19.622 93.338
19.623 -93.3448
19.623 93.3448
19.624 -93.3517
19.624 93.3517
19.625 -93.3585
19.625 93.3585
19.626 -93.3653
19.626 93.3653
19.627 -93.3721
19.627 93.3721
19.628 -93.3789
19.628 93.3789
19.629 -93.3858
19.629 93.3858
19.63 -93.3926
19.63 93.3926
19.631 -93.3994
19.631 93.3994
19.632 -93.4062
19.632 93.4062
19.633 -93.413
19.633 93.413
19.634 -93.4199
19.634 93.4199
19.635 -93.4267
19.635 93.4267
19.636 -93.4335
19.636 93.4335
19.637 -93.4403
19.637 93.4403
19.638 -93.4471
19.638 93.4471
19.639 -93.454
19.639 93.454
19.64 -93.4608
19.64 93.4608
19.641 -93.4676
19.641 93.4676
19.642 -93.4744
19.642 93.4744
19.643 -93.4812
19.643 93.4812
19.644 -93.4881
19.644 93.4881
19.645 -93.4949
19.645 93.4949
19.646 -93.5017
19.646 93.5017
19.647 -93.5085
19.647 93.5085
19.648 -93.5154
19.648 93.5154
19.649 -93.5222
19.649 93.5222
19.65 -93.529
19.65 93.529
19.651 -93.5358
19.651 93.5358
19.652 -93.5427
19.652 93.5427
19.653 -93.5495
19.653 93.5495
19.654 -93.5563
19.654 93.5563
19.655 -93.5631
19.655 93.5631
19.656 -93.5699
19.656 93.5699
19.657 -93.5768
19.657 93.5768
19.658 -93.5836
19.658 93.5836
19.659 -93.5904
19.659 93.5904
19.66 -93.5972
19.66 93.5972
19.661 -93.6041
19.661 93.6041
19.662 -93.6109
19.662 93.6109
19.663 -93.6177
19.663 93.6177
19.664 -93.6245
19.664 93.6245
19.665 -93.6314
19.665 93.6314
19.666 -93.6382
19.666 93.6382
19.667 -93.645
19.667 93.645
19.668 -93.6518
19.668 93.6518
19.669 -93.6587
19.669 93.6587
19.67 -93.6655
19.67 93.6655
19.671 -93.6723
19.671 93.6723
19.672 -93.6791
19.672 93.6791
19.673 -93.686
19.673 93.686
19.674 -93.6928
19.674 93.6928
19.675 -93.6996
19.675 93.6996
19.676 -93.7065
19.676 93.7065
19.677 -93.7133
19.677 93.7133
19.678 -93.7201
19.678 93.7201
19.679 -93.7269
19.679 93.7269
19.68 -93.7338
19.68 93.7338
19.681 -93.7406
19.681 93.7406
19.682 -93.7474
19.682 93.7474
19.683 -93.7542
19.683 93.7542
19.684 -93.7611
19.684 93.7611
19.685 -93.7679
19.685 93.7679
19.686 -93.7747
19.686 93.7747
19.687 -93.7816
19.687 93.7816
19.688 -93.7884
19.688 93.7884
19.689 -93.7952
19.689 93.7952
19.69 -93.802
19.69 93.802
19.691 -93.8089
19.691 93.8089
19.692 -93.8157
19.692 93.8157
19.693 -93.8225
19.693 93.8225
19.694 -93.8294
19.694 93.8294
19.695 -93.8362
19.695 93.8362
19.696 -93.843
19.696 93.843
19.697 -93.8499
19.697 93.8499
19.698 -93.8567
19.698 93.8567
19.699 -93.8635
19.699 93.8635
19.7 -93.8704
19.7 93.8704
19.701 -93.8772
19.701 93.8772
19.702 -93.884
19.702 93.884
19.703 -93.8908
19.703 93.8908
19.704 -93.8977
19.704 93.8977
19.705 -93.9045
19.705 93.9045
19.706 -93.9113
19.706 93.9113
19.707 -93.9182
19.707 93.9182
19.708 -93.925
19.708 93.925
19.709 -93.9318
19.709 93.9318
19.71 -93.9387
19.71 93.9387
19.711 -93.9455
19.711 93.9455
19.712 -93.9523
19.712 93.9523
19.713 -93.9592
19.713 93.9592
19.714 -93.966
19.714 93.966
19.715 -93.9728
19.715 93.9728
19.716 -93.9797
19.716 93.9797
19.717 -93.9865
19.717 93.9865
19.718 -93.9933
19.718 93.9933
19.719 -94.0002
19.719 94.0002
19.72 -94.007
19.72 94.007
19.721 -94.0138
19.721 94.0138
19.722 -94.0207
19.722 94.0207
19.723 -94.0275
19.723 94.0275
19.724 -94.0343
19.724 94.0343
19.725 -94.0412
19.725 94.0412
19.726 -94.048
19.726 94.048
19.727 -94.0549
19.727 94.0549
19.728 -94.0617
19.728 94.0617
19.729 -94.0685
19.729 94.0685
19.73 -94.0754
19.73 94.0754
19.731 -94.0822
19.731 94.0822
19.732 -94.089
19.732 94.089
19.733 -94.0959
19.733 94.0959
19.734 -94.1027
19.734 94.1027
19.735 -94.1095
19.735 94.1095
19.736 -94.1164
19.736 94.1164
19.737 -94.1232
19.737 94.1232
19.738 -94.1301
19.738 94.1301
19.739 -94.1369
19.739 94.1369
19.74 -94.1437
19.74 94.1437
19.741 -94.1506
19.741 94.1506
19.742 -94.1574
19.742 94.1574
19.743 -94.1642
19.743 94.1642
19.744 -94.1711
19.744 94.1711
19.745 -94.1779
19.745 94.1779
19.746 -94.1848
19.746 94.1848
19.747 -94.1916
19.747 94.1916
19.748 -94.1984
19.748 94.1984
19.749 -94.2053
19.749 94.2053
19.75 -94.2121
19.75 94.2121
19.751 -94.219
19.751 94.219
19.752 -94.2258
19.752 94.2258
19.753 -94.2326
19.753 94.2326
19.754 -94.2395
19.754 94.2395
19.755 -94.2463
19.755 94.2463
19.756 -94.2531
19.756 94.2531
19.757 -94.26
19.757 94.26
19.758 -94.2668
19.758 94.2668
19.759 -94.2737
19.759 94.2737
19.76 -94.2805
19.76 94.2805
19.761 -94.2874
19.761 94.2874
19.762 -94.2942
19.762 94.2942
19.763 -94.301
19.763 94.301
19.764 -94.3079
19.764 94.3079
19.765 -94.3147
19.765 94.3147
19.766 -94.3216
19.766 94.3216
19.767 -94.3284
19.767 94.3284
19.768 -94.3352
19.768 94.3352
19.769 -94.3421
19.769 94.3421
19.77 -94.3489
19.77 94.3489
19.771 -94.3558
19.771 94.3558
19.772 -94.3626
19.772 94.3626
19.773 -94.3695
19.773 94.3695
19.774 -94.3763
19.774 94.3763
19.775 -94.3831
19.775 94.3831
19.776 -94.39
19.776 94.39
19.777 -94.3968
19.777 94.3968
19.778 -94.4037
19.778 94.4037
19.779 -94.4105
19.779 94.4105
19.78 -94.4174
19.78 94.4174
19.781 -94.4242
19.781 94.4242
19.782 -94.4311
19.782 94.4311
19.783 -94.4379
19.783 94.4379
19.784 -94.4447
19.784 94.4447
19.785 -94.4516
19.785 94.4516
19.786 -94.4584
19.786 94.4584
19.787 -94.4653
19.787 94.4653
19.788 -94.4721
19.788 94.4721
19.789 -94.479
19.789 94.479
19.79 -94.4858
19.79 94.4858
19.791 -94.4927
19.791 94.4927
19.792 -94.4995
19.792 94.4995
19.793 -94.5064
19.793 94.5064
19.794 -94.5132
19.794 94.5132
19.795 -94.52
19.795 94.52
19.796 -94.5269
19.796 94.5269
19.797 -94.5337
19.797 94.5337
19.798 -94.5406
19.798 94.5406
19.799 -94.5474
19.799 94.5474
19.8 -94.5543
19.8 94.5543
19.801 -94.5611
19.801 94.5611
19.802 -94.568
19.802 94.568
19.803 -94.5748
19.803 94.5748
19.804 -94.5817
19.804 94.5817
19.805 -94.5885
19.805 94.5885
19.806 -94.5954
19.806 94.5954
19.807 -94.6022
19.807 94.6022
19.808 -94.6091
19.808 94.6091
19.809 -94.6159
19.809 94.6159
19.81 -94.6228
19.81 94.6228
19.811 -94.6296
19.811 94.6296
19.812 -94.6365
19.812 94.6365
19.813 -94.6433
19.813 94.6433
19.814 -94.6502
19.814 94.6502
19.815 -94.657
19.815 94.657
19.816 -94.6639
19.816 94.6639
19.817 -94.6707
19.817 94.6707
19.818 -94.6776
19.818 94.6776
19.819 -94.6844
19.819 94.6844
19.82 -94.6913
19.82 94.6913
19.821 -94.6981
19.821 94.6981
19.822 -94.705
19.822 94.705
19.823 -94.7118
19.823 94.7118
19.824 -94.7187
19.824 94.7187
19.825 -94.7255
19.825 94.7255
19.826 -94.7324
19.826 94.7324
19.827 -94.7392
19.827 94.7392
19.828 -94.7461
19.828 94.7461
19.829 -94.7529
19.829 94.7529
19.83 -94.7598
19.83 94.7598
19.831 -94.7666
19.831 94.7666
19.832 -94.7735
19.832 94.7735
19.833 -94.7803
19.833 94.7803
19.834 -94.7872
19.834 94.7872
19.835 -94.794
19.835 94.794
19.836 -94.8009
19.836 94.8009
19.837 -94.8078
19.837 94.8078
19.838 -94.8146
19.838 94.8146
19.839 -94.8215
19.839 94.8215
19.84 -94.8283
19.84 94.8283
19.841 -94.8352
19.841 94.8352
19.842 -94.842
19.842 94.842
19.843 -94.8489
19.843 94.8489
19.844 -94.8557
19.844 94.8557
19.845 -94.8626
19.845 94.8626
19.846 -94.8694
19.846 94.8694
19.847 -94.8763
19.847 94.8763
19.848 -94.8831
19.848 94.8831
19.849 -94.89
19.849 94.89
19.85 -94.8969
19.85 94.8969
19.851 -94.9037
19.851 94.9037
19.852 -94.9106
19.852 94.9106
19.853 -94.9174
19.853 94.9174
19.854 -94.9243
19.854 94.9243
19.855 -94.9311
19.855 94.9311
19.856 -94.938
19.856 94.938
19.857 -94.9449
19.857 94.9449
19.858 -94.9517
19.858 94.9517
19.859 -94.9586
19.859 94.9586
19.86 -94.9654
19.86 94.9654
19.861 -94.9723
19.861 94.9723
19.862 -94.9791
19.862 94.9791
19.863 -94.986
19.863 94.986
19.864 -94.9929
19.864 94.9929
19.865 -94.9997
19.865 94.9997
19.866 -95.0066
19.866 95.0066
19.867 -95.0134
19.867 95.0134
19.868 -95.0203
19.868 95.0203
19.869 -95.0271
19.869 95.0271
19.87 -95.034
19.87 95.034
19.871 -95.0409
19.871 95.0409
19.872 -95.0477
19.872 95.0477
19.873 -95.0546
19.873 95.0546
19.874 -95.0614
19.874 95.0614
19.875 -95.0683
19.875 95.0683
19.876 -95.0752
19.876 95.0752
19.877 -95.082
19.877 95.082
19.878 -95.0889
19.878 95.0889
19.879 -95.0957
19.879 95.0957
19.88 -95.1026
19.88 95.1026
19.881 -95.1095
19.881 95.1095
19.882 -95.1163
19.882 95.1163
19.883 -95.1232
19.883 95.1232
19.884 -95.13
19.884 95.13
19.885 -95.1369
19.885 95.1369
19.886 -95.1438
19.886 95.1438
19.887 -95.1506
19.887 95.1506
19.888 -95.1575
19.888 95.1575
19.889 -95.1644
19.889 95.1644
19.89 -95.1712
19.89 95.1712
19.891 -95.1781
19.891 95.1781
19.892 -95.1849
19.892 95.1849
19.893 -95.1918
19.893 95.1918
19.894 -95.1987
19.894 95.1987
19.895 -95.2055
19.895 95.2055
19.896 -95.2124
19.896 95.2124
19.897 -95.2193
19.897 95.2193
19.898 -95.2261
19.898 95.2261
19.899 -95.233
19.899 95.233
19.9 -95.2398
19.9 95.2398
19.901 -95.2467
19.901 95.2467
19.902 -95.2536
19.902 95.2536
19.903 -95.2604
19.903 95.2604
19.904 -95.2673
19.904 95.2673
19.905 -95.2742
19.905 95.2742
19.906 -95.281
19.906 95.281
19.907 -95.2879
19.907 95.2879
19.908 -95.2948
19.908 95.2948
19.909 -95.3016
19.909 95.3016
19.91 -95.3085
19.91 95.3085
19.911 -95.3154
19.911 95.3154
19.912 -95.3222
19.912 95.3222
19.913 -95.3291
19.913 95.3291
19.914 -95.336
19.914 95.336
19.915 -95.3428
19.915 95.3428
19.916 -95.3497
19.916 95.3497
19.917 -95.3566
19.917 95.3566
19.918 -95.3634
19.918 95.3634
19.919 -95.3703
19.919 95.3703
19.92 -95.3772
19.92 95.3772
19.921 -95.384
19.921 95.384
19.922 -95.3909
19.922 95.3909
19.923 -95.3978
19.923 95.3978
19.924 -95.4046
19.924 95.4046
19.925 -95.4115
19.925 95.4115
19.926 -95.4184
19.926 95.4184
19.927 -95.4252
19.927 95.4252
19.928 -95.4321
19.928 95.4321
19.929 -95.439
19.929 95.439
19.93 -95.4458
19.93 95.4458
19.931 -95.4527
19.931 95.4527
19.932 -95.4596
19.932 95.4596
19.933 -95.4664
19.933 95.4664
19.934 -95.4733
19.934 95.4733
19.935 -95.4802
19.935 95.4802
19.936 -95.4871
19.936 95.4871
19.937 -95.4939
19.937 95.4939
19.938 -95.5008
19.938 95.5008
19.939 -95.5077
19.939 95.5077
19.94 -95.5145
19.94 95.5145
19.941 -95.5214
19.941 95.5214
19.942 -95.5283
19.942 95.5283
19.943 -95.5351
19.943 95.5351
19.944 -95.542
19.944 95.542
19.945 -95.5489
19.945 95.5489
19.946 -95.5558
19.946 95.5558
19.947 -95.5626
19.947 95.5626
19.948 -95.5695
19.948 95.5695
19.949 -95.5764
19.949 95.5764
19.95 -95.5832
19.95 95.5832
19.951 -95.5901
19.951 95.5901
19.952 -95.597
19.952 95.597
19.953 -95.6039
19.953 95.6039
19.954 -95.6107
19.954 95.6107
19.955 -95.6176
19.955 95.6176
19.956 -95.6245
19.956 95.6245
19.957 -95.6314
19.957 95.6314
19.958 -95.6382
19.958 95.6382
19.959 -95.6451
19.959 95.6451
19.96 -95.652
19.96 95.652
19.961 -95.6589
19.961 95.6589
19.962 -95.6657
19.962 95.6657
19.963 -95.6726
19.963 95.6726
19.964 -95.6795
19.964 95.6795
19.965 -95.6863
19.965 95.6863
19.966 -95.6932
19.966 95.6932
19.967 -95.7001
19.967 95.7001
19.968 -95.707
19.968 95.707
19.969 -95.7138
19.969 95.7138
19.97 -95.7207
19.97 95.7207
19.971 -95.7276
19.971 95.7276
19.972 -95.7345
19.972 95.7345
19.973 -95.7413
19.973 95.7413
19.974 -95.7482
19.974 95.7482
19.975 -95.7551
19.975 95.7551
19.976 -95.762
19.976 95.762
19.977 -95.7689
19.977 95.7689
19.978 -95.7757
19.978 95.7757
19.979 -95.7826
19.979 95.7826
19.98 -95.7895
19.98 95.7895
19.981 -95.7964
19.981 95.7964
19.982 -95.8032
19.982 95.8032
19.983 -95.8101
19.983 95.8101
19.984 -95.817
19.984 95.817
19.985 -95.8239
19.985 95.8239
19.986 -95.8307
19.986 95.8307
19.987 -95.8376
19.987 95.8376
19.988 -95.8445
19.988 95.8445
19.989 -95.8514
19.989 95.8514
19.99 -95.8583
19.99 95.8583
19.991 -95.8651
19.991 95.8651
19.992 -95.872
19.992 95.872
19.993 -95.8789
19.993 95.8789
19.994 -95.8858
19.994 95.8858
19.995 -95.8927
19.995 95.8927
19.996 -95.8995
19.996 95.8995
19.997 -95.9064
19.997 95.9064
19.998 -95.9133
19.998 95.9133
19.999 -95.9202
19.999 95.9202
20 -95.9271
20 95.9271
20.001 -95.9339
20.001 95.9339
20.002 -95.9408
20.002 95.9408
20.003 -95.9477
20.003 95.9477
20.004 -95.9546
20.004 95.9546
20.005 -95.9615
20.005 95.9615
20.006 -95.9683
20.006 95.9683
20.007 -95.9752
20.007 95.9752
20.008 -95.9821
20.008 95.9821
20.009 -95.989
20.009 95.989
20.01 -95.9959
20.01 95.9959
20.011 -96.0027
20.011 96.0027
20.012 -96.0096
20.012 96.0096
20.013 -96.0165
20.013 96.0165
20.014 -96.0234
20.014 96.0234
20.015 -96.0303
20.015 96.0303
20.016 -96.0372
20.016 96.0372
20.017 -96.044
20.017 96.044
20.018 -96.0509
20.018 96.0509
20.019 -96.0578
20.019 96.0578
20.02 -96.0647
20.02 96.0647
20.021 -96.0716
20.021 96.0716
20.022 -96.0785
20.022 96.0785
20.023 -96.0853
20.023 96.0853
20.024 -96.0922
20.024 96.0922
20.025 -96.0991
20.025 96.0991
20.026 -96.106
20.026 96.106
20.027 -96.1129
20.027 96.1129
20.028 -96.1198
20.028 96.1198
20.029 -96.1267
20.029 96.1267
20.03 -96.1335
20.03 96.1335
20.031 -96.1404
20.031 96.1404
20.032 -96.1473
20.032 96.1473
20.033 -96.1542
20.033 96.1542
20.034 -96.1611
20.034 96.1611
20.035 -96.168
20.035 96.168
20.036 -96.1748
20.036 96.1748
20.037 -96.1817
20.037 96.1817
20.038 -96.1886
20.038 96.1886
20.039 -96.1955
20.039 96.1955
20.04 -96.2024
20.04 96.2024
20.041 -96.2093
20.041 96.2093
20.042 -96.2162
20.042 96.2162
20.043 -96.2231
20.043 96.2231
20.044 -96.2299
20.044 96.2299
20.045 -96.2368
20.045 96.2368
20.046 -96.2437
20.046 96.2437
20.047 -96.2506
20.047 96.2506
20.048 -96.2575
20.048 96.2575
20.049 -96.2644
20.049 96.2644
20.05 -96.2713
20.05 96.2713
20.051 -96.2782
20.051 96.2782
20.052 -96.285
20.052 96.285
20.053 -96.2919
20.053 96.2919
20.054 -96.2988
20.054 96.2988
20.055 -96.3057
20.055 96.3057
20.056 -96.3126
20.056 96.3126
20.057 -96.3195
20.057 96.3195
20.058 -96.3264
20.058 96.3264
20.059 -96.3333
20.059 96.3333
20.06 -96.3402
20.06 96.3402
20.061 -96.3471
20.061 96.3471
20.062 -96.3539
20.062 96.3539
20.063 -96.3608
20.063 96.3608
20.064 -96.3677
20.064 96.3677
20.065 -96.3746
20.065 96.3746
20.066 -96.3815
20.066 96.3815
20.067 -96.3884
20.067 96.3884
20.068 -96.3953
20.068 96.3953
20.069 -96.4022
20.069 96.4022
20.07 -96.4091
20.07 96.4091
20.071 -96.416
20.071 96.416
20.072 -96.4229
20.072 96.4229
20.073 -96.4297
20.073 96.4297
20.074 -96.4366
20.074 96.4366
20.075 -96.4435
20.075 96.4435
20.076 -96.4504
20.076 96.4504
20.077 -96.4573
20.077 96.4573
20.078 -96.4642
20.078 96.4642
20.079 -96.4711
20.079 96.4711
20.08 -96.478
20.08 96.478
20.081 -96.4849
20.081 96.4849
20.082 -96.4918
20.082 96.4918
20.083 -96.4987
20.083 96.4987
20.084 -96.5056
20.084 96.5056
20.085 -96.5125
20.085 96.5125
20.086 -96.5194
20.086 96.5194
20.087 -96.5263
20.087 96.5263
20.088 -96.5331
20.088 96.5331
20.089 -96.54
20.089 96.54
20.09 -96.5469
20.09 96.5469
20.091 -96.5538
20.091 96.5538
20.092 -96.5607
20.092 96.5607
20.093 -96.5676
20.093 96.5676
20.094 -96.5745
20.094 96.5745
20.095 -96.5814
20.095 96.5814
20.096 -96.5883
20.096 96.5883
20.097 -96.5952
20.097 96.5952
20.098 -96.6021
20.098 96.6021
20.099 -96.609
20.099 96.609
20.1 -96.6159
20.1 96.6159
20.101 -96.6228
20.101 96.6228
20.102 -96.6297
20.102 96.6297
20.103 -96.6366
20.103 96.6366
20.104 -96.6435
20.104 96.6435
20.105 -96.6504
20.105 96.6504
20.106 -96.6573
20.106 96.6573
20.107 -96.6642
20.107 96.6642
20.108 -96.6711
20.108 96.6711
20.109 -96.678
20.109 96.678
20.11 -96.6849
20.11 96.6849
20.111 -96.6918
20.111 96.6918
20.112 -96.6987
20.112 96.6987
20.113 -96.7056
20.113 96.7056
20.114 -96.7125
20.114 96.7125
20.115 -96.7194
20.115 96.7194
20.116 -96.7263
20.116 96.7263
20.117 -96.7332
20.117 96.7332
20.118 -96.7401
20.118 96.7401
20.119 -96.747
20.119 96.747
20.12 -96.7539
20.12 96.7539
20.121 -96.7608
20.121 96.7608
20.122 -96.7677
20.122 96.7677
20.123 -96.7746
20.123 96.7746
20.124 -96.7815
20.124 96.7815
20.125 -96.7884
20.125 96.7884
20.126 -96.7953
20.126 96.7953
20.127 -96.8022
20.127 96.8022
20.128 -96.8091
20.128 96.8091
20.129 -96.816
20.129 96.816
20.13 -96.8229
20.13 96.8229
20.131 -96.8298
20.131 96.8298
20.132 -96.8367
20.132 96.8367
20.133 -96.8436
20.133 96.8436
20.134 -96.8505
20.134 96.8505
20.135 -96.8574
20.135 96.8574
20.136 -96.8643
20.136 96.8643
20.137 -96.8712
20.137 96.8712
20.138 -96.8781
20.138 96.8781
20.139 -96.885
20.139 96.885
20.14 -96.8919
20.14 96.8919
20.141 -96.8988
20.141 96.8988
20.142 -96.9057
20.142 96.9057
20.143 -96.9126
20.143 96.9126
20.144 -96.9195
20.144 96.9195
20.145 -96.9264
20.145 96.9264
20.146 -96.9333
20.146 96.9333
20.147 -96.9402
20.147 96.9402
20.148 -96.9471
20.148 96.9471
20.149 -96.954
20.149 96.954
20.15 -96.9609
20.15 96.9609
20.151 -96.9678
20.151 96.9678
20.152 -96.9747
20.152 96.9747
20.153 -96.9816
20.153 96.9816
20.154 -96.9885
20.154 96.9885
20.155 -96.9954
20.155 96.9954
20.156 -97.0024
20.156 97.0024
20.157 -97.0093
20.157 97.0093
20.158 -97.0162
20.158 97.0162
20.159 -97.0231
20.159 97.0231
20.16 -97.03
20.16 97.03
20.161 -97.0369
20.161 97.0369
20.162 -97.0438
20.162 97.0438
20.163 -97.0507
20.163 97.0507
20.164 -97.0576
20.164 97.0576
20.165 -97.0645
20.165 97.0645
20.166 -97.0714
20.166 97.0714
20.167 -97.0783
20.167 97.0783
20.168 -97.0852
20.168 97.0852
20.169 -97.0921
20.169 97.0921
20.17 -97.0991
20.17 97.0991
20.171 -97.106
20.171 97.106
20.172 -97.1129
20.172 97.1129
20.173 -97.1198
20.173 97.1198
20.174 -97.1267
20.174 97.1267
20.175 -97.1336
20.175 97.1336
20.176 -97.1405
20.176 97.1405
20.177 -97.1474
20.177 97.1474
20.178 -97.1543
20.178 97.1543
20.179 -97.1612
20.179 97.1612
20.18 -97.1681
20.18 97.1681
20.181 -97.175
20.181 97.175
20.182 -97.182
20.182 97.182
20.183 -97.1889
20.183 97.1889
20.184 -97.1958
20.184 97.1958
20.185 -97.2027
20.185 97.2027
20.186 -97.2096
20.186 97.2096
20.187 -97.2165
20.187 97.2165
20.188 -97.2234
20.188 97.2234
20.189 -97.2303
20.189 97.2303
20.19 -97.2372
20.19 97.2372
20.191 -97.2442
20.191 97.2442
20.192 -97.2511
20.192 97.2511
20.193 -97.258
20.193 97.258
20.194 -97.2649
20.194 97.2649
20.195 -97.2718
20.195 97.2718
20.196 -97.2787
20.196 97.2787
20.197 -97.2856
20.197 97.2856
20.198 -97.2925
20.198 97.2925
20.199 -97.2994
20.199 97.2994
20.2 -97.3064
20.2 97.3064
20.201 -97.3133
20.201 97.3133
20.202 -97.3202
20.202 97.3202
20.203 -97.3271
20.203 97.3271
20.204 -97.334
20.204 97.334
20.205 -97.3409
20.205 97.3409
20.206 -97.3478
20.206 97.3478
20.207 -97.3548
20.207 97.3548
20.208 -97.3617
20.208 97.3617
20.209 -97.3686
20.209 97.3686
20.21 -97.3755
20.21 97.3755
20.211 -97.3824
20.211 97.3824
20.212 -97.3893
20.212 97.3893
20.213 -97.3962
20.213 97.3962
20.214 -97.4032
20.214 97.4032
20.215 -97.4101
20.215 97.4101
20.216 -97.417
20.216 97.417
20.217 -97.4239
20.217 97.4239
20.218 -97.4308
20.218 97.4308
20.219 -97.4377
20.219 97.4377
20.22 -97.4447
20.22 97.4447
20.221 -97.4516
20.221 97.4516
20.222 -97.4585
20.222 97.4585
20.223 -97.4654
20.223 97.4654
20.224 -97.4723
20.224 97.4723
20.225 -97.4792
20.225 97.4792
20.226 -97.4861
20.226 97.4861
20.227 -97.4931
20.227 97.4931
20.228 -97.5
20.228 97.5
20.229 -97.5069
20.229 97.5069
20.23 -97.5138
20.23 97.5138
20.231 -97.5207
20.231 97.5207
20.232 -97.5277
20.232 97.5277
20.233 -97.5346
20.233 97.5346
20.234 -97.5415
20.234 97.5415
20.235 -97.5484
20.235 97.5484
20.236 -97.5553
20.236 97.5553
20.237 -97.5622
20.237 97.5622
20.238 -97.5692
20.238 97.5692
20.239 -97.5761
20.239 97.5761
20.24 -97.583
20.24 97.583
20.241 -97.5899
20.241 97.5899
20.242 -97.5968
20.242 97.5968
20.243 -97.6038
20.243 97.6038
20.244 -97.6107
20.244 97.6107
20.245 -97.6176
20.245 97.6176
20.246 -97.6245
20.246 97.6245
20.247 -97.6314
20.247 97.6314
20.248 -97.6384
20.248 97.6384
20.249 -97.6453
20.249 97.6453
20.25 -97.6522
20.25 97.6522
20.251 -97.6591
20.251 97.6591
20.252 -97.666
20.252 97.666
20.253 -97.673
20.253 97.673
20.254 -97.6799
20.254 97.6799
20.255 -97.6868
20.255 97.6868
20.256 -97.6937
20.256 97.6937
20.257 -97.7007
20.257 97.7007
20.258 -97.7076
20.258 97.7076
20.259 -97.7145
20.259 97.7145
20.26 -97.7214
20.26 97.7214
20.261 -97.7283
20.261 97.7283
20.262 -97.7353
20.262 97.7353
20.263 -97.7422
20.263 97.7422
20.264 -97.7491
20.264 97.7491
20.265 -97.756
20.265 97.756
20.266 -97.763
20.266 97.763
20.267 -97.7699
20.267 97.7699
20.268 -97.7768
20.268 97.7768
20.269 -97.7837
20.269 97.7837
20.27 -97.7907
20.27 97.7907
20.271 -97.7976
20.271 97.7976
20.272 -97.8045
20.272 97.8045
20.273 -97.8114
20.273 97.8114
20.274 -97.8184
20.274 97.8184
20.275 -97.8253
20.275 97.8253
20.276 -97.8322
20.276 97.8322
20.277 -97.8391
20.277 97.8391
20.278 -97.8461
20.278 97.8461
20.279 -97.853
20.279 97.853
20.28 -97.8599
20.28 97.8599
20.281 -97.8668
20.281 97.8668
20.282 -97.8738
20.282 97.8738
20.283 -97.8807
20.283 97.8807
20.284 -97.8876
20.284 97.8876
20.285 -97.8945
20.285 97.8945
20.286 -97.9015
20.286 97.9015
20.287 -97.9084
20.287 97.9084
20.288 -97.9153
20.288 97.9153
20.289 -97.9222
20.289 97.9222
20.29 -97.9292
20.29 97.9292
20.291 -97.9361
20.291 97.9361
20.292 -97.943
20.292 97.943
20.293 -97.95
20.293 97.95
20.294 -97.9569
20.294 97.9569
20.295 -97.9638
20.295 97.9638
20.296 -97.9707
20.296 97.9707
20.297 -97.9777
20.297 97.9777
20.298 -97.9846
20.298 97.9846
20.299 -97.9915
20.299 97.9915
20.3 -97.9985
20.3 97.9985
20.301 -98.0054
20.301 98.0054
20.302 -98.0123
20.302 98.0123
20.303 -98.0192
20.303 98.0192
20.304 -98.0262
20.304 98.0262
20.305 -98.0331
20.305 98.0331
20.306 -98.04
20.306 98.04
20.307 -98.047
20.307 98.047
20.308 -98.0539
20.308 98.0539
20.309 -98.0608
20.309 98.0608
20.31 -98.0678
20.31 98.0678
20.311 -98.0747
20.311 98.0747
20.312 -98.0816
20.312 98.0816
20.313 -98.0885
20.313 98.0885
20.314 -98.0955
20.314 98.0955
20.315 -98.1024
20.315 98.1024
20.316 -98.1093
20.316 98.1093
20.317 -98.1163
20.317 98.1163
20.318 -98.1232
20.318 98.1232
20.319 -98.1301
20.319 98.1301
20.32 -98.1371
20.32 98.1371
20.321 -98.144
20.321 98.144
20.322 -98.1509
20.322 98.1509
20.323 -98.1579
20.323 98.1579
20.324 -98.1648
20.324 98.1648
20.325 -98.1717
20.325 98.1717
20.326 -98.1787
20.326 98.1787
20.327 -98.1856
20.327 98.1856
20.328 -98.1925
20.328 98.1925
20.329 -98.1995
20.329 98.1995
20.33 -98.2064
20.33 98.2064
20.331 -98.2133
20.331 98.2133
20.332 -98.2203
20.332 98.2203
20.333 -98.2272
20.333 98.2272
20.334 -98.2341
20.334 98.2341
20.335 -98.2411
20.335 98.2411
20.336 -98.248
20.336 98.248
20.337 -98.2549
20.337 98.2549
20.338 -98.2619
20.338 98.2619
20.339 -98.2688
20.339 98.2688
20.34 -98.2757
20.34 98.2757
20.341 -98.2827
20.341 98.2827
20.342 -98.2896
20.342 98.2896
20.343 -98.2966
20.343 98.2966
20.344 -98.3035
20.344 98.3035
20.345 -98.3104
20.345 98.3104
20.346 -98.3174
20.346 98.3174
20.347 -98.3243
20.347 98.3243
20.348 -98.3312
20.348 98.3312
20.349 -98.3382
20.349 98.3382
20.35 -98.3451
20.35 98.3451
20.351 -98.352
20.351 98.352
20.352 -98.359
20.352 98.359
20.353 -98.3659
20.353 98.3659
20.354 -98.3729
20.354 98.3729
20.355 -98.3798
20.355 98.3798
20.356 -98.3867
20.356 98.3867
20.357 -98.3937
20.357 98.3937
20.358 -98.4006
20.358 98.4006
20.359 -98.4075
20.359 98.4075
20.36 -98.4145
20.36 98.4145
20.361 -98.4214
20.361 98.4214
20.362 -98.4284
20.362 98.4284
20.363 -98.4353
20.363 98.4353
20.364 -98.4422
20.364 98.4422
20.365 -98.4492
20.365 98.4492
20.366 -98.4561
20.366 98.4561
20.367 -98.4631
20.367 98.4631
20.368 -98.47
20.368 98.47
20.369 -98.4769
20.369 98.4769
20.37 -98.4839
20.37 98.4839
20.371 -98.4908
20.371 98.4908
20.372 -98.4978
20.372 98.4978
20.373 -98.5047
20.373 98.5047
20.374 -98.5116
20.374 98.5116
20.375 -98.5186
20.375 98.5186
20.376 -98.5255
20.376 98.5255
20.377 -98.5325
20.377 98.5325
20.378 -98.5394
20.378 98.5394
20.379 -98.5464
20.379 98.5464
20.38 -98.5533
20.38 98.5533
20.381 -98.5602
20.381 98.5602
20.382 -98.5672
20.382 98.5672
20.383 -98.5741
20.383 98.5741
20.384 -98.5811
20.384 98.5811
20.385 -98.588
20.385 98.588
20.386 -98.595
20.386 98.595
20.387 -98.6019
20.387 98.6019
20.388 -98.6088
20.388 98.6088
20.389 -98.6158
20.389 98.6158
20.39 -98.6227
20.39 98.6227
20.391 -98.6297
20.391 98.6297
20.392 -98.6366
20.392 98.6366
20.393 -98.6436
20.393 98.6436
20.394 -98.6505
20.394 98.6505
20.395 -98.6574
20.395 98.6574
20.396 -98.6644
20.396 98.6644
20.397 -98.6713
20.397 98.6713
20.398 -98.6783
20.398 98.6783
20.399 -98.6852
20.399 98.6852
20.4 -98.6922
20.4 98.6922
20.401 -98.6991
20.401 98.6991
20.402 -98.7061
20.402 98.7061
20.403 -98.713
20.403 98.713
20.404 -98.72
20.404 98.72
20.405 -98.7269
20.405 98.7269
20.406 -98.7338
20.406 98.7338
20.407 -98.7408
20.407 98.7408
20.408 -98.7477
20.408 98.7477
20.409 -98.7547
20.409 98.7547
20.41 -98.7616
20.41 98.7616
20.411 -98.7686
20.411 98.7686
20.412 -98.7755
20.412 98.7755
20.413 -98.7825
20.413 98.7825
20.414 -98.7894
20.414 98.7894
20.415 -98.7964
20.415 98.7964
20.416 -98.8033
20.416 98.8033
20.417 -98.8103
20.417 98.8103
20.418 -98.8172
20.418 98.8172
20.419 -98.8242
20.419 98.8242
20.42 -98.8311
20.42 98.8311
20.421 -98.8381
20.421 98.8381
20.422 -98.845
20.422 98.845
20.423 -98.852
20.423 98.852
20.424 -98.8589
20.424 98.8589
20.425 -98.8658
20.425 98.8658
20.426 -98.8728
20.426 98.8728
20.427 -98.8797
20.427 98.8797
20.428 -98.8867
20.428 98.8867
20.429 -98.8936
20.429 98.8936
20.43 -98.9006
20.43 98.9006
20.431 -98.9075
20.431 98.9075
20.432 -98.9145
20.432 98.9145
20.433 -98.9214
20.433 98.9214
20.434 -98.9284
20.434 98.9284
20.435 -98.9354
20.435 98.9354
20.436 -98.9423
20.436 98.9423
20.437 -98.9493
20.437 98.9493
20.438 -98.9562
20.438 98.9562
20.439 -98.9632
20.439 98.9632
20.44 -98.9701
20.44 98.9701
20.441 -98.9771
20.441 98.9771
20.442 -98.984
20.442 98.984
20.443 -98.991
20.443 98.991
20.444 -98.9979
20.444 98.9979
20.445 -99.0049
20.445 99.0049
20.446 -99.0118
20.446 99.0118
20.447 -99.0188
20.447 99.0188
20.448 -99.0257
20.448 99.0257
20.449 -99.0327
20.449 99.0327
20.45 -99.0396
20.45 99.0396
20.451 -99.0466
20.451 99.0466
20.452 -99.0535
20.452 99.0535
20.453 -99.0605
20.453 99.0605
20.454 -99.0674
20.454 99.0674
20.455 -99.0744
20.455 99.0744
20.456 -99.0814
20.456 99.0814
20.457 -99.0883
20.457 99.0883
20.458 -99.0953
20.458 99.0953
20.459 -99.1022
20.459 99.1022
20.46 -99.1092
20.46 99.1092
20.461 -99.1161
20.461 99.1161
20.462 -99.1231
20.462 99.1231
20.463 -99.13
20.463 99.13
20.464 -99.137
20.464 99.137
20.465 -99.1439
20.465 99.1439
20.466 -99.1509
20.466 99.1509
20.467 -99.1579
20.467 99.1579
20.468 -99.1648
20.468 99.1648
20.469 -99.1718
20.469 99.1718
20.47 -99.1787
20.47 99.1787
20.471 -99.1857
20.471 99.1857
20.472 -99.1926
20.472 99.1926
20.473 -99.1996
20.473 99.1996
20.474 -99.2066
20.474 99.2066
20.475 -99.2135
20.475 99.2135
20.476 -99.2205
20.476 99.2205
20.477 -99.2274
20.477 99.2274
20.478 -99.2344
20.478 99.2344
20.479 -99.2413
20.479 99.2413
20.48 -99.2483
20.48 99.2483
20.481 -99.2553
20.481 99.2553
20.482 -99.2622
20.482 99.2622
20.483 -99.2692
20.483 99.2692
20.484 -99.2761
20.484 99.2761
20.485 -99.2831
20.485 99.2831
20.486 -99.2901
20.486 99.2901
20.487 -99.297
20.487 99.297
20.488 -99.304
20.488 99.304
20.489 -99.3109
20.489 99.3109
20.49 -99.3179
20.49 99.3179
20.491 -99.3249
20.491 99.3249
20.492 -99.3318
20.492 99.3318
20.493 -99.3388
20.493 99.3388
20.494 -99.3457
20.494 99.3457
20.495 -99.3527
20.495 99.3527
20.496 -99.3597
20.496 99.3597
20.497 -99.3666
20.497 99.3666
20.498 -99.3736
20.498 99.3736
20.499 -99.3805
20.499 99.3805
20.5 -99.3875
20.5 99.3875
20.501 -99.3945
20.501 99.3945
20.502 -99.4014
20.502 99.4014
20.503 -99.4084
20.503 99.4084
20.504 -99.4153
20.504 99.4153
20.505 -99.4223
20.505 99.4223
20.506 -99.4293
20.506 99.4293
20.507 -99.4362
20.507 99.4362
20.508 -99.4432
20.508 99.4432
20.509 -99.4502
20.509 99.4502
20.51 -99.4571
20.51 99.4571
20.511 -99.4641
20.511 99.4641
20.512 -99.471
20.512 99.471
20.513 -99.478
20.513 99.478
20.514 -99.485
20.514 99.485
20.515 -99.4919
20.515 99.4919
20.516 -99.4989
20.516 99.4989
20.517 -99.5059
20.517 99.5059
20.518 -99.5128
20.518 99.5128
20.519 -99.5198
20.519 99.5198
20.52 -99.5268
20.52 99.5268
20.521 -99.5337
20.521 99.5337
20.522 -99.5407
20.522 99.5407
20.523 -99.5477
20.523 99.5477
20.524 -99.5546
20.524 99.5546
20.525 -99.5616
20.525 99.5616
20.526 -99.5685
20.526 99.5685
20.527 -99.5755
20.527 99.5755
20.528 -99.5825
20.528 99.5825
20.529 -99.5894
20.529 99.5894
20.53 -99.5964
20.53 99.5964
20.531 -99.6034
20.531 99.6034
20.532 -99.6103
20.532 99.6103
20.533 -99.6173
20.533 99.6173
20.534 -99.6243
20.534 99.6243
20.535 -99.6312
20.535 99.6312
20.536 -99.6382
20.536 99.6382
20.537 -99.6452
20.537 99.6452
20.538 -99.6521
20.538 99.6521
20.539 -99.6591
20.539 99.6591
20.54 -99.6661
20.54 99.6661
20.541 -99.6731
20.541 99.6731
20.542 -99.68
20.542 99.68
20.543 -99.687
20.543 99.687
20.544 -99.694
20.544 99.694
20.545 -99.7009
20.545 99.7009
20.546 -99.7079
20.546 99.7079
20.547 -99.7149
20.547 99.7149
20.548 -99.7218
20.548 99.7218
20.549 -99.7288
20.549 99.7288
20.55 -99.7358
20.55 99.7358
20.551 -99.7427
20.551 99.7427
20.552 -99.7497
20.552 99.7497
20.553 -99.7567
20.553 99.7567
20.554 -99.7636
20.554 99.7636
20.555 -99.7706
20.555 99.7706
20.556 -99.7776
20.556 99.7776
20.557 -99.7846
20.557 99.7846
20.558 -99.7915
20.558 99.7915
20.559 -99.7985
20.559 99.7985
20.56 -99.8055
20.56 99.8055
20.561 -99.8124
20.561 99.8124
20.562 -99.8194
20.562 99.8194
20.563 -99.8264
20.563 99.8264
20.564 -99.8334
20.564 99.8334
20.565 -99.8403
20.565 99.8403
20.566 -99.8473
20.566 99.8473
20.567 -99.8543
20.567 99.8543
20.568 -99.8612
20.568 99.8612
20.569 -99.8682
20.569 99.8682
20.57 -99.8752
20.57 99.8752
20.571 -99.8822
20.571 99.8822
20.572 -99.8891
20.572 99.8891
20.573 -99.8961
20.573 99.8961
20.574 -99.9031
20.574 99.9031
20.575 -99.9101
20.575 99.9101
20.576 -99.917
20.576 99.917
20.577 -99.924
20.577 99.924
20.578 -99.931
20.578 99.931
20.579 -99.938
20.579 99.938
20.58 -99.9449
20.58 99.9449
20.581 -99.9519
20.581 99.9519
20.582 -99.9589
20.582 99.9589
20.583 -99.9658
20.583 99.9658
20.584 -99.9728
20.584 99.9728
20.585 -99.9798
20.585 99.9798
20.586 -99.9868
20.586 99.9868
20.587 -99.9938
20.587 99.9938
20.588 -100.001
20.588 100.001
20.589 -100.008
20.589 100.008
20.59 -100.015
20.59 100.015
20.591 -100.022
20.591 100.022
20.592 -100.029
20.592 100.029
20.593 -100.036
20.593 100.036
20.594 -100.043
20.594 100.043
20.595 -100.05
20.595 100.05
20.596 -100.057
20.596 100.057
20.597 -100.064
20.597 100.064
20.598 -100.07
20.598 100.07
20.599 -100.077
20.599 100.077
20.6 -100.084
20.6 100.084
20.601 -100.091
20.601 100.091
20.602 -100.098
20.602 100.098
20.603 -100.105
20.603 100.105
20.604 -100.112
20.604 100.112
20.605 -100.119
20.605 100.119
20.606 -100.126
20.606 100.126
20.607 -100.133
20.607 100.133
20.608 -100.14
20.608 100.14
20.609 -100.147
20.609 100.147
20.61 -100.154
20.61 100.154
20.611 -100.161
20.611 100.161
20.612 -100.168
20.612 100.168
20.613 -100.175
20.613 100.175
20.614 -100.182
20.614 100.182
20.615 -100.189
20.615 100.189
20.616 -100.196
20.616 100.196
20.617 -100.203
20.617 100.203
20.618 -100.21
20.618 100.21
20.619 -100.217
20.619 100.217
20.62 -100.224
20.62 100.224
20.621 -100.231
20.621 100.231
20.622 -100.238
20.622 100.238
20.623 -100.245
20.623 100.245
20.624 -100.252
20.624 100.252
20.625 -100.259
20.625 100.259
20.626 -100.266
20.626 100.266
20.627 -100.273
20.627 100.273
20.628 -100.28
20.628 100.28
20.629 -100.287
20.629 100.287
20.63 -100.294
20.63 100.294
20.631 -100.301
20.631 100.301
20.632 -100.308
20.632 100.308
20.633 -100.315
20.633 100.315
20.634 -100.322
20.634 100.322
20.635 -100.329
20.635 100.329
20.636 -100.336
20.636 100.336
20.637 -100.343
20.637 100.343
20.638 -100.35
20.638 100.35
20.639 -100.357
20.639 100.357
20.64 -100.364
20.64 100.364
20.641 -100.371
20.641 100.371
20.642 -100.378
20.642 100.378
20.643 -100.385
20.643 100.385
20.644 -100.392
20.644 100.392
20.645 -100.399
20.645 100.399
20.646 -100.406
20.646 100.406
20.647 -100.413
20.647 100.413
20.648 -100.42
20.648 100.42
20.649 -100.427
20.649 100.427
20.65 -100.434
20.65 100.434
20.651 -100.441
20.651 100.441
20.652 -100.447
20.652 100.447
20.653 -100.454
20.653 100.454
20.654 -100.461
20.654 100.461
20.655 -100.468
20.655 100.468
20.656 -100.475
20.656 100.475
20.657 -100.482
20.657 100.482
20.658 -100.489
20.658 100.489
20.659 -100.496
20.659 100.496
20.66 -100.503
20.66 100.503
20.661 -100.51
20.661 100.51
20.662 -100.517
20.662 100.517
20.663 -100.524
20.663 100.524
20.664 -100.531
20.664 100.531
20.665 -100.538
20.665 100.538
20.666 -100.545
20.666 100.545
20.667 -100.552
20.667 100.552
20.668 -100.559
20.668 100.559
20.669 -100.566
20.669 100.566
20.67 -100.573
20.67 100.573
20.671 -100.58
20.671 100.58
20.672 -100.587
20.672 100.587
20.673 -100.594
20.673 100.594
20.674 -100.601
20.674 100.601
20.675 -100.608
20.675 100.608
20.676 -100.615
20.676 100.615
20.677 -100.622
20.677 100.622
20.678 -100.629
20.678 100.629
20.679 -100.636
20.679 100.636
20.68 -100.643
20.68 100.643
20.681 -100.65
20.681 100.65
20.682 -100.657
20.682 100.657
20.683 -100.664
20.683 100.664
20.684 -100.671
20.684 100.671
20.685 -100.678
20.685 100.678
20.686 -100.685
20.686 100.685
20.687 -100.692
20.687 100.692
20.688 -100.699
20.688 100.699
20.689 -100.706
20.689 100.706
20.69 -100.713
20.69 100.713
20.691 -100.72
20.691 100.72
20.692 -100.727
20.692 100.727
20.693 -100.734
20.693 100.734
20.694 -100.741
20.694 100.741
20.695 -100.748
20.695 100.748
20.696 -100.755
20.696 100.755
20.697 -100.762
20.697 100.762
20.698 -100.769
20.698 100.769
20.699 -100.776
20.699 100.776
20.7 -100.783
20.7 100.783
20.701 -100.79
20.701 100.79
20.702 -100.797
20.702 100.797
20.703 -100.804
20.703 100.804
20.704 -100.811
20.704 100.811
20.705 -100.818
20.705 100.818
20.706 -100.825
20.706 100.825
20.707 -100.832
20.707 100.832
20.708 -100.839
20.708 100.839
20.709 -100.846
20.709 100.846
20.71 -100.853
20.71 100.853
20.711 -100.86
20.711 100.86
20.712 -100.867
20.712 100.867
20.713 -100.874
20.713 100.874
20.714 -100.881
20.714 100.881
20.715 -100.888
20.715 100.888
20.716 -100.895
20.716 100.895
20.717 -100.902
20.717 100.902
20.718 -100.909
20.718 100.909
20.719 -100.916
20.719 100.916
20.72 -100.923
20.72 100.923
20.721 -100.93
20.721 100.93
20.722 -100.937
20.722 100.937
20.723 -100.944
20.723 100.944
20.724 -100.951
20.724 100.951
20.725 -100.958
20.725 100.958
20.726 -100.965
20.726 100.965
20.727 -100.972
20.727 100.972
20.728 -100.979
20.728 100.979
20.729 -100.986
20.729 100.986
20.73 -100.993
20.73 100.993
20.731 -101
20.731 101
20.732 -101.007
20.732 101.007
20.733 -101.014
20.733 101.014
20.734 -101.021
20.734 101.021
20.735 -101.028
20.735 101.028
20.736 -101.035
20.736 101.035
20.737 -101.042
20.737 101.042
20.738 -101.049
20.738 101.049
20.739 -101.056
20.739 101.056
20.74 -101.063
20.74 101.063
20.741 -101.07
20.741 101.07
20.742 -101.077
20.742 101.077
20.743 -101.084
20.743 101.084
20.744 -101.091
20.744 101.091
20.745 -101.098
20.745 101.098
20.746 -101.105
20.746 101.105
20.747 -101.112
20.747 101.112
20.748 -101.119
20.748 101.119
20.749 -101.126
20.749 101.126
20.75 -101.133
20.75 101.133
20.751 -101.14
20.751 101.14
20.752 -101.147
20.752 101.147
20.753 -101.154
20.753 101.154
20.754 -101.161
20.754 101.161
20.755 -101.168
20.755 101.168
20.756 -101.175
20.756 101.175
20.757 -101.182
20.757 101.182
20.758 -101.189
20.758 101.189
20.759 -101.196
20.759 101.196
20.76 -101.203
20.76 101.203
20.761 -101.21
20.761 101.21
20.762 -101.217
20.762 101.217
20.763 -101.224
20.763 101.224
20.764 -101.231
20.764 101.231
20.765 -101.238
20.765 101.238
20.766 -101.245
20.766 101.245
20.767 -101.252
20.767 101.252
20.768 -101.259
20.768 101.259
20.769 -101.266
20.769 101.266
20.77 -101.273
20.77 101.273
20.771 -101.28
20.771 101.28
20.772 -101.287
20.772 101.287
20.773 -101.294
20.773 101.294
20.774 -101.301
20.774 101.301
20.775 -101.308
20.775 101.308
20.776 -101.315
20.776 101.315
20.777 -101.322
20.777 101.322
20.778 -101.329
20.778 101.329
20.779 -101.336
20.779 101.336
20.78 -101.343
20.78 101.343
20.781 -101.35
20.781 101.35
20.782 -101.357
20.782 101.357
20.783 -101.364
20.783 101.364
20.784 -101.371
20.784 101.371
20.785 -101.378
20.785 101.378
20.786 -101.385
20.786 101.385
20.787 -101.392
20.787 101.392
20.788 -101.399
20.788 101.399
20.789 -101.406
20.789 101.406
20.79 -101.413
20.79 101.413
20.791 -101.42
20.791 101.42
20.792 -101.427
20.792 101.427
20.793 -101.434
20.793 101.434
20.794 -101.441
20.794 101.441
20.795 -101.448
20.795 101.448
20.796 -101.455
20.796 101.455
20.797 -101.462
20.797 101.462
20.798 -101.469
20.798 101.469
20.799 -101.476
20.799 101.476
20.8 -101.483
20.8 101.483
20.801 -101.49
20.801 101.49
20.802 -101.497
20.802 101.497
20.803 -101.504
20.803 101.504
20.804 -101.511
20.804 101.511
20.805 -101.518
20.805 101.518
20.806 -101.525
20.806 101.525
20.807 -101.532
20.807 101.532
20.808 -101.539
20.808 101.539
20.809 -101.546
20.809 101.546
20.81 -101.553
20.81 101.553
20.811 -101.56
20.811 101.56
20.812 -101.567
20.812 101.567
20.813 -101.574
20.813 101.574
20.814 -101.581
20.814 101.581
20.815 -101.588
20.815 101.588
20.816 -101.595
20.816 101.595
20.817 -101.602
20.817 101.602
20.818 -101.609
20.818 101.609
20.819 -101.616
20.819 101.616
20.82 -101.623
20.82 101.623
20.821 -101.63
20.821 101.63
20.822 -101.637
20.822 101.637
20.823 -101.644
20.823 101.644
20.824 -101.651
20.824 101.651
20.825 -101.658
20.825 101.658
20.826 -101.665
20.826 101.665
20.827 -101.672
20.827 101.672
20.828 -101.679
20.828 101.679
20.829 -101.687
20.829 101.687
20.83 -101.694
20.83 101.694
20.831 -101.701
20.831 101.701
20.832 -101.708
20.832 101.708
20.833 -101.715
20.833 101.715
20.834 -101.722
20.834 101.722
20.835 -101.729
20.835 101.729
20.836 -101.736
20.836 101.736
20.837 -101.743
20.837 101.743
20.838 -101.75
20.838 101.75
20.839 -101.757
20.839 101.757
20.84 -101.764
20.84 101.764
20.841 -101.771
20.841 101.771
20.842 -101.778
20.842 101.778
20.843 -101.785
20.843 101.785
20.844 -101.792
20.844 101.792
20.845 -101.799
20.845 101.799
20.846 -101.806
20.846 101.806
20.847 -101.813
20.847 101.813
20.848 -101.82
20.848 101.82
20.849 -101.827
20.849 101.827
20.85 -101.834
20.85 101.834
20.851 -101.841
20.851 101.841
20.852 -101.848
20.852 101.848
20.853 -101.855
20.853 101.855
20.854 -101.862
20.854 101.862
20.855 -101.869
20.855 101.869
20.856 -101.876
20.856 101.876
20.857 -101.883
20.857 101.883
20.858 -101.89
20.858 101.89
20.859 -101.897
20.859 101.897
20.86 -101.904
20.86 101.904
20.861 -101.911
20.861 101.911
20.862 -101.918
20.862 101.918
20.863 -101.925
20.863 101.925
20.864 -101.932
20.864 101.932
20.865 -101.939
20.865 101.939
20.866 -101.946
20.866 101.946
20.867 -101.953
20.867 101.953
20.868 -101.96
20.868 101.96
20.869 -101.967
20.869 101.967
20.87 -101.974
20.87 101.974
20.871 -101.981
20.871 101.981
20.872 -101.988
20.872 101.988
20.873 -101.995
20.873 101.995
20.874 -102.002
20.874 102.002
20.875 -102.009
20.875 102.009
20.876 -102.016
20.876 102.016
20.877 -102.023
20.877 102.023
20.878 -102.03
20.878 102.03
20.879 -102.037
20.879 102.037
20.88 -102.044
20.88 102.044
20.881 -102.051
20.881 102.051
20.882 -102.058
20.882 102.058
20.883 -102.066
20.883 102.066
20.884 -102.073
20.884 102.073
20.885 -102.08
20.885 102.08
20.886 -102.087
20.886 102.087
20.887 -102.094
20.887 102.094
20.888 -102.101
20.888 102.101
20.889 -102.108
20.889 102.108
20.89 -102.115
20.89 102.115
20.891 -102.122
20.891 102.122
20.892 -102.129
20.892 102.129
20.893 -102.136
20.893 102.136
20.894 -102.143
20.894 102.143
20.895 -102.15
20.895 102.15
20.896 -102.157
20.896 102.157
20.897 -102.164
20.897 102.164
20.898 -102.171
20.898 102.171
20.899 -102.178
20.899 102.178
20.9 -102.185
20.9 102.185
20.901 -102.192
20.901 102.192
20.902 -102.199
20.902 102.199
20.903 -102.206
20.903 102.206
20.904 -102.213
20.904 102.213
20.905 -102.22
20.905 102.22
20.906 -102.227
20.906 102.227
20.907 -102.234
20.907 102.234
20.908 -102.241
20.908 102.241
20.909 -102.248
20.909 102.248
20.91 -102.255
20.91 102.255
20.911 -102.262
20.911 102.262
20.912 -102.269
20.912 102.269
20.913 -102.276
20.913 102.276
20.914 -102.283
20.914 102.283
20.915 -102.29
20.915 102.29
20.916 -102.297
20.916 102.297
20.917 -102.304
20.917 102.304
20.918 -102.311
20.918 102.311
20.919 -102.318
20.919 102.318
20.92 -102.325
20.92 102.325
20.921 -102.332
20.921 102.332
20.922 -102.34
20.922 102.34
20.923 -102.347
20.923 102.347
20.924 -102.354
20.924 102.354
20.925 -102.361
20.925 102.361
20.926 -102.368
20.926 102.368
20.927 -102.375
20.927 102.375
20.928 -102.382
20.928 102.382
20.929 -102.389
20.929 102.389
20.93 -102.396
20.93 102.396
20.931 -102.403
20.931 102.403
20.932 -102.41
20.932 102.41
20.933 -102.417
20.933 102.417
20.934 -102.424
20.934 102.424
20.935 -102.431
20.935 102.431
20.936 -102.438
20.936 102.438
20.937 -102.445
20.937 102.445
20.938 -102.452
20.938 102.452
20.939 -102.459
20.939 102.459
20.94 -102.466
20.94 102.466
20.941 -102.473
20.941 102.473
20.942 -102.48
20.942 102.48
20.943 -102.487
20.943 102.487
20.944 -102.494
20.944 102.494
20.945 -102.501
20.945 102.501
20.946 -102.508
20.946 102.508
20.947 -102.515
20.947 102.515
20.948 -102.522
20.948 102.522
20.949 -102.529
20.949 102.529
20.95 -102.536
20.95 102.536
20.951 -102.543
20.951 102.543
20.952 -102.55
20.952 102.55
20.953 -102.558
20.953 102.558
20.954 -102.565
20.954 102.565
20.955 -102.572
20.955 102.572
20.956 -102.579
20.956 102.579
20.957 -102.586
20.957 102.586
20.958 -102.593
20.958 102.593
20.959 -102.6
20.959 102.6
20.96 -102.607
20.96 102.607
20.961 -102.614
20.961 102.614
20.962 -102.621
20.962 102.621
20.963 -102.628
20.963 102.628
20.964 -102.635
20.964 102.635
20.965 -102.642
20.965 102.642
20.966 -102.649
20.966 102.649
20.967 -102.656
20.967 102.656
20.968 -102.663
20.968 102.663
20.969 -102.67
20.969 102.67
20.97 -102.677
20.97 102.677
20.971 -102.684
20.971 102.684
20.972 -102.691
20.972 102.691
20.973 -102.698
20.973 102.698
20.974 -102.705
20.974 102.705
20.975 -102.712
20.975 102.712
20.976 -102.719
20.976 102.719
20.977 -102.726
20.977 102.726
20.978 -102.733
20.978 102.733
20.979 -102.74
20.979 102.74
20.98 -102.747
20.98 102.747
20.981 -102.755
20.981 102.755
20.982 -102.762
20.982 102.762
20.983 -102.769
20.983 102.769
20.984 -102.776
20.984 102.776
20.985 -102.783
20.985 102.783
20.986 -102.79
20.986 102.79
20.987 -102.797
20.987 102.797
20.988 -102.804
20.988 102.804
20.989 -102.811
20.989 102.811
20.99 -102.818
20.99 102.818
20.991 -102.825
20.991 102.825
20.992 -102.832
20.992 102.832
20.993 -102.839
20.993 102.839
20.994 -102.846
20.994 102.846
20.995 -102.853
20.995 102.853
20.996 -102.86
20.996 102.86
20.997 -102.867
20.997 102.867
20.998 -102.874
20.998 102.874
20.999 -102.881
20.999 102.881
21 -102.888
21 102.888
21.001 -102.895
21.001 102.895
21.002 -102.902
21.002 102.902
21.003 -102.909
21.003 102.909
21.004 -102.916
21.004 102.916
21.005 -102.923
21.005 102.923
21.006 -102.931
21.006 102.931
21.007 -102.938
21.007 102.938
21.008 -102.945
21.008 102.945
21.009 -102.952
21.009 102.952
21.01 -102.959
21.01 102.959
21.011 -102.966
21.011 102.966
21.012 -102.973
21.012 102.973
21.013 -102.98
21.013 102.98
21.014 -102.987
21.014 102.987
21.015 -102.994
21.015 102.994
21.016 -103.001
21.016 103.001
21.017 -103.008
21.017 103.008
21.018 -103.015
21.018 103.015
21.019 -103.022
21.019 103.022
21.02 -103.029
21.02 103.029
21.021 -103.036
21.021 103.036
21.022 -103.043
21.022 103.043
21.023 -103.05
21.023 103.05
21.024 -103.057
21.024 103.057
21.025 -103.064
21.025 103.064
21.026 -103.071
21.026 103.071
21.027 -103.078
21.027 103.078
21.028 -103.086
21.028 103.086
21.029 -103.093
21.029 103.093
21.03 -103.1
21.03 103.1
21.031 -103.107
21.031 103.107
21.032 -103.114
21.032 103.114
21.033 -103.121
21.033 103.121
21.034 -103.128
21.034 103.128
21.035 -103.135
21.035 103.135
21.036 -103.142
21.036 103.142
21.037 -103.149
21.037 103.149
21.038 -103.156
21.038 103.156
21.039 -103.163
21.039 103.163
21.04 -103.17
21.04 103.17
21.041 -103.177
21.041 103.177
21.042 -103.184
21.042 103.184
21.043 -103.191
21.043 103.191
21.044 -103.198
21.044 103.198
21.045 -103.205
21.045 103.205
21.046 -103.212
21.046 103.212
21.047 -103.219
21.047 103.219
21.048 -103.226
21.048 103.226
21.049 -103.234
21.049 103.234
21.05 -103.241
21.05 103.241
21.051 -103.248
21.051 103.248
21.052 -103.255
21.052 103.255
21.053 -103.262
21.053 103.262
21.054 -103.269
21.054 103.269
21.055 -103.276
21.055 103.276
21.056 -103.283
21.056 103.283
21.057 -103.29
21.057 103.29
21.058 -103.297
21.058 103.297
21.059 -103.304
21.059 103.304
21.06 -103.311
21.06 103.311
21.061 -103.318
21.061 103.318
21.062 -103.325
21.062 103.325
21.063 -103.332
21.063 103.332
21.064 -103.339
21.064 103.339
21.065 -103.346
21.065 103.346
21.066 -103.353
21.066 103.353
21.067 -103.36
21.067 103.36
21.068 -103.367
21.068 103.367
21.069 -103.375
21.069 103.375
21.07 -103.382
21.07 103.382
21.071 -103.389
21.071 103.389
21.072 -103.396
21.072 103.396
21.073 -103.403
21.073 103.403
21.074 -103.41
21.074 103.41
21.075 -103.417
21.075 103.417
21.076 -103.424
21.076 103.424
21.077 -103.431
21.077 103.431
21.078 -103.438
21.078 103.438
21.079 -103.445
21.079 103.445
21.08 -103.452
21.08 103.452
21.081 -103.459
21.081 103.459
21.082 -103.466
21.082 103.466
21.083 -103.473
21.083 103.473
21.084 -103.48
21.084 103.48
21.085 -103.487
21.085 103.487
21.086 -103.494
21.086 103.494
21.087 -103.502
21.087 103.502
21.088 -103.509
21.088 103.509
21.089 -103.516
21.089 103.516
21.09 -103.523
21.09 103.523
21.091 -103.53
21.091 103.53
21.092 -103.537
21.092 103.537
21.093 -103.544
21.093 103.544
21.094 -103.551
21.094 103.551
21.095 -103.558
21.095 103.558
21.096 -103.565
21.096 103.565
21.097 -103.572
21.097 103.572
21.098 -103.579
21.098 103.579
21.099 -103.586
21.099 103.586
21.1 -103.593
21.1 103.593
21.101 -103.6
21.101 103.6
21.102 -103.607
21.102 103.607
21.103 -103.614
21.103 103.614
21.104 -103.621
21.104 103.621
21.105 -103.629
21.105 103.629
21.106 -103.636
21.106 103.636
21.107 -103.643
21.107 103.643
21.108 -103.65
21.108 103.65
21.109 -103.657
21.109 103.657
21.11 -103.664
21.11 103.664
21.111 -103.671
21.111 103.671
21.112 -103.678
21.112 103.678
21.113 -103.685
21.113 103.685
21.114 -103.692
21.114 103.692
21.115 -103.699
21.115 103.699
21.116 -103.706
21.116 103.706
21.117 -103.713
21.117 103.713
21.118 -103.72
21.118 103.72
21.119 -103.727
21.119 103.727
21.12 -103.734
21.12 103.734
21.121 -103.741
21.121 103.741
21.122 -103.749
21.122 103.749
21.123 -103.756
21.123 103.756
21.124 -103.763
21.124 103.763
21.125 -103.77
21.125 103.77
21.126 -103.777
21.126 103.777
21.127 -103.784
21.127 103.784
21.128 -103.791
21.128 103.791
21.129 -103.798
21.129 103.798
21.13 -103.805
21.13 103.805
21.131 -103.812
21.131 103.812
21.132 -103.819
21.132 103.819
21.133 -103.826
21.133 103.826
21.134 -103.833
21.134 103.833
21.135 -103.84
21.135 103.84
21.136 -103.847
21.136 103.847
21.137 -103.854
21.137 103.854
21.138 -103.862
21.138 103.862
21.139 -103.869
21.139 103.869
21.14 -103.876
21.14 103.876
21.141 -103.883
21.141 103.883
21.142 -103.89
21.142 103.89
21.143 -103.897
21.143 103.897
21.144 -103.904
21.144 103.904
21.145 -103.911
21.145 103.911
21.146 -103.918
21.146 103.918
21.147 -103.925
21.147 103.925
21.148 -103.932
21.148 103.932
21.149 -103.939
21.149 103.939
21.15 -103.946
21.15 103.946
21.151 -103.953
21.151 103.953
21.152 -103.96
21.152 103.96
21.153 -103.968
21.153 103.968
21.154 -103.975
21.154 103.975
21.155 -103.982
21.155 103.982
21.156 -103.989
21.156 103.989
21.157 -103.996
21.157 103.996
21.158 -104.003
21.158 104.003
21.159 -104.01
21.159 104.01
21.16 -104.017
21.16 104.017
21.161 -104.024
21.161 104.024
21.162 -104.031
21.162 104.031
21.163 -104.038
21.163 104.038
21.164 -104.045
21.164 104.045
21.165 -104.052
21.165 104.052
21.166 -104.059
21.166 104.059
21.167 -104.066
21.167 104.066
21.168 -104.074
21.168 104.074
21.169 -104.081
21.169 104.081
21.17 -104.088
21.17 104.088
21.171 -104.095
21.171 104.095
21.172 -104.102
21.172 104.102
21.173 -104.109
21.173 104.109
21.174 -104.116
21.174 104.116
21.175 -104.123
21.175 104.123
21.176 -104.13
21.176 104.13
21.177 -104.137
21.177 104.137
21.178 -104.144
21.178 104.144
21.179 -104.151
21.179 104.151
21.18 -104.158
21.18 104.158
21.181 -104.165
21.181 104.165
21.182 -104.173
21.182 104.173
21.183 -104.18
21.183 104.18
21.184 -104.187
21.184 104.187
21.185 -104.194
21.185 104.194
21.186 -104.201
21.186 104.201
21.187 -104.208
21.187 104.208
21.188 -104.215
21.188 104.215
21.189 -104.222
21.189 104.222
21.19 -104.229
21.19 104.229
21.191 -104.236
21.191 104.236
21.192 -104.243
21.192 104.243
21.193 -104.25
21.193 104.25
21.194 -104.257
21.194 104.257
21.195 -104.264
21.195 104.264
21.196 -104.272
21.196 104.272
21.197 -104.279
21.197 104.279
21.198 -104.286
21.198 104.286
21.199 -104.293
21.199 104.293
21.2 -104.3
21.2 104.3
21.201 -104.307
21.201 104.307
21.202 -104.314
21.202 104.314
21.203 -104.321
21.203 104.321
21.204 -104.328
21.204 104.328
21.205 -104.335
21.205 104.335
21.206 -104.342
21.206 104.342
21.207 -104.349
21.207 104.349
21.208 -104.356
21.208 104.356
21.209 -104.363
21.209 104.363
21.21 -104.371
21.21 104.371
21.211 -104.378
21.211 104.378
21.212 -104.385
21.212 104.385
21.213 -104.392
21.213 104.392
21.214 -104.399
21.214 104.399
21.215 -104.406
21.215 104.406
21.216 -104.413
21.216 104.413
21.217 -104.42
21.217 104.42
21.218 -104.427
21.218 104.427
21.219 -104.434
21.219 104.434
21.22 -104.441
21.22 104.441
21.221 -104.448
21.221 104.448
21.222 -104.455
21.222 104.455
21.223 -104.463
21.223 104.463
21.224 -104.47
21.224 104.47
21.225 -104.477
21.225 104.477
21.226 -104.484
21.226 104.484
21.227 -104.491
21.227 104.491
21.228 -104.498
21.228 104.498
21.229 -104.505
21.229 104.505
21.23 -104.512
21.23 104.512
21.231 -104.519
21.231 104.519
21.232 -104.526
21.232 104.526
21.233 -104.533
21.233 104.533
21.234 -104.54
21.234 104.54
21.235 -104.547
21.235 104.547
21.236 -104.555
21.236 104.555
21.237 -104.562
21.237 104.562
21.238 -104.569
21.238 104.569
21.239 -104.576
21.239 104.576
21.24 -104.583
21.24 104.583
21.241 -104.59
21.241 104.59
21.242 -104.597
21.242 104.597
21.243 -104.604
21.243 104.604
21.244 -104.611
21.244 104.611
21.245 -104.618
21.245 104.618
21.246 -104.625
21.246 104.625
21.247 -104.632
21.247 104.632
21.248 -104.64
21.248 104.64
21.249 -104.647
21.249 104.647
21.25 -104.654
21.25 104.654
21.251 -104.661
21.251 104.661
21.252 -104.668
21.252 104.668
21.253 -104.675
21.253 104.675
21.254 -104.682
21.254 104.682
21.255 -104.689
21.255 104.689
21.256 -104.696
21.256 104.696
21.257 -104.703
21.257 104.703
21.258 -104.71
21.258 104.71
21.259 -104.717
21.259 104.717
21.26 -104.724
21.26 104.724
21.261 -104.732
21.261 104.732
21.262 -104.739
21.262 104.739
21.263 -104.746
21.263 104.746
21.264 -104.753
21.264 104.753
21.265 -104.76
21.265 104.76
21.266 -104.767
21.266 104.767
21.267 -104.774
21.267 104.774
21.268 -104.781
21.268 104.781
21.269 -104.788
21.269 104.788
21.27 -104.795
21.27 104.795
21.271 -104.802
21.271 104.802
21.272 -104.809
21.272 104.809
21.273 -104.817
21.273 104.817
21.274 -104.824
21.274 104.824
21.275 -104.831
21.275 104.831
21.276 -104.838
21.276 104.838
21.277 -104.845
21.277 104.845
21.278 -104.852
21.278 104.852
21.279 -104.859
21.279 104.859
21.28 -104.866
21.28 104.866
21.281 -104.873
21.281 104.873
21.282 -104.88
21.282 104.88
21.283 -104.887
21.283 104.887
21.284 -104.895
21.284 104.895
21.285 -104.902
21.285 104.902
21.286 -104.909
21.286 104.909
21.287 -104.916
21.287 104.916
21.288 -104.923
21.288 104.923
21.289 -104.93
21.289 104.93
21.29 -104.937
21.29 104.937
21.291 -104.944
21.291 104.944
21.292 -104.951
21.292 104.951
21.293 -104.958
21.293 104.958
21.294 -104.965
21.294 104.965
21.295 -104.972
21.295 104.972
21.296 -104.98
21.296 104.98
21.297 -104.987
21.297 104.987
21.298 -104.994
21.298 104.994
21.299 -105.001
21.299 105.001
21.3 -105.008
21.3 105.008
21.301 -105.015
21.301 105.015
21.302 -105.022
21.302 105.022
21.303 -105.029
21.303 105.029
21.304 -105.036
21.304 105.036
21.305 -105.043
21.305 105.043
21.306 -105.05
21.306 105.05
21.307 -105.058
21.307 105.058
21.308 -105.065
21.308 105.065
21.309 -105.072
21.309 105.072
21.31 -105.079
21.31 105.079
21.311 -105.086
21.311 105.086
21.312 -105.093
21.312 105.093
21.313 -105.1
21.313 105.1
21.314 -105.107
21.314 105.107
21.315 -105.114
21.315 105.114
21.316 -105.121
21.316 105.121
21.317 -105.128
21.317 105.128
21.318 -105.136
21.318 105.136
21.319 -105.143
21.319 105.143
21.32 -105.15
21.32 105.15
21.321 -105.157
21.321 105.157
21.322 -105.164
21.322 105.164
21.323 -105.171
21.323 105.171
21.324 -105.178
21.324 105.178
21.325 -105.185
21.325 105.185
21.326 -105.192
21.326 105.192
21.327 -105.199
21.327 105.199
21.328 -105.207
21.328 105.207
21.329 -105.214
21.329 105.214
21.33 -105.221
21.33 105.221
21.331 -105.228
21.331 105.228
21.332 -105.235
21.332 105.235
21.333 -105.242
21.333 105.242
21.334 -105.249
21.334 105.249
21.335 -105.256
21.335 105.256
21.336 -105.263
21.336 105.263
21.337 -105.27
21.337 105.27
21.338 -105.277
21.338 105.277
21.339 -105.285
21.339 105.285
21.34 -105.292
21.34 105.292
21.341 -105.299
21.341 105.299
21.342 -105.306
21.342 105.306
21.343 -105.313
21.343 105.313
21.344 -105.32
21.344 105.32
21.345 -105.327
21.345 105.327
21.346 -105.334
21.346 105.334
21.347 -105.341
21.347 105.341
21.348 -105.348
21.348 105.348
21.349 -105.356
21.349 105.356
21.35 -105.363
21.35 105.363
21.351 -105.37
21.351 105.37
21.352 -105.377
21.352 105.377
21.353 -105.384
21.353 105.384
21.354 -105.391
21.354 105.391
21.355 -105.398
21.355 105.398
21.356 -105.405
21.356 105.405
21.357 -105.412
21.357 105.412
21.358 -105.419
21.358 105.419
21.359 -105.426
21.359 105.426
21.36 -105.434
21.36 105.434
21.361 -105.441
21.361 105.441
21.362 -105.448
21.362 105.448
21.363 -105.455
21.363 105.455
21.364 -105.462
21.364 105.462
21.365 -105.469
21.365 105.469
21.366 -105.476
21.366 105.476
21.367 -105.483
21.367 105.483
21.368 -105.49
21.368 105.49
21.369 -105.497
21.369 105.497
21.37 -105.505
21.37 105.505
21.371 -105.512
21.371 105.512
21.372 -105.519
21.372 105.519
21.373 -105.526
21.373 105.526
21.374 -105.533
21.374 105.533
21.375 -105.54
21.375 105.54
21.376 -105.547
21.376 105.547
21.377 -105.554
21.377 105.554
21.378 -105.561
21.378 105.561
21.379 -105.568
21.379 105.568
21.38 -105.576
21.38 105.576
21.381 -105.583
21.381 105.583
21.382 -105.59
21.382 105.59
21.383 -105.597
21.383 105.597
21.384 -105.604
21.384 105.604
21.385 -105.611
21.385 105.611
21.386 -105.618
21.386 105.618
21.387 -105.625
21.387 105.625
21.388 -105.632
21.388 105.632
21.389 -105.64
21.389 105.64
21.39 -105.647
21.39 105.647
21.391 -105.654
21.391 105.654
21.392 -105.661
21.392 105.661
21.393 -105.668
21.393 105.668
21.394 -105.675
21.394 105.675
21.395 -105.682
21.395 105.682
21.396 -105.689
21.396 105.689
21.397 -105.696
21.397 105.696
21.398 -105.703
21.398 105.703
21.399 -105.711
21.399 105.711
21.4 -105.718
21.4 105.718
21.401 -105.725
21.401 105.725
21.402 -105.732
21.402 105.732
21.403 -105.739
21.403 105.739
21.404 -105.746
21.404 105.746
21.405 -105.753
21.405 105.753
21.406 -105.76
21.406 105.76
21.407 -105.767
21.407 105.767
21.408 -105.775
21.408 105.775
21.409 -105.782
21.409 105.782
21.41 -105.789
21.41 105.789
21.411 -105.796
21.411 105.796
21.412 -105.803
21.412 105.803
21.413 -105.81
21.413 105.81
21.414 -105.817
21.414 105.817
21.415 -105.824
21.415 105.824
21.416 -105.831
21.416 105.831
21.417 -105.838
21.417 105.838
21.418 -105.846
21.418 105.846
21.419 -105.853
21.419 105.853
21.42 -105.86
21.42 105.86
21.421 -105.867
21.421 105.867
21.422 -105.874
21.422 105.874
21.423 -105.881
21.423 105.881
21.424 -105.888
21.424 105.888
21.425 -105.895
21.425 105.895
21.426 -105.902
21.426 105.902
21.427 -105.91
21.427 105.91
21.428 -105.917
21.428 105.917
21.429 -105.924
21.429 105.924
21.43 -105.931
21.43 105.931
21.431 -105.938
21.431 105.938
21.432 -105.945
21.432 105.945
21.433 -105.952
21.433 105.952
21.434 -105.959
21.434 105.959
21.435 -105.966
21.435 105.966
21.436 -105.974
21.436 105.974
21.437 -105.981
21.437 105.981
21.438 -105.988
21.438 105.988
21.439 -105.995
21.439 105.995
21.44 -106.002
21.44 106.002
21.441 -106.009
21.441 106.009
21.442 -106.016
21.442 106.016
21.443 -106.023
21.443 106.023
21.444 -106.03
21.444 106.03
21.445 -106.038
21.445 106.038
21.446 -106.045
21.446 106.045
21.447 -106.052
21.447 106.052
21.448 -106.059
21.448 106.059
21.449 -106.066
21.449 106.066
21.45 -106.073
21.45 106.073
21.451 -106.08
21.451 106.08
21.452 -106.087
21.452 106.087
21.453 -106.094
21.453 106.094
21.454 -106.102
21.454 106.102
21.455 -106.109
21.455 106.109
21.456 -106.116
21.456 106.116
21.457 -106.123
21.457 106.123
21.458 -106.13
21.458 106.13
21.459 -106.137
21.459 106.137
21.46 -106.144
21.46 106.144
21.461 -106.151
21.461 106.151
21.462 -106.158
21.462 106.158
21.463 -106.166
21.463 106.166
21.464 -106.173
21.464 106.173
21.465 -106.18
21.465 106.18
21.466 -106.187
21.466 106.187
21.467 -106.194
21.467 106.194
21.468 -106.201
21.468 106.201
21.469 -106.208
21.469 106.208
21.47 -106.215
21.47 106.215
21.471 -106.223
21.471 106.223
21.472 -106.23
21.472 106.23
21.473 -106.237
21.473 106.237
21.474 -106.244
21.474 106.244
21.475 -106.251
21.475 106.251
21.476 -106.258
21.476 106.258
21.477 -106.265
21.477 106.265
21.478 -106.272
21.478 106.272
21.479 -106.279
21.479 106.279
21.48 -106.287
21.48 106.287
21.481 -106.294
21.481 106.294
21.482 -106.301
21.482 106.301
21.483 -106.308
21.483 106.308
21.484 -106.315
21.484 106.315
21.485 -106.322
21.485 106.322
21.486 -106.329
21.486 106.329
21.487 -106.336
21.487 106.336
21.488 -106.344
21.488 106.344
21.489 -106.351
21.489 106.351
21.49 -106.358
21.49 106.358
21.491 -106.365
21.491 106.365
21.492 -106.372
21.492 106.372
21.493 -106.379
21.493 106.379
21.494 -106.386
21.494 106.386
21.495 -106.393
21.495 106.393
21.496 -106.4
21.496 106.4
21.497 -106.408
21.497 106.408
21.498 -106.415
21.498 106.415
21.499 -106.422
21.499 106.422
21.5 -106.429
21.5 106.429
21.501 -106.436
21.501 106.436
21.502 -106.443
21.502 106.443
21.503 -106.45
21.503 106.45
21.504 -106.457
21.504 106.457
21.505 -106.465
21.505 106.465
21.506 -106.472
21.506 106.472
21.507 -106.479
21.507 106.479
21.508 -106.486
21.508 106.486
21.509 -106.493
21.509 106.493
21.51 -106.5
21.51 106.5
21.511 -106.507
21.511 106.507
21.512 -106.514
21.512 106.514
21.513 -106.522
21.513 106.522
21.514 -106.529
21.514 106.529
21.515 -106.536
21.515 106.536
21.516 -106.543
21.516 106.543
21.517 -106.55
21.517 106.55
21.518 -106.557
21.518 106.557
21.519 -106.564
21.519 106.564
21.52 -106.571
21.52 106.571
21.521 -106.579
21.521 106.579
21.522 -106.586
21.522 106.586
21.523 -106.593
21.523 106.593
21.524 -106.6
21.524 106.6
21.525 -106.607
21.525 106.607
21.526 -106.614
21.526 106.614
21.527 -106.621
21.527 106.621
21.528 -106.628
21.528 106.628
21.529 -106.636
21.529 106.636
21.53 -106.643
21.53 106.643
21.531 -106.65
21.531 106.65
21.532 -106.657
21.532 106.657
21.533 -106.664
21.533 106.664
21.534 -106.671
21.534 106.671
21.535 -106.678
21.535 106.678
21.536 -106.685
21.536 106.685
21.537 -106.693
21.537 106.693
21.538 -106.7
21.538 106.7
21.539 -106.707
21.539 106.707
21.54 -106.714
21.54 106.714
21.541 -106.721
21.541 106.721
21.542 -106.728
21.542 106.728
21.543 -106.735
21.543 106.735
21.544 -106.742
21.544 106.742
21.545 -106.75
21.545 106.75
21.546 -106.757
21.546 106.757
21.547 -106.764
21.547 106.764
21.548 -106.771
21.548 106.771
21.549 -106.778
21.549 106.778
21.55 -106.785
21.55 106.785
21.551 -106.792
21.551 106.792
21.552 -106.799
21.552 106.799
21.553 -106.807
21.553 106.807
21.554 -106.814
21.554 106.814
21.555 -106.821
21.555 106.821
21.556 -106.828
21.556 106.828
21.557 -106.835
21.557 106.835
21.558 -106.842
21.558 106.842
21.559 -106.849
21.559 106.849
21.56 -106.857
21.56 106.857
21.561 -106.864
21.561 106.864
21.562 -106.871
21.562 106.871
21.563 -106.878
21.563 106.878
21.564 -106.885
21.564 106.885
21.565 -106.892
21.565 106.892
21.566 -106.899
21.566 106.899
21.567 -106.906
21.567 106.906
21.568 -106.914
21.568 106.914
21.569 -106.921
21.569 106.921
21.57 -106.928
21.57 106.928
21.571 -106.935
21.571 106.935
21.572 -106.942
21.572 106.942
21.573 -106.949
21.573 106.949
21.574 -106.956
21.574 106.956
21.575 -106.963
21.575 106.963
21.576 -106.971
21.576 106.971
21.577 -106.978
21.577 106.978
21.578 -106.985
21.578 106.985
21.579 -106.992
21.579 106.992
21.58 -106.999
21.58 106.999
21.581 -107.006
21.581 107.006
21.582 -107.013
21.582 107.013
21.583 -107.021
21.583 107.021
21.584 -107.028
21.584 107.028
21.585 -107.035
21.585 107.035
21.586 -107.042
21.586 107.042
21.587 -107.049
21.587 107.049
21.588 -107.056
21.588 107.056
21.589 -107.063
21.589 107.063
21.59 -107.07
21.59 107.07
21.591 -107.078
21.591 107.078
21.592 -107.085
21.592 107.085
21.593 -107.092
21.593 107.092
21.594 -107.099
21.594 107.099
21.595 -107.106
21.595 107.106
21.596 -107.113
21.596 107.113
21.597 -107.12
21.597 107.12
21.598 -107.128
21.598 107.128
21.599 -107.135
21.599 107.135
21.6 -107.142
21.6 107.142
21.601 -107.149
21.601 107.149
21.602 -107.156
21.602 107.156
21.603 -107.163
21.603 107.163
21.604 -107.17
21.604 107.17
21.605 -107.178
21.605 107.178
21.606 -107.185
21.606 107.185
21.607 -107.192
21.607 107.192
21.608 -107.199
21.608 107.199
21.609 -107.206
21.609 107.206
21.61 -107.213
21.61 107.213
21.611 -107.22
21.611 107.22
21.612 -107.228
21.612 107.228
21.613 -107.235
21.613 107.235
21.614 -107.242
21.614 107.242
21.615 -107.249
21.615 107.249
21.616 -107.256
21.616 107.256
21.617 -107.263
21.617 107.263
21.618 -107.27
21.618 107.27
21.619 -107.277
21.619 107.277
21.62 -107.285
21.62 107.285
21.621 -107.292
21.621 107.292
21.622 -107.299
21.622 107.299
21.623 -107.306
21.623 107.306
21.624 -107.313
21.624 107.313
21.625 -107.32
21.625 107.32
21.626 -107.327
21.626 107.327
21.627 -107.335
21.627 107.335
21.628 -107.342
21.628 107.342
21.629 -107.349
21.629 107.349
21.63 -107.356
21.63 107.356
21.631 -107.363
21.631 107.363
21.632 -107.37
21.632 107.37
21.633 -107.377
21.633 107.377
21.634 -107.385
21.634 107.385
21.635 -107.392
21.635 107.392
21.636 -107.399
21.636 107.399
21.637 -107.406
21.637 107.406
21.638 -107.413
21.638 107.413
21.639 -107.42
21.639 107.42
21.64 -107.427
21.64 107.427
21.641 -107.435
21.641 107.435
21.642 -107.442
21.642 107.442
21.643 -107.449
21.643 107.449
21.644 -107.456
21.644 107.456
21.645 -107.463
21.645 107.463
21.646 -107.47
21.646 107.47
21.647 -107.477
21.647 107.477
21.648 -107.485
21.648 107.485
21.649 -107.492
21.649 107.492
21.65 -107.499
21.65 107.499
21.651 -107.506
21.651 107.506
21.652 -107.513
21.652 107.513
21.653 -107.52
21.653 107.52
21.654 -107.527
21.654 107.527
21.655 -107.535
21.655 107.535
21.656 -107.542
21.656 107.542
21.657 -107.549
21.657 107.549
21.658 -107.556
21.658 107.556
21.659 -107.563
21.659 107.563
21.66 -107.57
21.66 107.57
21.661 -107.577
21.661 107.577
21.662 -107.585
21.662 107.585
21.663 -107.592
21.663 107.592
21.664 -107.599
21.664 107.599
21.665 -107.606
21.665 107.606
21.666 -107.613
21.666 107.613
21.667 -107.62
21.667 107.62
21.668 -107.628
21.668 107.628
21.669 -107.635
21.669 107.635
21.67 -107.642
21.67 107.642
21.671 -107.649
21.671 107.649
21.672 -107.656
21.672 107.656
21.673 -107.663
21.673 107.663
21.674 -107.67
21.674 107.67
21.675 -107.678
21.675 107.678
21.676 -107.685
21.676 107.685
21.677 -107.692
21.677 107.692
21.678 -107.699
21.678 107.699
21.679 -107.706
21.679 107.706
21.68 -107.713
21.68 107.713
21.681 -107.72
21.681 107.72
21.682 -107.728
21.682 107.728
21.683 -107.735
21.683 107.735
21.684 -107.742
21.684 107.742
21.685 -107.749
21.685 107.749
21.686 -107.756
21.686 107.756
21.687 -107.763
21.687 107.763
21.688 -107.77
21.688 107.77
21.689 -107.778
21.689 107.778
21.69 -107.785
21.69 107.785
21.691 -107.792
21.691 107.792
21.692 -107.799
21.692 107.799
21.693 -107.806
21.693 107.806
21.694 -107.813
21.694 107.813
21.695 -107.821
21.695 107.821
21.696 -107.828
21.696 107.828
21.697 -107.835
21.697 107.835
21.698 -107.842
21.698 107.842
21.699 -107.849
21.699 107.849
21.7 -107.856
21.7 107.856
21.701 -107.863
21.701 107.863
21.702 -107.871
21.702 107.871
21.703 -107.878
21.703 107.878
21.704 -107.885
21.704 107.885
21.705 -107.892
21.705 107.892
21.706 -107.899
21.706 107.899
21.707 -107.906
21.707 107.906
21.708 -107.914
21.708 107.914
21.709 -107.921
21.709 107.921
21.71 -107.928
21.71 107.928
21.711 -107.935
21.711 107.935
21.712 -107.942
21.712 107.942
21.713 -107.949
21.713 107.949
21.714 -107.956
21.714 107.956
21.715 -107.964
21.715 107.964
21.716 -107.971
21.716 107.971
21.717 -107.978
21.717 107.978
21.718 -107.985
21.718 107.985
21.719 -107.992
21.719 107.992
21.72 -107.999
21.72 107.999
21.721 -108.007
21.721 108.007
21.722 -108.014
21.722 108.014
21.723 -108.021
21.723 108.021
21.724 -108.028
21.724 108.028
21.725 -108.035
21.725 108.035
21.726 -108.042
21.726 108.042
21.727 -108.049
21.727 108.049
21.728 -108.057
21.728 108.057
21.729 -108.064
21.729 108.064
21.73 -108.071
21.73 108.071
21.731 -108.078
21.731 108.078
21.732 -108.085
21.732 108.085
21.733 -108.092
21.733 108.092
21.734 -108.1
21.734 108.1
21.735 -108.107
21.735 108.107
21.736 -108.114
21.736 108.114
21.737 -108.121
21.737 108.121
21.738 -108.128
21.738 108.128
21.739 -108.135
21.739 108.135
21.74 -108.143
21.74 108.143
21.741 -108.15
21.741 108.15
21.742 -108.157
21.742 108.157
21.743 -108.164
21.743 108.164
21.744 -108.171
21.744 108.171
21.745 -108.178
21.745 108.178
21.746 -108.185
21.746 108.185
21.747 -108.193
21.747 108.193
21.748 -108.2
21.748 108.2
21.749 -108.207
21.749 108.207
21.75 -108.214
21.75 108.214
21.751 -108.221
21.751 108.221
21.752 -108.228
21.752 108.228
21.753 -108.236
21.753 108.236
21.754 -108.243
21.754 108.243
21.755 -108.25
21.755 108.25
21.756 -108.257
21.756 108.257
21.757 -108.264
21.757 108.264
21.758 -108.271
21.758 108.271
21.759 -108.279
21.759 108.279
21.76 -108.286
21.76 108.286
21.761 -108.293
21.761 108.293
21.762 -108.3
21.762 108.3
21.763 -108.307
21.763 108.307
21.764 -108.314
21.764 108.314
21.765 -108.322
21.765 108.322
21.766 -108.329
21.766 108.329
21.767 -108.336
21.767 108.336
21.768 -108.343
21.768 108.343
21.769 -108.35
21.769 108.35
21.77 -108.357
21.77 108.357
21.771 -108.365
21.771 108.365
21.772 -108.372
21.772 108.372
21.773 -108.379
21.773 108.379
21.774 -108.386
21.774 108.386
21.775 -108.393
21.775 108.393
21.776 -108.4
21.776 108.4
21.777 -108.408
21.777 108.408
21.778 -108.415
21.778 108.415
21.779 -108.422
21.779 108.422
21.78 -108.429
21.78 108.429
21.781 -108.436
21.781 108.436
21.782 -108.443
21.782 108.443
21.783 -108.45
21.783 108.45
21.784 -108.458
21.784 108.458
21.785 -108.465
21.785 108.465
21.786 -108.472
21.786 108.472
21.787 -108.479
21.787 108.479
21.788 -108.486
21.788 108.486
21.789 -108.493
21.789 108.493
21.79 -108.501
21.79 108.501
21.791 -108.508
21.791 108.508
21.792 -108.515
21.792 108.515
21.793 -108.522
21.793 108.522
21.794 -108.529
21.794 108.529
21.795 -108.536
21.795 108.536
21.796 -108.544
21.796 108.544
21.797 -108.551
21.797 108.551
21.798 -108.558
21.798 108.558
21.799 -108.565
21.799 108.565
21.8 -108.572
21.8 108.572
21.801 -108.58
21.801 108.58
21.802 -108.587
21.802 108.587
21.803 -108.594
21.803 108.594
21.804 -108.601
21.804 108.601
21.805 -108.608
21.805 108.608
21.806 -108.615
21.806 108.615
21.807 -108.623
21.807 108.623
21.808 -108.63
21.808 108.63
21.809 -108.637
21.809 108.637
21.81 -108.644
21.81 108.644
21.811 -108.651
21.811 108.651
21.812 -108.658
21.812 108.658
21.813 -108.666
21.813 108.666
21.814 -108.673
21.814 108.673
21.815 -108.68
21.815 108.68
21.816 -108.687
21.816 108.687
21.817 -108.694
21.817 108.694
21.818 -108.701
21.818 108.701
21.819 -108.709
21.819 108.709
21.82 -108.716
21.82 108.716
21.821 -108.723
21.821 108.723
21.822 -108.73
21.822 108.73
21.823 -108.737
21.823 108.737
21.824 -108.744
21.824 108.744
21.825 -108.752
21.825 108.752
21.826 -108.759
21.826 108.759
21.827 -108.766
21.827 108.766
21.828 -108.773
21.828 108.773
21.829 -108.78
21.829 108.78
21.83 -108.787
21.83 108.787
21.831 -108.795
21.831 108.795
21.832 -108.802
21.832 108.802
21.833 -108.809
21.833 108.809
21.834 -108.816
21.834 108.816
21.835 -108.823
21.835 108.823
21.836 -108.83
21.836 108.83
21.837 -108.838
21.837 108.838
21.838 -108.845
21.838 108.845
21.839 -108.852
21.839 108.852
21.84 -108.859
21.84 108.859
21.841 -108.866
21.841 108.866
21.842 -108.874
21.842 108.874
21.843 -108.881
21.843 108.881
21.844 -108.888
21.844 108.888
21.845 -108.895
21.845 108.895
21.846 -108.902
21.846 108.902
21.847 -108.909
21.847 108.909
21.848 -108.917
21.848 108.917
21.849 -108.924
21.849 108.924
21.85 -108.931
21.85 108.931
21.851 -108.938
21.851 108.938
21.852 -108.945
21.852 108.945
21.853 -108.952
21.853 108.952
21.854 -108.96
21.854 108.96
21.855 -108.967
21.855 108.967
21.856 -108.974
21.856 108.974
21.857 -108.981
21.857 108.981
21.858 -108.988
21.858 108.988
21.859 -108.996
21.859 108.996
21.86 -109.003
21.86 109.003
21.861 -109.01
21.861 109.01
21.862 -109.017
21.862 109.017
21.863 -109.024
21.863 109.024
21.864 -109.031
21.864 109.031
21.865 -109.039
21.865 109.039
21.866 -109.046
21.866 109.046
21.867 -109.053
21.867 109.053
21.868 -109.06
21.868 109.06
21.869 -109.067
21.869 109.067
21.87 -109.074
21.87 109.074
21.871 -109.082
21.871 109.082
21.872 -109.089
21.872 109.089
21.873 -109.096
21.873 109.096
21.874 -109.103
21.874 109.103
21.875 -109.11
21.875 109.11
21.876 -109.118
21.876 109.118
21.877 -109.125
21.877 109.125
21.878 -109.132
21.878 109.132
21.879 -109.139
21.879 109.139
21.88 -109.146
21.88 109.146
21.881 -109.153
21.881 109.153
21.882 -109.161
21.882 109.161
21.883 -109.168
21.883 109.168
21.884 -109.175
21.884 109.175
21.885 -109.182
21.885 109.182
21.886 -109.189
21.886 109.189
21.887 -109.197
21.887 109.197
21.888 -109.204
21.888 109.204
21.889 -109.211
21.889 109.211
21.89 -109.218
21.89 109.218
21.891 -109.225
21.891 109.225
21.892 -109.232
21.892 109.232
21.893 -109.24
21.893 109.24
21.894 -109.247
21.894 109.247
21.895 -109.254
21.895 109.254
21.896 -109.261
21.896 109.261
21.897 -109.268
21.897 109.268
21.898 -109.276
21.898 109.276
21.899 -109.283
21.899 109.283
21.9 -109.29
21.9 109.29
21.901 -109.297
21.901 109.297
21.902 -109.304
21.902 109.304
21.903 -109.311
21.903 109.311
21.904 -109.319
21.904 109.319
21.905 -109.326
21.905 109.326
21.906 -109.333
21.906 109.333
21.907 -109.34
21.907 109.34
21.908 -109.347
21.908 109.347
21.909 -109.355
21.909 109.355
21.91 -109.362
21.91 109.362
21.911 -109.369
21.911 109.369
21.912 -109.376
21.912 109.376
21.913 -109.383
21.913 109.383
21.914 -109.391
21.914 109.391
21.915 -109.398
21.915 109.398
21.916 -109.405
21.916 109.405
21.917 -109.412
21.917 109.412
21.918 -109.419
21.918 109.419
21.919 -109.426
21.919 109.426
21.92 -109.434
21.92 109.434
21.921 -109.441
21.921 109.441
21.922 -109.448
21.922 109.448
21.923 -109.455
21.923 109.455
21.924 -109.462
21.924 109.462
21.925 -109.47
21.925 109.47
21.926 -109.477
21.926 109.477
21.927 -109.484
21.927 109.484
21.928 -109.491
21.928 109.491
21.929 -109.498
21.929 109.498
21.93 -109.506
21.93 109.506
21.931 -109.513
21.931 109.513
21.932 -109.52
21.932 109.52
21.933 -109.527
21.933 109.527
21.934 -109.534
21.934 109.534
21.935 -109.541
21.935 109.541
21.936 -109.549
21.936 109.549
21.937 -109.556
21.937 109.556
21.938 -109.563
21.938 109.563
21.939 -109.57
21.939 109.57
21.94 -109.577
21.94 109.577
21.941 -109.585
21.941 109.585
21.942 -109.592
21.942 109.592
21.943 -109.599
21.943 109.599
21.944 -109.606
21.944 109.606
21.945 -109.613
21.945 109.613
21.946 -109.621
21.946 109.621
21.947 -109.628
21.947 109.628
21.948 -109.635
21.948 109.635
21.949 -109.642
21.949 109.642
21.95 -109.649
21.95 109.649
21.951 -109.657
21.951 109.657
21.952 -109.664
21.952 109.664
21.953 -109.671
21.953 109.671
21.954 -109.678
21.954 109.678
21.955 -109.685
21.955 109.685
21.956 -109.692
21.956 109.692
21.957 -109.7
21.957 109.7
21.958 -109.707
21.958 109.707
21.959 -109.714
21.959 109.714
21.96 -109.721
21.96 109.721
21.961 -109.728
21.961 109.728
21.962 -109.736
21.962 109.736
21.963 -109.743
21.963 109.743
21.964 -109.75
21.964 109.75
21.965 -109.757
21.965 109.757
21.966 -109.764
21.966 109.764
21.967 -109.772
21.967 109.772
21.968 -109.779
21.968 109.779
21.969 -109.786
21.969 109.786
21.97 -109.793
21.97 109.793
21.971 -109.8
21.971 109.8
21.972 -109.808
21.972 109.808
21.973 -109.815
21.973 109.815
21.974 -109.822
21.974 109.822
21.975 -109.829
21.975 109.829
21.976 -109.836
21.976 109.836
21.977 -109.844
21.977 109.844
21.978 -109.851
21.978 109.851
21.979 -109.858
21.979 109.858
21.98 -109.865
21.98 109.865
21.981 -109.872
21.981 109.872
21.982 -109.88
21.982 109.88
21.983 -109.887
21.983 109.887
21.984 -109.894
21.984 109.894
21.985 -109.901
21.985 109.901
21.986 -109.908
21.986 109.908
21.987 -109.916
21.987 109.916
21.988 -109.923
21.988 109.923
21.989 -109.93
21.989 109.93
21.99 -109.937
21.99 109.937
21.991 -109.944
21.991 109.944
21.992 -109.952
21.992 109.952
21.993 -109.959
21.993 109.959
21.994 -109.966
21.994 109.966
21.995 -109.973
21.995 109.973
21.996 -109.98
21.996 109.98
21.997 -109.987
21.997 109.987
21.998 -109.995
21.998 109.995
21.999 -110.002
21.999 110.002
22 -110.009
22 110.009
22.001 -110.016
22.001 110.016
22.002 -110.023
22.002 110.023
22.003 -110.031
22.003 110.031
22.004 -110.038
22.004 110.038
22.005 -110.045
22.005 110.045
22.006 -110.052
22.006 110.052
22.007 -110.059
22.007 110.059
22.008 -110.067
22.008 110.067
22.009 -110.074
22.009 110.074
22.01 -110.081
22.01 110.081
22.011 -110.088
22.011 110.088
22.012 -110.095
22.012 110.095
22.013 -110.103
22.013 110.103
22.014 -110.11
22.014 110.11
22.015 -110.117
22.015 110.117
22.016 -110.124
22.016 110.124
22.017 -110.132
22.017 110.132
22.018 -110.139
22.018 110.139
22.019 -110.146
22.019 110.146
22.02 -110.153
22.02 110.153
22.021 -110.16
22.021 110.16
22.022 -110.168
22.022 110.168
22.023 -110.175
22.023 110.175
22.024 -110.182
22.024 110.182
22.025 -110.189
22.025 110.189
22.026 -110.196
22.026 110.196
22.027 -110.204
22.027 110.204
22.028 -110.211
22.028 110.211
22.029 -110.218
22.029 110.218
22.03 -110.225
22.03 110.225
22.031 -110.232
22.031 110.232
22.032 -110.24
22.032 110.24
22.033 -110.247
22.033 110.247
22.034 -110.254
22.034 110.254
22.035 -110.261
22.035 110.261
22.036 -110.268
22.036 110.268
22.037 -110.276
22.037 110.276
22.038 -110.283
22.038 110.283
22.039 -110.29
22.039 110.29
22.04 -110.297
22.04 110.297
22.041 -110.304
22.041 110.304
22.042 -110.312
22.042 110.312
22.043 -110.319
22.043 110.319
22.044 -110.326
22.044 110.326
22.045 -110.333
22.045 110.333
22.046 -110.34
22.046 110.34
22.047 -110.348
22.047 110.348
22.048 -110.355
22.048 110.355
22.049 -110.362
22.049 110.362
22.05 -110.369
22.05 110.369
22.051 -110.376
22.051 110.376
22.052 -110.384
22.052 110.384
22.053 -110.391
22.053 110.391
22.054 -110.398
22.054 110.398
22.055 -110.405
22.055 110.405
22.056 -110.413
22.056 110.413
22.057 -110.42
22.057 110.42
22.058 -110.427
22.058 110.427
22.059 -110.434
22.059 110.434
22.06 -110.441
22.06 110.441
22.061 -110.449
22.061 110.449
22.062 -110.456
22.062 110.456
22.063 -110.463
22.063 110.463
22.064 -110.47
22.064 110.47
22.065 -110.477
22.065 110.477
22.066 -110.485
22.066 110.485
22.067 -110.492
22.067 110.492
22.068 -110.499
22.068 110.499
22.069 -110.506
22.069 110.506
22.07 -110.513
22.07 110.513
22.071 -110.521
22.071 110.521
22.072 -110.528
22.072 110.528
22.073 -110.535
22.073 110.535
22.074 -110.542
22.074 110.542
22.075 -110.549
22.075 110.549
22.076 -110.557
22.076 110.557
22.077 -110.564
22.077 110.564
22.078 -110.571
22.078 110.571
22.079 -110.578
22.079 110.578
22.08 -110.586
22.08 110.586
22.081 -110.593
22.081 110.593
22.082 -110.6
22.082 110.6
22.083 -110.607
22.083 110.607
22.084 -110.614
22.084 110.614
22.085 -110.622
22.085 110.622
22.086 -110.629
22.086 110.629
22.087 -110.636
22.087 110.636
22.088 -110.643
22.088 110.643
22.089 -110.65
22.089 110.65
22.09 -110.658
22.09 110.658
22.091 -110.665
22.091 110.665
22.092 -110.672
22.092 110.672
22.093 -110.679
22.093 110.679
22.094 -110.687
22.094 110.687
22.095 -110.694
22.095 110.694
22.096 -110.701
22.096 110.701
22.097 -110.708
22.097 110.708
22.098 -110.715
22.098 110.715
22.099 -110.723
22.099 110.723
22.1 -110.73
22.1 110.73
22.101 -110.737
22.101 110.737
22.102 -110.744
22.102 110.744
22.103 -110.751
22.103 110.751
22.104 -110.759
22.104 110.759
22.105 -110.766
22.105 110.766
22.106 -110.773
22.106 110.773
22.107 -110.78
22.107 110.78
22.108 -110.788
22.108 110.788
22.109 -110.795
22.109 110.795
22.11 -110.802
22.11 110.802
22.111 -110.809
22.111 110.809
22.112 -110.816
22.112 110.816
22.113 -110.824
22.113 110.824
22.114 -110.831
22.114 110.831
22.115 -110.838
22.115 110.838
22.116 -110.845
22.116 110.845
22.117 -110.852
22.117 110.852
22.118 -110.86
22.118 110.86
22.119 -110.867
22.119 110.867
22.12 -110.874
22.12 110.874
22.121 -110.881
22.121 110.881
22.122 -110.889
22.122 110.889
22.123 -110.896
22.123 110.896
22.124 -110.903
22.124 110.903
22.125 -110.91
22.125 110.91
22.126 -110.917
22.126 110.917
22.127 -110.925
22.127 110.925
22.128 -110.932
22.128 110.932
22.129 -110.939
22.129 110.939
22.13 -110.946
22.13 110.946
22.131 -110.954
22.131 110.954
22.132 -110.961
22.132 110.961
22.133 -110.968
22.133 110.968
22.134 -110.975
22.134 110.975
22.135 -110.982
22.135 110.982
22.136 -110.99
22.136 110.99
22.137 -110.997
22.137 110.997
22.138 -111.004
22.138 111.004
22.139 -111.011
22.139 111.011
22.14 -111.019
22.14 111.019
22.141 -111.026
22.141 111.026
22.142 -111.033
22.142 111.033
22.143 -111.04
22.143 111.04
22.144 -111.047
22.144 111.047
22.145 -111.055
22.145 111.055
22.146 -111.062
22.146 111.062
22.147 -111.069
22.147 111.069
22.148 -111.076
22.148 111.076
22.149 -111.084
22.149 111.084
22.15 -111.091
22.15 111.091
22.151 -111.098
22.151 111.098
22.152 -111.105
22.152 111.105
22.153 -111.112
22.153 111.112
22.154 -111.12
22.154 111.12
22.155 -111.127
22.155 111.127
22.156 -111.134
22.156 111.134
22.157 -111.141
22.157 111.141
22.158 -111.149
22.158 111.149
22.159 -111.156
22.159 111.156
22.16 -111.163
22.16 111.163
22.161 -111.17
22.161 111.17
22.162 -111.177
22.162 111.177
22.163 -111.185
22.163 111.185
22.164 -111.192
22.164 111.192
22.165 -111.199
22.165 111.199
22.166 -111.206
22.166 111.206
22.167 -111.214
22.167 111.214
22.168 -111.221
22.168 111.221
22.169 -111.228
22.169 111.228
22.17 -111.235
22.17 111.235
22.171 -111.242
22.171 111.242
22.172 -111.25
22.172 111.25
22.173 -111.257
22.173 111.257
22.174 -111.264
22.174 111.264
22.175 -111.271
22.175 111.271
22.176 -111.279
22.176 111.279
22.177 -111.286
22.177 111.286
22.178 -111.293
22.178 111.293
22.179 -111.3
22.179 111.3
22.18 -111.308
22.18 111.308
22.181 -111.315
22.181 111.315
22.182 -111.322
22.182 111.322
22.183 -111.329
22.183 111.329
22.184 -111.336
22.184 111.336
22.185 -111.344
22.185 111.344
22.186 -111.351
22.186 111.351
22.187 -111.358
22.187 111.358
22.188 -111.365
22.188 111.365
22.189 -111.373
22.189 111.373
22.19 -111.38
22.19 111.38
22.191 -111.387
22.191 111.387
22.192 -111.394
22.192 111.394
22.193 -111.401
22.193 111.401
22.194 -111.409
22.194 111.409
22.195 -111.416
22.195 111.416
22.196 -111.423
22.196 111.423
22.197 -111.43
22.197 111.43
22.198 -111.438
22.198 111.438
22.199 -111.445
22.199 111.445
22.2 -111.452
22.2 111.452
22.201 -111.459
22.201 111.459
22.202 -111.467
22.202 111.467
22.203 -111.474
22.203 111.474
22.204 -111.481
22.204 111.481
22.205 -111.488
22.205 111.488
22.206 -111.495
22.206 111.495
22.207 -111.503
22.207 111.503
22.208 -111.51
22.208 111.51
22.209 -111.517
22.209 111.517
22.21 -111.524
22.21 111.524
22.211 -111.532
22.211 111.532
22.212 -111.539
22.212 111.539
22.213 -111.546
22.213 111.546
22.214 -111.553
22.214 111.553
22.215 -111.561
22.215 111.561
22.216 -111.568
22.216 111.568
22.217 -111.575
22.217 111.575
22.218 -111.582
22.218 111.582
22.219 -111.589
22.219 111.589
22.22 -111.597
22.22 111.597
22.221 -111.604
22.221 111.604
22.222 -111.611
22.222 111.611
22.223 -111.618
22.223 111.618
22.224 -111.626
22.224 111.626
22.225 -111.633
22.225 111.633
22.226 -111.64
22.226 111.64
22.227 -111.647
22.227 111.647
22.228 -111.655
22.228 111.655
22.229 -111.662
22.229 111.662
22.23 -111.669
22.23 111.669
22.231 -111.676
22.231 111.676
22.232 -111.684
22.232 111.684
22.233 -111.691
22.233 111.691
22.234 -111.698
22.234 111.698
22.235 -111.705
22.235 111.705
22.236 -111.712
22.236 111.712
22.237 -111.72
22.237 111.72
22.238 -111.727
22.238 111.727
22.239 -111.734
22.239 111.734
22.24 -111.741
22.24 111.741
22.241 -111.749
22.241 111.749
22.242 -111.756
22.242 111.756
22.243 -111.763
22.243 111.763
22.244 -111.77
22.244 111.77
22.245 -111.778
22.245 111.778
22.246 -111.785
22.246 111.785
22.247 -111.792
22.247 111.792
22.248 -111.799
22.248 111.799
22.249 -111.807
22.249 111.807
22.25 -111.814
22.25 111.814
22.251 -111.821
22.251 111.821
22.252 -111.828
22.252 111.828
22.253 -111.836
22.253 111.836
22.254 -111.843
22.254 111.843
22.255 -111.85
22.255 111.85
22.256 -111.857
22.256 111.857
22.257 -111.864
22.257 111.864
22.258 -111.872
22.258 111.872
22.259 -111.879
22.259 111.879
22.26 -111.886
22.26 111.886
22.261 -111.893
22.261 111.893
22.262 -111.901
22.262 111.901
22.263 -111.908
22.263 111.908
22.264 -111.915
22.264 111.915
22.265 -111.922
22.265 111.922
22.266 -111.93
22.266 111.93
22.267 -111.937
22.267 111.937
22.268 -111.944
22.268 111.944
22.269 -111.951
22.269 111.951
22.27 -111.959
22.27 111.959
22.271 -111.966
22.271 111.966
22.272 -111.973
22.272 111.973
22.273 -111.98
22.273 111.98
22.274 -111.988
22.274 111.988
22.275 -111.995
22.275 111.995
22.276 -112.002
22.276 112.002
22.277 -112.009
22.277 112.009
22.278 -112.017
22.278 112.017
22.279 -112.024
22.279 112.024
22.28 -112.031
22.28 112.031
22.281 -112.038
22.281 112.038
22.282 -112.046
22.282 112.046
22.283 -112.053
22.283 112.053
22.284 -112.06
22.284 112.06
22.285 -112.067
22.285 112.067
22.286 -112.074
22.286 112.074
22.287 -112.082
22.287 112.082
22.288 -112.089
22.288 112.089
22.289 -112.096
22.289 112.096
22.29 -112.103
22.29 112.103
22.291 -112.111
22.291 112.111
22.292 -112.118
22.292 112.118
22.293 -112.125
22.293 112.125
22.294 -112.132
22.294 112.132
22.295 -112.14
22.295 112.14
22.296 -112.147
22.296 112.147
22.297 -112.154
22.297 112.154
22.298 -112.161
22.298 112.161
22.299 -112.169
22.299 112.169
22.3 -112.176
22.3 112.176
22.301 -112.183
22.301 112.183
22.302 -112.19
22.302 112.19
22.303 -112.198
22.303 112.198
22.304 -112.205
22.304 112.205
22.305 -112.212
22.305 112.212
22.306 -112.219
22.306 112.219
22.307 -112.227
22.307 112.227
22.308 -112.234
22.308 112.234
22.309 -112.241
22.309 112.241
22.31 -112.248
22.31 112.248
22.311 -112.256
22.311 112.256
22.312 -112.263
22.312 112.263
22.313 -112.27
22.313 112.27
22.314 -112.277
22.314 112.277
22.315 -112.285
22.315 112.285
22.316 -112.292
22.316 112.292
22.317 -112.299
22.317 112.299
22.318 -112.306
22.318 112.306
22.319 -112.314
22.319 112.314
22.32 -112.321
22.32 112.321
22.321 -112.328
22.321 112.328
22.322 -112.335
22.322 112.335
22.323 -112.343
22.323 112.343
22.324 -112.35
22.324 112.35
22.325 -112.357
22.325 112.357
22.326 -112.364
22.326 112.364
22.327 -112.372
22.327 112.372
22.328 -112.379
22.328 112.379
22.329 -112.386
22.329 112.386
22.33 -112.393
22.33 112.393
22.331 -112.401
22.331 112.401
22.332 -112.408
22.332 112.408
22.333 -112.415
22.333 112.415
22.334 -112.422
22.334 112.422
22.335 -112.43
22.335 112.43
22.336 -112.437
22.336 112.437
22.337 -112.444
22.337 112.444
22.338 -112.451
22.338 112.451
22.339 -112.459
22.339 112.459
22.34 -112.466
22.34 112.466
22.341 -112.473
22.341 112.473
22.342 -112.48
22.342 112.48
22.343 -112.488
22.343 112.488
22.344 -112.495
22.344 112.495
22.345 -112.502
22.345 112.502
22.346 -112.509
22.346 112.509
22.347 -112.517
22.347 112.517
22.348 -112.524
22.348 112.524
22.349 -112.531
22.349 112.531
22.35 -112.538
22.35 112.538
22.351 -112.546
22.351 112.546
22.352 -112.553
22.352 112.553
22.353 -112.56
22.353 112.56
22.354 -112.567
22.354 112.567
22.355 -112.575
22.355 112.575
22.356 -112.582
22.356 112.582
22.357 -112.589
22.357 112.589
22.358 -112.596
22.358 112.596
22.359 -112.604
22.359 112.604
22.36 -112.611
22.36 112.611
22.361 -112.618
22.361 112.618
22.362 -112.625
22.362 112.625
22.363 -112.633
22.363 112.633
22.364 -112.64
22.364 112.64
22.365 -112.647
22.365 112.647
22.366 -112.654
22.366 112.654
22.367 -112.662
22.367 112.662
22.368 -112.669
22.368 112.669
22.369 -112.676
22.369 112.676
22.37 -112.684
22.37 112.684
22.371 -112.691
22.371 112.691
22.372 -112.698
22.372 112.698
22.373 -112.705
22.373 112.705
22.374 -112.713
22.374 112.713
22.375 -112.72
22.375 112.72
22.376 -112.727
22.376 112.727
22.377 -112.734
22.377 112.734
22.378 -112.742
22.378 112.742
22.379 -112.749
22.379 112.749
22.38 -112.756
22.38 112.756
22.381 -112.763
22.381 112.763
22.382 -112.771
22.382 112.771
22.383 -112.778
22.383 112.778
22.384 -112.785
22.384 112.785
22.385 -112.792
22.385 112.792
22.386 -112.8
22.386 112.8
22.387 -112.807
22.387 112.807
22.388 -112.814
22.388 112.814
22.389 -112.821
22.389 112.821
22.39 -112.829
22.39 112.829
22.391 -112.836
22.391 112.836
22.392 -112.843
22.392 112.843
22.393 -112.85
22.393 112.85
22.394 -112.858
22.394 112.858
22.395 -112.865
22.395 112.865
22.396 -112.872
22.396 112.872
22.397 -112.88
22.397 112.88
22.398 -112.887
22.398 112.887
22.399 -112.894
22.399 112.894
22.4 -112.901
22.4 112.901
22.401 -112.909
22.401 112.909
22.402 -112.916
22.402 112.916
22.403 -112.923
22.403 112.923
22.404 -112.93
22.404 112.93
22.405 -112.938
22.405 112.938
22.406 -112.945
22.406 112.945
22.407 -112.952
22.407 112.952
22.408 -112.959
22.408 112.959
22.409 -112.967
22.409 112.967
22.41 -112.974
22.41 112.974
22.411 -112.981
22.411 112.981
22.412 -112.988
22.412 112.988
22.413 -112.996
22.413 112.996
22.414 -113.003
22.414 113.003
22.415 -113.01
22.415 113.01
22.416 -113.018
22.416 113.018
22.417 -113.025
22.417 113.025
22.418 -113.032
22.418 113.032
22.419 -113.039
22.419 113.039
22.42 -113.047
22.42 113.047
22.421 -113.054
22.421 113.054
22.422 -113.061
22.422 113.061
22.423 -113.068
22.423 113.068
22.424 -113.076
22.424 113.076
22.425 -113.083
22.425 113.083
22.426 -113.09
22.426 113.09
22.427 -113.097
22.427 113.097
22.428 -113.105
22.428 113.105
22.429 -113.112
22.429 113.112
22.43 -113.119
22.43 113.119
22.431 -113.126
22.431 113.126
22.432 -113.134
22.432 113.134
22.433 -113.141
22.433 113.141
22.434 -113.148
22.434 113.148
22.435 -113.156
22.435 113.156
22.436 -113.163
22.436 113.163
22.437 -113.17
22.437 113.17
22.438 -113.177
22.438 113.177
22.439 -113.185
22.439 113.185
22.44 -113.192
22.44 113.192
22.441 -113.199
22.441 113.199
22.442 -113.206
22.442 113.206
22.443 -113.214
22.443 113.214
22.444 -113.221
22.444 113.221
22.445 -113.228
22.445 113.228
22.446 -113.235
22.446 113.235
22.447 -113.243
22.447 113.243
22.448 -113.25
22.448 113.25
22.449 -113.257
22.449 113.257
22.45 -113.265
22.45 113.265
22.451 -113.272
22.451 113.272
22.452 -113.279
22.452 113.279
22.453 -113.286
22.453 113.286
22.454 -113.294
22.454 113.294
22.455 -113.301
22.455 113.301
22.456 -113.308
22.456 113.308
22.457 -113.315
22.457 113.315
22.458 -113.323
22.458 113.323
22.459 -113.33
22.459 113.33
22.46 -113.337
22.46 113.337
22.461 -113.345
22.461 113.345
22.462 -113.352
22.462 113.352
22.463 -113.359
22.463 113.359
22.464 -113.366
22.464 113.366
22.465 -113.374
22.465 113.374
22.466 -113.381
22.466 113.381
22.467 -113.388
22.467 113.388
22.468 -113.395
22.468 113.395
22.469 -113.403
22.469 113.403
22.47 -113.41
22.47 113.41
22.471 -113.417
22.471 113.417
22.472 -113.425
22.472 113.425
22.473 -113.432
22.473 113.432
22.474 -113.439
22.474 113.439
22.475 -113.446
22.475 113.446
22.476 -113.454
22.476 113.454
22.477 -113.461
22.477 113.461
22.478 -113.468
22.478 113.468
22.479 -113.475
22.479 113.475
22.48 -113.483
22.48 113.483
22.481 -113.49
22.481 113.49
22.482 -113.497
22.482 113.497
22.483 -113.505
22.483 113.505
22.484 -113.512
22.484 113.512
22.485 -113.519
22.485 113.519
22.486 -113.526
22.486 113.526
22.487 -113.534
22.487 113.534
22.488 -113.541
22.488 113.541
22.489 -113.548
22.489 113.548
22.49 -113.555
22.49 113.555
22.491 -113.563
22.491 113.563
22.492 -113.57
22.492 113.57
22.493 -113.577
22.493 113.577
22.494 -113.585
22.494 113.585
22.495 -113.592
22.495 113.592
22.496 -113.599
22.496 113.599
22.497 -113.606
22.497 113.606
22.498 -113.614
22.498 113.614
22.499 -113.621
22.499 113.621
22.5 -113.628
22.5 113.628
22.501 -113.636
22.501 113.636
22.502 -113.643
22.502 113.643
22.503 -113.65
22.503 113.65
22.504 -113.657
22.504 113.657
22.505 -113.665
22.505 113.665
22.506 -113.672
22.506 113.672
22.507 -113.679
22.507 113.679
22.508 -113.686
22.508 113.686
22.509 -113.694
22.509 113.694
22.51 -113.701
22.51 113.701
22.511 -113.708
22.511 113.708
22.512 -113.716
22.512 113.716
22.513 -113.723
22.513 113.723
22.514 -113.73
22.514 113.73
22.515 -113.737
22.515 113.737
22.516 -113.745
22.516 113.745
22.517 -113.752
22.517 113.752
22.518 -113.759
22.518 113.759
22.519 -113.767
22.519 113.767
22.52 -113.774
22.52 113.774
22.521 -113.781
22.521 113.781
22.522 -113.788
22.522 113.788
22.523 -113.796
22.523 113.796
22.524 -113.803
22.524 113.803
22.525 -113.81
22.525 113.81
22.526 -113.817
22.526 113.817
22.527 -113.825
22.527 113.825
22.528 -113.832
22.528 113.832
22.529 -113.839
22.529 113.839
22.53 -113.847
22.53 113.847
22.531 -113.854
22.531 113.854
22.532 -113.861
22.532 113.861
22.533 -113.868
22.533 113.868
22.534 -113.876
22.534 113.876
22.535 -113.883
22.535 113.883
22.536 -113.89
22.536 113.89
22.537 -113.898
22.537 113.898
22.538 -113.905
22.538 113.905
22.539 -113.912
22.539 113.912
22.54 -113.919
22.54 113.919
22.541 -113.927
22.541 113.927
22.542 -113.934
22.542 113.934
22.543 -113.941
22.543 113.941
22.544 -113.949
22.544 113.949
22.545 -113.956
22.545 113.956
22.546 -113.963
22.546 113.963
22.547 -113.97
22.547 113.97
22.548 -113.978
22.548 113.978
22.549 -113.985
22.549 113.985
22.55 -113.992
22.55 113.992
22.551 -114
22.551 114
22.552 -114.007
22.552 114.007
22.553 -114.014
22.553 114.014
22.554 -114.021
22.554 114.021
22.555 -114.029
22.555 114.029
22.556 -114.036
22.556 114.036
22.557 -114.043
22.557 114.043
22.558 -114.051
22.558 114.051
22.559 -114.058
22.559 114.058
22.56 -114.065
22.56 114.065
22.561 -114.072
22.561 114.072
22.562 -114.08
22.562 114.08
22.563 -114.087
22.563 114.087
22.564 -114.094
22.564 114.094
22.565 -114.102
22.565 114.102
22.566 -114.109
22.566 114.109
22.567 -114.116
22.567 114.116
22.568 -114.123
22.568 114.123
22.569 -114.131
22.569 114.131
22.57 -114.138
22.57 114.138
22.571 -114.145
22.571 114.145
22.572 -114.153
22.572 114.153
22.573 -114.16
22.573 114.16
22.574 -114.167
22.574 114.167
22.575 -114.174
22.575 114.174
22.576 -114.182
22.576 114.182
22.577 -114.189
22.577 114.189
22.578 -114.196
22.578 114.196
22.579 -114.204
22.579 114.204
22.58 -114.211
22.58 114.211
22.581 -114.218
22.581 114.218
22.582 -114.225
22.582 114.225
22.583 -114.233
22.583 114.233
22.584 -114.24
22.584 114.24
22.585 -114.247
22.585 114.247
22.586 -114.255
22.586 114.255
22.587 -114.262
22.587 114.262
22.588 -114.269
22.588 114.269
22.589 -114.276
22.589 114.276
22.59 -114.284
22.59 114.284
22.591 -114.291
22.591 114.291
22.592 -114.298
22.592 114.298
22.593 -114.306
22.593 114.306
22.594 -114.313
22.594 114.313
22.595 -114.32
22.595 114.32
22.596 -114.328
22.596 114.328
22.597 -114.335
22.597 114.335
22.598 -114.342
22.598 114.342
22.599 -114.349
22.599 114.349
22.6 -114.357
22.6 114.357
22.601 -114.364
22.601 114.364
22.602 -114.371
22.602 114.371
22.603 -114.379
22.603 114.379
22.604 -114.386
22.604 114.386
22.605 -114.393
22.605 114.393
22.606 -114.4
22.606 114.4
22.607 -114.408
22.607 114.408
22.608 -114.415
22.608 114.415
22.609 -114.422
22.609 114.422
22.61 -114.43
22.61 114.43
22.611 -114.437
22.611 114.437
22.612 -114.444
22.612 114.444
22.613 -114.452
22.613 114.452
22.614 -114.459
22.614 114.459
22.615 -114.466
22.615 114.466
22.616 -114.473
22.616 114.473
22.617 -114.481
22.617 114.481
22.618 -114.488
22.618 114.488
22.619 -114.495
22.619 114.495
22.62 -114.503
22.62 114.503
22.621 -114.51
22.621 114.51
22.622 -114.517
22.622 114.517
22.623 -114.524
22.623 114.524
22.624 -114.532
22.624 114.532
22.625 -114.539
22.625 114.539
22.626 -114.546
22.626 114.546
22.627 -114.554
22.627 114.554
22.628 -114.561
22.628 114.561
22.629 -114.568
22.629 114.568
22.63 -114.576
22.63 114.576
22.631 -114.583
22.631 114.583
22.632 -114.59
22.632 114.59
22.633 -114.597
22.633 114.597
22.634 -114.605
22.634 114.605
22.635 -114.612
22.635 114.612
22.636 -114.619
22.636 114.619
22.637 -114.627
22.637 114.627
22.638 -114.634
22.638 114.634
22.639 -114.641
22.639 114.641
22.64 -114.649
22.64 114.649
22.641 -114.656
22.641 114.656
22.642 -114.663
22.642 114.663
22.643 -114.67
22.643 114.67
22.644 -114.678
22.644 114.678
22.645 -114.685
22.645 114.685
22.646 -114.692
22.646 114.692
22.647 -114.7
22.647 114.7
22.648 -114.707
22.648 114.707
22.649 -114.714
22.649 114.714
22.65 -114.722
22.65 114.722
22.651 -114.729
22.651 114.729
22.652 -114.736
22.652 114.736
22.653 -114.743
22.653 114.743
22.654 -114.751
22.654 114.751
22.655 -114.758
22.655 114.758
22.656 -114.765
22.656 114.765
22.657 -114.773
22.657 114.773
22.658 -114.78
22.658 114.78
22.659 -114.787
22.659 114.787
22.66 -114.795
22.66 114.795
22.661 -114.802
22.661 114.802
22.662 -114.809
22.662 114.809
22.663 -114.816
22.663 114.816
22.664 -114.824
22.664 114.824
22.665 -114.831
22.665 114.831
22.666 -114.838
22.666 114.838
22.667 -114.846
22.667 114.846
22.668 -114.853
22.668 114.853
22.669 -114.86
22.669 114.86
22.67 -114.868
22.67 114.868
22.671 -114.875
22.671 114.875
22.672 -114.882
22.672 114.882
22.673 -114.889
22.673 114.889
22.674 -114.897
22.674 114.897
22.675 -114.904
22.675 114.904
22.676 -114.911
22.676 114.911
22.677 -114.919
22.677 114.919
22.678 -114.926
22.678 114.926
22.679 -114.933
22.679 114.933
22.68 -114.941
22.68 114.941
22.681 -114.948
22.681 114.948
22.682 -114.955
22.682 114.955
22.683 -114.963
22.683 114.963
22.684 -114.97
22.684 114.97
22.685 -114.977
22.685 114.977
22.686 -114.984
22.686 114.984
22.687 -114.992
22.687 114.992
22.688 -114.999
22.688 114.999
22.689 -115.006
22.689 115.006
22.69 -115.014
22.69 115.014
22.691 -115.021
22.691 115.021
22.692 -115.028
22.692 115.028
22.693 -115.036
22.693 115.036
22.694 -115.043
22.694 115.043
22.695 -115.05
22.695 115.05
22.696 -115.057
22.696 115.057
22.697 -115.065
22.697 115.065
22.698 -115.072
22.698 115.072
22.699 -115.079
22.699 115.079
22.7 -115.087
22.7 115.087
22.701 -115.094
22.701 115.094
22.702 -115.101
22.702 115.101
22.703 -115.109
22.703 115.109
22.704 -115.116
22.704 115.116
22.705 -115.123
22.705 115.123
22.706 -115.131
22.706 115.131
22.707 -115.138
22.707 115.138
22.708 -115.145
22.708 115.145
22.709 -115.152
22.709 115.152
22.71 -115.16
22.71 115.16
22.711 -115.167
22.711 115.167
22.712 -115.174
22.712 115.174
22.713 -115.182
22.713 115.182
22.714 -115.189
22.714 115.189
22.715 -115.196
22.715 115.196
22.716 -115.204
22.716 115.204
22.717 -115.211
22.717 115.211
22.718 -115.218
22.718 115.218
22.719 -115.226
22.719 115.226
22.72 -115.233
22.72 115.233
22.721 -115.24
22.721 115.24
22.722 -115.248
22.722 115.248
22.723 -115.255
22.723 115.255
22.724 -115.262
22.724 115.262
22.725 -115.269
22.725 115.269
22.726 -115.277
22.726 115.277
22.727 -115.284
22.727 115.284
22.728 -115.291
22.728 115.291
22.729 -115.299
22.729 115.299
22.73 -115.306
22.73 115.306
22.731 -115.313
22.731 115.313
22.732 -115.321
22.732 115.321
22.733 -115.328
22.733 115.328
22.734 -115.335
22.734 115.335
22.735 -115.343
22.735 115.343
22.736 -115.35
22.736 115.35
22.737 -115.357
22.737 115.357
22.738 -115.365
22.738 115.365
22.739 -115.372
22.739 115.372
22.74 -115.379
22.74 115.379
22.741 -115.386
22.741 115.386
22.742 -115.394
22.742 115.394
22.743 -115.401
22.743 115.401
22.744 -115.408
22.744 115.408
22.745 -115.416
22.745 115.416
22.746 -115.423
22.746 115.423
22.747 -115.43
22.747 115.43
22.748 -115.438
22.748 115.438
22.749 -115.445
22.749 115.445
22.75 -115.452
22.75 115.452
22.751 -115.46
22.751 115.46
22.752 -115.467
22.752 115.467
22.753 -115.474
22.753 115.474
22.754 -115.482
22.754 115.482
22.755 -115.489
22.755 115.489
22.756 -115.496
22.756 115.496
22.757 -115.504
22.757 115.504
22.758 -115.511
22.758 115.511
22.759 -115.518
22.759 115.518
22.76 -115.525
22.76 115.525
22.761 -115.533
22.761 115.533
22.762 -115.54
22.762 115.54
22.763 -115.547
22.763 115.547
22.764 -115.555
22.764 115.555
22.765 -115.562
22.765 115.562
22.766 -115.569
22.766 115.569
22.767 -115.577
22.767 115.577
22.768 -115.584
22.768 115.584
22.769 -115.591
22.769 115.591
22.77 -115.599
22.77 115.599
22.771 -115.606
22.771 115.606
22.772 -115.613
22.772 115.613
22.773 -115.621
22.773 115.621
22.774 -115.628
22.774 115.628
22.775 -115.635
22.775 115.635
22.776 -115.643
22.776 115.643
22.777 -115.65
22.777 115.65
22.778 -115.657
22.778 115.657
22.779 -115.665
22.779 115.665
22.78 -115.672
22.78 115.672
22.781 -115.679
22.781 115.679
22.782 -115.686
22.782 115.686
22.783 -115.694
22.783 115.694
22.784 -115.701
22.784 115.701
22.785 -115.708
22.785 115.708
22.786 -115.716
22.786 115.716
22.787 -115.723
22.787 115.723
22.788 -115.73
22.788 115.73
22.789 -115.738
22.789 115.738
22.79 -115.745
22.79 115.745
22.791 -115.752
22.791 115.752
22.792 -115.76
22.792 115.76
22.793 -115.767
22.793 115.767
22.794 -115.774
22.794 115.774
22.795 -115.782
22.795 115.782
22.796 -115.789
22.796 115.789
22.797 -115.796
22.797 115.796
22.798 -115.804
22.798 115.804
22.799 -115.811
22.799 115.811
22.8 -115.818
22.8 115.818
22.801 -115.826
22.801 115.826
22.802 -115.833
22.802 115.833
22.803 -115.84
22.803 115.84
22.804 -115.848
22.804 115.848
22.805 -115.855
22.805 115.855
22.806 -115.862
22.806 115.862
22.807 -115.87
22.807 115.87
22.808 -115.877
22.808 115.877
22.809 -115.884
22.809 115.884
22.81 -115.892
22.81 115.892
22.811 -115.899
22.811 115.899
22.812 -115.906
22.812 115.906
22.813 -115.913
22.813 115.913
22.814 -115.921
22.814 115.921
22.815 -115.928
22.815 115.928
22.816 -115.935
22.816 115.935
22.817 -115.943
22.817 115.943
22.818 -115.95
22.818 115.95
22.819 -115.957
22.819 115.957
22.82 -115.965
22.82 115.965
22.821 -115.972
22.821 115.972
22.822 -115.979
22.822 115.979
22.823 -115.987
22.823 115.987
22.824 -115.994
22.824 115.994
22.825 -116.001
22.825 116.001
22.826 -116.009
22.826 116.009
22.827 -116.016
22.827 116.016
22.828 -116.023
22.828 116.023
22.829 -116.031
22.829 116.031
22.83 -116.038
22.83 116.038
22.831 -116.045
22.831 116.045
22.832 -116.053
22.832 116.053
22.833 -116.06
22.833 116.06
22.834 -116.067
22.834 116.067
22.835 -116.075
22.835 116.075
22.836 -116.082
22.836 116.082
22.837 -116.089
22.837 116.089
22.838 -116.097
22.838 116.097
22.839 -116.104
22.839 116.104
22.84 -116.111
22.84 116.111
22.841 -116.119
22.841 116.119
22.842 -116.126
22.842 116.126
22.843 -116.133
22.843 116.133
22.844 -116.141
22.844 116.141
22.845 -116.148
22.845 116.148
22.846 -116.155
22.846 116.155
22.847 -116.163
22.847 116.163
22.848 -116.17
22.848 116.17
22.849 -116.177
22.849 116.177
22.85 -116.185
22.85 116.185
22.851 -116.192
22.851 116.192
22.852 -116.199
22.852 116.199
22.853 -116.207
22.853 116.207
22.854 -116.214
22.854 116.214
22.855 -116.221
22.855 116.221
22.856 -116.229
22.856 116.229
22.857 -116.236
22.857 116.236
22.858 -116.243
22.858 116.243
22.859 -116.251
22.859 116.251
22.86 -116.258
22.86 116.258
22.861 -116.265
22.861 116.265
22.862 -116.273
22.862 116.273
22.863 -116.28
22.863 116.28
22.864 -116.287
22.864 116.287
22.865 -116.295
22.865 116.295
22.866 -116.302
22.866 116.302
22.867 -116.309
22.867 116.309
22.868 -116.317
22.868 116.317
22.869 -116.324
22.869 116.324
22.87 -116.331
22.87 116.331
22.871 -116.339
22.871 116.339
22.872 -116.346
22.872 116.346
22.873 -116.353
22.873 116.353
22.874 -116.361
22.874 116.361
22.875 -116.368
22.875 116.368
22.876 -116.375
22.876 116.375
22.877 -116.383
22.877 116.383
22.878 -116.39
22.878 116.39
22.879 -116.397
22.879 116.397
22.88 -116.405
22.88 116.405
22.881 -116.412
22.881 116.412
22.882 -116.419
22.882 116.419
22.883 -116.427
22.883 116.427
22.884 -116.434
22.884 116.434
22.885 -116.441
22.885 116.441
22.886 -116.449
22.886 116.449
22.887 -116.456
22.887 116.456
22.888 -116.463
22.888 116.463
22.889 -116.471
22.889 116.471
22.89 -116.478
22.89 116.478
22.891 -116.485
22.891 116.485
22.892 -116.493
22.892 116.493
22.893 -116.5
22.893 116.5
22.894 -116.507
22.894 116.507
22.895 -116.515
22.895 116.515
22.896 -116.522
22.896 116.522
22.897 -116.529
22.897 116.529
22.898 -116.537
22.898 116.537
22.899 -116.544
22.899 116.544
22.9 -116.551
22.9 116.551
22.901 -116.559
22.901 116.559
22.902 -116.566
22.902 116.566
22.903 -116.573
22.903 116.573
22.904 -116.581
22.904 116.581
22.905 -116.588
22.905 116.588
22.906 -116.595
22.906 116.595
22.907 -116.603
22.907 116.603
22.908 -116.61
22.908 116.61
22.909 -116.617
22.909 116.617
22.91 -116.625
22.91 116.625
22.911 -116.632
22.911 116.632
22.912 -116.639
22.912 116.639
22.913 -116.647
22.913 116.647
22.914 -116.654
22.914 116.654
22.915 -116.661
22.915 116.661
22.916 -116.669
22.916 116.669
22.917 -116.676
22.917 116.676
22.918 -116.683
22.918 116.683
22.919 -116.691
22.919 116.691
22.92 -116.698
22.92 116.698
22.921 -116.706
22.921 116.706
22.922 -116.713
22.922 116.713
22.923 -116.72
22.923 116.72
22.924 -116.728
22.924 116.728
22.925 -116.735
22.925 116.735
22.926 -116.742
22.926 116.742
22.927 -116.75
22.927 116.75
22.928 -116.757
22.928 116.757
22.929 -116.764
22.929 116.764
22.93 -116.772
22.93 116.772
22.931 -116.779
22.931 116.779
22.932 -116.786
22.932 116.786
22.933 -116.794
22.933 116.794
22.934 -116.801
22.934 116.801
22.935 -116.808
22.935 116.808
22.936 -116.816
22.936 116.816
22.937 -116.823
22.937 116.823
22.938 -116.83
22.938 116.83
22.939 -116.838
22.939 116.838
22.94 -116.845
22.94 116.845
22.941 -116.852
22.941 116.852
22.942 -116.86
22.942 116.86
22.943 -116.867
22.943 116.867
22.944 -116.874
22.944 116.874
22.945 -116.882
22.945 116.882
22.946 -116.889
22.946 116.889
22.947 -116.896
22.947 116.896
22.948 -116.904
22.948 116.904
22.949 -116.911
22.949 116.911
22.95 -116.918
22.95 116.918
22.951 -116.926
22.951 116.926
22.952 -116.933
22.952 116.933
22.953 -116.941
22.953 116.941
22.954 -116.948
22.954 116.948
22.955 -116.955
22.955 116.955
22.956 -116.963
22.956 116.963
22.957 -116.97
22.957 116.97
22.958 -116.977
22.958 116.977
22.959 -116.985
22.959 116.985
22.96 -116.992
22.96 116.992
22.961 -116.999
22.961 116.999
22.962 -117.007
22.962 117.007
22.963 -117.014
22.963 117.014
22.964 -117.021
22.964 117.021
22.965 -117.029
22.965 117.029
22.966 -117.036
22.966 117.036
22.967 -117.043
22.967 117.043
22.968 -117.051
22.968 117.051
22.969 -117.058
22.969 117.058
22.97 -117.065
22.97 117.065
22.971 -117.073
22.971 117.073
22.972 -117.08
22.972 117.08
22.973 -117.087
22.973 117.087
22.974 -117.095
22.974 117.095
22.975 -117.102
22.975 117.102
22.976 -117.11
22.976 117.11
22.977 -117.117
22.977 117.117
22.978 -117.124
22.978 117.124
22.979 -117.132
22.979 117.132
22.98 -117.139
22.98 117.139
22.981 -117.146
22.981 117.146
22.982 -117.154
22.982 117.154
22.983 -117.161
22.983 117.161
22.984 -117.168
22.984 117.168
22.985 -117.176
22.985 117.176
22.986 -117.183
22.986 117.183
22.987 -117.19
22.987 117.19
22.988 -117.198
22.988 117.198
22.989 -117.205
22.989 117.205
22.99 -117.212
22.99 117.212
22.991 -117.22
22.991 117.22
22.992 -117.227
22.992 117.227
22.993 -117.235
22.993 117.235
22.994 -117.242
22.994 117.242
22.995 -117.249
22.995 117.249
22.996 -117.257
22.996 117.257
22.997 -117.264
22.997 117.264
22.998 -117.271
22.998 117.271
22.999 -117.279
22.999 117.279
23 -117.286
23 117.286
23.001 -117.293
23.001 117.293
23.002 -117.301
23.002 117.301
23.003 -117.308
23.003 117.308
23.004 -117.315
23.004 117.315
23.005 -117.323
23.005 117.323
23.006 -117.33
23.006 117.33
23.007 -117.337
23.007 117.337
23.008 -117.345
23.008 117.345
23.009 -117.352
23.009 117.352
23.01 -117.36
23.01 117.36
23.011 -117.367
23.011 117.367
23.012 -117.374
23.012 117.374
23.013 -117.382
23.013 117.382
23.014 -117.389
23.014 117.389
23.015 -117.396
23.015 117.396
23.016 -117.404
23.016 117.404
23.017 -117.411
23.017 117.411
23.018 -117.418
23.018 117.418
23.019 -117.426
23.019 117.426
23.02 -117.433
23.02 117.433
23.021 -117.44
23.021 117.44
23.022 -117.448
23.022 117.448
23.023 -117.455
23.023 117.455
23.024 -117.463
23.024 117.463
23.025 -117.47
23.025 117.47
23.026 -117.477
23.026 117.477
23.027 -117.485
23.027 117.485
23.028 -117.492
23.028 117.492
23.029 -117.499
23.029 117.499
23.03 -117.507
23.03 117.507
23.031 -117.514
23.031 117.514
23.032 -117.521
23.032 117.521
23.033 -117.529
23.033 117.529
23.034 -117.536
23.034 117.536
23.035 -117.543
23.035 117.543
23.036 -117.551
23.036 117.551
23.037 -117.558
23.037 117.558
23.038 -117.566
23.038 117.566
23.039 -117.573
23.039 117.573
23.04 -117.58
23.04 117.58
23.041 -117.588
23.041 117.588
23.042 -117.595
23.042 117.595
23.043 -117.602
23.043 117.602
23.044 -117.61
23.044 117.61
23.045 -117.617
23.045 117.617
23.046 -117.624
23.046 117.624
23.047 -117.632
23.047 117.632
23.048 -117.639
23.048 117.639
23.049 -117.646
23.049 117.646
23.05 -117.654
23.05 117.654
23.051 -117.661
23.051 117.661
23.052 -117.669
23.052 117.669
23.053 -117.676
23.053 117.676
23.054 -117.683
23.054 117.683
23.055 -117.691
23.055 117.691
23.056 -117.698
23.056 117.698
23.057 -117.705
23.057 117.705
23.058 -117.713
23.058 117.713
23.059 -117.72
23.059 117.72
23.06 -117.727
23.06 117.727
23.061 -117.735
23.061 117.735
23.062 -117.742
23.062 117.742
23.063 -117.75
23.063 117.75
23.064 -117.757
23.064 117.757
23.065 -117.764
23.065 117.764
23.066 -117.772
23.066 117.772
23.067 -117.779
23.067 117.779
23.068 -117.786
23.068 117.786
23.069 -117.794
23.069 117.794
23.07 -117.801
23.07 117.801
23.071 -117.808
23.071 117.808
23.072 -117.816
23.072 117.816
23.073 -117.823
23.073 117.823
23.074 -117.831
23.074 117.831
23.075 -117.838
23.075 117.838
23.076 -117.845
23.076 117.845
23.077 -117.853
23.077 117.853
23.078 -117.86
23.078 117.86
23.079 -117.867
23.079 117.867
23.08 -117.875
23.08 117.875
23.081 -117.882
23.081 117.882
23.082 -117.89
23.082 117.89
23.083 -117.897
23.083 117.897
23.084 -117.904
23.084 117.904
23.085 -117.912
23.085 117.912
23.086 -117.919
23.086 117.919
23.087 -117.926
23.087 117.926
23.088 -117.934
23.088 117.934
23.089 -117.941
23.089 117.941
23.09 -117.948
23.09 117.948
23.091 -117.956
23.091 117.956
23.092 -117.963
23.092 117.963
23.093 -117.971
23.093 117.971
23.094 -117.978
23.094 117.978
23.095 -117.985
23.095 117.985
23.096 -117.993
23.096 117.993
23.097 -118
23.097 118
23.098 -118.007
23.098 118.007
23.099 -118.015
23.099 118.015
23.1 -118.022
23.1 118.022
23.101 -118.029
23.101 118.029
23.102 -118.037
23.102 118.037
23.103 -118.044
23.103 118.044
23.104 -118.052
23.104 118.052
23.105 -118.059
23.105 118.059
23.106 -118.066
23.106 118.066
23.107 -118.074
23.107 118.074
23.108 -118.081
23.108 118.081
23.109 -118.088
23.109 118.088
23.11 -118.096
23.11 118.096
23.111 -118.103
23.111 118.103
23.112 -118.111
23.112 118.111
23.113 -118.118
23.113 118.118
23.114 -118.125
23.114 118.125
23.115 -118.133
23.115 118.133
23.116 -118.14
23.116 118.14
23.117 -118.147
23.117 118.147
23.118 -118.155
23.118 118.155
23.119 -118.162
23.119 118.162
23.12 -118.17
23.12 118.17
23.121 -118.177
23.121 118.177
23.122 -118.184
23.122 118.184
23.123 -118.192
23.123 118.192
23.124 -118.199
23.124 118.199
23.125 -118.206
23.125 118.206
23.126 -118.214
23.126 118.214
23.127 -118.221
23.127 118.221
23.128 -118.229
23.128 118.229
23.129 -118.236
23.129 118.236
23.13 -118.243
23.13 118.243
23.131 -118.251
23.131 118.251
23.132 -118.258
23.132 118.258
23.133 -118.265
23.133 118.265
23.134 -118.273
23.134 118.273
23.135 -118.28
23.135 118.28
23.136 -118.288
23.136 118.288
23.137 -118.295
23.137 118.295
23.138 -118.302
23.138 118.302
23.139 -118.31
23.139 118.31
23.14 -118.317
23.14 118.317
23.141 -118.324
23.141 118.324
23.142 -118.332
23.142 118.332
23.143 -118.339
23.143 118.339
23.144 -118.347
23.144 118.347
23.145 -118.354
23.145 118.354
23.146 -118.361
23.146 118.361
23.147 -118.369
23.147 118.369
23.148 -118.376
23.148 118.376
23.149 -118.383
23.149 118.383
23.15 -118.391
23.15 118.391
23.151 -118.398
23.151 118.398
23.152 -118.406
23.152 118.406
23.153 -118.413
23.153 118.413
23.154 -118.42
23.154 118.42
23.155 -118.428
23.155 118.428
23.156 -118.435
23.156 118.435
23.157 -118.442
23.157 118.442
23.158 -118.45
23.158 118.45
23.159 -118.457
23.159 118.457
23.16 -118.465
23.16 118.465
23.161 -118.472
23.161 118.472
23.162 -118.479
23.162 118.479
23.163 -118.487
23.163 118.487
23.164 -118.494
23.164 118.494
23.165 -118.501
23.165 118.501
23.166 -118.509
23.166 118.509
23.167 -118.516
23.167 118.516
23.168 -118.524
23.168 118.524
23.169 -118.531
23.169 118.531
23.17 -118.538
23.17 118.538
23.171 -118.546
23.171 118.546
23.172 -118.553
23.172 118.553
23.173 -118.56
23.173 118.56
23.174 -118.568
23.174 118.568
23.175 -118.575
23.175 118.575
23.176 -118.583
23.176 118.583
23.177 -118.59
23.177 118.59
23.178 -118.597
23.178 118.597
23.179 -118.605
23.179 118.605
23.18 -118.612
23.18 118.612
23.181 -118.62
23.181 118.62
23.182 -118.627
23.182 118.627
23.183 -118.634
23.183 118.634
23.184 -118.642
23.184 118.642
23.185 -118.649
23.185 118.649
23.186 -118.656
23.186 118.656
23.187 -118.664
23.187 118.664
23.188 -118.671
23.188 118.671
23.189 -118.679
23.189 118.679
23.19 -118.686
23.19 118.686
23.191 -118.693
23.191 118.693
23.192 -118.701
23.192 118.701
23.193 -118.708
23.193 118.708
23.194 -118.715
23.194 118.715
23.195 -118.723
23.195 118.723
23.196 -118.73
23.196 118.73
23.197 -118.738
23.197 118.738
23.198 -118.745
23.198 118.745
23.199 -118.752
23.199 118.752
23.2 -118.76
23.2 118.76
23.201 -118.767
23.201 118.767
23.202 -118.775
23.202 118.775
23.203 -118.782
23.203 118.782
23.204 -118.789
23.204 118.789
23.205 -118.797
23.205 118.797
23.206 -118.804
23.206 118.804
23.207 -118.811
23.207 118.811
23.208 -118.819
23.208 118.819
23.209 -118.826
23.209 118.826
23.21 -118.834
23.21 118.834
23.211 -118.841
23.211 118.841
23.212 -118.848
23.212 118.848
23.213 -118.856
23.213 118.856
23.214 -118.863
23.214 118.863
23.215 -118.871
23.215 118.871
23.216 -118.878
23.216 118.878
23.217 -118.885
23.217 118.885
23.218 -118.893
23.218 118.893
23.219 -118.9
23.219 118.9
23.22 -118.908
23.22 118.908
23.221 -118.915
23.221 118.915
23.222 -118.922
23.222 118.922
23.223 -118.93
23.223 118.93
23.224 -118.937
23.224 118.937
23.225 -118.944
23.225 118.944
23.226 -118.952
23.226 118.952
23.227 -118.959
23.227 118.959
23.228 -118.967
23.228 118.967
23.229 -118.974
23.229 118.974
23.23 -118.981
23.23 118.981
23.231 -118.989
23.231 118.989
23.232 -118.996
23.232 118.996
23.233 -119.004
23.233 119.004
23.234 -119.011
23.234 119.011
23.235 -119.018
23.235 119.018
23.236 -119.026
23.236 119.026
23.237 -119.033
23.237 119.033
23.238 -119.041
23.238 119.041
23.239 -119.048
23.239 119.048
23.24 -119.055
23.24 119.055
23.241 -119.063
23.241 119.063
23.242 -119.07
23.242 119.07
23.243 -119.077
23.243 119.077
23.244 -119.085
23.244 119.085
23.245 -119.092
23.245 119.092
23.246 -119.1
23.246 119.1
23.247 -119.107
23.247 119.107
23.248 -119.114
23.248 119.114
23.249 -119.122
23.249 119.122
23.25 -119.129
23.25 119.129
23.251 -119.137
23.251 119.137
23.252 -119.144
23.252 119.144
23.253 -119.151
23.253 119.151
23.254 -119.159
23.254 119.159
23.255 -119.166
23.255 119.166
23.256 -119.174
23.256 119.174
23.257 -119.181
23.257 119.181
23.258 -119.188
23.258 119.188
23.259 -119.196
23.259 119.196
23.26 -119.203
23.26 119.203
23.261 -119.211
23.261 119.211
23.262 -119.218
23.262 119.218
23.263 -119.225
23.263 119.225
23.264 -119.233
23.264 119.233
23.265 -119.24
23.265 119.24
23.266 -119.247
23.266 119.247
23.267 -119.255
23.267 119.255
23.268 -119.262
23.268 119.262
23.269 -119.27
23.269 119.27
23.27 -119.277
23.27 119.277
23.271 -119.284
23.271 119.284
23.272 -119.292
23.272 119.292
23.273 -119.299
23.273 119.299
23.274 -119.307
23.274 119.307
23.275 -119.314
23.275 119.314
23.276 -119.321
23.276 119.321
23.277 -119.329
23.277 119.329
23.278 -119.336
23.278 119.336
23.279 -119.344
23.279 119.344
23.28 -119.351
23.28 119.351
23.281 -119.358
23.281 119.358
23.282 -119.366
23.282 119.366
23.283 -119.373
23.283 119.373
23.284 -119.381
23.284 119.381
23.285 -119.388
23.285 119.388
23.286 -119.395
23.286 119.395
23.287 -119.403
23.287 119.403
23.288 -119.41
23.288 119.41
23.289 -119.418
23.289 119.418
23.29 -119.425
23.29 119.425
23.291 -119.432
23.291 119.432
23.292 -119.44
23.292 119.44
23.293 -119.447
23.293 119.447
23.294 -119.455
23.294 119.455
23.295 -119.462
23.295 119.462
23.296 -119.469
23.296 119.469
23.297 -119.477
23.297 119.477
23.298 -119.484
23.298 119.484
23.299 -119.492
23.299 119.492
23.3 -119.499
23.3 119.499
23.301 -119.506
23.301 119.506
23.302 -119.514
23.302 119.514
23.303 -119.521
23.303 119.521
23.304 -119.529
23.304 119.529
23.305 -119.536
23.305 119.536
23.306 -119.543
23.306 119.543
23.307 -119.551
23.307 119.551
23.308 -119.558
23.308 119.558
23.309 -119.566
23.309 119.566
23.31 -119.573
23.31 119.573
23.311 -119.58
23.311 119.58
23.312 -119.588
23.312 119.588
23.313 -119.595
23.313 119.595
23.314 -119.603
23.314 119.603
23.315 -119.61
23.315 119.61
23.316 -119.617
23.316 119.617
23.317 -119.625
23.317 119.625
23.318 -119.632
23.318 119.632
23.319 -119.64
23.319 119.64
23.32 -119.647
23.32 119.647
23.321 -119.654
23.321 119.654
23.322 -119.662
23.322 119.662
23.323 -119.669
23.323 119.669
23.324 -119.677
23.324 119.677
23.325 -119.684
23.325 119.684
23.326 -119.691
23.326 119.691
23.327 -119.699
23.327 119.699
23.328 -119.706
23.328 119.706
23.329 -119.714
23.329 119.714
23.33 -119.721
23.33 119.721
23.331 -119.728
23.331 119.728
23.332 -119.736
23.332 119.736
23.333 -119.743
23.333 119.743
23.334 -119.751
23.334 119.751
23.335 -119.758
23.335 119.758
23.336 -119.765
23.336 119.765
23.337 -119.773
23.337 119.773
23.338 -119.78
23.338 119.78
23.339 -119.788
23.339 119.788
23.34 -119.795
23.34 119.795
23.341 -119.802
23.341 119.802
23.342 -119.81
23.342 119.81
23.343 -119.817
23.343 119.817
23.344 -119.825
23.344 119.825
23.345 -119.832
23.345 119.832
23.346 -119.84
23.346 119.84
23.347 -119.847
23.347 119.847
23.348 -119.854
23.348 119.854
23.349 -119.862
23.349 119.862
23.35 -119.869
23.35 119.869
23.351 -119.877
23.351 119.877
23.352 -119.884
23.352 119.884
23.353 -119.891
23.353 119.891
23.354 -119.899
23.354 119.899
23.355 -119.906
23.355 119.906
23.356 -119.914
23.356 119.914
23.357 -119.921
23.357 119.921
23.358 -119.928
23.358 119.928
23.359 -119.936
23.359 119.936
23.36 -119.943
23.36 119.943
23.361 -119.951
23.361 119.951
23.362 -119.958
23.362 119.958
23.363 -119.965
23.363 119.965
23.364 -119.973
23.364 119.973
23.365 -119.98
23.365 119.98
23.366 -119.988
23.366 119.988
23.367 -119.995
23.367 119.995
23.368 -120.003
23.368 120.003
23.369 -120.01
23.369 120.01
23.37 -120.017
23.37 120.017
23.371 -120.025
23.371 120.025
23.372 -120.032
23.372 120.032
23.373 -120.04
23.373 120.04
23.374 -120.047
23.374 120.047
23.375 -120.054
23.375 120.054
23.376 -120.062
23.376 120.062
23.377 -120.069
23.377 120.069
23.378 -120.077
23.378 120.077
23.379 -120.084
23.379 120.084
23.38 -120.091
23.38 120.091
23.381 -120.099
23.381 120.099
23.382 -120.106
23.382 120.106
23.383 -120.114
23.383 120.114
23.384 -120.121
23.384 120.121
23.385 -120.128
23.385 120.128
23.386 -120.136
23.386 120.136
23.387 -120.143
23.387 120.143
23.388 -120.151
23.388 120.151
23.389 -120.158
23.389 120.158
23.39 -120.166
23.39 120.166
23.391 -120.173
23.391 120.173
23.392 -120.18
23.392 120.18
23.393 -120.188
23.393 120.188
23.394 -120.195
23.394 120.195
23.395 -120.203
23.395 120.203
23.396 -120.21
23.396 120.21
23.397 -120.217
23.397 120.217
23.398 -120.225
23.398 120.225
23.399 -120.232
23.399 120.232
23.4 -120.24
23.4 120.24
23.401 -120.247
23.401 120.247
23.402 -120.255
23.402 120.255
23.403 -120.262
23.403 120.262
23.404 -120.269
23.404 120.269
23.405 -120.277
23.405 120.277
23.406 -120.284
23.406 120.284
23.407 -120.292
23.407 120.292
23.408 -120.299
23.408 120.299
23.409 -120.306
23.409 120.306
23.41 -120.314
23.41 120.314
23.411 -120.321
23.411 120.321
23.412 -120.329
23.412 120.329
23.413 -120.336
23.413 120.336
23.414 -120.344
23.414 120.344
23.415 -120.351
23.415 120.351
23.416 -120.358
23.416 120.358
23.417 -120.366
23.417 120.366
23.418 -120.373
23.418 120.373
23.419 -120.381
23.419 120.381
23.42 -120.388
23.42 120.388
23.421 -120.395
23.421 120.395
23.422 -120.403
23.422 120.403
23.423 -120.41
23.423 120.41
23.424 -120.418
23.424 120.418
23.425 -120.425
23.425 120.425
23.426 -120.433
23.426 120.433
23.427 -120.44
23.427 120.44
23.428 -120.447
23.428 120.447
23.429 -120.455
23.429 120.455
23.43 -120.462
23.43 120.462
23.431 -120.47
23.431 120.47
23.432 -120.477
23.432 120.477
23.433 -120.484
23.433 120.484
23.434 -120.492
23.434 120.492
23.435 -120.499
23.435 120.499
23.436 -120.507
23.436 120.507
23.437 -120.514
23.437 120.514
23.438 -120.522
23.438 120.522
23.439 -120.529
23.439 120.529
23.44 -120.536
23.44 120.536
23.441 -120.544
23.441 120.544
23.442 -120.551
23.442 120.551
23.443 -120.559
23.443 120.559
23.444 -120.566
23.444 120.566
23.445 -120.574
23.445 120.574
23.446 -120.581
23.446 120.581
23.447 -120.588
23.447 120.588
23.448 -120.596
23.448 120.596
23.449 -120.603
23.449 120.603
23.45 -120.611
23.45 120.611
23.451 -120.618
23.451 120.618
23.452 -120.625
23.452 120.625
23.453 -120.633
23.453 120.633
23.454 -120.64
23.454 120.64
23.455 -120.648
23.455 120.648
23.456 -120.655
23.456 120.655
23.457 -120.663
23.457 120.663
23.458 -120.67
23.458 120.67
23.459 -120.677
23.459 120.677
23.46 -120.685
23.46 120.685
23.461 -120.692
23.461 120.692
23.462 -120.7
23.462 120.7
23.463 -120.707
23.463 120.707
23.464 -120.715
23.464 120.715
23.465 -120.722
23.465 120.722
23.466 -120.729
23.466 120.729
23.467 -120.737
23.467 120.737
23.468 -120.744
23.468 120.744
23.469 -120.752
23.469 120.752
23.47 -120.759
23.47 120.759
23.471 -120.767
23.471 120.767
23.472 -120.774
23.472 120.774
23.473 -120.781
23.473 120.781
23.474 -120.789
23.474 120.789
23.475 -120.796
23.475 120.796
23.476 -120.804
23.476 120.804
23.477 -120.811
23.477 120.811
23.478 -120.819
23.478 120.819
23.479 -120.826
23.479 120.826
23.48 -120.833
23.48 120.833
23.481 -120.841
23.481 120.841
23.482 -120.848
23.482 120.848
23.483 -120.856
23.483 120.856
23.484 -120.863
23.484 120.863
23.485 -120.87
23.485 120.87
23.486 -120.878
23.486 120.878
23.487 -120.885
23.487 120.885
23.488 -120.893
23.488 120.893
23.489 -120.9
23.489 120.9
23.49 -120.908
23.49 120.908
23.491 -120.915
23.491 120.915
23.492 -120.922
23.492 120.922
23.493 -120.93
23.493 120.93
23.494 -120.937
23.494 120.937
23.495 -120.945
23.495 120.945
23.496 -120.952
23.496 120.952
23.497 -120.96
23.497 120.96
23.498 -120.967
23.498 120.967
23.499 -120.974
23.499 120.974
23.5 -120.982
23.5 120.982
23.501 -120.989
23.501 120.989
23.502 -120.997
23.502 120.997
23.503 -121.004
23.503 121.004
23.504 -121.012
23.504 121.012
23.505 -121.019
23.505 121.019
23.506 -121.027
23.506 121.027
23.507 -121.034
23.507 121.034
23.508 -121.041
23.508 121.041
23.509 -121.049
23.509 121.049
23.51 -121.056
23.51 121.056
23.511 -121.064
23.511 121.064
23.512 -121.071
23.512 121.071
23.513 -121.079
23.513 121.079
23.514 -121.086
23.514 121.086
23.515 -121.093
23.515 121.093
23.516 -121.101
23.516 121.101
23.517 -121.108
23.517 121.108
23.518 -121.116
23.518 121.116
23.519 -121.123
23.519 121.123
23.52 -121.131
23.52 121.131
23.521 -121.138
23.521 121.138
23.522 -121.145
23.522 121.145
23.523 -121.153
23.523 121.153
23.524 -121.16
23.524 121.16
23.525 -121.168
23.525 121.168
23.526 -121.175
23.526 121.175
23.527 -121.183
23.527 121.183
23.528 -121.19
23.528 121.19
23.529 -121.197
23.529 121.197
23.53 -121.205
23.53 121.205
23.531 -121.212
23.531 121.212
23.532 -121.22
23.532 121.22
23.533 -121.227
23.533 121.227
23.534 -121.235
23.534 121.235
23.535 -121.242
23.535 121.242
23.536 -121.249
23.536 121.249
23.537 -121.257
23.537 121.257
23.538 -121.264
23.538 121.264
23.539 -121.272
23.539 121.272
23.54 -121.279
23.54 121.279
23.541 -121.287
23.541 121.287
23.542 -121.294
23.542 121.294
23.543 -121.302
23.543 121.302
23.544 -121.309
23.544 121.309
23.545 -121.316
23.545 121.316
23.546 -121.324
23.546 121.324
23.547 -121.331
23.547 121.331
23.548 -121.339
23.548 121.339
23.549 -121.346
23.549 121.346
23.55 -121.354
23.55 121.354
23.551 -121.361
23.551 121.361
23.552 -121.368
23.552 121.368
23.553 -121.376
23.553 121.376
23.554 -121.383
23.554 121.383
23.555 -121.391
23.555 121.391
23.556 -121.398
23.556 121.398
23.557 -121.406
23.557 121.406
23.558 -121.413
23.558 121.413
23.559 -121.421
23.559 121.421
23.56 -121.428
23.56 121.428
23.561 -121.435
23.561 121.435
23.562 -121.443
23.562 121.443
23.563 -121.45
23.563 121.45
23.564 -121.458
23.564 121.458
23.565 -121.465
23.565 121.465
23.566 -121.473
23.566 121.473
23.567 -121.48
23.567 121.48
23.568 -121.487
23.568 121.487
23.569 -121.495
23.569 121.495
23.57 -121.502
23.57 121.502
23.571 -121.51
23.571 121.51
23.572 -121.517
23.572 121.517
23.573 -121.525
23.573 121.525
23.574 -121.532
23.574 121.532
23.575 -121.54
23.575 121.54
23.576 -121.547
23.576 121.547
23.577 -121.554
23.577 121.554
23.578 -121.562
23.578 121.562
23.579 -121.569
23.579 121.569
23.58 -121.577
23.58 121.577
23.581 -121.584
23.581 121.584
23.582 -121.592
23.582 121.592
23.583 -121.599
23.583 121.599
23.584 -121.607
23.584 121.607
23.585 -121.614
23.585 121.614
23.586 -121.621
23.586 121.621
23.587 -121.629
23.587 121.629
23.588 -121.636
23.588 121.636
23.589 -121.644
23.589 121.644
23.59 -121.651
23.59 121.651
23.591 -121.659
23.591 121.659
23.592 -121.666
23.592 121.666
23.593 -121.674
23.593 121.674
23.594 -121.681
23.594 121.681
23.595 -121.688
23.595 121.688
23.596 -121.696
23.596 121.696
23.597 -121.703
23.597 121.703
23.598 -121.711
23.598 121.711
23.599 -121.718
23.599 121.718
23.6 -121.726
23.6 121.726
23.601 -121.733
23.601 121.733
23.602 -121.741
23.602 121.741
23.603 -121.748
23.603 121.748
23.604 -121.755
23.604 121.755
23.605 -121.763
23.605 121.763
23.606 -121.77
23.606 121.77
23.607 -121.778
23.607 121.778
23.608 -121.785
23.608 121.785
23.609 -121.793
23.609 121.793
23.61 -121.8
23.61 121.8
23.611 -121.808
23.611 121.808
23.612 -121.815
23.612 121.815
23.613 -121.822
23.613 121.822
23.614 -121.83
23.614 121.83
23.615 -121.837
23.615 121.837
23.616 -121.845
23.616 121.845
23.617 -121.852
23.617 121.852
23.618 -121.86
23.618 121.86
23.619 -121.867
23.619 121.867
23.62 -121.875
23.62 121.875
23.621 -121.882
23.621 121.882
23.622 -121.889
23.622 121.889
23.623 -121.897
23.623 121.897
23.624 -121.904
23.624 121.904
23.625 -121.912
23.625 121.912
23.626 -121.919
23.626 121.919
23.627 -121.927
23.627 121.927
23.628 -121.934
23.628 121.934
23.629 -121.942
23.629 121.942
23.63 -121.949
23.63 121.949
23.631 -121.957
23.631 121.957
23.632 -121.964
23.632 121.964
23.633 -121.971
23.633 121.971
23.634 -121.979
23.634 121.979
23.635 -121.986
23.635 121.986
23.636 -121.994
23.636 121.994
23.637 -122.001
23.637 122.001
23.638 -122.009
23.638 122.009
23.639 -122.016
23.639 122.016
23.64 -122.024
23.64 122.024
23.641 -122.031
23.641 122.031
23.642 -122.038
23.642 122.038
23.643 -122.046
23.643 122.046
23.644 -122.053
23.644 122.053
23.645 -122.061
23.645 122.061
23.646 -122.068
23.646 122.068
23.647 -122.076
23.647 122.076
23.648 -122.083
23.648 122.083
23.649 -122.091
23.649 122.091
23.65 -122.098
23.65 122.098
23.651 -122.106
23.651 122.106
23.652 -122.113
23.652 122.113
23.653 -122.12
23.653 122.12
23.654 -122.128
23.654 122.128
23.655 -122.135
23.655 122.135
23.656 -122.143
23.656 122.143
23.657 -122.15
23.657 122.15
23.658 -122.158
23.658 122.158
23.659 -122.165
23.659 122.165
23.66 -122.173
23.66 122.173
23.661 -122.18
23.661 122.18
23.662 -122.188
23.662 122.188
23.663 -122.195
23.663 122.195
23.664 -122.202
23.664 122.202
23.665 -122.21
23.665 122.21
23.666 -122.217
23.666 122.217
23.667 -122.225
23.667 122.225
23.668 -122.232
23.668 122.232
23.669 -122.24
23.669 122.24
23.67 -122.247
23.67 122.247
23.671 -122.255
23.671 122.255
23.672 -122.262
23.672 122.262
23.673 -122.27
23.673 122.27
23.674 -122.277
23.674 122.277
23.675 -122.284
23.675 122.284
23.676 -122.292
23.676 122.292
23.677 -122.299
23.677 122.299
23.678 -122.307
23.678 122.307
23.679 -122.314
23.679 122.314
23.68 -122.322
23.68 122.322
23.681 -122.329
23.681 122.329
23.682 -122.337
23.682 122.337
23.683 -122.344
23.683 122.344
23.684 -122.352
23.684 122.352
23.685 -122.359
23.685 122.359
23.686 -122.366
23.686 122.366
23.687 -122.374
23.687 122.374
23.688 -122.381
23.688 122.381
23.689 -122.389
23.689 122.389
23.69 -122.396
23.69 122.396
23.691 -122.404
23.691 122.404
23.692 -122.411
23.692 122.411
23.693 -122.419
23.693 122.419
23.694 -122.426
23.694 122.426
23.695 -122.434
23.695 122.434
23.696 -122.441
23.696 122.441
23.697 -122.449
23.697 122.449
23.698 -122.456
23.698 122.456
23.699 -122.463
23.699 122.463
23.7 -122.471
23.7 122.471
23.701 -122.478
23.701 122.478
23.702 -122.486
23.702 122.486
23.703 -122.493
23.703 122.493
23.704 -122.501
23.704 122.501
23.705 -122.508
23.705 122.508
23.706 -122.516
23.706 122.516
23.707 -122.523
23.707 122.523
23.708 -122.531
23.708 122.531
23.709 -122.538
23.709 122.538
23.71 -122.546
23.71 122.546
23.711 -122.553
23.711 122.553
23.712 -122.56
23.712 122.56
23.713 -122.568
23.713 122.568
23.714 -122.575
23.714 122.575
23.715 -122.583
23.715 122.583
23.716 -122.59
23.716 122.59
23.717 -122.598
23.717 122.598
23.718 -122.605
23.718 122.605
23.719 -122.613
23.719 122.613
23.72 -122.62
23.72 122.62
23.721 -122.628
23.721 122.628
23.722 -122.635
23.722 122.635
23.723 -122.643
23.723 122.643
23.724 -122.65
23.724 122.65
23.725 -122.657
23.725 122.657
23.726 -122.665
23.726 122.665
23.727 -122.672
23.727 122.672
23.728 -122.68
23.728 122.68
23.729 -122.687
23.729 122.687
23.73 -122.695
23.73 122.695
23.731 -122.702
23.731 122.702
23.732 -122.71
23.732 122.71
23.733 -122.717
23.733 122.717
23.734 -122.725
23.734 122.725
23.735 -122.732
23.735 122.732
23.736 -122.74
23.736 122.74
23.737 -122.747
23.737 122.747
23.738 -122.754
23.738 122.754
23.739 -122.762
23.739 122.762
23.74 -122.769
23.74 122.769
23.741 -122.777
23.741 122.777
23.742 -122.784
23.742 122.784
23.743 -122.792
23.743 122.792
23.744 -122.799
23.744 122.799
23.745 -122.807
23.745 122.807
23.746 -122.814
23.746 122.814
23.747 -122.822
23.747 122.822
23.748 -122.829
23.748 122.829
23.749 -122.837
23.749 122.837
23.75 -122.844
23.75 122.844
23.751 -122.852
23.751 122.852
23.752 -122.859
23.752 122.859
23.753 -122.866
23.753 122.866
23.754 -122.874
23.754 122.874
23.755 -122.881
23.755 122.881
23.756 -122.889
23.756 122.889
23.757 -122.896
23.757 122.896
23.758 -122.904
23.758 122.904
23.759 -122.911
23.759 122.911
23.76 -122.919
23.76 122.919
23.761 -122.926
23.761 122.926
23.762 -122.934
23.762 122.934
23.763 -122.941
23.763 122.941
23.764 -122.949
23.764 122.949
23.765 -122.956
23.765 122.956
23.766 -122.964
23.766 122.964
23.767 -122.971
23.767 122.971
23.768 -122.979
23.768 122.979
23.769 -122.986
23.769 122.986
23.77 -122.993
23.77 122.993
23.771 -123.001
23.771 123.001
23.772 -123.008
23.772 123.008
23.773 -123.016
23.773 123.016
23.774 -123.023
23.774 123.023
23.775 -123.031
23.775 123.031
23.776 -123.038
23.776 123.038
23.777 -123.046
23.777 123.046
23.778 -123.053
23.778 123.053
23.779 -123.061
23.779 123.061
23.78 -123.068
23.78 123.068
23.781 -123.076
23.781 123.076
23.782 -123.083
23.782 123.083
23.783 -123.091
23.783 123.091
23.784 -123.098
23.784 123.098
23.785 -123.106
23.785 123.106
23.786 -123.113
23.786 123.113
23.787 -123.12
23.787 123.12
23.788 -123.128
23.788 123.128
23.789 -123.135
23.789 123.135
23.79 -123.143
23.79 123.143
23.791 -123.15
23.791 123.15
23.792 -123.158
23.792 123.158
23.793 -123.165
23.793 123.165
23.794 -123.173
23.794 123.173
23.795 -123.18
23.795 123.18
23.796 -123.188
23.796 123.188
23.797 -123.195
23.797 123.195
23.798 -123.203
23.798 123.203
23.799 -123.21
23.799 123.21
23.8 -123.218
23.8 123.218
23.801 -123.225
23.801 123.225
23.802 -123.233
23.802 123.233
23.803 -123.24
23.803 123.24
23.804 -123.248
23.804 123.248
23.805 -123.255
23.805 123.255
23.806 -123.263
23.806 123.263
23.807 -123.27
23.807 123.27
23.808 -123.277
23.808 123.277
23.809 -123.285
23.809 123.285
23.81 -123.292
23.81 123.292
23.811 -123.3
23.811 123.3
23.812 -123.307
23.812 123.307
23.813 -123.315
23.813 123.315
23.814 -123.322
23.814 123.322
23.815 -123.33
23.815 123.33
23.816 -123.337
23.816 123.337
23.817 -123.345
23.817 123.345
23.818 -123.352
23.818 123.352
23.819 -123.36
23.819 123.36
23.82 -123.367
23.82 123.367
23.821 -123.375
23.821 123.375
23.822 -123.382
23.822 123.382
23.823 -123.39
23.823 123.39
23.824 -123.397
23.824 123.397
23.825 -123.405
23.825 123.405
23.826 -123.412
23.826 123.412
23.827 -123.42
23.827 123.42
23.828 -123.427
23.828 123.427
23.829 -123.435
23.829 123.435
23.83 -123.442
23.83 123.442
23.831 -123.449
23.831 123.449
23.832 -123.457
23.832 123.457
23.833 -123.464
23.833 123.464
23.834 -123.472
23.834 123.472
23.835 -123.479
23.835 123.479
23.836 -123.487
23.836 123.487
23.837 -123.494
23.837 123.494
23.838 -123.502
23.838 123.502
23.839 -123.509
23.839 123.509
23.84 -123.517
23.84 123.517
23.841 -123.524
23.841 123.524
23.842 -123.532
23.842 123.532
23.843 -123.539
23.843 123.539
23.844 -123.547
23.844 123.547
23.845 -123.554
23.845 123.554
23.846 -123.562
23.846 123.562
23.847 -123.569
23.847 123.569
23.848 -123.577
23.848 123.577
23.849 -123.584
23.849 123.584
23.85 -123.592
23.85 123.592
23.851 -123.599
23.851 123.599
23.852 -123.607
23.852 123.607
23.853 -123.614
23.853 123.614
23.854 -123.622
23.854 123.622
23.855 -123.629
23.855 123.629
23.856 -123.637
23.856 123.637
23.857 -123.644
23.857 123.644
23.858 -123.651
23.858 123.651
23.859 -123.659
23.859 123.659
23.86 -123.666
23.86 123.666
23.861 -123.674
23.861 123.674
23.862 -123.681
23.862 123.681
23.863 -123.689
23.863 123.689
23.864 -123.696
23.864 123.696
23.865 -123.704
23.865 123.704
23.866 -123.711
23.866 123.711
23.867 -123.719
23.867 123.719
23.868 -123.726
23.868 123.726
23.869 -123.734
23.869 123.734
23.87 -123.741
23.87 123.741
23.871 -123.749
23.871 123.749
23.872 -123.756
23.872 123.756
23.873 -123.764
23.873 123.764
23.874 -123.771
23.874 123.771
23.875 -123.779
23.875 123.779
23.876 -123.786
23.876 123.786
23.877 -123.794
23.877 123.794
23.878 -123.801
23.878 123.801
23.879 -123.809
23.879 123.809
23.88 -123.816
23.88 123.816
23.881 -123.824
23.881 123.824
23.882 -123.831
23.882 123.831
23.883 -123.839
23.883 123.839
23.884 -123.846
23.884 123.846
23.885 -123.854
23.885 123.854
23.886 -123.861
23.886 123.861
23.887 -123.869
23.887 123.869
23.888 -123.876
23.888 123.876
23.889 -123.884
23.889 123.884
23.89 -123.891
23.89 123.891
23.891 -123.899
23.891 123.899
23.892 -123.906
23.892 123.906
23.893 -123.913
23.893 123.913
23.894 -123.921
23.894 123.921
23.895 -123.928
23.895 123.928
23.896 -123.936
23.896 123.936
23.897 -123.943
23.897 123.943
23.898 -123.951
23.898 123.951
23.899 -123.958
23.899 123.958
23.9 -123.966
23.9 123.966
23.901 -123.973
23.901 123.973
23.902 -123.981
23.902 123.981
23.903 -123.988
23.903 123.988
23.904 -123.996
23.904 123.996
23.905 -124.003
23.905 124.003
23.906 -124.011
23.906 124.011
23.907 -124.018
23.907 124.018
23.908 -124.026
23.908 124.026
23.909 -124.033
23.909 124.033
23.91 -124.041
23.91 124.041
23.911 -124.048
23.911 124.048
23.912 -124.056
23.912 124.056
23.913 -124.063
23.913 124.063
23.914 -124.071
23.914 124.071
23.915 -124.078
23.915 124.078
23.916 -124.086
23.916 124.086
23.917 -124.093
23.917 124.093
23.918 -124.101
23.918 124.101
23.919 -124.108
23.919 124.108
23.92 -124.116
23.92 124.116
23.921 -124.123
23.921 124.123
23.922 -124.131
23.922 124.131
23.923 -124.138
23.923 124.138
23.924 -124.146
23.924 124.146
23.925 -124.153
23.925 124.153
23.926 -124.161
23.926 124.161
23.927 -124.168
23.927 124.168
23.928 -124.176
23.928 124.176
23.929 -124.183
23.929 124.183
23.93 -124.191
23.93 124.191
23.931 -124.198
23.931 124.198
23.932 -124.206
23.932 124.206
23.933 -124.213
23.933 124.213
23.934 -124.221
23.934 124.221
23.935 -124.228
23.935 124.228
23.936 -124.236
23.936 124.236
23.937 -124.243
23.937 124.243
23.938 -124.251
23.938 124.251
23.939 -124.258
23.939 124.258
23.94 -124.266
23.94 124.266
23.941 -124.273
23.941 124.273
23.942 -124.281
23.942 124.281
23.943 -124.288
23.943 124.288
23.944 -124.296
23.944 124.296
23.945 -124.303
23.945 124.303
23.946 -124.311
23.946 124.311
23.947 -124.318
23.947 124.318
23.948 -124.326
23.948 124.326
23.949 -124.333
23.949 124.333
23.95 -124.341
23.95 124.341
23.951 -124.348
23.951 124.348
23.952 -124.356
23.952 124.356
23.953 -124.363
23.953 124.363
23.954 -124.371
23.954 124.371
23.955 -124.378
23.955 124.378
23.956 -124.386
23.956 124.386
23.957 -124.393
23.957 124.393
23.958 -124.401
23.958 124.401
23.959 -124.408
23.959 124.408
23.96 -124.416
23.96 124.416
23.961 -124.423
23.961 124.423
23.962 -124.431
23.962 124.431
23.963 -124.438
23.963 124.438
23.964 -124.446
23.964 124.446
23.965 -124.453
23.965 124.453
23.966 -124.461
23.966 124.461
23.967 -124.468
23.967 124.468
23.968 -124.476
23.968 124.476
23.969 -124.483
23.969 124.483
23.97 -124.491
23.97 124.491
23.971 -124.498
23.971 124.498
23.972 -124.506
23.972 124.506
23.973 -124.513
23.973 124.513
23.974 -124.521
23.974 124.521
23.975 -124.528
23.975 124.528
23.976 -124.536
23.976 124.536
23.977 -124.543
23.977 124.543
23.978 -124.551
23.978 124.551
23.979 -124.558
23.979 124.558
23.98 -124.566
23.98 124.566
23.981 -124.573
23.981 124.573
23.982 -124.581
23.982 124.581
23.983 -124.588
23.983 124.588
23.984 -124.596
23.984 124.596
23.985 -124.603
23.985 124.603
23.986 -124.611
23.986 124.611
23.987 -124.618
23.987 124.618
23.988 -124.626
23.988 124.626
23.989 -124.633
23.989 124.633
23.99 -124.641
23.99 124.641
23.991 -124.648
23.991 124.648
23.992 -124.656
23.992 124.656
23.993 -124.663
23.993 124.663
23.994 -124.671
23.994 124.671
23.995 -124.678
23.995 124.678
23.996 -124.686
23.996 124.686
23.997 -124.693
23.997 124.693
23.998 -124.701
23.998 124.701
23.999 -124.708
23.999 124.708
