-2.999 -0.0948367
-2.999 0.0948367
-2.998 -0.134075
-2.998 0.134075
-2.997 -0.164152
-2.997 0.164152
-2.996 -0.189484
-2.996 0.189484
-2.995 -0.211778
-2.995 0.211778
-2.994 -0.231914
-2.994 0.231914
-2.993 -0.250412
-2.993 0.250412
-2.992 -0.267613
-2.992 0.267613
-2.991 -0.283751
-2.991 0.283751
-2.99 -0.299
-2.99 0.299
-2.989 -0.313489
-2.989 0.313489
-2.988 -0.327319
-2.988 0.327319
-2.987 -0.34057
-2.987 0.34057
-2.986 -0.353308
-2.986 0.353308
-2.985 -0.365586
-2.985 0.365586
-2.984 -0.377449
-2.984 0.377449
-2.983 -0.388936
-2.983 0.388936
-2.982 -0.400077
-2.982 0.400077
-2.981 -0.410902
-2.981 0.410902
-2.98 -0.421436
-2.98 0.421436
-2.979 -0.431698
-2.979 0.431698
-2.978 -0.441709
-2.978 0.441709
-2.977 -0.451484
-2.977 0.451484
-2.976 -0.46104
-2.976 0.46104
-2.975 -0.470389
-2.975 0.470389
-2.974 -0.479543
-2.974 0.479543
-2.973 -0.488514
-2.973 0.488514
-2.972 -0.497311
-2.972 0.497311
-2.971 -0.505943
-2.971 0.505943
-2.97 -0.514419
-2.97 0.514419
-2.969 -0.522746
-2.969 0.522746
-2.968 -0.530932
-2.968 0.530932
-2.967 -0.538982
-2.967 0.538982
-2.966 -0.546903
-2.966 0.546903
-2.965 -0.554701
-2.965 0.554701
-2.964 -0.562379
-2.964 0.562379
-2.963 -0.569944
-2.963 0.569944
-2.962 -0.5774
-2.962 0.5774
-2.961 -0.584751
-2.961 0.584751
-2.96 -0.592
-2.96 0.592
-2.959 -0.599152
-2.959 0.599152
-2.958 -0.60621
-2.958 0.60621
-2.957 -0.613177
-2.957 0.613177
-2.956 -0.620056
-2.956 0.620056
-2.955 -0.62685
-2.955 0.62685
-2.954 -0.633562
-2.954 0.633562
-2.953 -0.640195
-2.953 0.640195
-2.952 -0.646751
-2.952 0.646751
-2.951 -0.653232
-2.951 0.653232
-2.95 -0.65964
-2.95 0.65964
-2.949 -0.665978
-2.949 0.665978
-2.948 -0.672247
-2.948 0.672247
-2.947 -0.67845
-2.947 0.67845
-2.946 -0.684589
-2.946 0.684589
-2.945 -0.690664
-2.945 0.690664
-2.944 -0.696678
-2.944 0.696678
-2.943 -0.702632
-2.943 0.702632
-2.942 -0.708527
-2.942 0.708527
-2.941 -0.714366
-2.941 0.714366
-2.94 -0.72015
-2.94 0.72015
-2.939 -0.725879
-2.939 0.725879
-2.938 -0.731556
-2.938 0.731556
-2.937 -0.737181
-2.937 0.737181
-2.936 -0.742756
-2.936 0.742756
-2.935 -0.748281
-2.935 0.748281
-2.934 -0.753758
-2.934 0.753758
-2.933 -0.759188
-2.933 0.759188
-2.932 -0.764572
-2.932 0.764572
-2.931 -0.769911
-2.931 0.769911
-2.93 -0.775205
-2.93 0.775205
-2.929 -0.780456
-2.929 0.780456
-2.928 -0.785665
-2.928 0.785665
-2.927 -0.790832
-2.927 0.790832
-2.926 -0.795958
-2.926 0.795958
-2.925 -0.801044
-2.925 0.801044
-2.924 -0.806091
-2.924 0.806091
-2.923 -0.8111
-2.923 0.8111
-2.922 -0.81607
-2.922 0.81607
-2.921 -0.821004
-2.921 0.821004
-2.92 -0.825901
-2.92 0.825901
-2.919 -0.830762
-2.919 0.830762
-2.918 -0.835588
-2.918 0.835588
-2.917 -0.84038
-2.917 0.84038
-2.916 -0.845137
-2.916 0.845137
-2.915 -0.849861
-2.915 0.849861
-2.914 -0.854553
-2.914 0.854553
-2.913 -0.859212
-2.913 0.859212
-2.912 -0.863839
-2.912 0.863839
-2.911 -0.868435
-2.911 0.868435
-2.91 -0.873
-2.91 0.873
-2.909 -0.877535
-2.909 0.877535
-2.908 -0.88204
-2.908 0.88204
-2.907 -0.886516
-2.907 0.886516
-2.906 -0.890963
-2.906 0.890963
-2.905 -0.895381
-2.905 0.895381
-2.904 -0.899771
-2.904 0.899771
-2.903 -0.904134
-2.903 0.904134
-2.902 -0.90847
-2.902 0.90847
-2.901 -0.912778
-2.901 0.912778
-2.9 -0.917061
-2.9 0.917061
-2.899 -0.921317
-2.899 0.921317
-2.898 -0.925547
-2.898 0.925547
-2.897 -0.929752
-2.897 0.929752
-2.896 -0.933932
-2.896 0.933932
-2.895 -0.938087
-2.895 0.938087
-2.894 -0.942218
-2.894 0.942218
-2.893 -0.946325
-2.893 0.946325
-2.892 -0.950408
-2.892 0.950408
-2.891 -0.954468
-2.891 0.954468
-2.89 -0.958505
-2.89 0.958505
-2.889 -0.962518
-2.889 0.962518
-2.888 -0.96651
-2.888 0.96651
-2.887 -0.970479
-2.887 0.970479
-2.886 -0.974426
-2.886 0.974426
-2.885 -0.978351
-2.885 0.978351
-2.884 -0.982255
-2.884 0.982255
-2.883 -0.986138
-2.883 0.986138
-2.882 -0.99
-2.882 0.99
-2.881 -0.993841
-2.881 0.993841
-2.88 -0.997661
-2.88 0.997661
-2.879 -1.00146
-2.879 1.00146
-2.878 -1.00524
-2.878 1.00524
-2.877 -1.009
-2.877 1.009
-2.876 -1.01274
-2.876 1.01274
-2.875 -1.01647
-2.875 1.01647
-2.874 -1.02017
-2.874 1.02017
-2.873 -1.02385
-2.873 1.02385
-2.872 -1.02752
-2.872 1.02752
-2.871 -1.03116
-2.871 1.03116
-2.87 -1.03479
-2.87 1.03479
-2.869 -1.0384
-2.869 1.0384
-2.868 -1.042
-2.868 1.042
-2.867 -1.04557
-2.867 1.04557
-2.866 -1.04913
-2.866 1.04913
-2.865 -1.05267
-2.865 1.05267
-2.864 -1.05619
-2.864 1.05619
-2.863 -1.0597
-2.863 1.0597
-2.862 -1.06319
-2.862 1.06319
-2.861 -1.06666
-2.861 1.06666
-2.86 -1.07011
-2.86 1.07011
-2.859 -1.07355
-2.859 1.07355
-2.858 -1.07698
-2.858 1.07698
-2.857 -1.08038
-2.857 1.08038
-2.856 -1.08378
-2.856 1.08378
-2.855 -1.08715
-2.855 1.08715
-2.854 -1.09051
-2.854 1.09051
-2.853 -1.09386
-2.853 1.09386
-2.852 -1.09719
-2.852 1.09719
-2.851 -1.1005
-2.851 1.1005
-2.85 -1.1038
-2.85 1.1038
-2.849 -1.10708
-2.849 1.10708
-2.848 -1.11035
-2.848 1.11035
-2.847 -1.11361
-2.847 1.11361
-2.846 -1.11685
-2.846 1.11685
-2.845 -1.12008
-2.845 1.12008
-2.844 -1.12329
-2.844 1.12329
-2.843 -1.12649
-2.843 1.12649
-2.842 -1.12967
-2.842 1.12967
-2.841 -1.13284
-2.841 1.13284
-2.84 -1.136
-2.84 1.136
-2.839 -1.13914
-2.839 1.13914
-2.838 -1.14227
-2.838 1.14227
-2.837 -1.14539
-2.837 1.14539
-2.836 -1.14849
-2.836 1.14849
-2.835 -1.15158
-2.835 1.15158
-2.834 -1.15466
-2.834 1.15466
-2.833 -1.15772
-2.833 1.15772
-2.832 -1.16077
-2.832 1.16077
-2.831 -1.16381
-2.831 1.16381
-2.83 -1.16684
-2.83 1.16684
-2.829 -1.16985
-2.829 1.16985
-2.828 -1.17285
-2.828 1.17285
-2.827 -1.17584
-2.827 1.17584
-2.826 -1.17882
-2.826 1.17882
-2.825 -1.18178
-2.825 1.18178
-2.824 -1.18473
-2.824 1.18473
-2.823 -1.18767
-2.823 1.18767
-2.822 -1.1906
-2.822 1.1906
-2.821 -1.19352
-2.821 1.19352
-2.82 -1.19642
-2.82 1.19642
-2.819 -1.19932
-2.819 1.19932
-2.818 -1.2022
-2.818 1.2022
-2.817 -1.20507
-2.817 1.20507
-2.816 -1.20793
-2.816 1.20793
-2.815 -1.21078
-2.815 1.21078
-2.814 -1.21361
-2.814 1.21361
-2.813 -1.21644
-2.813 1.21644
-2.812 -1.21925
-2.812 1.21925
-2.811 -1.22206
-2.811 1.22206
-2.81 -1.22485
-2.81 1.22485
-2.809 -1.22763
-2.809 1.22763
-2.808 -1.2304
-2.808 1.2304
-2.807 -1.23316
-2.807 1.23316
-2.806 -1.23591
-2.806 1.23591
-2.805 -1.23865
-2.805 1.23865
-2.804 -1.24138
-2.804 1.24138
-2.803 -1.2441
-2.803 1.2441
-2.802 -1.24681
-2.802 1.24681
-2.801 -1.24951
-2.801 1.24951
-2.8 -1.2522
-2.8 1.2522
-2.799 -1.25488
-2.799 1.25488
-2.798 -1.25754
-2.798 1.25754
-2.797 -1.2602
-2.797 1.2602
-2.796 -1.26285
-2.796 1.26285
-2.795 -1.26549
-2.795 1.26549
-2.794 -1.26812
-2.794 1.26812
-2.793 -1.27074
-2.793 1.27074
-2.792 -1.27335
-2.792 1.27335
-2.791 -1.27595
-2.791 1.27595
-2.79 -1.27854
-2.79 1.27854
-2.789 -1.28112
-2.789 1.28112
-2.788 -1.28369
-2.788 1.28369
-2.787 -1.28625
-2.787 1.28625
-2.786 -1.28881
-2.786 1.28881
-2.785 -1.29135
-2.785 1.29135
-2.784 -1.29389
-2.784 1.29389
-2.783 -1.29641
-2.783 1.29641
-2.782 -1.29893
-2.782 1.29893
-2.781 -1.30144
-2.781 1.30144
-2.78 -1.30394
-2.78 1.30394
-2.779 -1.30643
-2.779 1.30643
-2.778 -1.30891
-2.778 1.30891
-2.777 -1.31138
-2.777 1.31138
-2.776 -1.31384
-2.776 1.31384
-2.775 -1.3163
-2.775 1.3163
-2.774 -1.31874
-2.774 1.31874
-2.773 -1.32118
-2.773 1.32118
-2.772 -1.32361
-2.772 1.32361
-2.771 -1.32603
-2.771 1.32603
-2.77 -1.32845
-2.77 1.32845
-2.769 -1.33085
-2.769 1.33085
-2.768 -1.33325
-2.768 1.33325
-2.767 -1.33563
-2.767 1.33563
-2.766 -1.33801
-2.766 1.33801
-2.765 -1.34038
-2.765 1.34038
-2.764 -1.34275
-2.764 1.34275
-2.763 -1.3451
-2.763 1.3451
-2.762 -1.34745
-2.762 1.34745
-2.761 -1.34979
-2.761 1.34979
-2.76 -1.35212
-2.76 1.35212
-2.759 -1.35444
-2.759 1.35444
-2.758 -1.35676
-2.758 1.35676
-2.757 -1.35906
-2.757 1.35906
-2.756 -1.36136
-2.756 1.36136
-2.755 -1.36366
-2.755 1.36366
-2.754 -1.36594
-2.754 1.36594
-2.753 -1.36822
-2.753 1.36822
-2.752 -1.37048
-2.752 1.37048
-2.751 -1.37275
-2.751 1.37275
-2.75 -1.375
-2.75 1.375
-2.749 -1.37725
-2.749 1.37725
-2.748 -1.37949
-2.748 1.37949
-2.747 -1.38172
-2.747 1.38172
-2.746 -1.38394
-2.746 1.38394
-2.745 -1.38616
-2.745 1.38616
-2.744 -1.38837
-2.744 1.38837
-2.743 -1.39057
-2.743 1.39057
-2.742 -1.39276
-2.742 1.39276
-2.741 -1.39495
-2.741 1.39495
-2.74 -1.39713
-2.74 1.39713
-2.739 -1.3993
-2.739 1.3993
-2.738 -1.40147
-2.738 1.40147
-2.737 -1.40363
-2.737 1.40363
-2.736 -1.40578
-2.736 1.40578
-2.735 -1.40793
-2.735 1.40793
-2.734 -1.41007
-2.734 1.41007
-2.733 -1.4122
-2.733 1.4122
-2.732 -1.41432
-2.732 1.41432
-2.731 -1.41644
-2.731 1.41644
-2.73 -1.41855
-2.73 1.41855
-2.729 -1.42065
-2.729 1.42065
-2.728 -1.42275
-2.728 1.42275
-2.727 -1.42484
-2.727 1.42484
-2.726 -1.42692
-2.726 1.42692
-2.725 -1.429
-2.725 1.429
-2.724 -1.43107
-2.724 1.43107
-2.723 -1.43314
-2.723 1.43314
-2.722 -1.43519
-2.722 1.43519
-2.721 -1.43724
-2.721 1.43724
-2.72 -1.43929
-2.72 1.43929
-2.719 -1.44133
-2.719 1.44133
-2.718 -1.44336
-2.718 1.44336
-2.717 -1.44538
-2.717 1.44538
-2.716 -1.4474
-2.716 1.4474
-2.715 -1.44941
-2.715 1.44941
-2.714 -1.45142
-2.714 1.45142
-2.713 -1.45342
-2.713 1.45342
-2.712 -1.45541
-2.712 1.45541
-2.711 -1.4574
-2.711 1.4574
-2.71 -1.45938
-2.71 1.45938
-2.709 -1.46135
-2.709 1.46135
-2.708 -1.46332
-2.708 1.46332
-2.707 -1.46528
-2.707 1.46528
-2.706 -1.46724
-2.706 1.46724
-2.705 -1.46919
-2.705 1.46919
-2.704 -1.47114
-2.704 1.47114
-2.703 -1.47307
-2.703 1.47307
-2.702 -1.475
-2.702 1.475
-2.701 -1.47693
-2.701 1.47693
-2.7 -1.47885
-2.7 1.47885
-2.699 -1.48076
-2.699 1.48076
-2.698 -1.48267
-2.698 1.48267
-2.697 -1.48458
-2.697 1.48458
-2.696 -1.48647
-2.696 1.48647
-2.695 -1.48836
-2.695 1.48836
-2.694 -1.49025
-2.694 1.49025
-2.693 -1.49213
-2.693 1.49213
-2.692 -1.494
-2.692 1.494
-2.691 -1.49587
-2.691 1.49587
-2.69 -1.49773
-2.69 1.49773
-2.689 -1.49958
-2.689 1.49958
-2.688 -1.50144
-2.688 1.50144
-2.687 -1.50328
-2.687 1.50328
-2.686 -1.50512
-2.686 1.50512
-2.685 -1.50695
-2.685 1.50695
-2.684 -1.50878
-2.684 1.50878
-2.683 -1.5106
-2.683 1.5106
-2.682 -1.51242
-2.682 1.51242
-2.681 -1.51423
-2.681 1.51423
-2.68 -1.51604
-2.68 1.51604
-2.679 -1.51784
-2.679 1.51784
-2.678 -1.51963
-2.678 1.51963
-2.677 -1.52142
-2.677 1.52142
-2.676 -1.52321
-2.676 1.52321
-2.675 -1.52498
-2.675 1.52498
-2.674 -1.52676
-2.674 1.52676
-2.673 -1.52853
-2.673 1.52853
-2.672 -1.53029
-2.672 1.53029
-2.671 -1.53205
-2.671 1.53205
-2.67 -1.5338
-2.67 1.5338
-2.669 -1.53555
-2.669 1.53555
-2.668 -1.53729
-2.668 1.53729
-2.667 -1.53902
-2.667 1.53902
-2.666 -1.54075
-2.666 1.54075
-2.665 -1.54248
-2.665 1.54248
-2.664 -1.5442
-2.664 1.5442
-2.663 -1.54592
-2.663 1.54592
-2.662 -1.54763
-2.662 1.54763
-2.661 -1.54933
-2.661 1.54933
-2.66 -1.55103
-2.66 1.55103
-2.659 -1.55273
-2.659 1.55273
-2.658 -1.55442
-2.658 1.55442
-2.657 -1.5561
-2.657 1.5561
-2.656 -1.55778
-2.656 1.55778
-2.655 -1.55946
-2.655 1.55946
-2.654 -1.56113
-2.654 1.56113
-2.653 -1.56279
-2.653 1.56279
-2.652 -1.56446
-2.652 1.56446
-2.651 -1.56611
-2.651 1.56611
-2.65 -1.56776
-2.65 1.56776
-2.649 -1.56941
-2.649 1.56941
-2.648 -1.57105
-2.648 1.57105
-2.647 -1.57268
-2.647 1.57268
-2.646 -1.57431
-2.646 1.57431
-2.645 -1.57594
-2.645 1.57594
-2.644 -1.57756
-2.644 1.57756
-2.643 -1.57918
-2.643 1.57918
-2.642 -1.58079
-2.642 1.58079
-2.641 -1.5824
-2.641 1.5824
-2.64 -1.584
-2.64 1.584
-2.639 -1.5856
-2.639 1.5856
-2.638 -1.58719
-2.638 1.58719
-2.637 -1.58878
-2.637 1.58878
-2.636 -1.59036
-2.636 1.59036
-2.635 -1.59194
-2.635 1.59194
-2.634 -1.59352
-2.634 1.59352
-2.633 -1.59509
-2.633 1.59509
-2.632 -1.59665
-2.632 1.59665
-2.631 -1.59821
-2.631 1.59821
-2.63 -1.59977
-2.63 1.59977
-2.629 -1.60132
-2.629 1.60132
-2.628 -1.60286
-2.628 1.60286
-2.627 -1.60441
-2.627 1.60441
-2.626 -1.60594
-2.626 1.60594
-2.625 -1.60748
-2.625 1.60748
-2.624 -1.60901
-2.624 1.60901
-2.623 -1.61053
-2.623 1.61053
-2.622 -1.61205
-2.622 1.61205
-2.621 -1.61357
-2.621 1.61357
-2.62 -1.61508
-2.62 1.61508
-2.619 -1.61658
-2.619 1.61658
-2.618 -1.61808
-2.618 1.61808
-2.617 -1.61958
-2.617 1.61958
-2.616 -1.62108
-2.616 1.62108
-2.615 -1.62256
-2.615 1.62256
-2.614 -1.62405
-2.614 1.62405
-2.613 -1.62553
-2.613 1.62553
-2.612 -1.62701
-2.612 1.62701
-2.611 -1.62848
-2.611 1.62848
-2.61 -1.62994
-2.61 1.62994
-2.609 -1.63141
-2.609 1.63141
-2.608 -1.63287
-2.608 1.63287
-2.607 -1.63432
-2.607 1.63432
-2.606 -1.63577
-2.606 1.63577
-2.605 -1.63722
-2.605 1.63722
-2.604 -1.63866
-2.604 1.63866
-2.603 -1.6401
-2.603 1.6401
-2.602 -1.64153
-2.602 1.64153
-2.601 -1.64296
-2.601 1.64296
-2.6 -1.64438
-2.6 1.64438
-2.599 -1.64581
-2.599 1.64581
-2.598 -1.64722
-2.598 1.64722
-2.597 -1.64863
-2.597 1.64863
-2.596 -1.65004
-2.596 1.65004
-2.595 -1.65145
-2.595 1.65145
-2.594 -1.65285
-2.594 1.65285
-2.593 -1.65424
-2.593 1.65424
-2.592 -1.65564
-2.592 1.65564
-2.591 -1.65703
-2.591 1.65703
-2.59 -1.65841
-2.59 1.65841
-2.589 -1.65979
-2.589 1.65979
-2.588 -1.66117
-2.588 1.66117
-2.587 -1.66254
-2.587 1.66254
-2.586 -1.66391
-2.586 1.66391
-2.585 -1.66527
-2.585 1.66527
-2.584 -1.66663
-2.584 1.66663
-2.583 -1.66799
-2.583 1.66799
-2.582 -1.66934
-2.582 1.66934
-2.581 -1.67069
-2.581 1.67069
-2.58 -1.67203
-2.58 1.67203
-2.579 -1.67337
-2.579 1.67337
-2.578 -1.67471
-2.578 1.67471
-2.577 -1.67604
-2.577 1.67604
-2.576 -1.67737
-2.576 1.67737
-2.575 -1.67869
-2.575 1.67869
-2.574 -1.68002
-2.574 1.68002
-2.573 -1.68133
-2.573 1.68133
-2.572 -1.68265
-2.572 1.68265
-2.571 -1.68396
-2.571 1.68396
-2.57 -1.68526
-2.57 1.68526
-2.569 -1.68656
-2.569 1.68656
-2.568 -1.68786
-2.568 1.68786
-2.567 -1.68916
-2.567 1.68916
-2.566 -1.69045
-2.566 1.69045
-2.565 -1.69173
-2.565 1.69173
-2.564 -1.69302
-2.564 1.69302
-2.563 -1.6943
-2.563 1.6943
-2.562 -1.69557
-2.562 1.69557
-2.561 -1.69684
-2.561 1.69684
-2.56 -1.69811
-2.56 1.69811
-2.559 -1.69938
-2.559 1.69938
-2.558 -1.70064
-2.558 1.70064
-2.557 -1.70189
-2.557 1.70189
-2.556 -1.70315
-2.556 1.70315
-2.555 -1.7044
-2.555 1.7044
-2.554 -1.70564
-2.554 1.70564
-2.553 -1.70689
-2.553 1.70689
-2.552 -1.70813
-2.552 1.70813
-2.551 -1.70936
-2.551 1.70936
-2.55 -1.71059
-2.55 1.71059
-2.549 -1.71182
-2.549 1.71182
-2.548 -1.71304
-2.548 1.71304
-2.547 -1.71427
-2.547 1.71427
-2.546 -1.71548
-2.546 1.71548
-2.545 -1.7167
-2.545 1.7167
-2.544 -1.71791
-2.544 1.71791
-2.543 -1.71911
-2.543 1.71911
-2.542 -1.72032
-2.542 1.72032
-2.541 -1.72152
-2.541 1.72152
-2.54 -1.72271
-2.54 1.72271
-2.539 -1.7239
-2.539 1.7239
-2.538 -1.72509
-2.538 1.72509
-2.537 -1.72628
-2.537 1.72628
-2.536 -1.72746
-2.536 1.72746
-2.535 -1.72864
-2.535 1.72864
-2.534 -1.72981
-2.534 1.72981
-2.533 -1.73099
-2.533 1.73099
-2.532 -1.73215
-2.532 1.73215
-2.531 -1.73332
-2.531 1.73332
-2.53 -1.73448
-2.53 1.73448
-2.529 -1.73564
-2.529 1.73564
-2.528 -1.73679
-2.528 1.73679
-2.527 -1.73794
-2.527 1.73794
-2.526 -1.73909
-2.526 1.73909
-2.525 -1.74024
-2.525 1.74024
-2.524 -1.74138
-2.524 1.74138
-2.523 -1.74251
-2.523 1.74251
-2.522 -1.74365
-2.522 1.74365
-2.521 -1.74478
-2.521 1.74478
-2.52 -1.74591
-2.52 1.74591
-2.519 -1.74703
-2.519 1.74703
-2.518 -1.74815
-2.518 1.74815
-2.517 -1.74927
-2.517 1.74927
-2.516 -1.75038
-2.516 1.75038
-2.515 -1.75149
-2.515 1.75149
-2.514 -1.7526
-2.514 1.7526
-2.513 -1.75371
-2.513 1.75371
-2.512 -1.75481
-2.512 1.75481
-2.511 -1.75591
-2.511 1.75591
-2.51 -1.757
-2.51 1.757
-2.509 -1.75809
-2.509 1.75809
-2.508 -1.75918
-2.508 1.75918
-2.507 -1.76026
-2.507 1.76026
-2.506 -1.76135
-2.506 1.76135
-2.505 -1.76242
-2.505 1.76242
-2.504 -1.7635
-2.504 1.7635
-2.503 -1.76457
-2.503 1.76457
-2.502 -1.76564
-2.502 1.76564
-2.501 -1.7667
-2.501 1.7667
-2.5 -1.76777
-2.5 1.76777
-2.499 -1.76883
-2.499 1.76883
-2.498 -1.76988
-2.498 1.76988
-2.497 -1.77093
-2.497 1.77093
-2.496 -1.77198
-2.496 1.77198
-2.495 -1.77303
-2.495 1.77303
-2.494 -1.77407
-2.494 1.77407
-2.493 -1.77511
-2.493 1.77511
-2.492 -1.77615
-2.492 1.77615
-2.491 -1.77718
-2.491 1.77718
-2.49 -1.77822
-2.49 1.77822
-2.489 -1.77924
-2.489 1.77924
-2.488 -1.78027
-2.488 1.78027
-2.487 -1.78129
-2.487 1.78129
-2.486 -1.78231
-2.486 1.78231
-2.485 -1.78332
-2.485 1.78332
-2.484 -1.78434
-2.484 1.78434
-2.483 -1.78534
-2.483 1.78534
-2.482 -1.78635
-2.482 1.78635
-2.481 -1.78735
-2.481 1.78735
-2.48 -1.78835
-2.48 1.78835
-2.479 -1.78935
-2.479 1.78935
-2.478 -1.79034
-2.478 1.79034
-2.477 -1.79134
-2.477 1.79134
-2.476 -1.79232
-2.476 1.79232
-2.475 -1.79331
-2.475 1.79331
-2.474 -1.79429
-2.474 1.79429
-2.473 -1.79527
-2.473 1.79527
-2.472 -1.79624
-2.472 1.79624
-2.471 -1.79722
-2.471 1.79722
-2.47 -1.79819
-2.47 1.79819
-2.469 -1.79915
-2.469 1.79915
-2.468 -1.80012
-2.468 1.80012
-2.467 -1.80108
-2.467 1.80108
-2.466 -1.80204
-2.466 1.80204
-2.465 -1.80299
-2.465 1.80299
-2.464 -1.80394
-2.464 1.80394
-2.463 -1.80489
-2.463 1.80489
-2.462 -1.80584
-2.462 1.80584
-2.461 -1.80678
-2.461 1.80678
-2.46 -1.80772
-2.46 1.80772
-2.459 -1.80866
-2.459 1.80866
-2.458 -1.8096
-2.458 1.8096
-2.457 -1.81053
-2.457 1.81053
-2.456 -1.81146
-2.456 1.81146
-2.455 -1.81238
-2.455 1.81238
-2.454 -1.81331
-2.454 1.81331
-2.453 -1.81423
-2.453 1.81423
-2.452 -1.81514
-2.452 1.81514
-2.451 -1.81606
-2.451 1.81606
-2.45 -1.81697
-2.45 1.81697
-2.449 -1.81788
-2.449 1.81788
-2.448 -1.81878
-2.448 1.81878
-2.447 -1.81969
-2.447 1.81969
-2.446 -1.82059
-2.446 1.82059
-2.445 -1.82148
-2.445 1.82148
-2.444 -1.82238
-2.444 1.82238
-2.443 -1.82327
-2.443 1.82327
-2.442 -1.82416
-2.442 1.82416
-2.441 -1.82505
-2.441 1.82505
-2.44 -1.82593
-2.44 1.82593
-2.439 -1.82681
-2.439 1.82681
-2.438 -1.82769
-2.438 1.82769
-2.437 -1.82856
-2.437 1.82856
-2.436 -1.82943
-2.436 1.82943
-2.435 -1.8303
-2.435 1.8303
-2.434 -1.83117
-2.434 1.83117
-2.433 -1.83203
-2.433 1.83203
-2.432 -1.8329
-2.432 1.8329
-2.431 -1.83375
-2.431 1.83375
-2.43 -1.83461
-2.43 1.83461
-2.429 -1.83546
-2.429 1.83546
-2.428 -1.83631
-2.428 1.83631
-2.427 -1.83716
-2.427 1.83716
-2.426 -1.83801
-2.426 1.83801
-2.425 -1.83885
-2.425 1.83885
-2.424 -1.83969
-2.424 1.83969
-2.423 -1.84052
-2.423 1.84052
-2.422 -1.84136
-2.422 1.84136
-2.421 -1.84219
-2.421 1.84219
-2.42 -1.84302
-2.42 1.84302
-2.419 -1.84384
-2.419 1.84384
-2.418 -1.84467
-2.418 1.84467
-2.417 -1.84549
-2.417 1.84549
-2.416 -1.8463
-2.416 1.8463
-2.415 -1.84712
-2.415 1.84712
-2.414 -1.84793
-2.414 1.84793
-2.413 -1.84874
-2.413 1.84874
-2.412 -1.84955
-2.412 1.84955
-2.411 -1.85035
-2.411 1.85035
-2.41 -1.85116
-2.41 1.85116
-2.409 -1.85196
-2.409 1.85196
-2.408 -1.85275
-2.408 1.85275
-2.407 -1.85355
-2.407 1.85355
-2.406 -1.85434
-2.406 1.85434
-2.405 -1.85513
-2.405 1.85513
-2.404 -1.85591
-2.404 1.85591
-2.403 -1.8567
-2.403 1.8567
-2.402 -1.85748
-2.402 1.85748
-2.401 -1.85826
-2.401 1.85826
-2.4 -1.85903
-2.4 1.85903
-2.399 -1.85981
-2.399 1.85981
-2.398 -1.86058
-2.398 1.86058
-2.397 -1.86134
-2.397 1.86134
-2.396 -1.86211
-2.396 1.86211
-2.395 -1.86287
-2.395 1.86287
-2.394 -1.86363
-2.394 1.86363
-2.393 -1.86439
-2.393 1.86439
-2.392 -1.86515
-2.392 1.86515
-2.391 -1.8659
-2.391 1.8659
-2.39 -1.86665
-2.39 1.86665
-2.389 -1.8674
-2.389 1.8674
-2.388 -1.86814
-2.388 1.86814
-2.387 -1.86889
-2.387 1.86889
-2.386 -1.86963
-2.386 1.86963
-2.385 -1.87036
-2.385 1.87036
-2.384 -1.8711
-2.384 1.8711
-2.383 -1.87183
-2.383 1.87183
-2.382 -1.87256
-2.382 1.87256
-2.381 -1.87329
-2.381 1.87329
-2.38 -1.87401
-2.38 1.87401
-2.379 -1.87474
-2.379 1.87474
-2.378 -1.87546
-2.378 1.87546
-2.377 -1.87617
-2.377 1.87617
-2.376 -1.87689
-2.376 1.87689
-2.375 -1.8776
-2.375 1.8776
-2.374 -1.87831
-2.374 1.87831
-2.373 -1.87902
-2.373 1.87902
-2.372 -1.87973
-2.372 1.87973
-2.371 -1.88043
-2.371 1.88043
-2.37 -1.88113
-2.37 1.88113
-2.369 -1.88183
-2.369 1.88183
-2.368 -1.88252
-2.368 1.88252
-2.367 -1.88322
-2.367 1.88322
-2.366 -1.88391
-2.366 1.88391
-2.365 -1.88459
-2.365 1.88459
-2.364 -1.88528
-2.364 1.88528
-2.363 -1.88596
-2.363 1.88596
-2.362 -1.88665
-2.362 1.88665
-2.361 -1.88732
-2.361 1.88732
-2.36 -1.888
-2.36 1.888
-2.359 -1.88867
-2.359 1.88867
-2.358 -1.88935
-2.358 1.88935
-2.357 -1.89001
-2.357 1.89001
-2.356 -1.89068
-2.356 1.89068
-2.355 -1.89135
-2.355 1.89135
-2.354 -1.89201
-2.354 1.89201
-2.353 -1.89267
-2.353 1.89267
-2.352 -1.89332
-2.352 1.89332
-2.351 -1.89398
-2.351 1.89398
-2.35 -1.89463
-2.35 1.89463
-2.349 -1.89528
-2.349 1.89528
-2.348 -1.89593
-2.348 1.89593
-2.347 -1.89657
-2.347 1.89657
-2.346 -1.89722
-2.346 1.89722
-2.345 -1.89786
-2.345 1.89786
-2.344 -1.8985
-2.344 1.8985
-2.343 -1.89913
-2.343 1.89913
-2.342 -1.89976
-2.342 1.89976
-2.341 -1.9004
-2.341 1.9004
-2.34 -1.90102
-2.34 1.90102
-2.339 -1.90165
-2.339 1.90165
-2.338 -1.90228
-2.338 1.90228
-2.337 -1.9029
-2.337 1.9029
-2.336 -1.90352
-2.336 1.90352
-2.335 -1.90413
-2.335 1.90413
-2.334 -1.90475
-2.334 1.90475
-2.333 -1.90536
-2.333 1.90536
-2.332 -1.90597
-2.332 1.90597
-2.331 -1.90658
-2.331 1.90658
-2.33 -1.90719
-2.33 1.90719
-2.329 -1.90779
-2.329 1.90779
-2.328 -1.90839
-2.328 1.90839
-2.327 -1.90899
-2.327 1.90899
-2.326 -1.90959
-2.326 1.90959
-2.325 -1.91018
-2.325 1.91018
-2.324 -1.91077
-2.324 1.91077
-2.323 -1.91136
-2.323 1.91136
-2.322 -1.91195
-2.322 1.91195
-2.321 -1.91254
-2.321 1.91254
-2.32 -1.91312
-2.32 1.91312
-2.319 -1.9137
-2.319 1.9137
-2.318 -1.91428
-2.318 1.91428
-2.317 -1.91486
-2.317 1.91486
-2.316 -1.91543
-2.316 1.91543
-2.315 -1.916
-2.315 1.916
-2.314 -1.91657
-2.314 1.91657
-2.313 -1.91714
-2.313 1.91714
-2.312 -1.91771
-2.312 1.91771
-2.311 -1.91827
-2.311 1.91827
-2.31 -1.91883
-2.31 1.91883
-2.309 -1.91939
-2.309 1.91939
-2.308 -1.91995
-2.308 1.91995
-2.307 -1.9205
-2.307 1.9205
-2.306 -1.92105
-2.306 1.92105
-2.305 -1.9216
-2.305 1.9216
-2.304 -1.92215
-2.304 1.92215
-2.303 -1.92269
-2.303 1.92269
-2.302 -1.92324
-2.302 1.92324
-2.301 -1.92378
-2.301 1.92378
-2.3 -1.92432
-2.3 1.92432
-2.299 -1.92485
-2.299 1.92485
-2.298 -1.92539
-2.298 1.92539
-2.297 -1.92592
-2.297 1.92592
-2.296 -1.92645
-2.296 1.92645
-2.295 -1.92698
-2.295 1.92698
-2.294 -1.92751
-2.294 1.92751
-2.293 -1.92803
-2.293 1.92803
-2.292 -1.92855
-2.292 1.92855
-2.291 -1.92907
-2.291 1.92907
-2.29 -1.92959
-2.29 1.92959
-2.289 -1.9301
-2.289 1.9301
-2.288 -1.93062
-2.288 1.93062
-2.287 -1.93113
-2.287 1.93113
-2.286 -1.93164
-2.286 1.93164
-2.285 -1.93214
-2.285 1.93214
-2.284 -1.93265
-2.284 1.93265
-2.283 -1.93315
-2.283 1.93315
-2.282 -1.93365
-2.282 1.93365
-2.281 -1.93415
-2.281 1.93415
-2.28 -1.93464
-2.28 1.93464
-2.279 -1.93514
-2.279 1.93514
-2.278 -1.93563
-2.278 1.93563
-2.277 -1.93612
-2.277 1.93612
-2.276 -1.93661
-2.276 1.93661
-2.275 -1.93709
-2.275 1.93709
-2.274 -1.93758
-2.274 1.93758
-2.273 -1.93806
-2.273 1.93806
-2.272 -1.93854
-2.272 1.93854
-2.271 -1.93901
-2.271 1.93901
-2.27 -1.93949
-2.27 1.93949
-2.269 -1.93996
-2.269 1.93996
-2.268 -1.94043
-2.268 1.94043
-2.267 -1.9409
-2.267 1.9409
-2.266 -1.94137
-2.266 1.94137
-2.265 -1.94183
-2.265 1.94183
-2.264 -1.9423
-2.264 1.9423
-2.263 -1.94276
-2.263 1.94276
-2.262 -1.94321
-2.262 1.94321
-2.261 -1.94367
-2.261 1.94367
-2.26 -1.94413
-2.26 1.94413
-2.259 -1.94458
-2.259 1.94458
-2.258 -1.94503
-2.258 1.94503
-2.257 -1.94548
-2.257 1.94548
-2.256 -1.94592
-2.256 1.94592
-2.255 -1.94637
-2.255 1.94637
-2.254 -1.94681
-2.254 1.94681
-2.253 -1.94725
-2.253 1.94725
-2.252 -1.94769
-2.252 1.94769
-2.251 -1.94812
-2.251 1.94812
-2.25 -1.94856
-2.25 1.94856
-2.249 -1.94899
-2.249 1.94899
-2.248 -1.94942
-2.248 1.94942
-2.247 -1.94985
-2.247 1.94985
-2.246 -1.95027
-2.246 1.95027
-2.245 -1.9507
-2.245 1.9507
-2.244 -1.95112
-2.244 1.95112
-2.243 -1.95154
-2.243 1.95154
-2.242 -1.95196
-2.242 1.95196
-2.241 -1.95237
-2.241 1.95237
-2.24 -1.95279
-2.24 1.95279
-2.239 -1.9532
-2.239 1.9532
-2.238 -1.95361
-2.238 1.95361
-2.237 -1.95402
-2.237 1.95402
-2.236 -1.95442
-2.236 1.95442
-2.235 -1.95483
-2.235 1.95483
-2.234 -1.95523
-2.234 1.95523
-2.233 -1.95563
-2.233 1.95563
-2.232 -1.95603
-2.232 1.95603
-2.231 -1.95642
-2.231 1.95642
-2.23 -1.95682
-2.23 1.95682
-2.229 -1.95721
-2.229 1.95721
-2.228 -1.9576
-2.228 1.9576
-2.227 -1.95799
-2.227 1.95799
-2.226 -1.95837
-2.226 1.95837
-2.225 -1.95876
-2.225 1.95876
-2.224 -1.95914
-2.224 1.95914
-2.223 -1.95952
-2.223 1.95952
-2.222 -1.9599
-2.222 1.9599
-2.221 -1.96028
-2.221 1.96028
-2.22 -1.96065
-2.22 1.96065
-2.219 -1.96102
-2.219 1.96102
-2.218 -1.96139
-2.218 1.96139
-2.217 -1.96176
-2.217 1.96176
-2.216 -1.96213
-2.216 1.96213
-2.215 -1.96249
-2.215 1.96249
-2.214 -1.96286
-2.214 1.96286
-2.213 -1.96322
-2.213 1.96322
-2.212 -1.96358
-2.212 1.96358
-2.211 -1.96394
-2.211 1.96394
-2.21 -1.96429
-2.21 1.96429
-2.209 -1.96464
-2.209 1.96464
-2.208 -1.965
-2.208 1.965
-2.207 -1.96535
-2.207 1.96535
-2.206 -1.96569
-2.206 1.96569
-2.205 -1.96604
-2.205 1.96604
-2.204 -1.96638
-2.204 1.96638
-2.203 -1.96673
-2.203 1.96673
-2.202 -1.96707
-2.202 1.96707
-2.201 -1.9674
-2.201 1.9674
-2.2 -1.96774
-2.2 1.96774
-2.199 -1.96807
-2.199 1.96807
-2.198 -1.96841
-2.198 1.96841
-2.197 -1.96874
-2.197 1.96874
-2.196 -1.96907
-2.196 1.96907
-2.195 -1.96939
-2.195 1.96939
-2.194 -1.96972
-2.194 1.96972
-2.193 -1.97004
-2.193 1.97004
-2.192 -1.97036
-2.192 1.97036
-2.191 -1.97068
-2.191 1.97068
-2.19 -1.971
-2.19 1.971
-2.189 -1.97132
-2.189 1.97132
-2.188 -1.97163
-2.188 1.97163
-2.187 -1.97194
-2.187 1.97194
-2.186 -1.97225
-2.186 1.97225
-2.185 -1.97256
-2.185 1.97256
-2.184 -1.97287
-2.184 1.97287
-2.183 -1.97317
-2.183 1.97317
-2.182 -1.97347
-2.182 1.97347
-2.181 -1.97377
-2.181 1.97377
-2.18 -1.97407
-2.18 1.97407
-2.179 -1.97437
-2.179 1.97437
-2.178 -1.97467
-2.178 1.97467
-2.177 -1.97496
-2.177 1.97496
-2.176 -1.97525
-2.176 1.97525
-2.175 -1.97554
-2.175 1.97554
-2.174 -1.97583
-2.174 1.97583
-2.173 -1.97612
-2.173 1.97612
-2.172 -1.9764
-2.172 1.9764
-2.171 -1.97668
-2.171 1.97668
-2.17 -1.97696
-2.17 1.97696
-2.169 -1.97724
-2.169 1.97724
-2.168 -1.97752
-2.168 1.97752
-2.167 -1.9778
-2.167 1.9778
-2.166 -1.97807
-2.166 1.97807
-2.165 -1.97834
-2.165 1.97834
-2.164 -1.97861
-2.164 1.97861
-2.163 -1.97888
-2.163 1.97888
-2.162 -1.97915
-2.162 1.97915
-2.161 -1.97941
-2.161 1.97941
-2.16 -1.97967
-2.16 1.97967
-2.159 -1.97993
-2.159 1.97993
-2.158 -1.98019
-2.158 1.98019
-2.157 -1.98045
-2.157 1.98045
-2.156 -1.98071
-2.156 1.98071
-2.155 -1.98096
-2.155 1.98096
-2.154 -1.98121
-2.154 1.98121
-2.153 -1.98146
-2.153 1.98146
-2.152 -1.98171
-2.152 1.98171
-2.151 -1.98196
-2.151 1.98196
-2.15 -1.9822
-2.15 1.9822
-2.149 -1.98245
-2.149 1.98245
-2.148 -1.98269
-2.148 1.98269
-2.147 -1.98293
-2.147 1.98293
-2.146 -1.98316
-2.146 1.98316
-2.145 -1.9834
-2.145 1.9834
-2.144 -1.98363
-2.144 1.98363
-2.143 -1.98387
-2.143 1.98387
-2.142 -1.9841
-2.142 1.9841
-2.141 -1.98433
-2.141 1.98433
-2.14 -1.98455
-2.14 1.98455
-2.139 -1.98478
-2.139 1.98478
-2.138 -1.985
-2.138 1.985
-2.137 -1.98523
-2.137 1.98523
-2.136 -1.98545
-2.136 1.98545
-2.135 -1.98566
-2.135 1.98566
-2.134 -1.98588
-2.134 1.98588
-2.133 -1.9861
-2.133 1.9861
-2.132 -1.98631
-2.132 1.98631
-2.131 -1.98652
-2.131 1.98652
-2.13 -1.98673
-2.13 1.98673
-2.129 -1.98694
-2.129 1.98694
-2.128 -1.98715
-2.128 1.98715
-2.127 -1.98735
-2.127 1.98735
-2.126 -1.98755
-2.126 1.98755
-2.125 -1.98776
-2.125 1.98776
-2.124 -1.98796
-2.124 1.98796
-2.123 -1.98815
-2.123 1.98815
-2.122 -1.98835
-2.122 1.98835
-2.121 -1.98854
-2.121 1.98854
-2.12 -1.98874
-2.12 1.98874
-2.119 -1.98893
-2.119 1.98893
-2.118 -1.98912
-2.118 1.98912
-2.117 -1.9893
-2.117 1.9893
-2.116 -1.98949
-2.116 1.98949
-2.115 -1.98967
-2.115 1.98967
-2.114 -1.98986
-2.114 1.98986
-2.113 -1.99004
-2.113 1.99004
-2.112 -1.99022
-2.112 1.99022
-2.111 -1.99039
-2.111 1.99039
-2.11 -1.99057
-2.11 1.99057
-2.109 -1.99074
-2.109 1.99074
-2.108 -1.99092
-2.108 1.99092
-2.107 -1.99109
-2.107 1.99109
-2.106 -1.99126
-2.106 1.99126
-2.105 -1.99142
-2.105 1.99142
-2.104 -1.99159
-2.104 1.99159
-2.103 -1.99175
-2.103 1.99175
-2.102 -1.99192
-2.102 1.99192
-2.101 -1.99208
-2.101 1.99208
-2.1 -1.99223
-2.1 1.99223
-2.099 -1.99239
-2.099 1.99239
-2.098 -1.99255
-2.098 1.99255
-2.097 -1.9927
-2.097 1.9927
-2.096 -1.99285
-2.096 1.99285
-2.095 -1.993
-2.095 1.993
-2.094 -1.99315
-2.094 1.99315
-2.093 -1.9933
-2.093 1.9933
-2.092 -1.99345
-2.092 1.99345
-2.091 -1.99359
-2.091 1.99359
-2.09 -1.99373
-2.09 1.99373
-2.089 -1.99387
-2.089 1.99387
-2.088 -1.99401
-2.088 1.99401
-2.087 -1.99415
-2.087 1.99415
-2.086 -1.99429
-2.086 1.99429
-2.085 -1.99442
-2.085 1.99442
-2.084 -1.99455
-2.084 1.99455
-2.083 -1.99468
-2.083 1.99468
-2.082 -1.99481
-2.082 1.99481
-2.081 -1.99494
-2.081 1.99494
-2.08 -1.99507
-2.08 1.99507
-2.079 -1.99519
-2.079 1.99519
-2.078 -1.99531
-2.078 1.99531
-2.077 -1.99543
-2.077 1.99543
-2.076 -1.99555
-2.076 1.99555
-2.075 -1.99567
-2.075 1.99567
-2.074 -1.99579
-2.074 1.99579
-2.073 -1.9959
-2.073 1.9959
-2.072 -1.99601
-2.072 1.99601
-2.071 -1.99613
-2.071 1.99613
-2.07 -1.99624
-2.07 1.99624
-2.069 -1.99634
-2.069 1.99634
-2.068 -1.99645
-2.068 1.99645
-2.067 -1.99656
-2.067 1.99656
-2.066 -1.99666
-2.066 1.99666
-2.065 -1.99676
-2.065 1.99676
-2.064 -1.99686
-2.064 1.99686
-2.063 -1.99696
-2.063 1.99696
-2.062 -1.99706
-2.062 1.99706
-2.061 -1.99715
-2.061 1.99715
-2.06 -1.99724
-2.06 1.99724
-2.059 -1.99734
-2.059 1.99734
-2.058 -1.99743
-2.058 1.99743
-2.057 -1.99752
-2.057 1.99752
-2.056 -1.9976
-2.056 1.9976
-2.055 -1.99769
-2.055 1.99769
-2.054 -1.99777
-2.054 1.99777
-2.053 -1.99785
-2.053 1.99785
-2.052 -1.99794
-2.052 1.99794
-2.051 -1.99802
-2.051 1.99802
-2.05 -1.99809
-2.05 1.99809
-2.049 -1.99817
-2.049 1.99817
-2.048 -1.99824
-2.048 1.99824
-2.047 -1.99832
-2.047 1.99832
-2.046 -1.99839
-2.046 1.99839
-2.045 -1.99846
-2.045 1.99846
-2.044 -1.99853
-2.044 1.99853
-2.043 -1.99859
-2.043 1.99859
-2.042 -1.99866
-2.042 1.99866
-2.041 -1.99872
-2.041 1.99872
-2.04 -1.99878
-2.04 1.99878
-2.039 -1.99884
-2.039 1.99884
-2.038 -1.9989
-2.038 1.9989
-2.037 -1.99896
-2.037 1.99896
-2.036 -1.99902
-2.036 1.99902
-2.035 -1.99907
-2.035 1.99907
-2.034 -1.99912
-2.034 1.99912
-2.033 -1.99917
-2.033 1.99917
-2.032 -1.99922
-2.032 1.99922
-2.031 -1.99927
-2.031 1.99927
-2.03 -1.99932
-2.03 1.99932
-2.029 -1.99936
-2.029 1.99936
-2.028 -1.99941
-2.028 1.99941
-2.027 -1.99945
-2.027 1.99945
-2.026 -1.99949
-2.026 1.99949
-2.025 -1.99953
-2.025 1.99953
-2.024 -1.99956
-2.024 1.99956
-2.023 -1.9996
-2.023 1.9996
-2.022 -1.99963
-2.022 1.99963
-2.021 -1.99967
-2.021 1.99967
-2.02 -1.9997
-2.02 1.9997
-2.019 -1.99973
-2.019 1.99973
-2.018 -1.99976
-2.018 1.99976
-2.017 -1.99978
-2.017 1.99978
-2.016 -1.99981
-2.016 1.99981
-2.015 -1.99983
-2.015 1.99983
-2.014 -1.99985
-2.014 1.99985
-2.013 -1.99987
-2.013 1.99987
-2.012 -1.99989
-2.012 1.99989
-2.011 -1.99991
-2.011 1.99991
-2.01 -1.99992
-2.01 1.99992
-2.009 -1.99994
-2.009 1.99994
-2.008 -1.99995
-2.008 1.99995
-2.007 -1.99996
-2.007 1.99996
-2.006 -1.99997
-2.006 1.99997
-2.005 -1.99998
-2.005 1.99998
-2.004 -1.99999
-2.004 1.99999
-2.003 -1.99999
-2.003 1.99999
-2.002 -2
-2.002 2
-2.001 -2
-2.001 2
-2 -2
-2 2
-1.999 -2
-1.999 2
-1.998 -2
-1.998 2
-1.997 -1.99999
-1.997 1.99999
-1.996 -1.99999
-1.996 1.99999
-1.995 -1.99998
-1.995 1.99998
-1.994 -1.99997
-1.994 1.99997
-1.993 -1.99996
-1.993 1.99996
-1.992 -1.99995
-1.992 1.99995
-1.991 -1.99994
-1.991 1.99994
-1.99 -1.99993
-1.99 1.99993
-1.989 -1.99991
-1.989 1.99991
-1.988 -1.99989
-1.988 1.99989
-1.987 -1.99987
-1.987 1.99987
-1.986 -1.99985
-1.986 1.99985
-1.985 -1.99983
-1.985 1.99983
-1.984 -1.99981
-1.984 1.99981
-1.983 -1.99978
-1.983 1.99978
-1.982 -1.99976
-1.982 1.99976
-1.981 -1.99973
-1.981 1.99973
-1.98 -1.9997
-1.98 1.9997
-1.979 -1.99967
-1.979 1.99967
-1.978 -1.99964
-1.978 1.99964
-1.977 -1.99961
-1.977 1.99961
-1.976 -1.99957
-1.976 1.99957
-1.975 -1.99954
-1.975 1.99954
-1.974 -1.9995
-1.974 1.9995
-1.973 -1.99946
-1.973 1.99946
-1.972 -1.99942
-1.972 1.99942
-1.971 -1.99938
-1.971 1.99938
-1.97 -1.99933
-1.97 1.99933
-1.969 -1.99929
-1.969 1.99929
-1.968 -1.99924
-1.968 1.99924
-1.967 -1.99919
-1.967 1.99919
-1.966 -1.99914
-1.966 1.99914
-1.965 -1.99909
-1.965 1.99909
-1.964 -1.99904
-1.964 1.99904
-1.963 -1.99899
-1.963 1.99899
-1.962 -1.99893
-1.962 1.99893
-1.961 -1.99887
-1.961 1.99887
-1.96 -1.99882
-1.96 1.99882
-1.959 -1.99876
-1.959 1.99876
-1.958 -1.9987
-1.958 1.9987
-1.957 -1.99863
-1.957 1.99863
-1.956 -1.99857
-1.956 1.99857
-1.955 -1.9985
-1.955 1.9985
-1.954 -1.99844
-1.954 1.99844
-1.953 -1.99837
-1.953 1.99837
-1.952 -1.9983
-1.952 1.9983
-1.951 -1.99823
-1.951 1.99823
-1.95 -1.99816
-1.95 1.99816
-1.949 -1.99808
-1.949 1.99808
-1.948 -1.99801
-1.948 1.99801
-1.947 -1.99793
-1.947 1.99793
-1.946 -1.99785
-1.946 1.99785
-1.945 -1.99777
-1.945 1.99777
-1.944 -1.99769
-1.944 1.99769
-1.943 -1.99761
-1.943 1.99761
-1.942 -1.99752
-1.942 1.99752
-1.941 -1.99744
-1.941 1.99744
-1.94 -1.99735
-1.94 1.99735
-1.939 -1.99726
-1.939 1.99726
-1.938 -1.99717
-1.938 1.99717
-1.937 -1.99708
-1.937 1.99708
-1.936 -1.99699
-1.936 1.99699
-1.935 -1.9969
-1.935 1.9969
-1.934 -1.9968
-1.934 1.9968
-1.933 -1.99671
-1.933 1.99671
-1.932 -1.99661
-1.932 1.99661
-1.931 -1.99651
-1.931 1.99651
-1.93 -1.99641
-1.93 1.99641
-1.929 -1.99631
-1.929 1.99631
-1.928 -1.9962
-1.928 1.9962
-1.927 -1.9961
-1.927 1.9961
-1.926 -1.99599
-1.926 1.99599
-1.925 -1.99588
-1.925 1.99588
-1.924 -1.99577
-1.924 1.99577
-1.923 -1.99566
-1.923 1.99566
-1.922 -1.99555
-1.922 1.99555
-1.921 -1.99544
-1.921 1.99544
-1.92 -1.99532
-1.92 1.99532
-1.919 -1.99521
-1.919 1.99521
-1.918 -1.99509
-1.918 1.99509
-1.917 -1.99497
-1.917 1.99497
-1.916 -1.99485
-1.916 1.99485
-1.915 -1.99473
-1.915 1.99473
-1.914 -1.9946
-1.914 1.9946
-1.913 -1.99448
-1.913 1.99448
-1.912 -1.99435
-1.912 1.99435
-1.911 -1.99423
-1.911 1.99423
-1.91 -1.9941
-1.91 1.9941
-1.909 -1.99397
-1.909 1.99397
-1.908 -1.99384
-1.908 1.99384
-1.907 -1.9937
-1.907 1.9937
-1.906 -1.99357
-1.906 1.99357
-1.905 -1.99343
-1.905 1.99343
-1.904 -1.9933
-1.904 1.9933
-1.903 -1.99316
-1.903 1.99316
-1.902 -1.99302
-1.902 1.99302
-1.901 -1.99288
-1.901 1.99288
-1.9 -1.99274
-1.9 1.99274
-1.899 -1.99259
-1.899 1.99259
-1.898 -1.99245
-1.898 1.99245
-1.897 -1.9923
-1.897 1.9923
-1.896 -1.99215
-1.896 1.99215
-1.895 -1.992
-1.895 1.992
-1.894 -1.99185
-1.894 1.99185
-1.893 -1.9917
-1.893 1.9917
-1.892 -1.99155
-1.892 1.99155
-1.891 -1.99139
-1.891 1.99139
-1.89 -1.99124
-1.89 1.99124
-1.889 -1.99108
-1.889 1.99108
-1.888 -1.99092
-1.888 1.99092
-1.887 -1.99076
-1.887 1.99076
-1.886 -1.9906
-1.886 1.9906
-1.885 -1.99044
-1.885 1.99044
-1.884 -1.99027
-1.884 1.99027
-1.883 -1.99011
-1.883 1.99011
-1.882 -1.98994
-1.882 1.98994
-1.881 -1.98977
-1.881 1.98977
-1.88 -1.9896
-1.88 1.9896
-1.879 -1.98943
-1.879 1.98943
-1.878 -1.98926
-1.878 1.98926
-1.877 -1.98909
-1.877 1.98909
-1.876 -1.98891
-1.876 1.98891
-1.875 -1.98874
-1.875 1.98874
-1.874 -1.98856
-1.874 1.98856
-1.873 -1.98838
-1.873 1.98838
-1.872 -1.9882
-1.872 1.9882
-1.871 -1.98802
-1.871 1.98802
-1.87 -1.98784
-1.87 1.98784
-1.869 -1.98765
-1.869 1.98765
-1.868 -1.98747
-1.868 1.98747
-1.867 -1.98728
-1.867 1.98728
-1.866 -1.98709
-1.866 1.98709
-1.865 -1.9869
-1.865 1.9869
-1.864 -1.98671
-1.864 1.98671
-1.863 -1.98652
-1.863 1.98652
-1.862 -1.98633
-1.862 1.98633
-1.861 -1.98613
-1.861 1.98613
-1.86 -1.98594
-1.86 1.98594
-1.859 -1.98574
-1.859 1.98574
-1.858 -1.98554
-1.858 1.98554
-1.857 -1.98534
-1.857 1.98534
-1.856 -1.98514
-1.856 1.98514
-1.855 -1.98494
-1.855 1.98494
-1.854 -1.98473
-1.854 1.98473
-1.853 -1.98453
-1.853 1.98453
-1.852 -1.98432
-1.852 1.98432
-1.851 -1.98411
-1.851 1.98411
-1.85 -1.9839
-1.85 1.9839
-1.849 -1.98369
-1.849 1.98369
-1.848 -1.98348
-1.848 1.98348
-1.847 -1.98327
-1.847 1.98327
-1.846 -1.98305
-1.846 1.98305
-1.845 -1.98284
-1.845 1.98284
-1.844 -1.98262
-1.844 1.98262
-1.843 -1.9824
-1.843 1.9824
-1.842 -1.98218
-1.842 1.98218
-1.841 -1.98196
-1.841 1.98196
-1.84 -1.98174
-1.84 1.98174
-1.839 -1.98152
-1.839 1.98152
-1.838 -1.98129
-1.838 1.98129
-1.837 -1.98107
-1.837 1.98107
-1.836 -1.98084
-1.836 1.98084
-1.835 -1.98061
-1.835 1.98061
-1.834 -1.98038
-1.834 1.98038
-1.833 -1.98015
-1.833 1.98015
-1.832 -1.97992
-1.832 1.97992
-1.831 -1.97968
-1.831 1.97968
-1.83 -1.97945
-1.83 1.97945
-1.829 -1.97921
-1.829 1.97921
-1.828 -1.97897
-1.828 1.97897
-1.827 -1.97873
-1.827 1.97873
-1.826 -1.97849
-1.826 1.97849
-1.825 -1.97825
-1.825 1.97825
-1.824 -1.97801
-1.824 1.97801
-1.823 -1.97777
-1.823 1.97777
-1.822 -1.97752
-1.822 1.97752
-1.821 -1.97727
-1.821 1.97727
-1.82 -1.97703
-1.82 1.97703
-1.819 -1.97678
-1.819 1.97678
-1.818 -1.97653
-1.818 1.97653
-1.817 -1.97627
-1.817 1.97627
-1.816 -1.97602
-1.816 1.97602
-1.815 -1.97577
-1.815 1.97577
-1.814 -1.97551
-1.814 1.97551
-1.813 -1.97525
-1.813 1.97525
-1.812 -1.975
-1.812 1.975
-1.811 -1.97474
-1.811 1.97474
-1.81 -1.97448
-1.81 1.97448
-1.809 -1.97422
-1.809 1.97422
-1.808 -1.97395
-1.808 1.97395
-1.807 -1.97369
-1.807 1.97369
-1.806 -1.97342
-1.806 1.97342
-1.805 -1.97315
-1.805 1.97315
-1.804 -1.97289
-1.804 1.97289
-1.803 -1.97262
-1.803 1.97262
-1.802 -1.97235
-1.802 1.97235
-1.801 -1.97207
-1.801 1.97207
-1.8 -1.9718
-1.8 1.9718
-1.799 -1.97153
-1.799 1.97153
-1.798 -1.97125
-1.798 1.97125
-1.797 -1.97097
-1.797 1.97097
-1.796 -1.9707
-1.796 1.9707
-1.795 -1.97042
-1.795 1.97042
-1.794 -1.97014
-1.794 1.97014
-1.793 -1.96985
-1.793 1.96985
-1.792 -1.96957
-1.792 1.96957
-1.791 -1.96929
-1.791 1.96929
-1.79 -1.969
-1.79 1.969
-1.789 -1.96871
-1.789 1.96871
-1.788 -1.96842
-1.788 1.96842
-1.787 -1.96814
-1.787 1.96814
-1.786 -1.96784
-1.786 1.96784
-1.785 -1.96755
-1.785 1.96755
-1.784 -1.96726
-1.784 1.96726
-1.783 -1.96697
-1.783 1.96697
-1.782 -1.96667
-1.782 1.96667
-1.781 -1.96637
-1.781 1.96637
-1.78 -1.96607
-1.78 1.96607
-1.779 -1.96577
-1.779 1.96577
-1.778 -1.96547
-1.778 1.96547
-1.777 -1.96517
-1.777 1.96517
-1.776 -1.96487
-1.776 1.96487
-1.775 -1.96456
-1.775 1.96456
-1.774 -1.96426
-1.774 1.96426
-1.773 -1.96395
-1.773 1.96395
-1.772 -1.96364
-1.772 1.96364
-1.771 -1.96334
-1.771 1.96334
-1.77 -1.96302
-1.77 1.96302
-1.769 -1.96271
-1.769 1.96271
-1.768 -1.9624
-1.768 1.9624
-1.767 -1.96209
-1.767 1.96209
-1.766 -1.96177
-1.766 1.96177
-1.765 -1.96145
-1.765 1.96145
-1.764 -1.96114
-1.764 1.96114
-1.763 -1.96082
-1.763 1.96082
-1.762 -1.9605
-1.762 1.9605
-1.761 -1.96018
-1.761 1.96018
-1.76 -1.95985
-1.76 1.95985
-1.759 -1.95953
-1.759 1.95953
-1.758 -1.9592
-1.758 1.9592
-1.757 -1.95888
-1.757 1.95888
-1.756 -1.95855
-1.756 1.95855
-1.755 -1.95822
-1.755 1.95822
-1.754 -1.95789
-1.754 1.95789
-1.753 -1.95756
-1.753 1.95756
-1.752 -1.95723
-1.752 1.95723
-1.751 -1.95689
-1.751 1.95689
-1.75 -1.95656
-1.75 1.95656
-1.749 -1.95622
-1.749 1.95622
-1.748 -1.95589
-1.748 1.95589
-1.747 -1.95555
-1.747 1.95555
-1.746 -1.95521
-1.746 1.95521
-1.745 -1.95487
-1.745 1.95487
-1.744 -1.95453
-1.744 1.95453
-1.743 -1.95418
-1.743 1.95418
-1.742 -1.95384
-1.742 1.95384
-1.741 -1.95349
-1.741 1.95349
-1.74 -1.95315
-1.74 1.95315
-1.739 -1.9528
-1.739 1.9528
-1.738 -1.95245
-1.738 1.95245
-1.737 -1.9521
-1.737 1.9521
-1.736 -1.95175
-1.736 1.95175
-1.735 -1.95139
-1.735 1.95139
-1.734 -1.95104
-1.734 1.95104
-1.733 -1.95068
-1.733 1.95068
-1.732 -1.95033
-1.732 1.95033
-1.731 -1.94997
-1.731 1.94997
-1.73 -1.94961
-1.73 1.94961
-1.729 -1.94925
-1.729 1.94925
-1.728 -1.94889
-1.728 1.94889
-1.727 -1.94853
-1.727 1.94853
-1.726 -1.94816
-1.726 1.94816
-1.725 -1.9478
-1.725 1.9478
-1.724 -1.94743
-1.724 1.94743
-1.723 -1.94707
-1.723 1.94707
-1.722 -1.9467
-1.722 1.9467
-1.721 -1.94633
-1.721 1.94633
-1.72 -1.94596
-1.72 1.94596
-1.719 -1.94559
-1.719 1.94559
-1.718 -1.94521
-1.718 1.94521
-1.717 -1.94484
-1.717 1.94484
-1.716 -1.94446
-1.716 1.94446
-1.715 -1.94409
-1.715 1.94409
-1.714 -1.94371
-1.714 1.94371
-1.713 -1.94333
-1.713 1.94333
-1.712 -1.94295
-1.712 1.94295
-1.711 -1.94257
-1.711 1.94257
-1.71 -1.94219
-1.71 1.94219
-1.709 -1.9418
-1.709 1.9418
-1.708 -1.94142
-1.708 1.94142
-1.707 -1.94103
-1.707 1.94103
-1.706 -1.94065
-1.706 1.94065
-1.705 -1.94026
-1.705 1.94026
-1.704 -1.93987
-1.704 1.93987
-1.703 -1.93948
-1.703 1.93948
-1.702 -1.93909
-1.702 1.93909
-1.701 -1.93869
-1.701 1.93869
-1.7 -1.9383
-1.7 1.9383
-1.699 -1.9379
-1.699 1.9379
-1.698 -1.93751
-1.698 1.93751
-1.697 -1.93711
-1.697 1.93711
-1.696 -1.93671
-1.696 1.93671
-1.695 -1.93631
-1.695 1.93631
-1.694 -1.93591
-1.694 1.93591
-1.693 -1.93551
-1.693 1.93551
-1.692 -1.9351
-1.692 1.9351
-1.691 -1.9347
-1.691 1.9347
-1.69 -1.93429
-1.69 1.93429
-1.689 -1.93389
-1.689 1.93389
-1.688 -1.93348
-1.688 1.93348
-1.687 -1.93307
-1.687 1.93307
-1.686 -1.93266
-1.686 1.93266
-1.685 -1.93225
-1.685 1.93225
-1.684 -1.93184
-1.684 1.93184
-1.683 -1.93142
-1.683 1.93142
-1.682 -1.93101
-1.682 1.93101
-1.681 -1.93059
-1.681 1.93059
-1.68 -1.93017
-1.68 1.93017
-1.679 -1.92975
-1.679 1.92975
-1.678 -1.92934
-1.678 1.92934
-1.677 -1.92891
-1.677 1.92891
-1.676 -1.92849
-1.676 1.92849
-1.675 -1.92807
-1.675 1.92807
-1.674 -1.92765
-1.674 1.92765
-1.673 -1.92722
-1.673 1.92722
-1.672 -1.92679
-1.672 1.92679
-1.671 -1.92637
-1.671 1.92637
-1.67 -1.92594
-1.67 1.92594
-1.669 -1.92551
-1.669 1.92551
-1.668 -1.92508
-1.668 1.92508
-1.667 -1.92465
-1.667 1.92465
-1.666 -1.92421
-1.666 1.92421
-1.665 -1.92378
-1.665 1.92378
-1.664 -1.92334
-1.664 1.92334
-1.663 -1.92291
-1.663 1.92291
-1.662 -1.92247
-1.662 1.92247
-1.661 -1.92203
-1.661 1.92203
-1.66 -1.92159
-1.66 1.92159
-1.659 -1.92115
-1.659 1.92115
-1.658 -1.92071
-1.658 1.92071
-1.657 -1.92026
-1.657 1.92026
-1.656 -1.91982
-1.656 1.91982
-1.655 -1.91937
-1.655 1.91937
-1.654 -1.91893
-1.654 1.91893
-1.653 -1.91848
-1.653 1.91848
-1.652 -1.91803
-1.652 1.91803
-1.651 -1.91758
-1.651 1.91758
-1.65 -1.91713
-1.65 1.91713
-1.649 -1.91667
-1.649 1.91667
-1.648 -1.91622
-1.648 1.91622
-1.647 -1.91577
-1.647 1.91577
-1.646 -1.91531
-1.646 1.91531
-1.645 -1.91485
-1.645 1.91485
-1.644 -1.9144
-1.644 1.9144
-1.643 -1.91394
-1.643 1.91394
-1.642 -1.91348
-1.642 1.91348
-1.641 -1.91301
-1.641 1.91301
-1.64 -1.91255
-1.64 1.91255
-1.639 -1.91209
-1.639 1.91209
-1.638 -1.91162
-1.638 1.91162
-1.637 -1.91116
-1.637 1.91116
-1.636 -1.91069
-1.636 1.91069
-1.635 -1.91022
-1.635 1.91022
-1.634 -1.90975
-1.634 1.90975
-1.633 -1.90928
-1.633 1.90928
-1.632 -1.90881
-1.632 1.90881
-1.631 -1.90834
-1.631 1.90834
-1.63 -1.90787
-1.63 1.90787
-1.629 -1.90739
-1.629 1.90739
-1.628 -1.90692
-1.628 1.90692
-1.627 -1.90644
-1.627 1.90644
-1.626 -1.90596
-1.626 1.90596
-1.625 -1.90548
-1.625 1.90548
-1.624 -1.905
-1.624 1.905
-1.623 -1.90452
-1.623 1.90452
-1.622 -1.90404
-1.622 1.90404
-1.621 -1.90355
-1.621 1.90355
-1.62 -1.90307
-1.62 1.90307
-1.619 -1.90258
-1.619 1.90258
-1.618 -1.9021
-1.618 1.9021
-1.617 -1.90161
-1.617 1.90161
-1.616 -1.90112
-1.616 1.90112
-1.615 -1.90063
-1.615 1.90063
-1.614 -1.90014
-1.614 1.90014
-1.613 -1.89965
-1.613 1.89965
-1.612 -1.89915
-1.612 1.89915
-1.611 -1.89866
-1.611 1.89866
-1.61 -1.89816
-1.61 1.89816
-1.609 -1.89767
-1.609 1.89767
-1.608 -1.89717
-1.608 1.89717
-1.607 -1.89667
-1.607 1.89667
-1.606 -1.89617
-1.606 1.89617
-1.605 -1.89567
-1.605 1.89567
-1.604 -1.89517
-1.604 1.89517
-1.603 -1.89466
-1.603 1.89466
-1.602 -1.89416
-1.602 1.89416
-1.601 -1.89365
-1.601 1.89365
-1.6 -1.89315
-1.6 1.89315
-1.599 -1.89264
-1.599 1.89264
-1.598 -1.89213
-1.598 1.89213
-1.597 -1.89162
-1.597 1.89162
-1.596 -1.89111
-1.596 1.89111
-1.595 -1.8906
-1.595 1.8906
-1.594 -1.89008
-1.594 1.89008
-1.593 -1.88957
-1.593 1.88957
-1.592 -1.88905
-1.592 1.88905
-1.591 -1.88854
-1.591 1.88854
-1.59 -1.88802
-1.59 1.88802
-1.589 -1.8875
-1.589 1.8875
-1.588 -1.88698
-1.588 1.88698
-1.587 -1.88646
-1.587 1.88646
-1.586 -1.88594
-1.586 1.88594
-1.585 -1.88542
-1.585 1.88542
-1.584 -1.88489
-1.584 1.88489
-1.583 -1.88437
-1.583 1.88437
-1.582 -1.88384
-1.582 1.88384
-1.581 -1.88332
-1.581 1.88332
-1.58 -1.88279
-1.58 1.88279
-1.579 -1.88226
-1.579 1.88226
-1.578 -1.88173
-1.578 1.88173
-1.577 -1.8812
-1.577 1.8812
-1.576 -1.88066
-1.576 1.88066
-1.575 -1.88013
-1.575 1.88013
-1.574 -1.8796
-1.574 1.8796
-1.573 -1.87906
-1.573 1.87906
-1.572 -1.87852
-1.572 1.87852
-1.571 -1.87799
-1.571 1.87799
-1.57 -1.87745
-1.57 1.87745
-1.569 -1.87691
-1.569 1.87691
-1.568 -1.87637
-1.568 1.87637
-1.567 -1.87582
-1.567 1.87582
-1.566 -1.87528
-1.566 1.87528
-1.565 -1.87474
-1.565 1.87474
-1.564 -1.87419
-1.564 1.87419
-1.563 -1.87365
-1.563 1.87365
-1.562 -1.8731
-1.562 1.8731
-1.561 -1.87255
-1.561 1.87255
-1.56 -1.872
-1.56 1.872
-1.559 -1.87145
-1.559 1.87145
-1.558 -1.8709
-1.558 1.8709
-1.557 -1.87035
-1.557 1.87035
-1.556 -1.86979
-1.556 1.86979
-1.555 -1.86924
-1.555 1.86924
-1.554 -1.86868
-1.554 1.86868
-1.553 -1.86812
-1.553 1.86812
-1.552 -1.86757
-1.552 1.86757
-1.551 -1.86701
-1.551 1.86701
-1.55 -1.86645
-1.55 1.86645
-1.549 -1.86589
-1.549 1.86589
-1.548 -1.86532
-1.548 1.86532
-1.547 -1.86476
-1.547 1.86476
-1.546 -1.8642
-1.546 1.8642
-1.545 -1.86363
-1.545 1.86363
-1.544 -1.86306
-1.544 1.86306
-1.543 -1.8625
-1.543 1.8625
-1.542 -1.86193
-1.542 1.86193
-1.541 -1.86136
-1.541 1.86136
-1.54 -1.86079
-1.54 1.86079
-1.539 -1.86022
-1.539 1.86022
-1.538 -1.85964
-1.538 1.85964
-1.537 -1.85907
-1.537 1.85907
-1.536 -1.8585
-1.536 1.8585
-1.535 -1.85792
-1.535 1.85792
-1.534 -1.85734
-1.534 1.85734
-1.533 -1.85677
-1.533 1.85677
-1.532 -1.85619
-1.532 1.85619
-1.531 -1.85561
-1.531 1.85561
-1.53 -1.85503
-1.53 1.85503
-1.529 -1.85444
-1.529 1.85444
-1.528 -1.85386
-1.528 1.85386
-1.527 -1.85328
-1.527 1.85328
-1.526 -1.85269
-1.526 1.85269
-1.525 -1.85211
-1.525 1.85211
-1.524 -1.85152
-1.524 1.85152
-1.523 -1.85093
-1.523 1.85093
-1.522 -1.85034
-1.522 1.85034
-1.521 -1.84975
-1.521 1.84975
-1.52 -1.84916
-1.52 1.84916
-1.519 -1.84857
-1.519 1.84857
-1.518 -1.84797
-1.518 1.84797
-1.517 -1.84738
-1.517 1.84738
-1.516 -1.84678
-1.516 1.84678
-1.515 -1.84619
-1.515 1.84619
-1.514 -1.84559
-1.514 1.84559
-1.513 -1.84499
-1.513 1.84499
-1.512 -1.84439
-1.512 1.84439
-1.511 -1.84379
-1.511 1.84379
-1.51 -1.84319
-1.51 1.84319
-1.509 -1.84259
-1.509 1.84259
-1.508 -1.84198
-1.508 1.84198
-1.507 -1.84138
-1.507 1.84138
-1.506 -1.84077
-1.506 1.84077
-1.505 -1.84017
-1.505 1.84017
-1.504 -1.83956
-1.504 1.83956
-1.503 -1.83895
-1.503 1.83895
-1.502 -1.83834
-1.502 1.83834
-1.501 -1.83773
-1.501 1.83773
-1.5 -1.83712
-1.5 1.83712
-1.499 -1.8365
-1.499 1.8365
-1.498 -1.83589
-1.498 1.83589
-1.497 -1.83528
-1.497 1.83528
-1.496 -1.83466
-1.496 1.83466
-1.495 -1.83404
-1.495 1.83404
-1.494 -1.83342
-1.494 1.83342
-1.493 -1.83281
-1.493 1.83281
-1.492 -1.83219
-1.492 1.83219
-1.491 -1.83156
-1.491 1.83156
-1.49 -1.83094
-1.49 1.83094
-1.489 -1.83032
-1.489 1.83032
-1.488 -1.8297
-1.488 1.8297
-1.487 -1.82907
-1.487 1.82907
-1.486 -1.82844
-1.486 1.82844
-1.485 -1.82782
-1.485 1.82782
-1.484 -1.82719
-1.484 1.82719
-1.483 -1.82656
-1.483 1.82656
-1.482 -1.82593
-1.482 1.82593
-1.481 -1.8253
-1.481 1.8253
-1.48 -1.82467
-1.48 1.82467
-1.479 -1.82403
-1.479 1.82403
-1.478 -1.8234
-1.478 1.8234
-1.477 -1.82276
-1.477 1.82276
-1.476 -1.82213
-1.476 1.82213
-1.475 -1.82149
-1.475 1.82149
-1.474 -1.82085
-1.474 1.82085
-1.473 -1.82021
-1.473 1.82021
-1.472 -1.81957
-1.472 1.81957
-1.471 -1.81893
-1.471 1.81893
-1.47 -1.81829
-1.47 1.81829
-1.469 -1.81765
-1.469 1.81765
-1.468 -1.817
-1.468 1.817
-1.467 -1.81636
-1.467 1.81636
-1.466 -1.81571
-1.466 1.81571
-1.465 -1.81506
-1.465 1.81506
-1.464 -1.81442
-1.464 1.81442
-1.463 -1.81377
-1.463 1.81377
-1.462 -1.81312
-1.462 1.81312
-1.461 -1.81246
-1.461 1.81246
-1.46 -1.81181
-1.46 1.81181
-1.459 -1.81116
-1.459 1.81116
-1.458 -1.8105
-1.458 1.8105
-1.457 -1.80985
-1.457 1.80985
-1.456 -1.80919
-1.456 1.80919
-1.455 -1.80854
-1.455 1.80854
-1.454 -1.80788
-1.454 1.80788
-1.453 -1.80722
-1.453 1.80722
-1.452 -1.80656
-1.452 1.80656
-1.451 -1.8059
-1.451 1.8059
-1.45 -1.80524
-1.45 1.80524
-1.449 -1.80457
-1.449 1.80457
-1.448 -1.80391
-1.448 1.80391
-1.447 -1.80324
-1.447 1.80324
-1.446 -1.80258
-1.446 1.80258
-1.445 -1.80191
-1.445 1.80191
-1.444 -1.80124
-1.444 1.80124
-1.443 -1.80057
-1.443 1.80057
-1.442 -1.7999
-1.442 1.7999
-1.441 -1.79923
-1.441 1.79923
-1.44 -1.79856
-1.44 1.79856
-1.439 -1.79789
-1.439 1.79789
-1.438 -1.79721
-1.438 1.79721
-1.437 -1.79654
-1.437 1.79654
-1.436 -1.79586
-1.436 1.79586
-1.435 -1.79518
-1.435 1.79518
-1.434 -1.79451
-1.434 1.79451
-1.433 -1.79383
-1.433 1.79383
-1.432 -1.79315
-1.432 1.79315
-1.431 -1.79247
-1.431 1.79247
-1.43 -1.79178
-1.43 1.79178
-1.429 -1.7911
-1.429 1.7911
-1.428 -1.79042
-1.428 1.79042
-1.427 -1.78973
-1.427 1.78973
-1.426 -1.78905
-1.426 1.78905
-1.425 -1.78836
-1.425 1.78836
-1.424 -1.78767
-1.424 1.78767
-1.423 -1.78698
-1.423 1.78698
-1.422 -1.78629
-1.422 1.78629
-1.421 -1.7856
-1.421 1.7856
-1.42 -1.78491
-1.42 1.78491
-1.419 -1.78422
-1.419 1.78422
-1.418 -1.78353
-1.418 1.78353
-1.417 -1.78283
-1.417 1.78283
-1.416 -1.78214
-1.416 1.78214
-1.415 -1.78144
-1.415 1.78144
-1.414 -1.78074
-1.414 1.78074
-1.413 -1.78004
-1.413 1.78004
-1.412 -1.77934
-1.412 1.77934
-1.411 -1.77864
-1.411 1.77864
-1.41 -1.77794
-1.41 1.77794
-1.409 -1.77724
-1.409 1.77724
-1.408 -1.77654
-1.408 1.77654
-1.407 -1.77583
-1.407 1.77583
-1.406 -1.77513
-1.406 1.77513
-1.405 -1.77442
-1.405 1.77442
-1.404 -1.77371
-1.404 1.77371
-1.403 -1.77301
-1.403 1.77301
-1.402 -1.7723
-1.402 1.7723
-1.401 -1.77159
-1.401 1.77159
-1.4 -1.77088
-1.4 1.77088
-1.399 -1.77016
-1.399 1.77016
-1.398 -1.76945
-1.398 1.76945
-1.397 -1.76874
-1.397 1.76874
-1.396 -1.76802
-1.396 1.76802
-1.395 -1.76731
-1.395 1.76731
-1.394 -1.76659
-1.394 1.76659
-1.393 -1.76587
-1.393 1.76587
-1.392 -1.76515
-1.392 1.76515
-1.391 -1.76443
-1.391 1.76443
-1.39 -1.76371
-1.39 1.76371
-1.389 -1.76299
-1.389 1.76299
-1.388 -1.76227
-1.388 1.76227
-1.387 -1.76154
-1.387 1.76154
-1.386 -1.76082
-1.386 1.76082
-1.385 -1.76009
-1.385 1.76009
-1.384 -1.75937
-1.384 1.75937
-1.383 -1.75864
-1.383 1.75864
-1.382 -1.75791
-1.382 1.75791
-1.381 -1.75718
-1.381 1.75718
-1.38 -1.75645
-1.38 1.75645
-1.379 -1.75572
-1.379 1.75572
-1.378 -1.75499
-1.378 1.75499
-1.377 -1.75426
-1.377 1.75426
-1.376 -1.75352
-1.376 1.75352
-1.375 -1.75279
-1.375 1.75279
-1.374 -1.75205
-1.374 1.75205
-1.373 -1.75132
-1.373 1.75132
-1.372 -1.75058
-1.372 1.75058
-1.371 -1.74984
-1.371 1.74984
-1.37 -1.7491
-1.37 1.7491
-1.369 -1.74836
-1.369 1.74836
-1.368 -1.74762
-1.368 1.74762
-1.367 -1.74687
-1.367 1.74687
-1.366 -1.74613
-1.366 1.74613
-1.365 -1.74539
-1.365 1.74539
-1.364 -1.74464
-1.364 1.74464
-1.363 -1.74389
-1.363 1.74389
-1.362 -1.74315
-1.362 1.74315
-1.361 -1.7424
-1.361 1.7424
-1.36 -1.74165
-1.36 1.74165
-1.359 -1.7409
-1.359 1.7409
-1.358 -1.74015
-1.358 1.74015
-1.357 -1.7394
-1.357 1.7394
-1.356 -1.73864
-1.356 1.73864
-1.355 -1.73789
-1.355 1.73789
-1.354 -1.73714
-1.354 1.73714
-1.353 -1.73638
-1.353 1.73638
-1.352 -1.73562
-1.352 1.73562
-1.351 -1.73486
-1.351 1.73486
-1.35 -1.73411
-1.35 1.73411
-1.349 -1.73335
-1.349 1.73335
-1.348 -1.73259
-1.348 1.73259
-1.347 -1.73183
-1.347 1.73183
-1.346 -1.73106
-1.346 1.73106
-1.345 -1.7303
-1.345 1.7303
-1.344 -1.72954
-1.344 1.72954
-1.343 -1.72877
-1.343 1.72877
-1.342 -1.728
-1.342 1.728
-1.341 -1.72724
-1.341 1.72724
-1.34 -1.72647
-1.34 1.72647
-1.339 -1.7257
-1.339 1.7257
-1.338 -1.72493
-1.338 1.72493
-1.337 -1.72416
-1.337 1.72416
-1.336 -1.72339
-1.336 1.72339
-1.335 -1.72262
-1.335 1.72262
-1.334 -1.72184
-1.334 1.72184
-1.333 -1.72107
-1.333 1.72107
-1.332 -1.72029
-1.332 1.72029
-1.331 -1.71952
-1.331 1.71952
-1.33 -1.71874
-1.33 1.71874
-1.329 -1.71796
-1.329 1.71796
-1.328 -1.71718
-1.328 1.71718
-1.327 -1.7164
-1.327 1.7164
-1.326 -1.71562
-1.326 1.71562
-1.325 -1.71484
-1.325 1.71484
-1.324 -1.71406
-1.324 1.71406
-1.323 -1.71327
-1.323 1.71327
-1.322 -1.71249
-1.322 1.71249
-1.321 -1.7117
-1.321 1.7117
-1.32 -1.71092
-1.32 1.71092
-1.319 -1.71013
-1.319 1.71013
-1.318 -1.70934
-1.318 1.70934
-1.317 -1.70855
-1.317 1.70855
-1.316 -1.70776
-1.316 1.70776
-1.315 -1.70697
-1.315 1.70697
-1.314 -1.70618
-1.314 1.70618
-1.313 -1.70538
-1.313 1.70538
-1.312 -1.70459
-1.312 1.70459
-1.311 -1.7038
-1.311 1.7038
-1.31 -1.703
-1.31 1.703
-1.309 -1.7022
-1.309 1.7022
-1.308 -1.70141
-1.308 1.70141
-1.307 -1.70061
-1.307 1.70061
-1.306 -1.69981
-1.306 1.69981
-1.305 -1.69901
-1.305 1.69901
-1.304 -1.69821
-1.304 1.69821
-1.303 -1.6974
-1.303 1.6974
-1.302 -1.6966
-1.302 1.6966
-1.301 -1.6958
-1.301 1.6958
-1.3 -1.69499
-1.3 1.69499
-1.299 -1.69419
-1.299 1.69419
-1.298 -1.69338
-1.298 1.69338
-1.297 -1.69257
-1.297 1.69257
-1.296 -1.69176
-1.296 1.69176
-1.295 -1.69095
-1.295 1.69095
-1.294 -1.69014
-1.294 1.69014
-1.293 -1.68933
-1.293 1.68933
-1.292 -1.68852
-1.292 1.68852
-1.291 -1.68771
-1.291 1.68771
-1.29 -1.68689
-1.29 1.68689
-1.289 -1.68608
-1.289 1.68608
-1.288 -1.68526
-1.288 1.68526
-1.287 -1.68445
-1.287 1.68445
-1.286 -1.68363
-1.286 1.68363
-1.285 -1.68281
-1.285 1.68281
-1.284 -1.68199
-1.284 1.68199
-1.283 -1.68117
-1.283 1.68117
-1.282 -1.68035
-1.282 1.68035
-1.281 -1.67953
-1.281 1.67953
-1.28 -1.6787
-1.28 1.6787
-1.279 -1.67788
-1.279 1.67788
-1.278 -1.67706
-1.278 1.67706
-1.277 -1.67623
-1.277 1.67623
-1.276 -1.6754
-1.276 1.6754
-1.275 -1.67458
-1.275 1.67458
-1.274 -1.67375
-1.274 1.67375
-1.273 -1.67292
-1.273 1.67292
-1.272 -1.67209
-1.272 1.67209
-1.271 -1.67126
-1.271 1.67126
-1.27 -1.67042
-1.27 1.67042
-1.269 -1.66959
-1.269 1.66959
-1.268 -1.66876
-1.268 1.66876
-1.267 -1.66792
-1.267 1.66792
-1.266 -1.66709
-1.266 1.66709
-1.265 -1.66625
-1.265 1.66625
-1.264 -1.66541
-1.264 1.66541
-1.263 -1.66457
-1.263 1.66457
-1.262 -1.66374
-1.262 1.66374
-1.261 -1.6629
-1.261 1.6629
-1.26 -1.66205
-1.26 1.66205
-1.259 -1.66121
-1.259 1.66121
-1.258 -1.66037
-1.258 1.66037
-1.257 -1.65953
-1.257 1.65953
-1.256 -1.65868
-1.256 1.65868
-1.255 -1.65784
-1.255 1.65784
-1.254 -1.65699
-1.254 1.65699
-1.253 -1.65614
-1.253 1.65614
-1.252 -1.65529
-1.252 1.65529
-1.251 -1.65444
-1.251 1.65444
-1.25 -1.65359
-1.25 1.65359
-1.249 -1.65274
-1.249 1.65274
-1.248 -1.65189
-1.248 1.65189
-1.247 -1.65104
-1.247 1.65104
-1.246 -1.65019
-1.246 1.65019
-1.245 -1.64933
-1.245 1.64933
-1.244 -1.64848
-1.244 1.64848
-1.243 -1.64762
-1.243 1.64762
-1.242 -1.64676
-1.242 1.64676
-1.241 -1.6459
-1.241 1.6459
-1.24 -1.64505
-1.24 1.64505
-1.239 -1.64419
-1.239 1.64419
-1.238 -1.64333
-1.238 1.64333
-1.237 -1.64246
-1.237 1.64246
-1.236 -1.6416
-1.236 1.6416
-1.235 -1.64074
-1.235 1.64074
-1.234 -1.63987
-1.234 1.63987
-1.233 -1.63901
-1.233 1.63901
-1.232 -1.63814
-1.232 1.63814
-1.231 -1.63728
-1.231 1.63728
-1.23 -1.63641
-1.23 1.63641
-1.229 -1.63554
-1.229 1.63554
-1.228 -1.63467
-1.228 1.63467
-1.227 -1.6338
-1.227 1.6338
-1.226 -1.63293
-1.226 1.63293
-1.225 -1.63206
-1.225 1.63206
-1.224 -1.63118
-1.224 1.63118
-1.223 -1.63031
-1.223 1.63031
-1.222 -1.62944
-1.222 1.62944
-1.221 -1.62856
-1.221 1.62856
-1.22 -1.62768
-1.22 1.62768
-1.219 -1.62681
-1.219 1.62681
-1.218 -1.62593
-1.218 1.62593
-1.217 -1.62505
-1.217 1.62505
-1.216 -1.62417
-1.216 1.62417
-1.215 -1.62329
-1.215 1.62329
-1.214 -1.62241
-1.214 1.62241
-1.213 -1.62152
-1.213 1.62152
-1.212 -1.62064
-1.212 1.62064
-1.211 -1.61975
-1.211 1.61975
-1.21 -1.61887
-1.21 1.61887
-1.209 -1.61798
-1.209 1.61798
-1.208 -1.6171
-1.208 1.6171
-1.207 -1.61621
-1.207 1.61621
-1.206 -1.61532
-1.206 1.61532
-1.205 -1.61443
-1.205 1.61443
-1.204 -1.61354
-1.204 1.61354
-1.203 -1.61265
-1.203 1.61265
-1.202 -1.61176
-1.202 1.61176
-1.201 -1.61086
-1.201 1.61086
-1.2 -1.60997
-1.2 1.60997
-1.199 -1.60907
-1.199 1.60907
-1.198 -1.60818
-1.198 1.60818
-1.197 -1.60728
-1.197 1.60728
-1.196 -1.60638
-1.196 1.60638
-1.195 -1.60549
-1.195 1.60549
-1.194 -1.60459
-1.194 1.60459
-1.193 -1.60369
-1.193 1.60369
-1.192 -1.60279
-1.192 1.60279
-1.191 -1.60188
-1.191 1.60188
-1.19 -1.60098
-1.19 1.60098
-1.189 -1.60008
-1.189 1.60008
-1.188 -1.59917
-1.188 1.59917
-1.187 -1.59827
-1.187 1.59827
-1.186 -1.59736
-1.186 1.59736
-1.185 -1.59645
-1.185 1.59645
-1.184 -1.59555
-1.184 1.59555
-1.183 -1.59464
-1.183 1.59464
-1.182 -1.59373
-1.182 1.59373
-1.181 -1.59282
-1.181 1.59282
-1.18 -1.59191
-1.18 1.59191
-1.179 -1.59099
-1.179 1.59099
-1.178 -1.59008
-1.178 1.59008
-1.177 -1.58917
-1.177 1.58917
-1.176 -1.58825
-1.176 1.58825
-1.175 -1.58734
-1.175 1.58734
-1.174 -1.58642
-1.174 1.58642
-1.173 -1.5855
-1.173 1.5855
-1.172 -1.58459
-1.172 1.58459
-1.171 -1.58367
-1.171 1.58367
-1.17 -1.58275
-1.17 1.58275
-1.169 -1.58183
-1.169 1.58183
-1.168 -1.5809
-1.168 1.5809
-1.167 -1.57998
-1.167 1.57998
-1.166 -1.57906
-1.166 1.57906
-1.165 -1.57813
-1.165 1.57813
-1.164 -1.57721
-1.164 1.57721
-1.163 -1.57628
-1.163 1.57628
-1.162 -1.57536
-1.162 1.57536
-1.161 -1.57443
-1.161 1.57443
-1.16 -1.5735
-1.16 1.5735
-1.159 -1.57257
-1.159 1.57257
-1.158 -1.57164
-1.158 1.57164
-1.157 -1.57071
-1.157 1.57071
-1.156 -1.56978
-1.156 1.56978
-1.155 -1.56885
-1.155 1.56885
-1.154 -1.56791
-1.154 1.56791
-1.153 -1.56698
-1.153 1.56698
-1.152 -1.56604
-1.152 1.56604
-1.151 -1.56511
-1.151 1.56511
-1.15 -1.56417
-1.15 1.56417
-1.149 -1.56323
-1.149 1.56323
-1.148 -1.56229
-1.148 1.56229
-1.147 -1.56135
-1.147 1.56135
-1.146 -1.56041
-1.146 1.56041
-1.145 -1.55947
-1.145 1.55947
-1.144 -1.55853
-1.144 1.55853
-1.143 -1.55759
-1.143 1.55759
-1.142 -1.55664
-1.142 1.55664
-1.141 -1.5557
-1.141 1.5557
-1.14 -1.55475
-1.14 1.55475
-1.139 -1.55381
-1.139 1.55381
-1.138 -1.55286
-1.138 1.55286
-1.137 -1.55191
-1.137 1.55191
-1.136 -1.55096
-1.136 1.55096
-1.135 -1.55001
-1.135 1.55001
-1.134 -1.54906
-1.134 1.54906
-1.133 -1.54811
-1.133 1.54811
-1.132 -1.54716
-1.132 1.54716
-1.131 -1.54621
-1.131 1.54621
-1.13 -1.54525
-1.13 1.54525
-1.129 -1.5443
-1.129 1.5443
-1.128 -1.54334
-1.128 1.54334
-1.127 -1.54239
-1.127 1.54239
-1.126 -1.54143
-1.126 1.54143
-1.125 -1.54047
-1.125 1.54047
-1.124 -1.53951
-1.124 1.53951
-1.123 -1.53855
-1.123 1.53855
-1.122 -1.53759
-1.122 1.53759
-1.121 -1.53663
-1.121 1.53663
-1.12 -1.53567
-1.12 1.53567
-1.119 -1.5347
-1.119 1.5347
-1.118 -1.53374
-1.118 1.53374
-1.117 -1.53277
-1.117 1.53277
-1.116 -1.53181
-1.116 1.53181
-1.115 -1.53084
-1.115 1.53084
-1.114 -1.52988
-1.114 1.52988
-1.113 -1.52891
-1.113 1.52891
-1.112 -1.52794
-1.112 1.52794
-1.111 -1.52697
-1.111 1.52697
-1.11 -1.526
-1.11 1.526
-1.109 -1.52503
-1.109 1.52503
-1.108 -1.52405
-1.108 1.52405
-1.107 -1.52308
-1.107 1.52308
-1.106 -1.52211
-1.106 1.52211
-1.105 -1.52113
-1.105 1.52113
-1.104 -1.52016
-1.104 1.52016
-1.103 -1.51918
-1.103 1.51918
-1.102 -1.5182
-1.102 1.5182
-1.101 -1.51722
-1.101 1.51722
-1.1 -1.51625
-1.1 1.51625
-1.099 -1.51527
-1.099 1.51527
-1.098 -1.51428
-1.098 1.51428
-1.097 -1.5133
-1.097 1.5133
-1.096 -1.51232
-1.096 1.51232
-1.095 -1.51134
-1.095 1.51134
-1.094 -1.51035
-1.094 1.51035
-1.093 -1.50937
-1.093 1.50937
-1.092 -1.50838
-1.092 1.50838
-1.091 -1.5074
-1.091 1.5074
-1.09 -1.50641
-1.09 1.50641
-1.089 -1.50542
-1.089 1.50542
-1.088 -1.50443
-1.088 1.50443
-1.087 -1.50344
-1.087 1.50344
-1.086 -1.50245
-1.086 1.50245
-1.085 -1.50146
-1.085 1.50146
-1.084 -1.50047
-1.084 1.50047
-1.083 -1.49948
-1.083 1.49948
-1.082 -1.49848
-1.082 1.49848
-1.081 -1.49749
-1.081 1.49749
-1.08 -1.49649
-1.08 1.49649
-1.079 -1.4955
-1.079 1.4955
-1.078 -1.4945
-1.078 1.4945
-1.077 -1.4935
-1.077 1.4935
-1.076 -1.4925
-1.076 1.4925
-1.075 -1.4915
-1.075 1.4915
-1.074 -1.4905
-1.074 1.4905
-1.073 -1.4895
-1.073 1.4895
-1.072 -1.4885
-1.072 1.4885
-1.071 -1.4875
-1.071 1.4875
-1.07 -1.48649
-1.07 1.48649
-1.069 -1.48549
-1.069 1.48549
-1.068 -1.48448
-1.068 1.48448
-1.067 -1.48348
-1.067 1.48348
-1.066 -1.48247
-1.066 1.48247
-1.065 -1.48146
-1.065 1.48146
-1.064 -1.48045
-1.064 1.48045
-1.063 -1.47944
-1.063 1.47944
-1.062 -1.47843
-1.062 1.47843
-1.061 -1.47742
-1.061 1.47742
-1.06 -1.47641
-1.06 1.47641
-1.059 -1.4754
-1.059 1.4754
-1.058 -1.47438
-1.058 1.47438
-1.057 -1.47337
-1.057 1.47337
-1.056 -1.47235
-1.056 1.47235
-1.055 -1.47134
-1.055 1.47134
-1.054 -1.47032
-1.054 1.47032
-1.053 -1.4693
-1.053 1.4693
-1.052 -1.46828
-1.052 1.46828
-1.051 -1.46727
-1.051 1.46727
-1.05 -1.46625
-1.05 1.46625
-1.049 -1.46522
-1.049 1.46522
-1.048 -1.4642
-1.048 1.4642
-1.047 -1.46318
-1.047 1.46318
-1.046 -1.46216
-1.046 1.46216
-1.045 -1.46113
-1.045 1.46113
-1.044 -1.46011
-1.044 1.46011
-1.043 -1.45908
-1.043 1.45908
-1.042 -1.45806
-1.042 1.45806
-1.041 -1.45703
-1.041 1.45703
-1.04 -1.456
-1.04 1.456
-1.039 -1.45497
-1.039 1.45497
-1.038 -1.45394
-1.038 1.45394
-1.037 -1.45291
-1.037 1.45291
-1.036 -1.45188
-1.036 1.45188
-1.035 -1.45085
-1.035 1.45085
-1.034 -1.44981
-1.034 1.44981
-1.033 -1.44878
-1.033 1.44878
-1.032 -1.44775
-1.032 1.44775
-1.031 -1.44671
-1.031 1.44671
-1.03 -1.44567
-1.03 1.44567
-1.029 -1.44464
-1.029 1.44464
-1.028 -1.4436
-1.028 1.4436
-1.027 -1.44256
-1.027 1.44256
-1.026 -1.44152
-1.026 1.44152
-1.025 -1.44048
-1.025 1.44048
-1.024 -1.43944
-1.024 1.43944
-1.023 -1.4384
-1.023 1.4384
-1.022 -1.43735
-1.022 1.43735
-1.021 -1.43631
-1.021 1.43631
-1.02 -1.43527
-1.02 1.43527
-1.019 -1.43422
-1.019 1.43422
-1.018 -1.43318
-1.018 1.43318
-1.017 -1.43213
-1.017 1.43213
-1.016 -1.43108
-1.016 1.43108
-1.015 -1.43003
-1.015 1.43003
-1.014 -1.42898
-1.014 1.42898
-1.013 -1.42793
-1.013 1.42793
-1.012 -1.42688
-1.012 1.42688
-1.011 -1.42583
-1.011 1.42583
-1.01 -1.42478
-1.01 1.42478
-1.009 -1.42373
-1.009 1.42373
-1.008 -1.42267
-1.008 1.42267
-1.007 -1.42162
-1.007 1.42162
-1.006 -1.42056
-1.006 1.42056
-1.005 -1.41951
-1.005 1.41951
-1.004 -1.41845
-1.004 1.41845
-1.003 -1.41739
-1.003 1.41739
-1.002 -1.41633
-1.002 1.41633
-1.001 -1.41527
-1.001 1.41527
-1 -1.41421
-1 1.41421
-0.999 -1.41315
-0.999 1.41315
-0.998 -1.41209
-0.998 1.41209
-0.997 -1.41103
-0.997 1.41103
-0.996 -1.40996
-0.996 1.40996
-0.995 -1.4089
-0.995 1.4089
-0.994 -1.40784
-0.994 1.40784
-0.993 -1.40677
-0.993 1.40677
-0.992 -1.4057
-0.992 1.4057
-0.991 -1.40464
-0.991 1.40464
-0.99 -1.40357
-0.99 1.40357
-0.989 -1.4025
-0.989 1.4025
-0.988 -1.40143
-0.988 1.40143
-0.987 -1.40036
-0.987 1.40036
-0.986 -1.39929
-0.986 1.39929
-0.985 -1.39821
-0.985 1.39821
-0.984 -1.39714
-0.984 1.39714
-0.983 -1.39607
-0.983 1.39607
-0.982 -1.39499
-0.982 1.39499
-0.981 -1.39392
-0.981 1.39392
-0.98 -1.39284
-0.98 1.39284
-0.979 -1.39176
-0.979 1.39176
-0.978 -1.39069
-0.978 1.39069
-0.977 -1.38961
-0.977 1.38961
-0.976 -1.38853
-0.976 1.38853
-0.975 -1.38745
-0.975 1.38745
-0.974 -1.38637
-0.974 1.38637
-0.973 -1.38529
-0.973 1.38529
-0.972 -1.3842
-0.972 1.3842
-0.971 -1.38312
-0.971 1.38312
-0.97 -1.38204
-0.97 1.38204
-0.969 -1.38095
-0.969 1.38095
-0.968 -1.37987
-0.968 1.37987
-0.967 -1.37878
-0.967 1.37878
-0.966 -1.37769
-0.966 1.37769
-0.965 -1.37661
-0.965 1.37661
-0.964 -1.37552
-0.964 1.37552
-0.963 -1.37443
-0.963 1.37443
-0.962 -1.37334
-0.962 1.37334
-0.961 -1.37225
-0.961 1.37225
-0.96 -1.37115
-0.96 1.37115
-0.959 -1.37006
-0.959 1.37006
-0.958 -1.36897
-0.958 1.36897
-0.957 -1.36787
-0.957 1.36787
-0.956 -1.36678
-0.956 1.36678
-0.955 -1.36568
-0.955 1.36568
-0.954 -1.36459
-0.954 1.36459
-0.953 -1.36349
-0.953 1.36349
-0.952 -1.36239
-0.952 1.36239
-0.951 -1.36129
-0.951 1.36129
-0.95 -1.36019
-0.95 1.36019
-0.949 -1.35909
-0.949 1.35909
-0.948 -1.35799
-0.948 1.35799
-0.947 -1.35689
-0.947 1.35689
-0.946 -1.35579
-0.946 1.35579
-0.945 -1.35468
-0.945 1.35468
-0.944 -1.35358
-0.944 1.35358
-0.943 -1.35247
-0.943 1.35247
-0.942 -1.35137
-0.942 1.35137
-0.941 -1.35026
-0.941 1.35026
-0.94 -1.34915
-0.94 1.34915
-0.939 -1.34805
-0.939 1.34805
-0.938 -1.34694
-0.938 1.34694
-0.937 -1.34583
-0.937 1.34583
-0.936 -1.34472
-0.936 1.34472
-0.935 -1.34361
-0.935 1.34361
-0.934 -1.34249
-0.934 1.34249
-0.933 -1.34138
-0.933 1.34138
-0.932 -1.34027
-0.932 1.34027
-0.931 -1.33915
-0.931 1.33915
-0.93 -1.33804
-0.93 1.33804
-0.929 -1.33692
-0.929 1.33692
-0.928 -1.3358
-0.928 1.3358
-0.927 -1.33469
-0.927 1.33469
-0.926 -1.33357
-0.926 1.33357
-0.925 -1.33245
-0.925 1.33245
-0.924 -1.33133
-0.924 1.33133
-0.923 -1.33021
-0.923 1.33021
-0.922 -1.32909
-0.922 1.32909
-0.921 -1.32797
-0.921 1.32797
-0.92 -1.32684
-0.92 1.32684
-0.919 -1.32572
-0.919 1.32572
-0.918 -1.32459
-0.918 1.32459
-0.917 -1.32347
-0.917 1.32347
-0.916 -1.32234
-0.916 1.32234
-0.915 -1.32122
-0.915 1.32122
-0.914 -1.32009
-0.914 1.32009
-0.913 -1.31896
-0.913 1.31896
-0.912 -1.31783
-0.912 1.31783
-0.911 -1.3167
-0.911 1.3167
-0.91 -1.31557
-0.91 1.31557
-0.909 -1.31444
-0.909 1.31444
-0.908 -1.31331
-0.908 1.31331
-0.907 -1.31218
-0.907 1.31218
-0.906 -1.31104
-0.906 1.31104
-0.905 -1.30991
-0.905 1.30991
-0.904 -1.30877
-0.904 1.30877
-0.903 -1.30764
-0.903 1.30764
-0.902 -1.3065
-0.902 1.3065
-0.901 -1.30536
-0.901 1.30536
-0.9 -1.30422
-0.9 1.30422
-0.899 -1.30308
-0.899 1.30308
-0.898 -1.30195
-0.898 1.30195
-0.897 -1.3008
-0.897 1.3008
-0.896 -1.29966
-0.896 1.29966
-0.895 -1.29852
-0.895 1.29852
-0.894 -1.29738
-0.894 1.29738
-0.893 -1.29623
-0.893 1.29623
-0.892 -1.29509
-0.892 1.29509
-0.891 -1.29395
-0.891 1.29395
-0.89 -1.2928
-0.89 1.2928
-0.889 -1.29165
-0.889 1.29165
-0.888 -1.29051
-0.888 1.29051
-0.887 -1.28936
-0.887 1.28936
-0.886 -1.28821
-0.886 1.28821
-0.885 -1.28706
-0.885 1.28706
-0.884 -1.28591
-0.884 1.28591
-0.883 -1.28476
-0.883 1.28476
-0.882 -1.28361
-0.882 1.28361
-0.881 -1.28245
-0.881 1.28245
-0.88 -1.2813
-0.88 1.2813
-0.879 -1.28015
-0.879 1.28015
-0.878 -1.27899
-0.878 1.27899
-0.877 -1.27783
-0.877 1.27783
-0.876 -1.27668
-0.876 1.27668
-0.875 -1.27552
-0.875 1.27552
-0.874 -1.27436
-0.874 1.27436
-0.873 -1.2732
-0.873 1.2732
-0.872 -1.27204
-0.872 1.27204
-0.871 -1.27088
-0.871 1.27088
-0.87 -1.26972
-0.87 1.26972
-0.869 -1.26856
-0.869 1.26856
-0.868 -1.2674
-0.868 1.2674
-0.867 -1.26624
-0.867 1.26624
-0.866 -1.26507
-0.866 1.26507
-0.865 -1.26391
-0.865 1.26391
-0.864 -1.26274
-0.864 1.26274
-0.863 -1.26157
-0.863 1.26157
-0.862 -1.26041
-0.862 1.26041
-0.861 -1.25924
-0.861 1.25924
-0.86 -1.25807
-0.86 1.25807
-0.859 -1.2569
-0.859 1.2569
-0.858 -1.25573
-0.858 1.25573
-0.857 -1.25456
-0.857 1.25456
-0.856 -1.25339
-0.856 1.25339
-0.855 -1.25222
-0.855 1.25222
-0.854 -1.25104
-0.854 1.25104
-0.853 -1.24987
-0.853 1.24987
-0.852 -1.2487
-0.852 1.2487
-0.851 -1.24752
-0.851 1.24752
-0.85 -1.24634
-0.85 1.24634
-0.849 -1.24517
-0.849 1.24517
-0.848 -1.24399
-0.848 1.24399
-0.847 -1.24281
-0.847 1.24281
-0.846 -1.24163
-0.846 1.24163
-0.845 -1.24045
-0.845 1.24045
-0.844 -1.23927
-0.844 1.23927
-0.843 -1.23809
-0.843 1.23809
-0.842 -1.23691
-0.842 1.23691
-0.841 -1.23573
-0.841 1.23573
-0.84 -1.23454
-0.84 1.23454
-0.839 -1.23336
-0.839 1.23336
-0.838 -1.23217
-0.838 1.23217
-0.837 -1.23099
-0.837 1.23099
-0.836 -1.2298
-0.836 1.2298
-0.835 -1.22861
-0.835 1.22861
-0.834 -1.22743
-0.834 1.22743
-0.833 -1.22624
-0.833 1.22624
-0.832 -1.22505
-0.832 1.22505
-0.831 -1.22386
-0.831 1.22386
-0.83 -1.22267
-0.83 1.22267
-0.829 -1.22147
-0.829 1.22147
-0.828 -1.22028
-0.828 1.22028
-0.827 -1.21909
-0.827 1.21909
-0.826 -1.21789
-0.826 1.21789
-0.825 -1.2167
-0.825 1.2167
-0.824 -1.2155
-0.824 1.2155
-0.823 -1.21431
-0.823 1.21431
-0.822 -1.21311
-0.822 1.21311
-0.821 -1.21191
-0.821 1.21191
-0.82 -1.21072
-0.82 1.21072
-0.819 -1.20952
-0.819 1.20952
-0.818 -1.20832
-0.818 1.20832
-0.817 -1.20712
-0.817 1.20712
-0.816 -1.20591
-0.816 1.20591
-0.815 -1.20471
-0.815 1.20471
-0.814 -1.20351
-0.814 1.20351
-0.813 -1.20231
-0.813 1.20231
-0.812 -1.2011
-0.812 1.2011
-0.811 -1.1999
-0.811 1.1999
-0.81 -1.19869
-0.81 1.19869
-0.809 -1.19748
-0.809 1.19748
-0.808 -1.19628
-0.808 1.19628
-0.807 -1.19507
-0.807 1.19507
-0.806 -1.19386
-0.806 1.19386
-0.805 -1.19265
-0.805 1.19265
-0.804 -1.19144
-0.804 1.19144
-0.803 -1.19023
-0.803 1.19023
-0.802 -1.18902
-0.802 1.18902
-0.801 -1.1878
-0.801 1.1878
-0.8 -1.18659
-0.8 1.18659
-0.799 -1.18538
-0.799 1.18538
-0.798 -1.18416
-0.798 1.18416
-0.797 -1.18295
-0.797 1.18295
-0.796 -1.18173
-0.796 1.18173
-0.795 -1.18051
-0.795 1.18051
-0.794 -1.1793
-0.794 1.1793
-0.793 -1.17808
-0.793 1.17808
-0.792 -1.17686
-0.792 1.17686
-0.791 -1.17564
-0.791 1.17564
-0.79 -1.17442
-0.79 1.17442
-0.789 -1.1732
-0.789 1.1732
-0.788 -1.17198
-0.788 1.17198
-0.787 -1.17075
-0.787 1.17075
-0.786 -1.16953
-0.786 1.16953
-0.785 -1.16831
-0.785 1.16831
-0.784 -1.16708
-0.784 1.16708
-0.783 -1.16586
-0.783 1.16586
-0.782 -1.16463
-0.782 1.16463
-0.781 -1.1634
-0.781 1.1634
-0.78 -1.16217
-0.78 1.16217
-0.779 -1.16095
-0.779 1.16095
-0.778 -1.15972
-0.778 1.15972
-0.777 -1.15849
-0.777 1.15849
-0.776 -1.15726
-0.776 1.15726
-0.775 -1.15602
-0.775 1.15602
-0.774 -1.15479
-0.774 1.15479
-0.773 -1.15356
-0.773 1.15356
-0.772 -1.15232
-0.772 1.15232
-0.771 -1.15109
-0.771 1.15109
-0.77 -1.14986
-0.77 1.14986
-0.769 -1.14862
-0.769 1.14862
-0.768 -1.14738
-0.768 1.14738
-0.767 -1.14615
-0.767 1.14615
-0.766 -1.14491
-0.766 1.14491
-0.765 -1.14367
-0.765 1.14367
-0.764 -1.14243
-0.764 1.14243
-0.763 -1.14119
-0.763 1.14119
-0.762 -1.13995
-0.762 1.13995
-0.761 -1.13871
-0.761 1.13871
-0.76 -1.13746
-0.76 1.13746
-0.759 -1.13622
-0.759 1.13622
-0.758 -1.13498
-0.758 1.13498
-0.757 -1.13373
-0.757 1.13373
-0.756 -1.13249
-0.756 1.13249
-0.755 -1.13124
-0.755 1.13124
-0.754 -1.12999
-0.754 1.12999
-0.753 -1.12875
-0.753 1.12875
-0.752 -1.1275
-0.752 1.1275
-0.751 -1.12625
-0.751 1.12625
-0.75 -1.125
-0.75 1.125
-0.749 -1.12375
-0.749 1.12375
-0.748 -1.1225
-0.748 1.1225
-0.747 -1.12125
-0.747 1.12125
-0.746 -1.11999
-0.746 1.11999
-0.745 -1.11874
-0.745 1.11874
-0.744 -1.11749
-0.744 1.11749
-0.743 -1.11623
-0.743 1.11623
-0.742 -1.11498
-0.742 1.11498
-0.741 -1.11372
-0.741 1.11372
-0.74 -1.11246
-0.74 1.11246
-0.739 -1.11121
-0.739 1.11121
-0.738 -1.10995
-0.738 1.10995
-0.737 -1.10869
-0.737 1.10869
-0.736 -1.10743
-0.736 1.10743
-0.735 -1.10617
-0.735 1.10617
-0.734 -1.10491
-0.734 1.10491
-0.733 -1.10365
-0.733 1.10365
-0.732 -1.10238
-0.732 1.10238
-0.731 -1.10112
-0.731 1.10112
-0.73 -1.09986
-0.73 1.09986
-0.729 -1.09859
-0.729 1.09859
-0.728 -1.09733
-0.728 1.09733
-0.727 -1.09606
-0.727 1.09606
-0.726 -1.09479
-0.726 1.09479
-0.725 -1.09352
-0.725 1.09352
-0.724 -1.09226
-0.724 1.09226
-0.723 -1.09099
-0.723 1.09099
-0.722 -1.08972
-0.722 1.08972
-0.721 -1.08845
-0.721 1.08845
-0.72 -1.08718
-0.72 1.08718
-0.719 -1.0859
-0.719 1.0859
-0.718 -1.08463
-0.718 1.08463
-0.717 -1.08336
-0.717 1.08336
-0.716 -1.08208
-0.716 1.08208
-0.715 -1.08081
-0.715 1.08081
-0.714 -1.07953
-0.714 1.07953
-0.713 -1.07826
-0.713 1.07826
-0.712 -1.07698
-0.712 1.07698
-0.711 -1.0757
-0.711 1.0757
-0.71 -1.07442
-0.71 1.07442
-0.709 -1.07315
-0.709 1.07315
-0.708 -1.07187
-0.708 1.07187
-0.707 -1.07059
-0.707 1.07059
-0.706 -1.0693
-0.706 1.0693
-0.705 -1.06802
-0.705 1.06802
-0.704 -1.06674
-0.704 1.06674
-0.703 -1.06546
-0.703 1.06546
-0.702 -1.06417
-0.702 1.06417
-0.701 -1.06289
-0.701 1.06289
-0.7 -1.0616
-0.7 1.0616
-0.699 -1.06032
-0.699 1.06032
-0.698 -1.05903
-0.698 1.05903
-0.697 -1.05774
-0.697 1.05774
-0.696 -1.05645
-0.696 1.05645
-0.695 -1.05516
-0.695 1.05516
-0.694 -1.05388
-0.694 1.05388
-0.693 -1.05258
-0.693 1.05258
-0.692 -1.05129
-0.692 1.05129
-0.691 -1.05
-0.691 1.05
-0.69 -1.04871
-0.69 1.04871
-0.689 -1.04742
-0.689 1.04742
-0.688 -1.04612
-0.688 1.04612
-0.687 -1.04483
-0.687 1.04483
-0.686 -1.04353
-0.686 1.04353
-0.685 -1.04224
-0.685 1.04224
-0.684 -1.04094
-0.684 1.04094
-0.683 -1.03964
-0.683 1.03964
-0.682 -1.03834
-0.682 1.03834
-0.681 -1.03704
-0.681 1.03704
-0.68 -1.03575
-0.68 1.03575
-0.679 -1.03444
-0.679 1.03444
-0.678 -1.03314
-0.678 1.03314
-0.677 -1.03184
-0.677 1.03184
-0.676 -1.03054
-0.676 1.03054
-0.675 -1.02924
-0.675 1.02924
-0.674 -1.02793
-0.674 1.02793
-0.673 -1.02663
-0.673 1.02663
-0.672 -1.02532
-0.672 1.02532
-0.671 -1.02402
-0.671 1.02402
-0.67 -1.02271
-0.67 1.02271
-0.669 -1.0214
-0.669 1.0214
-0.668 -1.0201
-0.668 1.0201
-0.667 -1.01879
-0.667 1.01879
-0.666 -1.01748
-0.666 1.01748
-0.665 -1.01617
-0.665 1.01617
-0.664 -1.01486
-0.664 1.01486
-0.663 -1.01354
-0.663 1.01354
-0.662 -1.01223
-0.662 1.01223
-0.661 -1.01092
-0.661 1.01092
-0.66 -1.00961
-0.66 1.00961
-0.659 -1.00829
-0.659 1.00829
-0.658 -1.00698
-0.658 1.00698
-0.657 -1.00566
-0.657 1.00566
-0.656 -1.00434
-0.656 1.00434
-0.655 -1.00303
-0.655 1.00303
-0.654 -1.00171
-0.654 1.00171
-0.653 -1.00039
-0.653 1.00039
-0.652 -0.999072
-0.652 0.999072
-0.651 -0.997752
-0.651 0.997752
-0.65 -0.996431
-0.65 0.996431
-0.649 -0.99511
-0.649 0.99511
-0.648 -0.993788
-0.648 0.993788
-0.647 -0.992465
-0.647 0.992465
-0.646 -0.991142
-0.646 0.991142
-0.645 -0.989818
-0.645 0.989818
-0.644 -0.988493
-0.644 0.988493
-0.643 -0.987167
-0.643 0.987167
-0.642 -0.985841
-0.642 0.985841
-0.641 -0.984514
-0.641 0.984514
-0.64 -0.983187
-0.64 0.983187
-0.639 -0.981858
-0.639 0.981858
-0.638 -0.980529
-0.638 0.980529
-0.637 -0.9792
-0.637 0.9792
-0.636 -0.977869
-0.636 0.977869
-0.635 -0.976538
-0.635 0.976538
-0.634 -0.975207
-0.634 0.975207
-0.633 -0.973874
-0.633 0.973874
-0.632 -0.972541
-0.632 0.972541
-0.631 -0.971207
-0.631 0.971207
-0.63 -0.969873
-0.63 0.969873
-0.629 -0.968537
-0.629 0.968537
-0.628 -0.967202
-0.628 0.967202
-0.627 -0.965865
-0.627 0.965865
-0.626 -0.964528
-0.626 0.964528
-0.625 -0.96319
-0.625 0.96319
-0.624 -0.961851
-0.624 0.961851
-0.623 -0.960512
-0.623 0.960512
-0.622 -0.959172
-0.622 0.959172
-0.621 -0.957831
-0.621 0.957831
-0.62 -0.956489
-0.62 0.956489
-0.619 -0.955147
-0.619 0.955147
-0.618 -0.953804
-0.618 0.953804
-0.617 -0.952461
-0.617 0.952461
-0.616 -0.951117
-0.616 0.951117
-0.615 -0.949772
-0.615 0.949772
-0.614 -0.948426
-0.614 0.948426
-0.613 -0.94708
-0.613 0.94708
-0.612 -0.945733
-0.612 0.945733
-0.611 -0.944385
-0.611 0.944385
-0.61 -0.943037
-0.61 0.943037
-0.609 -0.941688
-0.609 0.941688
-0.608 -0.940338
-0.608 0.940338
-0.607 -0.938988
-0.607 0.938988
-0.606 -0.937637
-0.606 0.937637
-0.605 -0.936285
-0.605 0.936285
-0.604 -0.934933
-0.604 0.934933
-0.603 -0.93358
-0.603 0.93358
-0.602 -0.932226
-0.602 0.932226
-0.601 -0.930871
-0.601 0.930871
-0.6 -0.929516
-0.6 0.929516
-0.599 -0.92816
-0.599 0.92816
-0.598 -0.926804
-0.598 0.926804
-0.597 -0.925446
-0.597 0.925446
-0.596 -0.924088
-0.596 0.924088
-0.595 -0.92273
-0.595 0.92273
-0.594 -0.92137
-0.594 0.92137
-0.593 -0.92001
-0.593 0.92001
-0.592 -0.91865
-0.592 0.91865
-0.591 -0.917288
-0.591 0.917288
-0.59 -0.915926
-0.59 0.915926
-0.589 -0.914564
-0.589 0.914564
-0.588 -0.9132
-0.588 0.9132
-0.587 -0.911836
-0.587 0.911836
-0.586 -0.910471
-0.586 0.910471
-0.585 -0.909106
-0.585 0.909106
-0.584 -0.90774
-0.584 0.90774
-0.583 -0.906373
-0.583 0.906373
-0.582 -0.905005
-0.582 0.905005
-0.581 -0.903637
-0.581 0.903637
-0.58 -0.902268
-0.58 0.902268
-0.579 -0.900899
-0.579 0.900899
-0.578 -0.899528
-0.578 0.899528
-0.577 -0.898158
-0.577 0.898158
-0.576 -0.896786
-0.576 0.896786
-0.575 -0.895414
-0.575 0.895414
-0.574 -0.894041
-0.574 0.894041
-0.573 -0.892667
-0.573 0.892667
-0.572 -0.891293
-0.572 0.891293
-0.571 -0.889918
-0.571 0.889918
-0.57 -0.888542
-0.57 0.888542
-0.569 -0.887166
-0.569 0.887166
-0.568 -0.885789
-0.568 0.885789
-0.567 -0.884411
-0.567 0.884411
-0.566 -0.883033
-0.566 0.883033
-0.565 -0.881653
-0.565 0.881653
-0.564 -0.880274
-0.564 0.880274
-0.563 -0.878893
-0.563 0.878893
-0.562 -0.877512
-0.562 0.877512
-0.561 -0.87613
-0.561 0.87613
-0.56 -0.874748
-0.56 0.874748
-0.559 -0.873365
-0.559 0.873365
-0.558 -0.871981
-0.558 0.871981
-0.557 -0.870597
-0.557 0.870597
-0.556 -0.869211
-0.556 0.869211
-0.555 -0.867826
-0.555 0.867826
-0.554 -0.866439
-0.554 0.866439
-0.553 -0.865052
-0.553 0.865052
-0.552 -0.863664
-0.552 0.863664
-0.551 -0.862275
-0.551 0.862275
-0.55 -0.860886
-0.55 0.860886
-0.549 -0.859496
-0.549 0.859496
-0.548 -0.858106
-0.548 0.858106
-0.547 -0.856714
-0.547 0.856714
-0.546 -0.855323
-0.546 0.855323
-0.545 -0.85393
-0.545 0.85393
-0.544 -0.852537
-0.544 0.852537
-0.543 -0.851143
-0.543 0.851143
-0.542 -0.849748
-0.542 0.849748
-0.541 -0.848353
-0.541 0.848353
-0.54 -0.846957
-0.54 0.846957
-0.539 -0.84556
-0.539 0.84556
-0.538 -0.844163
-0.538 0.844163
-0.537 -0.842765
-0.537 0.842765
-0.536 -0.841366
-0.536 0.841366
-0.535 -0.839967
-0.535 0.839967
-0.534 -0.838567
-0.534 0.838567
-0.533 -0.837166
-0.533 0.837166
-0.532 -0.835765
-0.532 0.835765
-0.531 -0.834363
-0.531 0.834363
-0.53 -0.83296
-0.53 0.83296
-0.529 -0.831557
-0.529 0.831557
-0.528 -0.830153
-0.528 0.830153
-0.527 -0.828748
-0.527 0.828748
-0.526 -0.827343
-0.526 0.827343
-0.525 -0.825937
-0.525 0.825937
-0.524 -0.82453
-0.524 0.82453
-0.523 -0.823123
-0.523 0.823123
-0.522 -0.821715
-0.522 0.821715
-0.521 -0.820306
-0.521 0.820306
-0.52 -0.818897
-0.52 0.818897
-0.519 -0.817487
-0.519 0.817487
-0.518 -0.816076
-0.518 0.816076
-0.517 -0.814665
-0.517 0.814665
-0.516 -0.813253
-0.516 0.813253
-0.515 -0.81184
-0.515 0.81184
-0.514 -0.810427
-0.514 0.810427
-0.513 -0.809013
-0.513 0.809013
-0.512 -0.807598
-0.512 0.807598
-0.511 -0.806182
-0.511 0.806182
-0.51 -0.804766
-0.51 0.804766
-0.509 -0.80335
-0.509 0.80335
-0.508 -0.801932
-0.508 0.801932
-0.507 -0.800514
-0.507 0.800514
-0.506 -0.799096
-0.506 0.799096
-0.505 -0.797676
-0.505 0.797676
-0.504 -0.796256
-0.504 0.796256
-0.503 -0.794836
-0.503 0.794836
-0.502 -0.793414
-0.502 0.793414
-0.501 -0.791992
-0.501 0.791992
-0.5 -0.790569
-0.5 0.790569
-0.499 -0.789146
-0.499 0.789146
-0.498 -0.787722
-0.498 0.787722
-0.497 -0.786297
-0.497 0.786297
-0.496 -0.784872
-0.496 0.784872
-0.495 -0.783446
-0.495 0.783446
-0.494 -0.782019
-0.494 0.782019
-0.493 -0.780592
-0.493 0.780592
-0.492 -0.779164
-0.492 0.779164
-0.491 -0.777735
-0.491 0.777735
-0.49 -0.776306
-0.49 0.776306
-0.489 -0.774876
-0.489 0.774876
-0.488 -0.773445
-0.488 0.773445
-0.487 -0.772014
-0.487 0.772014
-0.486 -0.770582
-0.486 0.770582
-0.485 -0.769149
-0.485 0.769149
-0.484 -0.767716
-0.484 0.767716
-0.483 -0.766282
-0.483 0.766282
-0.482 -0.764848
-0.482 0.764848
-0.481 -0.763412
-0.481 0.763412
-0.48 -0.761976
-0.48 0.761976
-0.479 -0.76054
-0.479 0.76054
-0.478 -0.759103
-0.478 0.759103
-0.477 -0.757665
-0.477 0.757665
-0.476 -0.756226
-0.476 0.756226
-0.475 -0.754787
-0.475 0.754787
-0.474 -0.753347
-0.474 0.753347
-0.473 -0.751906
-0.473 0.751906
-0.472 -0.750465
-0.472 0.750465
-0.471 -0.749023
-0.471 0.749023
-0.47 -0.747581
-0.47 0.747581
-0.469 -0.746138
-0.469 0.746138
-0.468 -0.744694
-0.468 0.744694
-0.467 -0.743249
-0.467 0.743249
-0.466 -0.741804
-0.466 0.741804
-0.465 -0.740358
-0.465 0.740358
-0.464 -0.738912
-0.464 0.738912
-0.463 -0.737465
-0.463 0.737465
-0.462 -0.736017
-0.462 0.736017
-0.461 -0.734568
-0.461 0.734568
-0.46 -0.733119
-0.46 0.733119
-0.459 -0.73167
-0.459 0.73167
-0.458 -0.730219
-0.458 0.730219
-0.457 -0.728768
-0.457 0.728768
-0.456 -0.727316
-0.456 0.727316
-0.455 -0.725864
-0.455 0.725864
-0.454 -0.724411
-0.454 0.724411
-0.453 -0.722957
-0.453 0.722957
-0.452 -0.721503
-0.452 0.721503
-0.451 -0.720048
-0.451 0.720048
-0.45 -0.718592
-0.45 0.718592
-0.449 -0.717136
-0.449 0.717136
-0.448 -0.715679
-0.448 0.715679
-0.447 -0.714222
-0.447 0.714222
-0.446 -0.712763
-0.446 0.712763
-0.445 -0.711304
-0.445 0.711304
-0.444 -0.709845
-0.444 0.709845
-0.443 -0.708385
-0.443 0.708385
-0.442 -0.706924
-0.442 0.706924
-0.441 -0.705462
-0.441 0.705462
-0.44 -0.704
-0.44 0.704
-0.439 -0.702537
-0.439 0.702537
-0.438 -0.701074
-0.438 0.701074
-0.437 -0.69961
-0.437 0.69961
-0.436 -0.698145
-0.436 0.698145
-0.435 -0.696679
-0.435 0.696679
-0.434 -0.695213
-0.434 0.695213
-0.433 -0.693747
-0.433 0.693747
-0.432 -0.692279
-0.432 0.692279
-0.431 -0.690811
-0.431 0.690811
-0.43 -0.689342
-0.43 0.689342
-0.429 -0.687873
-0.429 0.687873
-0.428 -0.686403
-0.428 0.686403
-0.427 -0.684932
-0.427 0.684932
-0.426 -0.683461
-0.426 0.683461
-0.425 -0.681989
-0.425 0.681989
-0.424 -0.680517
-0.424 0.680517
-0.423 -0.679043
-0.423 0.679043
-0.422 -0.67757
-0.422 0.67757
-0.421 -0.676095
-0.421 0.676095
-0.42 -0.67462
-0.42 0.67462
-0.419 -0.673144
-0.419 0.673144
-0.418 -0.671668
-0.418 0.671668
-0.417 -0.67019
-0.417 0.67019
-0.416 -0.668713
-0.416 0.668713
-0.415 -0.667234
-0.415 0.667234
-0.414 -0.665755
-0.414 0.665755
-0.413 -0.664276
-0.413 0.664276
-0.412 -0.662795
-0.412 0.662795
-0.411 -0.661314
-0.411 0.661314
-0.41 -0.659833
-0.41 0.659833
-0.409 -0.65835
-0.409 0.65835
-0.408 -0.656867
-0.408 0.656867
-0.407 -0.655384
-0.407 0.655384
-0.406 -0.6539
-0.406 0.6539
-0.405 -0.652415
-0.405 0.652415
-0.404 -0.650929
-0.404 0.650929
-0.403 -0.649443
-0.403 0.649443
-0.402 -0.647956
-0.402 0.647956
-0.401 -0.646469
-0.401 0.646469
-0.4 -0.644981
-0.4 0.644981
-0.399 -0.643492
-0.399 0.643492
-0.398 -0.642002
-0.398 0.642002
-0.397 -0.640512
-0.397 0.640512
-0.396 -0.639022
-0.396 0.639022
-0.395 -0.63753
-0.395 0.63753
-0.394 -0.636039
-0.394 0.636039
-0.393 -0.634546
-0.393 0.634546
-0.392 -0.633053
-0.392 0.633053
-0.391 -0.631559
-0.391 0.631559
-0.39 -0.630064
-0.39 0.630064
-0.389 -0.628569
-0.389 0.628569
-0.388 -0.627073
-0.388 0.627073
-0.387 -0.625577
-0.387 0.625577
-0.386 -0.62408
-0.386 0.62408
-0.385 -0.622582
-0.385 0.622582
-0.384 -0.621084
-0.384 0.621084
-0.383 -0.619585
-0.383 0.619585
-0.382 -0.618085
-0.382 0.618085
-0.381 -0.616585
-0.381 0.616585
-0.38 -0.615084
-0.38 0.615084
-0.379 -0.613582
-0.379 0.613582
-0.378 -0.61208
-0.378 0.61208
-0.377 -0.610577
-0.377 0.610577
-0.376 -0.609074
-0.376 0.609074
-0.375 -0.607569
-0.375 0.607569
-0.374 -0.606065
-0.374 0.606065
-0.373 -0.604559
-0.373 0.604559
-0.372 -0.603053
-0.372 0.603053
-0.371 -0.601546
-0.371 0.601546
-0.37 -0.600039
-0.37 0.600039
-0.369 -0.598531
-0.369 0.598531
-0.368 -0.597023
-0.368 0.597023
-0.367 -0.595513
-0.367 0.595513
-0.366 -0.594003
-0.366 0.594003
-0.365 -0.592493
-0.365 0.592493
-0.364 -0.590982
-0.364 0.590982
-0.363 -0.58947
-0.363 0.58947
-0.362 -0.587958
-0.362 0.587958
-0.361 -0.586444
-0.361 0.586444
-0.36 -0.584931
-0.36 0.584931
-0.359 -0.583416
-0.359 0.583416
-0.358 -0.581901
-0.358 0.581901
-0.357 -0.580386
-0.357 0.580386
-0.356 -0.57887
-0.356 0.57887
-0.355 -0.577353
-0.355 0.577353
-0.354 -0.575835
-0.354 0.575835
-0.353 -0.574317
-0.353 0.574317
-0.352 -0.572798
-0.352 0.572798
-0.351 -0.571279
-0.351 0.571279
-0.35 -0.569759
-0.35 0.569759
-0.349 -0.568238
-0.349 0.568238
-0.348 -0.566717
-0.348 0.566717
-0.347 -0.565195
-0.347 0.565195
-0.346 -0.563672
-0.346 0.563672
-0.345 -0.562149
-0.345 0.562149
-0.344 -0.560625
-0.344 0.560625
-0.343 -0.559101
-0.343 0.559101
-0.342 -0.557575
-0.342 0.557575
-0.341 -0.55605
-0.341 0.55605
-0.34 -0.554523
-0.34 0.554523
-0.339 -0.552996
-0.339 0.552996
-0.338 -0.551469
-0.338 0.551469
-0.337 -0.54994
-0.337 0.54994
-0.336 -0.548411
-0.336 0.548411
-0.335 -0.546882
-0.335 0.546882
-0.334 -0.545352
-0.334 0.545352
-0.333 -0.543821
-0.333 0.543821
-0.332 -0.542289
-0.332 0.542289
-0.331 -0.540757
-0.331 0.540757
-0.33 -0.539224
-0.33 0.539224
-0.329 -0.537691
-0.329 0.537691
-0.328 -0.536157
-0.328 0.536157
-0.327 -0.534622
-0.327 0.534622
-0.326 -0.533087
-0.326 0.533087
-0.325 -0.531551
-0.325 0.531551
-0.324 -0.530015
-0.324 0.530015
-0.323 -0.528478
-0.323 0.528478
-0.322 -0.52694
-0.322 0.52694
-0.321 -0.525402
-0.321 0.525402
-0.32 -0.523863
-0.32 0.523863
-0.319 -0.522323
-0.319 0.522323
-0.318 -0.520783
-0.318 0.520783
-0.317 -0.519242
-0.317 0.519242
-0.316 -0.5177
-0.316 0.5177
-0.315 -0.516158
-0.315 0.516158
-0.314 -0.514615
-0.314 0.514615
-0.313 -0.513072
-0.313 0.513072
-0.312 -0.511528
-0.312 0.511528
-0.311 -0.509983
-0.311 0.509983
-0.31 -0.508438
-0.31 0.508438
-0.309 -0.506892
-0.309 0.506892
-0.308 -0.505345
-0.308 0.505345
-0.307 -0.503798
-0.307 0.503798
-0.306 -0.50225
-0.306 0.50225
-0.305 -0.500702
-0.305 0.500702
-0.304 -0.499153
-0.304 0.499153
-0.303 -0.497603
-0.303 0.497603
-0.302 -0.496053
-0.302 0.496053
-0.301 -0.494502
-0.301 0.494502
-0.3 -0.49295
-0.3 0.49295
-0.299 -0.491398
-0.299 0.491398
-0.298 -0.489845
-0.298 0.489845
-0.297 -0.488292
-0.297 0.488292
-0.296 -0.486738
-0.296 0.486738
-0.295 -0.485183
-0.295 0.485183
-0.294 -0.483628
-0.294 0.483628
-0.293 -0.482072
-0.293 0.482072
-0.292 -0.480515
-0.292 0.480515
-0.291 -0.478958
-0.291 0.478958
-0.29 -0.4774
-0.29 0.4774
-0.289 -0.475842
-0.289 0.475842
-0.288 -0.474283
-0.288 0.474283
-0.287 -0.472723
-0.287 0.472723
-0.286 -0.471163
-0.286 0.471163
-0.285 -0.469602
-0.285 0.469602
-0.284 -0.46804
-0.284 0.46804
-0.283 -0.466478
-0.283 0.466478
-0.282 -0.464915
-0.282 0.464915
-0.281 -0.463352
-0.281 0.463352
-0.28 -0.461788
-0.28 0.461788
-0.279 -0.460223
-0.279 0.460223
-0.278 -0.458658
-0.278 0.458658
-0.277 -0.457092
-0.277 0.457092
-0.276 -0.455525
-0.276 0.455525
-0.275 -0.453958
-0.275 0.453958
-0.274 -0.452391
-0.274 0.452391
-0.273 -0.450822
-0.273 0.450822
-0.272 -0.449253
-0.272 0.449253
-0.271 -0.447683
-0.271 0.447683
-0.27 -0.446113
-0.27 0.446113
-0.269 -0.444542
-0.269 0.444542
-0.268 -0.442971
-0.268 0.442971
-0.267 -0.441399
-0.267 0.441399
-0.266 -0.439826
-0.266 0.439826
-0.265 -0.438253
-0.265 0.438253
-0.264 -0.436679
-0.264 0.436679
-0.263 -0.435104
-0.263 0.435104
-0.262 -0.433529
-0.262 0.433529
-0.261 -0.431953
-0.261 0.431953
-0.26 -0.430377
-0.26 0.430377
-0.259 -0.4288
-0.259 0.4288
-0.258 -0.427222
-0.258 0.427222
-0.257 -0.425644
-0.257 0.425644
-0.256 -0.424065
-0.256 0.424065
-0.255 -0.422485
-0.255 0.422485
-0.254 -0.420905
-0.254 0.420905
-0.253 -0.419324
-0.253 0.419324
-0.252 -0.417743
-0.252 0.417743
-0.251 -0.416161
-0.251 0.416161
-0.25 -0.414578
-0.25 0.414578
-0.249 -0.412995
-0.249 0.412995
-0.248 -0.411411
-0.248 0.411411
-0.247 -0.409827
-0.247 0.409827
-0.246 -0.408241
-0.246 0.408241
-0.245 -0.406656
-0.245 0.406656
-0.244 -0.405069
-0.244 0.405069
-0.243 -0.403482
-0.243 0.403482
-0.242 -0.401895
-0.242 0.401895
-0.241 -0.400307
-0.241 0.400307
-0.24 -0.398718
-0.24 0.398718
-0.239 -0.397129
-0.239 0.397129
-0.238 -0.395539
-0.238 0.395539
-0.237 -0.393948
-0.237 0.393948
-0.236 -0.392357
-0.236 0.392357
-0.235 -0.390765
-0.235 0.390765
-0.234 -0.389172
-0.234 0.389172
-0.233 -0.387579
-0.233 0.387579
-0.232 -0.385986
-0.232 0.385986
-0.231 -0.384391
-0.231 0.384391
-0.23 -0.382796
-0.23 0.382796
-0.229 -0.381201
-0.229 0.381201
-0.228 -0.379605
-0.228 0.379605
-0.227 -0.378008
-0.227 0.378008
-0.226 -0.37641
-0.226 0.37641
-0.225 -0.374812
-0.225 0.374812
-0.224 -0.373214
-0.224 0.373214
-0.223 -0.371615
-0.223 0.371615
-0.222 -0.370015
-0.222 0.370015
-0.221 -0.368414
-0.221 0.368414
-0.22 -0.366813
-0.22 0.366813
-0.219 -0.365212
-0.219 0.365212
-0.218 -0.363609
-0.218 0.363609
-0.217 -0.362006
-0.217 0.362006
-0.216 -0.360403
-0.216 0.360403
-0.215 -0.358799
-0.215 0.358799
-0.214 -0.357194
-0.214 0.357194
-0.213 -0.355589
-0.213 0.355589
-0.212 -0.353983
-0.212 0.353983
-0.211 -0.352376
-0.211 0.352376
-0.21 -0.350769
-0.21 0.350769
-0.209 -0.349161
-0.209 0.349161
-0.208 -0.347553
-0.208 0.347553
-0.207 -0.345944
-0.207 0.345944
-0.206 -0.344334
-0.206 0.344334
-0.205 -0.342724
-0.205 0.342724
-0.204 -0.341113
-0.204 0.341113
-0.203 -0.339502
-0.203 0.339502
-0.202 -0.33789
-0.202 0.33789
-0.201 -0.336277
-0.201 0.336277
-0.2 -0.334664
-0.2 0.334664
-0.199 -0.33305
-0.199 0.33305
-0.198 -0.331436
-0.198 0.331436
-0.197 -0.329821
-0.197 0.329821
-0.196 -0.328205
-0.196 0.328205
-0.195 -0.326589
-0.195 0.326589
-0.194 -0.324972
-0.194 0.324972
-0.193 -0.323354
-0.193 0.323354
-0.192 -0.321736
-0.192 0.321736
-0.191 -0.320117
-0.191 0.320117
-0.19 -0.318498
-0.19 0.318498
-0.189 -0.316878
-0.189 0.316878
-0.188 -0.315258
-0.188 0.315258
-0.187 -0.313636
-0.187 0.313636
-0.186 -0.312015
-0.186 0.312015
-0.185 -0.310392
-0.185 0.310392
-0.184 -0.308769
-0.184 0.308769
-0.183 -0.307146
-0.183 0.307146
-0.182 -0.305522
-0.182 0.305522
-0.181 -0.303897
-0.181 0.303897
-0.18 -0.302271
-0.18 0.302271
-0.179 -0.300645
-0.179 0.300645
-0.178 -0.299019
-0.178 0.299019
-0.177 -0.297392
-0.177 0.297392
-0.176 -0.295764
-0.176 0.295764
-0.175 -0.294135
-0.175 0.294135
-0.174 -0.292506
-0.174 0.292506
-0.173 -0.290877
-0.173 0.290877
-0.172 -0.289247
-0.172 0.289247
-0.171 -0.287616
-0.171 0.287616
-0.17 -0.285984
-0.17 0.285984
-0.169 -0.284352
-0.169 0.284352
-0.168 -0.28272
-0.168 0.28272
-0.167 -0.281086
-0.167 0.281086
-0.166 -0.279453
-0.166 0.279453
-0.165 -0.277818
-0.165 0.277818
-0.164 -0.276183
-0.164 0.276183
-0.163 -0.274547
-0.163 0.274547
-0.162 -0.272911
-0.162 0.272911
-0.161 -0.271274
-0.161 0.271274
-0.16 -0.269637
-0.16 0.269637
-0.159 -0.267999
-0.159 0.267999
-0.158 -0.26636
-0.158 0.26636
-0.157 -0.264721
-0.157 0.264721
-0.156 -0.263081
-0.156 0.263081
-0.155 -0.26144
-0.155 0.26144
-0.154 -0.259799
-0.154 0.259799
-0.153 -0.258158
-0.153 0.258158
-0.152 -0.256515
-0.152 0.256515
-0.151 -0.254873
-0.151 0.254873
-0.15 -0.253229
-0.15 0.253229
-0.149 -0.251585
-0.149 0.251585
-0.148 -0.24994
-0.148 0.24994
-0.147 -0.248295
-0.147 0.248295
-0.146 -0.246649
-0.146 0.246649
-0.145 -0.245003
-0.145 0.245003
-0.144 -0.243356
-0.144 0.243356
-0.143 -0.241708
-0.143 0.241708
-0.142 -0.24006
-0.142 0.24006
-0.141 -0.238411
-0.141 0.238411
-0.14 -0.236761
-0.14 0.236761
-0.139 -0.235111
-0.139 0.235111
-0.138 -0.233461
-0.138 0.233461
-0.137 -0.23181
-0.137 0.23181
-0.136 -0.230158
-0.136 0.230158
-0.135 -0.228505
-0.135 0.228505
-0.134 -0.226852
-0.134 0.226852
-0.133 -0.225198
-0.133 0.225198
-0.132 -0.223544
-0.132 0.223544
-0.131 -0.221889
-0.131 0.221889
-0.13 -0.220234
-0.13 0.220234
-0.129 -0.218578
-0.129 0.218578
-0.128 -0.216921
-0.128 0.216921
-0.127 -0.215264
-0.127 0.215264
-0.126 -0.213606
-0.126 0.213606
-0.125 -0.211948
-0.125 0.211948
-0.124 -0.210289
-0.124 0.210289
-0.123 -0.208629
-0.123 0.208629
-0.122 -0.206969
-0.122 0.206969
-0.121 -0.205308
-0.121 0.205308
-0.12 -0.203647
-0.12 0.203647
-0.119 -0.201985
-0.119 0.201985
-0.118 -0.200322
-0.118 0.200322
-0.117 -0.198659
-0.117 0.198659
-0.116 -0.196995
-0.116 0.196995
-0.115 -0.195331
-0.115 0.195331
-0.114 -0.193666
-0.114 0.193666
-0.113 -0.192
-0.113 0.192
-0.112 -0.190334
-0.112 0.190334
-0.111 -0.188667
-0.111 0.188667
-0.11 -0.187
-0.11 0.187
-0.109 -0.185332
-0.109 0.185332
-0.108 -0.183664
-0.108 0.183664
-0.107 -0.181994
-0.107 0.181994
-0.106 -0.180325
-0.106 0.180325
-0.105 -0.178654
-0.105 0.178654
-0.104 -0.176983
-0.104 0.176983
-0.103 -0.175312
-0.103 0.175312
-0.102 -0.17364
-0.102 0.17364
-0.101 -0.171967
-0.101 0.171967
-0.1 -0.170294
-0.1 0.170294
-0.099 -0.16862
-0.099 0.16862
-0.098 -0.166946
-0.098 0.166946
-0.097 -0.16527
-0.097 0.16527
-0.096 -0.163595
-0.096 0.163595
-0.095 -0.161919
-0.095 0.161919
-0.094 -0.160242
-0.094 0.160242
-0.093 -0.158564
-0.093 0.158564
-0.092 -0.156886
-0.092 0.156886
-0.091 -0.155208
-0.091 0.155208
-0.09 -0.153528
-0.09 0.153528
-0.089 -0.151849
-0.089 0.151849
-0.088 -0.150168
-0.088 0.150168
-0.087 -0.148487
-0.087 0.148487
-0.086 -0.146806
-0.086 0.146806
-0.085 -0.145124
-0.085 0.145124
-0.084 -0.143441
-0.084 0.143441
-0.083 -0.141758
-0.083 0.141758
-0.082 -0.140074
-0.082 0.140074
-0.081 -0.138389
-0.081 0.138389
-0.08 -0.136704
-0.08 0.136704
-0.079 -0.135018
-0.079 0.135018
-0.078 -0.133332
-0.078 0.133332
-0.077 -0.131645
-0.077 0.131645
-0.076 -0.129958
-0.076 0.129958
-0.075 -0.12827
-0.075 0.12827
-0.074 -0.126581
-0.074 0.126581
-0.073 -0.124892
-0.073 0.124892
-0.072 -0.123202
-0.072 0.123202
-0.071 -0.121512
-0.071 0.121512
-0.07 -0.119821
-0.07 0.119821
-0.069 -0.118129
-0.069 0.118129
-0.068 -0.116437
-0.068 0.116437
-0.067 -0.114744
-0.067 0.114744
-0.066 -0.113051
-0.066 0.113051
-0.065 -0.111357
-0.065 0.111357
-0.064 -0.109662
-0.064 0.109662
-0.063 -0.107967
-0.063 0.107967
-0.062 -0.106272
-0.062 0.106272
-0.061 -0.104575
-0.061 0.104575
-0.06 -0.102879
-0.06 0.102879
-0.059 -0.101181
-0.059 0.101181
-0.058 -0.0994831
-0.058 0.0994831
-0.057 -0.0977845
-0.057 0.0977845
-0.056 -0.0960853
-0.056 0.0960853
-0.055 -0.0943855
-0.055 0.0943855
-0.054 -0.0926851
-0.054 0.0926851
-0.053 -0.0909842
-0.053 0.0909842
-0.052 -0.0892827
-0.052 0.0892827
-0.051 -0.0875805
-0.051 0.0875805
-0.05 -0.0858778
-0.05 0.0858778
-0.049 -0.0841745
-0.049 0.0841745
-0.048 -0.0824706
-0.048 0.0824706
-0.047 -0.0807662
-0.047 0.0807662
-0.046 -0.0790611
-0.046 0.0790611
-0.045 -0.0773555
-0.045 0.0773555
-0.044 -0.0756493
-0.044 0.0756493
-0.043 -0.0739425
-0.043 0.0739425
-0.042 -0.0722351
-0.042 0.0722351
-0.041 -0.0705272
-0.041 0.0705272
-0.04 -0.0688186
-0.04 0.0688186
-0.039 -0.0671095
-0.039 0.0671095
-0.038 -0.0653998
-0.038 0.0653998
-0.037 -0.0636895
-0.037 0.0636895
-0.036 -0.0619786
-0.036 0.0619786
-0.035 -0.0602671
-0.035 0.0602671
-0.034 -0.0585551
-0.034 0.0585551
-0.033 -0.0568424
-0.033 0.0568424
-0.032 -0.0551292
-0.032 0.0551292
-0.031 -0.0534154
-0.031 0.0534154
-0.03 -0.0517011
-0.03 0.0517011
-0.029 -0.0499861
-0.029 0.0499861
-0.028 -0.0482706
-0.028 0.0482706
-0.027 -0.0465545
-0.027 0.0465545
-0.026 -0.0448378
-0.026 0.0448378
-0.025 -0.0431205
-0.025 0.0431205
-0.024 -0.0414026
-0.024 0.0414026
-0.023 -0.0396842
-0.023 0.0396842
-0.022 -0.0379651
-0.022 0.0379651
-0.021 -0.0362455
-0.021 0.0362455
-0.02 -0.0345254
-0.02 0.0345254
-0.019 -0.0328046
-0.019 0.0328046
-0.018 -0.0310832
-0.018 0.0310832
-0.017 -0.0293613
-0.017 0.0293613
-0.016 -0.0276388
-0.016 0.0276388
-0.015 -0.0259157
-0.015 0.0259157
-0.014 -0.0241921
-0.014 0.0241921
-0.013 -0.0224678
-0.013 0.0224678
-0.012 -0.020743
-0.012 0.020743
-0.011 -0.0190176
-0.011 0.0190176
-0.01 -0.0172916
-0.01 0.0172916
-0.009 -0.0155651
-0.009 0.0155651
-0.008 -0.0138379
-0.008 0.0138379
-0.007 -0.0121102
-0.007 0.0121102
-0.006 -0.0103819
-0.006 0.0103819
-0.005 -0.00865303
-0.005 0.00865303
-0.004 -0.00692358
-0.004 0.00692358
-0.003 -0.00519355
-0.003 0.00519355
-0.002 -0.00346295
-0.002 0.00346295
-0.001 -0.00173176
-0.001 0.00173176
-1.76482e-12 -3.05675e-12
-1.76482e-12 3.05675e-12
0.001 -0.00173234
0.001 0.00173234
0.002 -0.00346526
0.002 0.00346526
0.003 -0.00519875
0.003 0.00519875
0.004 -0.00693282
0.004 0.00693282
0.005 -0.00866747
0.005 0.00866747
0.006 -0.0104027
0.006 0.0104027
0.007 -0.0121385
0.007 0.0121385
0.008 -0.0138749
0.008 0.0138749
0.009 -0.0156118
0.009 0.0156118
0.01 -0.0173494
0.01 0.0173494
0.011 -0.0190875
0.011 0.0190875
0.012 -0.0208261
0.012 0.0208261
0.013 -0.0225654
0.013 0.0225654
0.014 -0.0243052
0.014 0.0243052
0.015 -0.0260456
0.015 0.0260456
0.016 -0.0277866
0.016 0.0277866
0.017 -0.0295282
0.017 0.0295282
0.018 -0.0312703
0.018 0.0312703
0.019 -0.033013
0.019 0.033013
0.02 -0.0347563
0.02 0.0347563
0.021 -0.0365002
0.021 0.0365002
0.022 -0.0382446
0.022 0.0382446
0.023 -0.0399896
0.023 0.0399896
0.024 -0.0417352
0.024 0.0417352
0.025 -0.0434813
0.025 0.0434813
0.026 -0.045228
0.026 0.045228
0.027 -0.0469753
0.027 0.0469753
0.028 -0.0487232
0.028 0.0487232
0.029 -0.0504717
0.029 0.0504717
0.03 -0.0522207
0.03 0.0522207
0.031 -0.0539703
0.031 0.0539703
0.032 -0.0557204
0.032 0.0557204
0.033 -0.0574712
0.033 0.0574712
0.034 -0.0592225
0.034 0.0592225
0.035 -0.0609744
0.035 0.0609744
0.036 -0.0627268
0.036 0.0627268
0.037 -0.0644799
0.037 0.0644799
0.038 -0.0662335
0.038 0.0662335
0.039 -0.0679876
0.039 0.0679876
0.04 -0.0697424
0.04 0.0697424
0.041 -0.0714977
0.041 0.0714977
0.042 -0.0732536
0.042 0.0732536
0.043 -0.07501
0.043 0.07501
0.044 -0.0767671
0.044 0.0767671
0.045 -0.0785247
0.045 0.0785247
0.046 -0.0802828
0.046 0.0802828
0.047 -0.0820416
0.047 0.0820416
0.048 -0.0838009
0.048 0.0838009
0.049 -0.0855608
0.049 0.0855608
0.05 -0.0873212
0.05 0.0873212
0.051 -0.0890823
0.051 0.0890823
0.052 -0.0908439
0.052 0.0908439
0.053 -0.092606
0.053 0.092606
0.054 -0.0943688
0.054 0.0943688
0.055 -0.0961321
0.055 0.0961321
0.056 -0.0978959
0.056 0.0978959
0.057 -0.0996604
0.057 0.0996604
0.058 -0.101425
0.058 0.101425
0.059 -0.103191
0.059 0.103191
0.06 -0.104957
0.06 0.104957
0.061 -0.106724
0.061 0.106724
0.062 -0.108491
0.062 0.108491
0.063 -0.110259
0.063 0.110259
0.064 -0.112027
0.064 0.112027
0.065 -0.113796
0.065 0.113796
0.066 -0.115566
0.066 0.115566
0.067 -0.117336
0.067 0.117336
0.068 -0.119107
0.068 0.119107
0.069 -0.120878
0.069 0.120878
0.07 -0.12265
0.07 0.12265
0.071 -0.124422
0.071 0.124422
0.072 -0.126195
0.072 0.126195
0.073 -0.127969
0.073 0.127969
0.074 -0.129743
0.074 0.129743
0.075 -0.131518
0.075 0.131518
0.076 -0.133293
0.076 0.133293
0.077 -0.135069
0.077 0.135069
0.078 -0.136845
0.078 0.136845
0.079 -0.138622
0.079 0.138622
0.08 -0.140399
0.08 0.140399
0.081 -0.142177
0.081 0.142177
0.082 -0.143956
0.082 0.143956
0.083 -0.145735
0.083 0.145735
0.084 -0.147515
0.084 0.147515
0.085 -0.149295
0.085 0.149295
0.086 -0.151076
0.086 0.151076
0.087 -0.152858
0.087 0.152858
0.088 -0.15464
0.088 0.15464
0.089 -0.156422
0.089 0.156422
0.09 -0.158206
0.09 0.158206
0.091 -0.159989
0.091 0.159989
0.092 -0.161774
0.092 0.161774
0.093 -0.163558
0.093 0.163558
0.094 -0.165344
0.094 0.165344
0.095 -0.16713
0.095 0.16713
0.096 -0.168916
0.096 0.168916
0.097 -0.170703
0.097 0.170703
0.098 -0.172491
0.098 0.172491
0.099 -0.174279
0.099 0.174279
0.1 -0.176068
0.1 0.176068
0.101 -0.177858
0.101 0.177858
0.102 -0.179647
0.102 0.179647
0.103 -0.181438
0.103 0.181438
0.104 -0.183229
0.104 0.183229
0.105 -0.185021
0.105 0.185021
0.106 -0.186813
0.106 0.186813
0.107 -0.188606
0.107 0.188606
0.108 -0.190399
0.108 0.190399
0.109 -0.192193
0.109 0.192193
0.11 -0.193987
0.11 0.193987
0.111 -0.195782
0.111 0.195782
0.112 -0.197578
0.112 0.197578
0.113 -0.199374
0.113 0.199374
0.114 -0.20117
0.114 0.20117
0.115 -0.202968
0.115 0.202968
0.116 -0.204765
0.116 0.204765
0.117 -0.206564
0.117 0.206564
0.118 -0.208363
0.118 0.208363
0.119 -0.210162
0.119 0.210162
0.12 -0.211962
0.12 0.211962
0.121 -0.213763
0.121 0.213763
0.122 -0.215564
0.122 0.215564
0.123 -0.217366
0.123 0.217366
0.124 -0.219168
0.124 0.219168
0.125 -0.220971
0.125 0.220971
0.126 -0.222774
0.126 0.222774
0.127 -0.224578
0.127 0.224578
0.128 -0.226383
0.128 0.226383
0.129 -0.228188
0.129 0.228188
0.13 -0.229993
0.13 0.229993
0.131 -0.2318
0.131 0.2318
0.132 -0.233606
0.132 0.233606
0.133 -0.235414
0.133 0.235414
0.134 -0.237222
0.134 0.237222
0.135 -0.23903
0.135 0.23903
0.136 -0.240839
0.136 0.240839
0.137 -0.242649
0.137 0.242649
0.138 -0.244459
0.138 0.244459
0.139 -0.246269
0.139 0.246269
0.14 -0.248081
0.14 0.248081
0.141 -0.249892
0.141 0.249892
0.142 -0.251705
0.142 0.251705
0.143 -0.253518
0.143 0.253518
0.144 -0.255331
0.144 0.255331
0.145 -0.257145
0.145 0.257145
0.146 -0.25896
0.146 0.25896
0.147 -0.260775
0.147 0.260775
0.148 -0.262591
0.148 0.262591
0.149 -0.264407
0.149 0.264407
0.15 -0.266224
0.15 0.266224
0.151 -0.268041
0.151 0.268041
0.152 -0.269859
0.152 0.269859
0.153 -0.271677
0.153 0.271677
0.154 -0.273496
0.154 0.273496
0.155 -0.275316
0.155 0.275316
0.156 -0.277136
0.156 0.277136
0.157 -0.278957
0.157 0.278957
0.158 -0.280778
0.158 0.280778
0.159 -0.2826
0.159 0.2826
0.16 -0.284422
0.16 0.284422
0.161 -0.286245
0.161 0.286245
0.162 -0.288069
0.162 0.288069
0.163 -0.289893
0.163 0.289893
0.164 -0.291717
0.164 0.291717
0.165 -0.293542
0.165 0.293542
0.166 -0.295368
0.166 0.295368
0.167 -0.297194
0.167 0.297194
0.168 -0.299021
0.168 0.299021
0.169 -0.300848
0.169 0.300848
0.17 -0.302676
0.17 0.302676
0.171 -0.304505
0.171 0.304505
0.172 -0.306334
0.172 0.306334
0.173 -0.308163
0.173 0.308163
0.174 -0.309994
0.174 0.309994
0.175 -0.311824
0.175 0.311824
0.176 -0.313656
0.176 0.313656
0.177 -0.315487
0.177 0.315487
0.178 -0.31732
0.178 0.31732
0.179 -0.319153
0.179 0.319153
0.18 -0.320986
0.18 0.320986
0.181 -0.32282
0.181 0.32282
0.182 -0.324655
0.182 0.324655
0.183 -0.32649
0.183 0.32649
0.184 -0.328325
0.184 0.328325
0.185 -0.330162
0.185 0.330162
0.186 -0.331998
0.186 0.331998
0.187 -0.333836
0.187 0.333836
0.188 -0.335673
0.188 0.335673
0.189 -0.337512
0.189 0.337512
0.19 -0.339351
0.19 0.339351
0.191 -0.34119
0.191 0.34119
0.192 -0.34303
0.192 0.34303
0.193 -0.344871
0.193 0.344871
0.194 -0.346712
0.194 0.346712
0.195 -0.348554
0.195 0.348554
0.196 -0.350396
0.196 0.350396
0.197 -0.352239
0.197 0.352239
0.198 -0.354082
0.198 0.354082
0.199 -0.355926
0.199 0.355926
0.2 -0.357771
0.2 0.357771
0.201 -0.359616
0.201 0.359616
0.202 -0.361461
0.202 0.361461
0.203 -0.363308
0.203 0.363308
0.204 -0.365154
0.204 0.365154
0.205 -0.367002
0.205 0.367002
0.206 -0.368849
0.206 0.368849
0.207 -0.370698
0.207 0.370698
0.208 -0.372547
0.208 0.372547
0.209 -0.374396
0.209 0.374396
0.21 -0.376246
0.21 0.376246
0.211 -0.378096
0.211 0.378096
0.212 -0.379948
0.212 0.379948
0.213 -0.381799
0.213 0.381799
0.214 -0.383651
0.214 0.383651
0.215 -0.385504
0.215 0.385504
0.216 -0.387357
0.216 0.387357
0.217 -0.389211
0.217 0.389211
0.218 -0.391066
0.218 0.391066
0.219 -0.39292
0.219 0.39292
0.22 -0.394776
0.22 0.394776
0.221 -0.396632
0.221 0.396632
0.222 -0.398488
0.222 0.398488
0.223 -0.400346
0.223 0.400346
0.224 -0.402203
0.224 0.402203
0.225 -0.404061
0.225 0.404061
0.226 -0.40592
0.226 0.40592
0.227 -0.407779
0.227 0.407779
0.228 -0.409639
0.228 0.409639
0.229 -0.4115
0.229 0.4115
0.23 -0.413361
0.23 0.413361
0.231 -0.415222
0.231 0.415222
0.232 -0.417084
0.232 0.417084
0.233 -0.418947
0.233 0.418947
0.234 -0.42081
0.234 0.42081
0.235 -0.422673
0.235 0.422673
0.236 -0.424538
0.236 0.424538
0.237 -0.426402
0.237 0.426402
0.238 -0.428268
0.238 0.428268
0.239 -0.430134
0.239 0.430134
0.24 -0.432
0.24 0.432
0.241 -0.433867
0.241 0.433867
0.242 -0.435734
0.242 0.435734
0.243 -0.437602
0.243 0.437602
0.244 -0.439471
0.244 0.439471
0.245 -0.44134
0.245 0.44134
0.246 -0.44321
0.246 0.44321
0.247 -0.44508
0.247 0.44508
0.248 -0.446951
0.248 0.446951
0.249 -0.448822
0.249 0.448822
0.25 -0.450694
0.25 0.450694
0.251 -0.452566
0.251 0.452566
0.252 -0.454439
0.252 0.454439
0.253 -0.456313
0.253 0.456313
0.254 -0.458187
0.254 0.458187
0.255 -0.460061
0.255 0.460061
0.256 -0.461936
0.256 0.461936
0.257 -0.463812
0.257 0.463812
0.258 -0.465688
0.258 0.465688
0.259 -0.467565
0.259 0.467565
0.26 -0.469442
0.26 0.469442
0.261 -0.47132
0.261 0.47132
0.262 -0.473198
0.262 0.473198
0.263 -0.475077
0.263 0.475077
0.264 -0.476957
0.264 0.476957
0.265 -0.478837
0.265 0.478837
0.266 -0.480717
0.266 0.480717
0.267 -0.482598
0.267 0.482598
0.268 -0.48448
0.268 0.48448
0.269 -0.486362
0.269 0.486362
0.27 -0.488245
0.27 0.488245
0.271 -0.490128
0.271 0.490128
0.272 -0.492012
0.272 0.492012
0.273 -0.493896
0.273 0.493896
0.274 -0.495781
0.274 0.495781
0.275 -0.497666
0.275 0.497666
0.276 -0.499552
0.276 0.499552
0.277 -0.501439
0.277 0.501439
0.278 -0.503326
0.278 0.503326
0.279 -0.505213
0.279 0.505213
0.28 -0.507102
0.28 0.507102
0.281 -0.50899
0.281 0.50899
0.282 -0.510879
0.282 0.510879
0.283 -0.512769
0.283 0.512769
0.284 -0.514659
0.284 0.514659
0.285 -0.51655
0.285 0.51655
0.286 -0.518442
0.286 0.518442
0.287 -0.520333
0.287 0.520333
0.288 -0.522226
0.288 0.522226
0.289 -0.524119
0.289 0.524119
0.29 -0.526012
0.29 0.526012
0.291 -0.527906
0.291 0.527906
0.292 -0.529801
0.292 0.529801
0.293 -0.531696
0.293 0.531696
0.294 -0.533592
0.294 0.533592
0.295 -0.535488
0.295 0.535488
0.296 -0.537385
0.296 0.537385
0.297 -0.539282
0.297 0.539282
0.298 -0.54118
0.298 0.54118
0.299 -0.543078
0.299 0.543078
0.3 -0.544977
0.3 0.544977
0.301 -0.546876
0.301 0.546876
0.302 -0.548776
0.302 0.548776
0.303 -0.550677
0.303 0.550677
0.304 -0.552578
0.304 0.552578
0.305 -0.55448
0.305 0.55448
0.306 -0.556382
0.306 0.556382
0.307 -0.558284
0.307 0.558284
0.308 -0.560188
0.308 0.560188
0.309 -0.562091
0.309 0.562091
0.31 -0.563996
0.31 0.563996
0.311 -0.5659
0.311 0.5659
0.312 -0.567806
0.312 0.567806
0.313 -0.569712
0.313 0.569712
0.314 -0.571618
0.314 0.571618
0.315 -0.573525
0.315 0.573525
0.316 -0.575432
0.316 0.575432
0.317 -0.57734
0.317 0.57734
0.318 -0.579249
0.318 0.579249
0.319 -0.581158
0.319 0.581158
0.32 -0.583068
0.32 0.583068
0.321 -0.584978
0.321 0.584978
0.322 -0.586889
0.322 0.586889
0.323 -0.5888
0.323 0.5888
0.324 -0.590712
0.324 0.590712
0.325 -0.592624
0.325 0.592624
0.326 -0.594537
0.326 0.594537
0.327 -0.59645
0.327 0.59645
0.328 -0.598364
0.328 0.598364
0.329 -0.600279
0.329 0.600279
0.33 -0.602193
0.33 0.602193
0.331 -0.604109
0.331 0.604109
0.332 -0.606025
0.332 0.606025
0.333 -0.607942
0.333 0.607942
0.334 -0.609859
0.334 0.609859
0.335 -0.611776
0.335 0.611776
0.336 -0.613695
0.336 0.613695
0.337 -0.615613
0.337 0.615613
0.338 -0.617533
0.338 0.617533
0.339 -0.619452
0.339 0.619452
0.34 -0.621373
0.34 0.621373
0.341 -0.623294
0.341 0.623294
0.342 -0.625215
0.342 0.625215
0.343 -0.627137
0.343 0.627137
0.344 -0.629059
0.344 0.629059
0.345 -0.630982
0.345 0.630982
0.346 -0.632906
0.346 0.632906
0.347 -0.63483
0.347 0.63483
0.348 -0.636754
0.348 0.636754
0.349 -0.63868
0.349 0.63868
0.35 -0.640605
0.35 0.640605
0.351 -0.642531
0.351 0.642531
0.352 -0.644458
0.352 0.644458
0.353 -0.646385
0.353 0.646385
0.354 -0.648313
0.354 0.648313
0.355 -0.650241
0.355 0.650241
0.356 -0.65217
0.356 0.65217
0.357 -0.6541
0.357 0.6541
0.358 -0.65603
0.358 0.65603
0.359 -0.65796
0.359 0.65796
0.36 -0.659891
0.36 0.659891
0.361 -0.661822
0.361 0.661822
0.362 -0.663754
0.362 0.663754
0.363 -0.665687
0.363 0.665687
0.364 -0.66762
0.364 0.66762
0.365 -0.669554
0.365 0.669554
0.366 -0.671488
0.366 0.671488
0.367 -0.673422
0.367 0.673422
0.368 -0.675358
0.368 0.675358
0.369 -0.677293
0.369 0.677293
0.37 -0.67923
0.37 0.67923
0.371 -0.681167
0.371 0.681167
0.372 -0.683104
0.372 0.683104
0.373 -0.685042
0.373 0.685042
0.374 -0.68698
0.374 0.68698
0.375 -0.688919
0.375 0.688919
0.376 -0.690858
0.376 0.690858
0.377 -0.692798
0.377 0.692798
0.378 -0.694739
0.378 0.694739
0.379 -0.69668
0.379 0.69668
0.38 -0.698621
0.38 0.698621
0.381 -0.700564
0.381 0.700564
0.382 -0.702506
0.382 0.702506
0.383 -0.704449
0.383 0.704449
0.384 -0.706393
0.384 0.706393
0.385 -0.708337
0.385 0.708337
0.386 -0.710282
0.386 0.710282
0.387 -0.712227
0.387 0.712227
0.388 -0.714173
0.388 0.714173
0.389 -0.716119
0.389 0.716119
0.39 -0.718066
0.39 0.718066
0.391 -0.720014
0.391 0.720014
0.392 -0.721961
0.392 0.721961
0.393 -0.72391
0.393 0.72391
0.394 -0.725859
0.394 0.725859
0.395 -0.727808
0.395 0.727808
0.396 -0.729758
0.396 0.729758
0.397 -0.731709
0.397 0.731709
0.398 -0.73366
0.398 0.73366
0.399 -0.735611
0.399 0.735611
0.4 -0.737564
0.4 0.737564
0.401 -0.739516
0.401 0.739516
0.402 -0.741469
0.402 0.741469
0.403 -0.743423
0.403 0.743423
0.404 -0.745377
0.404 0.745377
0.405 -0.747332
0.405 0.747332
0.406 -0.749287
0.406 0.749287
0.407 -0.751243
0.407 0.751243
0.408 -0.753199
0.408 0.753199
0.409 -0.755156
0.409 0.755156
0.41 -0.757114
0.41 0.757114
0.411 -0.759071
0.411 0.759071
0.412 -0.76103
0.412 0.76103
0.413 -0.762989
0.413 0.762989
0.414 -0.764948
0.414 0.764948
0.415 -0.766908
0.415 0.766908
0.416 -0.768869
0.416 0.768869
0.417 -0.77083
0.417 0.77083
0.418 -0.772791
0.418 0.772791
0.419 -0.774754
0.419 0.774754
0.42 -0.776716
0.42 0.776716
0.421 -0.778679
0.421 0.778679
0.422 -0.780643
0.422 0.780643
0.423 -0.782607
0.423 0.782607
0.424 -0.784572
0.424 0.784572
0.425 -0.786537
0.425 0.786537
0.426 -0.788503
0.426 0.788503
0.427 -0.790469
0.427 0.790469
0.428 -0.792436
0.428 0.792436
0.429 -0.794403
0.429 0.794403
0.43 -0.796371
0.43 0.796371
0.431 -0.79834
0.431 0.79834
0.432 -0.800308
0.432 0.800308
0.433 -0.802278
0.433 0.802278
0.434 -0.804248
0.434 0.804248
0.435 -0.806218
0.435 0.806218
0.436 -0.808189
0.436 0.808189
0.437 -0.810161
0.437 0.810161
0.438 -0.812133
0.438 0.812133
0.439 -0.814105
0.439 0.814105
0.44 -0.816078
0.44 0.816078
0.441 -0.818052
0.441 0.818052
0.442 -0.820026
0.442 0.820026
0.443 -0.822001
0.443 0.822001
0.444 -0.823976
0.444 0.823976
0.445 -0.825952
0.445 0.825952
0.446 -0.827928
0.446 0.827928
0.447 -0.829905
0.447 0.829905
0.448 -0.831882
0.448 0.831882
0.449 -0.83386
0.449 0.83386
0.45 -0.835838
0.45 0.835838
0.451 -0.837817
0.451 0.837817
0.452 -0.839796
0.452 0.839796
0.453 -0.841776
0.453 0.841776
0.454 -0.843756
0.454 0.843756
0.455 -0.845737
0.455 0.845737
0.456 -0.847719
0.456 0.847719
0.457 -0.849701
0.457 0.849701
0.458 -0.851683
0.458 0.851683
0.459 -0.853666
0.459 0.853666
0.46 -0.855649
0.46 0.855649
0.461 -0.857633
0.461 0.857633
0.462 -0.859618
0.462 0.859618
0.463 -0.861603
0.463 0.861603
0.464 -0.863589
0.464 0.863589
0.465 -0.865575
0.465 0.865575
0.466 -0.867561
0.466 0.867561
0.467 -0.869548
0.467 0.869548
0.468 -0.871536
0.468 0.871536
0.469 -0.873524
0.469 0.873524
0.47 -0.875513
0.47 0.875513
0.471 -0.877502
0.471 0.877502
0.472 -0.879492
0.472 0.879492
0.473 -0.881482
0.473 0.881482
0.474 -0.883473
0.474 0.883473
0.475 -0.885464
0.475 0.885464
0.476 -0.887456
0.476 0.887456
0.477 -0.889448
0.477 0.889448
0.478 -0.891441
0.478 0.891441
0.479 -0.893435
0.479 0.893435
0.48 -0.895428
0.48 0.895428
0.481 -0.897423
0.481 0.897423
0.482 -0.899418
0.482 0.899418
0.483 -0.901413
0.483 0.901413
0.484 -0.903409
0.484 0.903409
0.485 -0.905406
0.485 0.905406
0.486 -0.907402
0.486 0.907402
0.487 -0.9094
0.487 0.9094
0.488 -0.911398
0.488 0.911398
0.489 -0.913397
0.489 0.913397
0.49 -0.915396
0.49 0.915396
0.491 -0.917395
0.491 0.917395
0.492 -0.919395
0.492 0.919395
0.493 -0.921396
0.493 0.921396
0.494 -0.923397
0.494 0.923397
0.495 -0.925398
0.495 0.925398
0.496 -0.927401
0.496 0.927401
0.497 -0.929403
0.497 0.929403
0.498 -0.931406
0.498 0.931406
0.499 -0.93341
0.499 0.93341
0.5 -0.935414
0.5 0.935414
0.501 -0.937419
0.501 0.937419
0.502 -0.939424
0.502 0.939424
0.503 -0.94143
0.503 0.94143
0.504 -0.943436
0.504 0.943436
0.505 -0.945443
0.505 0.945443
0.506 -0.94745
0.506 0.94745
0.507 -0.949458
0.507 0.949458
0.508 -0.951467
0.508 0.951467
0.509 -0.953475
0.509 0.953475
0.51 -0.955485
0.51 0.955485
0.511 -0.957495
0.511 0.957495
0.512 -0.959505
0.512 0.959505
0.513 -0.961516
0.513 0.961516
0.514 -0.963527
0.514 0.963527
0.515 -0.965539
0.515 0.965539
0.516 -0.967552
0.516 0.967552
0.517 -0.969565
0.517 0.969565
0.518 -0.971578
0.518 0.971578
0.519 -0.973592
0.519 0.973592
0.52 -0.975606
0.52 0.975606
0.521 -0.977621
0.521 0.977621
0.522 -0.979637
0.522 0.979637
0.523 -0.981653
0.523 0.981653
0.524 -0.98367
0.524 0.98367
0.525 -0.985687
0.525 0.985687
0.526 -0.987704
0.526 0.987704
0.527 -0.989722
0.527 0.989722
0.528 -0.991741
0.528 0.991741
0.529 -0.99376
0.529 0.99376
0.53 -0.99578
0.53 0.99578
0.531 -0.9978
0.531 0.9978
0.532 -0.99982
0.532 0.99982
0.533 -1.00184
0.533 1.00184
0.534 -1.00386
0.534 1.00386
0.535 -1.00589
0.535 1.00589
0.536 -1.00791
0.536 1.00791
0.537 -1.00993
0.537 1.00993
0.538 -1.01195
0.538 1.01195
0.539 -1.01398
0.539 1.01398
0.54 -1.016
0.54 1.016
0.541 -1.01803
0.541 1.01803
0.542 -1.02005
0.542 1.02005
0.543 -1.02208
0.543 1.02208
0.544 -1.02411
0.544 1.02411
0.545 -1.02614
0.545 1.02614
0.546 -1.02816
0.546 1.02816
0.547 -1.03019
0.547 1.03019
0.548 -1.03222
0.548 1.03222
0.549 -1.03425
0.549 1.03425
0.55 -1.03628
0.55 1.03628
0.551 -1.03831
0.551 1.03831
0.552 -1.04034
0.552 1.04034
0.553 -1.04237
0.553 1.04237
0.554 -1.0444
0.554 1.0444
0.555 -1.04644
0.555 1.04644
0.556 -1.04847
0.556 1.04847
0.557 -1.0505
0.557 1.0505
0.558 -1.05254
0.558 1.05254
0.559 -1.05457
0.559 1.05457
0.56 -1.05661
0.56 1.05661
0.561 -1.05864
0.561 1.05864
0.562 -1.06068
0.562 1.06068
0.563 -1.06271
0.563 1.06271
0.564 -1.06475
0.564 1.06475
0.565 -1.06679
0.565 1.06679
0.566 -1.06883
0.566 1.06883
0.567 -1.07086
0.567 1.07086
0.568 -1.0729
0.568 1.0729
0.569 -1.07494
0.569 1.07494
0.57 -1.07698
0.57 1.07698
0.571 -1.07902
0.571 1.07902
0.572 -1.08106
0.572 1.08106
0.573 -1.08311
0.573 1.08311
0.574 -1.08515
0.574 1.08515
0.575 -1.08719
0.575 1.08719
0.576 -1.08923
0.576 1.08923
0.577 -1.09128
0.577 1.09128
0.578 -1.09332
0.578 1.09332
0.579 -1.09537
0.579 1.09537
0.58 -1.09741
0.58 1.09741
0.581 -1.09946
0.581 1.09946
0.582 -1.1015
0.582 1.1015
0.583 -1.10355
0.583 1.10355
0.584 -1.1056
0.584 1.1056
0.585 -1.10764
0.585 1.10764
0.586 -1.10969
0.586 1.10969
0.587 -1.11174
0.587 1.11174
0.588 -1.11379
0.588 1.11379
0.589 -1.11584
0.589 1.11584
0.59 -1.11789
0.59 1.11789
0.591 -1.11994
0.591 1.11994
0.592 -1.12199
0.592 1.12199
0.593 -1.12404
0.593 1.12404
0.594 -1.1261
0.594 1.1261
0.595 -1.12815
0.595 1.12815
0.596 -1.1302
0.596 1.1302
0.597 -1.13226
0.597 1.13226
0.598 -1.13431
0.598 1.13431
0.599 -1.13636
0.599 1.13636
0.6 -1.13842
0.6 1.13842
0.601 -1.14048
0.601 1.14048
0.602 -1.14253
0.602 1.14253
0.603 -1.14459
0.603 1.14459
0.604 -1.14665
0.604 1.14665
0.605 -1.1487
0.605 1.1487
0.606 -1.15076
0.606 1.15076
0.607 -1.15282
0.607 1.15282
0.608 -1.15488
0.608 1.15488
0.609 -1.15694
0.609 1.15694
0.61 -1.159
0.61 1.159
0.611 -1.16106
0.611 1.16106
0.612 -1.16312
0.612 1.16312
0.613 -1.16518
0.613 1.16518
0.614 -1.16725
0.614 1.16725
0.615 -1.16931
0.615 1.16931
0.616 -1.17137
0.616 1.17137
0.617 -1.17344
0.617 1.17344
0.618 -1.1755
0.618 1.1755
0.619 -1.17757
0.619 1.17757
0.62 -1.17963
0.62 1.17963
0.621 -1.1817
0.621 1.1817
0.622 -1.18376
0.622 1.18376
0.623 -1.18583
0.623 1.18583
0.624 -1.1879
0.624 1.1879
0.625 -1.18996
0.625 1.18996
0.626 -1.19203
0.626 1.19203
0.627 -1.1941
0.627 1.1941
0.628 -1.19617
0.628 1.19617
0.629 -1.19824
0.629 1.19824
0.63 -1.20031
0.63 1.20031
0.631 -1.20238
0.631 1.20238
0.632 -1.20445
0.632 1.20445
0.633 -1.20653
0.633 1.20653
0.634 -1.2086
0.634 1.2086
0.635 -1.21067
0.635 1.21067
0.636 -1.21274
0.636 1.21274
0.637 -1.21482
0.637 1.21482
0.638 -1.21689
0.638 1.21689
0.639 -1.21897
0.639 1.21897
0.64 -1.22104
0.64 1.22104
0.641 -1.22312
0.641 1.22312
0.642 -1.22519
0.642 1.22519
0.643 -1.22727
0.643 1.22727
0.644 -1.22935
0.644 1.22935
0.645 -1.23143
0.645 1.23143
0.646 -1.2335
0.646 1.2335
0.647 -1.23558
0.647 1.23558
0.648 -1.23766
0.648 1.23766
0.649 -1.23974
0.649 1.23974
0.65 -1.24182
0.65 1.24182
0.651 -1.2439
0.651 1.2439
0.652 -1.24599
0.652 1.24599
0.653 -1.24807
0.653 1.24807
0.654 -1.25015
0.654 1.25015
0.655 -1.25223
0.655 1.25223
0.656 -1.25432
0.656 1.25432
0.657 -1.2564
0.657 1.2564
0.658 -1.25848
0.658 1.25848
0.659 -1.26057
0.659 1.26057
0.66 -1.26265
0.66 1.26265
0.661 -1.26474
0.661 1.26474
0.662 -1.26683
0.662 1.26683
0.663 -1.26891
0.663 1.26891
0.664 -1.271
0.664 1.271
0.665 -1.27309
0.665 1.27309
0.666 -1.27518
0.666 1.27518
0.667 -1.27727
0.667 1.27727
0.668 -1.27936
0.668 1.27936
0.669 -1.28145
0.669 1.28145
0.67 -1.28354
0.67 1.28354
0.671 -1.28563
0.671 1.28563
0.672 -1.28772
0.672 1.28772
0.673 -1.28981
0.673 1.28981
0.674 -1.2919
0.674 1.2919
0.675 -1.29399
0.675 1.29399
0.676 -1.29609
0.676 1.29609
0.677 -1.29818
0.677 1.29818
0.678 -1.30028
0.678 1.30028
0.679 -1.30237
0.679 1.30237
0.68 -1.30447
0.68 1.30447
0.681 -1.30656
0.681 1.30656
0.682 -1.30866
0.682 1.30866
0.683 -1.31076
0.683 1.31076
0.684 -1.31285
0.684 1.31285
0.685 -1.31495
0.685 1.31495
0.686 -1.31705
0.686 1.31705
0.687 -1.31915
0.687 1.31915
0.688 -1.32125
0.688 1.32125
0.689 -1.32335
0.689 1.32335
0.69 -1.32545
0.69 1.32545
0.691 -1.32755
0.691 1.32755
0.692 -1.32965
0.692 1.32965
0.693 -1.33175
0.693 1.33175
0.694 -1.33385
0.694 1.33385
0.695 -1.33596
0.695 1.33596
0.696 -1.33806
0.696 1.33806
0.697 -1.34016
0.697 1.34016
0.698 -1.34227
0.698 1.34227
0.699 -1.34437
0.699 1.34437
0.7 -1.34648
0.7 1.34648
0.701 -1.34858
0.701 1.34858
0.702 -1.35069
0.702 1.35069
0.703 -1.3528
0.703 1.3528
0.704 -1.3549
0.704 1.3549
0.705 -1.35701
0.705 1.35701
0.706 -1.35912
0.706 1.35912
0.707 -1.36123
0.707 1.36123
0.708 -1.36334
0.708 1.36334
0.709 -1.36545
0.709 1.36545
0.71 -1.36756
0.71 1.36756
0.711 -1.36967
0.711 1.36967
0.712 -1.37178
0.712 1.37178
0.713 -1.37389
0.713 1.37389
0.714 -1.376
0.714 1.376
0.715 -1.37811
0.715 1.37811
0.716 -1.38023
0.716 1.38023
0.717 -1.38234
0.717 1.38234
0.718 -1.38446
0.718 1.38446
0.719 -1.38657
0.719 1.38657
0.72 -1.38869
0.72 1.38869
0.721 -1.3908
0.721 1.3908
0.722 -1.39292
0.722 1.39292
0.723 -1.39503
0.723 1.39503
0.724 -1.39715
0.724 1.39715
0.725 -1.39927
0.725 1.39927
0.726 -1.40139
0.726 1.40139
0.727 -1.40351
0.727 1.40351
0.728 -1.40562
0.728 1.40562
0.729 -1.40774
0.729 1.40774
0.73 -1.40986
0.73 1.40986
0.731 -1.41198
0.731 1.41198
0.732 -1.41411
0.732 1.41411
0.733 -1.41623
0.733 1.41623
0.734 -1.41835
0.734 1.41835
0.735 -1.42047
0.735 1.42047
0.736 -1.42259
0.736 1.42259
0.737 -1.42472
0.737 1.42472
0.738 -1.42684
0.738 1.42684
0.739 -1.42897
0.739 1.42897
0.74 -1.43109
0.74 1.43109
0.741 -1.43322
0.741 1.43322
0.742 -1.43534
0.742 1.43534
0.743 -1.43747
0.743 1.43747
0.744 -1.4396
0.744 1.4396
0.745 -1.44172
0.745 1.44172
0.746 -1.44385
0.746 1.44385
0.747 -1.44598
0.747 1.44598
0.748 -1.44811
0.748 1.44811
0.749 -1.45024
0.749 1.45024
0.75 -1.45237
0.75 1.45237
0.751 -1.4545
0.751 1.4545
0.752 -1.45663
0.752 1.45663
0.753 -1.45876
0.753 1.45876
0.754 -1.46089
0.754 1.46089
0.755 -1.46303
0.755 1.46303
0.756 -1.46516
0.756 1.46516
0.757 -1.46729
0.757 1.46729
0.758 -1.46943
0.758 1.46943
0.759 -1.47156
0.759 1.47156
0.76 -1.47369
0.76 1.47369
0.761 -1.47583
0.761 1.47583
0.762 -1.47797
0.762 1.47797
0.763 -1.4801
0.763 1.4801
0.764 -1.48224
0.764 1.48224
0.765 -1.48438
0.765 1.48438
0.766 -1.48651
0.766 1.48651
0.767 -1.48865
0.767 1.48865
0.768 -1.49079
0.768 1.49079
0.769 -1.49293
0.769 1.49293
0.77 -1.49507
0.77 1.49507
0.771 -1.49721
0.771 1.49721
0.772 -1.49935
0.772 1.49935
0.773 -1.50149
0.773 1.50149
0.774 -1.50363
0.774 1.50363
0.775 -1.50578
0.775 1.50578
0.776 -1.50792
0.776 1.50792
0.777 -1.51006
0.777 1.51006
0.778 -1.5122
0.778 1.5122
0.779 -1.51435
0.779 1.51435
0.78 -1.51649
0.78 1.51649
0.781 -1.51864
0.781 1.51864
0.782 -1.52078
0.782 1.52078
0.783 -1.52293
0.783 1.52293
0.784 -1.52508
0.784 1.52508
0.785 -1.52722
0.785 1.52722
0.786 -1.52937
0.786 1.52937
0.787 -1.53152
0.787 1.53152
0.788 -1.53367
0.788 1.53367
0.789 -1.53582
0.789 1.53582
0.79 -1.53797
0.79 1.53797
0.791 -1.54012
0.791 1.54012
0.792 -1.54227
0.792 1.54227
0.793 -1.54442
0.793 1.54442
0.794 -1.54657
0.794 1.54657
0.795 -1.54872
0.795 1.54872
0.796 -1.55087
0.796 1.55087
0.797 -1.55303
0.797 1.55303
0.798 -1.55518
0.798 1.55518
0.799 -1.55733
0.799 1.55733
0.8 -1.55949
0.8 1.55949
0.801 -1.56164
0.801 1.56164
0.802 -1.5638
0.802 1.5638
0.803 -1.56595
0.803 1.56595
0.804 -1.56811
0.804 1.56811
0.805 -1.57027
0.805 1.57027
0.806 -1.57242
0.806 1.57242
0.807 -1.57458
0.807 1.57458
0.808 -1.57674
0.808 1.57674
0.809 -1.5789
0.809 1.5789
0.81 -1.58106
0.81 1.58106
0.811 -1.58322
0.811 1.58322
0.812 -1.58538
0.812 1.58538
0.813 -1.58754
0.813 1.58754
0.814 -1.5897
0.814 1.5897
0.815 -1.59186
0.815 1.59186
0.816 -1.59402
0.816 1.59402
0.817 -1.59618
0.817 1.59618
0.818 -1.59835
0.818 1.59835
0.819 -1.60051
0.819 1.60051
0.82 -1.60268
0.82 1.60268
0.821 -1.60484
0.821 1.60484
0.822 -1.607
0.822 1.607
0.823 -1.60917
0.823 1.60917
0.824 -1.61134
0.824 1.61134
0.825 -1.6135
0.825 1.6135
0.826 -1.61567
0.826 1.61567
0.827 -1.61784
0.827 1.61784
0.828 -1.62
0.828 1.62
0.829 -1.62217
0.829 1.62217
0.83 -1.62434
0.83 1.62434
0.831 -1.62651
0.831 1.62651
0.832 -1.62868
0.832 1.62868
0.833 -1.63085
0.833 1.63085
0.834 -1.63302
0.834 1.63302
0.835 -1.63519
0.835 1.63519
0.836 -1.63737
0.836 1.63737
0.837 -1.63954
0.837 1.63954
0.838 -1.64171
0.838 1.64171
0.839 -1.64388
0.839 1.64388
0.84 -1.64606
0.84 1.64606
0.841 -1.64823
0.841 1.64823
0.842 -1.65041
0.842 1.65041
0.843 -1.65258
0.843 1.65258
0.844 -1.65476
0.844 1.65476
0.845 -1.65693
0.845 1.65693
0.846 -1.65911
0.846 1.65911
0.847 -1.66129
0.847 1.66129
0.848 -1.66346
0.848 1.66346
0.849 -1.66564
0.849 1.66564
0.85 -1.66782
0.85 1.66782
0.851 -1.67
0.851 1.67
0.852 -1.67218
0.852 1.67218
0.853 -1.67436
0.853 1.67436
0.854 -1.67654
0.854 1.67654
0.855 -1.67872
0.855 1.67872
0.856 -1.6809
0.856 1.6809
0.857 -1.68308
0.857 1.68308
0.858 -1.68527
0.858 1.68527
0.859 -1.68745
0.859 1.68745
0.86 -1.68963
0.86 1.68963
0.861 -1.69182
0.861 1.69182
0.862 -1.694
0.862 1.694
0.863 -1.69618
0.863 1.69618
0.864 -1.69837
0.864 1.69837
0.865 -1.70056
0.865 1.70056
0.866 -1.70274
0.866 1.70274
0.867 -1.70493
0.867 1.70493
0.868 -1.70712
0.868 1.70712
0.869 -1.7093
0.869 1.7093
0.87 -1.71149
0.87 1.71149
0.871 -1.71368
0.871 1.71368
0.872 -1.71587
0.872 1.71587
0.873 -1.71806
0.873 1.71806
0.874 -1.72025
0.874 1.72025
0.875 -1.72244
0.875 1.72244
0.876 -1.72463
0.876 1.72463
0.877 -1.72682
0.877 1.72682
0.878 -1.72901
0.878 1.72901
0.879 -1.73121
0.879 1.73121
0.88 -1.7334
0.88 1.7334
0.881 -1.73559
0.881 1.73559
0.882 -1.73779
0.882 1.73779
0.883 -1.73998
0.883 1.73998
0.884 -1.74218
0.884 1.74218
0.885 -1.74437
0.885 1.74437
0.886 -1.74657
0.886 1.74657
0.887 -1.74876
0.887 1.74876
0.888 -1.75096
0.888 1.75096
0.889 -1.75316
0.889 1.75316
0.89 -1.75535
0.89 1.75535
0.891 -1.75755
0.891 1.75755
0.892 -1.75975
0.892 1.75975
0.893 -1.76195
0.893 1.76195
0.894 -1.76415
0.894 1.76415
0.895 -1.76635
0.895 1.76635
0.896 -1.76855
0.896 1.76855
0.897 -1.77075
0.897 1.77075
0.898 -1.77295
0.898 1.77295
0.899 -1.77516
0.899 1.77516
0.9 -1.77736
0.9 1.77736
0.901 -1.77956
0.901 1.77956
0.902 -1.78176
0.902 1.78176
0.903 -1.78397
0.903 1.78397
0.904 -1.78617
0.904 1.78617
0.905 -1.78838
0.905 1.78838
0.906 -1.79058
0.906 1.79058
0.907 -1.79279
0.907 1.79279
0.908 -1.79499
0.908 1.79499
0.909 -1.7972
0.909 1.7972
0.91 -1.79941
0.91 1.79941
0.911 -1.80162
0.911 1.80162
0.912 -1.80382
0.912 1.80382
0.913 -1.80603
0.913 1.80603
0.914 -1.80824
0.914 1.80824
0.915 -1.81045
0.915 1.81045
0.916 -1.81266
0.916 1.81266
0.917 -1.81487
0.917 1.81487
0.918 -1.81708
0.918 1.81708
0.919 -1.8193
0.919 1.8193
0.92 -1.82151
0.92 1.82151
0.921 -1.82372
0.921 1.82372
0.922 -1.82593
0.922 1.82593
0.923 -1.82815
0.923 1.82815
0.924 -1.83036
0.924 1.83036
0.925 -1.83257
0.925 1.83257
0.926 -1.83479
0.926 1.83479
0.927 -1.837
0.927 1.837
0.928 -1.83922
0.928 1.83922
0.929 -1.84144
0.929 1.84144
0.93 -1.84365
0.93 1.84365
0.931 -1.84587
0.931 1.84587
0.932 -1.84809
0.932 1.84809
0.933 -1.85031
0.933 1.85031
0.934 -1.85252
0.934 1.85252
0.935 -1.85474
0.935 1.85474
0.936 -1.85696
0.936 1.85696
0.937 -1.85918
0.937 1.85918
0.938 -1.8614
0.938 1.8614
0.939 -1.86363
0.939 1.86363
0.94 -1.86585
0.94 1.86585
0.941 -1.86807
0.941 1.86807
0.942 -1.87029
0.942 1.87029
0.943 -1.87251
0.943 1.87251
0.944 -1.87474
0.944 1.87474
0.945 -1.87696
0.945 1.87696
0.946 -1.87919
0.946 1.87919
0.947 -1.88141
0.947 1.88141
0.948 -1.88364
0.948 1.88364
0.949 -1.88586
0.949 1.88586
0.95 -1.88809
0.95 1.88809
0.951 -1.89031
0.951 1.89031
0.952 -1.89254
0.952 1.89254
0.953 -1.89477
0.953 1.89477
0.954 -1.897
0.954 1.897
0.955 -1.89923
0.955 1.89923
0.956 -1.90145
0.956 1.90145
0.957 -1.90368
0.957 1.90368
0.958 -1.90591
0.958 1.90591
0.959 -1.90814
0.959 1.90814
0.96 -1.91038
0.96 1.91038
0.961 -1.91261
0.961 1.91261
0.962 -1.91484
0.962 1.91484
0.963 -1.91707
0.963 1.91707
0.964 -1.9193
0.964 1.9193
0.965 -1.92154
0.965 1.92154
0.966 -1.92377
0.966 1.92377
0.967 -1.92601
0.967 1.92601
0.968 -1.92824
0.968 1.92824
0.969 -1.93048
0.969 1.93048
0.97 -1.93271
0.97 1.93271
0.971 -1.93495
0.971 1.93495
0.972 -1.93718
0.972 1.93718
0.973 -1.93942
0.973 1.93942
0.974 -1.94166
0.974 1.94166
0.975 -1.9439
0.975 1.9439
0.976 -1.94614
0.976 1.94614
0.977 -1.94837
0.977 1.94837
0.978 -1.95061
0.978 1.95061
0.979 -1.95285
0.979 1.95285
0.98 -1.95509
0.98 1.95509
0.981 -1.95733
0.981 1.95733
0.982 -1.95958
0.982 1.95958
0.983 -1.96182
0.983 1.96182
0.984 -1.96406
0.984 1.96406
0.985 -1.9663
0.985 1.9663
0.986 -1.96855
0.986 1.96855
0.987 -1.97079
0.987 1.97079
0.988 -1.97303
0.988 1.97303
0.989 -1.97528
0.989 1.97528
0.99 -1.97752
0.99 1.97752
0.991 -1.97977
0.991 1.97977
0.992 -1.98202
0.992 1.98202
0.993 -1.98426
0.993 1.98426
0.994 -1.98651
0.994 1.98651
0.995 -1.98876
0.995 1.98876
0.996 -1.991
0.996 1.991
0.997 -1.99325
0.997 1.99325
0.998 -1.9955
0.998 1.9955
0.999 -1.99775
0.999 1.99775
1 -2
1 2
1.001 -2.00225
1.001 2.00225
1.002 -2.0045
1.002 2.0045
1.003 -2.00675
1.003 2.00675
1.004 -2.009
1.004 2.009
1.005 -2.01126
1.005 2.01126
1.006 -2.01351
1.006 2.01351
1.007 -2.01576
1.007 2.01576
1.008 -2.01801
1.008 2.01801
1.009 -2.02027
1.009 2.02027
1.01 -2.02252
1.01 2.02252
1.011 -2.02478
1.011 2.02478
1.012 -2.02703
1.012 2.02703
1.013 -2.02929
1.013 2.02929
1.014 -2.03155
1.014 2.03155
1.015 -2.0338
1.015 2.0338
1.016 -2.03606
1.016 2.03606
1.017 -2.03832
1.017 2.03832
1.018 -2.04058
1.018 2.04058
1.019 -2.04283
1.019 2.04283
1.02 -2.04509
1.02 2.04509
1.021 -2.04735
1.021 2.04735
1.022 -2.04961
1.022 2.04961
1.023 -2.05187
1.023 2.05187
1.024 -2.05413
1.024 2.05413
1.025 -2.0564
1.025 2.0564
1.026 -2.05866
1.026 2.05866
1.027 -2.06092
1.027 2.06092
1.028 -2.06318
1.028 2.06318
1.029 -2.06545
1.029 2.06545
1.03 -2.06771
1.03 2.06771
1.031 -2.06997
1.031 2.06997
1.032 -2.07224
1.032 2.07224
1.033 -2.0745
1.033 2.0745
1.034 -2.07677
1.034 2.07677
1.035 -2.07904
1.035 2.07904
1.036 -2.0813
1.036 2.0813
1.037 -2.08357
1.037 2.08357
1.038 -2.08584
1.038 2.08584
1.039 -2.08811
1.039 2.08811
1.04 -2.09037
1.04 2.09037
1.041 -2.09264
1.041 2.09264
1.042 -2.09491
1.042 2.09491
1.043 -2.09718
1.043 2.09718
1.044 -2.09945
1.044 2.09945
1.045 -2.10172
1.045 2.10172
1.046 -2.10399
1.046 2.10399
1.047 -2.10627
1.047 2.10627
1.048 -2.10854
1.048 2.10854
1.049 -2.11081
1.049 2.11081
1.05 -2.11308
1.05 2.11308
1.051 -2.11536
1.051 2.11536
1.052 -2.11763
1.052 2.11763
1.053 -2.11991
1.053 2.11991
1.054 -2.12218
1.054 2.12218
1.055 -2.12446
1.055 2.12446
1.056 -2.12673
1.056 2.12673
1.057 -2.12901
1.057 2.12901
1.058 -2.13129
1.058 2.13129
1.059 -2.13356
1.059 2.13356
1.06 -2.13584
1.06 2.13584
1.061 -2.13812
1.061 2.13812
1.062 -2.1404
1.062 2.1404
1.063 -2.14268
1.063 2.14268
1.064 -2.14496
1.064 2.14496
1.065 -2.14724
1.065 2.14724
1.066 -2.14952
1.066 2.14952
1.067 -2.1518
1.067 2.1518
1.068 -2.15408
1.068 2.15408
1.069 -2.15636
1.069 2.15636
1.07 -2.15864
1.07 2.15864
1.071 -2.16093
1.071 2.16093
1.072 -2.16321
1.072 2.16321
1.073 -2.16549
1.073 2.16549
1.074 -2.16778
1.074 2.16778
1.075 -2.17006
1.075 2.17006
1.076 -2.17235
1.076 2.17235
1.077 -2.17463
1.077 2.17463
1.078 -2.17692
1.078 2.17692
1.079 -2.17921
1.079 2.17921
1.08 -2.18149
1.08 2.18149
1.081 -2.18378
1.081 2.18378
1.082 -2.18607
1.082 2.18607
1.083 -2.18836
1.083 2.18836
1.084 -2.19065
1.084 2.19065
1.085 -2.19294
1.085 2.19294
1.086 -2.19522
1.086 2.19522
1.087 -2.19752
1.087 2.19752
1.088 -2.19981
1.088 2.19981
1.089 -2.2021
1.089 2.2021
1.09 -2.20439
1.09 2.20439
1.091 -2.20668
1.091 2.20668
1.092 -2.20897
1.092 2.20897
1.093 -2.21127
1.093 2.21127
1.094 -2.21356
1.094 2.21356
1.095 -2.21585
1.095 2.21585
1.096 -2.21815
1.096 2.21815
1.097 -2.22044
1.097 2.22044
1.098 -2.22274
1.098 2.22274
1.099 -2.22503
1.099 2.22503
1.1 -2.22733
1.1 2.22733
1.101 -2.22963
1.101 2.22963
1.102 -2.23192
1.102 2.23192
1.103 -2.23422
1.103 2.23422
1.104 -2.23652
1.104 2.23652
1.105 -2.23882
1.105 2.23882
1.106 -2.24112
1.106 2.24112
1.107 -2.24342
1.107 2.24342
1.108 -2.24572
1.108 2.24572
1.109 -2.24802
1.109 2.24802
1.11 -2.25032
1.11 2.25032
1.111 -2.25262
1.111 2.25262
1.112 -2.25492
1.112 2.25492
1.113 -2.25722
1.113 2.25722
1.114 -2.25953
1.114 2.25953
1.115 -2.26183
1.115 2.26183
1.116 -2.26413
1.116 2.26413
1.117 -2.26644
1.117 2.26644
1.118 -2.26874
1.118 2.26874
1.119 -2.27105
1.119 2.27105
1.12 -2.27335
1.12 2.27335
1.121 -2.27566
1.121 2.27566
1.122 -2.27796
1.122 2.27796
1.123 -2.28027
1.123 2.28027
1.124 -2.28258
1.124 2.28258
1.125 -2.28489
1.125 2.28489
1.126 -2.28719
1.126 2.28719
1.127 -2.2895
1.127 2.2895
1.128 -2.29181
1.128 2.29181
1.129 -2.29412
1.129 2.29412
1.13 -2.29643
1.13 2.29643
1.131 -2.29874
1.131 2.29874
1.132 -2.30105
1.132 2.30105
1.133 -2.30336
1.133 2.30336
1.134 -2.30568
1.134 2.30568
1.135 -2.30799
1.135 2.30799
1.136 -2.3103
1.136 2.3103
1.137 -2.31261
1.137 2.31261
1.138 -2.31493
1.138 2.31493
1.139 -2.31724
1.139 2.31724
1.14 -2.31956
1.14 2.31956
1.141 -2.32187
1.141 2.32187
1.142 -2.32419
1.142 2.32419
1.143 -2.3265
1.143 2.3265
1.144 -2.32882
1.144 2.32882
1.145 -2.33114
1.145 2.33114
1.146 -2.33345
1.146 2.33345
1.147 -2.33577
1.147 2.33577
1.148 -2.33809
1.148 2.33809
1.149 -2.34041
1.149 2.34041
1.15 -2.34273
1.15 2.34273
1.151 -2.34505
1.151 2.34505
1.152 -2.34737
1.152 2.34737
1.153 -2.34969
1.153 2.34969
1.154 -2.35201
1.154 2.35201
1.155 -2.35433
1.155 2.35433
1.156 -2.35665
1.156 2.35665
1.157 -2.35898
1.157 2.35898
1.158 -2.3613
1.158 2.3613
1.159 -2.36362
1.159 2.36362
1.16 -2.36595
1.16 2.36595
1.161 -2.36827
1.161 2.36827
1.162 -2.37059
1.162 2.37059
1.163 -2.37292
1.163 2.37292
1.164 -2.37524
1.164 2.37524
1.165 -2.37757
1.165 2.37757
1.166 -2.3799
1.166 2.3799
1.167 -2.38222
1.167 2.38222
1.168 -2.38455
1.168 2.38455
1.169 -2.38688
1.169 2.38688
1.17 -2.38921
1.17 2.38921
1.171 -2.39154
1.171 2.39154
1.172 -2.39387
1.172 2.39387
1.173 -2.3962
1.173 2.3962
1.174 -2.39853
1.174 2.39853
1.175 -2.40086
1.175 2.40086
1.176 -2.40319
1.176 2.40319
1.177 -2.40552
1.177 2.40552
1.178 -2.40785
1.178 2.40785
1.179 -2.41018
1.179 2.41018
1.18 -2.41252
1.18 2.41252
1.181 -2.41485
1.181 2.41485
1.182 -2.41718
1.182 2.41718
1.183 -2.41952
1.183 2.41952
1.184 -2.42185
1.184 2.42185
1.185 -2.42419
1.185 2.42419
1.186 -2.42652
1.186 2.42652
1.187 -2.42886
1.187 2.42886
1.188 -2.43119
1.188 2.43119
1.189 -2.43353
1.189 2.43353
1.19 -2.43587
1.19 2.43587
1.191 -2.43821
1.191 2.43821
1.192 -2.44055
1.192 2.44055
1.193 -2.44288
1.193 2.44288
1.194 -2.44522
1.194 2.44522
1.195 -2.44756
1.195 2.44756
1.196 -2.4499
1.196 2.4499
1.197 -2.45224
1.197 2.45224
1.198 -2.45458
1.198 2.45458
1.199 -2.45693
1.199 2.45693
1.2 -2.45927
1.2 2.45927
1.201 -2.46161
1.201 2.46161
1.202 -2.46395
1.202 2.46395
1.203 -2.4663
1.203 2.4663
1.204 -2.46864
1.204 2.46864
1.205 -2.47098
1.205 2.47098
1.206 -2.47333
1.206 2.47333
1.207 -2.47567
1.207 2.47567
1.208 -2.47802
1.208 2.47802
1.209 -2.48037
1.209 2.48037
1.21 -2.48271
1.21 2.48271
1.211 -2.48506
1.211 2.48506
1.212 -2.48741
1.212 2.48741
1.213 -2.48975
1.213 2.48975
1.214 -2.4921
1.214 2.4921
1.215 -2.49445
1.215 2.49445
1.216 -2.4968
1.216 2.4968
1.217 -2.49915
1.217 2.49915
1.218 -2.5015
1.218 2.5015
1.219 -2.50385
1.219 2.50385
1.22 -2.5062
1.22 2.5062
1.221 -2.50855
1.221 2.50855
1.222 -2.51091
1.222 2.51091
1.223 -2.51326
1.223 2.51326
1.224 -2.51561
1.224 2.51561
1.225 -2.51796
1.225 2.51796
1.226 -2.52032
1.226 2.52032
1.227 -2.52267
1.227 2.52267
1.228 -2.52503
1.228 2.52503
1.229 -2.52738
1.229 2.52738
1.23 -2.52974
1.23 2.52974
1.231 -2.53209
1.231 2.53209
1.232 -2.53445
1.232 2.53445
1.233 -2.53681
1.233 2.53681
1.234 -2.53916
1.234 2.53916
1.235 -2.54152
1.235 2.54152
1.236 -2.54388
1.236 2.54388
1.237 -2.54624
1.237 2.54624
1.238 -2.5486
1.238 2.5486
1.239 -2.55096
1.239 2.55096
1.24 -2.55332
1.24 2.55332
1.241 -2.55568
1.241 2.55568
1.242 -2.55804
1.242 2.55804
1.243 -2.5604
1.243 2.5604
1.244 -2.56276
1.244 2.56276
1.245 -2.56512
1.245 2.56512
1.246 -2.56749
1.246 2.56749
1.247 -2.56985
1.247 2.56985
1.248 -2.57221
1.248 2.57221
1.249 -2.57458
1.249 2.57458
1.25 -2.57694
1.25 2.57694
1.251 -2.57931
1.251 2.57931
1.252 -2.58167
1.252 2.58167
1.253 -2.58404
1.253 2.58404
1.254 -2.5864
1.254 2.5864
1.255 -2.58877
1.255 2.58877
1.256 -2.59114
1.256 2.59114
1.257 -2.59351
1.257 2.59351
1.258 -2.59587
1.258 2.59587
1.259 -2.59824
1.259 2.59824
1.26 -2.60061
1.26 2.60061
1.261 -2.60298
1.261 2.60298
1.262 -2.60535
1.262 2.60535
1.263 -2.60772
1.263 2.60772
1.264 -2.61009
1.264 2.61009
1.265 -2.61246
1.265 2.61246
1.266 -2.61483
1.266 2.61483
1.267 -2.61721
1.267 2.61721
1.268 -2.61958
1.268 2.61958
1.269 -2.62195
1.269 2.62195
1.27 -2.62433
1.27 2.62433
1.271 -2.6267
1.271 2.6267
1.272 -2.62907
1.272 2.62907
1.273 -2.63145
1.273 2.63145
1.274 -2.63382
1.274 2.63382
1.275 -2.6362
1.275 2.6362
1.276 -2.63858
1.276 2.63858
1.277 -2.64095
1.277 2.64095
1.278 -2.64333
1.278 2.64333
1.279 -2.64571
1.279 2.64571
1.28 -2.64808
1.28 2.64808
1.281 -2.65046
1.281 2.65046
1.282 -2.65284
1.282 2.65284
1.283 -2.65522
1.283 2.65522
1.284 -2.6576
1.284 2.6576
1.285 -2.65998
1.285 2.65998
1.286 -2.66236
1.286 2.66236
1.287 -2.66474
1.287 2.66474
1.288 -2.66712
1.288 2.66712
1.289 -2.66951
1.289 2.66951
1.29 -2.67189
1.29 2.67189
1.291 -2.67427
1.291 2.67427
1.292 -2.67665
1.292 2.67665
1.293 -2.67904
1.293 2.67904
1.294 -2.68142
1.294 2.68142
1.295 -2.68381
1.295 2.68381
1.296 -2.68619
1.296 2.68619
1.297 -2.68858
1.297 2.68858
1.298 -2.69096
1.298 2.69096
1.299 -2.69335
1.299 2.69335
1.3 -2.69574
1.3 2.69574
1.301 -2.69812
1.301 2.69812
1.302 -2.70051
1.302 2.70051
1.303 -2.7029
1.303 2.7029
1.304 -2.70529
1.304 2.70529
1.305 -2.70768
1.305 2.70768
1.306 -2.71007
1.306 2.71007
1.307 -2.71246
1.307 2.71246
1.308 -2.71485
1.308 2.71485
1.309 -2.71724
1.309 2.71724
1.31 -2.71963
1.31 2.71963
1.311 -2.72202
1.311 2.72202
1.312 -2.72441
1.312 2.72441
1.313 -2.72681
1.313 2.72681
1.314 -2.7292
1.314 2.7292
1.315 -2.73159
1.315 2.73159
1.316 -2.73399
1.316 2.73399
1.317 -2.73638
1.317 2.73638
1.318 -2.73878
1.318 2.73878
1.319 -2.74117
1.319 2.74117
1.32 -2.74357
1.32 2.74357
1.321 -2.74596
1.321 2.74596
1.322 -2.74836
1.322 2.74836
1.323 -2.75076
1.323 2.75076
1.324 -2.75316
1.324 2.75316
1.325 -2.75555
1.325 2.75555
1.326 -2.75795
1.326 2.75795
1.327 -2.76035
1.327 2.76035
1.328 -2.76275
1.328 2.76275
1.329 -2.76515
1.329 2.76515
1.33 -2.76755
1.33 2.76755
1.331 -2.76995
1.331 2.76995
1.332 -2.77235
1.332 2.77235
1.333 -2.77475
1.333 2.77475
1.334 -2.77716
1.334 2.77716
1.335 -2.77956
1.335 2.77956
1.336 -2.78196
1.336 2.78196
1.337 -2.78436
1.337 2.78436
1.338 -2.78677
1.338 2.78677
1.339 -2.78917
1.339 2.78917
1.34 -2.79158
1.34 2.79158
1.341 -2.79398
1.341 2.79398
1.342 -2.79639
1.342 2.79639
1.343 -2.79879
1.343 2.79879
1.344 -2.8012
1.344 2.8012
1.345 -2.80361
1.345 2.80361
1.346 -2.80601
1.346 2.80601
1.347 -2.80842
1.347 2.80842
1.348 -2.81083
1.348 2.81083
1.349 -2.81324
1.349 2.81324
1.35 -2.81565
1.35 2.81565
1.351 -2.81806
1.351 2.81806
1.352 -2.82047
1.352 2.82047
1.353 -2.82288
1.353 2.82288
1.354 -2.82529
1.354 2.82529
1.355 -2.8277
1.355 2.8277
1.356 -2.83011
1.356 2.83011
1.357 -2.83252
1.357 2.83252
1.358 -2.83494
1.358 2.83494
1.359 -2.83735
1.359 2.83735
1.36 -2.83976
1.36 2.83976
1.361 -2.84218
1.361 2.84218
1.362 -2.84459
1.362 2.84459
1.363 -2.84701
1.363 2.84701
1.364 -2.84942
1.364 2.84942
1.365 -2.85184
1.365 2.85184
1.366 -2.85425
1.366 2.85425
1.367 -2.85667
1.367 2.85667
1.368 -2.85909
1.368 2.85909
1.369 -2.8615
1.369 2.8615
1.37 -2.86392
1.37 2.86392
1.371 -2.86634
1.371 2.86634
1.372 -2.86876
1.372 2.86876
1.373 -2.87118
1.373 2.87118
1.374 -2.8736
1.374 2.8736
1.375 -2.87602
1.375 2.87602
1.376 -2.87844
1.376 2.87844
1.377 -2.88086
1.377 2.88086
1.378 -2.88328
1.378 2.88328
1.379 -2.8857
1.379 2.8857
1.38 -2.88813
1.38 2.88813
1.381 -2.89055
1.381 2.89055
1.382 -2.89297
1.382 2.89297
1.383 -2.8954
1.383 2.8954
1.384 -2.89782
1.384 2.89782
1.385 -2.90024
1.385 2.90024
1.386 -2.90267
1.386 2.90267
1.387 -2.90509
1.387 2.90509
1.388 -2.90752
1.388 2.90752
1.389 -2.90995
1.389 2.90995
1.39 -2.91237
1.39 2.91237
1.391 -2.9148
1.391 2.9148
1.392 -2.91723
1.392 2.91723
1.393 -2.91966
1.393 2.91966
1.394 -2.92208
1.394 2.92208
1.395 -2.92451
1.395 2.92451
1.396 -2.92694
1.396 2.92694
1.397 -2.92937
1.397 2.92937
1.398 -2.9318
1.398 2.9318
1.399 -2.93423
1.399 2.93423
1.4 -2.93666
1.4 2.93666
1.401 -2.9391
1.401 2.9391
1.402 -2.94153
1.402 2.94153
1.403 -2.94396
1.403 2.94396
1.404 -2.94639
1.404 2.94639
1.405 -2.94883
1.405 2.94883
1.406 -2.95126
1.406 2.95126
1.407 -2.95369
1.407 2.95369
1.408 -2.95613
1.408 2.95613
1.409 -2.95856
1.409 2.95856
1.41 -2.961
1.41 2.961
1.411 -2.96344
1.411 2.96344
1.412 -2.96587
1.412 2.96587
1.413 -2.96831
1.413 2.96831
1.414 -2.97075
1.414 2.97075
1.415 -2.97318
1.415 2.97318
1.416 -2.97562
1.416 2.97562
1.417 -2.97806
1.417 2.97806
1.418 -2.9805
1.418 2.9805
1.419 -2.98294
1.419 2.98294
1.42 -2.98538
1.42 2.98538
1.421 -2.98782
1.421 2.98782
1.422 -2.99026
1.422 2.99026
1.423 -2.9927
1.423 2.9927
1.424 -2.99514
1.424 2.99514
1.425 -2.99758
1.425 2.99758
1.426 -3.00003
1.426 3.00003
1.427 -3.00247
1.427 3.00247
1.428 -3.00491
1.428 3.00491
1.429 -3.00736
1.429 3.00736
1.43 -3.0098
1.43 3.0098
1.431 -3.01225
1.431 3.01225
1.432 -3.01469
1.432 3.01469
1.433 -3.01714
1.433 3.01714
1.434 -3.01958
1.434 3.01958
1.435 -3.02203
1.435 3.02203
1.436 -3.02448
1.436 3.02448
1.437 -3.02692
1.437 3.02692
1.438 -3.02937
1.438 3.02937
1.439 -3.03182
1.439 3.03182
1.44 -3.03427
1.44 3.03427
1.441 -3.03672
1.441 3.03672
1.442 -3.03917
1.442 3.03917
1.443 -3.04162
1.443 3.04162
1.444 -3.04407
1.444 3.04407
1.445 -3.04652
1.445 3.04652
1.446 -3.04897
1.446 3.04897
1.447 -3.05142
1.447 3.05142
1.448 -3.05387
1.448 3.05387
1.449 -3.05633
1.449 3.05633
1.45 -3.05878
1.45 3.05878
1.451 -3.06123
1.451 3.06123
1.452 -3.06369
1.452 3.06369
1.453 -3.06614
1.453 3.06614
1.454 -3.06859
1.454 3.06859
1.455 -3.07105
1.455 3.07105
1.456 -3.07351
1.456 3.07351
1.457 -3.07596
1.457 3.07596
1.458 -3.07842
1.458 3.07842
1.459 -3.08087
1.459 3.08087
1.46 -3.08333
1.46 3.08333
1.461 -3.08579
1.461 3.08579
1.462 -3.08825
1.462 3.08825
1.463 -3.09071
1.463 3.09071
1.464 -3.09317
1.464 3.09317
1.465 -3.09563
1.465 3.09563
1.466 -3.09809
1.466 3.09809
1.467 -3.10055
1.467 3.10055
1.468 -3.10301
1.468 3.10301
1.469 -3.10547
1.469 3.10547
1.47 -3.10793
1.47 3.10793
1.471 -3.11039
1.471 3.11039
1.472 -3.11285
1.472 3.11285
1.473 -3.11532
1.473 3.11532
1.474 -3.11778
1.474 3.11778
1.475 -3.12024
1.475 3.12024
1.476 -3.12271
1.476 3.12271
1.477 -3.12517
1.477 3.12517
1.478 -3.12764
1.478 3.12764
1.479 -3.1301
1.479 3.1301
1.48 -3.13257
1.48 3.13257
1.481 -3.13504
1.481 3.13504
1.482 -3.1375
1.482 3.1375
1.483 -3.13997
1.483 3.13997
1.484 -3.14244
1.484 3.14244
1.485 -3.14491
1.485 3.14491
1.486 -3.14737
1.486 3.14737
1.487 -3.14984
1.487 3.14984
1.488 -3.15231
1.488 3.15231
1.489 -3.15478
1.489 3.15478
1.49 -3.15725
1.49 3.15725
1.491 -3.15972
1.491 3.15972
1.492 -3.1622
1.492 3.1622
1.493 -3.16467
1.493 3.16467
1.494 -3.16714
1.494 3.16714
1.495 -3.16961
1.495 3.16961
1.496 -3.17208
1.496 3.17208
1.497 -3.17456
1.497 3.17456
1.498 -3.17703
1.498 3.17703
1.499 -3.17951
1.499 3.17951
1.5 -3.18198
1.5 3.18198
1.501 -3.18446
1.501 3.18446
1.502 -3.18693
1.502 3.18693
1.503 -3.18941
1.503 3.18941
1.504 -3.19188
1.504 3.19188
1.505 -3.19436
1.505 3.19436
1.506 -3.19684
1.506 3.19684
1.507 -3.19932
1.507 3.19932
1.508 -3.20179
1.508 3.20179
1.509 -3.20427
1.509 3.20427
1.51 -3.20675
1.51 3.20675
1.511 -3.20923
1.511 3.20923
1.512 -3.21171
1.512 3.21171
1.513 -3.21419
1.513 3.21419
1.514 -3.21667
1.514 3.21667
1.515 -3.21915
1.515 3.21915
1.516 -3.22163
1.516 3.22163
1.517 -3.22412
1.517 3.22412
1.518 -3.2266
1.518 3.2266
1.519 -3.22908
1.519 3.22908
1.52 -3.23156
1.52 3.23156
1.521 -3.23405
1.521 3.23405
1.522 -3.23653
1.522 3.23653
1.523 -3.23902
1.523 3.23902
1.524 -3.2415
1.524 3.2415
1.525 -3.24399
1.525 3.24399
1.526 -3.24647
1.526 3.24647
1.527 -3.24896
1.527 3.24896
1.528 -3.25145
1.528 3.25145
1.529 -3.25393
1.529 3.25393
1.53 -3.25642
1.53 3.25642
1.531 -3.25891
1.531 3.25891
1.532 -3.2614
1.532 3.2614
1.533 -3.26389
1.533 3.26389
1.534 -3.26638
1.534 3.26638
1.535 -3.26887
1.535 3.26887
1.536 -3.27136
1.536 3.27136
1.537 -3.27385
1.537 3.27385
1.538 -3.27634
1.538 3.27634
1.539 -3.27883
1.539 3.27883
1.54 -3.28132
1.54 3.28132
1.541 -3.28381
1.541 3.28381
1.542 -3.28631
1.542 3.28631
1.543 -3.2888
1.543 3.2888
1.544 -3.29129
1.544 3.29129
1.545 -3.29379
1.545 3.29379
1.546 -3.29628
1.546 3.29628
1.547 -3.29878
1.547 3.29878
1.548 -3.30127
1.548 3.30127
1.549 -3.30377
1.549 3.30377
1.55 -3.30626
1.55 3.30626
1.551 -3.30876
1.551 3.30876
1.552 -3.31126
1.552 3.31126
1.553 -3.31375
1.553 3.31375
1.554 -3.31625
1.554 3.31625
1.555 -3.31875
1.555 3.31875
1.556 -3.32125
1.556 3.32125
1.557 -3.32375
1.557 3.32375
1.558 -3.32625
1.558 3.32625
1.559 -3.32875
1.559 3.32875
1.56 -3.33125
1.56 3.33125
1.561 -3.33375
1.561 3.33375
1.562 -3.33625
1.562 3.33625
1.563 -3.33875
1.563 3.33875
1.564 -3.34125
1.564 3.34125
1.565 -3.34376
1.565 3.34376
1.566 -3.34626
1.566 3.34626
1.567 -3.34876
1.567 3.34876
1.568 -3.35127
1.568 3.35127
1.569 -3.35377
1.569 3.35377
1.57 -3.35628
1.57 3.35628
1.571 -3.35878
1.571 3.35878
1.572 -3.36129
1.572 3.36129
1.573 -3.36379
1.573 3.36379
1.574 -3.3663
1.574 3.3663
1.575 -3.36881
1.575 3.36881
1.576 -3.37131
1.576 3.37131
1.577 -3.37382
1.577 3.37382
1.578 -3.37633
1.578 3.37633
1.579 -3.37884
1.579 3.37884
1.58 -3.38135
1.58 3.38135
1.581 -3.38386
1.581 3.38386
1.582 -3.38637
1.582 3.38637
1.583 -3.38888
1.583 3.38888
1.584 -3.39139
1.584 3.39139
1.585 -3.3939
1.585 3.3939
1.586 -3.39641
1.586 3.39641
1.587 -3.39892
1.587 3.39892
1.588 -3.40144
1.588 3.40144
1.589 -3.40395
1.589 3.40395
1.59 -3.40646
1.59 3.40646
1.591 -3.40898
1.591 3.40898
1.592 -3.41149
1.592 3.41149
1.593 -3.414
1.593 3.414
1.594 -3.41652
1.594 3.41652
1.595 -3.41903
1.595 3.41903
1.596 -3.42155
1.596 3.42155
1.597 -3.42407
1.597 3.42407
1.598 -3.42658
1.598 3.42658
1.599 -3.4291
1.599 3.4291
1.6 -3.43162
1.6 3.43162
1.601 -3.43414
1.601 3.43414
1.602 -3.43665
1.602 3.43665
1.603 -3.43917
1.603 3.43917
1.604 -3.44169
1.604 3.44169
1.605 -3.44421
1.605 3.44421
1.606 -3.44673
1.606 3.44673
1.607 -3.44925
1.607 3.44925
1.608 -3.45177
1.608 3.45177
1.609 -3.45429
1.609 3.45429
1.61 -3.45682
1.61 3.45682
1.611 -3.45934
1.611 3.45934
1.612 -3.46186
1.612 3.46186
1.613 -3.46438
1.613 3.46438
1.614 -3.46691
1.614 3.46691
1.615 -3.46943
1.615 3.46943
1.616 -3.47196
1.616 3.47196
1.617 -3.47448
1.617 3.47448
1.618 -3.47701
1.618 3.47701
1.619 -3.47953
1.619 3.47953
1.62 -3.48206
1.62 3.48206
1.621 -3.48458
1.621 3.48458
1.622 -3.48711
1.622 3.48711
1.623 -3.48964
1.623 3.48964
1.624 -3.49217
1.624 3.49217
1.625 -3.49469
1.625 3.49469
1.626 -3.49722
1.626 3.49722
1.627 -3.49975
1.627 3.49975
1.628 -3.50228
1.628 3.50228
1.629 -3.50481
1.629 3.50481
1.63 -3.50734
1.63 3.50734
1.631 -3.50987
1.631 3.50987
1.632 -3.5124
1.632 3.5124
1.633 -3.51494
1.633 3.51494
1.634 -3.51747
1.634 3.51747
1.635 -3.52
1.635 3.52
1.636 -3.52253
1.636 3.52253
1.637 -3.52507
1.637 3.52507
1.638 -3.5276
1.638 3.5276
1.639 -3.53013
1.639 3.53013
1.64 -3.53267
1.64 3.53267
1.641 -3.5352
1.641 3.5352
1.642 -3.53774
1.642 3.53774
1.643 -3.54027
1.643 3.54027
1.644 -3.54281
1.644 3.54281
1.645 -3.54535
1.645 3.54535
1.646 -3.54788
1.646 3.54788
1.647 -3.55042
1.647 3.55042
1.648 -3.55296
1.648 3.55296
1.649 -3.5555
1.649 3.5555
1.65 -3.55804
1.65 3.55804
1.651 -3.56058
1.651 3.56058
1.652 -3.56312
1.652 3.56312
1.653 -3.56566
1.653 3.56566
1.654 -3.5682
1.654 3.5682
1.655 -3.57074
1.655 3.57074
1.656 -3.57328
1.656 3.57328
1.657 -3.57582
1.657 3.57582
1.658 -3.57836
1.658 3.57836
1.659 -3.5809
1.659 3.5809
1.66 -3.58345
1.66 3.58345
1.661 -3.58599
1.661 3.58599
1.662 -3.58853
1.662 3.58853
1.663 -3.59108
1.663 3.59108
1.664 -3.59362
1.664 3.59362
1.665 -3.59617
1.665 3.59617
1.666 -3.59871
1.666 3.59871
1.667 -3.60126
1.667 3.60126
1.668 -3.60381
1.668 3.60381
1.669 -3.60635
1.669 3.60635
1.67 -3.6089
1.67 3.6089
1.671 -3.61145
1.671 3.61145
1.672 -3.614
1.672 3.614
1.673 -3.61654
1.673 3.61654
1.674 -3.61909
1.674 3.61909
1.675 -3.62164
1.675 3.62164
1.676 -3.62419
1.676 3.62419
1.677 -3.62674
1.677 3.62674
1.678 -3.62929
1.678 3.62929
1.679 -3.63184
1.679 3.63184
1.68 -3.6344
1.68 3.6344
1.681 -3.63695
1.681 3.63695
1.682 -3.6395
1.682 3.6395
1.683 -3.64205
1.683 3.64205
1.684 -3.64461
1.684 3.64461
1.685 -3.64716
1.685 3.64716
1.686 -3.64971
1.686 3.64971
1.687 -3.65227
1.687 3.65227
1.688 -3.65482
1.688 3.65482
1.689 -3.65738
1.689 3.65738
1.69 -3.65993
1.69 3.65993
1.691 -3.66249
1.691 3.66249
1.692 -3.66505
1.692 3.66505
1.693 -3.6676
1.693 3.6676
1.694 -3.67016
1.694 3.67016
1.695 -3.67272
1.695 3.67272
1.696 -3.67528
1.696 3.67528
1.697 -3.67783
1.697 3.67783
1.698 -3.68039
1.698 3.68039
1.699 -3.68295
1.699 3.68295
1.7 -3.68551
1.7 3.68551
1.701 -3.68807
1.701 3.68807
1.702 -3.69063
1.702 3.69063
1.703 -3.69319
1.703 3.69319
1.704 -3.69576
1.704 3.69576
1.705 -3.69832
1.705 3.69832
1.706 -3.70088
1.706 3.70088
1.707 -3.70344
1.707 3.70344
1.708 -3.70601
1.708 3.70601
1.709 -3.70857
1.709 3.70857
1.71 -3.71113
1.71 3.71113
1.711 -3.7137
1.711 3.7137
1.712 -3.71626
1.712 3.71626
1.713 -3.71883
1.713 3.71883
1.714 -3.72139
1.714 3.72139
1.715 -3.72396
1.715 3.72396
1.716 -3.72653
1.716 3.72653
1.717 -3.72909
1.717 3.72909
1.718 -3.73166
1.718 3.73166
1.719 -3.73423
1.719 3.73423
1.72 -3.7368
1.72 3.7368
1.721 -3.73937
1.721 3.73937
1.722 -3.74193
1.722 3.74193
1.723 -3.7445
1.723 3.7445
1.724 -3.74707
1.724 3.74707
1.725 -3.74964
1.725 3.74964
1.726 -3.75221
1.726 3.75221
1.727 -3.75479
1.727 3.75479
1.728 -3.75736
1.728 3.75736
1.729 -3.75993
1.729 3.75993
1.73 -3.7625
1.73 3.7625
1.731 -3.76507
1.731 3.76507
1.732 -3.76765
1.732 3.76765
1.733 -3.77022
1.733 3.77022
1.734 -3.7728
1.734 3.7728
1.735 -3.77537
1.735 3.77537
1.736 -3.77794
1.736 3.77794
1.737 -3.78052
1.737 3.78052
1.738 -3.7831
1.738 3.7831
1.739 -3.78567
1.739 3.78567
1.74 -3.78825
1.74 3.78825
1.741 -3.79083
1.741 3.79083
1.742 -3.7934
1.742 3.7934
1.743 -3.79598
1.743 3.79598
1.744 -3.79856
1.744 3.79856
1.745 -3.80114
1.745 3.80114
1.746 -3.80372
1.746 3.80372
1.747 -3.8063
1.747 3.8063
1.748 -3.80888
1.748 3.80888
1.749 -3.81146
1.749 3.81146
1.75 -3.81404
1.75 3.81404
1.751 -3.81662
1.751 3.81662
1.752 -3.8192
1.752 3.8192
1.753 -3.82178
1.753 3.82178
1.754 -3.82436
1.754 3.82436
1.755 -3.82695
1.755 3.82695
1.756 -3.82953
1.756 3.82953
1.757 -3.83211
1.757 3.83211
1.758 -3.8347
1.758 3.8347
1.759 -3.83728
1.759 3.83728
1.76 -3.83987
1.76 3.83987
1.761 -3.84245
1.761 3.84245
1.762 -3.84504
1.762 3.84504
1.763 -3.84762
1.763 3.84762
1.764 -3.85021
1.764 3.85021
1.765 -3.8528
1.765 3.8528
1.766 -3.85538
1.766 3.85538
1.767 -3.85797
1.767 3.85797
1.768 -3.86056
1.768 3.86056
1.769 -3.86315
1.769 3.86315
1.77 -3.86574
1.77 3.86574
1.771 -3.86833
1.771 3.86833
1.772 -3.87092
1.772 3.87092
1.773 -3.87351
1.773 3.87351
1.774 -3.8761
1.774 3.8761
1.775 -3.87869
1.775 3.87869
1.776 -3.88128
1.776 3.88128
1.777 -3.88387
1.777 3.88387
1.778 -3.88647
1.778 3.88647
1.779 -3.88906
1.779 3.88906
1.78 -3.89165
1.78 3.89165
1.781 -3.89425
1.781 3.89425
1.782 -3.89684
1.782 3.89684
1.783 -3.89943
1.783 3.89943
1.784 -3.90203
1.784 3.90203
1.785 -3.90462
1.785 3.90462
1.786 -3.90722
1.786 3.90722
1.787 -3.90982
1.787 3.90982
1.788 -3.91241
1.788 3.91241
1.789 -3.91501
1.789 3.91501
1.79 -3.91761
1.79 3.91761
1.791 -3.9202
1.791 3.9202
1.792 -3.9228
1.792 3.9228
1.793 -3.9254
1.793 3.9254
1.794 -3.928
1.794 3.928
1.795 -3.9306
1.795 3.9306
1.796 -3.9332
1.796 3.9332
1.797 -3.9358
1.797 3.9358
1.798 -3.9384
1.798 3.9384
1.799 -3.941
1.799 3.941
1.8 -3.9436
1.8 3.9436
1.801 -3.9462
1.801 3.9462
1.802 -3.94881
1.802 3.94881
1.803 -3.95141
1.803 3.95141
1.804 -3.95401
1.804 3.95401
1.805 -3.95662
1.805 3.95662
1.806 -3.95922
1.806 3.95922
1.807 -3.96182
1.807 3.96182
1.808 -3.96443
1.808 3.96443
1.809 -3.96703
1.809 3.96703
1.81 -3.96964
1.81 3.96964
1.811 -3.97225
1.811 3.97225
1.812 -3.97485
1.812 3.97485
1.813 -3.97746
1.813 3.97746
1.814 -3.98007
1.814 3.98007
1.815 -3.98267
1.815 3.98267
1.816 -3.98528
1.816 3.98528
1.817 -3.98789
1.817 3.98789
1.818 -3.9905
1.818 3.9905
1.819 -3.99311
1.819 3.99311
1.82 -3.99572
1.82 3.99572
1.821 -3.99833
1.821 3.99833
1.822 -4.00094
1.822 4.00094
1.823 -4.00355
1.823 4.00355
1.824 -4.00616
1.824 4.00616
1.825 -4.00877
1.825 4.00877
1.826 -4.01139
1.826 4.01139
1.827 -4.014
1.827 4.014
1.828 -4.01661
1.828 4.01661
1.829 -4.01922
1.829 4.01922
1.83 -4.02184
1.83 4.02184
1.831 -4.02445
1.831 4.02445
1.832 -4.02707
1.832 4.02707
1.833 -4.02968
1.833 4.02968
1.834 -4.0323
1.834 4.0323
1.835 -4.03491
1.835 4.03491
1.836 -4.03753
1.836 4.03753
1.837 -4.04015
1.837 4.04015
1.838 -4.04276
1.838 4.04276
1.839 -4.04538
1.839 4.04538
1.84 -4.048
1.84 4.048
1.841 -4.05062
1.841 4.05062
1.842 -4.05324
1.842 4.05324
1.843 -4.05586
1.843 4.05586
1.844 -4.05848
1.844 4.05848
1.845 -4.0611
1.845 4.0611
1.846 -4.06372
1.846 4.06372
1.847 -4.06634
1.847 4.06634
1.848 -4.06896
1.848 4.06896
1.849 -4.07158
1.849 4.07158
1.85 -4.0742
1.85 4.0742
1.851 -4.07682
1.851 4.07682
1.852 -4.07945
1.852 4.07945
1.853 -4.08207
1.853 4.08207
1.854 -4.08469
1.854 4.08469
1.855 -4.08732
1.855 4.08732
1.856 -4.08994
1.856 4.08994
1.857 -4.09257
1.857 4.09257
1.858 -4.09519
1.858 4.09519
1.859 -4.09782
1.859 4.09782
1.86 -4.10045
1.86 4.10045
1.861 -4.10307
1.861 4.10307
1.862 -4.1057
1.862 4.1057
1.863 -4.10833
1.863 4.10833
1.864 -4.11095
1.864 4.11095
1.865 -4.11358
1.865 4.11358
1.866 -4.11621
1.866 4.11621
1.867 -4.11884
1.867 4.11884
1.868 -4.12147
1.868 4.12147
1.869 -4.1241
1.869 4.1241
1.87 -4.12673
1.87 4.12673
1.871 -4.12936
1.871 4.12936
1.872 -4.13199
1.872 4.13199
1.873 -4.13462
1.873 4.13462
1.874 -4.13726
1.874 4.13726
1.875 -4.13989
1.875 4.13989
1.876 -4.14252
1.876 4.14252
1.877 -4.14515
1.877 4.14515
1.878 -4.14779
1.878 4.14779
1.879 -4.15042
1.879 4.15042
1.88 -4.15306
1.88 4.15306
1.881 -4.15569
1.881 4.15569
1.882 -4.15833
1.882 4.15833
1.883 -4.16096
1.883 4.16096
1.884 -4.1636
1.884 4.1636
1.885 -4.16623
1.885 4.16623
1.886 -4.16887
1.886 4.16887
1.887 -4.17151
1.887 4.17151
1.888 -4.17415
1.888 4.17415
1.889 -4.17678
1.889 4.17678
1.89 -4.17942
1.89 4.17942
1.891 -4.18206
1.891 4.18206
1.892 -4.1847
1.892 4.1847
1.893 -4.18734
1.893 4.18734
1.894 -4.18998
1.894 4.18998
1.895 -4.19262
1.895 4.19262
1.896 -4.19526
1.896 4.19526
1.897 -4.1979
1.897 4.1979
1.898 -4.20054
1.898 4.20054
1.899 -4.20319
1.899 4.20319
1.9 -4.20583
1.9 4.20583
1.901 -4.20847
1.901 4.20847
1.902 -4.21112
1.902 4.21112
1.903 -4.21376
1.903 4.21376
1.904 -4.2164
1.904 4.2164
1.905 -4.21905
1.905 4.21905
1.906 -4.22169
1.906 4.22169
1.907 -4.22434
1.907 4.22434
1.908 -4.22698
1.908 4.22698
1.909 -4.22963
1.909 4.22963
1.91 -4.23228
1.91 4.23228
1.911 -4.23492
1.911 4.23492
1.912 -4.23757
1.912 4.23757
1.913 -4.24022
1.913 4.24022
1.914 -4.24287
1.914 4.24287
1.915 -4.24552
1.915 4.24552
1.916 -4.24817
1.916 4.24817
1.917 -4.25082
1.917 4.25082
1.918 -4.25347
1.918 4.25347
1.919 -4.25612
1.919 4.25612
1.92 -4.25877
1.92 4.25877
1.921 -4.26142
1.921 4.26142
1.922 -4.26407
1.922 4.26407
1.923 -4.26672
1.923 4.26672
1.924 -4.26937
1.924 4.26937
1.925 -4.27203
1.925 4.27203
1.926 -4.27468
1.926 4.27468
1.927 -4.27733
1.927 4.27733
1.928 -4.27999
1.928 4.27999
1.929 -4.28264
1.929 4.28264
1.93 -4.2853
1.93 4.2853
1.931 -4.28795
1.931 4.28795
1.932 -4.29061
1.932 4.29061
1.933 -4.29326
1.933 4.29326
1.934 -4.29592
1.934 4.29592
1.935 -4.29858
1.935 4.29858
1.936 -4.30123
1.936 4.30123
1.937 -4.30389
1.937 4.30389
1.938 -4.30655
1.938 4.30655
1.939 -4.30921
1.939 4.30921
1.94 -4.31187
1.94 4.31187
1.941 -4.31452
1.941 4.31452
1.942 -4.31718
1.942 4.31718
1.943 -4.31984
1.943 4.31984
1.944 -4.3225
1.944 4.3225
1.945 -4.32517
1.945 4.32517
1.946 -4.32783
1.946 4.32783
1.947 -4.33049
1.947 4.33049
1.948 -4.33315
1.948 4.33315
1.949 -4.33581
1.949 4.33581
1.95 -4.33848
1.95 4.33848
1.951 -4.34114
1.951 4.34114
1.952 -4.3438
1.952 4.3438
1.953 -4.34647
1.953 4.34647
1.954 -4.34913
1.954 4.34913
1.955 -4.3518
1.955 4.3518
1.956 -4.35446
1.956 4.35446
1.957 -4.35713
1.957 4.35713
1.958 -4.35979
1.958 4.35979
1.959 -4.36246
1.959 4.36246
1.96 -4.36513
1.96 4.36513
1.961 -4.36779
1.961 4.36779
1.962 -4.37046
1.962 4.37046
1.963 -4.37313
1.963 4.37313
1.964 -4.3758
1.964 4.3758
1.965 -4.37847
1.965 4.37847
1.966 -4.38114
1.966 4.38114
1.967 -4.38381
1.967 4.38381
1.968 -4.38648
1.968 4.38648
1.969 -4.38915
1.969 4.38915
1.97 -4.39182
1.97 4.39182
1.971 -4.39449
1.971 4.39449
1.972 -4.39716
1.972 4.39716
1.973 -4.39983
1.973 4.39983
1.974 -4.40251
1.974 4.40251
1.975 -4.40518
1.975 4.40518
1.976 -4.40785
1.976 4.40785
1.977 -4.41053
1.977 4.41053
1.978 -4.4132
1.978 4.4132
1.979 -4.41588
1.979 4.41588
1.98 -4.41855
1.98 4.41855
1.981 -4.42123
1.981 4.42123
1.982 -4.4239
1.982 4.4239
1.983 -4.42658
1.983 4.42658
1.984 -4.42926
1.984 4.42926
1.985 -4.43193
1.985 4.43193
1.986 -4.43461
1.986 4.43461
1.987 -4.43729
1.987 4.43729
1.988 -4.43997
1.988 4.43997
1.989 -4.44264
1.989 4.44264
1.99 -4.44532
1.99 4.44532
1.991 -4.448
1.991 4.448
1.992 -4.45068
1.992 4.45068
1.993 -4.45336
1.993 4.45336
1.994 -4.45604
1.994 4.45604
1.995 -4.45872
1.995 4.45872
1.996 -4.46141
1.996 4.46141
1.997 -4.46409
1.997 4.46409
1.998 -4.46677
1.998 4.46677
1.999 -4.46945
1.999 4.46945
2 -4.47214
2 4.47214
2.001 -4.47482
2.001 4.47482
2.002 -4.4775
2.002 4.4775
2.003 -4.48019
2.003 4.48019
2.004 -4.48287
2.004 4.48287
2.005 -4.48556
2.005 4.48556
2.006 -4.48824
2.006 4.48824
2.007 -4.49093
2.007 4.49093
2.008 -4.49362
2.008 4.49362
2.009 -4.4963
2.009 4.4963
2.01 -4.49899
2.01 4.49899
2.011 -4.50168
2.011 4.50168
2.012 -4.50436
2.012 4.50436
2.013 -4.50705
2.013 4.50705
2.014 -4.50974
2.014 4.50974
2.015 -4.51243
2.015 4.51243
2.016 -4.51512
2.016 4.51512
2.017 -4.51781
2.017 4.51781
2.018 -4.5205
2.018 4.5205
2.019 -4.52319
2.019 4.52319
2.02 -4.52588
2.02 4.52588
2.021 -4.52857
2.021 4.52857
2.022 -4.53127
2.022 4.53127
2.023 -4.53396
2.023 4.53396
2.024 -4.53665
2.024 4.53665
2.025 -4.53934
2.025 4.53934
2.026 -4.54204
2.026 4.54204
2.027 -4.54473
2.027 4.54473
2.028 -4.54743
2.028 4.54743
2.029 -4.55012
2.029 4.55012
2.03 -4.55282
2.03 4.55282
2.031 -4.55551
2.031 4.55551
2.032 -4.55821
2.032 4.55821
2.033 -4.5609
2.033 4.5609
2.034 -4.5636
2.034 4.5636
2.035 -4.5663
2.035 4.5663
2.036 -4.56899
2.036 4.56899
2.037 -4.57169
2.037 4.57169
2.038 -4.57439
2.038 4.57439
2.039 -4.57709
2.039 4.57709
2.04 -4.57979
2.04 4.57979
2.041 -4.58249
2.041 4.58249
2.042 -4.58519
2.042 4.58519
2.043 -4.58789
2.043 4.58789
2.044 -4.59059
2.044 4.59059
2.045 -4.59329
2.045 4.59329
2.046 -4.59599
2.046 4.59599
2.047 -4.59869
2.047 4.59869
2.048 -4.6014
2.048 4.6014
2.049 -4.6041
2.049 4.6041
2.05 -4.6068
2.05 4.6068
2.051 -4.60951
2.051 4.60951
2.052 -4.61221
2.052 4.61221
2.053 -4.61491
2.053 4.61491
2.054 -4.61762
2.054 4.61762
2.055 -4.62032
2.055 4.62032
2.056 -4.62303
2.056 4.62303
2.057 -4.62574
2.057 4.62574
2.058 -4.62844
2.058 4.62844
2.059 -4.63115
2.059 4.63115
2.06 -4.63386
2.06 4.63386
2.061 -4.63656
2.061 4.63656
2.062 -4.63927
2.062 4.63927
2.063 -4.64198
2.063 4.64198
2.064 -4.64469
2.064 4.64469
2.065 -4.6474
2.065 4.6474
2.066 -4.65011
2.066 4.65011
2.067 -4.65282
2.067 4.65282
2.068 -4.65553
2.068 4.65553
2.069 -4.65824
2.069 4.65824
2.07 -4.66095
2.07 4.66095
2.071 -4.66366
2.071 4.66366
2.072 -4.66637
2.072 4.66637
2.073 -4.66908
2.073 4.66908
2.074 -4.6718
2.074 4.6718
2.075 -4.67451
2.075 4.67451
2.076 -4.67722
2.076 4.67722
2.077 -4.67994
2.077 4.67994
2.078 -4.68265
2.078 4.68265
2.079 -4.68537
2.079 4.68537
2.08 -4.68808
2.08 4.68808
2.081 -4.6908
2.081 4.6908
2.082 -4.69351
2.082 4.69351
2.083 -4.69623
2.083 4.69623
2.084 -4.69895
2.084 4.69895
2.085 -4.70166
2.085 4.70166
2.086 -4.70438
2.086 4.70438
2.087 -4.7071
2.087 4.7071
2.088 -4.70982
2.088 4.70982
2.089 -4.71254
2.089 4.71254
2.09 -4.71525
2.09 4.71525
2.091 -4.71797
2.091 4.71797
2.092 -4.72069
2.092 4.72069
2.093 -4.72341
2.093 4.72341
2.094 -4.72614
2.094 4.72614
2.095 -4.72886
2.095 4.72886
2.096 -4.73158
2.096 4.73158
2.097 -4.7343
2.097 4.7343
2.098 -4.73702
2.098 4.73702
2.099 -4.73974
2.099 4.73974
2.1 -4.74247
2.1 4.74247
2.101 -4.74519
2.101 4.74519
2.102 -4.74792
2.102 4.74792
2.103 -4.75064
2.103 4.75064
2.104 -4.75336
2.104 4.75336
2.105 -4.75609
2.105 4.75609
2.106 -4.75881
2.106 4.75881
2.107 -4.76154
2.107 4.76154
2.108 -4.76427
2.108 4.76427
2.109 -4.76699
2.109 4.76699
2.11 -4.76972
2.11 4.76972
2.111 -4.77245
2.111 4.77245
2.112 -4.77518
2.112 4.77518
2.113 -4.7779
2.113 4.7779
2.114 -4.78063
2.114 4.78063
2.115 -4.78336
2.115 4.78336
2.116 -4.78609
2.116 4.78609
2.117 -4.78882
2.117 4.78882
2.118 -4.79155
2.118 4.79155
2.119 -4.79428
2.119 4.79428
2.12 -4.79701
2.12 4.79701
2.121 -4.79974
2.121 4.79974
2.122 -4.80248
2.122 4.80248
2.123 -4.80521
2.123 4.80521
2.124 -4.80794
2.124 4.80794
2.125 -4.81067
2.125 4.81067
2.126 -4.81341
2.126 4.81341
2.127 -4.81614
2.127 4.81614
2.128 -4.81887
2.128 4.81887
2.129 -4.82161
2.129 4.82161
2.13 -4.82434
2.13 4.82434
2.131 -4.82708
2.131 4.82708
2.132 -4.82982
2.132 4.82982
2.133 -4.83255
2.133 4.83255
2.134 -4.83529
2.134 4.83529
2.135 -4.83802
2.135 4.83802
2.136 -4.84076
2.136 4.84076
2.137 -4.8435
2.137 4.8435
2.138 -4.84624
2.138 4.84624
2.139 -4.84898
2.139 4.84898
2.14 -4.85172
2.14 4.85172
2.141 -4.85445
2.141 4.85445
2.142 -4.85719
2.142 4.85719
2.143 -4.85993
2.143 4.85993
2.144 -4.86268
2.144 4.86268
2.145 -4.86542
2.145 4.86542
2.146 -4.86816
2.146 4.86816
2.147 -4.8709
2.147 4.8709
2.148 -4.87364
2.148 4.87364
2.149 -4.87638
2.149 4.87638
2.15 -4.87913
2.15 4.87913
2.151 -4.88187
2.151 4.88187
2.152 -4.88461
2.152 4.88461
2.153 -4.88736
2.153 4.88736
2.154 -4.8901
2.154 4.8901
2.155 -4.89285
2.155 4.89285
2.156 -4.89559
2.156 4.89559
2.157 -4.89834
2.157 4.89834
2.158 -4.90108
2.158 4.90108
2.159 -4.90383
2.159 4.90383
2.16 -4.90658
2.16 4.90658
2.161 -4.90932
2.161 4.90932
2.162 -4.91207
2.162 4.91207
2.163 -4.91482
2.163 4.91482
2.164 -4.91757
2.164 4.91757
2.165 -4.92032
2.165 4.92032
2.166 -4.92307
2.166 4.92307
2.167 -4.92582
2.167 4.92582
2.168 -4.92857
2.168 4.92857
2.169 -4.93132
2.169 4.93132
2.17 -4.93407
2.17 4.93407
2.171 -4.93682
2.171 4.93682
2.172 -4.93957
2.172 4.93957
2.173 -4.94232
2.173 4.94232
2.174 -4.94507
2.174 4.94507
2.175 -4.94783
2.175 4.94783
2.176 -4.95058
2.176 4.95058
2.177 -4.95333
2.177 4.95333
2.178 -4.95609
2.178 4.95609
2.179 -4.95884
2.179 4.95884
2.18 -4.9616
2.18 4.9616
2.181 -4.96435
2.181 4.96435
2.182 -4.96711
2.182 4.96711
2.183 -4.96986
2.183 4.96986
2.184 -4.97262
2.184 4.97262
2.185 -4.97538
2.185 4.97538
2.186 -4.97813
2.186 4.97813
2.187 -4.98089
2.187 4.98089
2.188 -4.98365
2.188 4.98365
2.189 -4.98641
2.189 4.98641
2.19 -4.98916
2.19 4.98916
2.191 -4.99192
2.191 4.99192
2.192 -4.99468
2.192 4.99468
2.193 -4.99744
2.193 4.99744
2.194 -5.0002
2.194 5.0002
2.195 -5.00296
2.195 5.00296
2.196 -5.00572
2.196 5.00572
2.197 -5.00849
2.197 5.00849
2.198 -5.01125
2.198 5.01125
2.199 -5.01401
2.199 5.01401
2.2 -5.01677
2.2 5.01677
2.201 -5.01953
2.201 5.01953
2.202 -5.0223
2.202 5.0223
2.203 -5.02506
2.203 5.02506
2.204 -5.02783
2.204 5.02783
2.205 -5.03059
2.205 5.03059
2.206 -5.03336
2.206 5.03336
2.207 -5.03612
2.207 5.03612
2.208 -5.03889
2.208 5.03889
2.209 -5.04165
2.209 5.04165
2.21 -5.04442
2.21 5.04442
2.211 -5.04719
2.211 5.04719
2.212 -5.04995
2.212 5.04995
2.213 -5.05272
2.213 5.05272
2.214 -5.05549
2.214 5.05549
2.215 -5.05826
2.215 5.05826
2.216 -5.06103
2.216 5.06103
2.217 -5.06379
2.217 5.06379
2.218 -5.06656
2.218 5.06656
2.219 -5.06933
2.219 5.06933
2.22 -5.0721
2.22 5.0721
2.221 -5.07488
2.221 5.07488
2.222 -5.07765
2.222 5.07765
2.223 -5.08042
2.223 5.08042
2.224 -5.08319
2.224 5.08319
2.225 -5.08596
2.225 5.08596
2.226 -5.08874
2.226 5.08874
2.227 -5.09151
2.227 5.09151
2.228 -5.09428
2.228 5.09428
2.229 -5.09706
2.229 5.09706
2.23 -5.09983
2.23 5.09983
2.231 -5.1026
2.231 5.1026
2.232 -5.10538
2.232 5.10538
2.233 -5.10816
2.233 5.10816
2.234 -5.11093
2.234 5.11093
2.235 -5.11371
2.235 5.11371
2.236 -5.11648
2.236 5.11648
2.237 -5.11926
2.237 5.11926
2.238 -5.12204
2.238 5.12204
2.239 -5.12482
2.239 5.12482
2.24 -5.12759
2.24 5.12759
2.241 -5.13037
2.241 5.13037
2.242 -5.13315
2.242 5.13315
2.243 -5.13593
2.243 5.13593
2.244 -5.13871
2.244 5.13871
2.245 -5.14149
2.245 5.14149
2.246 -5.14427
2.246 5.14427
2.247 -5.14705
2.247 5.14705
2.248 -5.14983
2.248 5.14983
2.249 -5.15262
2.249 5.15262
2.25 -5.1554
2.25 5.1554
2.251 -5.15818
2.251 5.15818
2.252 -5.16096
2.252 5.16096
2.253 -5.16375
2.253 5.16375
2.254 -5.16653
2.254 5.16653
2.255 -5.16931
2.255 5.16931
2.256 -5.1721
2.256 5.1721
2.257 -5.17488
2.257 5.17488
2.258 -5.17767
2.258 5.17767
2.259 -5.18045
2.259 5.18045
2.26 -5.18324
2.26 5.18324
2.261 -5.18603
2.261 5.18603
2.262 -5.18881
2.262 5.18881
2.263 -5.1916
2.263 5.1916
2.264 -5.19439
2.264 5.19439
2.265 -5.19718
2.265 5.19718
2.266 -5.19996
2.266 5.19996
2.267 -5.20275
2.267 5.20275
2.268 -5.20554
2.268 5.20554
2.269 -5.20833
2.269 5.20833
2.27 -5.21112
2.27 5.21112
2.271 -5.21391
2.271 5.21391
2.272 -5.2167
2.272 5.2167
2.273 -5.21949
2.273 5.21949
2.274 -5.22228
2.274 5.22228
2.275 -5.22508
2.275 5.22508
2.276 -5.22787
2.276 5.22787
2.277 -5.23066
2.277 5.23066
2.278 -5.23345
2.278 5.23345
2.279 -5.23625
2.279 5.23625
2.28 -5.23904
2.28 5.23904
2.281 -5.24184
2.281 5.24184
2.282 -5.24463
2.282 5.24463
2.283 -5.24742
2.283 5.24742
2.284 -5.25022
2.284 5.25022
2.285 -5.25302
2.285 5.25302
2.286 -5.25581
2.286 5.25581
2.287 -5.25861
2.287 5.25861
2.288 -5.26141
2.288 5.26141
2.289 -5.2642
2.289 5.2642
2.29 -5.267
2.29 5.267
2.291 -5.2698
2.291 5.2698
2.292 -5.2726
2.292 5.2726
2.293 -5.2754
2.293 5.2754
2.294 -5.27819
2.294 5.27819
2.295 -5.28099
2.295 5.28099
2.296 -5.28379
2.296 5.28379
2.297 -5.28659
2.297 5.28659
2.298 -5.2894
2.298 5.2894
2.299 -5.2922
2.299 5.2922
2.3 -5.295
2.3 5.295
2.301 -5.2978
2.301 5.2978
2.302 -5.3006
2.302 5.3006
2.303 -5.3034
2.303 5.3034
2.304 -5.30621
2.304 5.30621
2.305 -5.30901
2.305 5.30901
2.306 -5.31181
2.306 5.31181
2.307 -5.31462
2.307 5.31462
2.308 -5.31742
2.308 5.31742
2.309 -5.32023
2.309 5.32023
2.31 -5.32303
2.31 5.32303
2.311 -5.32584
2.311 5.32584
2.312 -5.32865
2.312 5.32865
2.313 -5.33145
2.313 5.33145
2.314 -5.33426
2.314 5.33426
2.315 -5.33707
2.315 5.33707
2.316 -5.33987
2.316 5.33987
2.317 -5.34268
2.317 5.34268
2.318 -5.34549
2.318 5.34549
2.319 -5.3483
2.319 5.3483
2.32 -5.35111
2.32 5.35111
2.321 -5.35392
2.321 5.35392
2.322 -5.35673
2.322 5.35673
2.323 -5.35954
2.323 5.35954
2.324 -5.36235
2.324 5.36235
2.325 -5.36516
2.325 5.36516
2.326 -5.36797
2.326 5.36797
2.327 -5.37078
2.327 5.37078
2.328 -5.3736
2.328 5.3736
2.329 -5.37641
2.329 5.37641
2.33 -5.37922
2.33 5.37922
2.331 -5.38204
2.331 5.38204
2.332 -5.38485
2.332 5.38485
2.333 -5.38766
2.333 5.38766
2.334 -5.39048
2.334 5.39048
2.335 -5.39329
2.335 5.39329
2.336 -5.39611
2.336 5.39611
2.337 -5.39893
2.337 5.39893
2.338 -5.40174
2.338 5.40174
2.339 -5.40456
2.339 5.40456
2.34 -5.40737
2.34 5.40737
2.341 -5.41019
2.341 5.41019
2.342 -5.41301
2.342 5.41301
2.343 -5.41583
2.343 5.41583
2.344 -5.41865
2.344 5.41865
2.345 -5.42147
2.345 5.42147
2.346 -5.42428
2.346 5.42428
2.347 -5.4271
2.347 5.4271
2.348 -5.42992
2.348 5.42992
2.349 -5.43274
2.349 5.43274
2.35 -5.43557
2.35 5.43557
2.351 -5.43839
2.351 5.43839
2.352 -5.44121
2.352 5.44121
2.353 -5.44403
2.353 5.44403
2.354 -5.44685
2.354 5.44685
2.355 -5.44968
2.355 5.44968
2.356 -5.4525
2.356 5.4525
2.357 -5.45532
2.357 5.45532
2.358 -5.45815
2.358 5.45815
2.359 -5.46097
2.359 5.46097
2.36 -5.4638
2.36 5.4638
2.361 -5.46662
2.361 5.46662
2.362 -5.46945
2.362 5.46945
2.363 -5.47227
2.363 5.47227
2.364 -5.4751
2.364 5.4751
2.365 -5.47792
2.365 5.47792
2.366 -5.48075
2.366 5.48075
2.367 -5.48358
2.367 5.48358
2.368 -5.48641
2.368 5.48641
2.369 -5.48923
2.369 5.48923
2.37 -5.49206
2.37 5.49206
2.371 -5.49489
2.371 5.49489
2.372 -5.49772
2.372 5.49772
2.373 -5.50055
2.373 5.50055
2.374 -5.50338
2.374 5.50338
2.375 -5.50621
2.375 5.50621
2.376 -5.50904
2.376 5.50904
2.377 -5.51187
2.377 5.51187
2.378 -5.5147
2.378 5.5147
2.379 -5.51754
2.379 5.51754
2.38 -5.52037
2.38 5.52037
2.381 -5.5232
2.381 5.5232
2.382 -5.52603
2.382 5.52603
2.383 -5.52887
2.383 5.52887
2.384 -5.5317
2.384 5.5317
2.385 -5.53454
2.385 5.53454
2.386 -5.53737
2.386 5.53737
2.387 -5.54021
2.387 5.54021
2.388 -5.54304
2.388 5.54304
2.389 -5.54588
2.389 5.54588
2.39 -5.54871
2.39 5.54871
2.391 -5.55155
2.391 5.55155
2.392 -5.55439
2.392 5.55439
2.393 -5.55722
2.393 5.55722
2.394 -5.56006
2.394 5.56006
2.395 -5.5629
2.395 5.5629
2.396 -5.56574
2.396 5.56574
2.397 -5.56858
2.397 5.56858
2.398 -5.57142
2.398 5.57142
2.399 -5.57426
2.399 5.57426
2.4 -5.5771
2.4 5.5771
2.401 -5.57994
2.401 5.57994
2.402 -5.58278
2.402 5.58278
2.403 -5.58562
2.403 5.58562
2.404 -5.58846
2.404 5.58846
2.405 -5.5913
2.405 5.5913
2.406 -5.59414
2.406 5.59414
2.407 -5.59699
2.407 5.59699
2.408 -5.59983
2.408 5.59983
2.409 -5.60267
2.409 5.60267
2.41 -5.60552
2.41 5.60552
2.411 -5.60836
2.411 5.60836
2.412 -5.61121
2.412 5.61121
2.413 -5.61405
2.413 5.61405
2.414 -5.6169
2.414 5.6169
2.415 -5.61974
2.415 5.61974
2.416 -5.62259
2.416 5.62259
2.417 -5.62543
2.417 5.62543
2.418 -5.62828
2.418 5.62828
2.419 -5.63113
2.419 5.63113
2.42 -5.63398
2.42 5.63398
2.421 -5.63682
2.421 5.63682
2.422 -5.63967
2.422 5.63967
2.423 -5.64252
2.423 5.64252
2.424 -5.64537
2.424 5.64537
2.425 -5.64822
2.425 5.64822
2.426 -5.65107
2.426 5.65107
2.427 -5.65392
2.427 5.65392
2.428 -5.65677
2.428 5.65677
2.429 -5.65962
2.429 5.65962
2.43 -5.66247
2.43 5.66247
2.431 -5.66533
2.431 5.66533
2.432 -5.66818
2.432 5.66818
2.433 -5.67103
2.433 5.67103
2.434 -5.67388
2.434 5.67388
2.435 -5.67674
2.435 5.67674
2.436 -5.67959
2.436 5.67959
2.437 -5.68244
2.437 5.68244
2.438 -5.6853
2.438 5.6853
2.439 -5.68815
2.439 5.68815
2.44 -5.69101
2.44 5.69101
2.441 -5.69386
2.441 5.69386
2.442 -5.69672
2.442 5.69672
2.443 -5.69958
2.443 5.69958
2.444 -5.70243
2.444 5.70243
2.445 -5.70529
2.445 5.70529
2.446 -5.70815
2.446 5.70815
2.447 -5.71101
2.447 5.71101
2.448 -5.71386
2.448 5.71386
2.449 -5.71672
2.449 5.71672
2.45 -5.71958
2.45 5.71958
2.451 -5.72244
2.451 5.72244
2.452 -5.7253
2.452 5.7253
2.453 -5.72816
2.453 5.72816
2.454 -5.73102
2.454 5.73102
2.455 -5.73388
2.455 5.73388
2.456 -5.73674
2.456 5.73674
2.457 -5.73961
2.457 5.73961
2.458 -5.74247
2.458 5.74247
2.459 -5.74533
2.459 5.74533
2.46 -5.74819
2.46 5.74819
2.461 -5.75106
2.461 5.75106
2.462 -5.75392
2.462 5.75392
2.463 -5.75679
2.463 5.75679
2.464 -5.75965
2.464 5.75965
2.465 -5.76251
2.465 5.76251
2.466 -5.76538
2.466 5.76538
2.467 -5.76824
2.467 5.76824
2.468 -5.77111
2.468 5.77111
2.469 -5.77398
2.469 5.77398
2.47 -5.77684
2.47 5.77684
2.471 -5.77971
2.471 5.77971
2.472 -5.78258
2.472 5.78258
2.473 -5.78545
2.473 5.78545
2.474 -5.78831
2.474 5.78831
2.475 -5.79118
2.475 5.79118
2.476 -5.79405
2.476 5.79405
2.477 -5.79692
2.477 5.79692
2.478 -5.79979
2.478 5.79979
2.479 -5.80266
2.479 5.80266
2.48 -5.80553
2.48 5.80553
2.481 -5.8084
2.481 5.8084
2.482 -5.81127
2.482 5.81127
2.483 -5.81414
2.483 5.81414
2.484 -5.81702
2.484 5.81702
2.485 -5.81989
2.485 5.81989
2.486 -5.82276
2.486 5.82276
2.487 -5.82563
2.487 5.82563
2.488 -5.82851
2.488 5.82851
2.489 -5.83138
2.489 5.83138
2.49 -5.83426
2.49 5.83426
2.491 -5.83713
2.491 5.83713
2.492 -5.84001
2.492 5.84001
2.493 -5.84288
2.493 5.84288
2.494 -5.84576
2.494 5.84576
2.495 -5.84863
2.495 5.84863
2.496 -5.85151
2.496 5.85151
2.497 -5.85439
2.497 5.85439
2.498 -5.85726
2.498 5.85726
2.499 -5.86014
2.499 5.86014
2.5 -5.86302
2.5 5.86302
2.501 -5.8659
2.501 5.8659
2.502 -5.86878
2.502 5.86878
2.503 -5.87166
2.503 5.87166
2.504 -5.87454
2.504 5.87454
2.505 -5.87742
2.505 5.87742
2.506 -5.8803
2.506 5.8803
2.507 -5.88318
2.507 5.88318
2.508 -5.88606
2.508 5.88606
2.509 -5.88894
2.509 5.88894
2.51 -5.89182
2.51 5.89182
2.511 -5.8947
2.511 5.8947
2.512 -5.89759
2.512 5.89759
2.513 -5.90047
2.513 5.90047
2.514 -5.90335
2.514 5.90335
2.515 -5.90624
2.515 5.90624
2.516 -5.90912
2.516 5.90912
2.517 -5.912
2.517 5.912
2.518 -5.91489
2.518 5.91489
2.519 -5.91777
2.519 5.91777
2.52 -5.92066
2.52 5.92066
2.521 -5.92355
2.521 5.92355
2.522 -5.92643
2.522 5.92643
2.523 -5.92932
2.523 5.92932
2.524 -5.93221
2.524 5.93221
2.525 -5.93509
2.525 5.93509
2.526 -5.93798
2.526 5.93798
2.527 -5.94087
2.527 5.94087
2.528 -5.94376
2.528 5.94376
2.529 -5.94665
2.529 5.94665
2.53 -5.94954
2.53 5.94954
2.531 -5.95243
2.531 5.95243
2.532 -5.95532
2.532 5.95532
2.533 -5.95821
2.533 5.95821
2.534 -5.9611
2.534 5.9611
2.535 -5.96399
2.535 5.96399
2.536 -5.96688
2.536 5.96688
2.537 -5.96977
2.537 5.96977
2.538 -5.97266
2.538 5.97266
2.539 -5.97556
2.539 5.97556
2.54 -5.97845
2.54 5.97845
2.541 -5.98134
2.541 5.98134
2.542 -5.98424
2.542 5.98424
2.543 -5.98713
2.543 5.98713
2.544 -5.99003
2.544 5.99003
2.545 -5.99292
2.545 5.99292
2.546 -5.99582
2.546 5.99582
2.547 -5.99871
2.547 5.99871
2.548 -6.00161
2.548 6.00161
2.549 -6.0045
2.549 6.0045
2.55 -6.0074
2.55 6.0074
2.551 -6.0103
2.551 6.0103
2.552 -6.0132
2.552 6.0132
2.553 -6.01609
2.553 6.01609
2.554 -6.01899
2.554 6.01899
2.555 -6.02189
2.555 6.02189
2.556 -6.02479
2.556 6.02479
2.557 -6.02769
2.557 6.02769
2.558 -6.03059
2.558 6.03059
2.559 -6.03349
2.559 6.03349
2.56 -6.03639
2.56 6.03639
2.561 -6.03929
2.561 6.03929
2.562 -6.04219
2.562 6.04219
2.563 -6.0451
2.563 6.0451
2.564 -6.048
2.564 6.048
2.565 -6.0509
2.565 6.0509
2.566 -6.0538
2.566 6.0538
2.567 -6.05671
2.567 6.05671
2.568 -6.05961
2.568 6.05961
2.569 -6.06251
2.569 6.06251
2.57 -6.06542
2.57 6.06542
2.571 -6.06832
2.571 6.06832
2.572 -6.07123
2.572 6.07123
2.573 -6.07413
2.573 6.07413
2.574 -6.07704
2.574 6.07704
2.575 -6.07995
2.575 6.07995
2.576 -6.08285
2.576 6.08285
2.577 -6.08576
2.577 6.08576
2.578 -6.08867
2.578 6.08867
2.579 -6.09157
2.579 6.09157
2.58 -6.09448
2.58 6.09448
2.581 -6.09739
2.581 6.09739
2.582 -6.1003
2.582 6.1003
2.583 -6.10321
2.583 6.10321
2.584 -6.10612
2.584 6.10612
2.585 -6.10903
2.585 6.10903
2.586 -6.11194
2.586 6.11194
2.587 -6.11485
2.587 6.11485
2.588 -6.11776
2.588 6.11776
2.589 -6.12067
2.589 6.12067
2.59 -6.12358
2.59 6.12358
2.591 -6.1265
2.591 6.1265
2.592 -6.12941
2.592 6.12941
2.593 -6.13232
2.593 6.13232
2.594 -6.13524
2.594 6.13524
2.595 -6.13815
2.595 6.13815
2.596 -6.14106
2.596 6.14106
2.597 -6.14398
2.597 6.14398
2.598 -6.14689
2.598 6.14689
2.599 -6.14981
2.599 6.14981
2.6 -6.15272
2.6 6.15272
2.601 -6.15564
2.601 6.15564
2.602 -6.15856
2.602 6.15856
2.603 -6.16147
2.603 6.16147
2.604 -6.16439
2.604 6.16439
2.605 -6.16731
2.605 6.16731
2.606 -6.17022
2.606 6.17022
2.607 -6.17314
2.607 6.17314
2.608 -6.17606
2.608 6.17606
2.609 -6.17898
2.609 6.17898
2.61 -6.1819
2.61 6.1819
2.611 -6.18482
2.611 6.18482
2.612 -6.18774
2.612 6.18774
2.613 -6.19066
2.613 6.19066
2.614 -6.19358
2.614 6.19358
2.615 -6.1965
2.615 6.1965
2.616 -6.19942
2.616 6.19942
2.617 -6.20235
2.617 6.20235
2.618 -6.20527
2.618 6.20527
2.619 -6.20819
2.619 6.20819
2.62 -6.21111
2.62 6.21111
2.621 -6.21404
2.621 6.21404
2.622 -6.21696
2.622 6.21696
2.623 -6.21988
2.623 6.21988
2.624 -6.22281
2.624 6.22281
2.625 -6.22573
2.625 6.22573
2.626 -6.22866
2.626 6.22866
2.627 -6.23159
2.627 6.23159
2.628 -6.23451
2.628 6.23451
2.629 -6.23744
2.629 6.23744
2.63 -6.24036
2.63 6.24036
2.631 -6.24329
2.631 6.24329
2.632 -6.24622
2.632 6.24622
2.633 -6.24915
2.633 6.24915
2.634 -6.25208
2.634 6.25208
2.635 -6.255
2.635 6.255
2.636 -6.25793
2.636 6.25793
2.637 -6.26086
2.637 6.26086
2.638 -6.26379
2.638 6.26379
2.639 -6.26672
2.639 6.26672
2.64 -6.26965
2.64 6.26965
2.641 -6.27258
2.641 6.27258
2.642 -6.27551
2.642 6.27551
2.643 -6.27845
2.643 6.27845
2.644 -6.28138
2.644 6.28138
2.645 -6.28431
2.645 6.28431
2.646 -6.28724
2.646 6.28724
2.647 -6.29018
2.647 6.29018
2.648 -6.29311
2.648 6.29311
2.649 -6.29604
2.649 6.29604
2.65 -6.29898
2.65 6.29898
2.651 -6.30191
2.651 6.30191
2.652 -6.30485
2.652 6.30485
2.653 -6.30778
2.653 6.30778
2.654 -6.31072
2.654 6.31072
2.655 -6.31365
2.655 6.31365
2.656 -6.31659
2.656 6.31659
2.657 -6.31953
2.657 6.31953
2.658 -6.32247
2.658 6.32247
2.659 -6.3254
2.659 6.3254
2.66 -6.32834
2.66 6.32834
2.661 -6.33128
2.661 6.33128
2.662 -6.33422
2.662 6.33422
2.663 -6.33716
2.663 6.33716
2.664 -6.3401
2.664 6.3401
2.665 -6.34304
2.665 6.34304
2.666 -6.34598
2.666 6.34598
2.667 -6.34892
2.667 6.34892
2.668 -6.35186
2.668 6.35186
2.669 -6.3548
2.669 6.3548
2.67 -6.35774
2.67 6.35774
2.671 -6.36068
2.671 6.36068
2.672 -6.36362
2.672 6.36362
2.673 -6.36657
2.673 6.36657
2.674 -6.36951
2.674 6.36951
2.675 -6.37245
2.675 6.37245
2.676 -6.3754
2.676 6.3754
2.677 -6.37834
2.677 6.37834
2.678 -6.38129
2.678 6.38129
2.679 -6.38423
2.679 6.38423
2.68 -6.38718
2.68 6.38718
2.681 -6.39012
2.681 6.39012
2.682 -6.39307
2.682 6.39307
2.683 -6.39602
2.683 6.39602
2.684 -6.39896
2.684 6.39896
2.685 -6.40191
2.685 6.40191
2.686 -6.40486
2.686 6.40486
2.687 -6.4078
2.687 6.4078
2.688 -6.41075
2.688 6.41075
2.689 -6.4137
2.689 6.4137
2.69 -6.41665
2.69 6.41665
2.691 -6.4196
2.691 6.4196
2.692 -6.42255
2.692 6.42255
2.693 -6.4255
2.693 6.4255
2.694 -6.42845
2.694 6.42845
2.695 -6.4314
2.695 6.4314
2.696 -6.43435
2.696 6.43435
2.697 -6.4373
2.697 6.4373
2.698 -6.44026
2.698 6.44026
2.699 -6.44321
2.699 6.44321
2.7 -6.44616
2.7 6.44616
2.701 -6.44911
2.701 6.44911
2.702 -6.45207
2.702 6.45207
2.703 -6.45502
2.703 6.45502
2.704 -6.45798
2.704 6.45798
2.705 -6.46093
2.705 6.46093
2.706 -6.46389
2.706 6.46389
2.707 -6.46684
2.707 6.46684
2.708 -6.4698
2.708 6.4698
2.709 -6.47275
2.709 6.47275
2.71 -6.47571
2.71 6.47571
2.711 -6.47867
2.711 6.47867
2.712 -6.48162
2.712 6.48162
2.713 -6.48458
2.713 6.48458
2.714 -6.48754
2.714 6.48754
2.715 -6.4905
2.715 6.4905
2.716 -6.49346
2.716 6.49346
2.717 -6.49641
2.717 6.49641
2.718 -6.49937
2.718 6.49937
2.719 -6.50233
2.719 6.50233
2.72 -6.50529
2.72 6.50529
2.721 -6.50825
2.721 6.50825
2.722 -6.51122
2.722 6.51122
2.723 -6.51418
2.723 6.51418
2.724 -6.51714
2.724 6.51714
2.725 -6.5201
2.725 6.5201
2.726 -6.52306
2.726 6.52306
2.727 -6.52602
2.727 6.52602
2.728 -6.52899
2.728 6.52899
2.729 -6.53195
2.729 6.53195
2.73 -6.53492
2.73 6.53492
2.731 -6.53788
2.731 6.53788
2.732 -6.54084
2.732 6.54084
2.733 -6.54381
2.733 6.54381
2.734 -6.54677
2.734 6.54677
2.735 -6.54974
2.735 6.54974
2.736 -6.55271
2.736 6.55271
2.737 -6.55567
2.737 6.55567
2.738 -6.55864
2.738 6.55864
2.739 -6.56161
2.739 6.56161
2.74 -6.56457
2.74 6.56457
2.741 -6.56754
2.741 6.56754
2.742 -6.57051
2.742 6.57051
2.743 -6.57348
2.743 6.57348
2.744 -6.57645
2.744 6.57645
2.745 -6.57942
2.745 6.57942
2.746 -6.58239
2.746 6.58239
2.747 -6.58536
2.747 6.58536
2.748 -6.58833
2.748 6.58833
2.749 -6.5913
2.749 6.5913
2.75 -6.59427
2.75 6.59427
2.751 -6.59724
2.751 6.59724
2.752 -6.60021
2.752 6.60021
2.753 -6.60318
2.753 6.60318
2.754 -6.60616
2.754 6.60616
2.755 -6.60913
2.755 6.60913
2.756 -6.6121
2.756 6.6121
2.757 -6.61508
2.757 6.61508
2.758 -6.61805
2.758 6.61805
2.759 -6.62103
2.759 6.62103
2.76 -6.624
2.76 6.624
2.761 -6.62698
2.761 6.62698
2.762 -6.62995
2.762 6.62995
2.763 -6.63293
2.763 6.63293
2.764 -6.6359
2.764 6.6359
2.765 -6.63888
2.765 6.63888
2.766 -6.64186
2.766 6.64186
2.767 -6.64483
2.767 6.64483
2.768 -6.64781
2.768 6.64781
2.769 -6.65079
2.769 6.65079
2.77 -6.65377
2.77 6.65377
2.771 -6.65675
2.771 6.65675
2.772 -6.65973
2.772 6.65973
2.773 -6.66271
2.773 6.66271
2.774 -6.66569
2.774 6.66569
2.775 -6.66867
2.775 6.66867
2.776 -6.67165
2.776 6.67165
2.777 -6.67463
2.777 6.67463
2.778 -6.67761
2.778 6.67761
2.779 -6.68059
2.779 6.68059
2.78 -6.68357
2.78 6.68357
2.781 -6.68656
2.781 6.68656
2.782 -6.68954
2.782 6.68954
2.783 -6.69252
2.783 6.69252
2.784 -6.69551
2.784 6.69551
2.785 -6.69849
2.785 6.69849
2.786 -6.70147
2.786 6.70147
2.787 -6.70446
2.787 6.70446
2.788 -6.70744
2.788 6.70744
2.789 -6.71043
2.789 6.71043
2.79 -6.71341
2.79 6.71341
2.791 -6.7164
2.791 6.7164
2.792 -6.71939
2.792 6.71939
2.793 -6.72237
2.793 6.72237
2.794 -6.72536
2.794 6.72536
2.795 -6.72835
2.795 6.72835
2.796 -6.73134
2.796 6.73134
2.797 -6.73433
2.797 6.73433
2.798 -6.73731
2.798 6.73731
2.799 -6.7403
2.799 6.7403
2.8 -6.74329
2.8 6.74329
2.801 -6.74628
2.801 6.74628
2.802 -6.74927
2.802 6.74927
2.803 -6.75226
2.803 6.75226
2.804 -6.75525
2.804 6.75525
2.805 -6.75825
2.805 6.75825
2.806 -6.76124
2.806 6.76124
2.807 -6.76423
2.807 6.76423
2.808 -6.76722
2.808 6.76722
2.809 -6.77021
2.809 6.77021
2.81 -6.77321
2.81 6.77321
2.811 -6.7762
2.811 6.7762
2.812 -6.77919
2.812 6.77919
2.813 -6.78219
2.813 6.78219
2.814 -6.78518
2.814 6.78518
2.815 -6.78818
2.815 6.78818
2.816 -6.79117
2.816 6.79117
2.817 -6.79417
2.817 6.79417
2.818 -6.79717
2.818 6.79717
2.819 -6.80016
2.819 6.80016
2.82 -6.80316
2.82 6.80316
2.821 -6.80616
2.821 6.80616
2.822 -6.80915
2.822 6.80915
2.823 -6.81215
2.823 6.81215
2.824 -6.81515
2.824 6.81515
2.825 -6.81815
2.825 6.81815
2.826 -6.82115
2.826 6.82115
2.827 -6.82415
2.827 6.82415
2.828 -6.82715
2.828 6.82715
2.829 -6.83015
2.829 6.83015
2.83 -6.83315
2.83 6.83315
2.831 -6.83615
2.831 6.83615
2.832 -6.83915
2.832 6.83915
2.833 -6.84215
2.833 6.84215
2.834 -6.84515
2.834 6.84515
2.835 -6.84815
2.835 6.84815
2.836 -6.85116
2.836 6.85116
2.837 -6.85416
2.837 6.85416
2.838 -6.85716
2.838 6.85716
2.839 -6.86017
2.839 6.86017
2.84 -6.86317
2.84 6.86317
2.841 -6.86617
2.841 6.86617
2.842 -6.86918
2.842 6.86918
2.843 -6.87218
2.843 6.87218
2.844 -6.87519
2.844 6.87519
2.845 -6.8782
2.845 6.8782
2.846 -6.8812
2.846 6.8812
2.847 -6.88421
2.847 6.88421
2.848 -6.88722
2.848 6.88722
2.849 -6.89022
2.849 6.89022
2.85 -6.89323
2.85 6.89323
2.851 -6.89624
2.851 6.89624
2.852 -6.89925
2.852 6.89925
2.853 -6.90226
2.853 6.90226
2.854 -6.90526
2.854 6.90526
2.855 -6.90827
2.855 6.90827
2.856 -6.91128
2.856 6.91128
2.857 -6.91429
2.857 6.91429
2.858 -6.9173
2.858 6.9173
2.859 -6.92032
2.859 6.92032
2.86 -6.92333
2.86 6.92333
2.861 -6.92634
2.861 6.92634
2.862 -6.92935
2.862 6.92935
2.863 -6.93236
2.863 6.93236
2.864 -6.93538
2.864 6.93538
2.865 -6.93839
2.865 6.93839
2.866 -6.9414
2.866 6.9414
2.867 -6.94442
2.867 6.94442
2.868 -6.94743
2.868 6.94743
2.869 -6.95044
2.869 6.95044
2.87 -6.95346
2.87 6.95346
2.871 -6.95648
2.871 6.95648
2.872 -6.95949
2.872 6.95949
2.873 -6.96251
2.873 6.96251
2.874 -6.96552
2.874 6.96552
2.875 -6.96854
2.875 6.96854
2.876 -6.97156
2.876 6.97156
2.877 -6.97457
2.877 6.97457
2.878 -6.97759
2.878 6.97759
2.879 -6.98061
2.879 6.98061
2.88 -6.98363
2.88 6.98363
2.881 -6.98665
2.881 6.98665
2.882 -6.98967
2.882 6.98967
2.883 -6.99269
2.883 6.99269
2.884 -6.99571
2.884 6.99571
2.885 -6.99873
2.885 6.99873
2.886 -7.00175
2.886 7.00175
2.887 -7.00477
2.887 7.00477
2.888 -7.00779
2.888 7.00779
2.889 -7.01081
2.889 7.01081
2.89 -7.01383
2.89 7.01383
2.891 -7.01686
2.891 7.01686
2.892 -7.01988
2.892 7.01988
2.893 -7.0229
2.893 7.0229
2.894 -7.02593
2.894 7.02593
2.895 -7.02895
2.895 7.02895
2.896 -7.03197
2.896 7.03197
2.897 -7.035
2.897 7.035
2.898 -7.03802
2.898 7.03802
2.899 -7.04105
2.899 7.04105
2.9 -7.04408
2.9 7.04408
2.901 -7.0471
2.901 7.0471
2.902 -7.05013
2.902 7.05013
2.903 -7.05315
2.903 7.05315
2.904 -7.05618
2.904 7.05618
2.905 -7.05921
2.905 7.05921
2.906 -7.06224
2.906 7.06224
2.907 -7.06527
2.907 7.06527
2.908 -7.06829
2.908 7.06829
2.909 -7.07132
2.909 7.07132
2.91 -7.07435
2.91 7.07435
2.911 -7.07738
2.911 7.07738
2.912 -7.08041
2.912 7.08041
2.913 -7.08344
2.913 7.08344
2.914 -7.08647
2.914 7.08647
2.915 -7.08951
2.915 7.08951
2.916 -7.09254
2.916 7.09254
2.917 -7.09557
2.917 7.09557
2.918 -7.0986
2.918 7.0986
2.919 -7.10163
2.919 7.10163
2.92 -7.10467
2.92 7.10467
2.921 -7.1077
2.921 7.1077
2.922 -7.11073
2.922 7.11073
2.923 -7.11377
2.923 7.11377
2.924 -7.1168
2.924 7.1168
2.925 -7.11984
2.925 7.11984
2.926 -7.12287
2.926 7.12287
2.927 -7.12591
2.927 7.12591
2.928 -7.12894
2.928 7.12894
2.929 -7.13198
2.929 7.13198
2.93 -7.13502
2.93 7.13502
2.931 -7.13805
2.931 7.13805
2.932 -7.14109
2.932 7.14109
2.933 -7.14413
2.933 7.14413
2.934 -7.14717
2.934 7.14717
2.935 -7.1502
2.935 7.1502
2.936 -7.15324
2.936 7.15324
2.937 -7.15628
2.937 7.15628
2.938 -7.15932
2.938 7.15932
2.939 -7.16236
2.939 7.16236
2.94 -7.1654
2.94 7.1654
2.941 -7.16844
2.941 7.16844
2.942 -7.17148
2.942 7.17148
2.943 -7.17452
2.943 7.17452
2.944 -7.17757
2.944 7.17757
2.945 -7.18061
2.945 7.18061
2.946 -7.18365
2.946 7.18365
2.947 -7.18669
2.947 7.18669
2.948 -7.18974
2.948 7.18974
2.949 -7.19278
2.949 7.19278
2.95 -7.19582
2.95 7.19582
2.951 -7.19887
2.951 7.19887
2.952 -7.20191
2.952 7.20191
2.953 -7.20496
2.953 7.20496
2.954 -7.208
2.954 7.208
2.955 -7.21105
2.955 7.21105
2.956 -7.21409
2.956 7.21409
2.957 -7.21714
2.957 7.21714
2.958 -7.22019
2.958 7.22019
2.959 -7.22323
2.959 7.22323
2.96 -7.22628
2.96 7.22628
2.961 -7.22933
2.961 7.22933
2.962 -7.23238
2.962 7.23238
2.963 -7.23543
2.963 7.23543
2.964 -7.23847
2.964 7.23847
2.965 -7.24152
2.965 7.24152
2.966 -7.24457
2.966 7.24457
2.967 -7.24762
2.967 7.24762
2.968 -7.25067
2.968 7.25067
2.969 -7.25372
2.969 7.25372
2.97 -7.25677
2.97 7.25677
2.971 -7.25983
2.971 7.25983
2.972 -7.26288
2.972 7.26288
2.973 -7.26593
2.973 7.26593
2.974 -7.26898
2.974 7.26898
2.975 -7.27203
2.975 7.27203
2.976 -7.27509
2.976 7.27509
2.977 -7.27814
2.977 7.27814
2.978 -7.28119
2.978 7.28119
2.979 -7.28425
2.979 7.28425
2.98 -7.2873
2.98 7.2873
2.981 -7.29036
2.981 7.29036
2.982 -7.29341
2.982 7.29341
2.983 -7.29647
2.983 7.29647
2.984 -7.29953
2.984 7.29953
2.985 -7.30258
2.985 7.30258
2.986 -7.30564
2.986 7.30564
2.987 -7.3087
2.987 7.3087
2.988 -7.31175
2.988 7.31175
2.989 -7.31481
2.989 7.31481
2.99 -7.31787
2.99 7.31787
2.991 -7.32093
2.991 7.32093
2.992 -7.32399
2.992 7.32399
2.993 -7.32704
2.993 7.32704
2.994 -7.3301
2.994 7.3301
2.995 -7.33316
2.995 7.33316
2.996 -7.33622
2.996 7.33622
2.997 -7.33929
2.997 7.33929
2.998 -7.34235
2.998 7.34235
2.999 -7.34541
2.999 7.34541
3 -7.34847
3 7.34847
3.001 -7.35153
3.001 7.35153
3.002 -7.35459
3.002 7.35459
3.003 -7.35766
3.003 7.35766
3.004 -7.36072
3.004 7.36072
3.005 -7.36378
3.005 7.36378
3.006 -7.36685
3.006 7.36685
3.007 -7.36991
3.007 7.36991
3.008 -7.37298
3.008 7.37298
3.009 -7.37604
3.009 7.37604
3.01 -7.37911
3.01 7.37911
3.011 -7.38217
3.011 7.38217
3.012 -7.38524
3.012 7.38524
3.013 -7.3883
3.013 7.3883
3.014 -7.39137
3.014 7.39137
3.015 -7.39444
3.015 7.39444
3.016 -7.3975
3.016 7.3975
3.017 -7.40057
3.017 7.40057
3.018 -7.40364
3.018 7.40364
3.019 -7.40671
3.019 7.40671
3.02 -7.40978
3.02 7.40978
3.021 -7.41285
3.021 7.41285
3.022 -7.41592
3.022 7.41592
3.023 -7.41899
3.023 7.41899
3.024 -7.42206
3.024 7.42206
3.025 -7.42513
3.025 7.42513
3.026 -7.4282
3.026 7.4282
3.027 -7.43127
3.027 7.43127
3.028 -7.43434
3.028 7.43434
3.029 -7.43741
3.029 7.43741
3.03 -7.44049
3.03 7.44049
3.031 -7.44356
3.031 7.44356
3.032 -7.44663
3.032 7.44663
3.033 -7.4497
3.033 7.4497
3.034 -7.45278
3.034 7.45278
3.035 -7.45585
3.035 7.45585
3.036 -7.45893
3.036 7.45893
3.037 -7.462
3.037 7.462
3.038 -7.46508
3.038 7.46508
3.039 -7.46815
3.039 7.46815
3.04 -7.47123
3.04 7.47123
3.041 -7.47431
3.041 7.47431
3.042 -7.47738
3.042 7.47738
3.043 -7.48046
3.043 7.48046
3.044 -7.48354
3.044 7.48354
3.045 -7.48661
3.045 7.48661
3.046 -7.48969
3.046 7.48969
3.047 -7.49277
3.047 7.49277
3.048 -7.49585
3.048 7.49585
3.049 -7.49893
3.049 7.49893
3.05 -7.50201
3.05 7.50201
3.051 -7.50509
3.051 7.50509
3.052 -7.50817
3.052 7.50817
3.053 -7.51125
3.053 7.51125
3.054 -7.51433
3.054 7.51433
3.055 -7.51741
3.055 7.51741
3.056 -7.52049
3.056 7.52049
3.057 -7.52357
3.057 7.52357
3.058 -7.52666
3.058 7.52666
3.059 -7.52974
3.059 7.52974
3.06 -7.53282
3.06 7.53282
3.061 -7.53591
3.061 7.53591
3.062 -7.53899
3.062 7.53899
3.063 -7.54207
3.063 7.54207
3.064 -7.54516
3.064 7.54516
3.065 -7.54824
3.065 7.54824
3.066 -7.55133
3.066 7.55133
3.067 -7.55441
3.067 7.55441
3.068 -7.5575
3.068 7.5575
3.069 -7.56059
3.069 7.56059
3.07 -7.56367
3.07 7.56367
3.071 -7.56676
3.071 7.56676
3.072 -7.56985
3.072 7.56985
3.073 -7.57293
3.073 7.57293
3.074 -7.57602
3.074 7.57602
3.075 -7.57911
3.075 7.57911
3.076 -7.5822
3.076 7.5822
3.077 -7.58529
3.077 7.58529
3.078 -7.58838
3.078 7.58838
3.079 -7.59147
3.079 7.59147
3.08 -7.59456
3.08 7.59456
3.081 -7.59765
3.081 7.59765
3.082 -7.60074
3.082 7.60074
3.083 -7.60383
3.083 7.60383
3.084 -7.60692
3.084 7.60692
3.085 -7.61001
3.085 7.61001
3.086 -7.61311
3.086 7.61311
3.087 -7.6162
3.087 7.6162
3.088 -7.61929
3.088 7.61929
3.089 -7.62239
3.089 7.62239
3.09 -7.62548
3.09 7.62548
3.091 -7.62857
3.091 7.62857
3.092 -7.63167
3.092 7.63167
3.093 -7.63476
3.093 7.63476
3.094 -7.63786
3.094 7.63786
3.095 -7.64095
3.095 7.64095
3.096 -7.64405
3.096 7.64405
3.097 -7.64714
3.097 7.64714
3.098 -7.65024
3.098 7.65024
3.099 -7.65334
3.099 7.65334
3.1 -7.65644
3.1 7.65644
3.101 -7.65953
3.101 7.65953
3.102 -7.66263
3.102 7.66263
3.103 -7.66573
3.103 7.66573
3.104 -7.66883
3.104 7.66883
3.105 -7.67193
3.105 7.67193
3.106 -7.67503
3.106 7.67503
3.107 -7.67813
3.107 7.67813
3.108 -7.68123
3.108 7.68123
3.109 -7.68433
3.109 7.68433
3.11 -7.68743
3.11 7.68743
3.111 -7.69053
3.111 7.69053
3.112 -7.69363
3.112 7.69363
3.113 -7.69673
3.113 7.69673
3.114 -7.69983
3.114 7.69983
3.115 -7.70294
3.115 7.70294
3.116 -7.70604
3.116 7.70604
3.117 -7.70914
3.117 7.70914
3.118 -7.71225
3.118 7.71225
3.119 -7.71535
3.119 7.71535
3.12 -7.71845
3.12 7.71845
3.121 -7.72156
3.121 7.72156
3.122 -7.72466
3.122 7.72466
3.123 -7.72777
3.123 7.72777
3.124 -7.73087
3.124 7.73087
3.125 -7.73398
3.125 7.73398
3.126 -7.73709
3.126 7.73709
3.127 -7.74019
3.127 7.74019
3.128 -7.7433
3.128 7.7433
3.129 -7.74641
3.129 7.74641
3.13 -7.74952
3.13 7.74952
3.131 -7.75262
3.131 7.75262
3.132 -7.75573
3.132 7.75573
3.133 -7.75884
3.133 7.75884
3.134 -7.76195
3.134 7.76195
3.135 -7.76506
3.135 7.76506
3.136 -7.76817
3.136 7.76817
3.137 -7.77128
3.137 7.77128
3.138 -7.77439
3.138 7.77439
3.139 -7.7775
3.139 7.7775
3.14 -7.78061
3.14 7.78061
3.141 -7.78373
3.141 7.78373
3.142 -7.78684
3.142 7.78684
3.143 -7.78995
3.143 7.78995
3.144 -7.79306
3.144 7.79306
3.145 -7.79618
3.145 7.79618
3.146 -7.79929
3.146 7.79929
3.147 -7.8024
3.147 7.8024
3.148 -7.80552
3.148 7.80552
3.149 -7.80863
3.149 7.80863
3.15 -7.81175
3.15 7.81175
3.151 -7.81486
3.151 7.81486
3.152 -7.81798
3.152 7.81798
3.153 -7.82109
3.153 7.82109
3.154 -7.82421
3.154 7.82421
3.155 -7.82733
3.155 7.82733
3.156 -7.83044
3.156 7.83044
3.157 -7.83356
3.157 7.83356
3.158 -7.83668
3.158 7.83668
3.159 -7.8398
3.159 7.8398
3.16 -7.84291
3.16 7.84291
3.161 -7.84603
3.161 7.84603
3.162 -7.84915
3.162 7.84915
3.163 -7.85227
3.163 7.85227
3.164 -7.85539
3.164 7.85539
3.165 -7.85851
3.165 7.85851
3.166 -7.86163
3.166 7.86163
3.167 -7.86475
3.167 7.86475
3.168 -7.86787
3.168 7.86787
3.169 -7.87099
3.169 7.87099
3.17 -7.87412
3.17 7.87412
3.171 -7.87724
3.171 7.87724
3.172 -7.88036
3.172 7.88036
3.173 -7.88348
3.173 7.88348
3.174 -7.88661
3.174 7.88661
3.175 -7.88973
3.175 7.88973
3.176 -7.89286
3.176 7.89286
3.177 -7.89598
3.177 7.89598
3.178 -7.8991
3.178 7.8991
3.179 -7.90223
3.179 7.90223
3.18 -7.90535
3.18 7.90535
3.181 -7.90848
3.181 7.90848
3.182 -7.91161
3.182 7.91161
3.183 -7.91473
3.183 7.91473
3.184 -7.91786
3.184 7.91786
3.185 -7.92099
3.185 7.92099
3.186 -7.92411
3.186 7.92411
3.187 -7.92724
3.187 7.92724
3.188 -7.93037
3.188 7.93037
3.189 -7.9335
3.189 7.9335
3.19 -7.93663
3.19 7.93663
3.191 -7.93976
3.191 7.93976
3.192 -7.94289
3.192 7.94289
3.193 -7.94602
3.193 7.94602
3.194 -7.94915
3.194 7.94915
3.195 -7.95228
3.195 7.95228
3.196 -7.95541
3.196 7.95541
3.197 -7.95854
3.197 7.95854
3.198 -7.96167
3.198 7.96167
3.199 -7.9648
3.199 7.9648
3.2 -7.96794
3.2 7.96794
3.201 -7.97107
3.201 7.97107
3.202 -7.9742
3.202 7.9742
3.203 -7.97733
3.203 7.97733
3.204 -7.98047
3.204 7.98047
3.205 -7.9836
3.205 7.9836
3.206 -7.98674
3.206 7.98674
3.207 -7.98987
3.207 7.98987
3.208 -7.99301
3.208 7.99301
3.209 -7.99614
3.209 7.99614
3.21 -7.99928
3.21 7.99928
3.211 -8.00242
3.211 8.00242
3.212 -8.00555
3.212 8.00555
3.213 -8.00869
3.213 8.00869
3.214 -8.01183
3.214 8.01183
3.215 -8.01496
3.215 8.01496
3.216 -8.0181
3.216 8.0181
3.217 -8.02124
3.217 8.02124
3.218 -8.02438
3.218 8.02438
3.219 -8.02752
3.219 8.02752
3.22 -8.03066
3.22 8.03066
3.221 -8.0338
3.221 8.0338
3.222 -8.03694
3.222 8.03694
3.223 -8.04008
3.223 8.04008
3.224 -8.04322
3.224 8.04322
3.225 -8.04636
3.225 8.04636
3.226 -8.0495
3.226 8.0495
3.227 -8.05264
3.227 8.05264
3.228 -8.05578
3.228 8.05578
3.229 -8.05893
3.229 8.05893
3.23 -8.06207
3.23 8.06207
3.231 -8.06521
3.231 8.06521
3.232 -8.06836
3.232 8.06836
3.233 -8.0715
3.233 8.0715
3.234 -8.07464
3.234 8.07464
3.235 -8.07779
3.235 8.07779
3.236 -8.08093
3.236 8.08093
3.237 -8.08408
3.237 8.08408
3.238 -8.08723
3.238 8.08723
3.239 -8.09037
3.239 8.09037
3.24 -8.09352
3.24 8.09352
3.241 -8.09666
3.241 8.09666
3.242 -8.09981
3.242 8.09981
3.243 -8.10296
3.243 8.10296
3.244 -8.10611
3.244 8.10611
3.245 -8.10925
3.245 8.10925
3.246 -8.1124
3.246 8.1124
3.247 -8.11555
3.247 8.11555
3.248 -8.1187
3.248 8.1187
3.249 -8.12185
3.249 8.12185
3.25 -8.125
3.25 8.125
3.251 -8.12815
3.251 8.12815
3.252 -8.1313
3.252 8.1313
3.253 -8.13445
3.253 8.13445
3.254 -8.1376
3.254 8.1376
3.255 -8.14075
3.255 8.14075
3.256 -8.14391
3.256 8.14391
3.257 -8.14706
3.257 8.14706
3.258 -8.15021
3.258 8.15021
3.259 -8.15336
3.259 8.15336
3.26 -8.15652
3.26 8.15652
3.261 -8.15967
3.261 8.15967
3.262 -8.16283
3.262 8.16283
3.263 -8.16598
3.263 8.16598
3.264 -8.16913
3.264 8.16913
3.265 -8.17229
3.265 8.17229
3.266 -8.17544
3.266 8.17544
3.267 -8.1786
3.267 8.1786
3.268 -8.18176
3.268 8.18176
3.269 -8.18491
3.269 8.18491
3.27 -8.18807
3.27 8.18807
3.271 -8.19123
3.271 8.19123
3.272 -8.19438
3.272 8.19438
3.273 -8.19754
3.273 8.19754
3.274 -8.2007
3.274 8.2007
3.275 -8.20386
3.275 8.20386
3.276 -8.20702
3.276 8.20702
3.277 -8.21018
3.277 8.21018
3.278 -8.21334
3.278 8.21334
3.279 -8.2165
3.279 8.2165
3.28 -8.21966
3.28 8.21966
3.281 -8.22282
3.281 8.22282
3.282 -8.22598
3.282 8.22598
3.283 -8.22914
3.283 8.22914
3.284 -8.2323
3.284 8.2323
3.285 -8.23546
3.285 8.23546
3.286 -8.23863
3.286 8.23863
3.287 -8.24179
3.287 8.24179
3.288 -8.24495
3.288 8.24495
3.289 -8.24811
3.289 8.24811
3.29 -8.25128
3.29 8.25128
3.291 -8.25444
3.291 8.25444
3.292 -8.25761
3.292 8.25761
3.293 -8.26077
3.293 8.26077
3.294 -8.26394
3.294 8.26394
3.295 -8.2671
3.295 8.2671
3.296 -8.27027
3.296 8.27027
3.297 -8.27343
3.297 8.27343
3.298 -8.2766
3.298 8.2766
3.299 -8.27977
3.299 8.27977
3.3 -8.28293
3.3 8.28293
3.301 -8.2861
3.301 8.2861
3.302 -8.28927
3.302 8.28927
3.303 -8.29244
3.303 8.29244
3.304 -8.29561
3.304 8.29561
3.305 -8.29878
3.305 8.29878
3.306 -8.30194
3.306 8.30194
3.307 -8.30511
3.307 8.30511
3.308 -8.30828
3.308 8.30828
3.309 -8.31145
3.309 8.31145
3.31 -8.31463
3.31 8.31463
3.311 -8.3178
3.311 8.3178
3.312 -8.32097
3.312 8.32097
3.313 -8.32414
3.313 8.32414
3.314 -8.32731
3.314 8.32731
3.315 -8.33048
3.315 8.33048
3.316 -8.33366
3.316 8.33366
3.317 -8.33683
3.317 8.33683
3.318 -8.34
3.318 8.34
3.319 -8.34318
3.319 8.34318
3.32 -8.34635
3.32 8.34635
3.321 -8.34953
3.321 8.34953
3.322 -8.3527
3.322 8.3527
3.323 -8.35587
3.323 8.35587
3.324 -8.35905
3.324 8.35905
3.325 -8.36223
3.325 8.36223
3.326 -8.3654
3.326 8.3654
3.327 -8.36858
3.327 8.36858
3.328 -8.37176
3.328 8.37176
3.329 -8.37493
3.329 8.37493
3.33 -8.37811
3.33 8.37811
3.331 -8.38129
3.331 8.38129
3.332 -8.38447
3.332 8.38447
3.333 -8.38765
3.333 8.38765
3.334 -8.39082
3.334 8.39082
3.335 -8.394
3.335 8.394
3.336 -8.39718
3.336 8.39718
3.337 -8.40036
3.337 8.40036
3.338 -8.40354
3.338 8.40354
3.339 -8.40672
3.339 8.40672
3.34 -8.40991
3.34 8.40991
3.341 -8.41309
3.341 8.41309
3.342 -8.41627
3.342 8.41627
3.343 -8.41945
3.343 8.41945
3.344 -8.42263
3.344 8.42263
3.345 -8.42582
3.345 8.42582
3.346 -8.429
3.346 8.429
3.347 -8.43218
3.347 8.43218
3.348 -8.43537
3.348 8.43537
3.349 -8.43855
3.349 8.43855
3.35 -8.44173
3.35 8.44173
3.351 -8.44492
3.351 8.44492
3.352 -8.4481
3.352 8.4481
3.353 -8.45129
3.353 8.45129
3.354 -8.45448
3.354 8.45448
3.355 -8.45766
3.355 8.45766
3.356 -8.46085
3.356 8.46085
3.357 -8.46403
3.357 8.46403
3.358 -8.46722
3.358 8.46722
3.359 -8.47041
3.359 8.47041
3.36 -8.4736
3.36 8.4736
3.361 -8.47679
3.361 8.47679
3.362 -8.47997
3.362 8.47997
3.363 -8.48316
3.363 8.48316
3.364 -8.48635
3.364 8.48635
3.365 -8.48954
3.365 8.48954
3.366 -8.49273
3.366 8.49273
3.367 -8.49592
3.367 8.49592
3.368 -8.49911
3.368 8.49911
3.369 -8.5023
3.369 8.5023
3.37 -8.5055
3.37 8.5055
3.371 -8.50869
3.371 8.50869
3.372 -8.51188
3.372 8.51188
3.373 -8.51507
3.373 8.51507
3.374 -8.51826
3.374 8.51826
3.375 -8.52146
3.375 8.52146
3.376 -8.52465
3.376 8.52465
3.377 -8.52784
3.377 8.52784
3.378 -8.53104
3.378 8.53104
3.379 -8.53423
3.379 8.53423
3.38 -8.53743
3.38 8.53743
3.381 -8.54062
3.381 8.54062
3.382 -8.54382
3.382 8.54382
3.383 -8.54701
3.383 8.54701
3.384 -8.55021
3.384 8.55021
3.385 -8.55341
3.385 8.55341
3.386 -8.5566
3.386 8.5566
3.387 -8.5598
3.387 8.5598
3.388 -8.563
3.388 8.563
3.389 -8.5662
3.389 8.5662
3.39 -8.56939
3.39 8.56939
3.391 -8.57259
3.391 8.57259
3.392 -8.57579
3.392 8.57579
3.393 -8.57899
3.393 8.57899
3.394 -8.58219
3.394 8.58219
3.395 -8.58539
3.395 8.58539
3.396 -8.58859
3.396 8.58859
3.397 -8.59179
3.397 8.59179
3.398 -8.59499
3.398 8.59499
3.399 -8.59819
3.399 8.59819
3.4 -8.6014
3.4 8.6014
3.401 -8.6046
3.401 8.6046
3.402 -8.6078
3.402 8.6078
3.403 -8.611
3.403 8.611
3.404 -8.61421
3.404 8.61421
3.405 -8.61741
3.405 8.61741
3.406 -8.62061
3.406 8.62061
3.407 -8.62382
3.407 8.62382
3.408 -8.62702
3.408 8.62702
3.409 -8.63023
3.409 8.63023
3.41 -8.63343
3.41 8.63343
3.411 -8.63664
3.411 8.63664
3.412 -8.63984
3.412 8.63984
3.413 -8.64305
3.413 8.64305
3.414 -8.64625
3.414 8.64625
3.415 -8.64946
3.415 8.64946
3.416 -8.65267
3.416 8.65267
3.417 -8.65588
3.417 8.65588
3.418 -8.65908
3.418 8.65908
3.419 -8.66229
3.419 8.66229
3.42 -8.6655
3.42 8.6655
3.421 -8.66871
3.421 8.66871
3.422 -8.67192
3.422 8.67192
3.423 -8.67513
3.423 8.67513
3.424 -8.67834
3.424 8.67834
3.425 -8.68155
3.425 8.68155
3.426 -8.68476
3.426 8.68476
3.427 -8.68797
3.427 8.68797
3.428 -8.69118
3.428 8.69118
3.429 -8.69439
3.429 8.69439
3.43 -8.6976
3.43 8.6976
3.431 -8.70082
3.431 8.70082
3.432 -8.70403
3.432 8.70403
3.433 -8.70724
3.433 8.70724
3.434 -8.71045
3.434 8.71045
3.435 -8.71367
3.435 8.71367
3.436 -8.71688
3.436 8.71688
3.437 -8.7201
3.437 8.7201
3.438 -8.72331
3.438 8.72331
3.439 -8.72653
3.439 8.72653
3.44 -8.72974
3.44 8.72974
3.441 -8.73296
3.441 8.73296
3.442 -8.73617
3.442 8.73617
3.443 -8.73939
3.443 8.73939
3.444 -8.74261
3.444 8.74261
3.445 -8.74582
3.445 8.74582
3.446 -8.74904
3.446 8.74904
3.447 -8.75226
3.447 8.75226
3.448 -8.75548
3.448 8.75548
3.449 -8.75869
3.449 8.75869
3.45 -8.76191
3.45 8.76191
3.451 -8.76513
3.451 8.76513
3.452 -8.76835
3.452 8.76835
3.453 -8.77157
3.453 8.77157
3.454 -8.77479
3.454 8.77479
3.455 -8.77801
3.455 8.77801
3.456 -8.78123
3.456 8.78123
3.457 -8.78445
3.457 8.78445
3.458 -8.78768
3.458 8.78768
3.459 -8.7909
3.459 8.7909
3.46 -8.79412
3.46 8.79412
3.461 -8.79734
3.461 8.79734
3.462 -8.80056
3.462 8.80056
3.463 -8.80379
3.463 8.80379
3.464 -8.80701
3.464 8.80701
3.465 -8.81024
3.465 8.81024
3.466 -8.81346
3.466 8.81346
3.467 -8.81668
3.467 8.81668
3.468 -8.81991
3.468 8.81991
3.469 -8.82313
3.469 8.82313
3.47 -8.82636
3.47 8.82636
3.471 -8.82959
3.471 8.82959
3.472 -8.83281
3.472 8.83281
3.473 -8.83604
3.473 8.83604
3.474 -8.83927
3.474 8.83927
3.475 -8.84249
3.475 8.84249
3.476 -8.84572
3.476 8.84572
3.477 -8.84895
3.477 8.84895
3.478 -8.85218
3.478 8.85218
3.479 -8.8554
3.479 8.8554
3.48 -8.85863
3.48 8.85863
3.481 -8.86186
3.481 8.86186
3.482 -8.86509
3.482 8.86509
3.483 -8.86832
3.483 8.86832
3.484 -8.87155
3.484 8.87155
3.485 -8.87478
3.485 8.87478
3.486 -8.87801
3.486 8.87801
3.487 -8.88125
3.487 8.88125
3.488 -8.88448
3.488 8.88448
3.489 -8.88771
3.489 8.88771
3.49 -8.89094
3.49 8.89094
3.491 -8.89417
3.491 8.89417
3.492 -8.89741
3.492 8.89741
3.493 -8.90064
3.493 8.90064
3.494 -8.90387
3.494 8.90387
3.495 -8.90711
3.495 8.90711
3.496 -8.91034
3.496 8.91034
3.497 -8.91358
3.497 8.91358
3.498 -8.91681
3.498 8.91681
3.499 -8.92005
3.499 8.92005
3.5 -8.92328
3.5 8.92328
3.501 -8.92652
3.501 8.92652
3.502 -8.92976
3.502 8.92976
3.503 -8.93299
3.503 8.93299
3.504 -8.93623
3.504 8.93623
3.505 -8.93947
3.505 8.93947
3.506 -8.94271
3.506 8.94271
3.507 -8.94594
3.507 8.94594
3.508 -8.94918
3.508 8.94918
3.509 -8.95242
3.509 8.95242
3.51 -8.95566
3.51 8.95566
3.511 -8.9589
3.511 8.9589
3.512 -8.96214
3.512 8.96214
3.513 -8.96538
3.513 8.96538
3.514 -8.96862
3.514 8.96862
3.515 -8.97186
3.515 8.97186
3.516 -8.9751
3.516 8.9751
3.517 -8.97834
3.517 8.97834
3.518 -8.98159
3.518 8.98159
3.519 -8.98483
3.519 8.98483
3.52 -8.98807
3.52 8.98807
3.521 -8.99131
3.521 8.99131
3.522 -8.99456
3.522 8.99456
3.523 -8.9978
3.523 8.9978
3.524 -9.00104
3.524 9.00104
3.525 -9.00429
3.525 9.00429
3.526 -9.00753
3.526 9.00753
3.527 -9.01078
3.527 9.01078
3.528 -9.01402
3.528 9.01402
3.529 -9.01727
3.529 9.01727
3.53 -9.02051
3.53 9.02051
3.531 -9.02376
3.531 9.02376
3.532 -9.02701
3.532 9.02701
3.533 -9.03025
3.533 9.03025
3.534 -9.0335
3.534 9.0335
3.535 -9.03675
3.535 9.03675
3.536 -9.04
3.536 9.04
3.537 -9.04325
3.537 9.04325
3.538 -9.04649
3.538 9.04649
3.539 -9.04974
3.539 9.04974
3.54 -9.05299
3.54 9.05299
3.541 -9.05624
3.541 9.05624
3.542 -9.05949
3.542 9.05949
3.543 -9.06274
3.543 9.06274
3.544 -9.06599
3.544 9.06599
3.545 -9.06924
3.545 9.06924
3.546 -9.07249
3.546 9.07249
3.547 -9.07575
3.547 9.07575
3.548 -9.079
3.548 9.079
3.549 -9.08225
3.549 9.08225
3.55 -9.0855
3.55 9.0855
3.551 -9.08876
3.551 9.08876
3.552 -9.09201
3.552 9.09201
3.553 -9.09526
3.553 9.09526
3.554 -9.09852
3.554 9.09852
3.555 -9.10177
3.555 9.10177
3.556 -9.10503
3.556 9.10503
3.557 -9.10828
3.557 9.10828
3.558 -9.11154
3.558 9.11154
3.559 -9.11479
3.559 9.11479
3.56 -9.11805
3.56 9.11805
3.561 -9.12131
3.561 9.12131
3.562 -9.12456
3.562 9.12456
3.563 -9.12782
3.563 9.12782
3.564 -9.13108
3.564 9.13108
3.565 -9.13433
3.565 9.13433
3.566 -9.13759
3.566 9.13759
3.567 -9.14085
3.567 9.14085
3.568 -9.14411
3.568 9.14411
3.569 -9.14737
3.569 9.14737
3.57 -9.15063
3.57 9.15063
3.571 -9.15389
3.571 9.15389
3.572 -9.15715
3.572 9.15715
3.573 -9.16041
3.573 9.16041
3.574 -9.16367
3.574 9.16367
3.575 -9.16693
3.575 9.16693
3.576 -9.17019
3.576 9.17019
3.577 -9.17345
3.577 9.17345
3.578 -9.17672
3.578 9.17672
3.579 -9.17998
3.579 9.17998
3.58 -9.18324
3.58 9.18324
3.581 -9.1865
3.581 9.1865
3.582 -9.18977
3.582 9.18977
3.583 -9.19303
3.583 9.19303
3.584 -9.1963
3.584 9.1963
3.585 -9.19956
3.585 9.19956
3.586 -9.20282
3.586 9.20282
3.587 -9.20609
3.587 9.20609
3.588 -9.20936
3.588 9.20936
3.589 -9.21262
3.589 9.21262
3.59 -9.21589
3.59 9.21589
3.591 -9.21915
3.591 9.21915
3.592 -9.22242
3.592 9.22242
3.593 -9.22569
3.593 9.22569
3.594 -9.22896
3.594 9.22896
3.595 -9.23222
3.595 9.23222
3.596 -9.23549
3.596 9.23549
3.597 -9.23876
3.597 9.23876
3.598 -9.24203
3.598 9.24203
3.599 -9.2453
3.599 9.2453
3.6 -9.24857
3.6 9.24857
3.601 -9.25184
3.601 9.25184
3.602 -9.25511
3.602 9.25511
3.603 -9.25838
3.603 9.25838
3.604 -9.26165
3.604 9.26165
3.605 -9.26492
3.605 9.26492
3.606 -9.26819
3.606 9.26819
3.607 -9.27146
3.607 9.27146
3.608 -9.27474
3.608 9.27474
3.609 -9.27801
3.609 9.27801
3.61 -9.28128
3.61 9.28128
3.611 -9.28455
3.611 9.28455
3.612 -9.28783
3.612 9.28783
3.613 -9.2911
3.613 9.2911
3.614 -9.29438
3.614 9.29438
3.615 -9.29765
3.615 9.29765
3.616 -9.30093
3.616 9.30093
3.617 -9.3042
3.617 9.3042
3.618 -9.30748
3.618 9.30748
3.619 -9.31075
3.619 9.31075
3.62 -9.31403
3.62 9.31403
3.621 -9.31731
3.621 9.31731
3.622 -9.32058
3.622 9.32058
3.623 -9.32386
3.623 9.32386
3.624 -9.32714
3.624 9.32714
3.625 -9.33041
3.625 9.33041
3.626 -9.33369
3.626 9.33369
3.627 -9.33697
3.627 9.33697
3.628 -9.34025
3.628 9.34025
3.629 -9.34353
3.629 9.34353
3.63 -9.34681
3.63 9.34681
3.631 -9.35009
3.631 9.35009
3.632 -9.35337
3.632 9.35337
3.633 -9.35665
3.633 9.35665
3.634 -9.35993
3.634 9.35993
3.635 -9.36321
3.635 9.36321
3.636 -9.36649
3.636 9.36649
3.637 -9.36978
3.637 9.36978
3.638 -9.37306
3.638 9.37306
3.639 -9.37634
3.639 9.37634
3.64 -9.37962
3.64 9.37962
3.641 -9.38291
3.641 9.38291
3.642 -9.38619
3.642 9.38619
3.643 -9.38947
3.643 9.38947
3.644 -9.39276
3.644 9.39276
3.645 -9.39604
3.645 9.39604
3.646 -9.39933
3.646 9.39933
3.647 -9.40261
3.647 9.40261
3.648 -9.4059
3.648 9.4059
3.649 -9.40919
3.649 9.40919
3.65 -9.41247
3.65 9.41247
3.651 -9.41576
3.651 9.41576
3.652 -9.41905
3.652 9.41905
3.653 -9.42233
3.653 9.42233
3.654 -9.42562
3.654 9.42562
3.655 -9.42891
3.655 9.42891
3.656 -9.4322
3.656 9.4322
3.657 -9.43549
3.657 9.43549
3.658 -9.43877
3.658 9.43877
3.659 -9.44206
3.659 9.44206
3.66 -9.44535
3.66 9.44535
3.661 -9.44864
3.661 9.44864
3.662 -9.45193
3.662 9.45193
3.663 -9.45522
3.663 9.45522
3.664 -9.45852
3.664 9.45852
3.665 -9.46181
3.665 9.46181
3.666 -9.4651
3.666 9.4651
3.667 -9.46839
3.667 9.46839
3.668 -9.47168
3.668 9.47168
3.669 -9.47497
3.669 9.47497
3.67 -9.47827
3.67 9.47827
3.671 -9.48156
3.671 9.48156
3.672 -9.48485
3.672 9.48485
3.673 -9.48815
3.673 9.48815
3.674 -9.49144
3.674 9.49144
3.675 -9.49474
3.675 9.49474
3.676 -9.49803
3.676 9.49803
3.677 -9.50133
3.677 9.50133
3.678 -9.50462
3.678 9.50462
3.679 -9.50792
3.679 9.50792
3.68 -9.51122
3.68 9.51122
3.681 -9.51451
3.681 9.51451
3.682 -9.51781
3.682 9.51781
3.683 -9.52111
3.683 9.52111
3.684 -9.5244
3.684 9.5244
3.685 -9.5277
3.685 9.5277
3.686 -9.531
3.686 9.531
3.687 -9.5343
3.687 9.5343
3.688 -9.5376
3.688 9.5376
3.689 -9.5409
3.689 9.5409
3.69 -9.5442
3.69 9.5442
3.691 -9.5475
3.691 9.5475
3.692 -9.5508
3.692 9.5508
3.693 -9.5541
3.693 9.5541
3.694 -9.5574
3.694 9.5574
3.695 -9.5607
3.695 9.5607
3.696 -9.564
3.696 9.564
3.697 -9.5673
3.697 9.5673
3.698 -9.57061
3.698 9.57061
3.699 -9.57391
3.699 9.57391
3.7 -9.57721
3.7 9.57721
3.701 -9.58052
3.701 9.58052
3.702 -9.58382
3.702 9.58382
3.703 -9.58712
3.703 9.58712
3.704 -9.59043
3.704 9.59043
3.705 -9.59373
3.705 9.59373
3.706 -9.59704
3.706 9.59704
3.707 -9.60034
3.707 9.60034
3.708 -9.60365
3.708 9.60365
3.709 -9.60695
3.709 9.60695
3.71 -9.61026
3.71 9.61026
3.711 -9.61357
3.711 9.61357
3.712 -9.61687
3.712 9.61687
3.713 -9.62018
3.713 9.62018
3.714 -9.62349
3.714 9.62349
3.715 -9.6268
3.715 9.6268
3.716 -9.63011
3.716 9.63011
3.717 -9.63341
3.717 9.63341
3.718 -9.63672
3.718 9.63672
3.719 -9.64003
3.719 9.64003
3.72 -9.64334
3.72 9.64334
3.721 -9.64665
3.721 9.64665
3.722 -9.64996
3.722 9.64996
3.723 -9.65327
3.723 9.65327
3.724 -9.65658
3.724 9.65658
3.725 -9.6599
3.725 9.6599
3.726 -9.66321
3.726 9.66321
3.727 -9.66652
3.727 9.66652
3.728 -9.66983
3.728 9.66983
3.729 -9.67314
3.729 9.67314
3.73 -9.67646
3.73 9.67646
3.731 -9.67977
3.731 9.67977
3.732 -9.68308
3.732 9.68308
3.733 -9.6864
3.733 9.6864
3.734 -9.68971
3.734 9.68971
3.735 -9.69303
3.735 9.69303
3.736 -9.69634
3.736 9.69634
3.737 -9.69966
3.737 9.69966
3.738 -9.70297
3.738 9.70297
3.739 -9.70629
3.739 9.70629
3.74 -9.7096
3.74 9.7096
3.741 -9.71292
3.741 9.71292
3.742 -9.71624
3.742 9.71624
3.743 -9.71956
3.743 9.71956
3.744 -9.72287
3.744 9.72287
3.745 -9.72619
3.745 9.72619
3.746 -9.72951
3.746 9.72951
3.747 -9.73283
3.747 9.73283
3.748 -9.73615
3.748 9.73615
3.749 -9.73947
3.749 9.73947
3.75 -9.74279
3.75 9.74279
3.751 -9.74611
3.751 9.74611
3.752 -9.74943
3.752 9.74943
3.753 -9.75275
3.753 9.75275
3.754 -9.75607
3.754 9.75607
3.755 -9.75939
3.755 9.75939
3.756 -9.76271
3.756 9.76271
3.757 -9.76603
3.757 9.76603
3.758 -9.76935
3.758 9.76935
3.759 -9.77268
3.759 9.77268
3.76 -9.776
3.76 9.776
3.761 -9.77932
3.761 9.77932
3.762 -9.78265
3.762 9.78265
3.763 -9.78597
3.763 9.78597
3.764 -9.78929
3.764 9.78929
3.765 -9.79262
3.765 9.79262
3.766 -9.79594
3.766 9.79594
3.767 -9.79927
3.767 9.79927
3.768 -9.8026
3.768 9.8026
3.769 -9.80592
3.769 9.80592
3.77 -9.80925
3.77 9.80925
3.771 -9.81257
3.771 9.81257
3.772 -9.8159
3.772 9.8159
3.773 -9.81923
3.773 9.81923
3.774 -9.82256
3.774 9.82256
3.775 -9.82588
3.775 9.82588
3.776 -9.82921
3.776 9.82921
3.777 -9.83254
3.777 9.83254
3.778 -9.83587
3.778 9.83587
3.779 -9.8392
3.779 9.8392
3.78 -9.84253
3.78 9.84253
3.781 -9.84586
3.781 9.84586
3.782 -9.84919
3.782 9.84919
3.783 -9.85252
3.783 9.85252
3.784 -9.85585
3.784 9.85585
3.785 -9.85918
3.785 9.85918
3.786 -9.86251
3.786 9.86251
3.787 -9.86584
3.787 9.86584
3.788 -9.86918
3.788 9.86918
3.789 -9.87251
3.789 9.87251
3.79 -9.87584
3.79 9.87584
3.791 -9.87917
3.791 9.87917
3.792 -9.88251
3.792 9.88251
3.793 -9.88584
3.793 9.88584
3.794 -9.88918
3.794 9.88918
3.795 -9.89251
3.795 9.89251
3.796 -9.89585
3.796 9.89585
3.797 -9.89918
3.797 9.89918
3.798 -9.90252
3.798 9.90252
3.799 -9.90585
3.799 9.90585
3.8 -9.90919
3.8 9.90919
3.801 -9.91252
3.801 9.91252
3.802 -9.91586
3.802 9.91586
3.803 -9.9192
3.803 9.9192
3.804 -9.92254
3.804 9.92254
3.805 -9.92587
3.805 9.92587
3.806 -9.92921
3.806 9.92921
3.807 -9.93255
3.807 9.93255
3.808 -9.93589
3.808 9.93589
3.809 -9.93923
3.809 9.93923
3.81 -9.94257
3.81 9.94257
3.811 -9.94591
3.811 9.94591
3.812 -9.94925
3.812 9.94925
3.813 -9.95259
3.813 9.95259
3.814 -9.95593
3.814 9.95593
3.815 -9.95927
3.815 9.95927
3.816 -9.96261
3.816 9.96261
3.817 -9.96595
3.817 9.96595
3.818 -9.96929
3.818 9.96929
3.819 -9.97264
3.819 9.97264
3.82 -9.97598
3.82 9.97598
3.821 -9.97932
3.821 9.97932
3.822 -9.98267
3.822 9.98267
3.823 -9.98601
3.823 9.98601
3.824 -9.98935
3.824 9.98935
3.825 -9.9927
3.825 9.9927
3.826 -9.99604
3.826 9.99604
3.827 -9.99939
3.827 9.99939
3.828 -10.0027
3.828 10.0027
3.829 -10.0061
3.829 10.0061
3.83 -10.0094
3.83 10.0094
3.831 -10.0128
3.831 10.0128
3.832 -10.0161
3.832 10.0161
3.833 -10.0195
3.833 10.0195
3.834 -10.0228
3.834 10.0228
3.835 -10.0262
3.835 10.0262
3.836 -10.0295
3.836 10.0295
3.837 -10.0329
3.837 10.0329
3.838 -10.0362
3.838 10.0362
3.839 -10.0396
3.839 10.0396
3.84 -10.0429
3.84 10.0429
3.841 -10.0463
3.841 10.0463
3.842 -10.0496
3.842 10.0496
3.843 -10.053
3.843 10.053
3.844 -10.0563
3.844 10.0563
3.845 -10.0597
3.845 10.0597
3.846 -10.063
3.846 10.063
3.847 -10.0664
3.847 10.0664
3.848 -10.0697
3.848 10.0697
3.849 -10.0731
3.849 10.0731
3.85 -10.0764
3.85 10.0764
3.851 -10.0798
3.851 10.0798
3.852 -10.0831
3.852 10.0831
3.853 -10.0865
3.853 10.0865
3.854 -10.0898
3.854 10.0898
3.855 -10.0932
3.855 10.0932
3.856 -10.0965
3.856 10.0965
3.857 -10.0999
3.857 10.0999
3.858 -10.1032
3.858 10.1032
3.859 -10.1066
3.859 10.1066
3.86 -10.11
3.86 10.11
3.861 -10.1133
3.861 10.1133
3.862 -10.1167
3.862 10.1167
3.863 -10.12
3.863 10.12
3.864 -10.1234
3.864 10.1234
3.865 -10.1267
3.865 10.1267
3.866 -10.1301
3.866 10.1301
3.867 -10.1335
3.867 10.1335
3.868 -10.1368
3.868 10.1368
3.869 -10.1402
3.869 10.1402
3.87 -10.1435
3.87 10.1435
3.871 -10.1469
3.871 10.1469
3.872 -10.1503
3.872 10.1503
3.873 -10.1536
3.873 10.1536
3.874 -10.157
3.874 10.157
3.875 -10.1603
3.875 10.1603
3.876 -10.1637
3.876 10.1637
3.877 -10.1671
3.877 10.1671
3.878 -10.1704
3.878 10.1704
3.879 -10.1738
3.879 10.1738
3.88 -10.1771
3.88 10.1771
3.881 -10.1805
3.881 10.1805
3.882 -10.1839
3.882 10.1839
3.883 -10.1872
3.883 10.1872
3.884 -10.1906
3.884 10.1906
3.885 -10.194
3.885 10.194
3.886 -10.1973
3.886 10.1973
3.887 -10.2007
3.887 10.2007
3.888 -10.2041
3.888 10.2041
3.889 -10.2074
3.889 10.2074
3.89 -10.2108
3.89 10.2108
3.891 -10.2142
3.891 10.2142
3.892 -10.2175
3.892 10.2175
3.893 -10.2209
3.893 10.2209
3.894 -10.2243
3.894 10.2243
3.895 -10.2276
3.895 10.2276
3.896 -10.231
3.896 10.231
3.897 -10.2344
3.897 10.2344
3.898 -10.2377
3.898 10.2377
3.899 -10.2411
3.899 10.2411
3.9 -10.2445
3.9 10.2445
3.901 -10.2478
3.901 10.2478
3.902 -10.2512
3.902 10.2512
3.903 -10.2546
3.903 10.2546
3.904 -10.2579
3.904 10.2579
3.905 -10.2613
3.905 10.2613
3.906 -10.2647
3.906 10.2647
3.907 -10.2681
3.907 10.2681
3.908 -10.2714
3.908 10.2714
3.909 -10.2748
3.909 10.2748
3.91 -10.2782
3.91 10.2782
3.911 -10.2815
3.911 10.2815
3.912 -10.2849
3.912 10.2849
3.913 -10.2883
3.913 10.2883
3.914 -10.2917
3.914 10.2917
3.915 -10.295
3.915 10.295
3.916 -10.2984
3.916 10.2984
3.917 -10.3018
3.917 10.3018
3.918 -10.3052
3.918 10.3052
3.919 -10.3085
3.919 10.3085
3.92 -10.3119
3.92 10.3119
3.921 -10.3153
3.921 10.3153
3.922 -10.3187
3.922 10.3187
3.923 -10.322
3.923 10.322
3.924 -10.3254
3.924 10.3254
3.925 -10.3288
3.925 10.3288
3.926 -10.3322
3.926 10.3322
3.927 -10.3355
3.927 10.3355
3.928 -10.3389
3.928 10.3389
3.929 -10.3423
3.929 10.3423
3.93 -10.3457
3.93 10.3457
3.931 -10.3491
3.931 10.3491
3.932 -10.3524
3.932 10.3524
3.933 -10.3558
3.933 10.3558
3.934 -10.3592
3.934 10.3592
3.935 -10.3626
3.935 10.3626
3.936 -10.366
3.936 10.366
3.937 -10.3693
3.937 10.3693
3.938 -10.3727
3.938 10.3727
3.939 -10.3761
3.939 10.3761
3.94 -10.3795
3.94 10.3795
3.941 -10.3829
3.941 10.3829
3.942 -10.3863
3.942 10.3863
3.943 -10.3896
3.943 10.3896
3.944 -10.393
3.944 10.393
3.945 -10.3964
3.945 10.3964
3.946 -10.3998
3.946 10.3998
3.947 -10.4032
3.947 10.4032
3.948 -10.4066
3.948 10.4066
3.949 -10.4099
3.949 10.4099
3.95 -10.4133
3.95 10.4133
3.951 -10.4167
3.951 10.4167
3.952 -10.4201
3.952 10.4201
3.953 -10.4235
3.953 10.4235
3.954 -10.4269
3.954 10.4269
3.955 -10.4303
3.955 10.4303
3.956 -10.4336
3.956 10.4336
3.957 -10.437
3.957 10.437
3.958 -10.4404
3.958 10.4404
3.959 -10.4438
3.959 10.4438
3.96 -10.4472
3.96 10.4472
3.961 -10.4506
3.961 10.4506
3.962 -10.454
3.962 10.454
3.963 -10.4574
3.963 10.4574
3.964 -10.4608
3.964 10.4608
3.965 -10.4641
3.965 10.4641
3.966 -10.4675
3.966 10.4675
3.967 -10.4709
3.967 10.4709
3.968 -10.4743
3.968 10.4743
3.969 -10.4777
3.969 10.4777
3.97 -10.4811
3.97 10.4811
3.971 -10.4845
3.971 10.4845
3.972 -10.4879
3.972 10.4879
3.973 -10.4913
3.973 10.4913
3.974 -10.4947
3.974 10.4947
3.975 -10.4981
3.975 10.4981
3.976 -10.5015
3.976 10.5015
3.977 -10.5049
3.977 10.5049
3.978 -10.5082
3.978 10.5082
3.979 -10.5116
3.979 10.5116
3.98 -10.515
3.98 10.515
3.981 -10.5184
3.981 10.5184
3.982 -10.5218
3.982 10.5218
3.983 -10.5252
3.983 10.5252
3.984 -10.5286
3.984 10.5286
3.985 -10.532
3.985 10.532
3.986 -10.5354
3.986 10.5354
3.987 -10.5388
3.987 10.5388
3.988 -10.5422
3.988 10.5422
3.989 -10.5456
3.989 10.5456
3.99 -10.549
3.99 10.549
3.991 -10.5524
3.991 10.5524
3.992 -10.5558
3.992 10.5558
3.993 -10.5592
3.993 10.5592
3.994 -10.5626
3.994 10.5626
3.995 -10.566
3.995 10.566
3.996 -10.5694
3.996 10.5694
3.997 -10.5728
3.997 10.5728
3.998 -10.5762
3.998 10.5762
3.999 -10.5796
3.999 10.5796
4 -10.583
4 10.583
4.001 -10.5864
4.001 10.5864
4.002 -10.5898
4.002 10.5898
4.003 -10.5932
4.003 10.5932
4.004 -10.5966
4.004 10.5966
4.005 -10.6
4.005 10.6
4.006 -10.6034
4.006 10.6034
4.007 -10.6068
4.007 10.6068
4.008 -10.6102
4.008 10.6102
4.009 -10.6136
4.009 10.6136
4.01 -10.617
4.01 10.617
4.011 -10.6204
4.011 10.6204
4.012 -10.6238
4.012 10.6238
4.013 -10.6273
4.013 10.6273
4.014 -10.6307
4.014 10.6307
4.015 -10.6341
4.015 10.6341
4.016 -10.6375
4.016 10.6375
4.017 -10.6409
4.017 10.6409
4.018 -10.6443
4.018 10.6443
4.019 -10.6477
4.019 10.6477
4.02 -10.6511
4.02 10.6511
4.021 -10.6545
4.021 10.6545
4.022 -10.6579
4.022 10.6579
4.023 -10.6613
4.023 10.6613
4.024 -10.6647
4.024 10.6647
4.025 -10.6681
4.025 10.6681
4.026 -10.6716
4.026 10.6716
4.027 -10.675
4.027 10.675
4.028 -10.6784
4.028 10.6784
4.029 -10.6818
4.029 10.6818
4.03 -10.6852
4.03 10.6852
4.031 -10.6886
4.031 10.6886
4.032 -10.692
4.032 10.692
4.033 -10.6954
4.033 10.6954
4.034 -10.6988
4.034 10.6988
4.035 -10.7023
4.035 10.7023
4.036 -10.7057
4.036 10.7057
4.037 -10.7091
4.037 10.7091
4.038 -10.7125
4.038 10.7125
4.039 -10.7159
4.039 10.7159
4.04 -10.7193
4.04 10.7193
4.041 -10.7227
4.041 10.7227
4.042 -10.7262
4.042 10.7262
4.043 -10.7296
4.043 10.7296
4.044 -10.733
4.044 10.733
4.045 -10.7364
4.045 10.7364
4.046 -10.7398
4.046 10.7398
4.047 -10.7432
4.047 10.7432
4.048 -10.7467
4.048 10.7467
4.049 -10.7501
4.049 10.7501
4.05 -10.7535
4.05 10.7535
4.051 -10.7569
4.051 10.7569
4.052 -10.7603
4.052 10.7603
4.053 -10.7637
4.053 10.7637
4.054 -10.7672
4.054 10.7672
4.055 -10.7706
4.055 10.7706
4.056 -10.774
4.056 10.774
4.057 -10.7774
4.057 10.7774
4.058 -10.7808
4.058 10.7808
4.059 -10.7843
4.059 10.7843
4.06 -10.7877
4.06 10.7877
4.061 -10.7911
4.061 10.7911
4.062 -10.7945
4.062 10.7945
4.063 -10.798
4.063 10.798
4.064 -10.8014
4.064 10.8014
4.065 -10.8048
4.065 10.8048
4.066 -10.8082
4.066 10.8082
4.067 -10.8116
4.067 10.8116
4.068 -10.8151
4.068 10.8151
4.069 -10.8185
4.069 10.8185
4.07 -10.8219
4.07 10.8219
4.071 -10.8253
4.071 10.8253
4.072 -10.8288
4.072 10.8288
4.073 -10.8322
4.073 10.8322
4.074 -10.8356
4.074 10.8356
4.075 -10.839
4.075 10.839
4.076 -10.8425
4.076 10.8425
4.077 -10.8459
4.077 10.8459
4.078 -10.8493
4.078 10.8493
4.079 -10.8527
4.079 10.8527
4.08 -10.8562
4.08 10.8562
4.081 -10.8596
4.081 10.8596
4.082 -10.863
4.082 10.863
4.083 -10.8665
4.083 10.8665
4.084 -10.8699
4.084 10.8699
4.085 -10.8733
4.085 10.8733
4.086 -10.8767
4.086 10.8767
4.087 -10.8802
4.087 10.8802
4.088 -10.8836
4.088 10.8836
4.089 -10.887
4.089 10.887
4.09 -10.8905
4.09 10.8905
4.091 -10.8939
4.091 10.8939
4.092 -10.8973
4.092 10.8973
4.093 -10.9008
4.093 10.9008
4.094 -10.9042
4.094 10.9042
4.095 -10.9076
4.095 10.9076
4.096 -10.9111
4.096 10.9111
4.097 -10.9145
4.097 10.9145
4.098 -10.9179
4.098 10.9179
4.099 -10.9214
4.099 10.9214
4.1 -10.9248
4.1 10.9248
4.101 -10.9282
4.101 10.9282
4.102 -10.9317
4.102 10.9317
4.103 -10.9351
4.103 10.9351
4.104 -10.9385
4.104 10.9385
4.105 -10.942
4.105 10.942
4.106 -10.9454
4.106 10.9454
4.107 -10.9488
4.107 10.9488
4.108 -10.9523
4.108 10.9523
4.109 -10.9557
4.109 10.9557
4.11 -10.9591
4.11 10.9591
4.111 -10.9626
4.111 10.9626
4.112 -10.966
4.112 10.966
4.113 -10.9695
4.113 10.9695
4.114 -10.9729
4.114 10.9729
4.115 -10.9763
4.115 10.9763
4.116 -10.9798
4.116 10.9798
4.117 -10.9832
4.117 10.9832
4.118 -10.9867
4.118 10.9867
4.119 -10.9901
4.119 10.9901
4.12 -10.9935
4.12 10.9935
4.121 -10.997
4.121 10.997
4.122 -11.0004
4.122 11.0004
4.123 -11.0039
4.123 11.0039
4.124 -11.0073
4.124 11.0073
4.125 -11.0107
4.125 11.0107
4.126 -11.0142
4.126 11.0142
4.127 -11.0176
4.127 11.0176
4.128 -11.0211
4.128 11.0211
4.129 -11.0245
4.129 11.0245
4.13 -11.028
4.13 11.028
4.131 -11.0314
4.131 11.0314
4.132 -11.0348
4.132 11.0348
4.133 -11.0383
4.133 11.0383
4.134 -11.0417
4.134 11.0417
4.135 -11.0452
4.135 11.0452
4.136 -11.0486
4.136 11.0486
4.137 -11.0521
4.137 11.0521
4.138 -11.0555
4.138 11.0555
4.139 -11.059
4.139 11.059
4.14 -11.0624
4.14 11.0624
4.141 -11.0658
4.141 11.0658
4.142 -11.0693
4.142 11.0693
4.143 -11.0727
4.143 11.0727
4.144 -11.0762
4.144 11.0762
4.145 -11.0796
4.145 11.0796
4.146 -11.0831
4.146 11.0831
4.147 -11.0865
4.147 11.0865
4.148 -11.09
4.148 11.09
4.149 -11.0934
4.149 11.0934
4.15 -11.0969
4.15 11.0969
4.151 -11.1003
4.151 11.1003
4.152 -11.1038
4.152 11.1038
4.153 -11.1072
4.153 11.1072
4.154 -11.1107
4.154 11.1107
4.155 -11.1141
4.155 11.1141
4.156 -11.1176
4.156 11.1176
4.157 -11.121
4.157 11.121
4.158 -11.1245
4.158 11.1245
4.159 -11.1279
4.159 11.1279
4.16 -11.1314
4.16 11.1314
4.161 -11.1349
4.161 11.1349
4.162 -11.1383
4.162 11.1383
4.163 -11.1418
4.163 11.1418
4.164 -11.1452
4.164 11.1452
4.165 -11.1487
4.165 11.1487
4.166 -11.1521
4.166 11.1521
4.167 -11.1556
4.167 11.1556
4.168 -11.159
4.168 11.159
4.169 -11.1625
4.169 11.1625
4.17 -11.1659
4.17 11.1659
4.171 -11.1694
4.171 11.1694
4.172 -11.1729
4.172 11.1729
4.173 -11.1763
4.173 11.1763
4.174 -11.1798
4.174 11.1798
4.175 -11.1832
4.175 11.1832
4.176 -11.1867
4.176 11.1867
4.177 -11.1902
4.177 11.1902
4.178 -11.1936
4.178 11.1936
4.179 -11.1971
4.179 11.1971
4.18 -11.2005
4.18 11.2005
4.181 -11.204
4.181 11.204
4.182 -11.2074
4.182 11.2074
4.183 -11.2109
4.183 11.2109
4.184 -11.2144
4.184 11.2144
4.185 -11.2178
4.185 11.2178
4.186 -11.2213
4.186 11.2213
4.187 -11.2248
4.187 11.2248
4.188 -11.2282
4.188 11.2282
4.189 -11.2317
4.189 11.2317
4.19 -11.2351
4.19 11.2351
4.191 -11.2386
4.191 11.2386
4.192 -11.2421
4.192 11.2421
4.193 -11.2455
4.193 11.2455
4.194 -11.249
4.194 11.249
4.195 -11.2525
4.195 11.2525
4.196 -11.2559
4.196 11.2559
4.197 -11.2594
4.197 11.2594
4.198 -11.2629
4.198 11.2629
4.199 -11.2663
4.199 11.2663
4.2 -11.2698
4.2 11.2698
4.201 -11.2732
4.201 11.2732
4.202 -11.2767
4.202 11.2767
4.203 -11.2802
4.203 11.2802
4.204 -11.2836
4.204 11.2836
4.205 -11.2871
4.205 11.2871
4.206 -11.2906
4.206 11.2906
4.207 -11.2941
4.207 11.2941
4.208 -11.2975
4.208 11.2975
4.209 -11.301
4.209 11.301
4.21 -11.3045
4.21 11.3045
4.211 -11.3079
4.211 11.3079
4.212 -11.3114
4.212 11.3114
4.213 -11.3149
4.213 11.3149
4.214 -11.3183
4.214 11.3183
4.215 -11.3218
4.215 11.3218
4.216 -11.3253
4.216 11.3253
4.217 -11.3287
4.217 11.3287
4.218 -11.3322
4.218 11.3322
4.219 -11.3357
4.219 11.3357
4.22 -11.3392
4.22 11.3392
4.221 -11.3426
4.221 11.3426
4.222 -11.3461
4.222 11.3461
4.223 -11.3496
4.223 11.3496
4.224 -11.3531
4.224 11.3531
4.225 -11.3565
4.225 11.3565
4.226 -11.36
4.226 11.36
4.227 -11.3635
4.227 11.3635
4.228 -11.367
4.228 11.367
4.229 -11.3704
4.229 11.3704
4.23 -11.3739
4.23 11.3739
4.231 -11.3774
4.231 11.3774
4.232 -11.3809
4.232 11.3809
4.233 -11.3843
4.233 11.3843
4.234 -11.3878
4.234 11.3878
4.235 -11.3913
4.235 11.3913
4.236 -11.3948
4.236 11.3948
4.237 -11.3982
4.237 11.3982
4.238 -11.4017
4.238 11.4017
4.239 -11.4052
4.239 11.4052
4.24 -11.4087
4.24 11.4087
4.241 -11.4122
4.241 11.4122
4.242 -11.4156
4.242 11.4156
4.243 -11.4191
4.243 11.4191
4.244 -11.4226
4.244 11.4226
4.245 -11.4261
4.245 11.4261
4.246 -11.4296
4.246 11.4296
4.247 -11.433
4.247 11.433
4.248 -11.4365
4.248 11.4365
4.249 -11.44
4.249 11.44
4.25 -11.4435
4.25 11.4435
4.251 -11.447
4.251 11.447
4.252 -11.4504
4.252 11.4504
4.253 -11.4539
4.253 11.4539
4.254 -11.4574
4.254 11.4574
4.255 -11.4609
4.255 11.4609
4.256 -11.4644
4.256 11.4644
4.257 -11.4679
4.257 11.4679
4.258 -11.4713
4.258 11.4713
4.259 -11.4748
4.259 11.4748
4.26 -11.4783
4.26 11.4783
4.261 -11.4818
4.261 11.4818
4.262 -11.4853
4.262 11.4853
4.263 -11.4888
4.263 11.4888
4.264 -11.4923
4.264 11.4923
4.265 -11.4957
4.265 11.4957
4.266 -11.4992
4.266 11.4992
4.267 -11.5027
4.267 11.5027
4.268 -11.5062
4.268 11.5062
4.269 -11.5097
4.269 11.5097
4.27 -11.5132
4.27 11.5132
4.271 -11.5167
4.271 11.5167
4.272 -11.5202
4.272 11.5202
4.273 -11.5236
4.273 11.5236
4.274 -11.5271
4.274 11.5271
4.275 -11.5306
4.275 11.5306
4.276 -11.5341
4.276 11.5341
4.277 -11.5376
4.277 11.5376
4.278 -11.5411
4.278 11.5411
4.279 -11.5446
4.279 11.5446
4.28 -11.5481
4.28 11.5481
4.281 -11.5516
4.281 11.5516
4.282 -11.5551
4.282 11.5551
4.283 -11.5585
4.283 11.5585
4.284 -11.562
4.284 11.562
4.285 -11.5655
4.285 11.5655
4.286 -11.569
4.286 11.569
4.287 -11.5725
4.287 11.5725
4.288 -11.576
4.288 11.576
4.289 -11.5795
4.289 11.5795
4.29 -11.583
4.29 11.583
4.291 -11.5865
4.291 11.5865
4.292 -11.59
4.292 11.59
4.293 -11.5935
4.293 11.5935
4.294 -11.597
4.294 11.597
4.295 -11.6005
4.295 11.6005
4.296 -11.604
4.296 11.604
4.297 -11.6075
4.297 11.6075
4.298 -11.611
4.298 11.611
4.299 -11.6145
4.299 11.6145
4.3 -11.618
4.3 11.618
4.301 -11.6215
4.301 11.6215
4.302 -11.625
4.302 11.625
4.303 -11.6285
4.303 11.6285
4.304 -11.632
4.304 11.632
4.305 -11.6355
4.305 11.6355
4.306 -11.639
4.306 11.639
4.307 -11.6425
4.307 11.6425
4.308 -11.646
4.308 11.646
4.309 -11.6495
4.309 11.6495
4.31 -11.653
4.31 11.653
4.311 -11.6565
4.311 11.6565
4.312 -11.66
4.312 11.66
4.313 -11.6635
4.313 11.6635
4.314 -11.667
4.314 11.667
4.315 -11.6705
4.315 11.6705
4.316 -11.674
4.316 11.674
4.317 -11.6775
4.317 11.6775
4.318 -11.681
4.318 11.681
4.319 -11.6845
4.319 11.6845
4.32 -11.688
4.32 11.688
4.321 -11.6915
4.321 11.6915
4.322 -11.695
4.322 11.695
4.323 -11.6985
4.323 11.6985
4.324 -11.702
4.324 11.702
4.325 -11.7055
4.325 11.7055
4.326 -11.709
4.326 11.709
4.327 -11.7125
4.327 11.7125
4.328 -11.716
4.328 11.716
4.329 -11.7195
4.329 11.7195
4.33 -11.723
4.33 11.723
4.331 -11.7265
4.331 11.7265
4.332 -11.73
4.332 11.73
4.333 -11.7336
4.333 11.7336
4.334 -11.7371
4.334 11.7371
4.335 -11.7406
4.335 11.7406
4.336 -11.7441
4.336 11.7441
4.337 -11.7476
4.337 11.7476
4.338 -11.7511
4.338 11.7511
4.339 -11.7546
4.339 11.7546
4.34 -11.7581
4.34 11.7581
4.341 -11.7616
4.341 11.7616
4.342 -11.7651
4.342 11.7651
4.343 -11.7686
4.343 11.7686
4.344 -11.7722
4.344 11.7722
4.345 -11.7757
4.345 11.7757
4.346 -11.7792
4.346 11.7792
4.347 -11.7827
4.347 11.7827
4.348 -11.7862
4.348 11.7862
4.349 -11.7897
4.349 11.7897
4.35 -11.7932
4.35 11.7932
4.351 -11.7967
4.351 11.7967
4.352 -11.8003
4.352 11.8003
4.353 -11.8038
4.353 11.8038
4.354 -11.8073
4.354 11.8073
4.355 -11.8108
4.355 11.8108
4.356 -11.8143
4.356 11.8143
4.357 -11.8178
4.357 11.8178
4.358 -11.8214
4.358 11.8214
4.359 -11.8249
4.359 11.8249
4.36 -11.8284
4.36 11.8284
4.361 -11.8319
4.361 11.8319
4.362 -11.8354
4.362 11.8354
4.363 -11.8389
4.363 11.8389
4.364 -11.8425
4.364 11.8425
4.365 -11.846
4.365 11.846
4.366 -11.8495
4.366 11.8495
4.367 -11.853
4.367 11.853
4.368 -11.8565
4.368 11.8565
4.369 -11.86
4.369 11.86
4.37 -11.8636
4.37 11.8636
4.371 -11.8671
4.371 11.8671
4.372 -11.8706
4.372 11.8706
4.373 -11.8741
4.373 11.8741
4.374 -11.8776
4.374 11.8776
4.375 -11.8812
4.375 11.8812
4.376 -11.8847
4.376 11.8847
4.377 -11.8882
4.377 11.8882
4.378 -11.8917
4.378 11.8917
4.379 -11.8953
4.379 11.8953
4.38 -11.8988
4.38 11.8988
4.381 -11.9023
4.381 11.9023
4.382 -11.9058
4.382 11.9058
4.383 -11.9093
4.383 11.9093
4.384 -11.9129
4.384 11.9129
4.385 -11.9164
4.385 11.9164
4.386 -11.9199
4.386 11.9199
4.387 -11.9234
4.387 11.9234
4.388 -11.927
4.388 11.927
4.389 -11.9305
4.389 11.9305
4.39 -11.934
4.39 11.934
4.391 -11.9375
4.391 11.9375
4.392 -11.9411
4.392 11.9411
4.393 -11.9446
4.393 11.9446
4.394 -11.9481
4.394 11.9481
4.395 -11.9517
4.395 11.9517
4.396 -11.9552
4.396 11.9552
4.397 -11.9587
4.397 11.9587
4.398 -11.9622
4.398 11.9622
4.399 -11.9658
4.399 11.9658
4.4 -11.9693
4.4 11.9693
4.401 -11.9728
4.401 11.9728
4.402 -11.9764
4.402 11.9764
4.403 -11.9799
4.403 11.9799
4.404 -11.9834
4.404 11.9834
4.405 -11.9869
4.405 11.9869
4.406 -11.9905
4.406 11.9905
4.407 -11.994
4.407 11.994
4.408 -11.9975
4.408 11.9975
4.409 -12.0011
4.409 12.0011
4.41 -12.0046
4.41 12.0046
4.411 -12.0081
4.411 12.0081
4.412 -12.0117
4.412 12.0117
4.413 -12.0152
4.413 12.0152
4.414 -12.0187
4.414 12.0187
4.415 -12.0223
4.415 12.0223
4.416 -12.0258
4.416 12.0258
4.417 -12.0293
4.417 12.0293
4.418 -12.0329
4.418 12.0329
4.419 -12.0364
4.419 12.0364
4.42 -12.0399
4.42 12.0399
4.421 -12.0435
4.421 12.0435
4.422 -12.047
4.422 12.047
4.423 -12.0505
4.423 12.0505
4.424 -12.0541
4.424 12.0541
4.425 -12.0576
4.425 12.0576
4.426 -12.0612
4.426 12.0612
4.427 -12.0647
4.427 12.0647
4.428 -12.0682
4.428 12.0682
4.429 -12.0718
4.429 12.0718
4.43 -12.0753
4.43 12.0753
4.431 -12.0788
4.431 12.0788
4.432 -12.0824
4.432 12.0824
4.433 -12.0859
4.433 12.0859
4.434 -12.0895
4.434 12.0895
4.435 -12.093
4.435 12.093
4.436 -12.0965
4.436 12.0965
4.437 -12.1001
4.437 12.1001
4.438 -12.1036
4.438 12.1036
4.439 -12.1072
4.439 12.1072
4.44 -12.1107
4.44 12.1107
4.441 -12.1142
4.441 12.1142
4.442 -12.1178
4.442 12.1178
4.443 -12.1213
4.443 12.1213
4.444 -12.1249
4.444 12.1249
4.445 -12.1284
4.445 12.1284
4.446 -12.132
4.446 12.132
4.447 -12.1355
4.447 12.1355
4.448 -12.139
4.448 12.139
4.449 -12.1426
4.449 12.1426
4.45 -12.1461
4.45 12.1461
4.451 -12.1497
4.451 12.1497
4.452 -12.1532
4.452 12.1532
4.453 -12.1568
4.453 12.1568
4.454 -12.1603
4.454 12.1603
4.455 -12.1639
4.455 12.1639
4.456 -12.1674
4.456 12.1674
4.457 -12.171
4.457 12.171
4.458 -12.1745
4.458 12.1745
4.459 -12.1781
4.459 12.1781
4.46 -12.1816
4.46 12.1816
4.461 -12.1851
4.461 12.1851
4.462 -12.1887
4.462 12.1887
4.463 -12.1922
4.463 12.1922
4.464 -12.1958
4.464 12.1958
4.465 -12.1993
4.465 12.1993
4.466 -12.2029
4.466 12.2029
4.467 -12.2064
4.467 12.2064
4.468 -12.21
4.468 12.21
4.469 -12.2135
4.469 12.2135
4.47 -12.2171
4.47 12.2171
4.471 -12.2206
4.471 12.2206
4.472 -12.2242
4.472 12.2242
4.473 -12.2277
4.473 12.2277
4.474 -12.2313
4.474 12.2313
4.475 -12.2348
4.475 12.2348
4.476 -12.2384
4.476 12.2384
4.477 -12.242
4.477 12.242
4.478 -12.2455
4.478 12.2455
4.479 -12.2491
4.479 12.2491
4.48 -12.2526
4.48 12.2526
4.481 -12.2562
4.481 12.2562
4.482 -12.2597
4.482 12.2597
4.483 -12.2633
4.483 12.2633
4.484 -12.2668
4.484 12.2668
4.485 -12.2704
4.485 12.2704
4.486 -12.2739
4.486 12.2739
4.487 -12.2775
4.487 12.2775
4.488 -12.2811
4.488 12.2811
4.489 -12.2846
4.489 12.2846
4.49 -12.2882
4.49 12.2882
4.491 -12.2917
4.491 12.2917
4.492 -12.2953
4.492 12.2953
4.493 -12.2988
4.493 12.2988
4.494 -12.3024
4.494 12.3024
4.495 -12.306
4.495 12.306
4.496 -12.3095
4.496 12.3095
4.497 -12.3131
4.497 12.3131
4.498 -12.3166
4.498 12.3166
4.499 -12.3202
4.499 12.3202
4.5 -12.3238
4.5 12.3238
4.501 -12.3273
4.501 12.3273
4.502 -12.3309
4.502 12.3309
4.503 -12.3344
4.503 12.3344
4.504 -12.338
4.504 12.338
4.505 -12.3416
4.505 12.3416
4.506 -12.3451
4.506 12.3451
4.507 -12.3487
4.507 12.3487
4.508 -12.3522
4.508 12.3522
4.509 -12.3558
4.509 12.3558
4.51 -12.3594
4.51 12.3594
4.511 -12.3629
4.511 12.3629
4.512 -12.3665
4.512 12.3665
4.513 -12.3701
4.513 12.3701
4.514 -12.3736
4.514 12.3736
4.515 -12.3772
4.515 12.3772
4.516 -12.3808
4.516 12.3808
4.517 -12.3843
4.517 12.3843
4.518 -12.3879
4.518 12.3879
4.519 -12.3915
4.519 12.3915
4.52 -12.395
4.52 12.395
4.521 -12.3986
4.521 12.3986
4.522 -12.4022
4.522 12.4022
4.523 -12.4057
4.523 12.4057
4.524 -12.4093
4.524 12.4093
4.525 -12.4129
4.525 12.4129
4.526 -12.4164
4.526 12.4164
4.527 -12.42
4.527 12.42
4.528 -12.4236
4.528 12.4236
4.529 -12.4271
4.529 12.4271
4.53 -12.4307
4.53 12.4307
4.531 -12.4343
4.531 12.4343
4.532 -12.4378
4.532 12.4378
4.533 -12.4414
4.533 12.4414
4.534 -12.445
4.534 12.445
4.535 -12.4486
4.535 12.4486
4.536 -12.4521
4.536 12.4521
4.537 -12.4557
4.537 12.4557
4.538 -12.4593
4.538 12.4593
4.539 -12.4628
4.539 12.4628
4.54 -12.4664
4.54 12.4664
4.541 -12.47
4.541 12.47
4.542 -12.4736
4.542 12.4736
4.543 -12.4771
4.543 12.4771
4.544 -12.4807
4.544 12.4807
4.545 -12.4843
4.545 12.4843
4.546 -12.4879
4.546 12.4879
4.547 -12.4914
4.547 12.4914
4.548 -12.495
4.548 12.495
4.549 -12.4986
4.549 12.4986
4.55 -12.5022
4.55 12.5022
4.551 -12.5057
4.551 12.5057
4.552 -12.5093
4.552 12.5093
4.553 -12.5129
4.553 12.5129
4.554 -12.5165
4.554 12.5165
4.555 -12.52
4.555 12.52
4.556 -12.5236
4.556 12.5236
4.557 -12.5272
4.557 12.5272
4.558 -12.5308
4.558 12.5308
4.559 -12.5343
4.559 12.5343
4.56 -12.5379
4.56 12.5379
4.561 -12.5415
4.561 12.5415
4.562 -12.5451
4.562 12.5451
4.563 -12.5487
4.563 12.5487
4.564 -12.5522
4.564 12.5522
4.565 -12.5558
4.565 12.5558
4.566 -12.5594
4.566 12.5594
4.567 -12.563
4.567 12.563
4.568 -12.5666
4.568 12.5666
4.569 -12.5701
4.569 12.5701
4.57 -12.5737
4.57 12.5737
4.571 -12.5773
4.571 12.5773
4.572 -12.5809
4.572 12.5809
4.573 -12.5845
4.573 12.5845
4.574 -12.5881
4.574 12.5881
4.575 -12.5916
4.575 12.5916
4.576 -12.5952
4.576 12.5952
4.577 -12.5988
4.577 12.5988
4.578 -12.6024
4.578 12.6024
4.579 -12.606
4.579 12.606
4.58 -12.6096
4.58 12.6096
4.581 -12.6131
4.581 12.6131
4.582 -12.6167
4.582 12.6167
4.583 -12.6203
4.583 12.6203
4.584 -12.6239
4.584 12.6239
4.585 -12.6275
4.585 12.6275
4.586 -12.6311
4.586 12.6311
4.587 -12.6347
4.587 12.6347
4.588 -12.6383
4.588 12.6383
4.589 -12.6418
4.589 12.6418
4.59 -12.6454
4.59 12.6454
4.591 -12.649
4.591 12.649
4.592 -12.6526
4.592 12.6526
4.593 -12.6562
4.593 12.6562
4.594 -12.6598
4.594 12.6598
4.595 -12.6634
4.595 12.6634
4.596 -12.667
4.596 12.667
4.597 -12.6706
4.597 12.6706
4.598 -12.6741
4.598 12.6741
4.599 -12.6777
4.599 12.6777
4.6 -12.6813
4.6 12.6813
4.601 -12.6849
4.601 12.6849
4.602 -12.6885
4.602 12.6885
4.603 -12.6921
4.603 12.6921
4.604 -12.6957
4.604 12.6957
4.605 -12.6993
4.605 12.6993
4.606 -12.7029
4.606 12.7029
4.607 -12.7065
4.607 12.7065
4.608 -12.7101
4.608 12.7101
4.609 -12.7137
4.609 12.7137
4.61 -12.7173
4.61 12.7173
4.611 -12.7208
4.611 12.7208
4.612 -12.7244
4.612 12.7244
4.613 -12.728
4.613 12.728
4.614 -12.7316
4.614 12.7316
4.615 -12.7352
4.615 12.7352
4.616 -12.7388
4.616 12.7388
4.617 -12.7424
4.617 12.7424
4.618 -12.746
4.618 12.746
4.619 -12.7496
4.619 12.7496
4.62 -12.7532
4.62 12.7532
4.621 -12.7568
4.621 12.7568
4.622 -12.7604
4.622 12.7604
4.623 -12.764
4.623 12.764
4.624 -12.7676
4.624 12.7676
4.625 -12.7712
4.625 12.7712
4.626 -12.7748
4.626 12.7748
4.627 -12.7784
4.627 12.7784
4.628 -12.782
4.628 12.782
4.629 -12.7856
4.629 12.7856
4.63 -12.7892
4.63 12.7892
4.631 -12.7928
4.631 12.7928
4.632 -12.7964
4.632 12.7964
4.633 -12.8
4.633 12.8
4.634 -12.8036
4.634 12.8036
4.635 -12.8072
4.635 12.8072
4.636 -12.8108
4.636 12.8108
4.637 -12.8144
4.637 12.8144
4.638 -12.818
4.638 12.818
4.639 -12.8216
4.639 12.8216
4.64 -12.8252
4.64 12.8252
4.641 -12.8288
4.641 12.8288
4.642 -12.8324
4.642 12.8324
4.643 -12.836
4.643 12.836
4.644 -12.8396
4.644 12.8396
4.645 -12.8432
4.645 12.8432
4.646 -12.8468
4.646 12.8468
4.647 -12.8504
4.647 12.8504
4.648 -12.8541
4.648 12.8541
4.649 -12.8577
4.649 12.8577
4.65 -12.8613
4.65 12.8613
4.651 -12.8649
4.651 12.8649
4.652 -12.8685
4.652 12.8685
4.653 -12.8721
4.653 12.8721
4.654 -12.8757
4.654 12.8757
4.655 -12.8793
4.655 12.8793
4.656 -12.8829
4.656 12.8829
4.657 -12.8865
4.657 12.8865
4.658 -12.8901
4.658 12.8901
4.659 -12.8937
4.659 12.8937
4.66 -12.8973
4.66 12.8973
4.661 -12.901
4.661 12.901
4.662 -12.9046
4.662 12.9046
4.663 -12.9082
4.663 12.9082
4.664 -12.9118
4.664 12.9118
4.665 -12.9154
4.665 12.9154
4.666 -12.919
4.666 12.919
4.667 -12.9226
4.667 12.9226
4.668 -12.9262
4.668 12.9262
4.669 -12.9298
4.669 12.9298
4.67 -12.9335
4.67 12.9335
4.671 -12.9371
4.671 12.9371
4.672 -12.9407
4.672 12.9407
4.673 -12.9443
4.673 12.9443
4.674 -12.9479
4.674 12.9479
4.675 -12.9515
4.675 12.9515
4.676 -12.9551
4.676 12.9551
4.677 -12.9588
4.677 12.9588
4.678 -12.9624
4.678 12.9624
4.679 -12.966
4.679 12.966
4.68 -12.9696
4.68 12.9696
4.681 -12.9732
4.681 12.9732
4.682 -12.9768
4.682 12.9768
4.683 -12.9804
4.683 12.9804
4.684 -12.9841
4.684 12.9841
4.685 -12.9877
4.685 12.9877
4.686 -12.9913
4.686 12.9913
4.687 -12.9949
4.687 12.9949
4.688 -12.9985
4.688 12.9985
4.689 -13.0021
4.689 13.0021
4.69 -13.0058
4.69 13.0058
4.691 -13.0094
4.691 13.0094
4.692 -13.013
4.692 13.013
4.693 -13.0166
4.693 13.0166
4.694 -13.0202
4.694 13.0202
4.695 -13.0239
4.695 13.0239
4.696 -13.0275
4.696 13.0275
4.697 -13.0311
4.697 13.0311
4.698 -13.0347
4.698 13.0347
4.699 -13.0383
4.699 13.0383
4.7 -13.042
4.7 13.042
4.701 -13.0456
4.701 13.0456
4.702 -13.0492
4.702 13.0492
4.703 -13.0528
4.703 13.0528
4.704 -13.0565
4.704 13.0565
4.705 -13.0601
4.705 13.0601
4.706 -13.0637
4.706 13.0637
4.707 -13.0673
4.707 13.0673
4.708 -13.071
4.708 13.071
4.709 -13.0746
4.709 13.0746
4.71 -13.0782
4.71 13.0782
4.711 -13.0818
4.711 13.0818
4.712 -13.0855
4.712 13.0855
4.713 -13.0891
4.713 13.0891
4.714 -13.0927
4.714 13.0927
4.715 -13.0963
4.715 13.0963
4.716 -13.1
4.716 13.1
4.717 -13.1036
4.717 13.1036
4.718 -13.1072
4.718 13.1072
4.719 -13.1108
4.719 13.1108
4.72 -13.1145
4.72 13.1145
4.721 -13.1181
4.721 13.1181
4.722 -13.1217
4.722 13.1217
4.723 -13.1254
4.723 13.1254
4.724 -13.129
4.724 13.129
4.725 -13.1326
4.725 13.1326
4.726 -13.1362
4.726 13.1362
4.727 -13.1399
4.727 13.1399
4.728 -13.1435
4.728 13.1435
4.729 -13.1471
4.729 13.1471
4.73 -13.1508
4.73 13.1508
4.731 -13.1544
4.731 13.1544
4.732 -13.158
4.732 13.158
4.733 -13.1617
4.733 13.1617
4.734 -13.1653
4.734 13.1653
4.735 -13.1689
4.735 13.1689
4.736 -13.1726
4.736 13.1726
4.737 -13.1762
4.737 13.1762
4.738 -13.1798
4.738 13.1798
4.739 -13.1835
4.739 13.1835
4.74 -13.1871
4.74 13.1871
4.741 -13.1907
4.741 13.1907
4.742 -13.1944
4.742 13.1944
4.743 -13.198
4.743 13.198
4.744 -13.2016
4.744 13.2016
4.745 -13.2053
4.745 13.2053
4.746 -13.2089
4.746 13.2089
4.747 -13.2125
4.747 13.2125
4.748 -13.2162
4.748 13.2162
4.749 -13.2198
4.749 13.2198
4.75 -13.2234
4.75 13.2234
4.751 -13.2271
4.751 13.2271
4.752 -13.2307
4.752 13.2307
4.753 -13.2344
4.753 13.2344
4.754 -13.238
4.754 13.238
4.755 -13.2416
4.755 13.2416
4.756 -13.2453
4.756 13.2453
4.757 -13.2489
4.757 13.2489
4.758 -13.2525
4.758 13.2525
4.759 -13.2562
4.759 13.2562
4.76 -13.2598
4.76 13.2598
4.761 -13.2635
4.761 13.2635
4.762 -13.2671
4.762 13.2671
4.763 -13.2707
4.763 13.2707
4.764 -13.2744
4.764 13.2744
4.765 -13.278
4.765 13.278
4.766 -13.2817
4.766 13.2817
4.767 -13.2853
4.767 13.2853
4.768 -13.289
4.768 13.289
4.769 -13.2926
4.769 13.2926
4.77 -13.2962
4.77 13.2962
4.771 -13.2999
4.771 13.2999
4.772 -13.3035
4.772 13.3035
4.773 -13.3072
4.773 13.3072
4.774 -13.3108
4.774 13.3108
4.775 -13.3145
4.775 13.3145
4.776 -13.3181
4.776 13.3181
4.777 -13.3218
4.777 13.3218
4.778 -13.3254
4.778 13.3254
4.779 -13.329
4.779 13.329
4.78 -13.3327
4.78 13.3327
4.781 -13.3363
4.781 13.3363
4.782 -13.34
4.782 13.34
4.783 -13.3436
4.783 13.3436
4.784 -13.3473
4.784 13.3473
4.785 -13.3509
4.785 13.3509
4.786 -13.3546
4.786 13.3546
4.787 -13.3582
4.787 13.3582
4.788 -13.3619
4.788 13.3619
4.789 -13.3655
4.789 13.3655
4.79 -13.3692
4.79 13.3692
4.791 -13.3728
4.791 13.3728
4.792 -13.3765
4.792 13.3765
4.793 -13.3801
4.793 13.3801
4.794 -13.3838
4.794 13.3838
4.795 -13.3874
4.795 13.3874
4.796 -13.3911
4.796 13.3911
4.797 -13.3947
4.797 13.3947
4.798 -13.3984
4.798 13.3984
4.799 -13.402
4.799 13.402
4.8 -13.4057
4.8 13.4057
4.801 -13.4093
4.801 13.4093
4.802 -13.413
4.802 13.413
4.803 -13.4166
4.803 13.4166
4.804 -13.4203
4.804 13.4203
4.805 -13.4239
4.805 13.4239
4.806 -13.4276
4.806 13.4276
4.807 -13.4312
4.807 13.4312
4.808 -13.4349
4.808 13.4349
4.809 -13.4386
4.809 13.4386
4.81 -13.4422
4.81 13.4422
4.811 -13.4459
4.811 13.4459
4.812 -13.4495
4.812 13.4495
4.813 -13.4532
4.813 13.4532
4.814 -13.4568
4.814 13.4568
4.815 -13.4605
4.815 13.4605
4.816 -13.4641
4.816 13.4641
4.817 -13.4678
4.817 13.4678
4.818 -13.4715
4.818 13.4715
4.819 -13.4751
4.819 13.4751
4.82 -13.4788
4.82 13.4788
4.821 -13.4824
4.821 13.4824
4.822 -13.4861
4.822 13.4861
4.823 -13.4898
4.823 13.4898
4.824 -13.4934
4.824 13.4934
4.825 -13.4971
4.825 13.4971
4.826 -13.5007
4.826 13.5007
4.827 -13.5044
4.827 13.5044
4.828 -13.5081
4.828 13.5081
4.829 -13.5117
4.829 13.5117
4.83 -13.5154
4.83 13.5154
4.831 -13.519
4.831 13.519
4.832 -13.5227
4.832 13.5227
4.833 -13.5264
4.833 13.5264
4.834 -13.53
4.834 13.53
4.835 -13.5337
4.835 13.5337
4.836 -13.5373
4.836 13.5373
4.837 -13.541
4.837 13.541
4.838 -13.5447
4.838 13.5447
4.839 -13.5483
4.839 13.5483
4.84 -13.552
4.84 13.552
4.841 -13.5557
4.841 13.5557
4.842 -13.5593
4.842 13.5593
4.843 -13.563
4.843 13.563
4.844 -13.5667
4.844 13.5667
4.845 -13.5703
4.845 13.5703
4.846 -13.574
4.846 13.574
4.847 -13.5777
4.847 13.5777
4.848 -13.5813
4.848 13.5813
4.849 -13.585
4.849 13.585
4.85 -13.5887
4.85 13.5887
4.851 -13.5923
4.851 13.5923
4.852 -13.596
4.852 13.596
4.853 -13.5997
4.853 13.5997
4.854 -13.6033
4.854 13.6033
4.855 -13.607
4.855 13.607
4.856 -13.6107
4.856 13.6107
4.857 -13.6143
4.857 13.6143
4.858 -13.618
4.858 13.618
4.859 -13.6217
4.859 13.6217
4.86 -13.6253
4.86 13.6253
4.861 -13.629
4.861 13.629
4.862 -13.6327
4.862 13.6327
4.863 -13.6364
4.863 13.6364
4.864 -13.64
4.864 13.64
4.865 -13.6437
4.865 13.6437
4.866 -13.6474
4.866 13.6474
4.867 -13.651
4.867 13.651
4.868 -13.6547
4.868 13.6547
4.869 -13.6584
4.869 13.6584
4.87 -13.6621
4.87 13.6621
4.871 -13.6657
4.871 13.6657
4.872 -13.6694
4.872 13.6694
4.873 -13.6731
4.873 13.6731
4.874 -13.6768
4.874 13.6768
4.875 -13.6804
4.875 13.6804
4.876 -13.6841
4.876 13.6841
4.877 -13.6878
4.877 13.6878
4.878 -13.6915
4.878 13.6915
4.879 -13.6951
4.879 13.6951
4.88 -13.6988
4.88 13.6988
4.881 -13.7025
4.881 13.7025
4.882 -13.7062
4.882 13.7062
4.883 -13.7098
4.883 13.7098
4.884 -13.7135
4.884 13.7135
4.885 -13.7172
4.885 13.7172
4.886 -13.7209
4.886 13.7209
4.887 -13.7246
4.887 13.7246
4.888 -13.7282
4.888 13.7282
4.889 -13.7319
4.889 13.7319
4.89 -13.7356
4.89 13.7356
4.891 -13.7393
4.891 13.7393
4.892 -13.743
4.892 13.743
4.893 -13.7466
4.893 13.7466
4.894 -13.7503
4.894 13.7503
4.895 -13.754
4.895 13.754
4.896 -13.7577
4.896 13.7577
4.897 -13.7614
4.897 13.7614
4.898 -13.765
4.898 13.765
4.899 -13.7687
4.899 13.7687
4.9 -13.7724
4.9 13.7724
4.901 -13.7761
4.901 13.7761
4.902 -13.7798
4.902 13.7798
4.903 -13.7834
4.903 13.7834
4.904 -13.7871
4.904 13.7871
4.905 -13.7908
4.905 13.7908
4.906 -13.7945
4.906 13.7945
4.907 -13.7982
4.907 13.7982
4.908 -13.8019
4.908 13.8019
4.909 -13.8056
4.909 13.8056
4.91 -13.8092
4.91 13.8092
4.911 -13.8129
4.911 13.8129
4.912 -13.8166
4.912 13.8166
4.913 -13.8203
4.913 13.8203
4.914 -13.824
4.914 13.824
4.915 -13.8277
4.915 13.8277
4.916 -13.8314
4.916 13.8314
4.917 -13.835
4.917 13.835
4.918 -13.8387
4.918 13.8387
4.919 -13.8424
4.919 13.8424
4.92 -13.8461
4.92 13.8461
4.921 -13.8498
4.921 13.8498
4.922 -13.8535
4.922 13.8535
4.923 -13.8572
4.923 13.8572
4.924 -13.8609
4.924 13.8609
4.925 -13.8646
4.925 13.8646
4.926 -13.8682
4.926 13.8682
4.927 -13.8719
4.927 13.8719
4.928 -13.8756
4.928 13.8756
4.929 -13.8793
4.929 13.8793
4.93 -13.883
4.93 13.883
4.931 -13.8867
4.931 13.8867
4.932 -13.8904
4.932 13.8904
4.933 -13.8941
4.933 13.8941
4.934 -13.8978
4.934 13.8978
4.935 -13.9015
4.935 13.9015
4.936 -13.9052
4.936 13.9052
4.937 -13.9089
4.937 13.9089
4.938 -13.9125
4.938 13.9125
4.939 -13.9162
4.939 13.9162
4.94 -13.9199
4.94 13.9199
4.941 -13.9236
4.941 13.9236
4.942 -13.9273
4.942 13.9273
4.943 -13.931
4.943 13.931
4.944 -13.9347
4.944 13.9347
4.945 -13.9384
4.945 13.9384
4.946 -13.9421
4.946 13.9421
4.947 -13.9458
4.947 13.9458
4.948 -13.9495
4.948 13.9495
4.949 -13.9532
4.949 13.9532
4.95 -13.9569
4.95 13.9569
4.951 -13.9606
4.951 13.9606
4.952 -13.9643
4.952 13.9643
4.953 -13.968
4.953 13.968
4.954 -13.9717
4.954 13.9717
4.955 -13.9754
4.955 13.9754
4.956 -13.9791
4.956 13.9791
4.957 -13.9828
4.957 13.9828
4.958 -13.9865
4.958 13.9865
4.959 -13.9902
4.959 13.9902
4.96 -13.9939
4.96 13.9939
4.961 -13.9976
4.961 13.9976
4.962 -14.0013
4.962 14.0013
4.963 -14.005
4.963 14.005
4.964 -14.0087
4.964 14.0087
4.965 -14.0124
4.965 14.0124
4.966 -14.0161
4.966 14.0161
4.967 -14.0198
4.967 14.0198
4.968 -14.0235
4.968 14.0235
4.969 -14.0272
4.969 14.0272
4.97 -14.0309
4.97 14.0309
4.971 -14.0346
4.971 14.0346
4.972 -14.0383
4.972 14.0383
4.973 -14.042
4.973 14.042
4.974 -14.0457
4.974 14.0457
4.975 -14.0494
4.975 14.0494
4.976 -14.0531
4.976 14.0531
4.977 -14.0568
4.977 14.0568
4.978 -14.0605
4.978 14.0605
4.979 -14.0642
4.979 14.0642
4.98 -14.0679
4.98 14.0679
4.981 -14.0717
4.981 14.0717
4.982 -14.0754
4.982 14.0754
4.983 -14.0791
4.983 14.0791
4.984 -14.0828
4.984 14.0828
4.985 -14.0865
4.985 14.0865
4.986 -14.0902
4.986 14.0902
4.987 -14.0939
4.987 14.0939
4.988 -14.0976
4.988 14.0976
4.989 -14.1013
4.989 14.1013
4.99 -14.105
4.99 14.105
4.991 -14.1087
4.991 14.1087
4.992 -14.1124
4.992 14.1124
4.993 -14.1162
4.993 14.1162
4.994 -14.1199
4.994 14.1199
4.995 -14.1236
4.995 14.1236
4.996 -14.1273
4.996 14.1273
4.997 -14.131
4.997 14.131
4.998 -14.1347
4.998 14.1347
4.999 -14.1384
4.999 14.1384
5 -14.1421
5 14.1421
5.001 -14.1458
5.001 14.1458
5.002 -14.1496
5.002 14.1496
5.003 -14.1533
5.003 14.1533
5.004 -14.157
5.004 14.157
5.005 -14.1607
5.005 14.1607
5.006 -14.1644
5.006 14.1644
5.007 -14.1681
5.007 14.1681
5.008 -14.1718
5.008 14.1718
5.009 -14.1756
5.009 14.1756
5.01 -14.1793
5.01 14.1793
5.011 -14.183
5.011 14.183
5.012 -14.1867
5.012 14.1867
5.013 -14.1904
5.013 14.1904
5.014 -14.1941
5.014 14.1941
5.015 -14.1979
5.015 14.1979
5.016 -14.2016
5.016 14.2016
5.017 -14.2053
5.017 14.2053
5.018 -14.209
5.018 14.209
5.019 -14.2127
5.019 14.2127
5.02 -14.2164
5.02 14.2164
5.021 -14.2202
5.021 14.2202
5.022 -14.2239
5.022 14.2239
5.023 -14.2276
5.023 14.2276
5.024 -14.2313
5.024 14.2313
5.025 -14.235
5.025 14.235
5.026 -14.2388
5.026 14.2388
5.027 -14.2425
5.027 14.2425
5.028 -14.2462
5.028 14.2462
5.029 -14.2499
5.029 14.2499
5.03 -14.2536
5.03 14.2536
5.031 -14.2574
5.031 14.2574
5.032 -14.2611
5.032 14.2611
5.033 -14.2648
5.033 14.2648
5.034 -14.2685
5.034 14.2685
5.035 -14.2722
5.035 14.2722
5.036 -14.276
5.036 14.276
5.037 -14.2797
5.037 14.2797
5.038 -14.2834
5.038 14.2834
5.039 -14.2871
5.039 14.2871
5.04 -14.2909
5.04 14.2909
5.041 -14.2946
5.041 14.2946
5.042 -14.2983
5.042 14.2983
5.043 -14.302
5.043 14.302
5.044 -14.3058
5.044 14.3058
5.045 -14.3095
5.045 14.3095
5.046 -14.3132
5.046 14.3132
5.047 -14.3169
5.047 14.3169
5.048 -14.3207
5.048 14.3207
5.049 -14.3244
5.049 14.3244
5.05 -14.3281
5.05 14.3281
5.051 -14.3319
5.051 14.3319
5.052 -14.3356
5.052 14.3356
5.053 -14.3393
5.053 14.3393
5.054 -14.343
5.054 14.343
5.055 -14.3468
5.055 14.3468
5.056 -14.3505
5.056 14.3505
5.057 -14.3542
5.057 14.3542
5.058 -14.358
5.058 14.358
5.059 -14.3617
5.059 14.3617
5.06 -14.3654
5.06 14.3654
5.061 -14.3691
5.061 14.3691
5.062 -14.3729
5.062 14.3729
5.063 -14.3766
5.063 14.3766
5.064 -14.3803
5.064 14.3803
5.065 -14.3841
5.065 14.3841
5.066 -14.3878
5.066 14.3878
5.067 -14.3915
5.067 14.3915
5.068 -14.3953
5.068 14.3953
5.069 -14.399
5.069 14.399
5.07 -14.4027
5.07 14.4027
5.071 -14.4065
5.071 14.4065
5.072 -14.4102
5.072 14.4102
5.073 -14.4139
5.073 14.4139
5.074 -14.4177
5.074 14.4177
5.075 -14.4214
5.075 14.4214
5.076 -14.4251
5.076 14.4251
5.077 -14.4289
5.077 14.4289
5.078 -14.4326
5.078 14.4326
5.079 -14.4363
5.079 14.4363
5.08 -14.4401
5.08 14.4401
5.081 -14.4438
5.081 14.4438
5.082 -14.4475
5.082 14.4475
5.083 -14.4513
5.083 14.4513
5.084 -14.455
5.084 14.455
5.085 -14.4588
5.085 14.4588
5.086 -14.4625
5.086 14.4625
5.087 -14.4662
5.087 14.4662
5.088 -14.47
5.088 14.47
5.089 -14.4737
5.089 14.4737
5.09 -14.4774
5.09 14.4774
5.091 -14.4812
5.091 14.4812
5.092 -14.4849
5.092 14.4849
5.093 -14.4887
5.093 14.4887
5.094 -14.4924
5.094 14.4924
5.095 -14.4961
5.095 14.4961
5.096 -14.4999
5.096 14.4999
5.097 -14.5036
5.097 14.5036
5.098 -14.5074
5.098 14.5074
5.099 -14.5111
5.099 14.5111
5.1 -14.5149
5.1 14.5149
5.101 -14.5186
5.101 14.5186
5.102 -14.5223
5.102 14.5223
5.103 -14.5261
5.103 14.5261
5.104 -14.5298
5.104 14.5298
5.105 -14.5336
5.105 14.5336
5.106 -14.5373
5.106 14.5373
5.107 -14.5411
5.107 14.5411
5.108 -14.5448
5.108 14.5448
5.109 -14.5485
5.109 14.5485
5.11 -14.5523
5.11 14.5523
5.111 -14.556
5.111 14.556
5.112 -14.5598
5.112 14.5598
5.113 -14.5635
5.113 14.5635
5.114 -14.5673
5.114 14.5673
5.115 -14.571
5.115 14.571
5.116 -14.5748
5.116 14.5748
5.117 -14.5785
5.117 14.5785
5.118 -14.5823
5.118 14.5823
5.119 -14.586
5.119 14.586
5.12 -14.5898
5.12 14.5898
5.121 -14.5935
5.121 14.5935
5.122 -14.5973
5.122 14.5973
5.123 -14.601
5.123 14.601
5.124 -14.6047
5.124 14.6047
5.125 -14.6085
5.125 14.6085
5.126 -14.6122
5.126 14.6122
5.127 -14.616
5.127 14.616
5.128 -14.6197
5.128 14.6197
5.129 -14.6235
5.129 14.6235
5.13 -14.6272
5.13 14.6272
5.131 -14.631
5.131 14.631
5.132 -14.6348
5.132 14.6348
5.133 -14.6385
5.133 14.6385
5.134 -14.6423
5.134 14.6423
5.135 -14.646
5.135 14.646
5.136 -14.6498
5.136 14.6498
5.137 -14.6535
5.137 14.6535
5.138 -14.6573
5.138 14.6573
5.139 -14.661
5.139 14.661
5.14 -14.6648
5.14 14.6648
5.141 -14.6685
5.141 14.6685
5.142 -14.6723
5.142 14.6723
5.143 -14.676
5.143 14.676
5.144 -14.6798
5.144 14.6798
5.145 -14.6835
5.145 14.6835
5.146 -14.6873
5.146 14.6873
5.147 -14.6911
5.147 14.6911
5.148 -14.6948
5.148 14.6948
5.149 -14.6986
5.149 14.6986
5.15 -14.7023
5.15 14.7023
5.151 -14.7061
5.151 14.7061
5.152 -14.7098
5.152 14.7098
5.153 -14.7136
5.153 14.7136
5.154 -14.7174
5.154 14.7174
5.155 -14.7211
5.155 14.7211
5.156 -14.7249
5.156 14.7249
5.157 -14.7286
5.157 14.7286
5.158 -14.7324
5.158 14.7324
5.159 -14.7361
5.159 14.7361
5.16 -14.7399
5.16 14.7399
5.161 -14.7437
5.161 14.7437
5.162 -14.7474
5.162 14.7474
5.163 -14.7512
5.163 14.7512
5.164 -14.7549
5.164 14.7549
5.165 -14.7587
5.165 14.7587
5.166 -14.7625
5.166 14.7625
5.167 -14.7662
5.167 14.7662
5.168 -14.77
5.168 14.77
5.169 -14.7738
5.169 14.7738
5.17 -14.7775
5.17 14.7775
5.171 -14.7813
5.171 14.7813
5.172 -14.785
5.172 14.785
5.173 -14.7888
5.173 14.7888
5.174 -14.7926
5.174 14.7926
5.175 -14.7963
5.175 14.7963
5.176 -14.8001
5.176 14.8001
5.177 -14.8039
5.177 14.8039
5.178 -14.8076
5.178 14.8076
5.179 -14.8114
5.179 14.8114
5.18 -14.8152
5.18 14.8152
5.181 -14.8189
5.181 14.8189
5.182 -14.8227
5.182 14.8227
5.183 -14.8265
5.183 14.8265
5.184 -14.8302
5.184 14.8302
5.185 -14.834
5.185 14.834
5.186 -14.8378
5.186 14.8378
5.187 -14.8415
5.187 14.8415
5.188 -14.8453
5.188 14.8453
5.189 -14.8491
5.189 14.8491
5.19 -14.8528
5.19 14.8528
5.191 -14.8566
5.191 14.8566
5.192 -14.8604
5.192 14.8604
5.193 -14.8641
5.193 14.8641
5.194 -14.8679
5.194 14.8679
5.195 -14.8717
5.195 14.8717
5.196 -14.8755
5.196 14.8755
5.197 -14.8792
5.197 14.8792
5.198 -14.883
5.198 14.883
5.199 -14.8868
5.199 14.8868
5.2 -14.8905
5.2 14.8905
5.201 -14.8943
5.201 14.8943
5.202 -14.8981
5.202 14.8981
5.203 -14.9018
5.203 14.9018
5.204 -14.9056
5.204 14.9056
5.205 -14.9094
5.205 14.9094
5.206 -14.9132
5.206 14.9132
5.207 -14.9169
5.207 14.9169
5.208 -14.9207
5.208 14.9207
5.209 -14.9245
5.209 14.9245
5.21 -14.9283
5.21 14.9283
5.211 -14.932
5.211 14.932
5.212 -14.9358
5.212 14.9358
5.213 -14.9396
5.213 14.9396
5.214 -14.9434
5.214 14.9434
5.215 -14.9471
5.215 14.9471
5.216 -14.9509
5.216 14.9509
5.217 -14.9547
5.217 14.9547
5.218 -14.9585
5.218 14.9585
5.219 -14.9622
5.219 14.9622
5.22 -14.966
5.22 14.966
5.221 -14.9698
5.221 14.9698
5.222 -14.9736
5.222 14.9736
5.223 -14.9774
5.223 14.9774
5.224 -14.9811
5.224 14.9811
5.225 -14.9849
5.225 14.9849
5.226 -14.9887
5.226 14.9887
5.227 -14.9925
5.227 14.9925
5.228 -14.9963
5.228 14.9963
5.229 -15
5.229 15
5.23 -15.0038
5.23 15.0038
5.231 -15.0076
5.231 15.0076
5.232 -15.0114
5.232 15.0114
5.233 -15.0152
5.233 15.0152
5.234 -15.0189
5.234 15.0189
5.235 -15.0227
5.235 15.0227
5.236 -15.0265
5.236 15.0265
5.237 -15.0303
5.237 15.0303
5.238 -15.0341
5.238 15.0341
5.239 -15.0378
5.239 15.0378
5.24 -15.0416
5.24 15.0416
5.241 -15.0454
5.241 15.0454
5.242 -15.0492
5.242 15.0492
5.243 -15.053
5.243 15.053
5.244 -15.0568
5.244 15.0568
5.245 -15.0605
5.245 15.0605
5.246 -15.0643
5.246 15.0643
5.247 -15.0681
5.247 15.0681
5.248 -15.0719
5.248 15.0719
5.249 -15.0757
5.249 15.0757
5.25 -15.0795
5.25 15.0795
5.251 -15.0833
5.251 15.0833
5.252 -15.087
5.252 15.087
5.253 -15.0908
5.253 15.0908
5.254 -15.0946
5.254 15.0946
5.255 -15.0984
5.255 15.0984
5.256 -15.1022
5.256 15.1022
5.257 -15.106
5.257 15.106
5.258 -15.1098
5.258 15.1098
5.259 -15.1136
5.259 15.1136
5.26 -15.1174
5.26 15.1174
5.261 -15.1211
5.261 15.1211
5.262 -15.1249
5.262 15.1249
5.263 -15.1287
5.263 15.1287
5.264 -15.1325
5.264 15.1325
5.265 -15.1363
5.265 15.1363
5.266 -15.1401
5.266 15.1401
5.267 -15.1439
5.267 15.1439
5.268 -15.1477
5.268 15.1477
5.269 -15.1515
5.269 15.1515
5.27 -15.1553
5.27 15.1553
5.271 -15.1591
5.271 15.1591
5.272 -15.1628
5.272 15.1628
5.273 -15.1666
5.273 15.1666
5.274 -15.1704
5.274 15.1704
5.275 -15.1742
5.275 15.1742
5.276 -15.178
5.276 15.178
5.277 -15.1818
5.277 15.1818
5.278 -15.1856
5.278 15.1856
5.279 -15.1894
5.279 15.1894
5.28 -15.1932
5.28 15.1932
5.281 -15.197
5.281 15.197
5.282 -15.2008
5.282 15.2008
5.283 -15.2046
5.283 15.2046
5.284 -15.2084
5.284 15.2084
5.285 -15.2122
5.285 15.2122
5.286 -15.216
5.286 15.216
5.287 -15.2198
5.287 15.2198
5.288 -15.2236
5.288 15.2236
5.289 -15.2274
5.289 15.2274
5.29 -15.2312
5.29 15.2312
5.291 -15.235
5.291 15.235
5.292 -15.2388
5.292 15.2388
5.293 -15.2426
5.293 15.2426
5.294 -15.2464
5.294 15.2464
5.295 -15.2502
5.295 15.2502
5.296 -15.254
5.296 15.254
5.297 -15.2578
5.297 15.2578
5.298 -15.2616
5.298 15.2616
5.299 -15.2654
5.299 15.2654
5.3 -15.2692
5.3 15.2692
5.301 -15.273
5.301 15.273
5.302 -15.2768
5.302 15.2768
5.303 -15.2806
5.303 15.2806
5.304 -15.2844
5.304 15.2844
5.305 -15.2882
5.305 15.2882
5.306 -15.292
5.306 15.292
5.307 -15.2958
5.307 15.2958
5.308 -15.2996
5.308 15.2996
5.309 -15.3034
5.309 15.3034
5.31 -15.3072
5.31 15.3072
5.311 -15.311
5.311 15.311
5.312 -15.3148
5.312 15.3148
5.313 -15.3186
5.313 15.3186
5.314 -15.3224
5.314 15.3224
5.315 -15.3262
5.315 15.3262
5.316 -15.33
5.316 15.33
5.317 -15.3338
5.317 15.3338
5.318 -15.3376
5.318 15.3376
5.319 -15.3414
5.319 15.3414
5.32 -15.3452
5.32 15.3452
5.321 -15.349
5.321 15.349
5.322 -15.3528
5.322 15.3528
5.323 -15.3566
5.323 15.3566
5.324 -15.3605
5.324 15.3605
5.325 -15.3643
5.325 15.3643
5.326 -15.3681
5.326 15.3681
5.327 -15.3719
5.327 15.3719
5.328 -15.3757
5.328 15.3757
5.329 -15.3795
5.329 15.3795
5.33 -15.3833
5.33 15.3833
5.331 -15.3871
5.331 15.3871
5.332 -15.3909
5.332 15.3909
5.333 -15.3947
5.333 15.3947
5.334 -15.3985
5.334 15.3985
5.335 -15.4024
5.335 15.4024
5.336 -15.4062
5.336 15.4062
5.337 -15.41
5.337 15.41
5.338 -15.4138
5.338 15.4138
5.339 -15.4176
5.339 15.4176
5.34 -15.4214
5.34 15.4214
5.341 -15.4252
5.341 15.4252
5.342 -15.429
5.342 15.429
5.343 -15.4329
5.343 15.4329
5.344 -15.4367
5.344 15.4367
5.345 -15.4405
5.345 15.4405
5.346 -15.4443
5.346 15.4443
5.347 -15.4481
5.347 15.4481
5.348 -15.4519
5.348 15.4519
5.349 -15.4557
5.349 15.4557
5.35 -15.4596
5.35 15.4596
5.351 -15.4634
5.351 15.4634
5.352 -15.4672
5.352 15.4672
5.353 -15.471
5.353 15.471
5.354 -15.4748
5.354 15.4748
5.355 -15.4786
5.355 15.4786
5.356 -15.4825
5.356 15.4825
5.357 -15.4863
5.357 15.4863
5.358 -15.4901
5.358 15.4901
5.359 -15.4939
5.359 15.4939
5.36 -15.4977
5.36 15.4977
5.361 -15.5015
5.361 15.5015
5.362 -15.5054
5.362 15.5054
5.363 -15.5092
5.363 15.5092
5.364 -15.513
5.364 15.513
5.365 -15.5168
5.365 15.5168
5.366 -15.5206
5.366 15.5206
5.367 -15.5245
5.367 15.5245
5.368 -15.5283
5.368 15.5283
5.369 -15.5321
5.369 15.5321
5.37 -15.5359
5.37 15.5359
5.371 -15.5397
5.371 15.5397
5.372 -15.5436
5.372 15.5436
5.373 -15.5474
5.373 15.5474
5.374 -15.5512
5.374 15.5512
5.375 -15.555
5.375 15.555
5.376 -15.5589
5.376 15.5589
5.377 -15.5627
5.377 15.5627
5.378 -15.5665
5.378 15.5665
5.379 -15.5703
5.379 15.5703
5.38 -15.5741
5.38 15.5741
5.381 -15.578
5.381 15.578
5.382 -15.5818
5.382 15.5818
5.383 -15.5856
5.383 15.5856
5.384 -15.5894
5.384 15.5894
5.385 -15.5933
5.385 15.5933
5.386 -15.5971
5.386 15.5971
5.387 -15.6009
5.387 15.6009
5.388 -15.6047
5.388 15.6047
5.389 -15.6086
5.389 15.6086
5.39 -15.6124
5.39 15.6124
5.391 -15.6162
5.391 15.6162
5.392 -15.6201
5.392 15.6201
5.393 -15.6239
5.393 15.6239
5.394 -15.6277
5.394 15.6277
5.395 -15.6315
5.395 15.6315
5.396 -15.6354
5.396 15.6354
5.397 -15.6392
5.397 15.6392
5.398 -15.643
5.398 15.643
5.399 -15.6469
5.399 15.6469
5.4 -15.6507
5.4 15.6507
5.401 -15.6545
5.401 15.6545
5.402 -15.6583
5.402 15.6583
5.403 -15.6622
5.403 15.6622
5.404 -15.666
5.404 15.666
5.405 -15.6698
5.405 15.6698
5.406 -15.6737
5.406 15.6737
5.407 -15.6775
5.407 15.6775
5.408 -15.6813
5.408 15.6813
5.409 -15.6852
5.409 15.6852
5.41 -15.689
5.41 15.689
5.411 -15.6928
5.411 15.6928
5.412 -15.6967
5.412 15.6967
5.413 -15.7005
5.413 15.7005
5.414 -15.7043
5.414 15.7043
5.415 -15.7082
5.415 15.7082
5.416 -15.712
5.416 15.712
5.417 -15.7158
5.417 15.7158
5.418 -15.7197
5.418 15.7197
5.419 -15.7235
5.419 15.7235
5.42 -15.7273
5.42 15.7273
5.421 -15.7312
5.421 15.7312
5.422 -15.735
5.422 15.735
5.423 -15.7389
5.423 15.7389
5.424 -15.7427
5.424 15.7427
5.425 -15.7465
5.425 15.7465
5.426 -15.7504
5.426 15.7504
5.427 -15.7542
5.427 15.7542
5.428 -15.758
5.428 15.758
5.429 -15.7619
5.429 15.7619
5.43 -15.7657
5.43 15.7657
5.431 -15.7696
5.431 15.7696
5.432 -15.7734
5.432 15.7734
5.433 -15.7772
5.433 15.7772
5.434 -15.7811
5.434 15.7811
5.435 -15.7849
5.435 15.7849
5.436 -15.7887
5.436 15.7887
5.437 -15.7926
5.437 15.7926
5.438 -15.7964
5.438 15.7964
5.439 -15.8003
5.439 15.8003
5.44 -15.8041
5.44 15.8041
5.441 -15.808
5.441 15.808
5.442 -15.8118
5.442 15.8118
5.443 -15.8156
5.443 15.8156
5.444 -15.8195
5.444 15.8195
5.445 -15.8233
5.445 15.8233
5.446 -15.8272
5.446 15.8272
5.447 -15.831
5.447 15.831
5.448 -15.8349
5.448 15.8349
5.449 -15.8387
5.449 15.8387
5.45 -15.8425
5.45 15.8425
5.451 -15.8464
5.451 15.8464
5.452 -15.8502
5.452 15.8502
5.453 -15.8541
5.453 15.8541
5.454 -15.8579
5.454 15.8579
5.455 -15.8618
5.455 15.8618
5.456 -15.8656
5.456 15.8656
5.457 -15.8695
5.457 15.8695
5.458 -15.8733
5.458 15.8733
5.459 -15.8772
5.459 15.8772
5.46 -15.881
5.46 15.881
5.461 -15.8848
5.461 15.8848
5.462 -15.8887
5.462 15.8887
5.463 -15.8925
5.463 15.8925
5.464 -15.8964
5.464 15.8964
5.465 -15.9002
5.465 15.9002
5.466 -15.9041
5.466 15.9041
5.467 -15.9079
5.467 15.9079
5.468 -15.9118
5.468 15.9118
5.469 -15.9156
5.469 15.9156
5.47 -15.9195
5.47 15.9195
5.471 -15.9233
5.471 15.9233
5.472 -15.9272
5.472 15.9272
5.473 -15.931
5.473 15.931
5.474 -15.9349
5.474 15.9349
5.475 -15.9387
5.475 15.9387
5.476 -15.9426
5.476 15.9426
5.477 -15.9464
5.477 15.9464
5.478 -15.9503
5.478 15.9503
5.479 -15.9541
5.479 15.9541
5.48 -15.958
5.48 15.958
5.481 -15.9619
5.481 15.9619
5.482 -15.9657
5.482 15.9657
5.483 -15.9696
5.483 15.9696
5.484 -15.9734
5.484 15.9734
5.485 -15.9773
5.485 15.9773
5.486 -15.9811
5.486 15.9811
5.487 -15.985
5.487 15.985
5.488 -15.9888
5.488 15.9888
5.489 -15.9927
5.489 15.9927
5.49 -15.9965
5.49 15.9965
5.491 -16.0004
5.491 16.0004
5.492 -16.0043
5.492 16.0043
5.493 -16.0081
5.493 16.0081
5.494 -16.012
5.494 16.012
5.495 -16.0158
5.495 16.0158
5.496 -16.0197
5.496 16.0197
5.497 -16.0235
5.497 16.0235
5.498 -16.0274
5.498 16.0274
5.499 -16.0313
5.499 16.0313
5.5 -16.0351
5.5 16.0351
5.501 -16.039
5.501 16.039
5.502 -16.0428
5.502 16.0428
5.503 -16.0467
5.503 16.0467
5.504 -16.0506
5.504 16.0506
5.505 -16.0544
5.505 16.0544
5.506 -16.0583
5.506 16.0583
5.507 -16.0621
5.507 16.0621
5.508 -16.066
5.508 16.066
5.509 -16.0699
5.509 16.0699
5.51 -16.0737
5.51 16.0737
5.511 -16.0776
5.511 16.0776
5.512 -16.0814
5.512 16.0814
5.513 -16.0853
5.513 16.0853
5.514 -16.0892
5.514 16.0892
5.515 -16.093
5.515 16.093
5.516 -16.0969
5.516 16.0969
5.517 -16.1008
5.517 16.1008
5.518 -16.1046
5.518 16.1046
5.519 -16.1085
5.519 16.1085
5.52 -16.1123
5.52 16.1123
5.521 -16.1162
5.521 16.1162
5.522 -16.1201
5.522 16.1201
5.523 -16.1239
5.523 16.1239
5.524 -16.1278
5.524 16.1278
5.525 -16.1317
5.525 16.1317
5.526 -16.1355
5.526 16.1355
5.527 -16.1394
5.527 16.1394
5.528 -16.1433
5.528 16.1433
5.529 -16.1471
5.529 16.1471
5.53 -16.151
5.53 16.151
5.531 -16.1549
5.531 16.1549
5.532 -16.1587
5.532 16.1587
5.533 -16.1626
5.533 16.1626
5.534 -16.1665
5.534 16.1665
5.535 -16.1703
5.535 16.1703
5.536 -16.1742
5.536 16.1742
5.537 -16.1781
5.537 16.1781
5.538 -16.182
5.538 16.182
5.539 -16.1858
5.539 16.1858
5.54 -16.1897
5.54 16.1897
5.541 -16.1936
5.541 16.1936
5.542 -16.1974
5.542 16.1974
5.543 -16.2013
5.543 16.2013
5.544 -16.2052
5.544 16.2052
5.545 -16.2091
5.545 16.2091
5.546 -16.2129
5.546 16.2129
5.547 -16.2168
5.547 16.2168
5.548 -16.2207
5.548 16.2207
5.549 -16.2245
5.549 16.2245
5.55 -16.2284
5.55 16.2284
5.551 -16.2323
5.551 16.2323
5.552 -16.2362
5.552 16.2362
5.553 -16.24
5.553 16.24
5.554 -16.2439
5.554 16.2439
5.555 -16.2478
5.555 16.2478
5.556 -16.2517
5.556 16.2517
5.557 -16.2555
5.557 16.2555
5.558 -16.2594
5.558 16.2594
5.559 -16.2633
5.559 16.2633
5.56 -16.2672
5.56 16.2672
5.561 -16.271
5.561 16.271
5.562 -16.2749
5.562 16.2749
5.563 -16.2788
5.563 16.2788
5.564 -16.2827
5.564 16.2827
5.565 -16.2865
5.565 16.2865
5.566 -16.2904
5.566 16.2904
5.567 -16.2943
5.567 16.2943
5.568 -16.2982
5.568 16.2982
5.569 -16.3021
5.569 16.3021
5.57 -16.3059
5.57 16.3059
5.571 -16.3098
5.571 16.3098
5.572 -16.3137
5.572 16.3137
5.573 -16.3176
5.573 16.3176
5.574 -16.3214
5.574 16.3214
5.575 -16.3253
5.575 16.3253
5.576 -16.3292
5.576 16.3292
5.577 -16.3331
5.577 16.3331
5.578 -16.337
5.578 16.337
5.579 -16.3409
5.579 16.3409
5.58 -16.3447
5.58 16.3447
5.581 -16.3486
5.581 16.3486
5.582 -16.3525
5.582 16.3525
5.583 -16.3564
5.583 16.3564
5.584 -16.3603
5.584 16.3603
5.585 -16.3641
5.585 16.3641
5.586 -16.368
5.586 16.368
5.587 -16.3719
5.587 16.3719
5.588 -16.3758
5.588 16.3758
5.589 -16.3797
5.589 16.3797
5.59 -16.3836
5.59 16.3836
5.591 -16.3874
5.591 16.3874
5.592 -16.3913
5.592 16.3913
5.593 -16.3952
5.593 16.3952
5.594 -16.3991
5.594 16.3991
5.595 -16.403
5.595 16.403
5.596 -16.4069
5.596 16.4069
5.597 -16.4108
5.597 16.4108
5.598 -16.4146
5.598 16.4146
5.599 -16.4185
5.599 16.4185
5.6 -16.4224
5.6 16.4224
5.601 -16.4263
5.601 16.4263
5.602 -16.4302
5.602 16.4302
5.603 -16.4341
5.603 16.4341
5.604 -16.438
5.604 16.438
5.605 -16.4419
5.605 16.4419
5.606 -16.4458
5.606 16.4458
5.607 -16.4496
5.607 16.4496
5.608 -16.4535
5.608 16.4535
5.609 -16.4574
5.609 16.4574
5.61 -16.4613
5.61 16.4613
5.611 -16.4652
5.611 16.4652
5.612 -16.4691
5.612 16.4691
5.613 -16.473
5.613 16.473
5.614 -16.4769
5.614 16.4769
5.615 -16.4808
5.615 16.4808
5.616 -16.4847
5.616 16.4847
5.617 -16.4886
5.617 16.4886
5.618 -16.4924
5.618 16.4924
5.619 -16.4963
5.619 16.4963
5.62 -16.5002
5.62 16.5002
5.621 -16.5041
5.621 16.5041
5.622 -16.508
5.622 16.508
5.623 -16.5119
5.623 16.5119
5.624 -16.5158
5.624 16.5158
5.625 -16.5197
5.625 16.5197
5.626 -16.5236
5.626 16.5236
5.627 -16.5275
5.627 16.5275
5.628 -16.5314
5.628 16.5314
5.629 -16.5353
5.629 16.5353
5.63 -16.5392
5.63 16.5392
5.631 -16.5431
5.631 16.5431
5.632 -16.547
5.632 16.547
5.633 -16.5509
5.633 16.5509
5.634 -16.5548
5.634 16.5548
5.635 -16.5587
5.635 16.5587
5.636 -16.5626
5.636 16.5626
5.637 -16.5665
5.637 16.5665
5.638 -16.5703
5.638 16.5703
5.639 -16.5742
5.639 16.5742
5.64 -16.5781
5.64 16.5781
5.641 -16.582
5.641 16.582
5.642 -16.5859
5.642 16.5859
5.643 -16.5898
5.643 16.5898
5.644 -16.5937
5.644 16.5937
5.645 -16.5976
5.645 16.5976
5.646 -16.6015
5.646 16.6015
5.647 -16.6054
5.647 16.6054
5.648 -16.6093
5.648 16.6093
5.649 -16.6132
5.649 16.6132
5.65 -16.6171
5.65 16.6171
5.651 -16.6211
5.651 16.6211
5.652 -16.625
5.652 16.625
5.653 -16.6289
5.653 16.6289
5.654 -16.6328
5.654 16.6328
5.655 -16.6367
5.655 16.6367
5.656 -16.6406
5.656 16.6406
5.657 -16.6445
5.657 16.6445
5.658 -16.6484
5.658 16.6484
5.659 -16.6523
5.659 16.6523
5.66 -16.6562
5.66 16.6562
5.661 -16.6601
5.661 16.6601
5.662 -16.664
5.662 16.664
5.663 -16.6679
5.663 16.6679
5.664 -16.6718
5.664 16.6718
5.665 -16.6757
5.665 16.6757
5.666 -16.6796
5.666 16.6796
5.667 -16.6835
5.667 16.6835
5.668 -16.6874
5.668 16.6874
5.669 -16.6913
5.669 16.6913
5.67 -16.6952
5.67 16.6952
5.671 -16.6991
5.671 16.6991
5.672 -16.7031
5.672 16.7031
5.673 -16.707
5.673 16.707
5.674 -16.7109
5.674 16.7109
5.675 -16.7148
5.675 16.7148
5.676 -16.7187
5.676 16.7187
5.677 -16.7226
5.677 16.7226
5.678 -16.7265
5.678 16.7265
5.679 -16.7304
5.679 16.7304
5.68 -16.7343
5.68 16.7343
5.681 -16.7382
5.681 16.7382
5.682 -16.7421
5.682 16.7421
5.683 -16.7461
5.683 16.7461
5.684 -16.75
5.684 16.75
5.685 -16.7539
5.685 16.7539
5.686 -16.7578
5.686 16.7578
5.687 -16.7617
5.687 16.7617
5.688 -16.7656
5.688 16.7656
5.689 -16.7695
5.689 16.7695
5.69 -16.7734
5.69 16.7734
5.691 -16.7774
5.691 16.7774
5.692 -16.7813
5.692 16.7813
5.693 -16.7852
5.693 16.7852
5.694 -16.7891
5.694 16.7891
5.695 -16.793
5.695 16.793
5.696 -16.7969
5.696 16.7969
5.697 -16.8008
5.697 16.8008
5.698 -16.8048
5.698 16.8048
5.699 -16.8087
5.699 16.8087
5.7 -16.8126
5.7 16.8126
5.701 -16.8165
5.701 16.8165
5.702 -16.8204
5.702 16.8204
5.703 -16.8243
5.703 16.8243
5.704 -16.8283
5.704 16.8283
5.705 -16.8322
5.705 16.8322
5.706 -16.8361
5.706 16.8361
5.707 -16.84
5.707 16.84
5.708 -16.8439
5.708 16.8439
5.709 -16.8478
5.709 16.8478
5.71 -16.8518
5.71 16.8518
5.711 -16.8557
5.711 16.8557
5.712 -16.8596
5.712 16.8596
5.713 -16.8635
5.713 16.8635
5.714 -16.8674
5.714 16.8674
5.715 -16.8714
5.715 16.8714
5.716 -16.8753
5.716 16.8753
5.717 -16.8792
5.717 16.8792
5.718 -16.8831
5.718 16.8831
5.719 -16.887
5.719 16.887
5.72 -16.891
5.72 16.891
5.721 -16.8949
5.721 16.8949
5.722 -16.8988
5.722 16.8988
5.723 -16.9027
5.723 16.9027
5.724 -16.9066
5.724 16.9066
5.725 -16.9106
5.725 16.9106
5.726 -16.9145
5.726 16.9145
5.727 -16.9184
5.727 16.9184
5.728 -16.9223
5.728 16.9223
5.729 -16.9263
5.729 16.9263
5.73 -16.9302
5.73 16.9302
5.731 -16.9341
5.731 16.9341
5.732 -16.938
5.732 16.938
5.733 -16.942
5.733 16.942
5.734 -16.9459
5.734 16.9459
5.735 -16.9498
5.735 16.9498
5.736 -16.9537
5.736 16.9537
5.737 -16.9577
5.737 16.9577
5.738 -16.9616
5.738 16.9616
5.739 -16.9655
5.739 16.9655
5.74 -16.9694
5.74 16.9694
5.741 -16.9734
5.741 16.9734
5.742 -16.9773
5.742 16.9773
5.743 -16.9812
5.743 16.9812
5.744 -16.9852
5.744 16.9852
5.745 -16.9891
5.745 16.9891
5.746 -16.993
5.746 16.993
5.747 -16.9969
5.747 16.9969
5.748 -17.0009
5.748 17.0009
5.749 -17.0048
5.749 17.0048
5.75 -17.0087
5.75 17.0087
5.751 -17.0127
5.751 17.0127
5.752 -17.0166
5.752 17.0166
5.753 -17.0205
5.753 17.0205
5.754 -17.0245
5.754 17.0245
5.755 -17.0284
5.755 17.0284
5.756 -17.0323
5.756 17.0323
5.757 -17.0362
5.757 17.0362
5.758 -17.0402
5.758 17.0402
5.759 -17.0441
5.759 17.0441
5.76 -17.048
5.76 17.048
5.761 -17.052
5.761 17.052
5.762 -17.0559
5.762 17.0559
5.763 -17.0598
5.763 17.0598
5.764 -17.0638
5.764 17.0638
5.765 -17.0677
5.765 17.0677
5.766 -17.0716
5.766 17.0716
5.767 -17.0756
5.767 17.0756
5.768 -17.0795
5.768 17.0795
5.769 -17.0834
5.769 17.0834
5.77 -17.0874
5.77 17.0874
5.771 -17.0913
5.771 17.0913
5.772 -17.0953
5.772 17.0953
5.773 -17.0992
5.773 17.0992
5.774 -17.1031
5.774 17.1031
5.775 -17.1071
5.775 17.1071
5.776 -17.111
5.776 17.111
5.777 -17.1149
5.777 17.1149
5.778 -17.1189
5.778 17.1189
5.779 -17.1228
5.779 17.1228
5.78 -17.1268
5.78 17.1268
5.781 -17.1307
5.781 17.1307
5.782 -17.1346
5.782 17.1346
5.783 -17.1386
5.783 17.1386
5.784 -17.1425
5.784 17.1425
5.785 -17.1465
5.785 17.1465
5.786 -17.1504
5.786 17.1504
5.787 -17.1543
5.787 17.1543
5.788 -17.1583
5.788 17.1583
5.789 -17.1622
5.789 17.1622
5.79 -17.1662
5.79 17.1662
5.791 -17.1701
5.791 17.1701
5.792 -17.174
5.792 17.174
5.793 -17.178
5.793 17.178
5.794 -17.1819
5.794 17.1819
5.795 -17.1859
5.795 17.1859
5.796 -17.1898
5.796 17.1898
5.797 -17.1937
5.797 17.1937
5.798 -17.1977
5.798 17.1977
5.799 -17.2016
5.799 17.2016
5.8 -17.2056
5.8 17.2056
5.801 -17.2095
5.801 17.2095
5.802 -17.2135
5.802 17.2135
5.803 -17.2174
5.803 17.2174
5.804 -17.2214
5.804 17.2214
5.805 -17.2253
5.805 17.2253
5.806 -17.2292
5.806 17.2292
5.807 -17.2332
5.807 17.2332
5.808 -17.2371
5.808 17.2371
5.809 -17.2411
5.809 17.2411
5.81 -17.245
5.81 17.245
5.811 -17.249
5.811 17.249
5.812 -17.2529
5.812 17.2529
5.813 -17.2569
5.813 17.2569
5.814 -17.2608
5.814 17.2608
5.815 -17.2648
5.815 17.2648
5.816 -17.2687
5.816 17.2687
5.817 -17.2727
5.817 17.2727
5.818 -17.2766
5.818 17.2766
5.819 -17.2806
5.819 17.2806
5.82 -17.2845
5.82 17.2845
5.821 -17.2885
5.821 17.2885
5.822 -17.2924
5.822 17.2924
5.823 -17.2964
5.823 17.2964
5.824 -17.3003
5.824 17.3003
5.825 -17.3043
5.825 17.3043
5.826 -17.3082
5.826 17.3082
5.827 -17.3122
5.827 17.3122
5.828 -17.3161
5.828 17.3161
5.829 -17.3201
5.829 17.3201
5.83 -17.324
5.83 17.324
5.831 -17.328
5.831 17.328
5.832 -17.3319
5.832 17.3319
5.833 -17.3359
5.833 17.3359
5.834 -17.3398
5.834 17.3398
5.835 -17.3438
5.835 17.3438
5.836 -17.3477
5.836 17.3477
5.837 -17.3517
5.837 17.3517
5.838 -17.3557
5.838 17.3557
5.839 -17.3596
5.839 17.3596
5.84 -17.3636
5.84 17.3636
5.841 -17.3675
5.841 17.3675
5.842 -17.3715
5.842 17.3715
5.843 -17.3754
5.843 17.3754
5.844 -17.3794
5.844 17.3794
5.845 -17.3833
5.845 17.3833
5.846 -17.3873
5.846 17.3873
5.847 -17.3913
5.847 17.3913
5.848 -17.3952
5.848 17.3952
5.849 -17.3992
5.849 17.3992
5.85 -17.4031
5.85 17.4031
5.851 -17.4071
5.851 17.4071
5.852 -17.4111
5.852 17.4111
5.853 -17.415
5.853 17.415
5.854 -17.419
5.854 17.419
5.855 -17.4229
5.855 17.4229
5.856 -17.4269
5.856 17.4269
5.857 -17.4308
5.857 17.4308
5.858 -17.4348
5.858 17.4348
5.859 -17.4388
5.859 17.4388
5.86 -17.4427
5.86 17.4427
5.861 -17.4467
5.861 17.4467
5.862 -17.4507
5.862 17.4507
5.863 -17.4546
5.863 17.4546
5.864 -17.4586
5.864 17.4586
5.865 -17.4625
5.865 17.4625
5.866 -17.4665
5.866 17.4665
5.867 -17.4705
5.867 17.4705
5.868 -17.4744
5.868 17.4744
5.869 -17.4784
5.869 17.4784
5.87 -17.4824
5.87 17.4824
5.871 -17.4863
5.871 17.4863
5.872 -17.4903
5.872 17.4903
5.873 -17.4942
5.873 17.4942
5.874 -17.4982
5.874 17.4982
5.875 -17.5022
5.875 17.5022
5.876 -17.5061
5.876 17.5061
5.877 -17.5101
5.877 17.5101
5.878 -17.5141
5.878 17.5141
5.879 -17.518
5.879 17.518
5.88 -17.522
5.88 17.522
5.881 -17.526
5.881 17.526
5.882 -17.5299
5.882 17.5299
5.883 -17.5339
5.883 17.5339
5.884 -17.5379
5.884 17.5379
5.885 -17.5418
5.885 17.5418
5.886 -17.5458
5.886 17.5458
5.887 -17.5498
5.887 17.5498
5.888 -17.5537
5.888 17.5537
5.889 -17.5577
5.889 17.5577
5.89 -17.5617
5.89 17.5617
5.891 -17.5657
5.891 17.5657
5.892 -17.5696
5.892 17.5696
5.893 -17.5736
5.893 17.5736
5.894 -17.5776
5.894 17.5776
5.895 -17.5815
5.895 17.5815
5.896 -17.5855
5.896 17.5855
5.897 -17.5895
5.897 17.5895
5.898 -17.5934
5.898 17.5934
5.899 -17.5974
5.899 17.5974
5.9 -17.6014
5.9 17.6014
5.901 -17.6054
5.901 17.6054
5.902 -17.6093
5.902 17.6093
5.903 -17.6133
5.903 17.6133
5.904 -17.6173
5.904 17.6173
5.905 -17.6213
5.905 17.6213
5.906 -17.6252
5.906 17.6252
5.907 -17.6292
5.907 17.6292
5.908 -17.6332
5.908 17.6332
5.909 -17.6372
5.909 17.6372
5.91 -17.6411
5.91 17.6411
5.911 -17.6451
5.911 17.6451
5.912 -17.6491
5.912 17.6491
5.913 -17.6531
5.913 17.6531
5.914 -17.657
5.914 17.657
5.915 -17.661
5.915 17.661
5.916 -17.665
5.916 17.665
5.917 -17.669
5.917 17.669
5.918 -17.6729
5.918 17.6729
5.919 -17.6769
5.919 17.6769
5.92 -17.6809
5.92 17.6809
5.921 -17.6849
5.921 17.6849
5.922 -17.6888
5.922 17.6888
5.923 -17.6928
5.923 17.6928
5.924 -17.6968
5.924 17.6968
5.925 -17.7008
5.925 17.7008
5.926 -17.7048
5.926 17.7048
5.927 -17.7087
5.927 17.7087
5.928 -17.7127
5.928 17.7127
5.929 -17.7167
5.929 17.7167
5.93 -17.7207
5.93 17.7207
5.931 -17.7247
5.931 17.7247
5.932 -17.7286
5.932 17.7286
5.933 -17.7326
5.933 17.7326
5.934 -17.7366
5.934 17.7366
5.935 -17.7406
5.935 17.7406
5.936 -17.7446
5.936 17.7446
5.937 -17.7486
5.937 17.7486
5.938 -17.7525
5.938 17.7525
5.939 -17.7565
5.939 17.7565
5.94 -17.7605
5.94 17.7605
5.941 -17.7645
5.941 17.7645
5.942 -17.7685
5.942 17.7685
5.943 -17.7725
5.943 17.7725
5.944 -17.7764
5.944 17.7764
5.945 -17.7804
5.945 17.7804
5.946 -17.7844
5.946 17.7844
5.947 -17.7884
5.947 17.7884
5.948 -17.7924
5.948 17.7924
5.949 -17.7964
5.949 17.7964
5.95 -17.8003
5.95 17.8003
5.951 -17.8043
5.951 17.8043
5.952 -17.8083
5.952 17.8083
5.953 -17.8123
5.953 17.8123
5.954 -17.8163
5.954 17.8163
5.955 -17.8203
5.955 17.8203
5.956 -17.8243
5.956 17.8243
5.957 -17.8283
5.957 17.8283
5.958 -17.8322
5.958 17.8322
5.959 -17.8362
5.959 17.8362
5.96 -17.8402
5.96 17.8402
5.961 -17.8442
5.961 17.8442
5.962 -17.8482
5.962 17.8482
5.963 -17.8522
5.963 17.8522
5.964 -17.8562
5.964 17.8562
5.965 -17.8602
5.965 17.8602
5.966 -17.8642
5.966 17.8642
5.967 -17.8682
5.967 17.8682
5.968 -17.8721
5.968 17.8721
5.969 -17.8761
5.969 17.8761
5.97 -17.8801
5.97 17.8801
5.971 -17.8841
5.971 17.8841
5.972 -17.8881
5.972 17.8881
5.973 -17.8921
5.973 17.8921
5.974 -17.8961
5.974 17.8961
5.975 -17.9001
5.975 17.9001
5.976 -17.9041
5.976 17.9041
5.977 -17.9081
5.977 17.9081
5.978 -17.9121
5.978 17.9121
5.979 -17.9161
5.979 17.9161
5.98 -17.9201
5.98 17.9201
5.981 -17.9241
5.981 17.9241
5.982 -17.928
5.982 17.928
5.983 -17.932
5.983 17.932
5.984 -17.936
5.984 17.936
5.985 -17.94
5.985 17.94
5.986 -17.944
5.986 17.944
5.987 -17.948
5.987 17.948
5.988 -17.952
5.988 17.952
5.989 -17.956
5.989 17.956
5.99 -17.96
5.99 17.96
5.991 -17.964
5.991 17.964
5.992 -17.968
5.992 17.968
5.993 -17.972
5.993 17.972
5.994 -17.976
5.994 17.976
5.995 -17.98
5.995 17.98
5.996 -17.984
5.996 17.984
5.997 -17.988
5.997 17.988
5.998 -17.992
5.998 17.992
5.999 -17.996
5.999 17.996
6 -18
6 18
6.001 -18.004
6.001 18.004
6.002 -18.008
6.002 18.008
6.003 -18.012
6.003 18.012
6.004 -18.016
6.004 18.016
6.005 -18.02
6.005 18.02
6.006 -18.024
6.006 18.024
6.007 -18.028
6.007 18.028
6.008 -18.032
6.008 18.032
6.009 -18.036
6.009 18.036
6.01 -18.04
6.01 18.04
6.011 -18.044
6.011 18.044
6.012 -18.048
6.012 18.048
6.013 -18.052
6.013 18.052
6.014 -18.056
6.014 18.056
6.015 -18.06
6.015 18.06
6.016 -18.064
6.016 18.064
6.017 -18.068
6.017 18.068
6.018 -18.072
6.018 18.072
6.019 -18.0761
6.019 18.0761
6.02 -18.0801
6.02 18.0801
6.021 -18.0841
6.021 18.0841
6.022 -18.0881
6.022 18.0881
6.023 -18.0921
6.023 18.0921
6.024 -18.0961
6.024 18.0961
6.025 -18.1001
6.025 18.1001
6.026 -18.1041
6.026 18.1041
6.027 -18.1081
6.027 18.1081
6.028 -18.1121
6.028 18.1121
6.029 -18.1161
6.029 18.1161
6.03 -18.1201
6.03 18.1201
6.031 -18.1241
6.031 18.1241
6.032 -18.1281
6.032 18.1281
6.033 -18.1322
6.033 18.1322
6.034 -18.1362
6.034 18.1362
6.035 -18.1402
6.035 18.1402
6.036 -18.1442
6.036 18.1442
6.037 -18.1482
6.037 18.1482
6.038 -18.1522
6.038 18.1522
6.039 -18.1562
6.039 18.1562
6.04 -18.1602
6.04 18.1602
6.041 -18.1642
6.041 18.1642
6.042 -18.1682
6.042 18.1682
6.043 -18.1723
6.043 18.1723
6.044 -18.1763
6.044 18.1763
6.045 -18.1803
6.045 18.1803
6.046 -18.1843
6.046 18.1843
6.047 -18.1883
6.047 18.1883
6.048 -18.1923
6.048 18.1923
6.049 -18.1963
6.049 18.1963
6.05 -18.2003
6.05 18.2003
6.051 -18.2044
6.051 18.2044
6.052 -18.2084
6.052 18.2084
6.053 -18.2124
6.053 18.2124
6.054 -18.2164
6.054 18.2164
6.055 -18.2204
6.055 18.2204
6.056 -18.2244
6.056 18.2244
6.057 -18.2285
6.057 18.2285
6.058 -18.2325
6.058 18.2325
6.059 -18.2365
6.059 18.2365
6.06 -18.2405
6.06 18.2405
6.061 -18.2445
6.061 18.2445
6.062 -18.2485
6.062 18.2485
6.063 -18.2526
6.063 18.2526
6.064 -18.2566
6.064 18.2566
6.065 -18.2606
6.065 18.2606
6.066 -18.2646
6.066 18.2646
6.067 -18.2686
6.067 18.2686
6.068 -18.2726
6.068 18.2726
6.069 -18.2767
6.069 18.2767
6.07 -18.2807
6.07 18.2807
6.071 -18.2847
6.071 18.2847
6.072 -18.2887
6.072 18.2887
6.073 -18.2927
6.073 18.2927
6.074 -18.2968
6.074 18.2968
6.075 -18.3008
6.075 18.3008
6.076 -18.3048
6.076 18.3048
6.077 -18.3088
6.077 18.3088
6.078 -18.3128
6.078 18.3128
6.079 -18.3169
6.079 18.3169
6.08 -18.3209
6.08 18.3209
6.081 -18.3249
6.081 18.3249
6.082 -18.3289
6.082 18.3289
6.083 -18.333
6.083 18.333
6.084 -18.337
6.084 18.337
6.085 -18.341
6.085 18.341
6.086 -18.345
6.086 18.345
6.087 -18.349
6.087 18.349
6.088 -18.3531
6.088 18.3531
6.089 -18.3571
6.089 18.3571
6.09 -18.3611
6.09 18.3611
6.091 -18.3651
6.091 18.3651
6.092 -18.3692
6.092 18.3692
6.093 -18.3732
6.093 18.3732
6.094 -18.3772
6.094 18.3772
6.095 -18.3813
6.095 18.3813
6.096 -18.3853
6.096 18.3853
6.097 -18.3893
6.097 18.3893
6.098 -18.3933
6.098 18.3933
6.099 -18.3974
6.099 18.3974
6.1 -18.4014
6.1 18.4014
6.101 -18.4054
6.101 18.4054
6.102 -18.4094
6.102 18.4094
6.103 -18.4135
6.103 18.4135
6.104 -18.4175
6.104 18.4175
6.105 -18.4215
6.105 18.4215
6.106 -18.4256
6.106 18.4256
6.107 -18.4296
6.107 18.4296
6.108 -18.4336
6.108 18.4336
6.109 -18.4376
6.109 18.4376
6.11 -18.4417
6.11 18.4417
6.111 -18.4457
6.111 18.4457
6.112 -18.4497
6.112 18.4497
6.113 -18.4538
6.113 18.4538
6.114 -18.4578
6.114 18.4578
6.115 -18.4618
6.115 18.4618
6.116 -18.4659
6.116 18.4659
6.117 -18.4699
6.117 18.4699
6.118 -18.4739
6.118 18.4739
6.119 -18.478
6.119 18.478
6.12 -18.482
6.12 18.482
6.121 -18.486
6.121 18.486
6.122 -18.4901
6.122 18.4901
6.123 -18.4941
6.123 18.4941
6.124 -18.4981
6.124 18.4981
6.125 -18.5022
6.125 18.5022
6.126 -18.5062
6.126 18.5062
6.127 -18.5102
6.127 18.5102
6.128 -18.5143
6.128 18.5143
6.129 -18.5183
6.129 18.5183
6.13 -18.5223
6.13 18.5223
6.131 -18.5264
6.131 18.5264
6.132 -18.5304
6.132 18.5304
6.133 -18.5344
6.133 18.5344
6.134 -18.5385
6.134 18.5385
6.135 -18.5425
6.135 18.5425
6.136 -18.5466
6.136 18.5466
6.137 -18.5506
6.137 18.5506
6.138 -18.5546
6.138 18.5546
6.139 -18.5587
6.139 18.5587
6.14 -18.5627
6.14 18.5627
6.141 -18.5668
6.141 18.5668
6.142 -18.5708
6.142 18.5708
6.143 -18.5748
6.143 18.5748
6.144 -18.5789
6.144 18.5789
6.145 -18.5829
6.145 18.5829
6.146 -18.587
6.146 18.587
6.147 -18.591
6.147 18.591
6.148 -18.595
6.148 18.595
6.149 -18.5991
6.149 18.5991
6.15 -18.6031
6.15 18.6031
6.151 -18.6072
6.151 18.6072
6.152 -18.6112
6.152 18.6112
6.153 -18.6152
6.153 18.6152
6.154 -18.6193
6.154 18.6193
6.155 -18.6233
6.155 18.6233
6.156 -18.6274
6.156 18.6274
6.157 -18.6314
6.157 18.6314
6.158 -18.6355
6.158 18.6355
6.159 -18.6395
6.159 18.6395
6.16 -18.6435
6.16 18.6435
6.161 -18.6476
6.161 18.6476
6.162 -18.6516
6.162 18.6516
6.163 -18.6557
6.163 18.6557
6.164 -18.6597
6.164 18.6597
6.165 -18.6638
6.165 18.6638
6.166 -18.6678
6.166 18.6678
6.167 -18.6719
6.167 18.6719
6.168 -18.6759
6.168 18.6759
6.169 -18.68
6.169 18.68
6.17 -18.684
6.17 18.684
6.171 -18.688
6.171 18.688
6.172 -18.6921
6.172 18.6921
6.173 -18.6961
6.173 18.6961
6.174 -18.7002
6.174 18.7002
6.175 -18.7042
6.175 18.7042
6.176 -18.7083
6.176 18.7083
6.177 -18.7123
6.177 18.7123
6.178 -18.7164
6.178 18.7164
6.179 -18.7204
6.179 18.7204
6.18 -18.7245
6.18 18.7245
6.181 -18.7285
6.181 18.7285
6.182 -18.7326
6.182 18.7326
6.183 -18.7366
6.183 18.7366
6.184 -18.7407
6.184 18.7407
6.185 -18.7447
6.185 18.7447
6.186 -18.7488
6.186 18.7488
6.187 -18.7528
6.187 18.7528
6.188 -18.7569
6.188 18.7569
6.189 -18.7609
6.189 18.7609
6.19 -18.765
6.19 18.765
6.191 -18.769
6.191 18.769
6.192 -18.7731
6.192 18.7731
6.193 -18.7772
6.193 18.7772
6.194 -18.7812
6.194 18.7812
6.195 -18.7853
6.195 18.7853
6.196 -18.7893
6.196 18.7893
6.197 -18.7934
6.197 18.7934
6.198 -18.7974
6.198 18.7974
6.199 -18.8015
6.199 18.8015
6.2 -18.8055
6.2 18.8055
6.201 -18.8096
6.201 18.8096
6.202 -18.8136
6.202 18.8136
6.203 -18.8177
6.203 18.8177
6.204 -18.8218
6.204 18.8218
6.205 -18.8258
6.205 18.8258
6.206 -18.8299
6.206 18.8299
6.207 -18.8339
6.207 18.8339
6.208 -18.838
6.208 18.838
6.209 -18.842
6.209 18.842
6.21 -18.8461
6.21 18.8461
6.211 -18.8502
6.211 18.8502
6.212 -18.8542
6.212 18.8542
6.213 -18.8583
6.213 18.8583
6.214 -18.8623
6.214 18.8623
6.215 -18.8664
6.215 18.8664
6.216 -18.8704
6.216 18.8704
6.217 -18.8745
6.217 18.8745
6.218 -18.8786
6.218 18.8786
6.219 -18.8826
6.219 18.8826
6.22 -18.8867
6.22 18.8867
6.221 -18.8908
6.221 18.8908
6.222 -18.8948
6.222 18.8948
6.223 -18.8989
6.223 18.8989
6.224 -18.9029
6.224 18.9029
6.225 -18.907
6.225 18.907
6.226 -18.9111
6.226 18.9111
6.227 -18.9151
6.227 18.9151
6.228 -18.9192
6.228 18.9192
6.229 -18.9232
6.229 18.9232
6.23 -18.9273
6.23 18.9273
6.231 -18.9314
6.231 18.9314
6.232 -18.9354
6.232 18.9354
6.233 -18.9395
6.233 18.9395
6.234 -18.9436
6.234 18.9436
6.235 -18.9476
6.235 18.9476
6.236 -18.9517
6.236 18.9517
6.237 -18.9558
6.237 18.9558
6.238 -18.9598
6.238 18.9598
6.239 -18.9639
6.239 18.9639
6.24 -18.968
6.24 18.968
6.241 -18.972
6.241 18.972
6.242 -18.9761
6.242 18.9761
6.243 -18.9802
6.243 18.9802
6.244 -18.9842
6.244 18.9842
6.245 -18.9883
6.245 18.9883
6.246 -18.9924
6.246 18.9924
6.247 -18.9964
6.247 18.9964
6.248 -19.0005
6.248 19.0005
6.249 -19.0046
6.249 19.0046
6.25 -19.0086
6.25 19.0086
6.251 -19.0127
6.251 19.0127
6.252 -19.0168
6.252 19.0168
6.253 -19.0208
6.253 19.0208
6.254 -19.0249
6.254 19.0249
6.255 -19.029
6.255 19.029
6.256 -19.0331
6.256 19.0331
6.257 -19.0371
6.257 19.0371
6.258 -19.0412
6.258 19.0412
6.259 -19.0453
6.259 19.0453
6.26 -19.0493
6.26 19.0493
6.261 -19.0534
6.261 19.0534
6.262 -19.0575
6.262 19.0575
6.263 -19.0616
6.263 19.0616
6.264 -19.0656
6.264 19.0656
6.265 -19.0697
6.265 19.0697
6.266 -19.0738
6.266 19.0738
6.267 -19.0778
6.267 19.0778
6.268 -19.0819
6.268 19.0819
6.269 -19.086
6.269 19.086
6.27 -19.0901
6.27 19.0901
6.271 -19.0941
6.271 19.0941
6.272 -19.0982
6.272 19.0982
6.273 -19.1023
6.273 19.1023
6.274 -19.1064
6.274 19.1064
6.275 -19.1104
6.275 19.1104
6.276 -19.1145
6.276 19.1145
6.277 -19.1186
6.277 19.1186
6.278 -19.1227
6.278 19.1227
6.279 -19.1267
6.279 19.1267
6.28 -19.1308
6.28 19.1308
6.281 -19.1349
6.281 19.1349
6.282 -19.139
6.282 19.139
6.283 -19.1431
6.283 19.1431
6.284 -19.1471
6.284 19.1471
6.285 -19.1512
6.285 19.1512
6.286 -19.1553
6.286 19.1553
6.287 -19.1594
6.287 19.1594
6.288 -19.1634
6.288 19.1634
6.289 -19.1675
6.289 19.1675
6.29 -19.1716
6.29 19.1716
6.291 -19.1757
6.291 19.1757
6.292 -19.1798
6.292 19.1798
6.293 -19.1838
6.293 19.1838
6.294 -19.1879
6.294 19.1879
6.295 -19.192
6.295 19.192
6.296 -19.1961
6.296 19.1961
6.297 -19.2002
6.297 19.2002
6.298 -19.2043
6.298 19.2043
6.299 -19.2083
6.299 19.2083
6.3 -19.2124
6.3 19.2124
6.301 -19.2165
6.301 19.2165
6.302 -19.2206
6.302 19.2206
6.303 -19.2247
6.303 19.2247
6.304 -19.2288
6.304 19.2288
6.305 -19.2328
6.305 19.2328
6.306 -19.2369
6.306 19.2369
6.307 -19.241
6.307 19.241
6.308 -19.2451
6.308 19.2451
6.309 -19.2492
6.309 19.2492
6.31 -19.2533
6.31 19.2533
6.311 -19.2573
6.311 19.2573
6.312 -19.2614
6.312 19.2614
6.313 -19.2655
6.313 19.2655
6.314 -19.2696
6.314 19.2696
6.315 -19.2737
6.315 19.2737
6.316 -19.2778
6.316 19.2778
6.317 -19.2819
6.317 19.2819
6.318 -19.2859
6.318 19.2859
6.319 -19.29
6.319 19.29
6.32 -19.2941
6.32 19.2941
6.321 -19.2982
6.321 19.2982
6.322 -19.3023
6.322 19.3023
6.323 -19.3064
6.323 19.3064
6.324 -19.3105
6.324 19.3105
6.325 -19.3146
6.325 19.3146
6.326 -19.3187
6.326 19.3187
6.327 -19.3227
6.327 19.3227
6.328 -19.3268
6.328 19.3268
6.329 -19.3309
6.329 19.3309
6.33 -19.335
6.33 19.335
6.331 -19.3391
6.331 19.3391
6.332 -19.3432
6.332 19.3432
6.333 -19.3473
6.333 19.3473
6.334 -19.3514
6.334 19.3514
6.335 -19.3555
6.335 19.3555
6.336 -19.3596
6.336 19.3596
6.337 -19.3637
6.337 19.3637
6.338 -19.3677
6.338 19.3677
6.339 -19.3718
6.339 19.3718
6.34 -19.3759
6.34 19.3759
6.341 -19.38
6.341 19.38
6.342 -19.3841
6.342 19.3841
6.343 -19.3882
6.343 19.3882
6.344 -19.3923
6.344 19.3923
6.345 -19.3964
6.345 19.3964
6.346 -19.4005
6.346 19.4005
6.347 -19.4046
6.347 19.4046
6.348 -19.4087
6.348 19.4087
6.349 -19.4128
6.349 19.4128
6.35 -19.4169
6.35 19.4169
6.351 -19.421
6.351 19.421
6.352 -19.4251
6.352 19.4251
6.353 -19.4292
6.353 19.4292
6.354 -19.4333
6.354 19.4333
6.355 -19.4374
6.355 19.4374
6.356 -19.4415
6.356 19.4415
6.357 -19.4456
6.357 19.4456
6.358 -19.4497
6.358 19.4497
6.359 -19.4538
6.359 19.4538
6.36 -19.4579
6.36 19.4579
6.361 -19.462
6.361 19.462
6.362 -19.4661
6.362 19.4661
6.363 -19.4702
6.363 19.4702
6.364 -19.4743
6.364 19.4743
6.365 -19.4784
6.365 19.4784
6.366 -19.4825
6.366 19.4825
6.367 -19.4866
6.367 19.4866
6.368 -19.4907
6.368 19.4907
6.369 -19.4948
6.369 19.4948
6.37 -19.4989
6.37 19.4989
6.371 -19.503
6.371 19.503
6.372 -19.5071
6.372 19.5071
6.373 -19.5112
6.373 19.5112
6.374 -19.5153
6.374 19.5153
6.375 -19.5194
6.375 19.5194
6.376 -19.5235
6.376 19.5235
6.377 -19.5276
6.377 19.5276
6.378 -19.5317
6.378 19.5317
6.379 -19.5358
6.379 19.5358
6.38 -19.5399
6.38 19.5399
6.381 -19.544
6.381 19.544
6.382 -19.5481
6.382 19.5481
6.383 -19.5522
6.383 19.5522
6.384 -19.5563
6.384 19.5563
6.385 -19.5604
6.385 19.5604
6.386 -19.5645
6.386 19.5645
6.387 -19.5686
6.387 19.5686
6.388 -19.5727
6.388 19.5727
6.389 -19.5768
6.389 19.5768
6.39 -19.5809
6.39 19.5809
6.391 -19.5851
6.391 19.5851
6.392 -19.5892
6.392 19.5892
6.393 -19.5933
6.393 19.5933
6.394 -19.5974
6.394 19.5974
6.395 -19.6015
6.395 19.6015
6.396 -19.6056
6.396 19.6056
6.397 -19.6097
6.397 19.6097
6.398 -19.6138
6.398 19.6138
6.399 -19.6179
6.399 19.6179
6.4 -19.622
6.4 19.622
6.401 -19.6261
6.401 19.6261
6.402 -19.6302
6.402 19.6302
6.403 -19.6344
6.403 19.6344
6.404 -19.6385
6.404 19.6385
6.405 -19.6426
6.405 19.6426
6.406 -19.6467
6.406 19.6467
6.407 -19.6508
6.407 19.6508
6.408 -19.6549
6.408 19.6549
6.409 -19.659
6.409 19.659
6.41 -19.6631
6.41 19.6631
6.411 -19.6673
6.411 19.6673
6.412 -19.6714
6.412 19.6714
6.413 -19.6755
6.413 19.6755
6.414 -19.6796
6.414 19.6796
6.415 -19.6837
6.415 19.6837
6.416 -19.6878
6.416 19.6878
6.417 -19.6919
6.417 19.6919
6.418 -19.696
6.418 19.696
6.419 -19.7002
6.419 19.7002
6.42 -19.7043
6.42 19.7043
6.421 -19.7084
6.421 19.7084
6.422 -19.7125
6.422 19.7125
6.423 -19.7166
6.423 19.7166
6.424 -19.7207
6.424 19.7207
6.425 -19.7249
6.425 19.7249
6.426 -19.729
6.426 19.729
6.427 -19.7331
6.427 19.7331
6.428 -19.7372
6.428 19.7372
6.429 -19.7413
6.429 19.7413
6.43 -19.7454
6.43 19.7454
6.431 -19.7496
6.431 19.7496
6.432 -19.7537
6.432 19.7537
6.433 -19.7578
6.433 19.7578
6.434 -19.7619
6.434 19.7619
6.435 -19.766
6.435 19.766
6.436 -19.7702
6.436 19.7702
6.437 -19.7743
6.437 19.7743
6.438 -19.7784
6.438 19.7784
6.439 -19.7825
6.439 19.7825
6.44 -19.7866
6.44 19.7866
6.441 -19.7908
6.441 19.7908
6.442 -19.7949
6.442 19.7949
6.443 -19.799
6.443 19.799
6.444 -19.8031
6.444 19.8031
6.445 -19.8072
6.445 19.8072
6.446 -19.8114
6.446 19.8114
6.447 -19.8155
6.447 19.8155
6.448 -19.8196
6.448 19.8196
6.449 -19.8237
6.449 19.8237
6.45 -19.8278
6.45 19.8278
6.451 -19.832
6.451 19.832
6.452 -19.8361
6.452 19.8361
6.453 -19.8402
6.453 19.8402
6.454 -19.8443
6.454 19.8443
6.455 -19.8485
6.455 19.8485
6.456 -19.8526
6.456 19.8526
6.457 -19.8567
6.457 19.8567
6.458 -19.8608
6.458 19.8608
6.459 -19.865
6.459 19.865
6.46 -19.8691
6.46 19.8691
6.461 -19.8732
6.461 19.8732
6.462 -19.8773
6.462 19.8773
6.463 -19.8815
6.463 19.8815
6.464 -19.8856
6.464 19.8856
6.465 -19.8897
6.465 19.8897
6.466 -19.8939
6.466 19.8939
6.467 -19.898
6.467 19.898
6.468 -19.9021
6.468 19.9021
6.469 -19.9062
6.469 19.9062
6.47 -19.9104
6.47 19.9104
6.471 -19.9145
6.471 19.9145
6.472 -19.9186
6.472 19.9186
6.473 -19.9228
6.473 19.9228
6.474 -19.9269
6.474 19.9269
6.475 -19.931
6.475 19.931
6.476 -19.9351
6.476 19.9351
6.477 -19.9393
6.477 19.9393
6.478 -19.9434
6.478 19.9434
6.479 -19.9475
6.479 19.9475
6.48 -19.9517
6.48 19.9517
6.481 -19.9558
6.481 19.9558
6.482 -19.9599
6.482 19.9599
6.483 -19.9641
6.483 19.9641
6.484 -19.9682
6.484 19.9682
6.485 -19.9723
6.485 19.9723
6.486 -19.9765
6.486 19.9765
6.487 -19.9806
6.487 19.9806
6.488 -19.9847
6.488 19.9847
6.489 -19.9889
6.489 19.9889
6.49 -19.993
6.49 19.993
6.491 -19.9971
6.491 19.9971
6.492 -20.0013
6.492 20.0013
6.493 -20.0054
6.493 20.0054
6.494 -20.0095
6.494 20.0095
6.495 -20.0137
6.495 20.0137
6.496 -20.0178
6.496 20.0178
6.497 -20.0219
6.497 20.0219
6.498 -20.0261
6.498 20.0261
6.499 -20.0302
6.499 20.0302
6.5 -20.0343
6.5 20.0343
6.501 -20.0385
6.501 20.0385
6.502 -20.0426
6.502 20.0426
6.503 -20.0468
6.503 20.0468
6.504 -20.0509
6.504 20.0509
6.505 -20.055
6.505 20.055
6.506 -20.0592
6.506 20.0592
6.507 -20.0633
6.507 20.0633
6.508 -20.0674
6.508 20.0674
6.509 -20.0716
6.509 20.0716
6.51 -20.0757
6.51 20.0757
6.511 -20.0799
6.511 20.0799
6.512 -20.084
6.512 20.084
6.513 -20.0881
6.513 20.0881
6.514 -20.0923
6.514 20.0923
6.515 -20.0964
6.515 20.0964
6.516 -20.1006
6.516 20.1006
6.517 -20.1047
6.517 20.1047
6.518 -20.1088
6.518 20.1088
6.519 -20.113
6.519 20.113
6.52 -20.1171
6.52 20.1171
6.521 -20.1213
6.521 20.1213
6.522 -20.1254
6.522 20.1254
6.523 -20.1296
6.523 20.1296
6.524 -20.1337
6.524 20.1337
6.525 -20.1378
6.525 20.1378
6.526 -20.142
6.526 20.142
6.527 -20.1461
6.527 20.1461
6.528 -20.1503
6.528 20.1503
6.529 -20.1544
6.529 20.1544
6.53 -20.1586
6.53 20.1586
6.531 -20.1627
6.531 20.1627
6.532 -20.1669
6.532 20.1669
6.533 -20.171
6.533 20.171
6.534 -20.1751
6.534 20.1751
6.535 -20.1793
6.535 20.1793
6.536 -20.1834
6.536 20.1834
6.537 -20.1876
6.537 20.1876
6.538 -20.1917
6.538 20.1917
6.539 -20.1959
6.539 20.1959
6.54 -20.2
6.54 20.2
6.541 -20.2042
6.541 20.2042
6.542 -20.2083
6.542 20.2083
6.543 -20.2125
6.543 20.2125
6.544 -20.2166
6.544 20.2166
6.545 -20.2208
6.545 20.2208
6.546 -20.2249
6.546 20.2249
6.547 -20.2291
6.547 20.2291
6.548 -20.2332
6.548 20.2332
6.549 -20.2374
6.549 20.2374
6.55 -20.2415
6.55 20.2415
6.551 -20.2457
6.551 20.2457
6.552 -20.2498
6.552 20.2498
6.553 -20.254
6.553 20.254
6.554 -20.2581
6.554 20.2581
6.555 -20.2623
6.555 20.2623
6.556 -20.2664
6.556 20.2664
6.557 -20.2706
6.557 20.2706
6.558 -20.2747
6.558 20.2747
6.559 -20.2789
6.559 20.2789
6.56 -20.283
6.56 20.283
6.561 -20.2872
6.561 20.2872
6.562 -20.2913
6.562 20.2913
6.563 -20.2955
6.563 20.2955
6.564 -20.2996
6.564 20.2996
6.565 -20.3038
6.565 20.3038
6.566 -20.3079
6.566 20.3079
6.567 -20.3121
6.567 20.3121
6.568 -20.3163
6.568 20.3163
6.569 -20.3204
6.569 20.3204
6.57 -20.3246
6.57 20.3246
6.571 -20.3287
6.571 20.3287
6.572 -20.3329
6.572 20.3329
6.573 -20.337
6.573 20.337
6.574 -20.3412
6.574 20.3412
6.575 -20.3453
6.575 20.3453
6.576 -20.3495
6.576 20.3495
6.577 -20.3537
6.577 20.3537
6.578 -20.3578
6.578 20.3578
6.579 -20.362
6.579 20.362
6.58 -20.3661
6.58 20.3661
6.581 -20.3703
6.581 20.3703
6.582 -20.3745
6.582 20.3745
6.583 -20.3786
6.583 20.3786
6.584 -20.3828
6.584 20.3828
6.585 -20.3869
6.585 20.3869
6.586 -20.3911
6.586 20.3911
6.587 -20.3952
6.587 20.3952
6.588 -20.3994
6.588 20.3994
6.589 -20.4036
6.589 20.4036
6.59 -20.4077
6.59 20.4077
6.591 -20.4119
6.591 20.4119
6.592 -20.4161
6.592 20.4161
6.593 -20.4202
6.593 20.4202
6.594 -20.4244
6.594 20.4244
6.595 -20.4285
6.595 20.4285
6.596 -20.4327
6.596 20.4327
6.597 -20.4369
6.597 20.4369
6.598 -20.441
6.598 20.441
6.599 -20.4452
6.599 20.4452
6.6 -20.4494
6.6 20.4494
6.601 -20.4535
6.601 20.4535
6.602 -20.4577
6.602 20.4577
6.603 -20.4618
6.603 20.4618
6.604 -20.466
6.604 20.466
6.605 -20.4702
6.605 20.4702
6.606 -20.4743
6.606 20.4743
6.607 -20.4785
6.607 20.4785
6.608 -20.4827
6.608 20.4827
6.609 -20.4868
6.609 20.4868
6.61 -20.491
6.61 20.491
6.611 -20.4952
6.611 20.4952
6.612 -20.4993
6.612 20.4993
6.613 -20.5035
6.613 20.5035
6.614 -20.5077
6.614 20.5077
6.615 -20.5118
6.615 20.5118
6.616 -20.516
6.616 20.516
6.617 -20.5202
6.617 20.5202
6.618 -20.5243
6.618 20.5243
6.619 -20.5285
6.619 20.5285
6.62 -20.5327
6.62 20.5327
6.621 -20.5368
6.621 20.5368
6.622 -20.541
6.622 20.541
6.623 -20.5452
6.623 20.5452
6.624 -20.5494
6.624 20.5494
6.625 -20.5535
6.625 20.5535
6.626 -20.5577
6.626 20.5577
6.627 -20.5619
6.627 20.5619
6.628 -20.566
6.628 20.566
6.629 -20.5702
6.629 20.5702
6.63 -20.5744
6.63 20.5744
6.631 -20.5785
6.631 20.5785
6.632 -20.5827
6.632 20.5827
6.633 -20.5869
6.633 20.5869
6.634 -20.5911
6.634 20.5911
6.635 -20.5952
6.635 20.5952
6.636 -20.5994
6.636 20.5994
6.637 -20.6036
6.637 20.6036
6.638 -20.6078
6.638 20.6078
6.639 -20.6119
6.639 20.6119
6.64 -20.6161
6.64 20.6161
6.641 -20.6203
6.641 20.6203
6.642 -20.6245
6.642 20.6245
6.643 -20.6286
6.643 20.6286
6.644 -20.6328
6.644 20.6328
6.645 -20.637
6.645 20.637
6.646 -20.6412
6.646 20.6412
6.647 -20.6453
6.647 20.6453
6.648 -20.6495
6.648 20.6495
6.649 -20.6537
6.649 20.6537
6.65 -20.6579
6.65 20.6579
6.651 -20.662
6.651 20.662
6.652 -20.6662
6.652 20.6662
6.653 -20.6704
6.653 20.6704
6.654 -20.6746
6.654 20.6746
6.655 -20.6787
6.655 20.6787
6.656 -20.6829
6.656 20.6829
6.657 -20.6871
6.657 20.6871
6.658 -20.6913
6.658 20.6913
6.659 -20.6955
6.659 20.6955
6.66 -20.6996
6.66 20.6996
6.661 -20.7038
6.661 20.7038
6.662 -20.708
6.662 20.708
6.663 -20.7122
6.663 20.7122
6.664 -20.7164
6.664 20.7164
6.665 -20.7205
6.665 20.7205
6.666 -20.7247
6.666 20.7247
6.667 -20.7289
6.667 20.7289
6.668 -20.7331
6.668 20.7331
6.669 -20.7373
6.669 20.7373
6.67 -20.7414
6.67 20.7414
6.671 -20.7456
6.671 20.7456
6.672 -20.7498
6.672 20.7498
6.673 -20.754
6.673 20.754
6.674 -20.7582
6.674 20.7582
6.675 -20.7624
6.675 20.7624
6.676 -20.7665
6.676 20.7665
6.677 -20.7707
6.677 20.7707
6.678 -20.7749
6.678 20.7749
6.679 -20.7791
6.679 20.7791
6.68 -20.7833
6.68 20.7833
6.681 -20.7875
6.681 20.7875
6.682 -20.7917
6.682 20.7917
6.683 -20.7958
6.683 20.7958
6.684 -20.8
6.684 20.8
6.685 -20.8042
6.685 20.8042
6.686 -20.8084
6.686 20.8084
6.687 -20.8126
6.687 20.8126
6.688 -20.8168
6.688 20.8168
6.689 -20.821
6.689 20.821
6.69 -20.8251
6.69 20.8251
6.691 -20.8293
6.691 20.8293
6.692 -20.8335
6.692 20.8335
6.693 -20.8377
6.693 20.8377
6.694 -20.8419
6.694 20.8419
6.695 -20.8461
6.695 20.8461
6.696 -20.8503
6.696 20.8503
6.697 -20.8545
6.697 20.8545
6.698 -20.8587
6.698 20.8587
6.699 -20.8628
6.699 20.8628
6.7 -20.867
6.7 20.867
6.701 -20.8712
6.701 20.8712
6.702 -20.8754
6.702 20.8754
6.703 -20.8796
6.703 20.8796
6.704 -20.8838
6.704 20.8838
6.705 -20.888
6.705 20.888
6.706 -20.8922
6.706 20.8922
6.707 -20.8964
6.707 20.8964
6.708 -20.9006
6.708 20.9006
6.709 -20.9048
6.709 20.9048
6.71 -20.9089
6.71 20.9089
6.711 -20.9131
6.711 20.9131
6.712 -20.9173
6.712 20.9173
6.713 -20.9215
6.713 20.9215
6.714 -20.9257
6.714 20.9257
6.715 -20.9299
6.715 20.9299
6.716 -20.9341
6.716 20.9341
6.717 -20.9383
6.717 20.9383
6.718 -20.9425
6.718 20.9425
6.719 -20.9467
6.719 20.9467
6.72 -20.9509
6.72 20.9509
6.721 -20.9551
6.721 20.9551
6.722 -20.9593
6.722 20.9593
6.723 -20.9635
6.723 20.9635
6.724 -20.9677
6.724 20.9677
6.725 -20.9719
6.725 20.9719
6.726 -20.9761
6.726 20.9761
6.727 -20.9803
6.727 20.9803
6.728 -20.9845
6.728 20.9845
6.729 -20.9887
6.729 20.9887
6.73 -20.9929
6.73 20.9929
6.731 -20.9971
6.731 20.9971
6.732 -21.0013
6.732 21.0013
6.733 -21.0054
6.733 21.0054
6.734 -21.0096
6.734 21.0096
6.735 -21.0138
6.735 21.0138
6.736 -21.018
6.736 21.018
6.737 -21.0222
6.737 21.0222
6.738 -21.0264
6.738 21.0264
6.739 -21.0306
6.739 21.0306
6.74 -21.0348
6.74 21.0348
6.741 -21.039
6.741 21.039
6.742 -21.0432
6.742 21.0432
6.743 -21.0475
6.743 21.0475
6.744 -21.0517
6.744 21.0517
6.745 -21.0559
6.745 21.0559
6.746 -21.0601
6.746 21.0601
6.747 -21.0643
6.747 21.0643
6.748 -21.0685
6.748 21.0685
6.749 -21.0727
6.749 21.0727
6.75 -21.0769
6.75 21.0769
6.751 -21.0811
6.751 21.0811
6.752 -21.0853
6.752 21.0853
6.753 -21.0895
6.753 21.0895
6.754 -21.0937
6.754 21.0937
6.755 -21.0979
6.755 21.0979
6.756 -21.1021
6.756 21.1021
6.757 -21.1063
6.757 21.1063
6.758 -21.1105
6.758 21.1105
6.759 -21.1147
6.759 21.1147
6.76 -21.1189
6.76 21.1189
6.761 -21.1231
6.761 21.1231
6.762 -21.1273
6.762 21.1273
6.763 -21.1315
6.763 21.1315
6.764 -21.1357
6.764 21.1357
6.765 -21.1399
6.765 21.1399
6.766 -21.1442
6.766 21.1442
6.767 -21.1484
6.767 21.1484
6.768 -21.1526
6.768 21.1526
6.769 -21.1568
6.769 21.1568
6.77 -21.161
6.77 21.161
6.771 -21.1652
6.771 21.1652
6.772 -21.1694
6.772 21.1694
6.773 -21.1736
6.773 21.1736
6.774 -21.1778
6.774 21.1778
6.775 -21.182
6.775 21.182
6.776 -21.1862
6.776 21.1862
6.777 -21.1905
6.777 21.1905
6.778 -21.1947
6.778 21.1947
6.779 -21.1989
6.779 21.1989
6.78 -21.2031
6.78 21.2031
6.781 -21.2073
6.781 21.2073
6.782 -21.2115
6.782 21.2115
6.783 -21.2157
6.783 21.2157
6.784 -21.2199
6.784 21.2199
6.785 -21.2241
6.785 21.2241
6.786 -21.2284
6.786 21.2284
6.787 -21.2326
6.787 21.2326
6.788 -21.2368
6.788 21.2368
6.789 -21.241
6.789 21.241
6.79 -21.2452
6.79 21.2452
6.791 -21.2494
6.791 21.2494
6.792 -21.2536
6.792 21.2536
6.793 -21.2579
6.793 21.2579
6.794 -21.2621
6.794 21.2621
6.795 -21.2663
6.795 21.2663
6.796 -21.2705
6.796 21.2705
6.797 -21.2747
6.797 21.2747
6.798 -21.2789
6.798 21.2789
6.799 -21.2832
6.799 21.2832
6.8 -21.2874
6.8 21.2874
6.801 -21.2916
6.801 21.2916
6.802 -21.2958
6.802 21.2958
6.803 -21.3
6.803 21.3
6.804 -21.3042
6.804 21.3042
6.805 -21.3085
6.805 21.3085
6.806 -21.3127
6.806 21.3127
6.807 -21.3169
6.807 21.3169
6.808 -21.3211
6.808 21.3211
6.809 -21.3253
6.809 21.3253
6.81 -21.3295
6.81 21.3295
6.811 -21.3338
6.811 21.3338
6.812 -21.338
6.812 21.338
6.813 -21.3422
6.813 21.3422
6.814 -21.3464
6.814 21.3464
6.815 -21.3506
6.815 21.3506
6.816 -21.3549
6.816 21.3549
6.817 -21.3591
6.817 21.3591
6.818 -21.3633
6.818 21.3633
6.819 -21.3675
6.819 21.3675
6.82 -21.3718
6.82 21.3718
6.821 -21.376
6.821 21.376
6.822 -21.3802
6.822 21.3802
6.823 -21.3844
6.823 21.3844
6.824 -21.3886
6.824 21.3886
6.825 -21.3929
6.825 21.3929
6.826 -21.3971
6.826 21.3971
6.827 -21.4013
6.827 21.4013
6.828 -21.4055
6.828 21.4055
6.829 -21.4098
6.829 21.4098
6.83 -21.414
6.83 21.414
6.831 -21.4182
6.831 21.4182
6.832 -21.4224
6.832 21.4224
6.833 -21.4267
6.833 21.4267
6.834 -21.4309
6.834 21.4309
6.835 -21.4351
6.835 21.4351
6.836 -21.4393
6.836 21.4393
6.837 -21.4436
6.837 21.4436
6.838 -21.4478
6.838 21.4478
6.839 -21.452
6.839 21.452
6.84 -21.4562
6.84 21.4562
6.841 -21.4605
6.841 21.4605
6.842 -21.4647
6.842 21.4647
6.843 -21.4689
6.843 21.4689
6.844 -21.4732
6.844 21.4732
6.845 -21.4774
6.845 21.4774
6.846 -21.4816
6.846 21.4816
6.847 -21.4858
6.847 21.4858
6.848 -21.4901
6.848 21.4901
6.849 -21.4943
6.849 21.4943
6.85 -21.4985
6.85 21.4985
6.851 -21.5028
6.851 21.5028
6.852 -21.507
6.852 21.507
6.853 -21.5112
6.853 21.5112
6.854 -21.5154
6.854 21.5154
6.855 -21.5197
6.855 21.5197
6.856 -21.5239
6.856 21.5239
6.857 -21.5281
6.857 21.5281
6.858 -21.5324
6.858 21.5324
6.859 -21.5366
6.859 21.5366
6.86 -21.5408
6.86 21.5408
6.861 -21.5451
6.861 21.5451
6.862 -21.5493
6.862 21.5493
6.863 -21.5535
6.863 21.5535
6.864 -21.5578
6.864 21.5578
6.865 -21.562
6.865 21.562
6.866 -21.5662
6.866 21.5662
6.867 -21.5705
6.867 21.5705
6.868 -21.5747
6.868 21.5747
6.869 -21.5789
6.869 21.5789
6.87 -21.5832
6.87 21.5832
6.871 -21.5874
6.871 21.5874
6.872 -21.5916
6.872 21.5916
6.873 -21.5959
6.873 21.5959
6.874 -21.6001
6.874 21.6001
6.875 -21.6044
6.875 21.6044
6.876 -21.6086
6.876 21.6086
6.877 -21.6128
6.877 21.6128
6.878 -21.6171
6.878 21.6171
6.879 -21.6213
6.879 21.6213
6.88 -21.6255
6.88 21.6255
6.881 -21.6298
6.881 21.6298
6.882 -21.634
6.882 21.634
6.883 -21.6383
6.883 21.6383
6.884 -21.6425
6.884 21.6425
6.885 -21.6467
6.885 21.6467
6.886 -21.651
6.886 21.651
6.887 -21.6552
6.887 21.6552
6.888 -21.6594
6.888 21.6594
6.889 -21.6637
6.889 21.6637
6.89 -21.6679
6.89 21.6679
6.891 -21.6722
6.891 21.6722
6.892 -21.6764
6.892 21.6764
6.893 -21.6806
6.893 21.6806
6.894 -21.6849
6.894 21.6849
6.895 -21.6891
6.895 21.6891
6.896 -21.6934
6.896 21.6934
6.897 -21.6976
6.897 21.6976
6.898 -21.7019
6.898 21.7019
6.899 -21.7061
6.899 21.7061
6.9 -21.7103
6.9 21.7103
6.901 -21.7146
6.901 21.7146
6.902 -21.7188
6.902 21.7188
6.903 -21.7231
6.903 21.7231
6.904 -21.7273
6.904 21.7273
6.905 -21.7316
6.905 21.7316
6.906 -21.7358
6.906 21.7358
6.907 -21.74
6.907 21.74
6.908 -21.7443
6.908 21.7443
6.909 -21.7485
6.909 21.7485
6.91 -21.7528
6.91 21.7528
6.911 -21.757
6.911 21.757
6.912 -21.7613
6.912 21.7613
6.913 -21.7655
6.913 21.7655
6.914 -21.7698
6.914 21.7698
6.915 -21.774
6.915 21.774
6.916 -21.7783
6.916 21.7783
6.917 -21.7825
6.917 21.7825
6.918 -21.7868
6.918 21.7868
6.919 -21.791
6.919 21.791
6.92 -21.7953
6.92 21.7953
6.921 -21.7995
6.921 21.7995
6.922 -21.8038
6.922 21.8038
6.923 -21.808
6.923 21.808
6.924 -21.8122
6.924 21.8122
6.925 -21.8165
6.925 21.8165
6.926 -21.8207
6.926 21.8207
6.927 -21.825
6.927 21.825
6.928 -21.8292
6.928 21.8292
6.929 -21.8335
6.929 21.8335
6.93 -21.8377
6.93 21.8377
6.931 -21.842
6.931 21.842
6.932 -21.8463
6.932 21.8463
6.933 -21.8505
6.933 21.8505
6.934 -21.8548
6.934 21.8548
6.935 -21.859
6.935 21.859
6.936 -21.8633
6.936 21.8633
6.937 -21.8675
6.937 21.8675
6.938 -21.8718
6.938 21.8718
6.939 -21.876
6.939 21.876
6.94 -21.8803
6.94 21.8803
6.941 -21.8845
6.941 21.8845
6.942 -21.8888
6.942 21.8888
6.943 -21.893
6.943 21.893
6.944 -21.8973
6.944 21.8973
6.945 -21.9015
6.945 21.9015
6.946 -21.9058
6.946 21.9058
6.947 -21.91
6.947 21.91
6.948 -21.9143
6.948 21.9143
6.949 -21.9186
6.949 21.9186
6.95 -21.9228
6.95 21.9228
6.951 -21.9271
6.951 21.9271
6.952 -21.9313
6.952 21.9313
6.953 -21.9356
6.953 21.9356
6.954 -21.9398
6.954 21.9398
6.955 -21.9441
6.955 21.9441
6.956 -21.9484
6.956 21.9484
6.957 -21.9526
6.957 21.9526
6.958 -21.9569
6.958 21.9569
6.959 -21.9611
6.959 21.9611
6.96 -21.9654
6.96 21.9654
6.961 -21.9696
6.961 21.9696
6.962 -21.9739
6.962 21.9739
6.963 -21.9782
6.963 21.9782
6.964 -21.9824
6.964 21.9824
6.965 -21.9867
6.965 21.9867
6.966 -21.9909
6.966 21.9909
6.967 -21.9952
6.967 21.9952
6.968 -21.9995
6.968 21.9995
6.969 -22.0037
6.969 22.0037
6.97 -22.008
6.97 22.008
6.971 -22.0123
6.971 22.0123
6.972 -22.0165
6.972 22.0165
6.973 -22.0208
6.973 22.0208
6.974 -22.025
6.974 22.025
6.975 -22.0293
6.975 22.0293
6.976 -22.0336
6.976 22.0336
6.977 -22.0378
6.977 22.0378
6.978 -22.0421
6.978 22.0421
6.979 -22.0464
6.979 22.0464
6.98 -22.0506
6.98 22.0506
6.981 -22.0549
6.981 22.0549
6.982 -22.0591
6.982 22.0591
6.983 -22.0634
6.983 22.0634
6.984 -22.0677
6.984 22.0677
6.985 -22.0719
6.985 22.0719
6.986 -22.0762
6.986 22.0762
6.987 -22.0805
6.987 22.0805
6.988 -22.0847
6.988 22.0847
6.989 -22.089
6.989 22.089
6.99 -22.0933
6.99 22.0933
6.991 -22.0975
6.991 22.0975
6.992 -22.1018
6.992 22.1018
6.993 -22.1061
6.993 22.1061
6.994 -22.1103
6.994 22.1103
6.995 -22.1146
6.995 22.1146
6.996 -22.1189
6.996 22.1189
6.997 -22.1231
6.997 22.1231
6.998 -22.1274
6.998 22.1274
6.999 -22.1317
6.999 22.1317
7 -22.1359
7 22.1359
7.001 -22.1402
7.001 22.1402
7.002 -22.1445
7.002 22.1445
7.003 -22.1488
7.003 22.1488
7.004 -22.153
7.004 22.153
7.005 -22.1573
7.005 22.1573
7.006 -22.1616
7.006 22.1616
7.007 -22.1658
7.007 22.1658
7.008 -22.1701
7.008 22.1701
7.009 -22.1744
7.009 22.1744
7.01 -22.1786
7.01 22.1786
7.011 -22.1829
7.011 22.1829
7.012 -22.1872
7.012 22.1872
7.013 -22.1915
7.013 22.1915
7.014 -22.1957
7.014 22.1957
7.015 -22.2
7.015 22.2
7.016 -22.2043
7.016 22.2043
7.017 -22.2086
7.017 22.2086
7.018 -22.2128
7.018 22.2128
7.019 -22.2171
7.019 22.2171
7.02 -22.2214
7.02 22.2214
7.021 -22.2257
7.021 22.2257
7.022 -22.2299
7.022 22.2299
7.023 -22.2342
7.023 22.2342
7.024 -22.2385
7.024 22.2385
7.025 -22.2428
7.025 22.2428
7.026 -22.247
7.026 22.247
7.027 -22.2513
7.027 22.2513
7.028 -22.2556
7.028 22.2556
7.029 -22.2599
7.029 22.2599
7.03 -22.2641
7.03 22.2641
7.031 -22.2684
7.031 22.2684
7.032 -22.2727
7.032 22.2727
7.033 -22.277
7.033 22.277
7.034 -22.2812
7.034 22.2812
7.035 -22.2855
7.035 22.2855
7.036 -22.2898
7.036 22.2898
7.037 -22.2941
7.037 22.2941
7.038 -22.2984
7.038 22.2984
7.039 -22.3026
7.039 22.3026
7.04 -22.3069
7.04 22.3069
7.041 -22.3112
7.041 22.3112
7.042 -22.3155
7.042 22.3155
7.043 -22.3198
7.043 22.3198
7.044 -22.324
7.044 22.324
7.045 -22.3283
7.045 22.3283
7.046 -22.3326
7.046 22.3326
7.047 -22.3369
7.047 22.3369
7.048 -22.3412
7.048 22.3412
7.049 -22.3454
7.049 22.3454
7.05 -22.3497
7.05 22.3497
7.051 -22.354
7.051 22.354
7.052 -22.3583
7.052 22.3583
7.053 -22.3626
7.053 22.3626
7.054 -22.3669
7.054 22.3669
7.055 -22.3711
7.055 22.3711
7.056 -22.3754
7.056 22.3754
7.057 -22.3797
7.057 22.3797
7.058 -22.384
7.058 22.384
7.059 -22.3883
7.059 22.3883
7.06 -22.3926
7.06 22.3926
7.061 -22.3968
7.061 22.3968
7.062 -22.4011
7.062 22.4011
7.063 -22.4054
7.063 22.4054
7.064 -22.4097
7.064 22.4097
7.065 -22.414
7.065 22.414
7.066 -22.4183
7.066 22.4183
7.067 -22.4226
7.067 22.4226
7.068 -22.4268
7.068 22.4268
7.069 -22.4311
7.069 22.4311
7.07 -22.4354
7.07 22.4354
7.071 -22.4397
7.071 22.4397
7.072 -22.444
7.072 22.444
7.073 -22.4483
7.073 22.4483
7.074 -22.4526
7.074 22.4526
7.075 -22.4569
7.075 22.4569
7.076 -22.4611
7.076 22.4611
7.077 -22.4654
7.077 22.4654
7.078 -22.4697
7.078 22.4697
7.079 -22.474
7.079 22.474
7.08 -22.4783
7.08 22.4783
7.081 -22.4826
7.081 22.4826
7.082 -22.4869
7.082 22.4869
7.083 -22.4912
7.083 22.4912
7.084 -22.4955
7.084 22.4955
7.085 -22.4998
7.085 22.4998
7.086 -22.504
7.086 22.504
7.087 -22.5083
7.087 22.5083
7.088 -22.5126
7.088 22.5126
7.089 -22.5169
7.089 22.5169
7.09 -22.5212
7.09 22.5212
7.091 -22.5255
7.091 22.5255
7.092 -22.5298
7.092 22.5298
7.093 -22.5341
7.093 22.5341
7.094 -22.5384
7.094 22.5384
7.095 -22.5427
7.095 22.5427
7.096 -22.547
7.096 22.547
7.097 -22.5513
7.097 22.5513
7.098 -22.5556
7.098 22.5556
7.099 -22.5599
7.099 22.5599
7.1 -22.5642
7.1 22.5642
7.101 -22.5684
7.101 22.5684
7.102 -22.5727
7.102 22.5727
7.103 -22.577
7.103 22.577
7.104 -22.5813
7.104 22.5813
7.105 -22.5856
7.105 22.5856
7.106 -22.5899
7.106 22.5899
7.107 -22.5942
7.107 22.5942
7.108 -22.5985
7.108 22.5985
7.109 -22.6028
7.109 22.6028
7.11 -22.6071
7.11 22.6071
7.111 -22.6114
7.111 22.6114
7.112 -22.6157
7.112 22.6157
7.113 -22.62
7.113 22.62
7.114 -22.6243
7.114 22.6243
7.115 -22.6286
7.115 22.6286
7.116 -22.6329
7.116 22.6329
7.117 -22.6372
7.117 22.6372
7.118 -22.6415
7.118 22.6415
7.119 -22.6458
7.119 22.6458
7.12 -22.6501
7.12 22.6501
7.121 -22.6544
7.121 22.6544
7.122 -22.6587
7.122 22.6587
7.123 -22.663
7.123 22.663
7.124 -22.6673
7.124 22.6673
7.125 -22.6716
7.125 22.6716
7.126 -22.6759
7.126 22.6759
7.127 -22.6802
7.127 22.6802
7.128 -22.6845
7.128 22.6845
7.129 -22.6888
7.129 22.6888
7.13 -22.6931
7.13 22.6931
7.131 -22.6974
7.131 22.6974
7.132 -22.7017
7.132 22.7017
7.133 -22.706
7.133 22.706
7.134 -22.7103
7.134 22.7103
7.135 -22.7146
7.135 22.7146
7.136 -22.7189
7.136 22.7189
7.137 -22.7232
7.137 22.7232
7.138 -22.7276
7.138 22.7276
7.139 -22.7319
7.139 22.7319
7.14 -22.7362
7.14 22.7362
7.141 -22.7405
7.141 22.7405
7.142 -22.7448
7.142 22.7448
7.143 -22.7491
7.143 22.7491
7.144 -22.7534
7.144 22.7534
7.145 -22.7577
7.145 22.7577
7.146 -22.762
7.146 22.762
7.147 -22.7663
7.147 22.7663
7.148 -22.7706
7.148 22.7706
7.149 -22.7749
7.149 22.7749
7.15 -22.7792
7.15 22.7792
7.151 -22.7835
7.151 22.7835
7.152 -22.7878
7.152 22.7878
7.153 -22.7922
7.153 22.7922
7.154 -22.7965
7.154 22.7965
7.155 -22.8008
7.155 22.8008
7.156 -22.8051
7.156 22.8051
7.157 -22.8094
7.157 22.8094
7.158 -22.8137
7.158 22.8137
7.159 -22.818
7.159 22.818
7.16 -22.8223
7.16 22.8223
7.161 -22.8266
7.161 22.8266
7.162 -22.8309
7.162 22.8309
7.163 -22.8353
7.163 22.8353
7.164 -22.8396
7.164 22.8396
7.165 -22.8439
7.165 22.8439
7.166 -22.8482
7.166 22.8482
7.167 -22.8525
7.167 22.8525
7.168 -22.8568
7.168 22.8568
7.169 -22.8611
7.169 22.8611
7.17 -22.8654
7.17 22.8654
7.171 -22.8698
7.171 22.8698
7.172 -22.8741
7.172 22.8741
7.173 -22.8784
7.173 22.8784
7.174 -22.8827
7.174 22.8827
7.175 -22.887
7.175 22.887
7.176 -22.8913
7.176 22.8913
7.177 -22.8956
7.177 22.8956
7.178 -22.9
7.178 22.9
7.179 -22.9043
7.179 22.9043
7.18 -22.9086
7.18 22.9086
7.181 -22.9129
7.181 22.9129
7.182 -22.9172
7.182 22.9172
7.183 -22.9215
7.183 22.9215
7.184 -22.9259
7.184 22.9259
7.185 -22.9302
7.185 22.9302
7.186 -22.9345
7.186 22.9345
7.187 -22.9388
7.187 22.9388
7.188 -22.9431
7.188 22.9431
7.189 -22.9474
7.189 22.9474
7.19 -22.9518
7.19 22.9518
7.191 -22.9561
7.191 22.9561
7.192 -22.9604
7.192 22.9604
7.193 -22.9647
7.193 22.9647
7.194 -22.969
7.194 22.969
7.195 -22.9734
7.195 22.9734
7.196 -22.9777
7.196 22.9777
7.197 -22.982
7.197 22.982
7.198 -22.9863
7.198 22.9863
7.199 -22.9906
7.199 22.9906
7.2 -22.995
7.2 22.995
7.201 -22.9993
7.201 22.9993
7.202 -23.0036
7.202 23.0036
7.203 -23.0079
7.203 23.0079
7.204 -23.0122
7.204 23.0122
7.205 -23.0166
7.205 23.0166
7.206 -23.0209
7.206 23.0209
7.207 -23.0252
7.207 23.0252
7.208 -23.0295
7.208 23.0295
7.209 -23.0339
7.209 23.0339
7.21 -23.0382
7.21 23.0382
7.211 -23.0425
7.211 23.0425
7.212 -23.0468
7.212 23.0468
7.213 -23.0512
7.213 23.0512
7.214 -23.0555
7.214 23.0555
7.215 -23.0598
7.215 23.0598
7.216 -23.0641
7.216 23.0641
7.217 -23.0684
7.217 23.0684
7.218 -23.0728
7.218 23.0728
7.219 -23.0771
7.219 23.0771
7.22 -23.0814
7.22 23.0814
7.221 -23.0858
7.221 23.0858
7.222 -23.0901
7.222 23.0901
7.223 -23.0944
7.223 23.0944
7.224 -23.0987
7.224 23.0987
7.225 -23.1031
7.225 23.1031
7.226 -23.1074
7.226 23.1074
7.227 -23.1117
7.227 23.1117
7.228 -23.116
7.228 23.116
7.229 -23.1204
7.229 23.1204
7.23 -23.1247
7.23 23.1247
7.231 -23.129
7.231 23.129
7.232 -23.1334
7.232 23.1334
7.233 -23.1377
7.233 23.1377
7.234 -23.142
7.234 23.142
7.235 -23.1463
7.235 23.1463
7.236 -23.1507
7.236 23.1507
7.237 -23.155
7.237 23.155
7.238 -23.1593
7.238 23.1593
7.239 -23.1637
7.239 23.1637
7.24 -23.168
7.24 23.168
7.241 -23.1723
7.241 23.1723
7.242 -23.1767
7.242 23.1767
7.243 -23.181
7.243 23.181
7.244 -23.1853
7.244 23.1853
7.245 -23.1897
7.245 23.1897
7.246 -23.194
7.246 23.194
7.247 -23.1983
7.247 23.1983
7.248 -23.2027
7.248 23.2027
7.249 -23.207
7.249 23.207
7.25 -23.2113
7.25 23.2113
7.251 -23.2157
7.251 23.2157
7.252 -23.22
7.252 23.22
7.253 -23.2243
7.253 23.2243
7.254 -23.2287
7.254 23.2287
7.255 -23.233
7.255 23.233
7.256 -23.2373
7.256 23.2373
7.257 -23.2417
7.257 23.2417
7.258 -23.246
7.258 23.246
7.259 -23.2503
7.259 23.2503
7.26 -23.2547
7.26 23.2547
7.261 -23.259
7.261 23.259
7.262 -23.2633
7.262 23.2633
7.263 -23.2677
7.263 23.2677
7.264 -23.272
7.264 23.272
7.265 -23.2764
7.265 23.2764
7.266 -23.2807
7.266 23.2807
7.267 -23.285
7.267 23.285
7.268 -23.2894
7.268 23.2894
7.269 -23.2937
7.269 23.2937
7.27 -23.2981
7.27 23.2981
7.271 -23.3024
7.271 23.3024
7.272 -23.3067
7.272 23.3067
7.273 -23.3111
7.273 23.3111
7.274 -23.3154
7.274 23.3154
7.275 -23.3198
7.275 23.3198
7.276 -23.3241
7.276 23.3241
7.277 -23.3284
7.277 23.3284
7.278 -23.3328
7.278 23.3328
7.279 -23.3371
7.279 23.3371
7.28 -23.3415
7.28 23.3415
7.281 -23.3458
7.281 23.3458
7.282 -23.3501
7.282 23.3501
7.283 -23.3545
7.283 23.3545
7.284 -23.3588
7.284 23.3588
7.285 -23.3632
7.285 23.3632
7.286 -23.3675
7.286 23.3675
7.287 -23.3719
7.287 23.3719
7.288 -23.3762
7.288 23.3762
7.289 -23.3805
7.289 23.3805
7.29 -23.3849
7.29 23.3849
7.291 -23.3892
7.291 23.3892
7.292 -23.3936
7.292 23.3936
7.293 -23.3979
7.293 23.3979
7.294 -23.4023
7.294 23.4023
7.295 -23.4066
7.295 23.4066
7.296 -23.411
7.296 23.411
7.297 -23.4153
7.297 23.4153
7.298 -23.4196
7.298 23.4196
7.299 -23.424
7.299 23.424
7.3 -23.4283
7.3 23.4283
7.301 -23.4327
7.301 23.4327
7.302 -23.437
7.302 23.437
7.303 -23.4414
7.303 23.4414
7.304 -23.4457
7.304 23.4457
7.305 -23.4501
7.305 23.4501
7.306 -23.4544
7.306 23.4544
7.307 -23.4588
7.307 23.4588
7.308 -23.4631
7.308 23.4631
7.309 -23.4675
7.309 23.4675
7.31 -23.4718
7.31 23.4718
7.311 -23.4762
7.311 23.4762
7.312 -23.4805
7.312 23.4805
7.313 -23.4849
7.313 23.4849
7.314 -23.4892
7.314 23.4892
7.315 -23.4936
7.315 23.4936
7.316 -23.4979
7.316 23.4979
7.317 -23.5023
7.317 23.5023
7.318 -23.5066
7.318 23.5066
7.319 -23.511
7.319 23.511
7.32 -23.5153
7.32 23.5153
7.321 -23.5197
7.321 23.5197
7.322 -23.524
7.322 23.524
7.323 -23.5284
7.323 23.5284
7.324 -23.5327
7.324 23.5327
7.325 -23.5371
7.325 23.5371
7.326 -23.5414
7.326 23.5414
7.327 -23.5458
7.327 23.5458
7.328 -23.5501
7.328 23.5501
7.329 -23.5545
7.329 23.5545
7.33 -23.5589
7.33 23.5589
7.331 -23.5632
7.331 23.5632
7.332 -23.5676
7.332 23.5676
7.333 -23.5719
7.333 23.5719
7.334 -23.5763
7.334 23.5763
7.335 -23.5806
7.335 23.5806
7.336 -23.585
7.336 23.585
7.337 -23.5893
7.337 23.5893
7.338 -23.5937
7.338 23.5937
7.339 -23.5981
7.339 23.5981
7.34 -23.6024
7.34 23.6024
7.341 -23.6068
7.341 23.6068
7.342 -23.6111
7.342 23.6111
7.343 -23.6155
7.343 23.6155
7.344 -23.6198
7.344 23.6198
7.345 -23.6242
7.345 23.6242
7.346 -23.6286
7.346 23.6286
7.347 -23.6329
7.347 23.6329
7.348 -23.6373
7.348 23.6373
7.349 -23.6416
7.349 23.6416
7.35 -23.646
7.35 23.646
7.351 -23.6504
7.351 23.6504
7.352 -23.6547
7.352 23.6547
7.353 -23.6591
7.353 23.6591
7.354 -23.6634
7.354 23.6634
7.355 -23.6678
7.355 23.6678
7.356 -23.6722
7.356 23.6722
7.357 -23.6765
7.357 23.6765
7.358 -23.6809
7.358 23.6809
7.359 -23.6852
7.359 23.6852
7.36 -23.6896
7.36 23.6896
7.361 -23.694
7.361 23.694
7.362 -23.6983
7.362 23.6983
7.363 -23.7027
7.363 23.7027
7.364 -23.707
7.364 23.707
7.365 -23.7114
7.365 23.7114
7.366 -23.7158
7.366 23.7158
7.367 -23.7201
7.367 23.7201
7.368 -23.7245
7.368 23.7245
7.369 -23.7289
7.369 23.7289
7.37 -23.7332
7.37 23.7332
7.371 -23.7376
7.371 23.7376
7.372 -23.742
7.372 23.742
7.373 -23.7463
7.373 23.7463
7.374 -23.7507
7.374 23.7507
7.375 -23.7551
7.375 23.7551
7.376 -23.7594
7.376 23.7594
7.377 -23.7638
7.377 23.7638
7.378 -23.7682
7.378 23.7682
7.379 -23.7725
7.379 23.7725
7.38 -23.7769
7.38 23.7769
7.381 -23.7813
7.381 23.7813
7.382 -23.7856
7.382 23.7856
7.383 -23.79
7.383 23.79
7.384 -23.7944
7.384 23.7944
7.385 -23.7987
7.385 23.7987
7.386 -23.8031
7.386 23.8031
7.387 -23.8075
7.387 23.8075
7.388 -23.8118
7.388 23.8118
7.389 -23.8162
7.389 23.8162
7.39 -23.8206
7.39 23.8206
7.391 -23.8249
7.391 23.8249
7.392 -23.8293
7.392 23.8293
7.393 -23.8337
7.393 23.8337
7.394 -23.8381
7.394 23.8381
7.395 -23.8424
7.395 23.8424
7.396 -23.8468
7.396 23.8468
7.397 -23.8512
7.397 23.8512
7.398 -23.8555
7.398 23.8555
7.399 -23.8599
7.399 23.8599
7.4 -23.8643
7.4 23.8643
7.401 -23.8687
7.401 23.8687
7.402 -23.873
7.402 23.873
7.403 -23.8774
7.403 23.8774
7.404 -23.8818
7.404 23.8818
7.405 -23.8861
7.405 23.8861
7.406 -23.8905
7.406 23.8905
7.407 -23.8949
7.407 23.8949
7.408 -23.8993
7.408 23.8993
7.409 -23.9036
7.409 23.9036
7.41 -23.908
7.41 23.908
7.411 -23.9124
7.411 23.9124
7.412 -23.9168
7.412 23.9168
7.413 -23.9211
7.413 23.9211
7.414 -23.9255
7.414 23.9255
7.415 -23.9299
7.415 23.9299
7.416 -23.9343
7.416 23.9343
7.417 -23.9386
7.417 23.9386
7.418 -23.943
7.418 23.943
7.419 -23.9474
7.419 23.9474
7.42 -23.9518
7.42 23.9518
7.421 -23.9562
7.421 23.9562
7.422 -23.9605
7.422 23.9605
7.423 -23.9649
7.423 23.9649
7.424 -23.9693
7.424 23.9693
7.425 -23.9737
7.425 23.9737
7.426 -23.978
7.426 23.978
7.427 -23.9824
7.427 23.9824
7.428 -23.9868
7.428 23.9868
7.429 -23.9912
7.429 23.9912
7.43 -23.9956
7.43 23.9956
7.431 -23.9999
7.431 23.9999
7.432 -24.0043
7.432 24.0043
7.433 -24.0087
7.433 24.0087
7.434 -24.0131
7.434 24.0131
7.435 -24.0175
7.435 24.0175
7.436 -24.0218
7.436 24.0218
7.437 -24.0262
7.437 24.0262
7.438 -24.0306
7.438 24.0306
7.439 -24.035
7.439 24.035
7.44 -24.0394
7.44 24.0394
7.441 -24.0438
7.441 24.0438
7.442 -24.0481
7.442 24.0481
7.443 -24.0525
7.443 24.0525
7.444 -24.0569
7.444 24.0569
7.445 -24.0613
7.445 24.0613
7.446 -24.0657
7.446 24.0657
7.447 -24.0701
7.447 24.0701
7.448 -24.0744
7.448 24.0744
7.449 -24.0788
7.449 24.0788
7.45 -24.0832
7.45 24.0832
7.451 -24.0876
7.451 24.0876
7.452 -24.092
7.452 24.092
7.453 -24.0964
7.453 24.0964
7.454 -24.1008
7.454 24.1008
7.455 -24.1051
7.455 24.1051
7.456 -24.1095
7.456 24.1095
7.457 -24.1139
7.457 24.1139
7.458 -24.1183
7.458 24.1183
7.459 -24.1227
7.459 24.1227
7.46 -24.1271
7.46 24.1271
7.461 -24.1315
7.461 24.1315
7.462 -24.1359
7.462 24.1359
7.463 -24.1402
7.463 24.1402
7.464 -24.1446
7.464 24.1446
7.465 -24.149
7.465 24.149
7.466 -24.1534
7.466 24.1534
7.467 -24.1578
7.467 24.1578
7.468 -24.1622
7.468 24.1622
7.469 -24.1666
7.469 24.1666
7.47 -24.171
7.47 24.171
7.471 -24.1754
7.471 24.1754
7.472 -24.1797
7.472 24.1797
7.473 -24.1841
7.473 24.1841
7.474 -24.1885
7.474 24.1885
7.475 -24.1929
7.475 24.1929
7.476 -24.1973
7.476 24.1973
7.477 -24.2017
7.477 24.2017
7.478 -24.2061
7.478 24.2061
7.479 -24.2105
7.479 24.2105
7.48 -24.2149
7.48 24.2149
7.481 -24.2193
7.481 24.2193
7.482 -24.2237
7.482 24.2237
7.483 -24.2281
7.483 24.2281
7.484 -24.2324
7.484 24.2324
7.485 -24.2368
7.485 24.2368
7.486 -24.2412
7.486 24.2412
7.487 -24.2456
7.487 24.2456
7.488 -24.25
7.488 24.25
7.489 -24.2544
7.489 24.2544
7.49 -24.2588
7.49 24.2588
7.491 -24.2632
7.491 24.2632
7.492 -24.2676
7.492 24.2676
7.493 -24.272
7.493 24.272
7.494 -24.2764
7.494 24.2764
7.495 -24.2808
7.495 24.2808
7.496 -24.2852
7.496 24.2852
7.497 -24.2896
7.497 24.2896
7.498 -24.294
7.498 24.294
7.499 -24.2984
7.499 24.2984
7.5 -24.3028
7.5 24.3028
7.501 -24.3072
7.501 24.3072
7.502 -24.3116
7.502 24.3116
7.503 -24.316
7.503 24.316
7.504 -24.3204
7.504 24.3204
7.505 -24.3248
7.505 24.3248
7.506 -24.3292
7.506 24.3292
7.507 -24.3336
7.507 24.3336
7.508 -24.338
7.508 24.338
7.509 -24.3424
7.509 24.3424
7.51 -24.3468
7.51 24.3468
7.511 -24.3512
7.511 24.3512
7.512 -24.3556
7.512 24.3556
7.513 -24.36
7.513 24.36
7.514 -24.3644
7.514 24.3644
7.515 -24.3688
7.515 24.3688
7.516 -24.3732
7.516 24.3732
7.517 -24.3776
7.517 24.3776
7.518 -24.382
7.518 24.382
7.519 -24.3864
7.519 24.3864
7.52 -24.3908
7.52 24.3908
7.521 -24.3952
7.521 24.3952
7.522 -24.3996
7.522 24.3996
7.523 -24.404
7.523 24.404
7.524 -24.4084
7.524 24.4084
7.525 -24.4128
7.525 24.4128
7.526 -24.4172
7.526 24.4172
7.527 -24.4216
7.527 24.4216
7.528 -24.426
7.528 24.426
7.529 -24.4304
7.529 24.4304
7.53 -24.4348
7.53 24.4348
7.531 -24.4392
7.531 24.4392
7.532 -24.4436
7.532 24.4436
7.533 -24.448
7.533 24.448
7.534 -24.4524
7.534 24.4524
7.535 -24.4569
7.535 24.4569
7.536 -24.4613
7.536 24.4613
7.537 -24.4657
7.537 24.4657
7.538 -24.4701
7.538 24.4701
7.539 -24.4745
7.539 24.4745
7.54 -24.4789
7.54 24.4789
7.541 -24.4833
7.541 24.4833
7.542 -24.4877
7.542 24.4877
7.543 -24.4921
7.543 24.4921
7.544 -24.4965
7.544 24.4965
7.545 -24.5009
7.545 24.5009
7.546 -24.5053
7.546 24.5053
7.547 -24.5097
7.547 24.5097
7.548 -24.5142
7.548 24.5142
7.549 -24.5186
7.549 24.5186
7.55 -24.523
7.55 24.523
7.551 -24.5274
7.551 24.5274
7.552 -24.5318
7.552 24.5318
7.553 -24.5362
7.553 24.5362
7.554 -24.5406
7.554 24.5406
7.555 -24.545
7.555 24.545
7.556 -24.5494
7.556 24.5494
7.557 -24.5539
7.557 24.5539
7.558 -24.5583
7.558 24.5583
7.559 -24.5627
7.559 24.5627
7.56 -24.5671
7.56 24.5671
7.561 -24.5715
7.561 24.5715
7.562 -24.5759
7.562 24.5759
7.563 -24.5803
7.563 24.5803
7.564 -24.5847
7.564 24.5847
7.565 -24.5892
7.565 24.5892
7.566 -24.5936
7.566 24.5936
7.567 -24.598
7.567 24.598
7.568 -24.6024
7.568 24.6024
7.569 -24.6068
7.569 24.6068
7.57 -24.6112
7.57 24.6112
7.571 -24.6156
7.571 24.6156
7.572 -24.6201
7.572 24.6201
7.573 -24.6245
7.573 24.6245
7.574 -24.6289
7.574 24.6289
7.575 -24.6333
7.575 24.6333
7.576 -24.6377
7.576 24.6377
7.577 -24.6421
7.577 24.6421
7.578 -24.6466
7.578 24.6466
7.579 -24.651
7.579 24.651
7.58 -24.6554
7.58 24.6554
7.581 -24.6598
7.581 24.6598
7.582 -24.6642
7.582 24.6642
7.583 -24.6687
7.583 24.6687
7.584 -24.6731
7.584 24.6731
7.585 -24.6775
7.585 24.6775
7.586 -24.6819
7.586 24.6819
7.587 -24.6863
7.587 24.6863
7.588 -24.6908
7.588 24.6908
7.589 -24.6952
7.589 24.6952
7.59 -24.6996
7.59 24.6996
7.591 -24.704
7.591 24.704
7.592 -24.7084
7.592 24.7084
7.593 -24.7129
7.593 24.7129
7.594 -24.7173
7.594 24.7173
7.595 -24.7217
7.595 24.7217
7.596 -24.7261
7.596 24.7261
7.597 -24.7305
7.597 24.7305
7.598 -24.735
7.598 24.735
7.599 -24.7394
7.599 24.7394
7.6 -24.7438
7.6 24.7438
7.601 -24.7482
7.601 24.7482
7.602 -24.7527
7.602 24.7527
7.603 -24.7571
7.603 24.7571
7.604 -24.7615
7.604 24.7615
7.605 -24.7659
7.605 24.7659
7.606 -24.7703
7.606 24.7703
7.607 -24.7748
7.607 24.7748
7.608 -24.7792
7.608 24.7792
7.609 -24.7836
7.609 24.7836
7.61 -24.788
7.61 24.788
7.611 -24.7925
7.611 24.7925
7.612 -24.7969
7.612 24.7969
7.613 -24.8013
7.613 24.8013
7.614 -24.8058
7.614 24.8058
7.615 -24.8102
7.615 24.8102
7.616 -24.8146
7.616 24.8146
7.617 -24.819
7.617 24.819
7.618 -24.8235
7.618 24.8235
7.619 -24.8279
7.619 24.8279
7.62 -24.8323
7.62 24.8323
7.621 -24.8367
7.621 24.8367
7.622 -24.8412
7.622 24.8412
7.623 -24.8456
7.623 24.8456
7.624 -24.85
7.624 24.85
7.625 -24.8545
7.625 24.8545
7.626 -24.8589
7.626 24.8589
7.627 -24.8633
7.627 24.8633
7.628 -24.8677
7.628 24.8677
7.629 -24.8722
7.629 24.8722
7.63 -24.8766
7.63 24.8766
7.631 -24.881
7.631 24.881
7.632 -24.8855
7.632 24.8855
7.633 -24.8899
7.633 24.8899
7.634 -24.8943
7.634 24.8943
7.635 -24.8988
7.635 24.8988
7.636 -24.9032
7.636 24.9032
7.637 -24.9076
7.637 24.9076
7.638 -24.9121
7.638 24.9121
7.639 -24.9165
7.639 24.9165
7.64 -24.9209
7.64 24.9209
7.641 -24.9254
7.641 24.9254
7.642 -24.9298
7.642 24.9298
7.643 -24.9342
7.643 24.9342
7.644 -24.9387
7.644 24.9387
7.645 -24.9431
7.645 24.9431
7.646 -24.9475
7.646 24.9475
7.647 -24.952
7.647 24.952
7.648 -24.9564
7.648 24.9564
7.649 -24.9608
7.649 24.9608
7.65 -24.9653
7.65 24.9653
7.651 -24.9697
7.651 24.9697
7.652 -24.9741
7.652 24.9741
7.653 -24.9786
7.653 24.9786
7.654 -24.983
7.654 24.983
7.655 -24.9874
7.655 24.9874
7.656 -24.9919
7.656 24.9919
7.657 -24.9963
7.657 24.9963
7.658 -25.0008
7.658 25.0008
7.659 -25.0052
7.659 25.0052
7.66 -25.0096
7.66 25.0096
7.661 -25.0141
7.661 25.0141
7.662 -25.0185
7.662 25.0185
7.663 -25.023
7.663 25.023
7.664 -25.0274
7.664 25.0274
7.665 -25.0318
7.665 25.0318
7.666 -25.0363
7.666 25.0363
7.667 -25.0407
7.667 25.0407
7.668 -25.0451
7.668 25.0451
7.669 -25.0496
7.669 25.0496
7.67 -25.054
7.67 25.054
7.671 -25.0585
7.671 25.0585
7.672 -25.0629
7.672 25.0629
7.673 -25.0674
7.673 25.0674
7.674 -25.0718
7.674 25.0718
7.675 -25.0762
7.675 25.0762
7.676 -25.0807
7.676 25.0807
7.677 -25.0851
7.677 25.0851
7.678 -25.0896
7.678 25.0896
7.679 -25.094
7.679 25.094
7.68 -25.0984
7.68 25.0984
7.681 -25.1029
7.681 25.1029
7.682 -25.1073
7.682 25.1073
7.683 -25.1118
7.683 25.1118
7.684 -25.1162
7.684 25.1162
7.685 -25.1207
7.685 25.1207
7.686 -25.1251
7.686 25.1251
7.687 -25.1296
7.687 25.1296
7.688 -25.134
7.688 25.134
7.689 -25.1384
7.689 25.1384
7.69 -25.1429
7.69 25.1429
7.691 -25.1473
7.691 25.1473
7.692 -25.1518
7.692 25.1518
7.693 -25.1562
7.693 25.1562
7.694 -25.1607
7.694 25.1607
7.695 -25.1651
7.695 25.1651
7.696 -25.1696
7.696 25.1696
7.697 -25.174
7.697 25.174
7.698 -25.1785
7.698 25.1785
7.699 -25.1829
7.699 25.1829
7.7 -25.1874
7.7 25.1874
7.701 -25.1918
7.701 25.1918
7.702 -25.1963
7.702 25.1963
7.703 -25.2007
7.703 25.2007
7.704 -25.2052
7.704 25.2052
7.705 -25.2096
7.705 25.2096
7.706 -25.2141
7.706 25.2141
7.707 -25.2185
7.707 25.2185
7.708 -25.223
7.708 25.223
7.709 -25.2274
7.709 25.2274
7.71 -25.2319
7.71 25.2319
7.711 -25.2363
7.711 25.2363
7.712 -25.2408
7.712 25.2408
7.713 -25.2452
7.713 25.2452
7.714 -25.2497
7.714 25.2497
7.715 -25.2541
7.715 25.2541
7.716 -25.2586
7.716 25.2586
7.717 -25.263
7.717 25.263
7.718 -25.2675
7.718 25.2675
7.719 -25.2719
7.719 25.2719
7.72 -25.2764
7.72 25.2764
7.721 -25.2808
7.721 25.2808
7.722 -25.2853
7.722 25.2853
7.723 -25.2897
7.723 25.2897
7.724 -25.2942
7.724 25.2942
7.725 -25.2986
7.725 25.2986
7.726 -25.3031
7.726 25.3031
7.727 -25.3075
7.727 25.3075
7.728 -25.312
7.728 25.312
7.729 -25.3165
7.729 25.3165
7.73 -25.3209
7.73 25.3209
7.731 -25.3254
7.731 25.3254
7.732 -25.3298
7.732 25.3298
7.733 -25.3343
7.733 25.3343
7.734 -25.3387
7.734 25.3387
7.735 -25.3432
7.735 25.3432
7.736 -25.3477
7.736 25.3477
7.737 -25.3521
7.737 25.3521
7.738 -25.3566
7.738 25.3566
7.739 -25.361
7.739 25.361
7.74 -25.3655
7.74 25.3655
7.741 -25.3699
7.741 25.3699
7.742 -25.3744
7.742 25.3744
7.743 -25.3789
7.743 25.3789
7.744 -25.3833
7.744 25.3833
7.745 -25.3878
7.745 25.3878
7.746 -25.3922
7.746 25.3922
7.747 -25.3967
7.747 25.3967
7.748 -25.4012
7.748 25.4012
7.749 -25.4056
7.749 25.4056
7.75 -25.4101
7.75 25.4101
7.751 -25.4145
7.751 25.4145
7.752 -25.419
7.752 25.419
7.753 -25.4235
7.753 25.4235
7.754 -25.4279
7.754 25.4279
7.755 -25.4324
7.755 25.4324
7.756 -25.4368
7.756 25.4368
7.757 -25.4413
7.757 25.4413
7.758 -25.4458
7.758 25.4458
7.759 -25.4502
7.759 25.4502
7.76 -25.4547
7.76 25.4547
7.761 -25.4592
7.761 25.4592
7.762 -25.4636
7.762 25.4636
7.763 -25.4681
7.763 25.4681
7.764 -25.4725
7.764 25.4725
7.765 -25.477
7.765 25.477
7.766 -25.4815
7.766 25.4815
7.767 -25.4859
7.767 25.4859
7.768 -25.4904
7.768 25.4904
7.769 -25.4949
7.769 25.4949
7.77 -25.4993
7.77 25.4993
7.771 -25.5038
7.771 25.5038
7.772 -25.5083
7.772 25.5083
7.773 -25.5127
7.773 25.5127
7.774 -25.5172
7.774 25.5172
7.775 -25.5217
7.775 25.5217
7.776 -25.5261
7.776 25.5261
7.777 -25.5306
7.777 25.5306
7.778 -25.5351
7.778 25.5351
7.779 -25.5395
7.779 25.5395
7.78 -25.544
7.78 25.544
7.781 -25.5485
7.781 25.5485
7.782 -25.5529
7.782 25.5529
7.783 -25.5574
7.783 25.5574
7.784 -25.5619
7.784 25.5619
7.785 -25.5663
7.785 25.5663
7.786 -25.5708
7.786 25.5708
7.787 -25.5753
7.787 25.5753
7.788 -25.5798
7.788 25.5798
7.789 -25.5842
7.789 25.5842
7.79 -25.5887
7.79 25.5887
7.791 -25.5932
7.791 25.5932
7.792 -25.5976
7.792 25.5976
7.793 -25.6021
7.793 25.6021
7.794 -25.6066
7.794 25.6066
7.795 -25.6111
7.795 25.6111
7.796 -25.6155
7.796 25.6155
7.797 -25.62
7.797 25.62
7.798 -25.6245
7.798 25.6245
7.799 -25.6289
7.799 25.6289
7.8 -25.6334
7.8 25.6334
7.801 -25.6379
7.801 25.6379
7.802 -25.6424
7.802 25.6424
7.803 -25.6468
7.803 25.6468
7.804 -25.6513
7.804 25.6513
7.805 -25.6558
7.805 25.6558
7.806 -25.6603
7.806 25.6603
7.807 -25.6647
7.807 25.6647
7.808 -25.6692
7.808 25.6692
7.809 -25.6737
7.809 25.6737
7.81 -25.6782
7.81 25.6782
7.811 -25.6826
7.811 25.6826
7.812 -25.6871
7.812 25.6871
7.813 -25.6916
7.813 25.6916
7.814 -25.6961
7.814 25.6961
7.815 -25.7005
7.815 25.7005
7.816 -25.705
7.816 25.705
7.817 -25.7095
7.817 25.7095
7.818 -25.714
7.818 25.714
7.819 -25.7184
7.819 25.7184
7.82 -25.7229
7.82 25.7229
7.821 -25.7274
7.821 25.7274
7.822 -25.7319
7.822 25.7319
7.823 -25.7364
7.823 25.7364
7.824 -25.7408
7.824 25.7408
7.825 -25.7453
7.825 25.7453
7.826 -25.7498
7.826 25.7498
7.827 -25.7543
7.827 25.7543
7.828 -25.7588
7.828 25.7588
7.829 -25.7632
7.829 25.7632
7.83 -25.7677
7.83 25.7677
7.831 -25.7722
7.831 25.7722
7.832 -25.7767
7.832 25.7767
7.833 -25.7812
7.833 25.7812
7.834 -25.7856
7.834 25.7856
7.835 -25.7901
7.835 25.7901
7.836 -25.7946
7.836 25.7946
7.837 -25.7991
7.837 25.7991
7.838 -25.8036
7.838 25.8036
7.839 -25.8081
7.839 25.8081
7.84 -25.8125
7.84 25.8125
7.841 -25.817
7.841 25.817
7.842 -25.8215
7.842 25.8215
7.843 -25.826
7.843 25.826
7.844 -25.8305
7.844 25.8305
7.845 -25.835
7.845 25.835
7.846 -25.8394
7.846 25.8394
7.847 -25.8439
7.847 25.8439
7.848 -25.8484
7.848 25.8484
7.849 -25.8529
7.849 25.8529
7.85 -25.8574
7.85 25.8574
7.851 -25.8619
7.851 25.8619
7.852 -25.8664
7.852 25.8664
7.853 -25.8708
7.853 25.8708
7.854 -25.8753
7.854 25.8753
7.855 -25.8798
7.855 25.8798
7.856 -25.8843
7.856 25.8843
7.857 -25.8888
7.857 25.8888
7.858 -25.8933
7.858 25.8933
7.859 -25.8978
7.859 25.8978
7.86 -25.9022
7.86 25.9022
7.861 -25.9067
7.861 25.9067
7.862 -25.9112
7.862 25.9112
7.863 -25.9157
7.863 25.9157
7.864 -25.9202
7.864 25.9202
7.865 -25.9247
7.865 25.9247
7.866 -25.9292
7.866 25.9292
7.867 -25.9337
7.867 25.9337
7.868 -25.9382
7.868 25.9382
7.869 -25.9427
7.869 25.9427
7.87 -25.9471
7.87 25.9471
7.871 -25.9516
7.871 25.9516
7.872 -25.9561
7.872 25.9561
7.873 -25.9606
7.873 25.9606
7.874 -25.9651
7.874 25.9651
7.875 -25.9696
7.875 25.9696
7.876 -25.9741
7.876 25.9741
7.877 -25.9786
7.877 25.9786
7.878 -25.9831
7.878 25.9831
7.879 -25.9876
7.879 25.9876
7.88 -25.9921
7.88 25.9921
7.881 -25.9966
7.881 25.9966
7.882 -26.001
7.882 26.001
7.883 -26.0055
7.883 26.0055
7.884 -26.01
7.884 26.01
7.885 -26.0145
7.885 26.0145
7.886 -26.019
7.886 26.019
7.887 -26.0235
7.887 26.0235
7.888 -26.028
7.888 26.028
7.889 -26.0325
7.889 26.0325
7.89 -26.037
7.89 26.037
7.891 -26.0415
7.891 26.0415
7.892 -26.046
7.892 26.046
7.893 -26.0505
7.893 26.0505
7.894 -26.055
7.894 26.055
7.895 -26.0595
7.895 26.0595
7.896 -26.064
7.896 26.064
7.897 -26.0685
7.897 26.0685
7.898 -26.073
7.898 26.073
7.899 -26.0775
7.899 26.0775
7.9 -26.082
7.9 26.082
7.901 -26.0865
7.901 26.0865
7.902 -26.091
7.902 26.091
7.903 -26.0955
7.903 26.0955
7.904 -26.1
7.904 26.1
7.905 -26.1045
7.905 26.1045
7.906 -26.109
7.906 26.109
7.907 -26.1135
7.907 26.1135
7.908 -26.118
7.908 26.118
7.909 -26.1225
7.909 26.1225
7.91 -26.127
7.91 26.127
7.911 -26.1315
7.911 26.1315
7.912 -26.136
7.912 26.136
7.913 -26.1405
7.913 26.1405
7.914 -26.145
7.914 26.145
7.915 -26.1495
7.915 26.1495
7.916 -26.154
7.916 26.154
7.917 -26.1585
7.917 26.1585
7.918 -26.163
7.918 26.163
7.919 -26.1675
7.919 26.1675
7.92 -26.172
7.92 26.172
7.921 -26.1765
7.921 26.1765
7.922 -26.181
7.922 26.181
7.923 -26.1855
7.923 26.1855
7.924 -26.19
7.924 26.19
7.925 -26.1945
7.925 26.1945
7.926 -26.199
7.926 26.199
7.927 -26.2035
7.927 26.2035
7.928 -26.208
7.928 26.208
7.929 -26.2125
7.929 26.2125
7.93 -26.217
7.93 26.217
7.931 -26.2215
7.931 26.2215
7.932 -26.226
7.932 26.226
7.933 -26.2305
7.933 26.2305
7.934 -26.235
7.934 26.235
7.935 -26.2395
7.935 26.2395
7.936 -26.2441
7.936 26.2441
7.937 -26.2486
7.937 26.2486
7.938 -26.2531
7.938 26.2531
7.939 -26.2576
7.939 26.2576
7.94 -26.2621
7.94 26.2621
7.941 -26.2666
7.941 26.2666
7.942 -26.2711
7.942 26.2711
7.943 -26.2756
7.943 26.2756
7.944 -26.2801
7.944 26.2801
7.945 -26.2846
7.945 26.2846
7.946 -26.2891
7.946 26.2891
7.947 -26.2936
7.947 26.2936
7.948 -26.2982
7.948 26.2982
7.949 -26.3027
7.949 26.3027
7.95 -26.3072
7.95 26.3072
7.951 -26.3117
7.951 26.3117
7.952 -26.3162
7.952 26.3162
7.953 -26.3207
7.953 26.3207
7.954 -26.3252
7.954 26.3252
7.955 -26.3297
7.955 26.3297
7.956 -26.3342
7.956 26.3342
7.957 -26.3388
7.957 26.3388
7.958 -26.3433
7.958 26.3433
7.959 -26.3478
7.959 26.3478
7.96 -26.3523
7.96 26.3523
7.961 -26.3568
7.961 26.3568
7.962 -26.3613
7.962 26.3613
7.963 -26.3658
7.963 26.3658
7.964 -26.3703
7.964 26.3703
7.965 -26.3749
7.965 26.3749
7.966 -26.3794
7.966 26.3794
7.967 -26.3839
7.967 26.3839
7.968 -26.3884
7.968 26.3884
7.969 -26.3929
7.969 26.3929
7.97 -26.3974
7.97 26.3974
7.971 -26.4019
7.971 26.4019
7.972 -26.4065
7.972 26.4065
7.973 -26.411
7.973 26.411
7.974 -26.4155
7.974 26.4155
7.975 -26.42
7.975 26.42
7.976 -26.4245
7.976 26.4245
7.977 -26.429
7.977 26.429
7.978 -26.4336
7.978 26.4336
7.979 -26.4381
7.979 26.4381
7.98 -26.4426
7.98 26.4426
7.981 -26.4471
7.981 26.4471
7.982 -26.4516
7.982 26.4516
7.983 -26.4561
7.983 26.4561
7.984 -26.4607
7.984 26.4607
7.985 -26.4652
7.985 26.4652
7.986 -26.4697
7.986 26.4697
7.987 -26.4742
7.987 26.4742
7.988 -26.4787
7.988 26.4787
7.989 -26.4833
7.989 26.4833
7.99 -26.4878
7.99 26.4878
7.991 -26.4923
7.991 26.4923
7.992 -26.4968
7.992 26.4968
7.993 -26.5013
7.993 26.5013
7.994 -26.5059
7.994 26.5059
7.995 -26.5104
7.995 26.5104
7.996 -26.5149
7.996 26.5149
7.997 -26.5194
7.997 26.5194
7.998 -26.524
7.998 26.524
7.999 -26.5285
7.999 26.5285
8 -26.533
8 26.533
8.001 -26.5375
8.001 26.5375
8.002 -26.542
8.002 26.542
8.003 -26.5466
8.003 26.5466
8.004 -26.5511
8.004 26.5511
8.005 -26.5556
8.005 26.5556
8.006 -26.5601
8.006 26.5601
8.007 -26.5647
8.007 26.5647
8.008 -26.5692
8.008 26.5692
8.009 -26.5737
8.009 26.5737
8.01 -26.5782
8.01 26.5782
8.011 -26.5828
8.011 26.5828
8.012 -26.5873
8.012 26.5873
8.013 -26.5918
8.013 26.5918
8.014 -26.5963
8.014 26.5963
8.015 -26.6009
8.015 26.6009
8.016 -26.6054
8.016 26.6054
8.017 -26.6099
8.017 26.6099
8.018 -26.6144
8.018 26.6144
8.019 -26.619
8.019 26.619
8.02 -26.6235
8.02 26.6235
8.021 -26.628
8.021 26.628
8.022 -26.6326
8.022 26.6326
8.023 -26.6371
8.023 26.6371
8.024 -26.6416
8.024 26.6416
8.025 -26.6461
8.025 26.6461
8.026 -26.6507
8.026 26.6507
8.027 -26.6552
8.027 26.6552
8.028 -26.6597
8.028 26.6597
8.029 -26.6643
8.029 26.6643
8.03 -26.6688
8.03 26.6688
8.031 -26.6733
8.031 26.6733
8.032 -26.6779
8.032 26.6779
8.033 -26.6824
8.033 26.6824
8.034 -26.6869
8.034 26.6869
8.035 -26.6914
8.035 26.6914
8.036 -26.696
8.036 26.696
8.037 -26.7005
8.037 26.7005
8.038 -26.705
8.038 26.705
8.039 -26.7096
8.039 26.7096
8.04 -26.7141
8.04 26.7141
8.041 -26.7186
8.041 26.7186
8.042 -26.7232
8.042 26.7232
8.043 -26.7277
8.043 26.7277
8.044 -26.7322
8.044 26.7322
8.045 -26.7368
8.045 26.7368
8.046 -26.7413
8.046 26.7413
8.047 -26.7458
8.047 26.7458
8.048 -26.7504
8.048 26.7504
8.049 -26.7549
8.049 26.7549
8.05 -26.7594
8.05 26.7594
8.051 -26.764
8.051 26.764
8.052 -26.7685
8.052 26.7685
8.053 -26.773
8.053 26.773
8.054 -26.7776
8.054 26.7776
8.055 -26.7821
8.055 26.7821
8.056 -26.7867
8.056 26.7867
8.057 -26.7912
8.057 26.7912
8.058 -26.7957
8.058 26.7957
8.059 -26.8003
8.059 26.8003
8.06 -26.8048
8.06 26.8048
8.061 -26.8093
8.061 26.8093
8.062 -26.8139
8.062 26.8139
8.063 -26.8184
8.063 26.8184
8.064 -26.823
8.064 26.823
8.065 -26.8275
8.065 26.8275
8.066 -26.832
8.066 26.832
8.067 -26.8366
8.067 26.8366
8.068 -26.8411
8.068 26.8411
8.069 -26.8456
8.069 26.8456
8.07 -26.8502
8.07 26.8502
8.071 -26.8547
8.071 26.8547
8.072 -26.8593
8.072 26.8593
8.073 -26.8638
8.073 26.8638
8.074 -26.8684
8.074 26.8684
8.075 -26.8729
8.075 26.8729
8.076 -26.8774
8.076 26.8774
8.077 -26.882
8.077 26.882
8.078 -26.8865
8.078 26.8865
8.079 -26.8911
8.079 26.8911
8.08 -26.8956
8.08 26.8956
8.081 -26.9001
8.081 26.9001
8.082 -26.9047
8.082 26.9047
8.083 -26.9092
8.083 26.9092
8.084 -26.9138
8.084 26.9138
8.085 -26.9183
8.085 26.9183
8.086 -26.9229
8.086 26.9229
8.087 -26.9274
8.087 26.9274
8.088 -26.9319
8.088 26.9319
8.089 -26.9365
8.089 26.9365
8.09 -26.941
8.09 26.941
8.091 -26.9456
8.091 26.9456
8.092 -26.9501
8.092 26.9501
8.093 -26.9547
8.093 26.9547
8.094 -26.9592
8.094 26.9592
8.095 -26.9638
8.095 26.9638
8.096 -26.9683
8.096 26.9683
8.097 -26.9729
8.097 26.9729
8.098 -26.9774
8.098 26.9774
8.099 -26.9819
8.099 26.9819
8.1 -26.9865
8.1 26.9865
8.101 -26.991
8.101 26.991
8.102 -26.9956
8.102 26.9956
8.103 -27.0001
8.103 27.0001
8.104 -27.0047
8.104 27.0047
8.105 -27.0092
8.105 27.0092
8.106 -27.0138
8.106 27.0138
8.107 -27.0183
8.107 27.0183
8.108 -27.0229
8.108 27.0229
8.109 -27.0274
8.109 27.0274
8.11 -27.032
8.11 27.032
8.111 -27.0365
8.111 27.0365
8.112 -27.0411
8.112 27.0411
8.113 -27.0456
8.113 27.0456
8.114 -27.0502
8.114 27.0502
8.115 -27.0547
8.115 27.0547
8.116 -27.0593
8.116 27.0593
8.117 -27.0638
8.117 27.0638
8.118 -27.0684
8.118 27.0684
8.119 -27.0729
8.119 27.0729
8.12 -27.0775
8.12 27.0775
8.121 -27.082
8.121 27.082
8.122 -27.0866
8.122 27.0866
8.123 -27.0911
8.123 27.0911
8.124 -27.0957
8.124 27.0957
8.125 -27.1003
8.125 27.1003
8.126 -27.1048
8.126 27.1048
8.127 -27.1094
8.127 27.1094
8.128 -27.1139
8.128 27.1139
8.129 -27.1185
8.129 27.1185
8.13 -27.123
8.13 27.123
8.131 -27.1276
8.131 27.1276
8.132 -27.1321
8.132 27.1321
8.133 -27.1367
8.133 27.1367
8.134 -27.1412
8.134 27.1412
8.135 -27.1458
8.135 27.1458
8.136 -27.1504
8.136 27.1504
8.137 -27.1549
8.137 27.1549
8.138 -27.1595
8.138 27.1595
8.139 -27.164
8.139 27.164
8.14 -27.1686
8.14 27.1686
8.141 -27.1731
8.141 27.1731
8.142 -27.1777
8.142 27.1777
8.143 -27.1823
8.143 27.1823
8.144 -27.1868
8.144 27.1868
8.145 -27.1914
8.145 27.1914
8.146 -27.1959
8.146 27.1959
8.147 -27.2005
8.147 27.2005
8.148 -27.205
8.148 27.205
8.149 -27.2096
8.149 27.2096
8.15 -27.2142
8.15 27.2142
8.151 -27.2187
8.151 27.2187
8.152 -27.2233
8.152 27.2233
8.153 -27.2278
8.153 27.2278
8.154 -27.2324
8.154 27.2324
8.155 -27.237
8.155 27.237
8.156 -27.2415
8.156 27.2415
8.157 -27.2461
8.157 27.2461
8.158 -27.2507
8.158 27.2507
8.159 -27.2552
8.159 27.2552
8.16 -27.2598
8.16 27.2598
8.161 -27.2643
8.161 27.2643
8.162 -27.2689
8.162 27.2689
8.163 -27.2735
8.163 27.2735
8.164 -27.278
8.164 27.278
8.165 -27.2826
8.165 27.2826
8.166 -27.2872
8.166 27.2872
8.167 -27.2917
8.167 27.2917
8.168 -27.2963
8.168 27.2963
8.169 -27.3008
8.169 27.3008
8.17 -27.3054
8.17 27.3054
8.171 -27.31
8.171 27.31
8.172 -27.3145
8.172 27.3145
8.173 -27.3191
8.173 27.3191
8.174 -27.3237
8.174 27.3237
8.175 -27.3282
8.175 27.3282
8.176 -27.3328
8.176 27.3328
8.177 -27.3374
8.177 27.3374
8.178 -27.3419
8.178 27.3419
8.179 -27.3465
8.179 27.3465
8.18 -27.3511
8.18 27.3511
8.181 -27.3556
8.181 27.3556
8.182 -27.3602
8.182 27.3602
8.183 -27.3648
8.183 27.3648
8.184 -27.3693
8.184 27.3693
8.185 -27.3739
8.185 27.3739
8.186 -27.3785
8.186 27.3785
8.187 -27.383
8.187 27.383
8.188 -27.3876
8.188 27.3876
8.189 -27.3922
8.189 27.3922
8.19 -27.3967
8.19 27.3967
8.191 -27.4013
8.191 27.4013
8.192 -27.4059
8.192 27.4059
8.193 -27.4105
8.193 27.4105
8.194 -27.415
8.194 27.415
8.195 -27.4196
8.195 27.4196
8.196 -27.4242
8.196 27.4242
8.197 -27.4287
8.197 27.4287
8.198 -27.4333
8.198 27.4333
8.199 -27.4379
8.199 27.4379
8.2 -27.4424
8.2 27.4424
8.201 -27.447
8.201 27.447
8.202 -27.4516
8.202 27.4516
8.203 -27.4562
8.203 27.4562
8.204 -27.4607
8.204 27.4607
8.205 -27.4653
8.205 27.4653
8.206 -27.4699
8.206 27.4699
8.207 -27.4745
8.207 27.4745
8.208 -27.479
8.208 27.479
8.209 -27.4836
8.209 27.4836
8.21 -27.4882
8.21 27.4882
8.211 -27.4928
8.211 27.4928
8.212 -27.4973
8.212 27.4973
8.213 -27.5019
8.213 27.5019
8.214 -27.5065
8.214 27.5065
8.215 -27.5111
8.215 27.5111
8.216 -27.5156
8.216 27.5156
8.217 -27.5202
8.217 27.5202
8.218 -27.5248
8.218 27.5248
8.219 -27.5294
8.219 27.5294
8.22 -27.5339
8.22 27.5339
8.221 -27.5385
8.221 27.5385
8.222 -27.5431
8.222 27.5431
8.223 -27.5477
8.223 27.5477
8.224 -27.5522
8.224 27.5522
8.225 -27.5568
8.225 27.5568
8.226 -27.5614
8.226 27.5614
8.227 -27.566
8.227 27.566
8.228 -27.5706
8.228 27.5706
8.229 -27.5751
8.229 27.5751
8.23 -27.5797
8.23 27.5797
8.231 -27.5843
8.231 27.5843
8.232 -27.5889
8.232 27.5889
8.233 -27.5934
8.233 27.5934
8.234 -27.598
8.234 27.598
8.235 -27.6026
8.235 27.6026
8.236 -27.6072
8.236 27.6072
8.237 -27.6118
8.237 27.6118
8.238 -27.6164
8.238 27.6164
8.239 -27.6209
8.239 27.6209
8.24 -27.6255
8.24 27.6255
8.241 -27.6301
8.241 27.6301
8.242 -27.6347
8.242 27.6347
8.243 -27.6393
8.243 27.6393
8.244 -27.6438
8.244 27.6438
8.245 -27.6484
8.245 27.6484
8.246 -27.653
8.246 27.653
8.247 -27.6576
8.247 27.6576
8.248 -27.6622
8.248 27.6622
8.249 -27.6668
8.249 27.6668
8.25 -27.6713
8.25 27.6713
8.251 -27.6759
8.251 27.6759
8.252 -27.6805
8.252 27.6805
8.253 -27.6851
8.253 27.6851
8.254 -27.6897
8.254 27.6897
8.255 -27.6943
8.255 27.6943
8.256 -27.6988
8.256 27.6988
8.257 -27.7034
8.257 27.7034
8.258 -27.708
8.258 27.708
8.259 -27.7126
8.259 27.7126
8.26 -27.7172
8.26 27.7172
8.261 -27.7218
8.261 27.7218
8.262 -27.7264
8.262 27.7264
8.263 -27.731
8.263 27.731
8.264 -27.7355
8.264 27.7355
8.265 -27.7401
8.265 27.7401
8.266 -27.7447
8.266 27.7447
8.267 -27.7493
8.267 27.7493
8.268 -27.7539
8.268 27.7539
8.269 -27.7585
8.269 27.7585
8.27 -27.7631
8.27 27.7631
8.271 -27.7677
8.271 27.7677
8.272 -27.7722
8.272 27.7722
8.273 -27.7768
8.273 27.7768
8.274 -27.7814
8.274 27.7814
8.275 -27.786
8.275 27.786
8.276 -27.7906
8.276 27.7906
8.277 -27.7952
8.277 27.7952
8.278 -27.7998
8.278 27.7998
8.279 -27.8044
8.279 27.8044
8.28 -27.809
8.28 27.809
8.281 -27.8136
8.281 27.8136
8.282 -27.8182
8.282 27.8182
8.283 -27.8227
8.283 27.8227
8.284 -27.8273
8.284 27.8273
8.285 -27.8319
8.285 27.8319
8.286 -27.8365
8.286 27.8365
8.287 -27.8411
8.287 27.8411
8.288 -27.8457
8.288 27.8457
8.289 -27.8503
8.289 27.8503
8.29 -27.8549
8.29 27.8549
8.291 -27.8595
8.291 27.8595
8.292 -27.8641
8.292 27.8641
8.293 -27.8687
8.293 27.8687
8.294 -27.8733
8.294 27.8733
8.295 -27.8779
8.295 27.8779
8.296 -27.8825
8.296 27.8825
8.297 -27.8871
8.297 27.8871
8.298 -27.8917
8.298 27.8917
8.299 -27.8962
8.299 27.8962
8.3 -27.9008
8.3 27.9008
8.301 -27.9054
8.301 27.9054
8.302 -27.91
8.302 27.91
8.303 -27.9146
8.303 27.9146
8.304 -27.9192
8.304 27.9192
8.305 -27.9238
8.305 27.9238
8.306 -27.9284
8.306 27.9284
8.307 -27.933
8.307 27.933
8.308 -27.9376
8.308 27.9376
8.309 -27.9422
8.309 27.9422
8.31 -27.9468
8.31 27.9468
8.311 -27.9514
8.311 27.9514
8.312 -27.956
8.312 27.956
8.313 -27.9606
8.313 27.9606
8.314 -27.9652
8.314 27.9652
8.315 -27.9698
8.315 27.9698
8.316 -27.9744
8.316 27.9744
8.317 -27.979
8.317 27.979
8.318 -27.9836
8.318 27.9836
8.319 -27.9882
8.319 27.9882
8.32 -27.9928
8.32 27.9928
8.321 -27.9974
8.321 27.9974
8.322 -28.002
8.322 28.002
8.323 -28.0066
8.323 28.0066
8.324 -28.0112
8.324 28.0112
8.325 -28.0158
8.325 28.0158
8.326 -28.0204
8.326 28.0204
8.327 -28.025
8.327 28.025
8.328 -28.0296
8.328 28.0296
8.329 -28.0342
8.329 28.0342
8.33 -28.0388
8.33 28.0388
8.331 -28.0434
8.331 28.0434
8.332 -28.048
8.332 28.048
8.333 -28.0526
8.333 28.0526
8.334 -28.0572
8.334 28.0572
8.335 -28.0619
8.335 28.0619
8.336 -28.0665
8.336 28.0665
8.337 -28.0711
8.337 28.0711
8.338 -28.0757
8.338 28.0757
8.339 -28.0803
8.339 28.0803
8.34 -28.0849
8.34 28.0849
8.341 -28.0895
8.341 28.0895
8.342 -28.0941
8.342 28.0941
8.343 -28.0987
8.343 28.0987
8.344 -28.1033
8.344 28.1033
8.345 -28.1079
8.345 28.1079
8.346 -28.1125
8.346 28.1125
8.347 -28.1171
8.347 28.1171
8.348 -28.1217
8.348 28.1217
8.349 -28.1263
8.349 28.1263
8.35 -28.131
8.35 28.131
8.351 -28.1356
8.351 28.1356
8.352 -28.1402
8.352 28.1402
8.353 -28.1448
8.353 28.1448
8.354 -28.1494
8.354 28.1494
8.355 -28.154
8.355 28.154
8.356 -28.1586
8.356 28.1586
8.357 -28.1632
8.357 28.1632
8.358 -28.1678
8.358 28.1678
8.359 -28.1724
8.359 28.1724
8.36 -28.177
8.36 28.177
8.361 -28.1817
8.361 28.1817
8.362 -28.1863
8.362 28.1863
8.363 -28.1909
8.363 28.1909
8.364 -28.1955
8.364 28.1955
8.365 -28.2001
8.365 28.2001
8.366 -28.2047
8.366 28.2047
8.367 -28.2093
8.367 28.2093
8.368 -28.2139
8.368 28.2139
8.369 -28.2186
8.369 28.2186
8.37 -28.2232
8.37 28.2232
8.371 -28.2278
8.371 28.2278
8.372 -28.2324
8.372 28.2324
8.373 -28.237
8.373 28.237
8.374 -28.2416
8.374 28.2416
8.375 -28.2462
8.375 28.2462
8.376 -28.2508
8.376 28.2508
8.377 -28.2555
8.377 28.2555
8.378 -28.2601
8.378 28.2601
8.379 -28.2647
8.379 28.2647
8.38 -28.2693
8.38 28.2693
8.381 -28.2739
8.381 28.2739
8.382 -28.2785
8.382 28.2785
8.383 -28.2832
8.383 28.2832
8.384 -28.2878
8.384 28.2878
8.385 -28.2924
8.385 28.2924
8.386 -28.297
8.386 28.297
8.387 -28.3016
8.387 28.3016
8.388 -28.3062
8.388 28.3062
8.389 -28.3109
8.389 28.3109
8.39 -28.3155
8.39 28.3155
8.391 -28.3201
8.391 28.3201
8.392 -28.3247
8.392 28.3247
8.393 -28.3293
8.393 28.3293
8.394 -28.3339
8.394 28.3339
8.395 -28.3386
8.395 28.3386
8.396 -28.3432
8.396 28.3432
8.397 -28.3478
8.397 28.3478
8.398 -28.3524
8.398 28.3524
8.399 -28.357
8.399 28.357
8.4 -28.3617
8.4 28.3617
8.401 -28.3663
8.401 28.3663
8.402 -28.3709
8.402 28.3709
8.403 -28.3755
8.403 28.3755
8.404 -28.3801
8.404 28.3801
8.405 -28.3848
8.405 28.3848
8.406 -28.3894
8.406 28.3894
8.407 -28.394
8.407 28.394
8.408 -28.3986
8.408 28.3986
8.409 -28.4033
8.409 28.4033
8.41 -28.4079
8.41 28.4079
8.411 -28.4125
8.411 28.4125
8.412 -28.4171
8.412 28.4171
8.413 -28.4217
8.413 28.4217
8.414 -28.4264
8.414 28.4264
8.415 -28.431
8.415 28.431
8.416 -28.4356
8.416 28.4356
8.417 -28.4402
8.417 28.4402
8.418 -28.4449
8.418 28.4449
8.419 -28.4495
8.419 28.4495
8.42 -28.4541
8.42 28.4541
8.421 -28.4587
8.421 28.4587
8.422 -28.4634
8.422 28.4634
8.423 -28.468
8.423 28.468
8.424 -28.4726
8.424 28.4726
8.425 -28.4772
8.425 28.4772
8.426 -28.4819
8.426 28.4819
8.427 -28.4865
8.427 28.4865
8.428 -28.4911
8.428 28.4911
8.429 -28.4958
8.429 28.4958
8.43 -28.5004
8.43 28.5004
8.431 -28.505
8.431 28.505
8.432 -28.5096
8.432 28.5096
8.433 -28.5143
8.433 28.5143
8.434 -28.5189
8.434 28.5189
8.435 -28.5235
8.435 28.5235
8.436 -28.5282
8.436 28.5282
8.437 -28.5328
8.437 28.5328
8.438 -28.5374
8.438 28.5374
8.439 -28.542
8.439 28.542
8.44 -28.5467
8.44 28.5467
8.441 -28.5513
8.441 28.5513
8.442 -28.5559
8.442 28.5559
8.443 -28.5606
8.443 28.5606
8.444 -28.5652
8.444 28.5652
8.445 -28.5698
8.445 28.5698
8.446 -28.5745
8.446 28.5745
8.447 -28.5791
8.447 28.5791
8.448 -28.5837
8.448 28.5837
8.449 -28.5883
8.449 28.5883
8.45 -28.593
8.45 28.593
8.451 -28.5976
8.451 28.5976
8.452 -28.6022
8.452 28.6022
8.453 -28.6069
8.453 28.6069
8.454 -28.6115
8.454 28.6115
8.455 -28.6161
8.455 28.6161
8.456 -28.6208
8.456 28.6208
8.457 -28.6254
8.457 28.6254
8.458 -28.63
8.458 28.63
8.459 -28.6347
8.459 28.6347
8.46 -28.6393
8.46 28.6393
8.461 -28.644
8.461 28.644
8.462 -28.6486
8.462 28.6486
8.463 -28.6532
8.463 28.6532
8.464 -28.6579
8.464 28.6579
8.465 -28.6625
8.465 28.6625
8.466 -28.6671
8.466 28.6671
8.467 -28.6718
8.467 28.6718
8.468 -28.6764
8.468 28.6764
8.469 -28.681
8.469 28.681
8.47 -28.6857
8.47 28.6857
8.471 -28.6903
8.471 28.6903
8.472 -28.695
8.472 28.695
8.473 -28.6996
8.473 28.6996
8.474 -28.7042
8.474 28.7042
8.475 -28.7089
8.475 28.7089
8.476 -28.7135
8.476 28.7135
8.477 -28.7181
8.477 28.7181
8.478 -28.7228
8.478 28.7228
8.479 -28.7274
8.479 28.7274
8.48 -28.7321
8.48 28.7321
8.481 -28.7367
8.481 28.7367
8.482 -28.7413
8.482 28.7413
8.483 -28.746
8.483 28.746
8.484 -28.7506
8.484 28.7506
8.485 -28.7553
8.485 28.7553
8.486 -28.7599
8.486 28.7599
8.487 -28.7645
8.487 28.7645
8.488 -28.7692
8.488 28.7692
8.489 -28.7738
8.489 28.7738
8.49 -28.7785
8.49 28.7785
8.491 -28.7831
8.491 28.7831
8.492 -28.7878
8.492 28.7878
8.493 -28.7924
8.493 28.7924
8.494 -28.797
8.494 28.797
8.495 -28.8017
8.495 28.8017
8.496 -28.8063
8.496 28.8063
8.497 -28.811
8.497 28.811
8.498 -28.8156
8.498 28.8156
8.499 -28.8203
8.499 28.8203
8.5 -28.8249
8.5 28.8249
8.501 -28.8295
8.501 28.8295
8.502 -28.8342
8.502 28.8342
8.503 -28.8388
8.503 28.8388
8.504 -28.8435
8.504 28.8435
8.505 -28.8481
8.505 28.8481
8.506 -28.8528
8.506 28.8528
8.507 -28.8574
8.507 28.8574
8.508 -28.8621
8.508 28.8621
8.509 -28.8667
8.509 28.8667
8.51 -28.8714
8.51 28.8714
8.511 -28.876
8.511 28.876
8.512 -28.8807
8.512 28.8807
8.513 -28.8853
8.513 28.8853
8.514 -28.8899
8.514 28.8899
8.515 -28.8946
8.515 28.8946
8.516 -28.8992
8.516 28.8992
8.517 -28.9039
8.517 28.9039
8.518 -28.9085
8.518 28.9085
8.519 -28.9132
8.519 28.9132
8.52 -28.9178
8.52 28.9178
8.521 -28.9225
8.521 28.9225
8.522 -28.9271
8.522 28.9271
8.523 -28.9318
8.523 28.9318
8.524 -28.9364
8.524 28.9364
8.525 -28.9411
8.525 28.9411
8.526 -28.9457
8.526 28.9457
8.527 -28.9504
8.527 28.9504
8.528 -28.955
8.528 28.955
8.529 -28.9597
8.529 28.9597
8.53 -28.9643
8.53 28.9643
8.531 -28.969
8.531 28.969
8.532 -28.9736
8.532 28.9736
8.533 -28.9783
8.533 28.9783
8.534 -28.983
8.534 28.983
8.535 -28.9876
8.535 28.9876
8.536 -28.9923
8.536 28.9923
8.537 -28.9969
8.537 28.9969
8.538 -29.0016
8.538 29.0016
8.539 -29.0062
8.539 29.0062
8.54 -29.0109
8.54 29.0109
8.541 -29.0155
8.541 29.0155
8.542 -29.0202
8.542 29.0202
8.543 -29.0248
8.543 29.0248
8.544 -29.0295
8.544 29.0295
8.545 -29.0341
8.545 29.0341
8.546 -29.0388
8.546 29.0388
8.547 -29.0435
8.547 29.0435
8.548 -29.0481
8.548 29.0481
8.549 -29.0528
8.549 29.0528
8.55 -29.0574
8.55 29.0574
8.551 -29.0621
8.551 29.0621
8.552 -29.0667
8.552 29.0667
8.553 -29.0714
8.553 29.0714
8.554 -29.0761
8.554 29.0761
8.555 -29.0807
8.555 29.0807
8.556 -29.0854
8.556 29.0854
8.557 -29.09
8.557 29.09
8.558 -29.0947
8.558 29.0947
8.559 -29.0993
8.559 29.0993
8.56 -29.104
8.56 29.104
8.561 -29.1087
8.561 29.1087
8.562 -29.1133
8.562 29.1133
8.563 -29.118
8.563 29.118
8.564 -29.1226
8.564 29.1226
8.565 -29.1273
8.565 29.1273
8.566 -29.132
8.566 29.132
8.567 -29.1366
8.567 29.1366
8.568 -29.1413
8.568 29.1413
8.569 -29.1459
8.569 29.1459
8.57 -29.1506
8.57 29.1506
8.571 -29.1553
8.571 29.1553
8.572 -29.1599
8.572 29.1599
8.573 -29.1646
8.573 29.1646
8.574 -29.1692
8.574 29.1692
8.575 -29.1739
8.575 29.1739
8.576 -29.1786
8.576 29.1786
8.577 -29.1832
8.577 29.1832
8.578 -29.1879
8.578 29.1879
8.579 -29.1926
8.579 29.1926
8.58 -29.1972
8.58 29.1972
8.581 -29.2019
8.581 29.2019
8.582 -29.2066
8.582 29.2066
8.583 -29.2112
8.583 29.2112
8.584 -29.2159
8.584 29.2159
8.585 -29.2205
8.585 29.2205
8.586 -29.2252
8.586 29.2252
8.587 -29.2299
8.587 29.2299
8.588 -29.2345
8.588 29.2345
8.589 -29.2392
8.589 29.2392
8.59 -29.2439
8.59 29.2439
8.591 -29.2485
8.591 29.2485
8.592 -29.2532
8.592 29.2532
8.593 -29.2579
8.593 29.2579
8.594 -29.2625
8.594 29.2625
8.595 -29.2672
8.595 29.2672
8.596 -29.2719
8.596 29.2719
8.597 -29.2765
8.597 29.2765
8.598 -29.2812
8.598 29.2812
8.599 -29.2859
8.599 29.2859
8.6 -29.2905
8.6 29.2905
8.601 -29.2952
8.601 29.2952
8.602 -29.2999
8.602 29.2999
8.603 -29.3046
8.603 29.3046
8.604 -29.3092
8.604 29.3092
8.605 -29.3139
8.605 29.3139
8.606 -29.3186
8.606 29.3186
8.607 -29.3232
8.607 29.3232
8.608 -29.3279
8.608 29.3279
8.609 -29.3326
8.609 29.3326
8.61 -29.3372
8.61 29.3372
8.611 -29.3419
8.611 29.3419
8.612 -29.3466
8.612 29.3466
8.613 -29.3513
8.613 29.3513
8.614 -29.3559
8.614 29.3559
8.615 -29.3606
8.615 29.3606
8.616 -29.3653
8.616 29.3653
8.617 -29.3699
8.617 29.3699
8.618 -29.3746
8.618 29.3746
8.619 -29.3793
8.619 29.3793
8.62 -29.384
8.62 29.384
8.621 -29.3886
8.621 29.3886
8.622 -29.3933
8.622 29.3933
8.623 -29.398
8.623 29.398
8.624 -29.4027
8.624 29.4027
8.625 -29.4073
8.625 29.4073
8.626 -29.412
8.626 29.412
8.627 -29.4167
8.627 29.4167
8.628 -29.4214
8.628 29.4214
8.629 -29.426
8.629 29.426
8.63 -29.4307
8.63 29.4307
8.631 -29.4354
8.631 29.4354
8.632 -29.4401
8.632 29.4401
8.633 -29.4447
8.633 29.4447
8.634 -29.4494
8.634 29.4494
8.635 -29.4541
8.635 29.4541
8.636 -29.4588
8.636 29.4588
8.637 -29.4634
8.637 29.4634
8.638 -29.4681
8.638 29.4681
8.639 -29.4728
8.639 29.4728
8.64 -29.4775
8.64 29.4775
8.641 -29.4821
8.641 29.4821
8.642 -29.4868
8.642 29.4868
8.643 -29.4915
8.643 29.4915
8.644 -29.4962
8.644 29.4962
8.645 -29.5009
8.645 29.5009
8.646 -29.5055
8.646 29.5055
8.647 -29.5102
8.647 29.5102
8.648 -29.5149
8.648 29.5149
8.649 -29.5196
8.649 29.5196
8.65 -29.5243
8.65 29.5243
8.651 -29.5289
8.651 29.5289
8.652 -29.5336
8.652 29.5336
8.653 -29.5383
8.653 29.5383
8.654 -29.543
8.654 29.543
8.655 -29.5477
8.655 29.5477
8.656 -29.5523
8.656 29.5523
8.657 -29.557
8.657 29.557
8.658 -29.5617
8.658 29.5617
8.659 -29.5664
8.659 29.5664
8.66 -29.5711
8.66 29.5711
8.661 -29.5758
8.661 29.5758
8.662 -29.5804
8.662 29.5804
8.663 -29.5851
8.663 29.5851
8.664 -29.5898
8.664 29.5898
8.665 -29.5945
8.665 29.5945
8.666 -29.5992
8.666 29.5992
8.667 -29.6039
8.667 29.6039
8.668 -29.6085
8.668 29.6085
8.669 -29.6132
8.669 29.6132
8.67 -29.6179
8.67 29.6179
8.671 -29.6226
8.671 29.6226
8.672 -29.6273
8.672 29.6273
8.673 -29.632
8.673 29.632
8.674 -29.6367
8.674 29.6367
8.675 -29.6413
8.675 29.6413
8.676 -29.646
8.676 29.646
8.677 -29.6507
8.677 29.6507
8.678 -29.6554
8.678 29.6554
8.679 -29.6601
8.679 29.6601
8.68 -29.6648
8.68 29.6648
8.681 -29.6695
8.681 29.6695
8.682 -29.6742
8.682 29.6742
8.683 -29.6788
8.683 29.6788
8.684 -29.6835
8.684 29.6835
8.685 -29.6882
8.685 29.6882
8.686 -29.6929
8.686 29.6929
8.687 -29.6976
8.687 29.6976
8.688 -29.7023
8.688 29.7023
8.689 -29.707
8.689 29.707
8.69 -29.7117
8.69 29.7117
8.691 -29.7164
8.691 29.7164
8.692 -29.721
8.692 29.721
8.693 -29.7257
8.693 29.7257
8.694 -29.7304
8.694 29.7304
8.695 -29.7351
8.695 29.7351
8.696 -29.7398
8.696 29.7398
8.697 -29.7445
8.697 29.7445
8.698 -29.7492
8.698 29.7492
8.699 -29.7539
8.699 29.7539
8.7 -29.7586
8.7 29.7586
8.701 -29.7633
8.701 29.7633
8.702 -29.768
8.702 29.768
8.703 -29.7727
8.703 29.7727
8.704 -29.7773
8.704 29.7773
8.705 -29.782
8.705 29.782
8.706 -29.7867
8.706 29.7867
8.707 -29.7914
8.707 29.7914
8.708 -29.7961
8.708 29.7961
8.709 -29.8008
8.709 29.8008
8.71 -29.8055
8.71 29.8055
8.711 -29.8102
8.711 29.8102
8.712 -29.8149
8.712 29.8149
8.713 -29.8196
8.713 29.8196
8.714 -29.8243
8.714 29.8243
8.715 -29.829
8.715 29.829
8.716 -29.8337
8.716 29.8337
8.717 -29.8384
8.717 29.8384
8.718 -29.8431
8.718 29.8431
8.719 -29.8478
8.719 29.8478
8.72 -29.8525
8.72 29.8525
8.721 -29.8572
8.721 29.8572
8.722 -29.8619
8.722 29.8619
8.723 -29.8666
8.723 29.8666
8.724 -29.8713
8.724 29.8713
8.725 -29.876
8.725 29.876
8.726 -29.8807
8.726 29.8807
8.727 -29.8854
8.727 29.8854
8.728 -29.8901
8.728 29.8901
8.729 -29.8948
8.729 29.8948
8.73 -29.8995
8.73 29.8995
8.731 -29.9042
8.731 29.9042
8.732 -29.9089
8.732 29.9089
8.733 -29.9136
8.733 29.9136
8.734 -29.9183
8.734 29.9183
8.735 -29.923
8.735 29.923
8.736 -29.9277
8.736 29.9277
8.737 -29.9324
8.737 29.9324
8.738 -29.9371
8.738 29.9371
8.739 -29.9418
8.739 29.9418
8.74 -29.9465
8.74 29.9465
8.741 -29.9512
8.741 29.9512
8.742 -29.9559
8.742 29.9559
8.743 -29.9606
8.743 29.9606
8.744 -29.9653
8.744 29.9653
8.745 -29.97
8.745 29.97
8.746 -29.9747
8.746 29.9747
8.747 -29.9794
8.747 29.9794
8.748 -29.9841
8.748 29.9841
8.749 -29.9888
8.749 29.9888
8.75 -29.9935
8.75 29.9935
8.751 -29.9982
8.751 29.9982
8.752 -30.0029
8.752 30.0029
8.753 -30.0076
8.753 30.0076
8.754 -30.0123
8.754 30.0123
8.755 -30.017
8.755 30.017
8.756 -30.0217
8.756 30.0217
8.757 -30.0264
8.757 30.0264
8.758 -30.0311
8.758 30.0311
8.759 -30.0358
8.759 30.0358
8.76 -30.0405
8.76 30.0405
8.761 -30.0452
8.761 30.0452
8.762 -30.05
8.762 30.05
8.763 -30.0547
8.763 30.0547
8.764 -30.0594
8.764 30.0594
8.765 -30.0641
8.765 30.0641
8.766 -30.0688
8.766 30.0688
8.767 -30.0735
8.767 30.0735
8.768 -30.0782
8.768 30.0782
8.769 -30.0829
8.769 30.0829
8.77 -30.0876
8.77 30.0876
8.771 -30.0923
8.771 30.0923
8.772 -30.097
8.772 30.097
8.773 -30.1017
8.773 30.1017
8.774 -30.1065
8.774 30.1065
8.775 -30.1112
8.775 30.1112
8.776 -30.1159
8.776 30.1159
8.777 -30.1206
8.777 30.1206
8.778 -30.1253
8.778 30.1253
8.779 -30.13
8.779 30.13
8.78 -30.1347
8.78 30.1347
8.781 -30.1394
8.781 30.1394
8.782 -30.1441
8.782 30.1441
8.783 -30.1489
8.783 30.1489
8.784 -30.1536
8.784 30.1536
8.785 -30.1583
8.785 30.1583
8.786 -30.163
8.786 30.163
8.787 -30.1677
8.787 30.1677
8.788 -30.1724
8.788 30.1724
8.789 -30.1771
8.789 30.1771
8.79 -30.1818
8.79 30.1818
8.791 -30.1866
8.791 30.1866
8.792 -30.1913
8.792 30.1913
8.793 -30.196
8.793 30.196
8.794 -30.2007
8.794 30.2007
8.795 -30.2054
8.795 30.2054
8.796 -30.2101
8.796 30.2101
8.797 -30.2148
8.797 30.2148
8.798 -30.2196
8.798 30.2196
8.799 -30.2243
8.799 30.2243
8.8 -30.229
8.8 30.229
8.801 -30.2337
8.801 30.2337
8.802 -30.2384
8.802 30.2384
8.803 -30.2431
8.803 30.2431
8.804 -30.2479
8.804 30.2479
8.805 -30.2526
8.805 30.2526
8.806 -30.2573
8.806 30.2573
8.807 -30.262
8.807 30.262
8.808 -30.2667
8.808 30.2667
8.809 -30.2714
8.809 30.2714
8.81 -30.2762
8.81 30.2762
8.811 -30.2809
8.811 30.2809
8.812 -30.2856
8.812 30.2856
8.813 -30.2903
8.813 30.2903
8.814 -30.295
8.814 30.295
8.815 -30.2998
8.815 30.2998
8.816 -30.3045
8.816 30.3045
8.817 -30.3092
8.817 30.3092
8.818 -30.3139
8.818 30.3139
8.819 -30.3186
8.819 30.3186
8.82 -30.3234
8.82 30.3234
8.821 -30.3281
8.821 30.3281
8.822 -30.3328
8.822 30.3328
8.823 -30.3375
8.823 30.3375
8.824 -30.3422
8.824 30.3422
8.825 -30.347
8.825 30.347
8.826 -30.3517
8.826 30.3517
8.827 -30.3564
8.827 30.3564
8.828 -30.3611
8.828 30.3611
8.829 -30.3659
8.829 30.3659
8.83 -30.3706
8.83 30.3706
8.831 -30.3753
8.831 30.3753
8.832 -30.38
8.832 30.38
8.833 -30.3847
8.833 30.3847
8.834 -30.3895
8.834 30.3895
8.835 -30.3942
8.835 30.3942
8.836 -30.3989
8.836 30.3989
8.837 -30.4036
8.837 30.4036
8.838 -30.4084
8.838 30.4084
8.839 -30.4131
8.839 30.4131
8.84 -30.4178
8.84 30.4178
8.841 -30.4225
8.841 30.4225
8.842 -30.4273
8.842 30.4273
8.843 -30.432
8.843 30.432
8.844 -30.4367
8.844 30.4367
8.845 -30.4415
8.845 30.4415
8.846 -30.4462
8.846 30.4462
8.847 -30.4509
8.847 30.4509
8.848 -30.4556
8.848 30.4556
8.849 -30.4604
8.849 30.4604
8.85 -30.4651
8.85 30.4651
8.851 -30.4698
8.851 30.4698
8.852 -30.4745
8.852 30.4745
8.853 -30.4793
8.853 30.4793
8.854 -30.484
8.854 30.484
8.855 -30.4887
8.855 30.4887
8.856 -30.4935
8.856 30.4935
8.857 -30.4982
8.857 30.4982
8.858 -30.5029
8.858 30.5029
8.859 -30.5076
8.859 30.5076
8.86 -30.5124
8.86 30.5124
8.861 -30.5171
8.861 30.5171
8.862 -30.5218
8.862 30.5218
8.863 -30.5266
8.863 30.5266
8.864 -30.5313
8.864 30.5313
8.865 -30.536
8.865 30.536
8.866 -30.5408
8.866 30.5408
8.867 -30.5455
8.867 30.5455
8.868 -30.5502
8.868 30.5502
8.869 -30.555
8.869 30.555
8.87 -30.5597
8.87 30.5597
8.871 -30.5644
8.871 30.5644
8.872 -30.5692
8.872 30.5692
8.873 -30.5739
8.873 30.5739
8.874 -30.5786
8.874 30.5786
8.875 -30.5834
8.875 30.5834
8.876 -30.5881
8.876 30.5881
8.877 -30.5928
8.877 30.5928
8.878 -30.5976
8.878 30.5976
8.879 -30.6023
8.879 30.6023
8.88 -30.607
8.88 30.607
8.881 -30.6118
8.881 30.6118
8.882 -30.6165
8.882 30.6165
8.883 -30.6212
8.883 30.6212
8.884 -30.626
8.884 30.626
8.885 -30.6307
8.885 30.6307
8.886 -30.6354
8.886 30.6354
8.887 -30.6402
8.887 30.6402
8.888 -30.6449
8.888 30.6449
8.889 -30.6497
8.889 30.6497
8.89 -30.6544
8.89 30.6544
8.891 -30.6591
8.891 30.6591
8.892 -30.6639
8.892 30.6639
8.893 -30.6686
8.893 30.6686
8.894 -30.6733
8.894 30.6733
8.895 -30.6781
8.895 30.6781
8.896 -30.6828
8.896 30.6828
8.897 -30.6876
8.897 30.6876
8.898 -30.6923
8.898 30.6923
8.899 -30.697
8.899 30.697
8.9 -30.7018
8.9 30.7018
8.901 -30.7065
8.901 30.7065
8.902 -30.7113
8.902 30.7113
8.903 -30.716
8.903 30.716
8.904 -30.7207
8.904 30.7207
8.905 -30.7255
8.905 30.7255
8.906 -30.7302
8.906 30.7302
8.907 -30.735
8.907 30.735
8.908 -30.7397
8.908 30.7397
8.909 -30.7444
8.909 30.7444
8.91 -30.7492
8.91 30.7492
8.911 -30.7539
8.911 30.7539
8.912 -30.7587
8.912 30.7587
8.913 -30.7634
8.913 30.7634
8.914 -30.7682
8.914 30.7682
8.915 -30.7729
8.915 30.7729
8.916 -30.7776
8.916 30.7776
8.917 -30.7824
8.917 30.7824
8.918 -30.7871
8.918 30.7871
8.919 -30.7919
8.919 30.7919
8.92 -30.7966
8.92 30.7966
8.921 -30.8014
8.921 30.8014
8.922 -30.8061
8.922 30.8061
8.923 -30.8108
8.923 30.8108
8.924 -30.8156
8.924 30.8156
8.925 -30.8203
8.925 30.8203
8.926 -30.8251
8.926 30.8251
8.927 -30.8298
8.927 30.8298
8.928 -30.8346
8.928 30.8346
8.929 -30.8393
8.929 30.8393
8.93 -30.8441
8.93 30.8441
8.931 -30.8488
8.931 30.8488
8.932 -30.8536
8.932 30.8536
8.933 -30.8583
8.933 30.8583
8.934 -30.8631
8.934 30.8631
8.935 -30.8678
8.935 30.8678
8.936 -30.8726
8.936 30.8726
8.937 -30.8773
8.937 30.8773
8.938 -30.8821
8.938 30.8821
8.939 -30.8868
8.939 30.8868
8.94 -30.8915
8.94 30.8915
8.941 -30.8963
8.941 30.8963
8.942 -30.901
8.942 30.901
8.943 -30.9058
8.943 30.9058
8.944 -30.9105
8.944 30.9105
8.945 -30.9153
8.945 30.9153
8.946 -30.92
8.946 30.92
8.947 -30.9248
8.947 30.9248
8.948 -30.9295
8.948 30.9295
8.949 -30.9343
8.949 30.9343
8.95 -30.9391
8.95 30.9391
8.951 -30.9438
8.951 30.9438
8.952 -30.9486
8.952 30.9486
8.953 -30.9533
8.953 30.9533
8.954 -30.9581
8.954 30.9581
8.955 -30.9628
8.955 30.9628
8.956 -30.9676
8.956 30.9676
8.957 -30.9723
8.957 30.9723
8.958 -30.9771
8.958 30.9771
8.959 -30.9818
8.959 30.9818
8.96 -30.9866
8.96 30.9866
8.961 -30.9913
8.961 30.9913
8.962 -30.9961
8.962 30.9961
8.963 -31.0008
8.963 31.0008
8.964 -31.0056
8.964 31.0056
8.965 -31.0103
8.965 31.0103
8.966 -31.0151
8.966 31.0151
8.967 -31.0199
8.967 31.0199
8.968 -31.0246
8.968 31.0246
8.969 -31.0294
8.969 31.0294
8.97 -31.0341
8.97 31.0341
8.971 -31.0389
8.971 31.0389
8.972 -31.0436
8.972 31.0436
8.973 -31.0484
8.973 31.0484
8.974 -31.0532
8.974 31.0532
8.975 -31.0579
8.975 31.0579
8.976 -31.0627
8.976 31.0627
8.977 -31.0674
8.977 31.0674
8.978 -31.0722
8.978 31.0722
8.979 -31.0769
8.979 31.0769
8.98 -31.0817
8.98 31.0817
8.981 -31.0865
8.981 31.0865
8.982 -31.0912
8.982 31.0912
8.983 -31.096
8.983 31.096
8.984 -31.1007
8.984 31.1007
8.985 -31.1055
8.985 31.1055
8.986 -31.1103
8.986 31.1103
8.987 -31.115
8.987 31.115
8.988 -31.1198
8.988 31.1198
8.989 -31.1245
8.989 31.1245
8.99 -31.1293
8.99 31.1293
8.991 -31.1341
8.991 31.1341
8.992 -31.1388
8.992 31.1388
8.993 -31.1436
8.993 31.1436
8.994 -31.1483
8.994 31.1483
8.995 -31.1531
8.995 31.1531
8.996 -31.1579
8.996 31.1579
8.997 -31.1626
8.997 31.1626
8.998 -31.1674
8.998 31.1674
8.999 -31.1722
8.999 31.1722
9 -31.1769
9 31.1769
9.001 -31.1817
9.001 31.1817
9.002 -31.1864
9.002 31.1864
9.003 -31.1912
9.003 31.1912
9.004 -31.196
9.004 31.196
9.005 -31.2007
9.005 31.2007
9.006 -31.2055
9.006 31.2055
9.007 -31.2103
9.007 31.2103
9.008 -31.215
9.008 31.215
9.009 -31.2198
9.009 31.2198
9.01 -31.2246
9.01 31.2246
9.011 -31.2293
9.011 31.2293
9.012 -31.2341
9.012 31.2341
9.013 -31.2389
9.013 31.2389
9.014 -31.2436
9.014 31.2436
9.015 -31.2484
9.015 31.2484
9.016 -31.2532
9.016 31.2532
9.017 -31.2579
9.017 31.2579
9.018 -31.2627
9.018 31.2627
9.019 -31.2675
9.019 31.2675
9.02 -31.2722
9.02 31.2722
9.021 -31.277
9.021 31.277
9.022 -31.2818
9.022 31.2818
9.023 -31.2865
9.023 31.2865
9.024 -31.2913
9.024 31.2913
9.025 -31.2961
9.025 31.2961
9.026 -31.3008
9.026 31.3008
9.027 -31.3056
9.027 31.3056
9.028 -31.3104
9.028 31.3104
9.029 -31.3151
9.029 31.3151
9.03 -31.3199
9.03 31.3199
9.031 -31.3247
9.031 31.3247
9.032 -31.3295
9.032 31.3295
9.033 -31.3342
9.033 31.3342
9.034 -31.339
9.034 31.339
9.035 -31.3438
9.035 31.3438
9.036 -31.3485
9.036 31.3485
9.037 -31.3533
9.037 31.3533
9.038 -31.3581
9.038 31.3581
9.039 -31.3629
9.039 31.3629
9.04 -31.3676
9.04 31.3676
9.041 -31.3724
9.041 31.3724
9.042 -31.3772
9.042 31.3772
9.043 -31.3819
9.043 31.3819
9.044 -31.3867
9.044 31.3867
9.045 -31.3915
9.045 31.3915
9.046 -31.3963
9.046 31.3963
9.047 -31.401
9.047 31.401
9.048 -31.4058
9.048 31.4058
9.049 -31.4106
9.049 31.4106
9.05 -31.4154
9.05 31.4154
9.051 -31.4201
9.051 31.4201
9.052 -31.4249
9.052 31.4249
9.053 -31.4297
9.053 31.4297
9.054 -31.4345
9.054 31.4345
9.055 -31.4392
9.055 31.4392
9.056 -31.444
9.056 31.444
9.057 -31.4488
9.057 31.4488
9.058 -31.4536
9.058 31.4536
9.059 -31.4583
9.059 31.4583
9.06 -31.4631
9.06 31.4631
9.061 -31.4679
9.061 31.4679
9.062 -31.4727
9.062 31.4727
9.063 -31.4775
9.063 31.4775
9.064 -31.4822
9.064 31.4822
9.065 -31.487
9.065 31.487
9.066 -31.4918
9.066 31.4918
9.067 -31.4966
9.067 31.4966
9.068 -31.5013
9.068 31.5013
9.069 -31.5061
9.069 31.5061
9.07 -31.5109
9.07 31.5109
9.071 -31.5157
9.071 31.5157
9.072 -31.5205
9.072 31.5205
9.073 -31.5252
9.073 31.5252
9.074 -31.53
9.074 31.53
9.075 -31.5348
9.075 31.5348
9.076 -31.5396
9.076 31.5396
9.077 -31.5444
9.077 31.5444
9.078 -31.5492
9.078 31.5492
9.079 -31.5539
9.079 31.5539
9.08 -31.5587
9.08 31.5587
9.081 -31.5635
9.081 31.5635
9.082 -31.5683
9.082 31.5683
9.083 -31.5731
9.083 31.5731
9.084 -31.5778
9.084 31.5778
9.085 -31.5826
9.085 31.5826
9.086 -31.5874
9.086 31.5874
9.087 -31.5922
9.087 31.5922
9.088 -31.597
9.088 31.597
9.089 -31.6018
9.089 31.6018
9.09 -31.6065
9.09 31.6065
9.091 -31.6113
9.091 31.6113
9.092 -31.6161
9.092 31.6161
9.093 -31.6209
9.093 31.6209
9.094 -31.6257
9.094 31.6257
9.095 -31.6305
9.095 31.6305
9.096 -31.6353
9.096 31.6353
9.097 -31.64
9.097 31.64
9.098 -31.6448
9.098 31.6448
9.099 -31.6496
9.099 31.6496
9.1 -31.6544
9.1 31.6544
9.101 -31.6592
9.101 31.6592
9.102 -31.664
9.102 31.664
9.103 -31.6688
9.103 31.6688
9.104 -31.6735
9.104 31.6735
9.105 -31.6783
9.105 31.6783
9.106 -31.6831
9.106 31.6831
9.107 -31.6879
9.107 31.6879
9.108 -31.6927
9.108 31.6927
9.109 -31.6975
9.109 31.6975
9.11 -31.7023
9.11 31.7023
9.111 -31.7071
9.111 31.7071
9.112 -31.7119
9.112 31.7119
9.113 -31.7166
9.113 31.7166
9.114 -31.7214
9.114 31.7214
9.115 -31.7262
9.115 31.7262
9.116 -31.731
9.116 31.731
9.117 -31.7358
9.117 31.7358
9.118 -31.7406
9.118 31.7406
9.119 -31.7454
9.119 31.7454
9.12 -31.7502
9.12 31.7502
9.121 -31.755
9.121 31.755
9.122 -31.7598
9.122 31.7598
9.123 -31.7646
9.123 31.7646
9.124 -31.7693
9.124 31.7693
9.125 -31.7741
9.125 31.7741
9.126 -31.7789
9.126 31.7789
9.127 -31.7837
9.127 31.7837
9.128 -31.7885
9.128 31.7885
9.129 -31.7933
9.129 31.7933
9.13 -31.7981
9.13 31.7981
9.131 -31.8029
9.131 31.8029
9.132 -31.8077
9.132 31.8077
9.133 -31.8125
9.133 31.8125
9.134 -31.8173
9.134 31.8173
9.135 -31.8221
9.135 31.8221
9.136 -31.8269
9.136 31.8269
9.137 -31.8317
9.137 31.8317
9.138 -31.8365
9.138 31.8365
9.139 -31.8413
9.139 31.8413
9.14 -31.846
9.14 31.846
9.141 -31.8508
9.141 31.8508
9.142 -31.8556
9.142 31.8556
9.143 -31.8604
9.143 31.8604
9.144 -31.8652
9.144 31.8652
9.145 -31.87
9.145 31.87
9.146 -31.8748
9.146 31.8748
9.147 -31.8796
9.147 31.8796
9.148 -31.8844
9.148 31.8844
9.149 -31.8892
9.149 31.8892
9.15 -31.894
9.15 31.894
9.151 -31.8988
9.151 31.8988
9.152 -31.9036
9.152 31.9036
9.153 -31.9084
9.153 31.9084
9.154 -31.9132
9.154 31.9132
9.155 -31.918
9.155 31.918
9.156 -31.9228
9.156 31.9228
9.157 -31.9276
9.157 31.9276
9.158 -31.9324
9.158 31.9324
9.159 -31.9372
9.159 31.9372
9.16 -31.942
9.16 31.942
9.161 -31.9468
9.161 31.9468
9.162 -31.9516
9.162 31.9516
9.163 -31.9564
9.163 31.9564
9.164 -31.9612
9.164 31.9612
9.165 -31.966
9.165 31.966
9.166 -31.9708
9.166 31.9708
9.167 -31.9756
9.167 31.9756
9.168 -31.9804
9.168 31.9804
9.169 -31.9852
9.169 31.9852
9.17 -31.99
9.17 31.99
9.171 -31.9948
9.171 31.9948
9.172 -31.9996
9.172 31.9996
9.173 -32.0044
9.173 32.0044
9.174 -32.0092
9.174 32.0092
9.175 -32.014
9.175 32.014
9.176 -32.0188
9.176 32.0188
9.177 -32.0237
9.177 32.0237
9.178 -32.0285
9.178 32.0285
9.179 -32.0333
9.179 32.0333
9.18 -32.0381
9.18 32.0381
9.181 -32.0429
9.181 32.0429
9.182 -32.0477
9.182 32.0477
9.183 -32.0525
9.183 32.0525
9.184 -32.0573
9.184 32.0573
9.185 -32.0621
9.185 32.0621
9.186 -32.0669
9.186 32.0669
9.187 -32.0717
9.187 32.0717
9.188 -32.0765
9.188 32.0765
9.189 -32.0813
9.189 32.0813
9.19 -32.0861
9.19 32.0861
9.191 -32.0909
9.191 32.0909
9.192 -32.0957
9.192 32.0957
9.193 -32.1006
9.193 32.1006
9.194 -32.1054
9.194 32.1054
9.195 -32.1102
9.195 32.1102
9.196 -32.115
9.196 32.115
9.197 -32.1198
9.197 32.1198
9.198 -32.1246
9.198 32.1246
9.199 -32.1294
9.199 32.1294
9.2 -32.1342
9.2 32.1342
9.201 -32.139
9.201 32.139
9.202 -32.1438
9.202 32.1438
9.203 -32.1486
9.203 32.1486
9.204 -32.1535
9.204 32.1535
9.205 -32.1583
9.205 32.1583
9.206 -32.1631
9.206 32.1631
9.207 -32.1679
9.207 32.1679
9.208 -32.1727
9.208 32.1727
9.209 -32.1775
9.209 32.1775
9.21 -32.1823
9.21 32.1823
9.211 -32.1871
9.211 32.1871
9.212 -32.192
9.212 32.192
9.213 -32.1968
9.213 32.1968
9.214 -32.2016
9.214 32.2016
9.215 -32.2064
9.215 32.2064
9.216 -32.2112
9.216 32.2112
9.217 -32.216
9.217 32.216
9.218 -32.2208
9.218 32.2208
9.219 -32.2256
9.219 32.2256
9.22 -32.2305
9.22 32.2305
9.221 -32.2353
9.221 32.2353
9.222 -32.2401
9.222 32.2401
9.223 -32.2449
9.223 32.2449
9.224 -32.2497
9.224 32.2497
9.225 -32.2545
9.225 32.2545
9.226 -32.2594
9.226 32.2594
9.227 -32.2642
9.227 32.2642
9.228 -32.269
9.228 32.269
9.229 -32.2738
9.229 32.2738
9.23 -32.2786
9.23 32.2786
9.231 -32.2834
9.231 32.2834
9.232 -32.2883
9.232 32.2883
9.233 -32.2931
9.233 32.2931
9.234 -32.2979
9.234 32.2979
9.235 -32.3027
9.235 32.3027
9.236 -32.3075
9.236 32.3075
9.237 -32.3123
9.237 32.3123
9.238 -32.3172
9.238 32.3172
9.239 -32.322
9.239 32.322
9.24 -32.3268
9.24 32.3268
9.241 -32.3316
9.241 32.3316
9.242 -32.3364
9.242 32.3364
9.243 -32.3413
9.243 32.3413
9.244 -32.3461
9.244 32.3461
9.245 -32.3509
9.245 32.3509
9.246 -32.3557
9.246 32.3557
9.247 -32.3605
9.247 32.3605
9.248 -32.3654
9.248 32.3654
9.249 -32.3702
9.249 32.3702
9.25 -32.375
9.25 32.375
9.251 -32.3798
9.251 32.3798
9.252 -32.3846
9.252 32.3846
9.253 -32.3895
9.253 32.3895
9.254 -32.3943
9.254 32.3943
9.255 -32.3991
9.255 32.3991
9.256 -32.4039
9.256 32.4039
9.257 -32.4088
9.257 32.4088
9.258 -32.4136
9.258 32.4136
9.259 -32.4184
9.259 32.4184
9.26 -32.4232
9.26 32.4232
9.261 -32.428
9.261 32.428
9.262 -32.4329
9.262 32.4329
9.263 -32.4377
9.263 32.4377
9.264 -32.4425
9.264 32.4425
9.265 -32.4473
9.265 32.4473
9.266 -32.4522
9.266 32.4522
9.267 -32.457
9.267 32.457
9.268 -32.4618
9.268 32.4618
9.269 -32.4666
9.269 32.4666
9.27 -32.4715
9.27 32.4715
9.271 -32.4763
9.271 32.4763
9.272 -32.4811
9.272 32.4811
9.273 -32.486
9.273 32.486
9.274 -32.4908
9.274 32.4908
9.275 -32.4956
9.275 32.4956
9.276 -32.5004
9.276 32.5004
9.277 -32.5053
9.277 32.5053
9.278 -32.5101
9.278 32.5101
9.279 -32.5149
9.279 32.5149
9.28 -32.5197
9.28 32.5197
9.281 -32.5246
9.281 32.5246
9.282 -32.5294
9.282 32.5294
9.283 -32.5342
9.283 32.5342
9.284 -32.5391
9.284 32.5391
9.285 -32.5439
9.285 32.5439
9.286 -32.5487
9.286 32.5487
9.287 -32.5536
9.287 32.5536
9.288 -32.5584
9.288 32.5584
9.289 -32.5632
9.289 32.5632
9.29 -32.568
9.29 32.568
9.291 -32.5729
9.291 32.5729
9.292 -32.5777
9.292 32.5777
9.293 -32.5825
9.293 32.5825
9.294 -32.5874
9.294 32.5874
9.295 -32.5922
9.295 32.5922
9.296 -32.597
9.296 32.597
9.297 -32.6019
9.297 32.6019
9.298 -32.6067
9.298 32.6067
9.299 -32.6115
9.299 32.6115
9.3 -32.6164
9.3 32.6164
9.301 -32.6212
9.301 32.6212
9.302 -32.626
9.302 32.626
9.303 -32.6309
9.303 32.6309
9.304 -32.6357
9.304 32.6357
9.305 -32.6405
9.305 32.6405
9.306 -32.6454
9.306 32.6454
9.307 -32.6502
9.307 32.6502
9.308 -32.655
9.308 32.655
9.309 -32.6599
9.309 32.6599
9.31 -32.6647
9.31 32.6647
9.311 -32.6695
9.311 32.6695
9.312 -32.6744
9.312 32.6744
9.313 -32.6792
9.313 32.6792
9.314 -32.684
9.314 32.684
9.315 -32.6889
9.315 32.6889
9.316 -32.6937
9.316 32.6937
9.317 -32.6986
9.317 32.6986
9.318 -32.7034
9.318 32.7034
9.319 -32.7082
9.319 32.7082
9.32 -32.7131
9.32 32.7131
9.321 -32.7179
9.321 32.7179
9.322 -32.7227
9.322 32.7227
9.323 -32.7276
9.323 32.7276
9.324 -32.7324
9.324 32.7324
9.325 -32.7373
9.325 32.7373
9.326 -32.7421
9.326 32.7421
9.327 -32.7469
9.327 32.7469
9.328 -32.7518
9.328 32.7518
9.329 -32.7566
9.329 32.7566
9.33 -32.7615
9.33 32.7615
9.331 -32.7663
9.331 32.7663
9.332 -32.7711
9.332 32.7711
9.333 -32.776
9.333 32.776
9.334 -32.7808
9.334 32.7808
9.335 -32.7857
9.335 32.7857
9.336 -32.7905
9.336 32.7905
9.337 -32.7953
9.337 32.7953
9.338 -32.8002
9.338 32.8002
9.339 -32.805
9.339 32.805
9.34 -32.8099
9.34 32.8099
9.341 -32.8147
9.341 32.8147
9.342 -32.8196
9.342 32.8196
9.343 -32.8244
9.343 32.8244
9.344 -32.8292
9.344 32.8292
9.345 -32.8341
9.345 32.8341
9.346 -32.8389
9.346 32.8389
9.347 -32.8438
9.347 32.8438
9.348 -32.8486
9.348 32.8486
9.349 -32.8535
9.349 32.8535
9.35 -32.8583
9.35 32.8583
9.351 -32.8631
9.351 32.8631
9.352 -32.868
9.352 32.868
9.353 -32.8728
9.353 32.8728
9.354 -32.8777
9.354 32.8777
9.355 -32.8825
9.355 32.8825
9.356 -32.8874
9.356 32.8874
9.357 -32.8922
9.357 32.8922
9.358 -32.8971
9.358 32.8971
9.359 -32.9019
9.359 32.9019
9.36 -32.9068
9.36 32.9068
9.361 -32.9116
9.361 32.9116
9.362 -32.9165
9.362 32.9165
9.363 -32.9213
9.363 32.9213
9.364 -32.9261
9.364 32.9261
9.365 -32.931
9.365 32.931
9.366 -32.9358
9.366 32.9358
9.367 -32.9407
9.367 32.9407
9.368 -32.9455
9.368 32.9455
9.369 -32.9504
9.369 32.9504
9.37 -32.9552
9.37 32.9552
9.371 -32.9601
9.371 32.9601
9.372 -32.9649
9.372 32.9649
9.373 -32.9698
9.373 32.9698
9.374 -32.9746
9.374 32.9746
9.375 -32.9795
9.375 32.9795
9.376 -32.9843
9.376 32.9843
9.377 -32.9892
9.377 32.9892
9.378 -32.994
9.378 32.994
9.379 -32.9989
9.379 32.9989
9.38 -33.0037
9.38 33.0037
9.381 -33.0086
9.381 33.0086
9.382 -33.0134
9.382 33.0134
9.383 -33.0183
9.383 33.0183
9.384 -33.0231
9.384 33.0231
9.385 -33.028
9.385 33.028
9.386 -33.0329
9.386 33.0329
9.387 -33.0377
9.387 33.0377
9.388 -33.0426
9.388 33.0426
9.389 -33.0474
9.389 33.0474
9.39 -33.0523
9.39 33.0523
9.391 -33.0571
9.391 33.0571
9.392 -33.062
9.392 33.062
9.393 -33.0668
9.393 33.0668
9.394 -33.0717
9.394 33.0717
9.395 -33.0765
9.395 33.0765
9.396 -33.0814
9.396 33.0814
9.397 -33.0862
9.397 33.0862
9.398 -33.0911
9.398 33.0911
9.399 -33.096
9.399 33.096
9.4 -33.1008
9.4 33.1008
9.401 -33.1057
9.401 33.1057
9.402 -33.1105
9.402 33.1105
9.403 -33.1154
9.403 33.1154
9.404 -33.1202
9.404 33.1202
9.405 -33.1251
9.405 33.1251
9.406 -33.13
9.406 33.13
9.407 -33.1348
9.407 33.1348
9.408 -33.1397
9.408 33.1397
9.409 -33.1445
9.409 33.1445
9.41 -33.1494
9.41 33.1494
9.411 -33.1542
9.411 33.1542
9.412 -33.1591
9.412 33.1591
9.413 -33.164
9.413 33.164
9.414 -33.1688
9.414 33.1688
9.415 -33.1737
9.415 33.1737
9.416 -33.1785
9.416 33.1785
9.417 -33.1834
9.417 33.1834
9.418 -33.1883
9.418 33.1883
9.419 -33.1931
9.419 33.1931
9.42 -33.198
9.42 33.198
9.421 -33.2028
9.421 33.2028
9.422 -33.2077
9.422 33.2077
9.423 -33.2126
9.423 33.2126
9.424 -33.2174
9.424 33.2174
9.425 -33.2223
9.425 33.2223
9.426 -33.2272
9.426 33.2272
9.427 -33.232
9.427 33.232
9.428 -33.2369
9.428 33.2369
9.429 -33.2417
9.429 33.2417
9.43 -33.2466
9.43 33.2466
9.431 -33.2515
9.431 33.2515
9.432 -33.2563
9.432 33.2563
9.433 -33.2612
9.433 33.2612
9.434 -33.2661
9.434 33.2661
9.435 -33.2709
9.435 33.2709
9.436 -33.2758
9.436 33.2758
9.437 -33.2806
9.437 33.2806
9.438 -33.2855
9.438 33.2855
9.439 -33.2904
9.439 33.2904
9.44 -33.2952
9.44 33.2952
9.441 -33.3001
9.441 33.3001
9.442 -33.305
9.442 33.305
9.443 -33.3098
9.443 33.3098
9.444 -33.3147
9.444 33.3147
9.445 -33.3196
9.445 33.3196
9.446 -33.3244
9.446 33.3244
9.447 -33.3293
9.447 33.3293
9.448 -33.3342
9.448 33.3342
9.449 -33.339
9.449 33.339
9.45 -33.3439
9.45 33.3439
9.451 -33.3488
9.451 33.3488
9.452 -33.3536
9.452 33.3536
9.453 -33.3585
9.453 33.3585
9.454 -33.3634
9.454 33.3634
9.455 -33.3682
9.455 33.3682
9.456 -33.3731
9.456 33.3731
9.457 -33.378
9.457 33.378
9.458 -33.3829
9.458 33.3829
9.459 -33.3877
9.459 33.3877
9.46 -33.3926
9.46 33.3926
9.461 -33.3975
9.461 33.3975
9.462 -33.4023
9.462 33.4023
9.463 -33.4072
9.463 33.4072
9.464 -33.4121
9.464 33.4121
9.465 -33.4169
9.465 33.4169
9.466 -33.4218
9.466 33.4218
9.467 -33.4267
9.467 33.4267
9.468 -33.4316
9.468 33.4316
9.469 -33.4364
9.469 33.4364
9.47 -33.4413
9.47 33.4413
9.471 -33.4462
9.471 33.4462
9.472 -33.451
9.472 33.451
9.473 -33.4559
9.473 33.4559
9.474 -33.4608
9.474 33.4608
9.475 -33.4657
9.475 33.4657
9.476 -33.4705
9.476 33.4705
9.477 -33.4754
9.477 33.4754
9.478 -33.4803
9.478 33.4803
9.479 -33.4852
9.479 33.4852
9.48 -33.49
9.48 33.49
9.481 -33.4949
9.481 33.4949
9.482 -33.4998
9.482 33.4998
9.483 -33.5047
9.483 33.5047
9.484 -33.5095
9.484 33.5095
9.485 -33.5144
9.485 33.5144
9.486 -33.5193
9.486 33.5193
9.487 -33.5242
9.487 33.5242
9.488 -33.529
9.488 33.529
9.489 -33.5339
9.489 33.5339
9.49 -33.5388
9.49 33.5388
9.491 -33.5437
9.491 33.5437
9.492 -33.5485
9.492 33.5485
9.493 -33.5534
9.493 33.5534
9.494 -33.5583
9.494 33.5583
9.495 -33.5632
9.495 33.5632
9.496 -33.5681
9.496 33.5681
9.497 -33.5729
9.497 33.5729
9.498 -33.5778
9.498 33.5778
9.499 -33.5827
9.499 33.5827
9.5 -33.5876
9.5 33.5876
9.501 -33.5925
9.501 33.5925
9.502 -33.5973
9.502 33.5973
9.503 -33.6022
9.503 33.6022
9.504 -33.6071
9.504 33.6071
9.505 -33.612
9.505 33.612
9.506 -33.6169
9.506 33.6169
9.507 -33.6217
9.507 33.6217
9.508 -33.6266
9.508 33.6266
9.509 -33.6315
9.509 33.6315
9.51 -33.6364
9.51 33.6364
9.511 -33.6413
9.511 33.6413
9.512 -33.6461
9.512 33.6461
9.513 -33.651
9.513 33.651
9.514 -33.6559
9.514 33.6559
9.515 -33.6608
9.515 33.6608
9.516 -33.6657
9.516 33.6657
9.517 -33.6705
9.517 33.6705
9.518 -33.6754
9.518 33.6754
9.519 -33.6803
9.519 33.6803
9.52 -33.6852
9.52 33.6852
9.521 -33.6901
9.521 33.6901
9.522 -33.695
9.522 33.695
9.523 -33.6999
9.523 33.6999
9.524 -33.7047
9.524 33.7047
9.525 -33.7096
9.525 33.7096
9.526 -33.7145
9.526 33.7145
9.527 -33.7194
9.527 33.7194
9.528 -33.7243
9.528 33.7243
9.529 -33.7292
9.529 33.7292
9.53 -33.734
9.53 33.734
9.531 -33.7389
9.531 33.7389
9.532 -33.7438
9.532 33.7438
9.533 -33.7487
9.533 33.7487
9.534 -33.7536
9.534 33.7536
9.535 -33.7585
9.535 33.7585
9.536 -33.7634
9.536 33.7634
9.537 -33.7683
9.537 33.7683
9.538 -33.7731
9.538 33.7731
9.539 -33.778
9.539 33.778
9.54 -33.7829
9.54 33.7829
9.541 -33.7878
9.541 33.7878
9.542 -33.7927
9.542 33.7927
9.543 -33.7976
9.543 33.7976
9.544 -33.8025
9.544 33.8025
9.545 -33.8074
9.545 33.8074
9.546 -33.8123
9.546 33.8123
9.547 -33.8171
9.547 33.8171
9.548 -33.822
9.548 33.822
9.549 -33.8269
9.549 33.8269
9.55 -33.8318
9.55 33.8318
9.551 -33.8367
9.551 33.8367
9.552 -33.8416
9.552 33.8416
9.553 -33.8465
9.553 33.8465
9.554 -33.8514
9.554 33.8514
9.555 -33.8563
9.555 33.8563
9.556 -33.8612
9.556 33.8612
9.557 -33.866
9.557 33.866
9.558 -33.8709
9.558 33.8709
9.559 -33.8758
9.559 33.8758
9.56 -33.8807
9.56 33.8807
9.561 -33.8856
9.561 33.8856
9.562 -33.8905
9.562 33.8905
9.563 -33.8954
9.563 33.8954
9.564 -33.9003
9.564 33.9003
9.565 -33.9052
9.565 33.9052
9.566 -33.9101
9.566 33.9101
9.567 -33.915
9.567 33.915
9.568 -33.9199
9.568 33.9199
9.569 -33.9248
9.569 33.9248
9.57 -33.9297
9.57 33.9297
9.571 -33.9346
9.571 33.9346
9.572 -33.9395
9.572 33.9395
9.573 -33.9444
9.573 33.9444
9.574 -33.9492
9.574 33.9492
9.575 -33.9541
9.575 33.9541
9.576 -33.959
9.576 33.959
9.577 -33.9639
9.577 33.9639
9.578 -33.9688
9.578 33.9688
9.579 -33.9737
9.579 33.9737
9.58 -33.9786
9.58 33.9786
9.581 -33.9835
9.581 33.9835
9.582 -33.9884
9.582 33.9884
9.583 -33.9933
9.583 33.9933
9.584 -33.9982
9.584 33.9982
9.585 -34.0031
9.585 34.0031
9.586 -34.008
9.586 34.008
9.587 -34.0129
9.587 34.0129
9.588 -34.0178
9.588 34.0178
9.589 -34.0227
9.589 34.0227
9.59 -34.0276
9.59 34.0276
9.591 -34.0325
9.591 34.0325
9.592 -34.0374
9.592 34.0374
9.593 -34.0423
9.593 34.0423
9.594 -34.0472
9.594 34.0472
9.595 -34.0521
9.595 34.0521
9.596 -34.057
9.596 34.057
9.597 -34.0619
9.597 34.0619
9.598 -34.0668
9.598 34.0668
9.599 -34.0717
9.599 34.0717
9.6 -34.0766
9.6 34.0766
9.601 -34.0815
9.601 34.0815
9.602 -34.0864
9.602 34.0864
9.603 -34.0913
9.603 34.0913
9.604 -34.0962
9.604 34.0962
9.605 -34.1011
9.605 34.1011
9.606 -34.106
9.606 34.106
9.607 -34.1109
9.607 34.1109
9.608 -34.1158
9.608 34.1158
9.609 -34.1207
9.609 34.1207
9.61 -34.1256
9.61 34.1256
9.611 -34.1306
9.611 34.1306
9.612 -34.1355
9.612 34.1355
9.613 -34.1404
9.613 34.1404
9.614 -34.1453
9.614 34.1453
9.615 -34.1502
9.615 34.1502
9.616 -34.1551
9.616 34.1551
9.617 -34.16
9.617 34.16
9.618 -34.1649
9.618 34.1649
9.619 -34.1698
9.619 34.1698
9.62 -34.1747
9.62 34.1747
9.621 -34.1796
9.621 34.1796
9.622 -34.1845
9.622 34.1845
9.623 -34.1894
9.623 34.1894
9.624 -34.1943
9.624 34.1943
9.625 -34.1992
9.625 34.1992
9.626 -34.2041
9.626 34.2041
9.627 -34.2091
9.627 34.2091
9.628 -34.214
9.628 34.214
9.629 -34.2189
9.629 34.2189
9.63 -34.2238
9.63 34.2238
9.631 -34.2287
9.631 34.2287
9.632 -34.2336
9.632 34.2336
9.633 -34.2385
9.633 34.2385
9.634 -34.2434
9.634 34.2434
9.635 -34.2483
9.635 34.2483
9.636 -34.2532
9.636 34.2532
9.637 -34.2581
9.637 34.2581
9.638 -34.2631
9.638 34.2631
9.639 -34.268
9.639 34.268
9.64 -34.2729
9.64 34.2729
9.641 -34.2778
9.641 34.2778
9.642 -34.2827
9.642 34.2827
9.643 -34.2876
9.643 34.2876
9.644 -34.2925
9.644 34.2925
9.645 -34.2974
9.645 34.2974
9.646 -34.3023
9.646 34.3023
9.647 -34.3073
9.647 34.3073
9.648 -34.3122
9.648 34.3122
9.649 -34.3171
9.649 34.3171
9.65 -34.322
9.65 34.322
9.651 -34.3269
9.651 34.3269
9.652 -34.3318
9.652 34.3318
9.653 -34.3367
9.653 34.3367
9.654 -34.3417
9.654 34.3417
9.655 -34.3466
9.655 34.3466
9.656 -34.3515
9.656 34.3515
9.657 -34.3564
9.657 34.3564
9.658 -34.3613
9.658 34.3613
9.659 -34.3662
9.659 34.3662
9.66 -34.3711
9.66 34.3711
9.661 -34.3761
9.661 34.3761
9.662 -34.381
9.662 34.381
9.663 -34.3859
9.663 34.3859
9.664 -34.3908
9.664 34.3908
9.665 -34.3957
9.665 34.3957
9.666 -34.4006
9.666 34.4006
9.667 -34.4056
9.667 34.4056
9.668 -34.4105
9.668 34.4105
9.669 -34.4154
9.669 34.4154
9.67 -34.4203
9.67 34.4203
9.671 -34.4252
9.671 34.4252
9.672 -34.4301
9.672 34.4301
9.673 -34.4351
9.673 34.4351
9.674 -34.44
9.674 34.44
9.675 -34.4449
9.675 34.4449
9.676 -34.4498
9.676 34.4498
9.677 -34.4547
9.677 34.4547
9.678 -34.4597
9.678 34.4597
9.679 -34.4646
9.679 34.4646
9.68 -34.4695
9.68 34.4695
9.681 -34.4744
9.681 34.4744
9.682 -34.4793
9.682 34.4793
9.683 -34.4843
9.683 34.4843
9.684 -34.4892
9.684 34.4892
9.685 -34.4941
9.685 34.4941
9.686 -34.499
9.686 34.499
9.687 -34.5039
9.687 34.5039
9.688 -34.5089
9.688 34.5089
9.689 -34.5138
9.689 34.5138
9.69 -34.5187
9.69 34.5187
9.691 -34.5236
9.691 34.5236
9.692 -34.5286
9.692 34.5286
9.693 -34.5335
9.693 34.5335
9.694 -34.5384
9.694 34.5384
9.695 -34.5433
9.695 34.5433
9.696 -34.5483
9.696 34.5483
9.697 -34.5532
9.697 34.5532
9.698 -34.5581
9.698 34.5581
9.699 -34.563
9.699 34.563
9.7 -34.5679
9.7 34.5679
9.701 -34.5729
9.701 34.5729
9.702 -34.5778
9.702 34.5778
9.703 -34.5827
9.703 34.5827
9.704 -34.5876
9.704 34.5876
9.705 -34.5926
9.705 34.5926
9.706 -34.5975
9.706 34.5975
9.707 -34.6024
9.707 34.6024
9.708 -34.6074
9.708 34.6074
9.709 -34.6123
9.709 34.6123
9.71 -34.6172
9.71 34.6172
9.711 -34.6221
9.711 34.6221
9.712 -34.6271
9.712 34.6271
9.713 -34.632
9.713 34.632
9.714 -34.6369
9.714 34.6369
9.715 -34.6418
9.715 34.6418
9.716 -34.6468
9.716 34.6468
9.717 -34.6517
9.717 34.6517
9.718 -34.6566
9.718 34.6566
9.719 -34.6616
9.719 34.6616
9.72 -34.6665
9.72 34.6665
9.721 -34.6714
9.721 34.6714
9.722 -34.6763
9.722 34.6763
9.723 -34.6813
9.723 34.6813
9.724 -34.6862
9.724 34.6862
9.725 -34.6911
9.725 34.6911
9.726 -34.6961
9.726 34.6961
9.727 -34.701
9.727 34.701
9.728 -34.7059
9.728 34.7059
9.729 -34.7109
9.729 34.7109
9.73 -34.7158
9.73 34.7158
9.731 -34.7207
9.731 34.7207
9.732 -34.7257
9.732 34.7257
9.733 -34.7306
9.733 34.7306
9.734 -34.7355
9.734 34.7355
9.735 -34.7404
9.735 34.7404
9.736 -34.7454
9.736 34.7454
9.737 -34.7503
9.737 34.7503
9.738 -34.7552
9.738 34.7552
9.739 -34.7602
9.739 34.7602
9.74 -34.7651
9.74 34.7651
9.741 -34.77
9.741 34.77
9.742 -34.775
9.742 34.775
9.743 -34.7799
9.743 34.7799
9.744 -34.7849
9.744 34.7849
9.745 -34.7898
9.745 34.7898
9.746 -34.7947
9.746 34.7947
9.747 -34.7997
9.747 34.7997
9.748 -34.8046
9.748 34.8046
9.749 -34.8095
9.749 34.8095
9.75 -34.8145
9.75 34.8145
9.751 -34.8194
9.751 34.8194
9.752 -34.8243
9.752 34.8243
9.753 -34.8293
9.753 34.8293
9.754 -34.8342
9.754 34.8342
9.755 -34.8391
9.755 34.8391
9.756 -34.8441
9.756 34.8441
9.757 -34.849
9.757 34.849
9.758 -34.854
9.758 34.854
9.759 -34.8589
9.759 34.8589
9.76 -34.8638
9.76 34.8638
9.761 -34.8688
9.761 34.8688
9.762 -34.8737
9.762 34.8737
9.763 -34.8787
9.763 34.8787
9.764 -34.8836
9.764 34.8836
9.765 -34.8885
9.765 34.8885
9.766 -34.8935
9.766 34.8935
9.767 -34.8984
9.767 34.8984
9.768 -34.9033
9.768 34.9033
9.769 -34.9083
9.769 34.9083
9.77 -34.9132
9.77 34.9132
9.771 -34.9182
9.771 34.9182
9.772 -34.9231
9.772 34.9231
9.773 -34.9281
9.773 34.9281
9.774 -34.933
9.774 34.933
9.775 -34.9379
9.775 34.9379
9.776 -34.9429
9.776 34.9429
9.777 -34.9478
9.777 34.9478
9.778 -34.9528
9.778 34.9528
9.779 -34.9577
9.779 34.9577
9.78 -34.9626
9.78 34.9626
9.781 -34.9676
9.781 34.9676
9.782 -34.9725
9.782 34.9725
9.783 -34.9775
9.783 34.9775
9.784 -34.9824
9.784 34.9824
9.785 -34.9874
9.785 34.9874
9.786 -34.9923
9.786 34.9923
9.787 -34.9973
9.787 34.9973
9.788 -35.0022
9.788 35.0022
9.789 -35.0071
9.789 35.0071
9.79 -35.0121
9.79 35.0121
9.791 -35.017
9.791 35.017
9.792 -35.022
9.792 35.022
9.793 -35.0269
9.793 35.0269
9.794 -35.0319
9.794 35.0319
9.795 -35.0368
9.795 35.0368
9.796 -35.0418
9.796 35.0418
9.797 -35.0467
9.797 35.0467
9.798 -35.0517
9.798 35.0517
9.799 -35.0566
9.799 35.0566
9.8 -35.0615
9.8 35.0615
9.801 -35.0665
9.801 35.0665
9.802 -35.0714
9.802 35.0714
9.803 -35.0764
9.803 35.0764
9.804 -35.0813
9.804 35.0813
9.805 -35.0863
9.805 35.0863
9.806 -35.0912
9.806 35.0912
9.807 -35.0962
9.807 35.0962
9.808 -35.1011
9.808 35.1011
9.809 -35.1061
9.809 35.1061
9.81 -35.111
9.81 35.111
9.811 -35.116
9.811 35.116
9.812 -35.1209
9.812 35.1209
9.813 -35.1259
9.813 35.1259
9.814 -35.1308
9.814 35.1308
9.815 -35.1358
9.815 35.1358
9.816 -35.1407
9.816 35.1407
9.817 -35.1457
9.817 35.1457
9.818 -35.1506
9.818 35.1506
9.819 -35.1556
9.819 35.1556
9.82 -35.1605
9.82 35.1605
9.821 -35.1655
9.821 35.1655
9.822 -35.1704
9.822 35.1704
9.823 -35.1754
9.823 35.1754
9.824 -35.1803
9.824 35.1803
9.825 -35.1853
9.825 35.1853
9.826 -35.1903
9.826 35.1903
9.827 -35.1952
9.827 35.1952
9.828 -35.2002
9.828 35.2002
9.829 -35.2051
9.829 35.2051
9.83 -35.2101
9.83 35.2101
9.831 -35.215
9.831 35.215
9.832 -35.22
9.832 35.22
9.833 -35.2249
9.833 35.2249
9.834 -35.2299
9.834 35.2299
9.835 -35.2348
9.835 35.2348
9.836 -35.2398
9.836 35.2398
9.837 -35.2448
9.837 35.2448
9.838 -35.2497
9.838 35.2497
9.839 -35.2547
9.839 35.2547
9.84 -35.2596
9.84 35.2596
9.841 -35.2646
9.841 35.2646
9.842 -35.2695
9.842 35.2695
9.843 -35.2745
9.843 35.2745
9.844 -35.2794
9.844 35.2794
9.845 -35.2844
9.845 35.2844
9.846 -35.2894
9.846 35.2894
9.847 -35.2943
9.847 35.2943
9.848 -35.2993
9.848 35.2993
9.849 -35.3042
9.849 35.3042
9.85 -35.3092
9.85 35.3092
9.851 -35.3142
9.851 35.3142
9.852 -35.3191
9.852 35.3191
9.853 -35.3241
9.853 35.3241
9.854 -35.329
9.854 35.329
9.855 -35.334
9.855 35.334
9.856 -35.3389
9.856 35.3389
9.857 -35.3439
9.857 35.3439
9.858 -35.3489
9.858 35.3489
9.859 -35.3538
9.859 35.3538
9.86 -35.3588
9.86 35.3588
9.861 -35.3638
9.861 35.3638
9.862 -35.3687
9.862 35.3687
9.863 -35.3737
9.863 35.3737
9.864 -35.3786
9.864 35.3786
9.865 -35.3836
9.865 35.3836
9.866 -35.3886
9.866 35.3886
9.867 -35.3935
9.867 35.3935
9.868 -35.3985
9.868 35.3985
9.869 -35.4034
9.869 35.4034
9.87 -35.4084
9.87 35.4084
9.871 -35.4134
9.871 35.4134
9.872 -35.4183
9.872 35.4183
9.873 -35.4233
9.873 35.4233
9.874 -35.4283
9.874 35.4283
9.875 -35.4332
9.875 35.4332
9.876 -35.4382
9.876 35.4382
9.877 -35.4432
9.877 35.4432
9.878 -35.4481
9.878 35.4481
9.879 -35.4531
9.879 35.4531
9.88 -35.4581
9.88 35.4581
9.881 -35.463
9.881 35.463
9.882 -35.468
9.882 35.468
9.883 -35.4729
9.883 35.4729
9.884 -35.4779
9.884 35.4779
9.885 -35.4829
9.885 35.4829
9.886 -35.4878
9.886 35.4878
9.887 -35.4928
9.887 35.4928
9.888 -35.4978
9.888 35.4978
9.889 -35.5027
9.889 35.5027
9.89 -35.5077
9.89 35.5077
9.891 -35.5127
9.891 35.5127
9.892 -35.5177
9.892 35.5177
9.893 -35.5226
9.893 35.5226
9.894 -35.5276
9.894 35.5276
9.895 -35.5326
9.895 35.5326
9.896 -35.5375
9.896 35.5375
9.897 -35.5425
9.897 35.5425
9.898 -35.5475
9.898 35.5475
9.899 -35.5524
9.899 35.5524
9.9 -35.5574
9.9 35.5574
9.901 -35.5624
9.901 35.5624
9.902 -35.5673
9.902 35.5673
9.903 -35.5723
9.903 35.5723
9.904 -35.5773
9.904 35.5773
9.905 -35.5823
9.905 35.5823
9.906 -35.5872
9.906 35.5872
9.907 -35.5922
9.907 35.5922
9.908 -35.5972
9.908 35.5972
9.909 -35.6021
9.909 35.6021
9.91 -35.6071
9.91 35.6071
9.911 -35.6121
9.911 35.6121
9.912 -35.6171
9.912 35.6171
9.913 -35.622
9.913 35.622
9.914 -35.627
9.914 35.627
9.915 -35.632
9.915 35.632
9.916 -35.637
9.916 35.637
9.917 -35.6419
9.917 35.6419
9.918 -35.6469
9.918 35.6469
9.919 -35.6519
9.919 35.6519
9.92 -35.6568
9.92 35.6568
9.921 -35.6618
9.921 35.6618
9.922 -35.6668
9.922 35.6668
9.923 -35.6718
9.923 35.6718
9.924 -35.6767
9.924 35.6767
9.925 -35.6817
9.925 35.6817
9.926 -35.6867
9.926 35.6867
9.927 -35.6917
9.927 35.6917
9.928 -35.6966
9.928 35.6966
9.929 -35.7016
9.929 35.7016
9.93 -35.7066
9.93 35.7066
9.931 -35.7116
9.931 35.7116
9.932 -35.7166
9.932 35.7166
9.933 -35.7215
9.933 35.7215
9.934 -35.7265
9.934 35.7265
9.935 -35.7315
9.935 35.7315
9.936 -35.7365
9.936 35.7365
9.937 -35.7414
9.937 35.7414
9.938 -35.7464
9.938 35.7464
9.939 -35.7514
9.939 35.7514
9.94 -35.7564
9.94 35.7564
9.941 -35.7614
9.941 35.7614
9.942 -35.7663
9.942 35.7663
9.943 -35.7713
9.943 35.7713
9.944 -35.7763
9.944 35.7763
9.945 -35.7813
9.945 35.7813
9.946 -35.7863
9.946 35.7863
9.947 -35.7912
9.947 35.7912
9.948 -35.7962
9.948 35.7962
9.949 -35.8012
9.949 35.8012
9.95 -35.8062
9.95 35.8062
9.951 -35.8112
9.951 35.8112
9.952 -35.8161
9.952 35.8161
9.953 -35.8211
9.953 35.8211
9.954 -35.8261
9.954 35.8261
9.955 -35.8311
9.955 35.8311
9.956 -35.8361
9.956 35.8361
9.957 -35.8411
9.957 35.8411
9.958 -35.846
9.958 35.846
9.959 -35.851
9.959 35.851
9.96 -35.856
9.96 35.856
9.961 -35.861
9.961 35.861
9.962 -35.866
9.962 35.866
9.963 -35.871
9.963 35.871
9.964 -35.8759
9.964 35.8759
9.965 -35.8809
9.965 35.8809
9.966 -35.8859
9.966 35.8859
9.967 -35.8909
9.967 35.8909
9.968 -35.8959
9.968 35.8959
9.969 -35.9009
9.969 35.9009
9.97 -35.9058
9.97 35.9058
9.971 -35.9108
9.971 35.9108
9.972 -35.9158
9.972 35.9158
9.973 -35.9208
9.973 35.9208
9.974 -35.9258
9.974 35.9258
9.975 -35.9308
9.975 35.9308
9.976 -35.9358
9.976 35.9358
9.977 -35.9407
9.977 35.9407
9.978 -35.9457
9.978 35.9457
9.979 -35.9507
9.979 35.9507
9.98 -35.9557
9.98 35.9557
9.981 -35.9607
9.981 35.9607
9.982 -35.9657
9.982 35.9657
9.983 -35.9707
9.983 35.9707
9.984 -35.9757
9.984 35.9757
9.985 -35.9807
9.985 35.9807
9.986 -35.9856
9.986 35.9856
9.987 -35.9906
9.987 35.9906
9.988 -35.9956
9.988 35.9956
9.989 -36.0006
9.989 36.0006
9.99 -36.0056
9.99 36.0056
9.991 -36.0106
9.991 36.0106
9.992 -36.0156
9.992 36.0156
9.993 -36.0206
9.993 36.0206
9.994 -36.0256
9.994 36.0256
9.995 -36.0306
9.995 36.0306
9.996 -36.0355
9.996 36.0355
9.997 -36.0405
9.997 36.0405
9.998 -36.0455
9.998 36.0455
9.999 -36.0505
9.999 36.0505
10 -36.0555
10 36.0555
10.001 -36.0605
10.001 36.0605
10.002 -36.0655
10.002 36.0655
10.003 -36.0705
10.003 36.0705
10.004 -36.0755
10.004 36.0755
10.005 -36.0805
10.005 36.0805
10.006 -36.0855
10.006 36.0855
10.007 -36.0905
10.007 36.0905
10.008 -36.0955
10.008 36.0955
10.009 -36.1005
10.009 36.1005
10.01 -36.1054
10.01 36.1054
10.011 -36.1104
10.011 36.1104
10.012 -36.1154
10.012 36.1154
10.013 -36.1204
10.013 36.1204
10.014 -36.1254
10.014 36.1254
10.015 -36.1304
10.015 36.1304
10.016 -36.1354
10.016 36.1354
10.017 -36.1404
10.017 36.1404
10.018 -36.1454
10.018 36.1454
10.019 -36.1504
10.019 36.1504
10.02 -36.1554
10.02 36.1554
10.021 -36.1604
10.021 36.1604
10.022 -36.1654
10.022 36.1654
10.023 -36.1704
10.023 36.1704
10.024 -36.1754
10.024 36.1754
10.025 -36.1804
10.025 36.1804
10.026 -36.1854
10.026 36.1854
10.027 -36.1904
10.027 36.1904
10.028 -36.1954
10.028 36.1954
10.029 -36.2004
10.029 36.2004
10.03 -36.2054
10.03 36.2054
10.031 -36.2104
10.031 36.2104
10.032 -36.2154
10.032 36.2154
10.033 -36.2204
10.033 36.2204
10.034 -36.2254
10.034 36.2254
10.035 -36.2304
10.035 36.2304
10.036 -36.2354
10.036 36.2354
10.037 -36.2404
10.037 36.2404
10.038 -36.2454
10.038 36.2454
10.039 -36.2504
10.039 36.2504
10.04 -36.2554
10.04 36.2554
10.041 -36.2604
10.041 36.2604
10.042 -36.2654
10.042 36.2654
10.043 -36.2704
10.043 36.2704
10.044 -36.2754
10.044 36.2754
10.045 -36.2804
10.045 36.2804
10.046 -36.2854
10.046 36.2854
10.047 -36.2904
10.047 36.2904
10.048 -36.2954
10.048 36.2954
10.049 -36.3004
10.049 36.3004
10.05 -36.3054
10.05 36.3054
10.051 -36.3104
10.051 36.3104
10.052 -36.3154
10.052 36.3154
10.053 -36.3204
10.053 36.3204
10.054 -36.3254
10.054 36.3254
10.055 -36.3304
10.055 36.3304
10.056 -36.3354
10.056 36.3354
10.057 -36.3404
10.057 36.3404
10.058 -36.3454
10.058 36.3454
10.059 -36.3504
10.059 36.3504
10.06 -36.3555
10.06 36.3555
10.061 -36.3605
10.061 36.3605
10.062 -36.3655
10.062 36.3655
10.063 -36.3705
10.063 36.3705
10.064 -36.3755
10.064 36.3755
10.065 -36.3805
10.065 36.3805
10.066 -36.3855
10.066 36.3855
10.067 -36.3905
10.067 36.3905
10.068 -36.3955
10.068 36.3955
10.069 -36.4005
10.069 36.4005
10.07 -36.4055
10.07 36.4055
10.071 -36.4105
10.071 36.4105
10.072 -36.4155
10.072 36.4155
10.073 -36.4205
10.073 36.4205
10.074 -36.4256
10.074 36.4256
10.075 -36.4306
10.075 36.4306
10.076 -36.4356
10.076 36.4356
10.077 -36.4406
10.077 36.4406
10.078 -36.4456
10.078 36.4456
10.079 -36.4506
10.079 36.4506
10.08 -36.4556
10.08 36.4556
10.081 -36.4606
10.081 36.4606
10.082 -36.4656
10.082 36.4656
10.083 -36.4706
10.083 36.4706
10.084 -36.4757
10.084 36.4757
10.085 -36.4807
10.085 36.4807
10.086 -36.4857
10.086 36.4857
10.087 -36.4907
10.087 36.4907
10.088 -36.4957
10.088 36.4957
10.089 -36.5007
10.089 36.5007
10.09 -36.5057
10.09 36.5057
10.091 -36.5107
10.091 36.5107
10.092 -36.5158
10.092 36.5158
10.093 -36.5208
10.093 36.5208
10.094 -36.5258
10.094 36.5258
10.095 -36.5308
10.095 36.5308
10.096 -36.5358
10.096 36.5358
10.097 -36.5408
10.097 36.5408
10.098 -36.5458
10.098 36.5458
10.099 -36.5508
10.099 36.5508
10.1 -36.5559
10.1 36.5559
10.101 -36.5609
10.101 36.5609
10.102 -36.5659
10.102 36.5659
10.103 -36.5709
10.103 36.5709
10.104 -36.5759
10.104 36.5759
10.105 -36.5809
10.105 36.5809
10.106 -36.586
10.106 36.586
10.107 -36.591
10.107 36.591
10.108 -36.596
10.108 36.596
10.109 -36.601
10.109 36.601
10.11 -36.606
10.11 36.606
10.111 -36.611
10.111 36.611
10.112 -36.6161
10.112 36.6161
10.113 -36.6211
10.113 36.6211
10.114 -36.6261
10.114 36.6261
10.115 -36.6311
10.115 36.6311
10.116 -36.6361
10.116 36.6361
10.117 -36.6411
10.117 36.6411
10.118 -36.6462
10.118 36.6462
10.119 -36.6512
10.119 36.6512
10.12 -36.6562
10.12 36.6562
10.121 -36.6612
10.121 36.6612
10.122 -36.6662
10.122 36.6662
10.123 -36.6713
10.123 36.6713
10.124 -36.6763
10.124 36.6763
10.125 -36.6813
10.125 36.6813
10.126 -36.6863
10.126 36.6863
10.127 -36.6913
10.127 36.6913
10.128 -36.6964
10.128 36.6964
10.129 -36.7014
10.129 36.7014
10.13 -36.7064
10.13 36.7064
10.131 -36.7114
10.131 36.7114
10.132 -36.7164
10.132 36.7164
10.133 -36.7215
10.133 36.7215
10.134 -36.7265
10.134 36.7265
10.135 -36.7315
10.135 36.7315
10.136 -36.7365
10.136 36.7365
10.137 -36.7416
10.137 36.7416
10.138 -36.7466
10.138 36.7466
10.139 -36.7516
10.139 36.7516
10.14 -36.7566
10.14 36.7566
10.141 -36.7616
10.141 36.7616
10.142 -36.7667
10.142 36.7667
10.143 -36.7717
10.143 36.7717
10.144 -36.7767
10.144 36.7767
10.145 -36.7817
10.145 36.7817
10.146 -36.7868
10.146 36.7868
10.147 -36.7918
10.147 36.7918
10.148 -36.7968
10.148 36.7968
10.149 -36.8018
10.149 36.8018
10.15 -36.8069
10.15 36.8069
10.151 -36.8119
10.151 36.8119
10.152 -36.8169
10.152 36.8169
10.153 -36.822
10.153 36.822
10.154 -36.827
10.154 36.827
10.155 -36.832
10.155 36.832
10.156 -36.837
10.156 36.837
10.157 -36.8421
10.157 36.8421
10.158 -36.8471
10.158 36.8471
10.159 -36.8521
10.159 36.8521
10.16 -36.8571
10.16 36.8571
10.161 -36.8622
10.161 36.8622
10.162 -36.8672
10.162 36.8672
10.163 -36.8722
10.163 36.8722
10.164 -36.8773
10.164 36.8773
10.165 -36.8823
10.165 36.8823
10.166 -36.8873
10.166 36.8873
10.167 -36.8923
10.167 36.8923
10.168 -36.8974
10.168 36.8974
10.169 -36.9024
10.169 36.9024
10.17 -36.9074
10.17 36.9074
10.171 -36.9125
10.171 36.9125
10.172 -36.9175
10.172 36.9175
10.173 -36.9225
10.173 36.9225
10.174 -36.9276
10.174 36.9276
10.175 -36.9326
10.175 36.9326
10.176 -36.9376
10.176 36.9376
10.177 -36.9427
10.177 36.9427
10.178 -36.9477
10.178 36.9477
10.179 -36.9527
10.179 36.9527
10.18 -36.9577
10.18 36.9577
10.181 -36.9628
10.181 36.9628
10.182 -36.9678
10.182 36.9678
10.183 -36.9728
10.183 36.9728
10.184 -36.9779
10.184 36.9779
10.185 -36.9829
10.185 36.9829
10.186 -36.9879
10.186 36.9879
10.187 -36.993
10.187 36.993
10.188 -36.998
10.188 36.998
10.189 -37.003
10.189 37.003
10.19 -37.0081
10.19 37.0081
10.191 -37.0131
10.191 37.0131
10.192 -37.0182
10.192 37.0182
10.193 -37.0232
10.193 37.0232
10.194 -37.0282
10.194 37.0282
10.195 -37.0333
10.195 37.0333
10.196 -37.0383
10.196 37.0383
10.197 -37.0433
10.197 37.0433
10.198 -37.0484
10.198 37.0484
10.199 -37.0534
10.199 37.0534
10.2 -37.0584
10.2 37.0584
10.201 -37.0635
10.201 37.0635
10.202 -37.0685
10.202 37.0685
10.203 -37.0736
10.203 37.0736
10.204 -37.0786
10.204 37.0786
10.205 -37.0836
10.205 37.0836
10.206 -37.0887
10.206 37.0887
10.207 -37.0937
10.207 37.0937
10.208 -37.0987
10.208 37.0987
10.209 -37.1038
10.209 37.1038
10.21 -37.1088
10.21 37.1088
10.211 -37.1139
10.211 37.1139
10.212 -37.1189
10.212 37.1189
10.213 -37.1239
10.213 37.1239
10.214 -37.129
10.214 37.129
10.215 -37.134
10.215 37.134
10.216 -37.1391
10.216 37.1391
10.217 -37.1441
10.217 37.1441
10.218 -37.1491
10.218 37.1491
10.219 -37.1542
10.219 37.1542
10.22 -37.1592
10.22 37.1592
10.221 -37.1643
10.221 37.1643
10.222 -37.1693
10.222 37.1693
10.223 -37.1743
10.223 37.1743
10.224 -37.1794
10.224 37.1794
10.225 -37.1844
10.225 37.1844
10.226 -37.1895
10.226 37.1895
10.227 -37.1945
10.227 37.1945
10.228 -37.1996
10.228 37.1996
10.229 -37.2046
10.229 37.2046
10.23 -37.2096
10.23 37.2096
10.231 -37.2147
10.231 37.2147
10.232 -37.2197
10.232 37.2197
10.233 -37.2248
10.233 37.2248
10.234 -37.2298
10.234 37.2298
10.235 -37.2349
10.235 37.2349
10.236 -37.2399
10.236 37.2399
10.237 -37.245
10.237 37.245
10.238 -37.25
10.238 37.25
10.239 -37.255
10.239 37.255
10.24 -37.2601
10.24 37.2601
10.241 -37.2651
10.241 37.2651
10.242 -37.2702
10.242 37.2702
10.243 -37.2752
10.243 37.2752
10.244 -37.2803
10.244 37.2803
10.245 -37.2853
10.245 37.2853
10.246 -37.2904
10.246 37.2904
10.247 -37.2954
10.247 37.2954
10.248 -37.3005
10.248 37.3005
10.249 -37.3055
10.249 37.3055
10.25 -37.3106
10.25 37.3106
10.251 -37.3156
10.251 37.3156
10.252 -37.3207
10.252 37.3207
10.253 -37.3257
10.253 37.3257
10.254 -37.3308
10.254 37.3308
10.255 -37.3358
10.255 37.3358
10.256 -37.3409
10.256 37.3409
10.257 -37.3459
10.257 37.3459
10.258 -37.351
10.258 37.351
10.259 -37.356
10.259 37.356
10.26 -37.3611
10.26 37.3611
10.261 -37.3661
10.261 37.3661
10.262 -37.3712
10.262 37.3712
10.263 -37.3762
10.263 37.3762
10.264 -37.3813
10.264 37.3813
10.265 -37.3863
10.265 37.3863
10.266 -37.3914
10.266 37.3914
10.267 -37.3964
10.267 37.3964
10.268 -37.4015
10.268 37.4015
10.269 -37.4065
10.269 37.4065
10.27 -37.4116
10.27 37.4116
10.271 -37.4166
10.271 37.4166
10.272 -37.4217
10.272 37.4217
10.273 -37.4267
10.273 37.4267
10.274 -37.4318
10.274 37.4318
10.275 -37.4368
10.275 37.4368
10.276 -37.4419
10.276 37.4419
10.277 -37.4469
10.277 37.4469
10.278 -37.452
10.278 37.452
10.279 -37.457
10.279 37.457
10.28 -37.4621
10.28 37.4621
10.281 -37.4672
10.281 37.4672
10.282 -37.4722
10.282 37.4722
10.283 -37.4773
10.283 37.4773
10.284 -37.4823
10.284 37.4823
10.285 -37.4874
10.285 37.4874
10.286 -37.4924
10.286 37.4924
10.287 -37.4975
10.287 37.4975
10.288 -37.5025
10.288 37.5025
10.289 -37.5076
10.289 37.5076
10.29 -37.5127
10.29 37.5127
10.291 -37.5177
10.291 37.5177
10.292 -37.5228
10.292 37.5228
10.293 -37.5278
10.293 37.5278
10.294 -37.5329
10.294 37.5329
10.295 -37.5379
10.295 37.5379
10.296 -37.543
10.296 37.543
10.297 -37.5481
10.297 37.5481
10.298 -37.5531
10.298 37.5531
10.299 -37.5582
10.299 37.5582
10.3 -37.5632
10.3 37.5632
10.301 -37.5683
10.301 37.5683
10.302 -37.5734
10.302 37.5734
10.303 -37.5784
10.303 37.5784
10.304 -37.5835
10.304 37.5835
10.305 -37.5885
10.305 37.5885
10.306 -37.5936
10.306 37.5936
10.307 -37.5987
10.307 37.5987
10.308 -37.6037
10.308 37.6037
10.309 -37.6088
10.309 37.6088
10.31 -37.6138
10.31 37.6138
10.311 -37.6189
10.311 37.6189
10.312 -37.624
10.312 37.624
10.313 -37.629
10.313 37.629
10.314 -37.6341
10.314 37.6341
10.315 -37.6392
10.315 37.6392
10.316 -37.6442
10.316 37.6442
10.317 -37.6493
10.317 37.6493
10.318 -37.6543
10.318 37.6543
10.319 -37.6594
10.319 37.6594
10.32 -37.6645
10.32 37.6645
10.321 -37.6695
10.321 37.6695
10.322 -37.6746
10.322 37.6746
10.323 -37.6797
10.323 37.6797
10.324 -37.6847
10.324 37.6847
10.325 -37.6898
10.325 37.6898
10.326 -37.6949
10.326 37.6949
10.327 -37.6999
10.327 37.6999
10.328 -37.705
10.328 37.705
10.329 -37.71
10.329 37.71
10.33 -37.7151
10.33 37.7151
10.331 -37.7202
10.331 37.7202
10.332 -37.7252
10.332 37.7252
10.333 -37.7303
10.333 37.7303
10.334 -37.7354
10.334 37.7354
10.335 -37.7404
10.335 37.7404
10.336 -37.7455
10.336 37.7455
10.337 -37.7506
10.337 37.7506
10.338 -37.7556
10.338 37.7556
10.339 -37.7607
10.339 37.7607
10.34 -37.7658
10.34 37.7658
10.341 -37.7708
10.341 37.7708
10.342 -37.7759
10.342 37.7759
10.343 -37.781
10.343 37.781
10.344 -37.7861
10.344 37.7861
10.345 -37.7911
10.345 37.7911
10.346 -37.7962
10.346 37.7962
10.347 -37.8013
10.347 37.8013
10.348 -37.8063
10.348 37.8063
10.349 -37.8114
10.349 37.8114
10.35 -37.8165
10.35 37.8165
10.351 -37.8215
10.351 37.8215
10.352 -37.8266
10.352 37.8266
10.353 -37.8317
10.353 37.8317
10.354 -37.8368
10.354 37.8368
10.355 -37.8418
10.355 37.8418
10.356 -37.8469
10.356 37.8469
10.357 -37.852
10.357 37.852
10.358 -37.857
10.358 37.857
10.359 -37.8621
10.359 37.8621
10.36 -37.8672
10.36 37.8672
10.361 -37.8723
10.361 37.8723
10.362 -37.8773
10.362 37.8773
10.363 -37.8824
10.363 37.8824
10.364 -37.8875
10.364 37.8875
10.365 -37.8925
10.365 37.8925
10.366 -37.8976
10.366 37.8976
10.367 -37.9027
10.367 37.9027
10.368 -37.9078
10.368 37.9078
10.369 -37.9128
10.369 37.9128
10.37 -37.9179
10.37 37.9179
10.371 -37.923
10.371 37.923
10.372 -37.9281
10.372 37.9281
10.373 -37.9331
10.373 37.9331
10.374 -37.9382
10.374 37.9382
10.375 -37.9433
10.375 37.9433
10.376 -37.9484
10.376 37.9484
10.377 -37.9534
10.377 37.9534
10.378 -37.9585
10.378 37.9585
10.379 -37.9636
10.379 37.9636
10.38 -37.9687
10.38 37.9687
10.381 -37.9737
10.381 37.9737
10.382 -37.9788
10.382 37.9788
10.383 -37.9839
10.383 37.9839
10.384 -37.989
10.384 37.989
10.385 -37.9941
10.385 37.9941
10.386 -37.9991
10.386 37.9991
10.387 -38.0042
10.387 38.0042
10.388 -38.0093
10.388 38.0093
10.389 -38.0144
10.389 38.0144
10.39 -38.0195
10.39 38.0195
10.391 -38.0245
10.391 38.0245
10.392 -38.0296
10.392 38.0296
10.393 -38.0347
10.393 38.0347
10.394 -38.0398
10.394 38.0398
10.395 -38.0448
10.395 38.0448
10.396 -38.0499
10.396 38.0499
10.397 -38.055
10.397 38.055
10.398 -38.0601
10.398 38.0601
10.399 -38.0652
10.399 38.0652
10.4 -38.0703
10.4 38.0703
10.401 -38.0753
10.401 38.0753
10.402 -38.0804
10.402 38.0804
10.403 -38.0855
10.403 38.0855
10.404 -38.0906
10.404 38.0906
10.405 -38.0957
10.405 38.0957
10.406 -38.1007
10.406 38.1007
10.407 -38.1058
10.407 38.1058
10.408 -38.1109
10.408 38.1109
10.409 -38.116
10.409 38.116
10.41 -38.1211
10.41 38.1211
10.411 -38.1262
10.411 38.1262
10.412 -38.1312
10.412 38.1312
10.413 -38.1363
10.413 38.1363
10.414 -38.1414
10.414 38.1414
10.415 -38.1465
10.415 38.1465
10.416 -38.1516
10.416 38.1516
10.417 -38.1567
10.417 38.1567
10.418 -38.1617
10.418 38.1617
10.419 -38.1668
10.419 38.1668
10.42 -38.1719
10.42 38.1719
10.421 -38.177
10.421 38.177
10.422 -38.1821
10.422 38.1821
10.423 -38.1872
10.423 38.1872
10.424 -38.1923
10.424 38.1923
10.425 -38.1973
10.425 38.1973
10.426 -38.2024
10.426 38.2024
10.427 -38.2075
10.427 38.2075
10.428 -38.2126
10.428 38.2126
10.429 -38.2177
10.429 38.2177
10.43 -38.2228
10.43 38.2228
10.431 -38.2279
10.431 38.2279
10.432 -38.233
10.432 38.233
10.433 -38.238
10.433 38.238
10.434 -38.2431
10.434 38.2431
10.435 -38.2482
10.435 38.2482
10.436 -38.2533
10.436 38.2533
10.437 -38.2584
10.437 38.2584
10.438 -38.2635
10.438 38.2635
10.439 -38.2686
10.439 38.2686
10.44 -38.2737
10.44 38.2737
10.441 -38.2788
10.441 38.2788
10.442 -38.2839
10.442 38.2839
10.443 -38.2889
10.443 38.2889
10.444 -38.294
10.444 38.294
10.445 -38.2991
10.445 38.2991
10.446 -38.3042
10.446 38.3042
10.447 -38.3093
10.447 38.3093
10.448 -38.3144
10.448 38.3144
10.449 -38.3195
10.449 38.3195
10.45 -38.3246
10.45 38.3246
10.451 -38.3297
10.451 38.3297
10.452 -38.3348
10.452 38.3348
10.453 -38.3399
10.453 38.3399
10.454 -38.345
10.454 38.345
10.455 -38.35
10.455 38.35
10.456 -38.3551
10.456 38.3551
10.457 -38.3602
10.457 38.3602
10.458 -38.3653
10.458 38.3653
10.459 -38.3704
10.459 38.3704
10.46 -38.3755
10.46 38.3755
10.461 -38.3806
10.461 38.3806
10.462 -38.3857
10.462 38.3857
10.463 -38.3908
10.463 38.3908
10.464 -38.3959
10.464 38.3959
10.465 -38.401
10.465 38.401
10.466 -38.4061
10.466 38.4061
10.467 -38.4112
10.467 38.4112
10.468 -38.4163
10.468 38.4163
10.469 -38.4214
10.469 38.4214
10.47 -38.4265
10.47 38.4265
10.471 -38.4316
10.471 38.4316
10.472 -38.4367
10.472 38.4367
10.473 -38.4418
10.473 38.4418
10.474 -38.4469
10.474 38.4469
10.475 -38.452
10.475 38.452
10.476 -38.4571
10.476 38.4571
10.477 -38.4622
10.477 38.4622
10.478 -38.4672
10.478 38.4672
10.479 -38.4723
10.479 38.4723
10.48 -38.4774
10.48 38.4774
10.481 -38.4825
10.481 38.4825
10.482 -38.4876
10.482 38.4876
10.483 -38.4927
10.483 38.4927
10.484 -38.4978
10.484 38.4978
10.485 -38.5029
10.485 38.5029
10.486 -38.508
10.486 38.508
10.487 -38.5131
10.487 38.5131
10.488 -38.5182
10.488 38.5182
10.489 -38.5233
10.489 38.5233
10.49 -38.5284
10.49 38.5284
10.491 -38.5335
10.491 38.5335
10.492 -38.5386
10.492 38.5386
10.493 -38.5437
10.493 38.5437
10.494 -38.5488
10.494 38.5488
10.495 -38.554
10.495 38.554
10.496 -38.5591
10.496 38.5591
10.497 -38.5642
10.497 38.5642
10.498 -38.5693
10.498 38.5693
10.499 -38.5744
10.499 38.5744
10.5 -38.5795
10.5 38.5795
10.501 -38.5846
10.501 38.5846
10.502 -38.5897
10.502 38.5897
10.503 -38.5948
10.503 38.5948
10.504 -38.5999
10.504 38.5999
10.505 -38.605
10.505 38.605
10.506 -38.6101
10.506 38.6101
10.507 -38.6152
10.507 38.6152
10.508 -38.6203
10.508 38.6203
10.509 -38.6254
10.509 38.6254
10.51 -38.6305
10.51 38.6305
10.511 -38.6356
10.511 38.6356
10.512 -38.6407
10.512 38.6407
10.513 -38.6458
10.513 38.6458
10.514 -38.6509
10.514 38.6509
10.515 -38.656
10.515 38.656
10.516 -38.6611
10.516 38.6611
10.517 -38.6662
10.517 38.6662
10.518 -38.6714
10.518 38.6714
10.519 -38.6765
10.519 38.6765
10.52 -38.6816
10.52 38.6816
10.521 -38.6867
10.521 38.6867
10.522 -38.6918
10.522 38.6918
10.523 -38.6969
10.523 38.6969
10.524 -38.702
10.524 38.702
10.525 -38.7071
10.525 38.7071
10.526 -38.7122
10.526 38.7122
10.527 -38.7173
10.527 38.7173
10.528 -38.7224
10.528 38.7224
10.529 -38.7275
10.529 38.7275
10.53 -38.7327
10.53 38.7327
10.531 -38.7378
10.531 38.7378
10.532 -38.7429
10.532 38.7429
10.533 -38.748
10.533 38.748
10.534 -38.7531
10.534 38.7531
10.535 -38.7582
10.535 38.7582
10.536 -38.7633
10.536 38.7633
10.537 -38.7684
10.537 38.7684
10.538 -38.7735
10.538 38.7735
10.539 -38.7787
10.539 38.7787
10.54 -38.7838
10.54 38.7838
10.541 -38.7889
10.541 38.7889
10.542 -38.794
10.542 38.794
10.543 -38.7991
10.543 38.7991
10.544 -38.8042
10.544 38.8042
10.545 -38.8093
10.545 38.8093
10.546 -38.8144
10.546 38.8144
10.547 -38.8196
10.547 38.8196
10.548 -38.8247
10.548 38.8247
10.549 -38.8298
10.549 38.8298
10.55 -38.8349
10.55 38.8349
10.551 -38.84
10.551 38.84
10.552 -38.8451
10.552 38.8451
10.553 -38.8502
10.553 38.8502
10.554 -38.8554
10.554 38.8554
10.555 -38.8605
10.555 38.8605
10.556 -38.8656
10.556 38.8656
10.557 -38.8707
10.557 38.8707
10.558 -38.8758
10.558 38.8758
10.559 -38.8809
10.559 38.8809
10.56 -38.886
10.56 38.886
10.561 -38.8912
10.561 38.8912
10.562 -38.8963
10.562 38.8963
10.563 -38.9014
10.563 38.9014
10.564 -38.9065
10.564 38.9065
10.565 -38.9116
10.565 38.9116
10.566 -38.9167
10.566 38.9167
10.567 -38.9219
10.567 38.9219
10.568 -38.927
10.568 38.927
10.569 -38.9321
10.569 38.9321
10.57 -38.9372
10.57 38.9372
10.571 -38.9423
10.571 38.9423
10.572 -38.9475
10.572 38.9475
10.573 -38.9526
10.573 38.9526
10.574 -38.9577
10.574 38.9577
10.575 -38.9628
10.575 38.9628
10.576 -38.9679
10.576 38.9679
10.577 -38.9731
10.577 38.9731
10.578 -38.9782
10.578 38.9782
10.579 -38.9833
10.579 38.9833
10.58 -38.9884
10.58 38.9884
10.581 -38.9935
10.581 38.9935
10.582 -38.9987
10.582 38.9987
10.583 -39.0038
10.583 39.0038
10.584 -39.0089
10.584 39.0089
10.585 -39.014
10.585 39.014
10.586 -39.0191
10.586 39.0191
10.587 -39.0243
10.587 39.0243
10.588 -39.0294
10.588 39.0294
10.589 -39.0345
10.589 39.0345
10.59 -39.0396
10.59 39.0396
10.591 -39.0448
10.591 39.0448
10.592 -39.0499
10.592 39.0499
10.593 -39.055
10.593 39.055
10.594 -39.0601
10.594 39.0601
10.595 -39.0652
10.595 39.0652
10.596 -39.0704
10.596 39.0704
10.597 -39.0755
10.597 39.0755
10.598 -39.0806
10.598 39.0806
10.599 -39.0857
10.599 39.0857
10.6 -39.0909
10.6 39.0909
10.601 -39.096
10.601 39.096
10.602 -39.1011
10.602 39.1011
10.603 -39.1062
10.603 39.1062
10.604 -39.1114
10.604 39.1114
10.605 -39.1165
10.605 39.1165
10.606 -39.1216
10.606 39.1216
10.607 -39.1267
10.607 39.1267
10.608 -39.1319
10.608 39.1319
10.609 -39.137
10.609 39.137
10.61 -39.1421
10.61 39.1421
10.611 -39.1473
10.611 39.1473
10.612 -39.1524
10.612 39.1524
10.613 -39.1575
10.613 39.1575
10.614 -39.1626
10.614 39.1626
10.615 -39.1678
10.615 39.1678
10.616 -39.1729
10.616 39.1729
10.617 -39.178
10.617 39.178
10.618 -39.1832
10.618 39.1832
10.619 -39.1883
10.619 39.1883
10.62 -39.1934
10.62 39.1934
10.621 -39.1985
10.621 39.1985
10.622 -39.2037
10.622 39.2037
10.623 -39.2088
10.623 39.2088
10.624 -39.2139
10.624 39.2139
10.625 -39.2191
10.625 39.2191
10.626 -39.2242
10.626 39.2242
10.627 -39.2293
10.627 39.2293
10.628 -39.2345
10.628 39.2345
10.629 -39.2396
10.629 39.2396
10.63 -39.2447
10.63 39.2447
10.631 -39.2498
10.631 39.2498
10.632 -39.255
10.632 39.255
10.633 -39.2601
10.633 39.2601
10.634 -39.2652
10.634 39.2652
10.635 -39.2704
10.635 39.2704
10.636 -39.2755
10.636 39.2755
10.637 -39.2806
10.637 39.2806
10.638 -39.2858
10.638 39.2858
10.639 -39.2909
10.639 39.2909
10.64 -39.296
10.64 39.296
10.641 -39.3012
10.641 39.3012
10.642 -39.3063
10.642 39.3063
10.643 -39.3114
10.643 39.3114
10.644 -39.3166
10.644 39.3166
10.645 -39.3217
10.645 39.3217
10.646 -39.3268
10.646 39.3268
10.647 -39.332
10.647 39.332
10.648 -39.3371
10.648 39.3371
10.649 -39.3423
10.649 39.3423
10.65 -39.3474
10.65 39.3474
10.651 -39.3525
10.651 39.3525
10.652 -39.3577
10.652 39.3577
10.653 -39.3628
10.653 39.3628
10.654 -39.3679
10.654 39.3679
10.655 -39.3731
10.655 39.3731
10.656 -39.3782
10.656 39.3782
10.657 -39.3833
10.657 39.3833
10.658 -39.3885
10.658 39.3885
10.659 -39.3936
10.659 39.3936
10.66 -39.3988
10.66 39.3988
10.661 -39.4039
10.661 39.4039
10.662 -39.409
10.662 39.409
10.663 -39.4142
10.663 39.4142
10.664 -39.4193
10.664 39.4193
10.665 -39.4245
10.665 39.4245
10.666 -39.4296
10.666 39.4296
10.667 -39.4347
10.667 39.4347
10.668 -39.4399
10.668 39.4399
10.669 -39.445
10.669 39.445
10.67 -39.4502
10.67 39.4502
10.671 -39.4553
10.671 39.4553
10.672 -39.4604
10.672 39.4604
10.673 -39.4656
10.673 39.4656
10.674 -39.4707
10.674 39.4707
10.675 -39.4759
10.675 39.4759
10.676 -39.481
10.676 39.481
10.677 -39.4861
10.677 39.4861
10.678 -39.4913
10.678 39.4913
10.679 -39.4964
10.679 39.4964
10.68 -39.5016
10.68 39.5016
10.681 -39.5067
10.681 39.5067
10.682 -39.5119
10.682 39.5119
10.683 -39.517
10.683 39.517
10.684 -39.5221
10.684 39.5221
10.685 -39.5273
10.685 39.5273
10.686 -39.5324
10.686 39.5324
10.687 -39.5376
10.687 39.5376
10.688 -39.5427
10.688 39.5427
10.689 -39.5479
10.689 39.5479
10.69 -39.553
10.69 39.553
10.691 -39.5581
10.691 39.5581
10.692 -39.5633
10.692 39.5633
10.693 -39.5684
10.693 39.5684
10.694 -39.5736
10.694 39.5736
10.695 -39.5787
10.695 39.5787
10.696 -39.5839
10.696 39.5839
10.697 -39.589
10.697 39.589
10.698 -39.5942
10.698 39.5942
10.699 -39.5993
10.699 39.5993
10.7 -39.6045
10.7 39.6045
10.701 -39.6096
10.701 39.6096
10.702 -39.6148
10.702 39.6148
10.703 -39.6199
10.703 39.6199
10.704 -39.625
10.704 39.625
10.705 -39.6302
10.705 39.6302
10.706 -39.6353
10.706 39.6353
10.707 -39.6405
10.707 39.6405
10.708 -39.6456
10.708 39.6456
10.709 -39.6508
10.709 39.6508
10.71 -39.6559
10.71 39.6559
10.711 -39.6611
10.711 39.6611
10.712 -39.6662
10.712 39.6662
10.713 -39.6714
10.713 39.6714
10.714 -39.6765
10.714 39.6765
10.715 -39.6817
10.715 39.6817
10.716 -39.6868
10.716 39.6868
10.717 -39.692
10.717 39.692
10.718 -39.6971
10.718 39.6971
10.719 -39.7023
10.719 39.7023
10.72 -39.7074
10.72 39.7074
10.721 -39.7126
10.721 39.7126
10.722 -39.7177
10.722 39.7177
10.723 -39.7229
10.723 39.7229
10.724 -39.728
10.724 39.728
10.725 -39.7332
10.725 39.7332
10.726 -39.7383
10.726 39.7383
10.727 -39.7435
10.727 39.7435
10.728 -39.7487
10.728 39.7487
10.729 -39.7538
10.729 39.7538
10.73 -39.759
10.73 39.759
10.731 -39.7641
10.731 39.7641
10.732 -39.7693
10.732 39.7693
10.733 -39.7744
10.733 39.7744
10.734 -39.7796
10.734 39.7796
10.735 -39.7847
10.735 39.7847
10.736 -39.7899
10.736 39.7899
10.737 -39.795
10.737 39.795
10.738 -39.8002
10.738 39.8002
10.739 -39.8053
10.739 39.8053
10.74 -39.8105
10.74 39.8105
10.741 -39.8157
10.741 39.8157
10.742 -39.8208
10.742 39.8208
10.743 -39.826
10.743 39.826
10.744 -39.8311
10.744 39.8311
10.745 -39.8363
10.745 39.8363
10.746 -39.8414
10.746 39.8414
10.747 -39.8466
10.747 39.8466
10.748 -39.8518
10.748 39.8518
10.749 -39.8569
10.749 39.8569
10.75 -39.8621
10.75 39.8621
10.751 -39.8672
10.751 39.8672
10.752 -39.8724
10.752 39.8724
10.753 -39.8775
10.753 39.8775
10.754 -39.8827
10.754 39.8827
10.755 -39.8879
10.755 39.8879
10.756 -39.893
10.756 39.893
10.757 -39.8982
10.757 39.8982
10.758 -39.9033
10.758 39.9033
10.759 -39.9085
10.759 39.9085
10.76 -39.9137
10.76 39.9137
10.761 -39.9188
10.761 39.9188
10.762 -39.924
10.762 39.924
10.763 -39.9291
10.763 39.9291
10.764 -39.9343
10.764 39.9343
10.765 -39.9395
10.765 39.9395
10.766 -39.9446
10.766 39.9446
10.767 -39.9498
10.767 39.9498
10.768 -39.9549
10.768 39.9549
10.769 -39.9601
10.769 39.9601
10.77 -39.9653
10.77 39.9653
10.771 -39.9704
10.771 39.9704
10.772 -39.9756
10.772 39.9756
10.773 -39.9807
10.773 39.9807
10.774 -39.9859
10.774 39.9859
10.775 -39.9911
10.775 39.9911
10.776 -39.9962
10.776 39.9962
10.777 -40.0014
10.777 40.0014
10.778 -40.0066
10.778 40.0066
10.779 -40.0117
10.779 40.0117
10.78 -40.0169
10.78 40.0169
10.781 -40.0221
10.781 40.0221
10.782 -40.0272
10.782 40.0272
10.783 -40.0324
10.783 40.0324
10.784 -40.0376
10.784 40.0376
10.785 -40.0427
10.785 40.0427
10.786 -40.0479
10.786 40.0479
10.787 -40.053
10.787 40.053
10.788 -40.0582
10.788 40.0582
10.789 -40.0634
10.789 40.0634
10.79 -40.0685
10.79 40.0685
10.791 -40.0737
10.791 40.0737
10.792 -40.0789
10.792 40.0789
10.793 -40.084
10.793 40.084
10.794 -40.0892
10.794 40.0892
10.795 -40.0944
10.795 40.0944
10.796 -40.0995
10.796 40.0995
10.797 -40.1047
10.797 40.1047
10.798 -40.1099
10.798 40.1099
10.799 -40.1151
10.799 40.1151
10.8 -40.1202
10.8 40.1202
10.801 -40.1254
10.801 40.1254
10.802 -40.1306
10.802 40.1306
10.803 -40.1357
10.803 40.1357
10.804 -40.1409
10.804 40.1409
10.805 -40.1461
10.805 40.1461
10.806 -40.1512
10.806 40.1512
10.807 -40.1564
10.807 40.1564
10.808 -40.1616
10.808 40.1616
10.809 -40.1667
10.809 40.1667
10.81 -40.1719
10.81 40.1719
10.811 -40.1771
10.811 40.1771
10.812 -40.1823
10.812 40.1823
10.813 -40.1874
10.813 40.1874
10.814 -40.1926
10.814 40.1926
10.815 -40.1978
10.815 40.1978
10.816 -40.2029
10.816 40.2029
10.817 -40.2081
10.817 40.2081
10.818 -40.2133
10.818 40.2133
10.819 -40.2185
10.819 40.2185
10.82 -40.2236
10.82 40.2236
10.821 -40.2288
10.821 40.2288
10.822 -40.234
10.822 40.234
10.823 -40.2392
10.823 40.2392
10.824 -40.2443
10.824 40.2443
10.825 -40.2495
10.825 40.2495
10.826 -40.2547
10.826 40.2547
10.827 -40.2598
10.827 40.2598
10.828 -40.265
10.828 40.265
10.829 -40.2702
10.829 40.2702
10.83 -40.2754
10.83 40.2754
10.831 -40.2805
10.831 40.2805
10.832 -40.2857
10.832 40.2857
10.833 -40.2909
10.833 40.2909
10.834 -40.2961
10.834 40.2961
10.835 -40.3012
10.835 40.3012
10.836 -40.3064
10.836 40.3064
10.837 -40.3116
10.837 40.3116
10.838 -40.3168
10.838 40.3168
10.839 -40.322
10.839 40.322
10.84 -40.3271
10.84 40.3271
10.841 -40.3323
10.841 40.3323
10.842 -40.3375
10.842 40.3375
10.843 -40.3427
10.843 40.3427
10.844 -40.3478
10.844 40.3478
10.845 -40.353
10.845 40.353
10.846 -40.3582
10.846 40.3582
10.847 -40.3634
10.847 40.3634
10.848 -40.3686
10.848 40.3686
10.849 -40.3737
10.849 40.3737
10.85 -40.3789
10.85 40.3789
10.851 -40.3841
10.851 40.3841
10.852 -40.3893
10.852 40.3893
10.853 -40.3945
10.853 40.3945
10.854 -40.3996
10.854 40.3996
10.855 -40.4048
10.855 40.4048
10.856 -40.41
10.856 40.41
10.857 -40.4152
10.857 40.4152
10.858 -40.4204
10.858 40.4204
10.859 -40.4255
10.859 40.4255
10.86 -40.4307
10.86 40.4307
10.861 -40.4359
10.861 40.4359
10.862 -40.4411
10.862 40.4411
10.863 -40.4463
10.863 40.4463
10.864 -40.4514
10.864 40.4514
10.865 -40.4566
10.865 40.4566
10.866 -40.4618
10.866 40.4618
10.867 -40.467
10.867 40.467
10.868 -40.4722
10.868 40.4722
10.869 -40.4774
10.869 40.4774
10.87 -40.4825
10.87 40.4825
10.871 -40.4877
10.871 40.4877
10.872 -40.4929
10.872 40.4929
10.873 -40.4981
10.873 40.4981
10.874 -40.5033
10.874 40.5033
10.875 -40.5085
10.875 40.5085
10.876 -40.5136
10.876 40.5136
10.877 -40.5188
10.877 40.5188
10.878 -40.524
10.878 40.524
10.879 -40.5292
10.879 40.5292
10.88 -40.5344
10.88 40.5344
10.881 -40.5396
10.881 40.5396
10.882 -40.5448
10.882 40.5448
10.883 -40.5499
10.883 40.5499
10.884 -40.5551
10.884 40.5551
10.885 -40.5603
10.885 40.5603
10.886 -40.5655
10.886 40.5655
10.887 -40.5707
10.887 40.5707
10.888 -40.5759
10.888 40.5759
10.889 -40.5811
10.889 40.5811
10.89 -40.5863
10.89 40.5863
10.891 -40.5914
10.891 40.5914
10.892 -40.5966
10.892 40.5966
10.893 -40.6018
10.893 40.6018
10.894 -40.607
10.894 40.607
10.895 -40.6122
10.895 40.6122
10.896 -40.6174
10.896 40.6174
10.897 -40.6226
10.897 40.6226
10.898 -40.6278
10.898 40.6278
10.899 -40.633
10.899 40.633
10.9 -40.6381
10.9 40.6381
10.901 -40.6433
10.901 40.6433
10.902 -40.6485
10.902 40.6485
10.903 -40.6537
10.903 40.6537
10.904 -40.6589
10.904 40.6589
10.905 -40.6641
10.905 40.6641
10.906 -40.6693
10.906 40.6693
10.907 -40.6745
10.907 40.6745
10.908 -40.6797
10.908 40.6797
10.909 -40.6849
10.909 40.6849
10.91 -40.6901
10.91 40.6901
10.911 -40.6953
10.911 40.6953
10.912 -40.7004
10.912 40.7004
10.913 -40.7056
10.913 40.7056
10.914 -40.7108
10.914 40.7108
10.915 -40.716
10.915 40.716
10.916 -40.7212
10.916 40.7212
10.917 -40.7264
10.917 40.7264
10.918 -40.7316
10.918 40.7316
10.919 -40.7368
10.919 40.7368
10.92 -40.742
10.92 40.742
10.921 -40.7472
10.921 40.7472
10.922 -40.7524
10.922 40.7524
10.923 -40.7576
10.923 40.7576
10.924 -40.7628
10.924 40.7628
10.925 -40.768
10.925 40.768
10.926 -40.7732
10.926 40.7732
10.927 -40.7784
10.927 40.7784
10.928 -40.7836
10.928 40.7836
10.929 -40.7887
10.929 40.7887
10.93 -40.7939
10.93 40.7939
10.931 -40.7991
10.931 40.7991
10.932 -40.8043
10.932 40.8043
10.933 -40.8095
10.933 40.8095
10.934 -40.8147
10.934 40.8147
10.935 -40.8199
10.935 40.8199
10.936 -40.8251
10.936 40.8251
10.937 -40.8303
10.937 40.8303
10.938 -40.8355
10.938 40.8355
10.939 -40.8407
10.939 40.8407
10.94 -40.8459
10.94 40.8459
10.941 -40.8511
10.941 40.8511
10.942 -40.8563
10.942 40.8563
10.943 -40.8615
10.943 40.8615
10.944 -40.8667
10.944 40.8667
10.945 -40.8719
10.945 40.8719
10.946 -40.8771
10.946 40.8771
10.947 -40.8823
10.947 40.8823
10.948 -40.8875
10.948 40.8875
10.949 -40.8927
10.949 40.8927
10.95 -40.8979
10.95 40.8979
10.951 -40.9031
10.951 40.9031
10.952 -40.9083
10.952 40.9083
10.953 -40.9135
10.953 40.9135
10.954 -40.9187
10.954 40.9187
10.955 -40.9239
10.955 40.9239
10.956 -40.9291
10.956 40.9291
10.957 -40.9343
10.957 40.9343
10.958 -40.9395
10.958 40.9395
10.959 -40.9447
10.959 40.9447
10.96 -40.9499
10.96 40.9499
10.961 -40.9551
10.961 40.9551
10.962 -40.9603
10.962 40.9603
10.963 -40.9655
10.963 40.9655
10.964 -40.9708
10.964 40.9708
10.965 -40.976
10.965 40.976
10.966 -40.9812
10.966 40.9812
10.967 -40.9864
10.967 40.9864
10.968 -40.9916
10.968 40.9916
10.969 -40.9968
10.969 40.9968
10.97 -41.002
10.97 41.002
10.971 -41.0072
10.971 41.0072
10.972 -41.0124
10.972 41.0124
10.973 -41.0176
10.973 41.0176
10.974 -41.0228
10.974 41.0228
10.975 -41.028
10.975 41.028
10.976 -41.0332
10.976 41.0332
10.977 -41.0384
10.977 41.0384
10.978 -41.0436
10.978 41.0436
10.979 -41.0488
10.979 41.0488
10.98 -41.054
10.98 41.054
10.981 -41.0592
10.981 41.0592
10.982 -41.0645
10.982 41.0645
10.983 -41.0697
10.983 41.0697
10.984 -41.0749
10.984 41.0749
10.985 -41.0801
10.985 41.0801
10.986 -41.0853
10.986 41.0853
10.987 -41.0905
10.987 41.0905
10.988 -41.0957
10.988 41.0957
10.989 -41.1009
10.989 41.1009
10.99 -41.1061
10.99 41.1061
10.991 -41.1113
10.991 41.1113
10.992 -41.1165
10.992 41.1165
10.993 -41.1218
10.993 41.1218
10.994 -41.127
10.994 41.127
10.995 -41.1322
10.995 41.1322
10.996 -41.1374
10.996 41.1374
10.997 -41.1426
10.997 41.1426
10.998 -41.1478
10.998 41.1478
10.999 -41.153
10.999 41.153
11 -41.1582
11 41.1582
11.001 -41.1634
11.001 41.1634
11.002 -41.1687
11.002 41.1687
11.003 -41.1739
11.003 41.1739
11.004 -41.1791
11.004 41.1791
11.005 -41.1843
11.005 41.1843
11.006 -41.1895
11.006 41.1895
11.007 -41.1947
11.007 41.1947
11.008 -41.1999
11.008 41.1999
11.009 -41.2051
11.009 41.2051
11.01 -41.2104
11.01 41.2104
11.011 -41.2156
11.011 41.2156
11.012 -41.2208
11.012 41.2208
11.013 -41.226
11.013 41.226
11.014 -41.2312
11.014 41.2312
11.015 -41.2364
11.015 41.2364
11.016 -41.2416
11.016 41.2416
11.017 -41.2469
11.017 41.2469
11.018 -41.2521
11.018 41.2521
11.019 -41.2573
11.019 41.2573
11.02 -41.2625
11.02 41.2625
11.021 -41.2677
11.021 41.2677
11.022 -41.2729
11.022 41.2729
11.023 -41.2782
11.023 41.2782
11.024 -41.2834
11.024 41.2834
11.025 -41.2886
11.025 41.2886
11.026 -41.2938
11.026 41.2938
11.027 -41.299
11.027 41.299
11.028 -41.3042
11.028 41.3042
11.029 -41.3095
11.029 41.3095
11.03 -41.3147
11.03 41.3147
11.031 -41.3199
11.031 41.3199
11.032 -41.3251
11.032 41.3251
11.033 -41.3303
11.033 41.3303
11.034 -41.3355
11.034 41.3355
11.035 -41.3408
11.035 41.3408
11.036 -41.346
11.036 41.346
11.037 -41.3512
11.037 41.3512
11.038 -41.3564
11.038 41.3564
11.039 -41.3616
11.039 41.3616
11.04 -41.3669
11.04 41.3669
11.041 -41.3721
11.041 41.3721
11.042 -41.3773
11.042 41.3773
11.043 -41.3825
11.043 41.3825
11.044 -41.3877
11.044 41.3877
11.045 -41.393
11.045 41.393
11.046 -41.3982
11.046 41.3982
11.047 -41.4034
11.047 41.4034
11.048 -41.4086
11.048 41.4086
11.049 -41.4139
11.049 41.4139
11.05 -41.4191
11.05 41.4191
11.051 -41.4243
11.051 41.4243
11.052 -41.4295
11.052 41.4295
11.053 -41.4347
11.053 41.4347
11.054 -41.44
11.054 41.44
11.055 -41.4452
11.055 41.4452
11.056 -41.4504
11.056 41.4504
11.057 -41.4556
11.057 41.4556
11.058 -41.4609
11.058 41.4609
11.059 -41.4661
11.059 41.4661
11.06 -41.4713
11.06 41.4713
11.061 -41.4765
11.061 41.4765
11.062 -41.4818
11.062 41.4818
11.063 -41.487
11.063 41.487
11.064 -41.4922
11.064 41.4922
11.065 -41.4974
11.065 41.4974
11.066 -41.5027
11.066 41.5027
11.067 -41.5079
11.067 41.5079
11.068 -41.5131
11.068 41.5131
11.069 -41.5183
11.069 41.5183
11.07 -41.5236
11.07 41.5236
11.071 -41.5288
11.071 41.5288
11.072 -41.534
11.072 41.534
11.073 -41.5392
11.073 41.5392
11.074 -41.5445
11.074 41.5445
11.075 -41.5497
11.075 41.5497
11.076 -41.5549
11.076 41.5549
11.077 -41.5602
11.077 41.5602
11.078 -41.5654
11.078 41.5654
11.079 -41.5706
11.079 41.5706
11.08 -41.5758
11.08 41.5758
11.081 -41.5811
11.081 41.5811
11.082 -41.5863
11.082 41.5863
11.083 -41.5915
11.083 41.5915
11.084 -41.5968
11.084 41.5968
11.085 -41.602
11.085 41.602
11.086 -41.6072
11.086 41.6072
11.087 -41.6125
11.087 41.6125
11.088 -41.6177
11.088 41.6177
11.089 -41.6229
11.089 41.6229
11.09 -41.6281
11.09 41.6281
11.091 -41.6334
11.091 41.6334
11.092 -41.6386
11.092 41.6386
11.093 -41.6438
11.093 41.6438
11.094 -41.6491
11.094 41.6491
11.095 -41.6543
11.095 41.6543
11.096 -41.6595
11.096 41.6595
11.097 -41.6648
11.097 41.6648
11.098 -41.67
11.098 41.67
11.099 -41.6752
11.099 41.6752
11.1 -41.6805
11.1 41.6805
11.101 -41.6857
11.101 41.6857
11.102 -41.6909
11.102 41.6909
11.103 -41.6962
11.103 41.6962
11.104 -41.7014
11.104 41.7014
11.105 -41.7066
11.105 41.7066
11.106 -41.7119
11.106 41.7119
11.107 -41.7171
11.107 41.7171
11.108 -41.7223
11.108 41.7223
11.109 -41.7276
11.109 41.7276
11.11 -41.7328
11.11 41.7328
11.111 -41.738
11.111 41.738
11.112 -41.7433
11.112 41.7433
11.113 -41.7485
11.113 41.7485
11.114 -41.7537
11.114 41.7537
11.115 -41.759
11.115 41.759
11.116 -41.7642
11.116 41.7642
11.117 -41.7695
11.117 41.7695
11.118 -41.7747
11.118 41.7747
11.119 -41.7799
11.119 41.7799
11.12 -41.7852
11.12 41.7852
11.121 -41.7904
11.121 41.7904
11.122 -41.7956
11.122 41.7956
11.123 -41.8009
11.123 41.8009
11.124 -41.8061
11.124 41.8061
11.125 -41.8114
11.125 41.8114
11.126 -41.8166
11.126 41.8166
11.127 -41.8218
11.127 41.8218
11.128 -41.8271
11.128 41.8271
11.129 -41.8323
11.129 41.8323
11.13 -41.8376
11.13 41.8376
11.131 -41.8428
11.131 41.8428
11.132 -41.848
11.132 41.848
11.133 -41.8533
11.133 41.8533
11.134 -41.8585
11.134 41.8585
11.135 -41.8637
11.135 41.8637
11.136 -41.869
11.136 41.869
11.137 -41.8742
11.137 41.8742
11.138 -41.8795
11.138 41.8795
11.139 -41.8847
11.139 41.8847
11.14 -41.89
11.14 41.89
11.141 -41.8952
11.141 41.8952
11.142 -41.9004
11.142 41.9004
11.143 -41.9057
11.143 41.9057
11.144 -41.9109
11.144 41.9109
11.145 -41.9162
11.145 41.9162
11.146 -41.9214
11.146 41.9214
11.147 -41.9267
11.147 41.9267
11.148 -41.9319
11.148 41.9319
11.149 -41.9371
11.149 41.9371
11.15 -41.9424
11.15 41.9424
11.151 -41.9476
11.151 41.9476
11.152 -41.9529
11.152 41.9529
11.153 -41.9581
11.153 41.9581
11.154 -41.9634
11.154 41.9634
11.155 -41.9686
11.155 41.9686
11.156 -41.9738
11.156 41.9738
11.157 -41.9791
11.157 41.9791
11.158 -41.9843
11.158 41.9843
11.159 -41.9896
11.159 41.9896
11.16 -41.9948
11.16 41.9948
11.161 -42.0001
11.161 42.0001
11.162 -42.0053
11.162 42.0053
11.163 -42.0106
11.163 42.0106
11.164 -42.0158
11.164 42.0158
11.165 -42.0211
11.165 42.0211
11.166 -42.0263
11.166 42.0263
11.167 -42.0316
11.167 42.0316
11.168 -42.0368
11.168 42.0368
11.169 -42.0421
11.169 42.0421
11.17 -42.0473
11.17 42.0473
11.171 -42.0525
11.171 42.0525
11.172 -42.0578
11.172 42.0578
11.173 -42.063
11.173 42.063
11.174 -42.0683
11.174 42.0683
11.175 -42.0735
11.175 42.0735
11.176 -42.0788
11.176 42.0788
11.177 -42.084
11.177 42.084
11.178 -42.0893
11.178 42.0893
11.179 -42.0945
11.179 42.0945
11.18 -42.0998
11.18 42.0998
11.181 -42.105
11.181 42.105
11.182 -42.1103
11.182 42.1103
11.183 -42.1155
11.183 42.1155
11.184 -42.1208
11.184 42.1208
11.185 -42.126
11.185 42.126
11.186 -42.1313
11.186 42.1313
11.187 -42.1365
11.187 42.1365
11.188 -42.1418
11.188 42.1418
11.189 -42.147
11.189 42.147
11.19 -42.1523
11.19 42.1523
11.191 -42.1576
11.191 42.1576
11.192 -42.1628
11.192 42.1628
11.193 -42.1681
11.193 42.1681
11.194 -42.1733
11.194 42.1733
11.195 -42.1786
11.195 42.1786
11.196 -42.1838
11.196 42.1838
11.197 -42.1891
11.197 42.1891
11.198 -42.1943
11.198 42.1943
11.199 -42.1996
11.199 42.1996
11.2 -42.2048
11.2 42.2048
11.201 -42.2101
11.201 42.2101
11.202 -42.2153
11.202 42.2153
11.203 -42.2206
11.203 42.2206
11.204 -42.2259
11.204 42.2259
11.205 -42.2311
11.205 42.2311
11.206 -42.2364
11.206 42.2364
11.207 -42.2416
11.207 42.2416
11.208 -42.2469
11.208 42.2469
11.209 -42.2521
11.209 42.2521
11.21 -42.2574
11.21 42.2574
11.211 -42.2626
11.211 42.2626
11.212 -42.2679
11.212 42.2679
11.213 -42.2732
11.213 42.2732
11.214 -42.2784
11.214 42.2784
11.215 -42.2837
11.215 42.2837
11.216 -42.2889
11.216 42.2889
11.217 -42.2942
11.217 42.2942
11.218 -42.2994
11.218 42.2994
11.219 -42.3047
11.219 42.3047
11.22 -42.31
11.22 42.31
11.221 -42.3152
11.221 42.3152
11.222 -42.3205
11.222 42.3205
11.223 -42.3257
11.223 42.3257
11.224 -42.331
11.224 42.331
11.225 -42.3363
11.225 42.3363
11.226 -42.3415
11.226 42.3415
11.227 -42.3468
11.227 42.3468
11.228 -42.352
11.228 42.352
11.229 -42.3573
11.229 42.3573
11.23 -42.3626
11.23 42.3626
11.231 -42.3678
11.231 42.3678
11.232 -42.3731
11.232 42.3731
11.233 -42.3783
11.233 42.3783
11.234 -42.3836
11.234 42.3836
11.235 -42.3889
11.235 42.3889
11.236 -42.3941
11.236 42.3941
11.237 -42.3994
11.237 42.3994
11.238 -42.4047
11.238 42.4047
11.239 -42.4099
11.239 42.4099
11.24 -42.4152
11.24 42.4152
11.241 -42.4204
11.241 42.4204
11.242 -42.4257
11.242 42.4257
11.243 -42.431
11.243 42.431
11.244 -42.4362
11.244 42.4362
11.245 -42.4415
11.245 42.4415
11.246 -42.4468
11.246 42.4468
11.247 -42.452
11.247 42.452
11.248 -42.4573
11.248 42.4573
11.249 -42.4626
11.249 42.4626
11.25 -42.4678
11.25 42.4678
11.251 -42.4731
11.251 42.4731
11.252 -42.4783
11.252 42.4783
11.253 -42.4836
11.253 42.4836
11.254 -42.4889
11.254 42.4889
11.255 -42.4941
11.255 42.4941
11.256 -42.4994
11.256 42.4994
11.257 -42.5047
11.257 42.5047
11.258 -42.5099
11.258 42.5099
11.259 -42.5152
11.259 42.5152
11.26 -42.5205
11.26 42.5205
11.261 -42.5257
11.261 42.5257
11.262 -42.531
11.262 42.531
11.263 -42.5363
11.263 42.5363
11.264 -42.5415
11.264 42.5415
11.265 -42.5468
11.265 42.5468
11.266 -42.5521
11.266 42.5521
11.267 -42.5574
11.267 42.5574
11.268 -42.5626
11.268 42.5626
11.269 -42.5679
11.269 42.5679
11.27 -42.5732
11.27 42.5732
11.271 -42.5784
11.271 42.5784
11.272 -42.5837
11.272 42.5837
11.273 -42.589
11.273 42.589
11.274 -42.5942
11.274 42.5942
11.275 -42.5995
11.275 42.5995
11.276 -42.6048
11.276 42.6048
11.277 -42.6101
11.277 42.6101
11.278 -42.6153
11.278 42.6153
11.279 -42.6206
11.279 42.6206
11.28 -42.6259
11.28 42.6259
11.281 -42.6311
11.281 42.6311
11.282 -42.6364
11.282 42.6364
11.283 -42.6417
11.283 42.6417
11.284 -42.647
11.284 42.647
11.285 -42.6522
11.285 42.6522
11.286 -42.6575
11.286 42.6575
11.287 -42.6628
11.287 42.6628
11.288 -42.668
11.288 42.668
11.289 -42.6733
11.289 42.6733
11.29 -42.6786
11.29 42.6786
11.291 -42.6839
11.291 42.6839
11.292 -42.6891
11.292 42.6891
11.293 -42.6944
11.293 42.6944
11.294 -42.6997
11.294 42.6997
11.295 -42.705
11.295 42.705
11.296 -42.7102
11.296 42.7102
11.297 -42.7155
11.297 42.7155
11.298 -42.7208
11.298 42.7208
11.299 -42.7261
11.299 42.7261
11.3 -42.7313
11.3 42.7313
11.301 -42.7366
11.301 42.7366
11.302 -42.7419
11.302 42.7419
11.303 -42.7472
11.303 42.7472
11.304 -42.7524
11.304 42.7524
11.305 -42.7577
11.305 42.7577
11.306 -42.763
11.306 42.763
11.307 -42.7683
11.307 42.7683
11.308 -42.7735
11.308 42.7735
11.309 -42.7788
11.309 42.7788
11.31 -42.7841
11.31 42.7841
11.311 -42.7894
11.311 42.7894
11.312 -42.7947
11.312 42.7947
11.313 -42.7999
11.313 42.7999
11.314 -42.8052
11.314 42.8052
11.315 -42.8105
11.315 42.8105
11.316 -42.8158
11.316 42.8158
11.317 -42.8211
11.317 42.8211
11.318 -42.8263
11.318 42.8263
11.319 -42.8316
11.319 42.8316
11.32 -42.8369
11.32 42.8369
11.321 -42.8422
11.321 42.8422
11.322 -42.8475
11.322 42.8475
11.323 -42.8527
11.323 42.8527
11.324 -42.858
11.324 42.858
11.325 -42.8633
11.325 42.8633
11.326 -42.8686
11.326 42.8686
11.327 -42.8739
11.327 42.8739
11.328 -42.8791
11.328 42.8791
11.329 -42.8844
11.329 42.8844
11.33 -42.8897
11.33 42.8897
11.331 -42.895
11.331 42.895
11.332 -42.9003
11.332 42.9003
11.333 -42.9055
11.333 42.9055
11.334 -42.9108
11.334 42.9108
11.335 -42.9161
11.335 42.9161
11.336 -42.9214
11.336 42.9214
11.337 -42.9267
11.337 42.9267
11.338 -42.932
11.338 42.932
11.339 -42.9372
11.339 42.9372
11.34 -42.9425
11.34 42.9425
11.341 -42.9478
11.341 42.9478
11.342 -42.9531
11.342 42.9531
11.343 -42.9584
11.343 42.9584
11.344 -42.9637
11.344 42.9637
11.345 -42.969
11.345 42.969
11.346 -42.9742
11.346 42.9742
11.347 -42.9795
11.347 42.9795
11.348 -42.9848
11.348 42.9848
11.349 -42.9901
11.349 42.9901
11.35 -42.9954
11.35 42.9954
11.351 -43.0007
11.351 43.0007
11.352 -43.006
11.352 43.006
11.353 -43.0112
11.353 43.0112
11.354 -43.0165
11.354 43.0165
11.355 -43.0218
11.355 43.0218
11.356 -43.0271
11.356 43.0271
11.357 -43.0324
11.357 43.0324
11.358 -43.0377
11.358 43.0377
11.359 -43.043
11.359 43.043
11.36 -43.0483
11.36 43.0483
11.361 -43.0535
11.361 43.0535
11.362 -43.0588
11.362 43.0588
11.363 -43.0641
11.363 43.0641
11.364 -43.0694
11.364 43.0694
11.365 -43.0747
11.365 43.0747
11.366 -43.08
11.366 43.08
11.367 -43.0853
11.367 43.0853
11.368 -43.0906
11.368 43.0906
11.369 -43.0959
11.369 43.0959
11.37 -43.1011
11.37 43.1011
11.371 -43.1064
11.371 43.1064
11.372 -43.1117
11.372 43.1117
11.373 -43.117
11.373 43.117
11.374 -43.1223
11.374 43.1223
11.375 -43.1276
11.375 43.1276
11.376 -43.1329
11.376 43.1329
11.377 -43.1382
11.377 43.1382
11.378 -43.1435
11.378 43.1435
11.379 -43.1488
11.379 43.1488
11.38 -43.1541
11.38 43.1541
11.381 -43.1594
11.381 43.1594
11.382 -43.1646
11.382 43.1646
11.383 -43.1699
11.383 43.1699
11.384 -43.1752
11.384 43.1752
11.385 -43.1805
11.385 43.1805
11.386 -43.1858
11.386 43.1858
11.387 -43.1911
11.387 43.1911
11.388 -43.1964
11.388 43.1964
11.389 -43.2017
11.389 43.2017
11.39 -43.207
11.39 43.207
11.391 -43.2123
11.391 43.2123
11.392 -43.2176
11.392 43.2176
11.393 -43.2229
11.393 43.2229
11.394 -43.2282
11.394 43.2282
11.395 -43.2335
11.395 43.2335
11.396 -43.2388
11.396 43.2388
11.397 -43.2441
11.397 43.2441
11.398 -43.2494
11.398 43.2494
11.399 -43.2547
11.399 43.2547
11.4 -43.26
11.4 43.26
11.401 -43.2653
11.401 43.2653
11.402 -43.2706
11.402 43.2706
11.403 -43.2758
11.403 43.2758
11.404 -43.2811
11.404 43.2811
11.405 -43.2864
11.405 43.2864
11.406 -43.2917
11.406 43.2917
11.407 -43.297
11.407 43.297
11.408 -43.3023
11.408 43.3023
11.409 -43.3076
11.409 43.3076
11.41 -43.3129
11.41 43.3129
11.411 -43.3182
11.411 43.3182
11.412 -43.3235
11.412 43.3235
11.413 -43.3288
11.413 43.3288
11.414 -43.3341
11.414 43.3341
11.415 -43.3394
11.415 43.3394
11.416 -43.3447
11.416 43.3447
11.417 -43.35
11.417 43.35
11.418 -43.3553
11.418 43.3553
11.419 -43.3606
11.419 43.3606
11.42 -43.3659
11.42 43.3659
11.421 -43.3712
11.421 43.3712
11.422 -43.3765
11.422 43.3765
11.423 -43.3818
11.423 43.3818
11.424 -43.3871
11.424 43.3871
11.425 -43.3924
11.425 43.3924
11.426 -43.3977
11.426 43.3977
11.427 -43.403
11.427 43.403
11.428 -43.4084
11.428 43.4084
11.429 -43.4137
11.429 43.4137
11.43 -43.419
11.43 43.419
11.431 -43.4243
11.431 43.4243
11.432 -43.4296
11.432 43.4296
11.433 -43.4349
11.433 43.4349
11.434 -43.4402
11.434 43.4402
11.435 -43.4455
11.435 43.4455
11.436 -43.4508
11.436 43.4508
11.437 -43.4561
11.437 43.4561
11.438 -43.4614
11.438 43.4614
11.439 -43.4667
11.439 43.4667
11.44 -43.472
11.44 43.472
11.441 -43.4773
11.441 43.4773
11.442 -43.4826
11.442 43.4826
11.443 -43.4879
11.443 43.4879
11.444 -43.4932
11.444 43.4932
11.445 -43.4985
11.445 43.4985
11.446 -43.5038
11.446 43.5038
11.447 -43.5091
11.447 43.5091
11.448 -43.5144
11.448 43.5144
11.449 -43.5198
11.449 43.5198
11.45 -43.5251
11.45 43.5251
11.451 -43.5304
11.451 43.5304
11.452 -43.5357
11.452 43.5357
11.453 -43.541
11.453 43.541
11.454 -43.5463
11.454 43.5463
11.455 -43.5516
11.455 43.5516
11.456 -43.5569
11.456 43.5569
11.457 -43.5622
11.457 43.5622
11.458 -43.5675
11.458 43.5675
11.459 -43.5728
11.459 43.5728
11.46 -43.5781
11.46 43.5781
11.461 -43.5835
11.461 43.5835
11.462 -43.5888
11.462 43.5888
11.463 -43.5941
11.463 43.5941
11.464 -43.5994
11.464 43.5994
11.465 -43.6047
11.465 43.6047
11.466 -43.61
11.466 43.61
11.467 -43.6153
11.467 43.6153
11.468 -43.6206
11.468 43.6206
11.469 -43.6259
11.469 43.6259
11.47 -43.6313
11.47 43.6313
11.471 -43.6366
11.471 43.6366
11.472 -43.6419
11.472 43.6419
11.473 -43.6472
11.473 43.6472
11.474 -43.6525
11.474 43.6525
11.475 -43.6578
11.475 43.6578
11.476 -43.6631
11.476 43.6631
11.477 -43.6684
11.477 43.6684
11.478 -43.6738
11.478 43.6738
11.479 -43.6791
11.479 43.6791
11.48 -43.6844
11.48 43.6844
11.481 -43.6897
11.481 43.6897
11.482 -43.695
11.482 43.695
11.483 -43.7003
11.483 43.7003
11.484 -43.7056
11.484 43.7056
11.485 -43.711
11.485 43.711
11.486 -43.7163
11.486 43.7163
11.487 -43.7216
11.487 43.7216
11.488 -43.7269
11.488 43.7269
11.489 -43.7322
11.489 43.7322
11.49 -43.7375
11.49 43.7375
11.491 -43.7428
11.491 43.7428
11.492 -43.7482
11.492 43.7482
11.493 -43.7535
11.493 43.7535
11.494 -43.7588
11.494 43.7588
11.495 -43.7641
11.495 43.7641
11.496 -43.7694
11.496 43.7694
11.497 -43.7747
11.497 43.7747
11.498 -43.7801
11.498 43.7801
11.499 -43.7854
11.499 43.7854
11.5 -43.7907
11.5 43.7907
11.501 -43.796
11.501 43.796
11.502 -43.8013
11.502 43.8013
11.503 -43.8067
11.503 43.8067
11.504 -43.812
11.504 43.812
11.505 -43.8173
11.505 43.8173
11.506 -43.8226
11.506 43.8226
11.507 -43.8279
11.507 43.8279
11.508 -43.8332
11.508 43.8332
11.509 -43.8386
11.509 43.8386
11.51 -43.8439
11.51 43.8439
11.511 -43.8492
11.511 43.8492
11.512 -43.8545
11.512 43.8545
11.513 -43.8598
11.513 43.8598
11.514 -43.8652
11.514 43.8652
11.515 -43.8705
11.515 43.8705
11.516 -43.8758
11.516 43.8758
11.517 -43.8811
11.517 43.8811
11.518 -43.8865
11.518 43.8865
11.519 -43.8918
11.519 43.8918
11.52 -43.8971
11.52 43.8971
11.521 -43.9024
11.521 43.9024
11.522 -43.9077
11.522 43.9077
11.523 -43.9131
11.523 43.9131
11.524 -43.9184
11.524 43.9184
11.525 -43.9237
11.525 43.9237
11.526 -43.929
11.526 43.929
11.527 -43.9344
11.527 43.9344
11.528 -43.9397
11.528 43.9397
11.529 -43.945
11.529 43.945
11.53 -43.9503
11.53 43.9503
11.531 -43.9557
11.531 43.9557
11.532 -43.961
11.532 43.961
11.533 -43.9663
11.533 43.9663
11.534 -43.9716
11.534 43.9716
11.535 -43.977
11.535 43.977
11.536 -43.9823
11.536 43.9823
11.537 -43.9876
11.537 43.9876
11.538 -43.9929
11.538 43.9929
11.539 -43.9983
11.539 43.9983
11.54 -44.0036
11.54 44.0036
11.541 -44.0089
11.541 44.0089
11.542 -44.0142
11.542 44.0142
11.543 -44.0196
11.543 44.0196
11.544 -44.0249
11.544 44.0249
11.545 -44.0302
11.545 44.0302
11.546 -44.0355
11.546 44.0355
11.547 -44.0409
11.547 44.0409
11.548 -44.0462
11.548 44.0462
11.549 -44.0515
11.549 44.0515
11.55 -44.0569
11.55 44.0569
11.551 -44.0622
11.551 44.0622
11.552 -44.0675
11.552 44.0675
11.553 -44.0728
11.553 44.0728
11.554 -44.0782
11.554 44.0782
11.555 -44.0835
11.555 44.0835
11.556 -44.0888
11.556 44.0888
11.557 -44.0942
11.557 44.0942
11.558 -44.0995
11.558 44.0995
11.559 -44.1048
11.559 44.1048
11.56 -44.1101
11.56 44.1101
11.561 -44.1155
11.561 44.1155
11.562 -44.1208
11.562 44.1208
11.563 -44.1261
11.563 44.1261
11.564 -44.1315
11.564 44.1315
11.565 -44.1368
11.565 44.1368
11.566 -44.1421
11.566 44.1421
11.567 -44.1475
11.567 44.1475
11.568 -44.1528
11.568 44.1528
11.569 -44.1581
11.569 44.1581
11.57 -44.1635
11.57 44.1635
11.571 -44.1688
11.571 44.1688
11.572 -44.1741
11.572 44.1741
11.573 -44.1795
11.573 44.1795
11.574 -44.1848
11.574 44.1848
11.575 -44.1901
11.575 44.1901
11.576 -44.1955
11.576 44.1955
11.577 -44.2008
11.577 44.2008
11.578 -44.2061
11.578 44.2061
11.579 -44.2115
11.579 44.2115
11.58 -44.2168
11.58 44.2168
11.581 -44.2221
11.581 44.2221
11.582 -44.2275
11.582 44.2275
11.583 -44.2328
11.583 44.2328
11.584 -44.2381
11.584 44.2381
11.585 -44.2435
11.585 44.2435
11.586 -44.2488
11.586 44.2488
11.587 -44.2541
11.587 44.2541
11.588 -44.2595
11.588 44.2595
11.589 -44.2648
11.589 44.2648
11.59 -44.2702
11.59 44.2702
11.591 -44.2755
11.591 44.2755
11.592 -44.2808
11.592 44.2808
11.593 -44.2862
11.593 44.2862
11.594 -44.2915
11.594 44.2915
11.595 -44.2968
11.595 44.2968
11.596 -44.3022
11.596 44.3022
11.597 -44.3075
11.597 44.3075
11.598 -44.3129
11.598 44.3129
11.599 -44.3182
11.599 44.3182
11.6 -44.3235
11.6 44.3235
11.601 -44.3289
11.601 44.3289
11.602 -44.3342
11.602 44.3342
11.603 -44.3396
11.603 44.3396
11.604 -44.3449
11.604 44.3449
11.605 -44.3502
11.605 44.3502
11.606 -44.3556
11.606 44.3556
11.607 -44.3609
11.607 44.3609
11.608 -44.3663
11.608 44.3663
11.609 -44.3716
11.609 44.3716
11.61 -44.3769
11.61 44.3769
11.611 -44.3823
11.611 44.3823
11.612 -44.3876
11.612 44.3876
11.613 -44.393
11.613 44.393
11.614 -44.3983
11.614 44.3983
11.615 -44.4036
11.615 44.4036
11.616 -44.409
11.616 44.409
11.617 -44.4143
11.617 44.4143
11.618 -44.4197
11.618 44.4197
11.619 -44.425
11.619 44.425
11.62 -44.4304
11.62 44.4304
11.621 -44.4357
11.621 44.4357
11.622 -44.441
11.622 44.441
11.623 -44.4464
11.623 44.4464
11.624 -44.4517
11.624 44.4517
11.625 -44.4571
11.625 44.4571
11.626 -44.4624
11.626 44.4624
11.627 -44.4678
11.627 44.4678
11.628 -44.4731
11.628 44.4731
11.629 -44.4785
11.629 44.4785
11.63 -44.4838
11.63 44.4838
11.631 -44.4891
11.631 44.4891
11.632 -44.4945
11.632 44.4945
11.633 -44.4998
11.633 44.4998
11.634 -44.5052
11.634 44.5052
11.635 -44.5105
11.635 44.5105
11.636 -44.5159
11.636 44.5159
11.637 -44.5212
11.637 44.5212
11.638 -44.5266
11.638 44.5266
11.639 -44.5319
11.639 44.5319
11.64 -44.5373
11.64 44.5373
11.641 -44.5426
11.641 44.5426
11.642 -44.548
11.642 44.548
11.643 -44.5533
11.643 44.5533
11.644 -44.5587
11.644 44.5587
11.645 -44.564
11.645 44.564
11.646 -44.5694
11.646 44.5694
11.647 -44.5747
11.647 44.5747
11.648 -44.58
11.648 44.58
11.649 -44.5854
11.649 44.5854
11.65 -44.5907
11.65 44.5907
11.651 -44.5961
11.651 44.5961
11.652 -44.6014
11.652 44.6014
11.653 -44.6068
11.653 44.6068
11.654 -44.6121
11.654 44.6121
11.655 -44.6175
11.655 44.6175
11.656 -44.6228
11.656 44.6228
11.657 -44.6282
11.657 44.6282
11.658 -44.6335
11.658 44.6335
11.659 -44.6389
11.659 44.6389
11.66 -44.6443
11.66 44.6443
11.661 -44.6496
11.661 44.6496
11.662 -44.655
11.662 44.655
11.663 -44.6603
11.663 44.6603
11.664 -44.6657
11.664 44.6657
11.665 -44.671
11.665 44.671
11.666 -44.6764
11.666 44.6764
11.667 -44.6817
11.667 44.6817
11.668 -44.6871
11.668 44.6871
11.669 -44.6924
11.669 44.6924
11.67 -44.6978
11.67 44.6978
11.671 -44.7031
11.671 44.7031
11.672 -44.7085
11.672 44.7085
11.673 -44.7138
11.673 44.7138
11.674 -44.7192
11.674 44.7192
11.675 -44.7245
11.675 44.7245
11.676 -44.7299
11.676 44.7299
11.677 -44.7353
11.677 44.7353
11.678 -44.7406
11.678 44.7406
11.679 -44.746
11.679 44.746
11.68 -44.7513
11.68 44.7513
11.681 -44.7567
11.681 44.7567
11.682 -44.762
11.682 44.762
11.683 -44.7674
11.683 44.7674
11.684 -44.7727
11.684 44.7727
11.685 -44.7781
11.685 44.7781
11.686 -44.7835
11.686 44.7835
11.687 -44.7888
11.687 44.7888
11.688 -44.7942
11.688 44.7942
11.689 -44.7995
11.689 44.7995
11.69 -44.8049
11.69 44.8049
11.691 -44.8102
11.691 44.8102
11.692 -44.8156
11.692 44.8156
11.693 -44.821
11.693 44.821
11.694 -44.8263
11.694 44.8263
11.695 -44.8317
11.695 44.8317
11.696 -44.837
11.696 44.837
11.697 -44.8424
11.697 44.8424
11.698 -44.8478
11.698 44.8478
11.699 -44.8531
11.699 44.8531
11.7 -44.8585
11.7 44.8585
11.701 -44.8638
11.701 44.8638
11.702 -44.8692
11.702 44.8692
11.703 -44.8746
11.703 44.8746
11.704 -44.8799
11.704 44.8799
11.705 -44.8853
11.705 44.8853
11.706 -44.8906
11.706 44.8906
11.707 -44.896
11.707 44.896
11.708 -44.9014
11.708 44.9014
11.709 -44.9067
11.709 44.9067
11.71 -44.9121
11.71 44.9121
11.711 -44.9174
11.711 44.9174
11.712 -44.9228
11.712 44.9228
11.713 -44.9282
11.713 44.9282
11.714 -44.9335
11.714 44.9335
11.715 -44.9389
11.715 44.9389
11.716 -44.9443
11.716 44.9443
11.717 -44.9496
11.717 44.9496
11.718 -44.955
11.718 44.955
11.719 -44.9604
11.719 44.9604
11.72 -44.9657
11.72 44.9657
11.721 -44.9711
11.721 44.9711
11.722 -44.9764
11.722 44.9764
11.723 -44.9818
11.723 44.9818
11.724 -44.9872
11.724 44.9872
11.725 -44.9925
11.725 44.9925
11.726 -44.9979
11.726 44.9979
11.727 -45.0033
11.727 45.0033
11.728 -45.0086
11.728 45.0086
11.729 -45.014
11.729 45.014
11.73 -45.0194
11.73 45.0194
11.731 -45.0247
11.731 45.0247
11.732 -45.0301
11.732 45.0301
11.733 -45.0355
11.733 45.0355
11.734 -45.0408
11.734 45.0408
11.735 -45.0462
11.735 45.0462
11.736 -45.0516
11.736 45.0516
11.737 -45.0569
11.737 45.0569
11.738 -45.0623
11.738 45.0623
11.739 -45.0677
11.739 45.0677
11.74 -45.073
11.74 45.073
11.741 -45.0784
11.741 45.0784
11.742 -45.0838
11.742 45.0838
11.743 -45.0891
11.743 45.0891
11.744 -45.0945
11.744 45.0945
11.745 -45.0999
11.745 45.0999
11.746 -45.1053
11.746 45.1053
11.747 -45.1106
11.747 45.1106
11.748 -45.116
11.748 45.116
11.749 -45.1214
11.749 45.1214
11.75 -45.1267
11.75 45.1267
11.751 -45.1321
11.751 45.1321
11.752 -45.1375
11.752 45.1375
11.753 -45.1428
11.753 45.1428
11.754 -45.1482
11.754 45.1482
11.755 -45.1536
11.755 45.1536
11.756 -45.159
11.756 45.159
11.757 -45.1643
11.757 45.1643
11.758 -45.1697
11.758 45.1697
11.759 -45.1751
11.759 45.1751
11.76 -45.1804
11.76 45.1804
11.761 -45.1858
11.761 45.1858
11.762 -45.1912
11.762 45.1912
11.763 -45.1966
11.763 45.1966
11.764 -45.2019
11.764 45.2019
11.765 -45.2073
11.765 45.2073
11.766 -45.2127
11.766 45.2127
11.767 -45.2181
11.767 45.2181
11.768 -45.2234
11.768 45.2234
11.769 -45.2288
11.769 45.2288
11.77 -45.2342
11.77 45.2342
11.771 -45.2396
11.771 45.2396
11.772 -45.2449
11.772 45.2449
11.773 -45.2503
11.773 45.2503
11.774 -45.2557
11.774 45.2557
11.775 -45.2611
11.775 45.2611
11.776 -45.2664
11.776 45.2664
11.777 -45.2718
11.777 45.2718
11.778 -45.2772
11.778 45.2772
11.779 -45.2826
11.779 45.2826
11.78 -45.2879
11.78 45.2879
11.781 -45.2933
11.781 45.2933
11.782 -45.2987
11.782 45.2987
11.783 -45.3041
11.783 45.3041
11.784 -45.3094
11.784 45.3094
11.785 -45.3148
11.785 45.3148
11.786 -45.3202
11.786 45.3202
11.787 -45.3256
11.787 45.3256
11.788 -45.331
11.788 45.331
11.789 -45.3363
11.789 45.3363
11.79 -45.3417
11.79 45.3417
11.791 -45.3471
11.791 45.3471
11.792 -45.3525
11.792 45.3525
11.793 -45.3578
11.793 45.3578
11.794 -45.3632
11.794 45.3632
11.795 -45.3686
11.795 45.3686
11.796 -45.374
11.796 45.374
11.797 -45.3794
11.797 45.3794
11.798 -45.3847
11.798 45.3847
11.799 -45.3901
11.799 45.3901
11.8 -45.3955
11.8 45.3955
11.801 -45.4009
11.801 45.4009
11.802 -45.4063
11.802 45.4063
11.803 -45.4116
11.803 45.4116
11.804 -45.417
11.804 45.417
11.805 -45.4224
11.805 45.4224
11.806 -45.4278
11.806 45.4278
11.807 -45.4332
11.807 45.4332
11.808 -45.4386
11.808 45.4386
11.809 -45.4439
11.809 45.4439
11.81 -45.4493
11.81 45.4493
11.811 -45.4547
11.811 45.4547
11.812 -45.4601
11.812 45.4601
11.813 -45.4655
11.813 45.4655
11.814 -45.4709
11.814 45.4709
11.815 -45.4762
11.815 45.4762
11.816 -45.4816
11.816 45.4816
11.817 -45.487
11.817 45.487
11.818 -45.4924
11.818 45.4924
11.819 -45.4978
11.819 45.4978
11.82 -45.5032
11.82 45.5032
11.821 -45.5085
11.821 45.5085
11.822 -45.5139
11.822 45.5139
11.823 -45.5193
11.823 45.5193
11.824 -45.5247
11.824 45.5247
11.825 -45.5301
11.825 45.5301
11.826 -45.5355
11.826 45.5355
11.827 -45.5409
11.827 45.5409
11.828 -45.5462
11.828 45.5462
11.829 -45.5516
11.829 45.5516
11.83 -45.557
11.83 45.557
11.831 -45.5624
11.831 45.5624
11.832 -45.5678
11.832 45.5678
11.833 -45.5732
11.833 45.5732
11.834 -45.5786
11.834 45.5786
11.835 -45.584
11.835 45.584
11.836 -45.5893
11.836 45.5893
11.837 -45.5947
11.837 45.5947
11.838 -45.6001
11.838 45.6001
11.839 -45.6055
11.839 45.6055
11.84 -45.6109
11.84 45.6109
11.841 -45.6163
11.841 45.6163
11.842 -45.6217
11.842 45.6217
11.843 -45.6271
11.843 45.6271
11.844 -45.6325
11.844 45.6325
11.845 -45.6378
11.845 45.6378
11.846 -45.6432
11.846 45.6432
11.847 -45.6486
11.847 45.6486
11.848 -45.654
11.848 45.654
11.849 -45.6594
11.849 45.6594
11.85 -45.6648
11.85 45.6648
11.851 -45.6702
11.851 45.6702
11.852 -45.6756
11.852 45.6756
11.853 -45.681
11.853 45.681
11.854 -45.6864
11.854 45.6864
11.855 -45.6918
11.855 45.6918
11.856 -45.6972
11.856 45.6972
11.857 -45.7025
11.857 45.7025
11.858 -45.7079
11.858 45.7079
11.859 -45.7133
11.859 45.7133
11.86 -45.7187
11.86 45.7187
11.861 -45.7241
11.861 45.7241
11.862 -45.7295
11.862 45.7295
11.863 -45.7349
11.863 45.7349
11.864 -45.7403
11.864 45.7403
11.865 -45.7457
11.865 45.7457
11.866 -45.7511
11.866 45.7511
11.867 -45.7565
11.867 45.7565
11.868 -45.7619
11.868 45.7619
11.869 -45.7673
11.869 45.7673
11.87 -45.7727
11.87 45.7727
11.871 -45.7781
11.871 45.7781
11.872 -45.7835
11.872 45.7835
11.873 -45.7889
11.873 45.7889
11.874 -45.7942
11.874 45.7942
11.875 -45.7996
11.875 45.7996
11.876 -45.805
11.876 45.805
11.877 -45.8104
11.877 45.8104
11.878 -45.8158
11.878 45.8158
11.879 -45.8212
11.879 45.8212
11.88 -45.8266
11.88 45.8266
11.881 -45.832
11.881 45.832
11.882 -45.8374
11.882 45.8374
11.883 -45.8428
11.883 45.8428
11.884 -45.8482
11.884 45.8482
11.885 -45.8536
11.885 45.8536
11.886 -45.859
11.886 45.859
11.887 -45.8644
11.887 45.8644
11.888 -45.8698
11.888 45.8698
11.889 -45.8752
11.889 45.8752
11.89 -45.8806
11.89 45.8806
11.891 -45.886
11.891 45.886
11.892 -45.8914
11.892 45.8914
11.893 -45.8968
11.893 45.8968
11.894 -45.9022
11.894 45.9022
11.895 -45.9076
11.895 45.9076
11.896 -45.913
11.896 45.913
11.897 -45.9184
11.897 45.9184
11.898 -45.9238
11.898 45.9238
11.899 -45.9292
11.899 45.9292
11.9 -45.9346
11.9 45.9346
11.901 -45.94
11.901 45.94
11.902 -45.9454
11.902 45.9454
11.903 -45.9508
11.903 45.9508
11.904 -45.9562
11.904 45.9562
11.905 -45.9616
11.905 45.9616
11.906 -45.967
11.906 45.967
11.907 -45.9724
11.907 45.9724
11.908 -45.9778
11.908 45.9778
11.909 -45.9832
11.909 45.9832
11.91 -45.9886
11.91 45.9886
11.911 -45.994
11.911 45.994
11.912 -45.9994
11.912 45.9994
11.913 -46.0049
11.913 46.0049
11.914 -46.0103
11.914 46.0103
11.915 -46.0157
11.915 46.0157
11.916 -46.0211
11.916 46.0211
11.917 -46.0265
11.917 46.0265
11.918 -46.0319
11.918 46.0319
11.919 -46.0373
11.919 46.0373
11.92 -46.0427
11.92 46.0427
11.921 -46.0481
11.921 46.0481
11.922 -46.0535
11.922 46.0535
11.923 -46.0589
11.923 46.0589
11.924 -46.0643
11.924 46.0643
11.925 -46.0697
11.925 46.0697
11.926 -46.0751
11.926 46.0751
11.927 -46.0805
11.927 46.0805
11.928 -46.0859
11.928 46.0859
11.929 -46.0913
11.929 46.0913
11.93 -46.0968
11.93 46.0968
11.931 -46.1022
11.931 46.1022
11.932 -46.1076
11.932 46.1076
11.933 -46.113
11.933 46.113
11.934 -46.1184
11.934 46.1184
11.935 -46.1238
11.935 46.1238
11.936 -46.1292
11.936 46.1292
11.937 -46.1346
11.937 46.1346
11.938 -46.14
11.938 46.14
11.939 -46.1454
11.939 46.1454
11.94 -46.1508
11.94 46.1508
11.941 -46.1563
11.941 46.1563
11.942 -46.1617
11.942 46.1617
11.943 -46.1671
11.943 46.1671
11.944 -46.1725
11.944 46.1725
11.945 -46.1779
11.945 46.1779
11.946 -46.1833
11.946 46.1833
11.947 -46.1887
11.947 46.1887
11.948 -46.1941
11.948 46.1941
11.949 -46.1995
11.949 46.1995
11.95 -46.2049
11.95 46.2049
11.951 -46.2104
11.951 46.2104
11.952 -46.2158
11.952 46.2158
11.953 -46.2212
11.953 46.2212
11.954 -46.2266
11.954 46.2266
11.955 -46.232
11.955 46.232
11.956 -46.2374
11.956 46.2374
11.957 -46.2428
11.957 46.2428
11.958 -46.2483
11.958 46.2483
11.959 -46.2537
11.959 46.2537
11.96 -46.2591
11.96 46.2591
11.961 -46.2645
11.961 46.2645
11.962 -46.2699
11.962 46.2699
11.963 -46.2753
11.963 46.2753
11.964 -46.2807
11.964 46.2807
11.965 -46.2862
11.965 46.2862
11.966 -46.2916
11.966 46.2916
11.967 -46.297
11.967 46.297
11.968 -46.3024
11.968 46.3024
11.969 -46.3078
11.969 46.3078
11.97 -46.3132
11.97 46.3132
11.971 -46.3186
11.971 46.3186
11.972 -46.3241
11.972 46.3241
11.973 -46.3295
11.973 46.3295
11.974 -46.3349
11.974 46.3349
11.975 -46.3403
11.975 46.3403
11.976 -46.3457
11.976 46.3457
11.977 -46.3511
11.977 46.3511
11.978 -46.3566
11.978 46.3566
11.979 -46.362
11.979 46.362
11.98 -46.3674
11.98 46.3674
11.981 -46.3728
11.981 46.3728
11.982 -46.3782
11.982 46.3782
11.983 -46.3837
11.983 46.3837
11.984 -46.3891
11.984 46.3891
11.985 -46.3945
11.985 46.3945
11.986 -46.3999
11.986 46.3999
11.987 -46.4053
11.987 46.4053
11.988 -46.4107
11.988 46.4107
11.989 -46.4162
11.989 46.4162
11.99 -46.4216
11.99 46.4216
11.991 -46.427
11.991 46.427
11.992 -46.4324
11.992 46.4324
11.993 -46.4378
11.993 46.4378
11.994 -46.4433
11.994 46.4433
11.995 -46.4487
11.995 46.4487
11.996 -46.4541
11.996 46.4541
11.997 -46.4595
11.997 46.4595
11.998 -46.465
11.998 46.465
11.999 -46.4704
11.999 46.4704
12 -46.4758
12 46.4758
12.001 -46.4812
12.001 46.4812
12.002 -46.4866
12.002 46.4866
12.003 -46.4921
12.003 46.4921
12.004 -46.4975
12.004 46.4975
12.005 -46.5029
12.005 46.5029
12.006 -46.5083
12.006 46.5083
12.007 -46.5138
12.007 46.5138
12.008 -46.5192
12.008 46.5192
12.009 -46.5246
12.009 46.5246
12.01 -46.53
12.01 46.53
12.011 -46.5355
12.011 46.5355
12.012 -46.5409
12.012 46.5409
12.013 -46.5463
12.013 46.5463
12.014 -46.5517
12.014 46.5517
12.015 -46.5572
12.015 46.5572
12.016 -46.5626
12.016 46.5626
12.017 -46.568
12.017 46.568
12.018 -46.5734
12.018 46.5734
12.019 -46.5789
12.019 46.5789
12.02 -46.5843
12.02 46.5843
12.021 -46.5897
12.021 46.5897
12.022 -46.5951
12.022 46.5951
12.023 -46.6006
12.023 46.6006
12.024 -46.606
12.024 46.606
12.025 -46.6114
12.025 46.6114
12.026 -46.6168
12.026 46.6168
12.027 -46.6223
12.027 46.6223
12.028 -46.6277
12.028 46.6277
12.029 -46.6331
12.029 46.6331
12.03 -46.6386
12.03 46.6386
12.031 -46.644
12.031 46.644
12.032 -46.6494
12.032 46.6494
12.033 -46.6548
12.033 46.6548
12.034 -46.6603
12.034 46.6603
12.035 -46.6657
12.035 46.6657
12.036 -46.6711
12.036 46.6711
12.037 -46.6766
12.037 46.6766
12.038 -46.682
12.038 46.682
12.039 -46.6874
12.039 46.6874
12.04 -46.6929
12.04 46.6929
12.041 -46.6983
12.041 46.6983
12.042 -46.7037
12.042 46.7037
12.043 -46.7091
12.043 46.7091
12.044 -46.7146
12.044 46.7146
12.045 -46.72
12.045 46.72
12.046 -46.7254
12.046 46.7254
12.047 -46.7309
12.047 46.7309
12.048 -46.7363
12.048 46.7363
12.049 -46.7417
12.049 46.7417
12.05 -46.7472
12.05 46.7472
12.051 -46.7526
12.051 46.7526
12.052 -46.758
12.052 46.758
12.053 -46.7635
12.053 46.7635
12.054 -46.7689
12.054 46.7689
12.055 -46.7743
12.055 46.7743
12.056 -46.7798
12.056 46.7798
12.057 -46.7852
12.057 46.7852
12.058 -46.7906
12.058 46.7906
12.059 -46.7961
12.059 46.7961
12.06 -46.8015
12.06 46.8015
12.061 -46.8069
12.061 46.8069
12.062 -46.8124
12.062 46.8124
12.063 -46.8178
12.063 46.8178
12.064 -46.8232
12.064 46.8232
12.065 -46.8287
12.065 46.8287
12.066 -46.8341
12.066 46.8341
12.067 -46.8395
12.067 46.8395
12.068 -46.845
12.068 46.845
12.069 -46.8504
12.069 46.8504
12.07 -46.8559
12.07 46.8559
12.071 -46.8613
12.071 46.8613
12.072 -46.8667
12.072 46.8667
12.073 -46.8722
12.073 46.8722
12.074 -46.8776
12.074 46.8776
12.075 -46.883
12.075 46.883
12.076 -46.8885
12.076 46.8885
12.077 -46.8939
12.077 46.8939
12.078 -46.8994
12.078 46.8994
12.079 -46.9048
12.079 46.9048
12.08 -46.9102
12.08 46.9102
12.081 -46.9157
12.081 46.9157
12.082 -46.9211
12.082 46.9211
12.083 -46.9266
12.083 46.9266
12.084 -46.932
12.084 46.932
12.085 -46.9374
12.085 46.9374
12.086 -46.9429
12.086 46.9429
12.087 -46.9483
12.087 46.9483
12.088 -46.9538
12.088 46.9538
12.089 -46.9592
12.089 46.9592
12.09 -46.9646
12.09 46.9646
12.091 -46.9701
12.091 46.9701
12.092 -46.9755
12.092 46.9755
12.093 -46.981
12.093 46.981
12.094 -46.9864
12.094 46.9864
12.095 -46.9918
12.095 46.9918
12.096 -46.9973
12.096 46.9973
12.097 -47.0027
12.097 47.0027
12.098 -47.0082
12.098 47.0082
12.099 -47.0136
12.099 47.0136
12.1 -47.019
12.1 47.019
12.101 -47.0245
12.101 47.0245
12.102 -47.0299
12.102 47.0299
12.103 -47.0354
12.103 47.0354
12.104 -47.0408
12.104 47.0408
12.105 -47.0463
12.105 47.0463
12.106 -47.0517
12.106 47.0517
12.107 -47.0572
12.107 47.0572
12.108 -47.0626
12.108 47.0626
12.109 -47.068
12.109 47.068
12.11 -47.0735
12.11 47.0735
12.111 -47.0789
12.111 47.0789
12.112 -47.0844
12.112 47.0844
12.113 -47.0898
12.113 47.0898
12.114 -47.0953
12.114 47.0953
12.115 -47.1007
12.115 47.1007
12.116 -47.1062
12.116 47.1062
12.117 -47.1116
12.117 47.1116
12.118 -47.1171
12.118 47.1171
12.119 -47.1225
12.119 47.1225
12.12 -47.1279
12.12 47.1279
12.121 -47.1334
12.121 47.1334
12.122 -47.1388
12.122 47.1388
12.123 -47.1443
12.123 47.1443
12.124 -47.1497
12.124 47.1497
12.125 -47.1552
12.125 47.1552
12.126 -47.1606
12.126 47.1606
12.127 -47.1661
12.127 47.1661
12.128 -47.1715
12.128 47.1715
12.129 -47.177
12.129 47.177
12.13 -47.1824
12.13 47.1824
12.131 -47.1879
12.131 47.1879
12.132 -47.1933
12.132 47.1933
12.133 -47.1988
12.133 47.1988
12.134 -47.2042
12.134 47.2042
12.135 -47.2097
12.135 47.2097
12.136 -47.2151
12.136 47.2151
12.137 -47.2206
12.137 47.2206
12.138 -47.226
12.138 47.226
12.139 -47.2315
12.139 47.2315
12.14 -47.2369
12.14 47.2369
12.141 -47.2424
12.141 47.2424
12.142 -47.2478
12.142 47.2478
12.143 -47.2533
12.143 47.2533
12.144 -47.2587
12.144 47.2587
12.145 -47.2642
12.145 47.2642
12.146 -47.2696
12.146 47.2696
12.147 -47.2751
12.147 47.2751
12.148 -47.2805
12.148 47.2805
12.149 -47.286
12.149 47.286
12.15 -47.2914
12.15 47.2914
12.151 -47.2969
12.151 47.2969
12.152 -47.3024
12.152 47.3024
12.153 -47.3078
12.153 47.3078
12.154 -47.3133
12.154 47.3133
12.155 -47.3187
12.155 47.3187
12.156 -47.3242
12.156 47.3242
12.157 -47.3296
12.157 47.3296
12.158 -47.3351
12.158 47.3351
12.159 -47.3405
12.159 47.3405
12.16 -47.346
12.16 47.346
12.161 -47.3514
12.161 47.3514
12.162 -47.3569
12.162 47.3569
12.163 -47.3624
12.163 47.3624
12.164 -47.3678
12.164 47.3678
12.165 -47.3733
12.165 47.3733
12.166 -47.3787
12.166 47.3787
12.167 -47.3842
12.167 47.3842
12.168 -47.3896
12.168 47.3896
12.169 -47.3951
12.169 47.3951
12.17 -47.4005
12.17 47.4005
12.171 -47.406
12.171 47.406
12.172 -47.4115
12.172 47.4115
12.173 -47.4169
12.173 47.4169
12.174 -47.4224
12.174 47.4224
12.175 -47.4278
12.175 47.4278
12.176 -47.4333
12.176 47.4333
12.177 -47.4388
12.177 47.4388
12.178 -47.4442
12.178 47.4442
12.179 -47.4497
12.179 47.4497
12.18 -47.4551
12.18 47.4551
12.181 -47.4606
12.181 47.4606
12.182 -47.466
12.182 47.466
12.183 -47.4715
12.183 47.4715
12.184 -47.477
12.184 47.477
12.185 -47.4824
12.185 47.4824
12.186 -47.4879
12.186 47.4879
12.187 -47.4934
12.187 47.4934
12.188 -47.4988
12.188 47.4988
12.189 -47.5043
12.189 47.5043
12.19 -47.5097
12.19 47.5097
12.191 -47.5152
12.191 47.5152
12.192 -47.5207
12.192 47.5207
12.193 -47.5261
12.193 47.5261
12.194 -47.5316
12.194 47.5316
12.195 -47.537
12.195 47.537
12.196 -47.5425
12.196 47.5425
12.197 -47.548
12.197 47.548
12.198 -47.5534
12.198 47.5534
12.199 -47.5589
12.199 47.5589
12.2 -47.5644
12.2 47.5644
12.201 -47.5698
12.201 47.5698
12.202 -47.5753
12.202 47.5753
12.203 -47.5807
12.203 47.5807
12.204 -47.5862
12.204 47.5862
12.205 -47.5917
12.205 47.5917
12.206 -47.5971
12.206 47.5971
12.207 -47.6026
12.207 47.6026
12.208 -47.6081
12.208 47.6081
12.209 -47.6135
12.209 47.6135
12.21 -47.619
12.21 47.619
12.211 -47.6245
12.211 47.6245
12.212 -47.6299
12.212 47.6299
12.213 -47.6354
12.213 47.6354
12.214 -47.6409
12.214 47.6409
12.215 -47.6463
12.215 47.6463
12.216 -47.6518
12.216 47.6518
12.217 -47.6573
12.217 47.6573
12.218 -47.6627
12.218 47.6627
12.219 -47.6682
12.219 47.6682
12.22 -47.6737
12.22 47.6737
12.221 -47.6791
12.221 47.6791
12.222 -47.6846
12.222 47.6846
12.223 -47.6901
12.223 47.6901
12.224 -47.6955
12.224 47.6955
12.225 -47.701
12.225 47.701
12.226 -47.7065
12.226 47.7065
12.227 -47.7119
12.227 47.7119
12.228 -47.7174
12.228 47.7174
12.229 -47.7229
12.229 47.7229
12.23 -47.7283
12.23 47.7283
12.231 -47.7338
12.231 47.7338
12.232 -47.7393
12.232 47.7393
12.233 -47.7448
12.233 47.7448
12.234 -47.7502
12.234 47.7502
12.235 -47.7557
12.235 47.7557
12.236 -47.7612
12.236 47.7612
12.237 -47.7666
12.237 47.7666
12.238 -47.7721
12.238 47.7721
12.239 -47.7776
12.239 47.7776
12.24 -47.7831
12.24 47.7831
12.241 -47.7885
12.241 47.7885
12.242 -47.794
12.242 47.794
12.243 -47.7995
12.243 47.7995
12.244 -47.8049
12.244 47.8049
12.245 -47.8104
12.245 47.8104
12.246 -47.8159
12.246 47.8159
12.247 -47.8214
12.247 47.8214
12.248 -47.8268
12.248 47.8268
12.249 -47.8323
12.249 47.8323
12.25 -47.8378
12.25 47.8378
12.251 -47.8433
12.251 47.8433
12.252 -47.8487
12.252 47.8487
12.253 -47.8542
12.253 47.8542
12.254 -47.8597
12.254 47.8597
12.255 -47.8651
12.255 47.8651
12.256 -47.8706
12.256 47.8706
12.257 -47.8761
12.257 47.8761
12.258 -47.8816
12.258 47.8816
12.259 -47.887
12.259 47.887
12.26 -47.8925
12.26 47.8925
12.261 -47.898
12.261 47.898
12.262 -47.9035
12.262 47.9035
12.263 -47.909
12.263 47.909
12.264 -47.9144
12.264 47.9144
12.265 -47.9199
12.265 47.9199
12.266 -47.9254
12.266 47.9254
12.267 -47.9309
12.267 47.9309
12.268 -47.9363
12.268 47.9363
12.269 -47.9418
12.269 47.9418
12.27 -47.9473
12.27 47.9473
12.271 -47.9528
12.271 47.9528
12.272 -47.9582
12.272 47.9582
12.273 -47.9637
12.273 47.9637
12.274 -47.9692
12.274 47.9692
12.275 -47.9747
12.275 47.9747
12.276 -47.9802
12.276 47.9802
12.277 -47.9856
12.277 47.9856
12.278 -47.9911
12.278 47.9911
12.279 -47.9966
12.279 47.9966
12.28 -48.0021
12.28 48.0021
12.281 -48.0076
12.281 48.0076
12.282 -48.013
12.282 48.013
12.283 -48.0185
12.283 48.0185
12.284 -48.024
12.284 48.024
12.285 -48.0295
12.285 48.0295
12.286 -48.035
12.286 48.035
12.287 -48.0404
12.287 48.0404
12.288 -48.0459
12.288 48.0459
12.289 -48.0514
12.289 48.0514
12.29 -48.0569
12.29 48.0569
12.291 -48.0624
12.291 48.0624
12.292 -48.0678
12.292 48.0678
12.293 -48.0733
12.293 48.0733
12.294 -48.0788
12.294 48.0788
12.295 -48.0843
12.295 48.0843
12.296 -48.0898
12.296 48.0898
12.297 -48.0953
12.297 48.0953
12.298 -48.1007
12.298 48.1007
12.299 -48.1062
12.299 48.1062
12.3 -48.1117
12.3 48.1117
12.301 -48.1172
12.301 48.1172
12.302 -48.1227
12.302 48.1227
12.303 -48.1282
12.303 48.1282
12.304 -48.1337
12.304 48.1337
12.305 -48.1391
12.305 48.1391
12.306 -48.1446
12.306 48.1446
12.307 -48.1501
12.307 48.1501
12.308 -48.1556
12.308 48.1556
12.309 -48.1611
12.309 48.1611
12.31 -48.1666
12.31 48.1666
12.311 -48.172
12.311 48.172
12.312 -48.1775
12.312 48.1775
12.313 -48.183
12.313 48.183
12.314 -48.1885
12.314 48.1885
12.315 -48.194
12.315 48.194
12.316 -48.1995
12.316 48.1995
12.317 -48.205
12.317 48.205
12.318 -48.2105
12.318 48.2105
12.319 -48.2159
12.319 48.2159
12.32 -48.2214
12.32 48.2214
12.321 -48.2269
12.321 48.2269
12.322 -48.2324
12.322 48.2324
12.323 -48.2379
12.323 48.2379
12.324 -48.2434
12.324 48.2434
12.325 -48.2489
12.325 48.2489
12.326 -48.2544
12.326 48.2544
12.327 -48.2599
12.327 48.2599
12.328 -48.2653
12.328 48.2653
12.329 -48.2708
12.329 48.2708
12.33 -48.2763
12.33 48.2763
12.331 -48.2818
12.331 48.2818
12.332 -48.2873
12.332 48.2873
12.333 -48.2928
12.333 48.2928
12.334 -48.2983
12.334 48.2983
12.335 -48.3038
12.335 48.3038
12.336 -48.3093
12.336 48.3093
12.337 -48.3148
12.337 48.3148
12.338 -48.3202
12.338 48.3202
12.339 -48.3257
12.339 48.3257
12.34 -48.3312
12.34 48.3312
12.341 -48.3367
12.341 48.3367
12.342 -48.3422
12.342 48.3422
12.343 -48.3477
12.343 48.3477
12.344 -48.3532
12.344 48.3532
12.345 -48.3587
12.345 48.3587
12.346 -48.3642
12.346 48.3642
12.347 -48.3697
12.347 48.3697
12.348 -48.3752
12.348 48.3752
12.349 -48.3807
12.349 48.3807
12.35 -48.3862
12.35 48.3862
12.351 -48.3917
12.351 48.3917
12.352 -48.3971
12.352 48.3971
12.353 -48.4026
12.353 48.4026
12.354 -48.4081
12.354 48.4081
12.355 -48.4136
12.355 48.4136
12.356 -48.4191
12.356 48.4191
12.357 -48.4246
12.357 48.4246
12.358 -48.4301
12.358 48.4301
12.359 -48.4356
12.359 48.4356
12.36 -48.4411
12.36 48.4411
12.361 -48.4466
12.361 48.4466
12.362 -48.4521
12.362 48.4521
12.363 -48.4576
12.363 48.4576
12.364 -48.4631
12.364 48.4631
12.365 -48.4686
12.365 48.4686
12.366 -48.4741
12.366 48.4741
12.367 -48.4796
12.367 48.4796
12.368 -48.4851
12.368 48.4851
12.369 -48.4906
12.369 48.4906
12.37 -48.4961
12.37 48.4961
12.371 -48.5016
12.371 48.5016
12.372 -48.5071
12.372 48.5071
12.373 -48.5126
12.373 48.5126
12.374 -48.5181
12.374 48.5181
12.375 -48.5236
12.375 48.5236
12.376 -48.5291
12.376 48.5291
12.377 -48.5346
12.377 48.5346
12.378 -48.5401
12.378 48.5401
12.379 -48.5456
12.379 48.5456
12.38 -48.5511
12.38 48.5511
12.381 -48.5566
12.381 48.5566
12.382 -48.5621
12.382 48.5621
12.383 -48.5676
12.383 48.5676
12.384 -48.5731
12.384 48.5731
12.385 -48.5786
12.385 48.5786
12.386 -48.5841
12.386 48.5841
12.387 -48.5896
12.387 48.5896
12.388 -48.5951
12.388 48.5951
12.389 -48.6006
12.389 48.6006
12.39 -48.6061
12.39 48.6061
12.391 -48.6116
12.391 48.6116
12.392 -48.6171
12.392 48.6171
12.393 -48.6226
12.393 48.6226
12.394 -48.6281
12.394 48.6281
12.395 -48.6336
12.395 48.6336
12.396 -48.6391
12.396 48.6391
12.397 -48.6446
12.397 48.6446
12.398 -48.6501
12.398 48.6501
12.399 -48.6556
12.399 48.6556
12.4 -48.6611
12.4 48.6611
12.401 -48.6666
12.401 48.6666
12.402 -48.6721
12.402 48.6721
12.403 -48.6776
12.403 48.6776
12.404 -48.6831
12.404 48.6831
12.405 -48.6886
12.405 48.6886
12.406 -48.6941
12.406 48.6941
12.407 -48.6996
12.407 48.6996
12.408 -48.7052
12.408 48.7052
12.409 -48.7107
12.409 48.7107
12.41 -48.7162
12.41 48.7162
12.411 -48.7217
12.411 48.7217
12.412 -48.7272
12.412 48.7272
12.413 -48.7327
12.413 48.7327
12.414 -48.7382
12.414 48.7382
12.415 -48.7437
12.415 48.7437
12.416 -48.7492
12.416 48.7492
12.417 -48.7547
12.417 48.7547
12.418 -48.7602
12.418 48.7602
12.419 -48.7657
12.419 48.7657
12.42 -48.7712
12.42 48.7712
12.421 -48.7767
12.421 48.7767
12.422 -48.7823
12.422 48.7823
12.423 -48.7878
12.423 48.7878
12.424 -48.7933
12.424 48.7933
12.425 -48.7988
12.425 48.7988
12.426 -48.8043
12.426 48.8043
12.427 -48.8098
12.427 48.8098
12.428 -48.8153
12.428 48.8153
12.429 -48.8208
12.429 48.8208
12.43 -48.8263
12.43 48.8263
12.431 -48.8318
12.431 48.8318
12.432 -48.8374
12.432 48.8374
12.433 -48.8429
12.433 48.8429
12.434 -48.8484
12.434 48.8484
12.435 -48.8539
12.435 48.8539
12.436 -48.8594
12.436 48.8594
12.437 -48.8649
12.437 48.8649
12.438 -48.8704
12.438 48.8704
12.439 -48.8759
12.439 48.8759
12.44 -48.8814
12.44 48.8814
12.441 -48.887
12.441 48.887
12.442 -48.8925
12.442 48.8925
12.443 -48.898
12.443 48.898
12.444 -48.9035
12.444 48.9035
12.445 -48.909
12.445 48.909
12.446 -48.9145
12.446 48.9145
12.447 -48.92
12.447 48.92
12.448 -48.9255
12.448 48.9255
12.449 -48.9311
12.449 48.9311
12.45 -48.9366
12.45 48.9366
12.451 -48.9421
12.451 48.9421
12.452 -48.9476
12.452 48.9476
12.453 -48.9531
12.453 48.9531
12.454 -48.9586
12.454 48.9586
12.455 -48.9642
12.455 48.9642
12.456 -48.9697
12.456 48.9697
12.457 -48.9752
12.457 48.9752
12.458 -48.9807
12.458 48.9807
12.459 -48.9862
12.459 48.9862
12.46 -48.9917
12.46 48.9917
12.461 -48.9972
12.461 48.9972
12.462 -49.0028
12.462 49.0028
12.463 -49.0083
12.463 49.0083
12.464 -49.0138
12.464 49.0138
12.465 -49.0193
12.465 49.0193
12.466 -49.0248
12.466 49.0248
12.467 -49.0304
12.467 49.0304
12.468 -49.0359
12.468 49.0359
12.469 -49.0414
12.469 49.0414
12.47 -49.0469
12.47 49.0469
12.471 -49.0524
12.471 49.0524
12.472 -49.0579
12.472 49.0579
12.473 -49.0635
12.473 49.0635
12.474 -49.069
12.474 49.069
12.475 -49.0745
12.475 49.0745
12.476 -49.08
12.476 49.08
12.477 -49.0855
12.477 49.0855
12.478 -49.0911
12.478 49.0911
12.479 -49.0966
12.479 49.0966
12.48 -49.1021
12.48 49.1021
12.481 -49.1076
12.481 49.1076
12.482 -49.1131
12.482 49.1131
12.483 -49.1187
12.483 49.1187
12.484 -49.1242
12.484 49.1242
12.485 -49.1297
12.485 49.1297
12.486 -49.1352
12.486 49.1352
12.487 -49.1407
12.487 49.1407
12.488 -49.1463
12.488 49.1463
12.489 -49.1518
12.489 49.1518
12.49 -49.1573
12.49 49.1573
12.491 -49.1628
12.491 49.1628
12.492 -49.1684
12.492 49.1684
12.493 -49.1739
12.493 49.1739
12.494 -49.1794
12.494 49.1794
12.495 -49.1849
12.495 49.1849
12.496 -49.1905
12.496 49.1905
12.497 -49.196
12.497 49.196
12.498 -49.2015
12.498 49.2015
12.499 -49.207
12.499 49.207
12.5 -49.2125
12.5 49.2125
12.501 -49.2181
12.501 49.2181
12.502 -49.2236
12.502 49.2236
12.503 -49.2291
12.503 49.2291
12.504 -49.2346
12.504 49.2346
12.505 -49.2402
12.505 49.2402
12.506 -49.2457
12.506 49.2457
12.507 -49.2512
12.507 49.2512
12.508 -49.2568
12.508 49.2568
12.509 -49.2623
12.509 49.2623
12.51 -49.2678
12.51 49.2678
12.511 -49.2733
12.511 49.2733
12.512 -49.2789
12.512 49.2789
12.513 -49.2844
12.513 49.2844
12.514 -49.2899
12.514 49.2899
12.515 -49.2954
12.515 49.2954
12.516 -49.301
12.516 49.301
12.517 -49.3065
12.517 49.3065
12.518 -49.312
12.518 49.312
12.519 -49.3176
12.519 49.3176
12.52 -49.3231
12.52 49.3231
12.521 -49.3286
12.521 49.3286
12.522 -49.3341
12.522 49.3341
12.523 -49.3397
12.523 49.3397
12.524 -49.3452
12.524 49.3452
12.525 -49.3507
12.525 49.3507
12.526 -49.3563
12.526 49.3563
12.527 -49.3618
12.527 49.3618
12.528 -49.3673
12.528 49.3673
12.529 -49.3728
12.529 49.3728
12.53 -49.3784
12.53 49.3784
12.531 -49.3839
12.531 49.3839
12.532 -49.3894
12.532 49.3894
12.533 -49.395
12.533 49.395
12.534 -49.4005
12.534 49.4005
12.535 -49.406
12.535 49.406
12.536 -49.4116
12.536 49.4116
12.537 -49.4171
12.537 49.4171
12.538 -49.4226
12.538 49.4226
12.539 -49.4282
12.539 49.4282
12.54 -49.4337
12.54 49.4337
12.541 -49.4392
12.541 49.4392
12.542 -49.4448
12.542 49.4448
12.543 -49.4503
12.543 49.4503
12.544 -49.4558
12.544 49.4558
12.545 -49.4614
12.545 49.4614
12.546 -49.4669
12.546 49.4669
12.547 -49.4724
12.547 49.4724
12.548 -49.478
12.548 49.478
12.549 -49.4835
12.549 49.4835
12.55 -49.489
12.55 49.489
12.551 -49.4946
12.551 49.4946
12.552 -49.5001
12.552 49.5001
12.553 -49.5056
12.553 49.5056
12.554 -49.5112
12.554 49.5112
12.555 -49.5167
12.555 49.5167
12.556 -49.5222
12.556 49.5222
12.557 -49.5278
12.557 49.5278
12.558 -49.5333
12.558 49.5333
12.559 -49.5388
12.559 49.5388
12.56 -49.5444
12.56 49.5444
12.561 -49.5499
12.561 49.5499
12.562 -49.5555
12.562 49.5555
12.563 -49.561
12.563 49.561
12.564 -49.5665
12.564 49.5665
12.565 -49.5721
12.565 49.5721
12.566 -49.5776
12.566 49.5776
12.567 -49.5831
12.567 49.5831
12.568 -49.5887
12.568 49.5887
12.569 -49.5942
12.569 49.5942
12.57 -49.5998
12.57 49.5998
12.571 -49.6053
12.571 49.6053
12.572 -49.6108
12.572 49.6108
12.573 -49.6164
12.573 49.6164
12.574 -49.6219
12.574 49.6219
12.575 -49.6275
12.575 49.6275
12.576 -49.633
12.576 49.633
12.577 -49.6385
12.577 49.6385
12.578 -49.6441
12.578 49.6441
12.579 -49.6496
12.579 49.6496
12.58 -49.6552
12.58 49.6552
12.581 -49.6607
12.581 49.6607
12.582 -49.6662
12.582 49.6662
12.583 -49.6718
12.583 49.6718
12.584 -49.6773
12.584 49.6773
12.585 -49.6829
12.585 49.6829
12.586 -49.6884
12.586 49.6884
12.587 -49.6939
12.587 49.6939
12.588 -49.6995
12.588 49.6995
12.589 -49.705
12.589 49.705
12.59 -49.7106
12.59 49.7106
12.591 -49.7161
12.591 49.7161
12.592 -49.7217
12.592 49.7217
12.593 -49.7272
12.593 49.7272
12.594 -49.7327
12.594 49.7327
12.595 -49.7383
12.595 49.7383
12.596 -49.7438
12.596 49.7438
12.597 -49.7494
12.597 49.7494
12.598 -49.7549
12.598 49.7549
12.599 -49.7605
12.599 49.7605
12.6 -49.766
12.6 49.766
12.601 -49.7716
12.601 49.7716
12.602 -49.7771
12.602 49.7771
12.603 -49.7826
12.603 49.7826
12.604 -49.7882
12.604 49.7882
12.605 -49.7937
12.605 49.7937
12.606 -49.7993
12.606 49.7993
12.607 -49.8048
12.607 49.8048
12.608 -49.8104
12.608 49.8104
12.609 -49.8159
12.609 49.8159
12.61 -49.8215
12.61 49.8215
12.611 -49.827
12.611 49.827
12.612 -49.8326
12.612 49.8326
12.613 -49.8381
12.613 49.8381
12.614 -49.8437
12.614 49.8437
12.615 -49.8492
12.615 49.8492
12.616 -49.8548
12.616 49.8548
12.617 -49.8603
12.617 49.8603
12.618 -49.8659
12.618 49.8659
12.619 -49.8714
12.619 49.8714
12.62 -49.8769
12.62 49.8769
12.621 -49.8825
12.621 49.8825
12.622 -49.888
12.622 49.888
12.623 -49.8936
12.623 49.8936
12.624 -49.8991
12.624 49.8991
12.625 -49.9047
12.625 49.9047
12.626 -49.9102
12.626 49.9102
12.627 -49.9158
12.627 49.9158
12.628 -49.9213
12.628 49.9213
12.629 -49.9269
12.629 49.9269
12.63 -49.9324
12.63 49.9324
12.631 -49.938
12.631 49.938
12.632 -49.9435
12.632 49.9435
12.633 -49.9491
12.633 49.9491
12.634 -49.9547
12.634 49.9547
12.635 -49.9602
12.635 49.9602
12.636 -49.9658
12.636 49.9658
12.637 -49.9713
12.637 49.9713
12.638 -49.9769
12.638 49.9769
12.639 -49.9824
12.639 49.9824
12.64 -49.988
12.64 49.988
12.641 -49.9935
12.641 49.9935
12.642 -49.9991
12.642 49.9991
12.643 -50.0046
12.643 50.0046
12.644 -50.0102
12.644 50.0102
12.645 -50.0157
12.645 50.0157
12.646 -50.0213
12.646 50.0213
12.647 -50.0268
12.647 50.0268
12.648 -50.0324
12.648 50.0324
12.649 -50.0379
12.649 50.0379
12.65 -50.0435
12.65 50.0435
12.651 -50.0491
12.651 50.0491
12.652 -50.0546
12.652 50.0546
12.653 -50.0602
12.653 50.0602
12.654 -50.0657
12.654 50.0657
12.655 -50.0713
12.655 50.0713
12.656 -50.0768
12.656 50.0768
12.657 -50.0824
12.657 50.0824
12.658 -50.0879
12.658 50.0879
12.659 -50.0935
12.659 50.0935
12.66 -50.0991
12.66 50.0991
12.661 -50.1046
12.661 50.1046
12.662 -50.1102
12.662 50.1102
12.663 -50.1157
12.663 50.1157
12.664 -50.1213
12.664 50.1213
12.665 -50.1268
12.665 50.1268
12.666 -50.1324
12.666 50.1324
12.667 -50.138
12.667 50.138
12.668 -50.1435
12.668 50.1435
12.669 -50.1491
12.669 50.1491
12.67 -50.1546
12.67 50.1546
12.671 -50.1602
12.671 50.1602
12.672 -50.1658
12.672 50.1658
12.673 -50.1713
12.673 50.1713
12.674 -50.1769
12.674 50.1769
12.675 -50.1824
12.675 50.1824
12.676 -50.188
12.676 50.188
12.677 -50.1936
12.677 50.1936
12.678 -50.1991
12.678 50.1991
12.679 -50.2047
12.679 50.2047
12.68 -50.2102
12.68 50.2102
12.681 -50.2158
12.681 50.2158
12.682 -50.2214
12.682 50.2214
12.683 -50.2269
12.683 50.2269
12.684 -50.2325
12.684 50.2325
12.685 -50.238
12.685 50.238
12.686 -50.2436
12.686 50.2436
12.687 -50.2492
12.687 50.2492
12.688 -50.2547
12.688 50.2547
12.689 -50.2603
12.689 50.2603
12.69 -50.2659
12.69 50.2659
12.691 -50.2714
12.691 50.2714
12.692 -50.277
12.692 50.277
12.693 -50.2825
12.693 50.2825
12.694 -50.2881
12.694 50.2881
12.695 -50.2937
12.695 50.2937
12.696 -50.2992
12.696 50.2992
12.697 -50.3048
12.697 50.3048
12.698 -50.3104
12.698 50.3104
12.699 -50.3159
12.699 50.3159
12.7 -50.3215
12.7 50.3215
12.701 -50.3271
12.701 50.3271
12.702 -50.3326
12.702 50.3326
12.703 -50.3382
12.703 50.3382
12.704 -50.3438
12.704 50.3438
12.705 -50.3493
12.705 50.3493
12.706 -50.3549
12.706 50.3549
12.707 -50.3605
12.707 50.3605
12.708 -50.366
12.708 50.366
12.709 -50.3716
12.709 50.3716
12.71 -50.3772
12.71 50.3772
12.711 -50.3827
12.711 50.3827
12.712 -50.3883
12.712 50.3883
12.713 -50.3939
12.713 50.3939
12.714 -50.3994
12.714 50.3994
12.715 -50.405
12.715 50.405
12.716 -50.4106
12.716 50.4106
12.717 -50.4161
12.717 50.4161
12.718 -50.4217
12.718 50.4217
12.719 -50.4273
12.719 50.4273
12.72 -50.4328
12.72 50.4328
12.721 -50.4384
12.721 50.4384
12.722 -50.444
12.722 50.444
12.723 -50.4495
12.723 50.4495
12.724 -50.4551
12.724 50.4551
12.725 -50.4607
12.725 50.4607
12.726 -50.4663
12.726 50.4663
12.727 -50.4718
12.727 50.4718
12.728 -50.4774
12.728 50.4774
12.729 -50.483
12.729 50.483
12.73 -50.4885
12.73 50.4885
12.731 -50.4941
12.731 50.4941
12.732 -50.4997
12.732 50.4997
12.733 -50.5052
12.733 50.5052
12.734 -50.5108
12.734 50.5108
12.735 -50.5164
12.735 50.5164
12.736 -50.522
12.736 50.522
12.737 -50.5275
12.737 50.5275
12.738 -50.5331
12.738 50.5331
12.739 -50.5387
12.739 50.5387
12.74 -50.5443
12.74 50.5443
12.741 -50.5498
12.741 50.5498
12.742 -50.5554
12.742 50.5554
12.743 -50.561
12.743 50.561
12.744 -50.5665
12.744 50.5665
12.745 -50.5721
12.745 50.5721
12.746 -50.5777
12.746 50.5777
12.747 -50.5833
12.747 50.5833
12.748 -50.5888
12.748 50.5888
12.749 -50.5944
12.749 50.5944
12.75 -50.6
12.75 50.6
12.751 -50.6056
12.751 50.6056
12.752 -50.6111
12.752 50.6111
12.753 -50.6167
12.753 50.6167
12.754 -50.6223
12.754 50.6223
12.755 -50.6279
12.755 50.6279
12.756 -50.6334
12.756 50.6334
12.757 -50.639
12.757 50.639
12.758 -50.6446
12.758 50.6446
12.759 -50.6502
12.759 50.6502
12.76 -50.6558
12.76 50.6558
12.761 -50.6613
12.761 50.6613
12.762 -50.6669
12.762 50.6669
12.763 -50.6725
12.763 50.6725
12.764 -50.6781
12.764 50.6781
12.765 -50.6836
12.765 50.6836
12.766 -50.6892
12.766 50.6892
12.767 -50.6948
12.767 50.6948
12.768 -50.7004
12.768 50.7004
12.769 -50.706
12.769 50.706
12.77 -50.7115
12.77 50.7115
12.771 -50.7171
12.771 50.7171
12.772 -50.7227
12.772 50.7227
12.773 -50.7283
12.773 50.7283
12.774 -50.7339
12.774 50.7339
12.775 -50.7394
12.775 50.7394
12.776 -50.745
12.776 50.745
12.777 -50.7506
12.777 50.7506
12.778 -50.7562
12.778 50.7562
12.779 -50.7618
12.779 50.7618
12.78 -50.7673
12.78 50.7673
12.781 -50.7729
12.781 50.7729
12.782 -50.7785
12.782 50.7785
12.783 -50.7841
12.783 50.7841
12.784 -50.7897
12.784 50.7897
12.785 -50.7952
12.785 50.7952
12.786 -50.8008
12.786 50.8008
12.787 -50.8064
12.787 50.8064
12.788 -50.812
12.788 50.812
12.789 -50.8176
12.789 50.8176
12.79 -50.8232
12.79 50.8232
12.791 -50.8287
12.791 50.8287
12.792 -50.8343
12.792 50.8343
12.793 -50.8399
12.793 50.8399
12.794 -50.8455
12.794 50.8455
12.795 -50.8511
12.795 50.8511
12.796 -50.8567
12.796 50.8567
12.797 -50.8622
12.797 50.8622
12.798 -50.8678
12.798 50.8678
12.799 -50.8734
12.799 50.8734
12.8 -50.879
12.8 50.879
12.801 -50.8846
12.801 50.8846
12.802 -50.8902
12.802 50.8902
12.803 -50.8957
12.803 50.8957
12.804 -50.9013
12.804 50.9013
12.805 -50.9069
12.805 50.9069
12.806 -50.9125
12.806 50.9125
12.807 -50.9181
12.807 50.9181
12.808 -50.9237
12.808 50.9237
12.809 -50.9293
12.809 50.9293
12.81 -50.9349
12.81 50.9349
12.811 -50.9404
12.811 50.9404
12.812 -50.946
12.812 50.946
12.813 -50.9516
12.813 50.9516
12.814 -50.9572
12.814 50.9572
12.815 -50.9628
12.815 50.9628
12.816 -50.9684
12.816 50.9684
12.817 -50.974
12.817 50.974
12.818 -50.9796
12.818 50.9796
12.819 -50.9851
12.819 50.9851
12.82 -50.9907
12.82 50.9907
12.821 -50.9963
12.821 50.9963
12.822 -51.0019
12.822 51.0019
12.823 -51.0075
12.823 51.0075
12.824 -51.0131
12.824 51.0131
12.825 -51.0187
12.825 51.0187
12.826 -51.0243
12.826 51.0243
12.827 -51.0299
12.827 51.0299
12.828 -51.0355
12.828 51.0355
12.829 -51.041
12.829 51.041
12.83 -51.0466
12.83 51.0466
12.831 -51.0522
12.831 51.0522
12.832 -51.0578
12.832 51.0578
12.833 -51.0634
12.833 51.0634
12.834 -51.069
12.834 51.069
12.835 -51.0746
12.835 51.0746
12.836 -51.0802
12.836 51.0802
12.837 -51.0858
12.837 51.0858
12.838 -51.0914
12.838 51.0914
12.839 -51.097
12.839 51.097
12.84 -51.1026
12.84 51.1026
12.841 -51.1081
12.841 51.1081
12.842 -51.1137
12.842 51.1137
12.843 -51.1193
12.843 51.1193
12.844 -51.1249
12.844 51.1249
12.845 -51.1305
12.845 51.1305
12.846 -51.1361
12.846 51.1361
12.847 -51.1417
12.847 51.1417
12.848 -51.1473
12.848 51.1473
12.849 -51.1529
12.849 51.1529
12.85 -51.1585
12.85 51.1585
12.851 -51.1641
12.851 51.1641
12.852 -51.1697
12.852 51.1697
12.853 -51.1753
12.853 51.1753
12.854 -51.1809
12.854 51.1809
12.855 -51.1865
12.855 51.1865
12.856 -51.1921
12.856 51.1921
12.857 -51.1977
12.857 51.1977
12.858 -51.2033
12.858 51.2033
12.859 -51.2089
12.859 51.2089
12.86 -51.2145
12.86 51.2145
12.861 -51.2201
12.861 51.2201
12.862 -51.2257
12.862 51.2257
12.863 -51.2312
12.863 51.2312
12.864 -51.2368
12.864 51.2368
12.865 -51.2424
12.865 51.2424
12.866 -51.248
12.866 51.248
12.867 -51.2536
12.867 51.2536
12.868 -51.2592
12.868 51.2592
12.869 -51.2648
12.869 51.2648
12.87 -51.2704
12.87 51.2704
12.871 -51.276
12.871 51.276
12.872 -51.2816
12.872 51.2816
12.873 -51.2872
12.873 51.2872
12.874 -51.2928
12.874 51.2928
12.875 -51.2984
12.875 51.2984
12.876 -51.304
12.876 51.304
12.877 -51.3096
12.877 51.3096
12.878 -51.3152
12.878 51.3152
12.879 -51.3208
12.879 51.3208
12.88 -51.3264
12.88 51.3264
12.881 -51.332
12.881 51.332
12.882 -51.3376
12.882 51.3376
12.883 -51.3432
12.883 51.3432
12.884 -51.3488
12.884 51.3488
12.885 -51.3544
12.885 51.3544
12.886 -51.36
12.886 51.36
12.887 -51.3656
12.887 51.3656
12.888 -51.3713
12.888 51.3713
12.889 -51.3769
12.889 51.3769
12.89 -51.3825
12.89 51.3825
12.891 -51.3881
12.891 51.3881
12.892 -51.3937
12.892 51.3937
12.893 -51.3993
12.893 51.3993
12.894 -51.4049
12.894 51.4049
12.895 -51.4105
12.895 51.4105
12.896 -51.4161
12.896 51.4161
12.897 -51.4217
12.897 51.4217
12.898 -51.4273
12.898 51.4273
12.899 -51.4329
12.899 51.4329
12.9 -51.4385
12.9 51.4385
12.901 -51.4441
12.901 51.4441
12.902 -51.4497
12.902 51.4497
12.903 -51.4553
12.903 51.4553
12.904 -51.4609
12.904 51.4609
12.905 -51.4665
12.905 51.4665
12.906 -51.4721
12.906 51.4721
12.907 -51.4777
12.907 51.4777
12.908 -51.4833
12.908 51.4833
12.909 -51.489
12.909 51.489
12.91 -51.4946
12.91 51.4946
12.911 -51.5002
12.911 51.5002
12.912 -51.5058
12.912 51.5058
12.913 -51.5114
12.913 51.5114
12.914 -51.517
12.914 51.517
12.915 -51.5226
12.915 51.5226
12.916 -51.5282
12.916 51.5282
12.917 -51.5338
12.917 51.5338
12.918 -51.5394
12.918 51.5394
12.919 -51.545
12.919 51.545
12.92 -51.5506
12.92 51.5506
12.921 -51.5562
12.921 51.5562
12.922 -51.5619
12.922 51.5619
12.923 -51.5675
12.923 51.5675
12.924 -51.5731
12.924 51.5731
12.925 -51.5787
12.925 51.5787
12.926 -51.5843
12.926 51.5843
12.927 -51.5899
12.927 51.5899
12.928 -51.5955
12.928 51.5955
12.929 -51.6011
12.929 51.6011
12.93 -51.6067
12.93 51.6067
12.931 -51.6123
12.931 51.6123
12.932 -51.618
12.932 51.618
12.933 -51.6236
12.933 51.6236
12.934 -51.6292
12.934 51.6292
12.935 -51.6348
12.935 51.6348
12.936 -51.6404
12.936 51.6404
12.937 -51.646
12.937 51.646
12.938 -51.6516
12.938 51.6516
12.939 -51.6572
12.939 51.6572
12.94 -51.6629
12.94 51.6629
12.941 -51.6685
12.941 51.6685
12.942 -51.6741
12.942 51.6741
12.943 -51.6797
12.943 51.6797
12.944 -51.6853
12.944 51.6853
12.945 -51.6909
12.945 51.6909
12.946 -51.6965
12.946 51.6965
12.947 -51.7022
12.947 51.7022
12.948 -51.7078
12.948 51.7078
12.949 -51.7134
12.949 51.7134
12.95 -51.719
12.95 51.719
12.951 -51.7246
12.951 51.7246
12.952 -51.7302
12.952 51.7302
12.953 -51.7358
12.953 51.7358
12.954 -51.7415
12.954 51.7415
12.955 -51.7471
12.955 51.7471
12.956 -51.7527
12.956 51.7527
12.957 -51.7583
12.957 51.7583
12.958 -51.7639
12.958 51.7639
12.959 -51.7695
12.959 51.7695
12.96 -51.7752
12.96 51.7752
12.961 -51.7808
12.961 51.7808
12.962 -51.7864
12.962 51.7864
12.963 -51.792
12.963 51.792
12.964 -51.7976
12.964 51.7976
12.965 -51.8032
12.965 51.8032
12.966 -51.8089
12.966 51.8089
12.967 -51.8145
12.967 51.8145
12.968 -51.8201
12.968 51.8201
12.969 -51.8257
12.969 51.8257
12.97 -51.8313
12.97 51.8313
12.971 -51.837
12.971 51.837
12.972 -51.8426
12.972 51.8426
12.973 -51.8482
12.973 51.8482
12.974 -51.8538
12.974 51.8538
12.975 -51.8594
12.975 51.8594
12.976 -51.8651
12.976 51.8651
12.977 -51.8707
12.977 51.8707
12.978 -51.8763
12.978 51.8763
12.979 -51.8819
12.979 51.8819
12.98 -51.8875
12.98 51.8875
12.981 -51.8932
12.981 51.8932
12.982 -51.8988
12.982 51.8988
12.983 -51.9044
12.983 51.9044
12.984 -51.91
12.984 51.91
12.985 -51.9156
12.985 51.9156
12.986 -51.9213
12.986 51.9213
12.987 -51.9269
12.987 51.9269
12.988 -51.9325
12.988 51.9325
12.989 -51.9381
12.989 51.9381
12.99 -51.9438
12.99 51.9438
12.991 -51.9494
12.991 51.9494
12.992 -51.955
12.992 51.955
12.993 -51.9606
12.993 51.9606
12.994 -51.9663
12.994 51.9663
12.995 -51.9719
12.995 51.9719
12.996 -51.9775
12.996 51.9775
12.997 -51.9831
12.997 51.9831
12.998 -51.9888
12.998 51.9888
12.999 -51.9944
12.999 51.9944
13 -52
13 52
13.001 -52.0056
13.001 52.0056
13.002 -52.0113
13.002 52.0113
13.003 -52.0169
13.003 52.0169
13.004 -52.0225
13.004 52.0225
13.005 -52.0281
13.005 52.0281
13.006 -52.0338
13.006 52.0338
13.007 -52.0394
13.007 52.0394
13.008 -52.045
13.008 52.045
13.009 -52.0506
13.009 52.0506
13.01 -52.0563
13.01 52.0563
13.011 -52.0619
13.011 52.0619
13.012 -52.0675
13.012 52.0675
13.013 -52.0731
13.013 52.0731
13.014 -52.0788
13.014 52.0788
13.015 -52.0844
13.015 52.0844
13.016 -52.09
13.016 52.09
13.017 -52.0957
13.017 52.0957
13.018 -52.1013
13.018 52.1013
13.019 -52.1069
13.019 52.1069
13.02 -52.1125
13.02 52.1125
13.021 -52.1182
13.021 52.1182
13.022 -52.1238
13.022 52.1238
13.023 -52.1294
13.023 52.1294
13.024 -52.1351
13.024 52.1351
13.025 -52.1407
13.025 52.1407
13.026 -52.1463
13.026 52.1463
13.027 -52.1519
13.027 52.1519
13.028 -52.1576
13.028 52.1576
13.029 -52.1632
13.029 52.1632
13.03 -52.1688
13.03 52.1688
13.031 -52.1745
13.031 52.1745
13.032 -52.1801
13.032 52.1801
13.033 -52.1857
13.033 52.1857
13.034 -52.1914
13.034 52.1914
13.035 -52.197
13.035 52.197
13.036 -52.2026
13.036 52.2026
13.037 -52.2083
13.037 52.2083
13.038 -52.2139
13.038 52.2139
13.039 -52.2195
13.039 52.2195
13.04 -52.2252
13.04 52.2252
13.041 -52.2308
13.041 52.2308
13.042 -52.2364
13.042 52.2364
13.043 -52.2421
13.043 52.2421
13.044 -52.2477
13.044 52.2477
13.045 -52.2533
13.045 52.2533
13.046 -52.259
13.046 52.259
13.047 -52.2646
13.047 52.2646
13.048 -52.2702
13.048 52.2702
13.049 -52.2759
13.049 52.2759
13.05 -52.2815
13.05 52.2815
13.051 -52.2871
13.051 52.2871
13.052 -52.2928
13.052 52.2928
13.053 -52.2984
13.053 52.2984
13.054 -52.304
13.054 52.304
13.055 -52.3097
13.055 52.3097
13.056 -52.3153
13.056 52.3153
13.057 -52.3209
13.057 52.3209
13.058 -52.3266
13.058 52.3266
13.059 -52.3322
13.059 52.3322
13.06 -52.3379
13.06 52.3379
13.061 -52.3435
13.061 52.3435
13.062 -52.3491
13.062 52.3491
13.063 -52.3548
13.063 52.3548
13.064 -52.3604
13.064 52.3604
13.065 -52.366
13.065 52.366
13.066 -52.3717
13.066 52.3717
13.067 -52.3773
13.067 52.3773
13.068 -52.383
13.068 52.383
13.069 -52.3886
13.069 52.3886
13.07 -52.3942
13.07 52.3942
13.071 -52.3999
13.071 52.3999
13.072 -52.4055
13.072 52.4055
13.073 -52.4112
13.073 52.4112
13.074 -52.4168
13.074 52.4168
13.075 -52.4224
13.075 52.4224
13.076 -52.4281
13.076 52.4281
13.077 -52.4337
13.077 52.4337
13.078 -52.4394
13.078 52.4394
13.079 -52.445
13.079 52.445
13.08 -52.4506
13.08 52.4506
13.081 -52.4563
13.081 52.4563
13.082 -52.4619
13.082 52.4619
13.083 -52.4676
13.083 52.4676
13.084 -52.4732
13.084 52.4732
13.085 -52.4788
13.085 52.4788
13.086 -52.4845
13.086 52.4845
13.087 -52.4901
13.087 52.4901
13.088 -52.4958
13.088 52.4958
13.089 -52.5014
13.089 52.5014
13.09 -52.5071
13.09 52.5071
13.091 -52.5127
13.091 52.5127
13.092 -52.5183
13.092 52.5183
13.093 -52.524
13.093 52.524
13.094 -52.5296
13.094 52.5296
13.095 -52.5353
13.095 52.5353
13.096 -52.5409
13.096 52.5409
13.097 -52.5466
13.097 52.5466
13.098 -52.5522
13.098 52.5522
13.099 -52.5579
13.099 52.5579
13.1 -52.5635
13.1 52.5635
13.101 -52.5691
13.101 52.5691
13.102 -52.5748
13.102 52.5748
13.103 -52.5804
13.103 52.5804
13.104 -52.5861
13.104 52.5861
13.105 -52.5917
13.105 52.5917
13.106 -52.5974
13.106 52.5974
13.107 -52.603
13.107 52.603
13.108 -52.6087
13.108 52.6087
13.109 -52.6143
13.109 52.6143
13.11 -52.62
13.11 52.62
13.111 -52.6256
13.111 52.6256
13.112 -52.6312
13.112 52.6312
13.113 -52.6369
13.113 52.6369
13.114 -52.6425
13.114 52.6425
13.115 -52.6482
13.115 52.6482
13.116 -52.6538
13.116 52.6538
13.117 -52.6595
13.117 52.6595
13.118 -52.6651
13.118 52.6651
13.119 -52.6708
13.119 52.6708
13.12 -52.6764
13.12 52.6764
13.121 -52.6821
13.121 52.6821
13.122 -52.6877
13.122 52.6877
13.123 -52.6934
13.123 52.6934
13.124 -52.699
13.124 52.699
13.125 -52.7047
13.125 52.7047
13.126 -52.7103
13.126 52.7103
13.127 -52.716
13.127 52.716
13.128 -52.7216
13.128 52.7216
13.129 -52.7273
13.129 52.7273
13.13 -52.7329
13.13 52.7329
13.131 -52.7386
13.131 52.7386
13.132 -52.7442
13.132 52.7442
13.133 -52.7499
13.133 52.7499
13.134 -52.7555
13.134 52.7555
13.135 -52.7612
13.135 52.7612
13.136 -52.7668
13.136 52.7668
13.137 -52.7725
13.137 52.7725
13.138 -52.7781
13.138 52.7781
13.139 -52.7838
13.139 52.7838
13.14 -52.7894
13.14 52.7894
13.141 -52.7951
13.141 52.7951
13.142 -52.8008
13.142 52.8008
13.143 -52.8064
13.143 52.8064
13.144 -52.8121
13.144 52.8121
13.145 -52.8177
13.145 52.8177
13.146 -52.8234
13.146 52.8234
13.147 -52.829
13.147 52.829
13.148 -52.8347
13.148 52.8347
13.149 -52.8403
13.149 52.8403
13.15 -52.846
13.15 52.846
13.151 -52.8516
13.151 52.8516
13.152 -52.8573
13.152 52.8573
13.153 -52.863
13.153 52.863
13.154 -52.8686
13.154 52.8686
13.155 -52.8743
13.155 52.8743
13.156 -52.8799
13.156 52.8799
13.157 -52.8856
13.157 52.8856
13.158 -52.8912
13.158 52.8912
13.159 -52.8969
13.159 52.8969
13.16 -52.9025
13.16 52.9025
13.161 -52.9082
13.161 52.9082
13.162 -52.9139
13.162 52.9139
13.163 -52.9195
13.163 52.9195
13.164 -52.9252
13.164 52.9252
13.165 -52.9308
13.165 52.9308
13.166 -52.9365
13.166 52.9365
13.167 -52.9421
13.167 52.9421
13.168 -52.9478
13.168 52.9478
13.169 -52.9535
13.169 52.9535
13.17 -52.9591
13.17 52.9591
13.171 -52.9648
13.171 52.9648
13.172 -52.9704
13.172 52.9704
13.173 -52.9761
13.173 52.9761
13.174 -52.9818
13.174 52.9818
13.175 -52.9874
13.175 52.9874
13.176 -52.9931
13.176 52.9931
13.177 -52.9987
13.177 52.9987
13.178 -53.0044
13.178 53.0044
13.179 -53.0101
13.179 53.0101
13.18 -53.0157
13.18 53.0157
13.181 -53.0214
13.181 53.0214
13.182 -53.027
13.182 53.027
13.183 -53.0327
13.183 53.0327
13.184 -53.0384
13.184 53.0384
13.185 -53.044
13.185 53.044
13.186 -53.0497
13.186 53.0497
13.187 -53.0554
13.187 53.0554
13.188 -53.061
13.188 53.061
13.189 -53.0667
13.189 53.0667
13.19 -53.0723
13.19 53.0723
13.191 -53.078
13.191 53.078
13.192 -53.0837
13.192 53.0837
13.193 -53.0893
13.193 53.0893
13.194 -53.095
13.194 53.095
13.195 -53.1007
13.195 53.1007
13.196 -53.1063
13.196 53.1063
13.197 -53.112
13.197 53.112
13.198 -53.1176
13.198 53.1176
13.199 -53.1233
13.199 53.1233
13.2 -53.129
13.2 53.129
13.201 -53.1346
13.201 53.1346
13.202 -53.1403
13.202 53.1403
13.203 -53.146
13.203 53.146
13.204 -53.1516
13.204 53.1516
13.205 -53.1573
13.205 53.1573
13.206 -53.163
13.206 53.163
13.207 -53.1686
13.207 53.1686
13.208 -53.1743
13.208 53.1743
13.209 -53.18
13.209 53.18
13.21 -53.1856
13.21 53.1856
13.211 -53.1913
13.211 53.1913
13.212 -53.197
13.212 53.197
13.213 -53.2026
13.213 53.2026
13.214 -53.2083
13.214 53.2083
13.215 -53.214
13.215 53.214
13.216 -53.2196
13.216 53.2196
13.217 -53.2253
13.217 53.2253
13.218 -53.231
13.218 53.231
13.219 -53.2366
13.219 53.2366
13.22 -53.2423
13.22 53.2423
13.221 -53.248
13.221 53.248
13.222 -53.2536
13.222 53.2536
13.223 -53.2593
13.223 53.2593
13.224 -53.265
13.224 53.265
13.225 -53.2707
13.225 53.2707
13.226 -53.2763
13.226 53.2763
13.227 -53.282
13.227 53.282
13.228 -53.2877
13.228 53.2877
13.229 -53.2933
13.229 53.2933
13.23 -53.299
13.23 53.299
13.231 -53.3047
13.231 53.3047
13.232 -53.3103
13.232 53.3103
13.233 -53.316
13.233 53.316
13.234 -53.3217
13.234 53.3217
13.235 -53.3274
13.235 53.3274
13.236 -53.333
13.236 53.333
13.237 -53.3387
13.237 53.3387
13.238 -53.3444
13.238 53.3444
13.239 -53.35
13.239 53.35
13.24 -53.3557
13.24 53.3557
13.241 -53.3614
13.241 53.3614
13.242 -53.3671
13.242 53.3671
13.243 -53.3727
13.243 53.3727
13.244 -53.3784
13.244 53.3784
13.245 -53.3841
13.245 53.3841
13.246 -53.3898
13.246 53.3898
13.247 -53.3954
13.247 53.3954
13.248 -53.4011
13.248 53.4011
13.249 -53.4068
13.249 53.4068
13.25 -53.4125
13.25 53.4125
13.251 -53.4181
13.251 53.4181
13.252 -53.4238
13.252 53.4238
13.253 -53.4295
13.253 53.4295
13.254 -53.4352
13.254 53.4352
13.255 -53.4408
13.255 53.4408
13.256 -53.4465
13.256 53.4465
13.257 -53.4522
13.257 53.4522
13.258 -53.4579
13.258 53.4579
13.259 -53.4635
13.259 53.4635
13.26 -53.4692
13.26 53.4692
13.261 -53.4749
13.261 53.4749
13.262 -53.4806
13.262 53.4806
13.263 -53.4862
13.263 53.4862
13.264 -53.4919
13.264 53.4919
13.265 -53.4976
13.265 53.4976
13.266 -53.5033
13.266 53.5033
13.267 -53.509
13.267 53.509
13.268 -53.5146
13.268 53.5146
13.269 -53.5203
13.269 53.5203
13.27 -53.526
13.27 53.526
13.271 -53.5317
13.271 53.5317
13.272 -53.5373
13.272 53.5373
13.273 -53.543
13.273 53.543
13.274 -53.5487
13.274 53.5487
13.275 -53.5544
13.275 53.5544
13.276 -53.5601
13.276 53.5601
13.277 -53.5657
13.277 53.5657
13.278 -53.5714
13.278 53.5714
13.279 -53.5771
13.279 53.5771
13.28 -53.5828
13.28 53.5828
13.281 -53.5885
13.281 53.5885
13.282 -53.5941
13.282 53.5941
13.283 -53.5998
13.283 53.5998
13.284 -53.6055
13.284 53.6055
13.285 -53.6112
13.285 53.6112
13.286 -53.6169
13.286 53.6169
13.287 -53.6226
13.287 53.6226
13.288 -53.6282
13.288 53.6282
13.289 -53.6339
13.289 53.6339
13.29 -53.6396
13.29 53.6396
13.291 -53.6453
13.291 53.6453
13.292 -53.651
13.292 53.651
13.293 -53.6566
13.293 53.6566
13.294 -53.6623
13.294 53.6623
13.295 -53.668
13.295 53.668
13.296 -53.6737
13.296 53.6737
13.297 -53.6794
13.297 53.6794
13.298 -53.6851
13.298 53.6851
13.299 -53.6907
13.299 53.6907
13.3 -53.6964
13.3 53.6964
13.301 -53.7021
13.301 53.7021
13.302 -53.7078
13.302 53.7078
13.303 -53.7135
13.303 53.7135
13.304 -53.7192
13.304 53.7192
13.305 -53.7249
13.305 53.7249
13.306 -53.7305
13.306 53.7305
13.307 -53.7362
13.307 53.7362
13.308 -53.7419
13.308 53.7419
13.309 -53.7476
13.309 53.7476
13.31 -53.7533
13.31 53.7533
13.311 -53.759
13.311 53.759
13.312 -53.7647
13.312 53.7647
13.313 -53.7703
13.313 53.7703
13.314 -53.776
13.314 53.776
13.315 -53.7817
13.315 53.7817
13.316 -53.7874
13.316 53.7874
13.317 -53.7931
13.317 53.7931
13.318 -53.7988
13.318 53.7988
13.319 -53.8045
13.319 53.8045
13.32 -53.8102
13.32 53.8102
13.321 -53.8159
13.321 53.8159
13.322 -53.8215
13.322 53.8215
13.323 -53.8272
13.323 53.8272
13.324 -53.8329
13.324 53.8329
13.325 -53.8386
13.325 53.8386
13.326 -53.8443
13.326 53.8443
13.327 -53.85
13.327 53.85
13.328 -53.8557
13.328 53.8557
13.329 -53.8614
13.329 53.8614
13.33 -53.8671
13.33 53.8671
13.331 -53.8727
13.331 53.8727
13.332 -53.8784
13.332 53.8784
13.333 -53.8841
13.333 53.8841
13.334 -53.8898
13.334 53.8898
13.335 -53.8955
13.335 53.8955
13.336 -53.9012
13.336 53.9012
13.337 -53.9069
13.337 53.9069
13.338 -53.9126
13.338 53.9126
13.339 -53.9183
13.339 53.9183
13.34 -53.924
13.34 53.924
13.341 -53.9297
13.341 53.9297
13.342 -53.9354
13.342 53.9354
13.343 -53.941
13.343 53.941
13.344 -53.9467
13.344 53.9467
13.345 -53.9524
13.345 53.9524
13.346 -53.9581
13.346 53.9581
13.347 -53.9638
13.347 53.9638
13.348 -53.9695
13.348 53.9695
13.349 -53.9752
13.349 53.9752
13.35 -53.9809
13.35 53.9809
13.351 -53.9866
13.351 53.9866
13.352 -53.9923
13.352 53.9923
13.353 -53.998
13.353 53.998
13.354 -54.0037
13.354 54.0037
13.355 -54.0094
13.355 54.0094
13.356 -54.0151
13.356 54.0151
13.357 -54.0208
13.357 54.0208
13.358 -54.0265
13.358 54.0265
13.359 -54.0322
13.359 54.0322
13.36 -54.0379
13.36 54.0379
13.361 -54.0436
13.361 54.0436
13.362 -54.0492
13.362 54.0492
13.363 -54.0549
13.363 54.0549
13.364 -54.0606
13.364 54.0606
13.365 -54.0663
13.365 54.0663
13.366 -54.072
13.366 54.072
13.367 -54.0777
13.367 54.0777
13.368 -54.0834
13.368 54.0834
13.369 -54.0891
13.369 54.0891
13.37 -54.0948
13.37 54.0948
13.371 -54.1005
13.371 54.1005
13.372 -54.1062
13.372 54.1062
13.373 -54.1119
13.373 54.1119
13.374 -54.1176
13.374 54.1176
13.375 -54.1233
13.375 54.1233
13.376 -54.129
13.376 54.129
13.377 -54.1347
13.377 54.1347
13.378 -54.1404
13.378 54.1404
13.379 -54.1461
13.379 54.1461
13.38 -54.1518
13.38 54.1518
13.381 -54.1575
13.381 54.1575
13.382 -54.1632
13.382 54.1632
13.383 -54.1689
13.383 54.1689
13.384 -54.1746
13.384 54.1746
13.385 -54.1803
13.385 54.1803
13.386 -54.186
13.386 54.186
13.387 -54.1917
13.387 54.1917
13.388 -54.1974
13.388 54.1974
13.389 -54.2031
13.389 54.2031
13.39 -54.2088
13.39 54.2088
13.391 -54.2145
13.391 54.2145
13.392 -54.2202
13.392 54.2202
13.393 -54.2259
13.393 54.2259
13.394 -54.2316
13.394 54.2316
13.395 -54.2373
13.395 54.2373
13.396 -54.243
13.396 54.243
13.397 -54.2488
13.397 54.2488
13.398 -54.2545
13.398 54.2545
13.399 -54.2602
13.399 54.2602
13.4 -54.2659
13.4 54.2659
13.401 -54.2716
13.401 54.2716
13.402 -54.2773
13.402 54.2773
13.403 -54.283
13.403 54.283
13.404 -54.2887
13.404 54.2887
13.405 -54.2944
13.405 54.2944
13.406 -54.3001
13.406 54.3001
13.407 -54.3058
13.407 54.3058
13.408 -54.3115
13.408 54.3115
13.409 -54.3172
13.409 54.3172
13.41 -54.3229
13.41 54.3229
13.411 -54.3286
13.411 54.3286
13.412 -54.3343
13.412 54.3343
13.413 -54.34
13.413 54.34
13.414 -54.3457
13.414 54.3457
13.415 -54.3514
13.415 54.3514
13.416 -54.3572
13.416 54.3572
13.417 -54.3629
13.417 54.3629
13.418 -54.3686
13.418 54.3686
13.419 -54.3743
13.419 54.3743
13.42 -54.38
13.42 54.38
13.421 -54.3857
13.421 54.3857
13.422 -54.3914
13.422 54.3914
13.423 -54.3971
13.423 54.3971
13.424 -54.4028
13.424 54.4028
13.425 -54.4085
13.425 54.4085
13.426 -54.4142
13.426 54.4142
13.427 -54.4199
13.427 54.4199
13.428 -54.4257
13.428 54.4257
13.429 -54.4314
13.429 54.4314
13.43 -54.4371
13.43 54.4371
13.431 -54.4428
13.431 54.4428
13.432 -54.4485
13.432 54.4485
13.433 -54.4542
13.433 54.4542
13.434 -54.4599
13.434 54.4599
13.435 -54.4656
13.435 54.4656
13.436 -54.4713
13.436 54.4713
13.437 -54.4771
13.437 54.4771
13.438 -54.4828
13.438 54.4828
13.439 -54.4885
13.439 54.4885
13.44 -54.4942
13.44 54.4942
13.441 -54.4999
13.441 54.4999
13.442 -54.5056
13.442 54.5056
13.443 -54.5113
13.443 54.5113
13.444 -54.517
13.444 54.517
13.445 -54.5227
13.445 54.5227
13.446 -54.5285
13.446 54.5285
13.447 -54.5342
13.447 54.5342
13.448 -54.5399
13.448 54.5399
13.449 -54.5456
13.449 54.5456
13.45 -54.5513
13.45 54.5513
13.451 -54.557
13.451 54.557
13.452 -54.5627
13.452 54.5627
13.453 -54.5685
13.453 54.5685
13.454 -54.5742
13.454 54.5742
13.455 -54.5799
13.455 54.5799
13.456 -54.5856
13.456 54.5856
13.457 -54.5913
13.457 54.5913
13.458 -54.597
13.458 54.597
13.459 -54.6027
13.459 54.6027
13.46 -54.6085
13.46 54.6085
13.461 -54.6142
13.461 54.6142
13.462 -54.6199
13.462 54.6199
13.463 -54.6256
13.463 54.6256
13.464 -54.6313
13.464 54.6313
13.465 -54.637
13.465 54.637
13.466 -54.6428
13.466 54.6428
13.467 -54.6485
13.467 54.6485
13.468 -54.6542
13.468 54.6542
13.469 -54.6599
13.469 54.6599
13.47 -54.6656
13.47 54.6656
13.471 -54.6714
13.471 54.6714
13.472 -54.6771
13.472 54.6771
13.473 -54.6828
13.473 54.6828
13.474 -54.6885
13.474 54.6885
13.475 -54.6942
13.475 54.6942
13.476 -54.6999
13.476 54.6999
13.477 -54.7057
13.477 54.7057
13.478 -54.7114
13.478 54.7114
13.479 -54.7171
13.479 54.7171
13.48 -54.7228
13.48 54.7228
13.481 -54.7285
13.481 54.7285
13.482 -54.7343
13.482 54.7343
13.483 -54.74
13.483 54.74
13.484 -54.7457
13.484 54.7457
13.485 -54.7514
13.485 54.7514
13.486 -54.7571
13.486 54.7571
13.487 -54.7629
13.487 54.7629
13.488 -54.7686
13.488 54.7686
13.489 -54.7743
13.489 54.7743
13.49 -54.78
13.49 54.78
13.491 -54.7858
13.491 54.7858
13.492 -54.7915
13.492 54.7915
13.493 -54.7972
13.493 54.7972
13.494 -54.8029
13.494 54.8029
13.495 -54.8086
13.495 54.8086
13.496 -54.8144
13.496 54.8144
13.497 -54.8201
13.497 54.8201
13.498 -54.8258
13.498 54.8258
13.499 -54.8315
13.499 54.8315
13.5 -54.8373
13.5 54.8373
13.501 -54.843
13.501 54.843
13.502 -54.8487
13.502 54.8487
13.503 -54.8544
13.503 54.8544
13.504 -54.8602
13.504 54.8602
13.505 -54.8659
13.505 54.8659
13.506 -54.8716
13.506 54.8716
13.507 -54.8773
13.507 54.8773
13.508 -54.8831
13.508 54.8831
13.509 -54.8888
13.509 54.8888
13.51 -54.8945
13.51 54.8945
13.511 -54.9002
13.511 54.9002
13.512 -54.906
13.512 54.906
13.513 -54.9117
13.513 54.9117
13.514 -54.9174
13.514 54.9174
13.515 -54.9231
13.515 54.9231
13.516 -54.9289
13.516 54.9289
13.517 -54.9346
13.517 54.9346
13.518 -54.9403
13.518 54.9403
13.519 -54.946
13.519 54.946
13.52 -54.9518
13.52 54.9518
13.521 -54.9575
13.521 54.9575
13.522 -54.9632
13.522 54.9632
13.523 -54.969
13.523 54.969
13.524 -54.9747
13.524 54.9747
13.525 -54.9804
13.525 54.9804
13.526 -54.9861
13.526 54.9861
13.527 -54.9919
13.527 54.9919
13.528 -54.9976
13.528 54.9976
13.529 -55.0033
13.529 55.0033
13.53 -55.0091
13.53 55.0091
13.531 -55.0148
13.531 55.0148
13.532 -55.0205
13.532 55.0205
13.533 -55.0262
13.533 55.0262
13.534 -55.032
13.534 55.032
13.535 -55.0377
13.535 55.0377
13.536 -55.0434
13.536 55.0434
13.537 -55.0492
13.537 55.0492
13.538 -55.0549
13.538 55.0549
13.539 -55.0606
13.539 55.0606
13.54 -55.0664
13.54 55.0664
13.541 -55.0721
13.541 55.0721
13.542 -55.0778
13.542 55.0778
13.543 -55.0836
13.543 55.0836
13.544 -55.0893
13.544 55.0893
13.545 -55.095
13.545 55.095
13.546 -55.1008
13.546 55.1008
13.547 -55.1065
13.547 55.1065
13.548 -55.1122
13.548 55.1122
13.549 -55.118
13.549 55.118
13.55 -55.1237
13.55 55.1237
13.551 -55.1294
13.551 55.1294
13.552 -55.1352
13.552 55.1352
13.553 -55.1409
13.553 55.1409
13.554 -55.1466
13.554 55.1466
13.555 -55.1524
13.555 55.1524
13.556 -55.1581
13.556 55.1581
13.557 -55.1638
13.557 55.1638
13.558 -55.1696
13.558 55.1696
13.559 -55.1753
13.559 55.1753
13.56 -55.181
13.56 55.181
13.561 -55.1868
13.561 55.1868
13.562 -55.1925
13.562 55.1925
13.563 -55.1982
13.563 55.1982
13.564 -55.204
13.564 55.204
13.565 -55.2097
13.565 55.2097
13.566 -55.2155
13.566 55.2155
13.567 -55.2212
13.567 55.2212
13.568 -55.2269
13.568 55.2269
13.569 -55.2327
13.569 55.2327
13.57 -55.2384
13.57 55.2384
13.571 -55.2441
13.571 55.2441
13.572 -55.2499
13.572 55.2499
13.573 -55.2556
13.573 55.2556
13.574 -55.2614
13.574 55.2614
13.575 -55.2671
13.575 55.2671
13.576 -55.2728
13.576 55.2728
13.577 -55.2786
13.577 55.2786
13.578 -55.2843
13.578 55.2843
13.579 -55.29
13.579 55.29
13.58 -55.2958
13.58 55.2958
13.581 -55.3015
13.581 55.3015
13.582 -55.3073
13.582 55.3073
13.583 -55.313
13.583 55.313
13.584 -55.3187
13.584 55.3187
13.585 -55.3245
13.585 55.3245
13.586 -55.3302
13.586 55.3302
13.587 -55.336
13.587 55.336
13.588 -55.3417
13.588 55.3417
13.589 -55.3474
13.589 55.3474
13.59 -55.3532
13.59 55.3532
13.591 -55.3589
13.591 55.3589
13.592 -55.3647
13.592 55.3647
13.593 -55.3704
13.593 55.3704
13.594 -55.3762
13.594 55.3762
13.595 -55.3819
13.595 55.3819
13.596 -55.3876
13.596 55.3876
13.597 -55.3934
13.597 55.3934
13.598 -55.3991
13.598 55.3991
13.599 -55.4049
13.599 55.4049
13.6 -55.4106
13.6 55.4106
13.601 -55.4164
13.601 55.4164
13.602 -55.4221
13.602 55.4221
13.603 -55.4278
13.603 55.4278
13.604 -55.4336
13.604 55.4336
13.605 -55.4393
13.605 55.4393
13.606 -55.4451
13.606 55.4451
13.607 -55.4508
13.607 55.4508
13.608 -55.4566
13.608 55.4566
13.609 -55.4623
13.609 55.4623
13.61 -55.4681
13.61 55.4681
13.611 -55.4738
13.611 55.4738
13.612 -55.4795
13.612 55.4795
13.613 -55.4853
13.613 55.4853
13.614 -55.491
13.614 55.491
13.615 -55.4968
13.615 55.4968
13.616 -55.5025
13.616 55.5025
13.617 -55.5083
13.617 55.5083
13.618 -55.514
13.618 55.514
13.619 -55.5198
13.619 55.5198
13.62 -55.5255
13.62 55.5255
13.621 -55.5313
13.621 55.5313
13.622 -55.537
13.622 55.537
13.623 -55.5428
13.623 55.5428
13.624 -55.5485
13.624 55.5485
13.625 -55.5543
13.625 55.5543
13.626 -55.56
13.626 55.56
13.627 -55.5658
13.627 55.5658
13.628 -55.5715
13.628 55.5715
13.629 -55.5773
13.629 55.5773
13.63 -55.583
13.63 55.583
13.631 -55.5887
13.631 55.5887
13.632 -55.5945
13.632 55.5945
13.633 -55.6002
13.633 55.6002
13.634 -55.606
13.634 55.606
13.635 -55.6117
13.635 55.6117
13.636 -55.6175
13.636 55.6175
13.637 -55.6232
13.637 55.6232
13.638 -55.629
13.638 55.629
13.639 -55.6347
13.639 55.6347
13.64 -55.6405
13.64 55.6405
13.641 -55.6463
13.641 55.6463
13.642 -55.652
13.642 55.652
13.643 -55.6578
13.643 55.6578
13.644 -55.6635
13.644 55.6635
13.645 -55.6693
13.645 55.6693
13.646 -55.675
13.646 55.675
13.647 -55.6808
13.647 55.6808
13.648 -55.6865
13.648 55.6865
13.649 -55.6923
13.649 55.6923
13.65 -55.698
13.65 55.698
13.651 -55.7038
13.651 55.7038
13.652 -55.7095
13.652 55.7095
13.653 -55.7153
13.653 55.7153
13.654 -55.721
13.654 55.721
13.655 -55.7268
13.655 55.7268
13.656 -55.7325
13.656 55.7325
13.657 -55.7383
13.657 55.7383
13.658 -55.7441
13.658 55.7441
13.659 -55.7498
13.659 55.7498
13.66 -55.7556
13.66 55.7556
13.661 -55.7613
13.661 55.7613
13.662 -55.7671
13.662 55.7671
13.663 -55.7728
13.663 55.7728
13.664 -55.7786
13.664 55.7786
13.665 -55.7843
13.665 55.7843
13.666 -55.7901
13.666 55.7901
13.667 -55.7959
13.667 55.7959
13.668 -55.8016
13.668 55.8016
13.669 -55.8074
13.669 55.8074
13.67 -55.8131
13.67 55.8131
13.671 -55.8189
13.671 55.8189
13.672 -55.8246
13.672 55.8246
13.673 -55.8304
13.673 55.8304
13.674 -55.8362
13.674 55.8362
13.675 -55.8419
13.675 55.8419
13.676 -55.8477
13.676 55.8477
13.677 -55.8534
13.677 55.8534
13.678 -55.8592
13.678 55.8592
13.679 -55.8649
13.679 55.8649
13.68 -55.8707
13.68 55.8707
13.681 -55.8765
13.681 55.8765
13.682 -55.8822
13.682 55.8822
13.683 -55.888
13.683 55.888
13.684 -55.8937
13.684 55.8937
13.685 -55.8995
13.685 55.8995
13.686 -55.9053
13.686 55.9053
13.687 -55.911
13.687 55.911
13.688 -55.9168
13.688 55.9168
13.689 -55.9225
13.689 55.9225
13.69 -55.9283
13.69 55.9283
13.691 -55.9341
13.691 55.9341
13.692 -55.9398
13.692 55.9398
13.693 -55.9456
13.693 55.9456
13.694 -55.9513
13.694 55.9513
13.695 -55.9571
13.695 55.9571
13.696 -55.9629
13.696 55.9629
13.697 -55.9686
13.697 55.9686
13.698 -55.9744
13.698 55.9744
13.699 -55.9802
13.699 55.9802
13.7 -55.9859
13.7 55.9859
13.701 -55.9917
13.701 55.9917
13.702 -55.9974
13.702 55.9974
13.703 -56.0032
13.703 56.0032
13.704 -56.009
13.704 56.009
13.705 -56.0147
13.705 56.0147
13.706 -56.0205
13.706 56.0205
13.707 -56.0263
13.707 56.0263
13.708 -56.032
13.708 56.032
13.709 -56.0378
13.709 56.0378
13.71 -56.0436
13.71 56.0436
13.711 -56.0493
13.711 56.0493
13.712 -56.0551
13.712 56.0551
13.713 -56.0609
13.713 56.0609
13.714 -56.0666
13.714 56.0666
13.715 -56.0724
13.715 56.0724
13.716 -56.0781
13.716 56.0781
13.717 -56.0839
13.717 56.0839
13.718 -56.0897
13.718 56.0897
13.719 -56.0954
13.719 56.0954
13.72 -56.1012
13.72 56.1012
13.721 -56.107
13.721 56.107
13.722 -56.1127
13.722 56.1127
13.723 -56.1185
13.723 56.1185
13.724 -56.1243
13.724 56.1243
13.725 -56.13
13.725 56.13
13.726 -56.1358
13.726 56.1358
13.727 -56.1416
13.727 56.1416
13.728 -56.1474
13.728 56.1474
13.729 -56.1531
13.729 56.1531
13.73 -56.1589
13.73 56.1589
13.731 -56.1647
13.731 56.1647
13.732 -56.1704
13.732 56.1704
13.733 -56.1762
13.733 56.1762
13.734 -56.182
13.734 56.182
13.735 -56.1877
13.735 56.1877
13.736 -56.1935
13.736 56.1935
13.737 -56.1993
13.737 56.1993
13.738 -56.205
13.738 56.205
13.739 -56.2108
13.739 56.2108
13.74 -56.2166
13.74 56.2166
13.741 -56.2224
13.741 56.2224
13.742 -56.2281
13.742 56.2281
13.743 -56.2339
13.743 56.2339
13.744 -56.2397
13.744 56.2397
13.745 -56.2454
13.745 56.2454
13.746 -56.2512
13.746 56.2512
13.747 -56.257
13.747 56.257
13.748 -56.2628
13.748 56.2628
13.749 -56.2685
13.749 56.2685
13.75 -56.2743
13.75 56.2743
13.751 -56.2801
13.751 56.2801
13.752 -56.2858
13.752 56.2858
13.753 -56.2916
13.753 56.2916
13.754 -56.2974
13.754 56.2974
13.755 -56.3032
13.755 56.3032
13.756 -56.3089
13.756 56.3089
13.757 -56.3147
13.757 56.3147
13.758 -56.3205
13.758 56.3205
13.759 -56.3263
13.759 56.3263
13.76 -56.332
13.76 56.332
13.761 -56.3378
13.761 56.3378
13.762 -56.3436
13.762 56.3436
13.763 -56.3494
13.763 56.3494
13.764 -56.3551
13.764 56.3551
13.765 -56.3609
13.765 56.3609
13.766 -56.3667
13.766 56.3667
13.767 -56.3725
13.767 56.3725
13.768 -56.3782
13.768 56.3782
13.769 -56.384
13.769 56.384
13.77 -56.3898
13.77 56.3898
13.771 -56.3956
13.771 56.3956
13.772 -56.4013
13.772 56.4013
13.773 -56.4071
13.773 56.4071
13.774 -56.4129
13.774 56.4129
13.775 -56.4187
13.775 56.4187
13.776 -56.4245
13.776 56.4245
13.777 -56.4302
13.777 56.4302
13.778 -56.436
13.778 56.436
13.779 -56.4418
13.779 56.4418
13.78 -56.4476
13.78 56.4476
13.781 -56.4533
13.781 56.4533
13.782 -56.4591
13.782 56.4591
13.783 -56.4649
13.783 56.4649
13.784 -56.4707
13.784 56.4707
13.785 -56.4765
13.785 56.4765
13.786 -56.4822
13.786 56.4822
13.787 -56.488
13.787 56.488
13.788 -56.4938
13.788 56.4938
13.789 -56.4996
13.789 56.4996
13.79 -56.5054
13.79 56.5054
13.791 -56.5111
13.791 56.5111
13.792 -56.5169
13.792 56.5169
13.793 -56.5227
13.793 56.5227
13.794 -56.5285
13.794 56.5285
13.795 -56.5343
13.795 56.5343
13.796 -56.54
13.796 56.54
13.797 -56.5458
13.797 56.5458
13.798 -56.5516
13.798 56.5516
13.799 -56.5574
13.799 56.5574
13.8 -56.5632
13.8 56.5632
13.801 -56.569
13.801 56.569
13.802 -56.5747
13.802 56.5747
13.803 -56.5805
13.803 56.5805
13.804 -56.5863
13.804 56.5863
13.805 -56.5921
13.805 56.5921
13.806 -56.5979
13.806 56.5979
13.807 -56.6036
13.807 56.6036
13.808 -56.6094
13.808 56.6094
13.809 -56.6152
13.809 56.6152
13.81 -56.621
13.81 56.621
13.811 -56.6268
13.811 56.6268
13.812 -56.6326
13.812 56.6326
13.813 -56.6384
13.813 56.6384
13.814 -56.6441
13.814 56.6441
13.815 -56.6499
13.815 56.6499
13.816 -56.6557
13.816 56.6557
13.817 -56.6615
13.817 56.6615
13.818 -56.6673
13.818 56.6673
13.819 -56.6731
13.819 56.6731
13.82 -56.6789
13.82 56.6789
13.821 -56.6846
13.821 56.6846
13.822 -56.6904
13.822 56.6904
13.823 -56.6962
13.823 56.6962
13.824 -56.702
13.824 56.702
13.825 -56.7078
13.825 56.7078
13.826 -56.7136
13.826 56.7136
13.827 -56.7194
13.827 56.7194
13.828 -56.7251
13.828 56.7251
13.829 -56.7309
13.829 56.7309
13.83 -56.7367
13.83 56.7367
13.831 -56.7425
13.831 56.7425
13.832 -56.7483
13.832 56.7483
13.833 -56.7541
13.833 56.7541
13.834 -56.7599
13.834 56.7599
13.835 -56.7657
13.835 56.7657
13.836 -56.7715
13.836 56.7715
13.837 -56.7772
13.837 56.7772
13.838 -56.783
13.838 56.783
13.839 -56.7888
13.839 56.7888
13.84 -56.7946
13.84 56.7946
13.841 -56.8004
13.841 56.8004
13.842 -56.8062
13.842 56.8062
13.843 -56.812
13.843 56.812
13.844 -56.8178
13.844 56.8178
13.845 -56.8236
13.845 56.8236
13.846 -56.8294
13.846 56.8294
13.847 -56.8351
13.847 56.8351
13.848 -56.8409
13.848 56.8409
13.849 -56.8467
13.849 56.8467
13.85 -56.8525
13.85 56.8525
13.851 -56.8583
13.851 56.8583
13.852 -56.8641
13.852 56.8641
13.853 -56.8699
13.853 56.8699
13.854 -56.8757
13.854 56.8757
13.855 -56.8815
13.855 56.8815
13.856 -56.8873
13.856 56.8873
13.857 -56.8931
13.857 56.8931
13.858 -56.8989
13.858 56.8989
13.859 -56.9047
13.859 56.9047
13.86 -56.9104
13.86 56.9104
13.861 -56.9162
13.861 56.9162
13.862 -56.922
13.862 56.922
13.863 -56.9278
13.863 56.9278
13.864 -56.9336
13.864 56.9336
13.865 -56.9394
13.865 56.9394
13.866 -56.9452
13.866 56.9452
13.867 -56.951
13.867 56.951
13.868 -56.9568
13.868 56.9568
13.869 -56.9626
13.869 56.9626
13.87 -56.9684
13.87 56.9684
13.871 -56.9742
13.871 56.9742
13.872 -56.98
13.872 56.98
13.873 -56.9858
13.873 56.9858
13.874 -56.9916
13.874 56.9916
13.875 -56.9974
13.875 56.9974
13.876 -57.0032
13.876 57.0032
13.877 -57.009
13.877 57.009
13.878 -57.0148
13.878 57.0148
13.879 -57.0206
13.879 57.0206
13.88 -57.0264
13.88 57.0264
13.881 -57.0322
13.881 57.0322
13.882 -57.038
13.882 57.038
13.883 -57.0438
13.883 57.0438
13.884 -57.0496
13.884 57.0496
13.885 -57.0554
13.885 57.0554
13.886 -57.0612
13.886 57.0612
13.887 -57.067
13.887 57.067
13.888 -57.0728
13.888 57.0728
13.889 -57.0786
13.889 57.0786
13.89 -57.0844
13.89 57.0844
13.891 -57.0902
13.891 57.0902
13.892 -57.096
13.892 57.096
13.893 -57.1018
13.893 57.1018
13.894 -57.1076
13.894 57.1076
13.895 -57.1134
13.895 57.1134
13.896 -57.1192
13.896 57.1192
13.897 -57.125
13.897 57.125
13.898 -57.1308
13.898 57.1308
13.899 -57.1366
13.899 57.1366
13.9 -57.1424
13.9 57.1424
13.901 -57.1482
13.901 57.1482
13.902 -57.154
13.902 57.154
13.903 -57.1598
13.903 57.1598
13.904 -57.1656
13.904 57.1656
13.905 -57.1714
13.905 57.1714
13.906 -57.1772
13.906 57.1772
13.907 -57.183
13.907 57.183
13.908 -57.1888
13.908 57.1888
13.909 -57.1946
13.909 57.1946
13.91 -57.2004
13.91 57.2004
13.911 -57.2062
13.911 57.2062
13.912 -57.212
13.912 57.212
13.913 -57.2178
13.913 57.2178
13.914 -57.2236
13.914 57.2236
13.915 -57.2294
13.915 57.2294
13.916 -57.2352
13.916 57.2352
13.917 -57.241
13.917 57.241
13.918 -57.2468
13.918 57.2468
13.919 -57.2526
13.919 57.2526
13.92 -57.2584
13.92 57.2584
13.921 -57.2642
13.921 57.2642
13.922 -57.27
13.922 57.27
13.923 -57.2758
13.923 57.2758
13.924 -57.2817
13.924 57.2817
13.925 -57.2875
13.925 57.2875
13.926 -57.2933
13.926 57.2933
13.927 -57.2991
13.927 57.2991
13.928 -57.3049
13.928 57.3049
13.929 -57.3107
13.929 57.3107
13.93 -57.3165
13.93 57.3165
13.931 -57.3223
13.931 57.3223
13.932 -57.3281
13.932 57.3281
13.933 -57.3339
13.933 57.3339
13.934 -57.3397
13.934 57.3397
13.935 -57.3455
13.935 57.3455
13.936 -57.3513
13.936 57.3513
13.937 -57.3571
13.937 57.3571
13.938 -57.363
13.938 57.363
13.939 -57.3688
13.939 57.3688
13.94 -57.3746
13.94 57.3746
13.941 -57.3804
13.941 57.3804
13.942 -57.3862
13.942 57.3862
13.943 -57.392
13.943 57.392
13.944 -57.3978
13.944 57.3978
13.945 -57.4036
13.945 57.4036
13.946 -57.4094
13.946 57.4094
13.947 -57.4152
13.947 57.4152
13.948 -57.4211
13.948 57.4211
13.949 -57.4269
13.949 57.4269
13.95 -57.4327
13.95 57.4327
13.951 -57.4385
13.951 57.4385
13.952 -57.4443
13.952 57.4443
13.953 -57.4501
13.953 57.4501
13.954 -57.4559
13.954 57.4559
13.955 -57.4617
13.955 57.4617
13.956 -57.4675
13.956 57.4675
13.957 -57.4734
13.957 57.4734
13.958 -57.4792
13.958 57.4792
13.959 -57.485
13.959 57.485
13.96 -57.4908
13.96 57.4908
13.961 -57.4966
13.961 57.4966
13.962 -57.5024
13.962 57.5024
13.963 -57.5082
13.963 57.5082
13.964 -57.5141
13.964 57.5141
13.965 -57.5199
13.965 57.5199
13.966 -57.5257
13.966 57.5257
13.967 -57.5315
13.967 57.5315
13.968 -57.5373
13.968 57.5373
13.969 -57.5431
13.969 57.5431
13.97 -57.5489
13.97 57.5489
13.971 -57.5548
13.971 57.5548
13.972 -57.5606
13.972 57.5606
13.973 -57.5664
13.973 57.5664
13.974 -57.5722
13.974 57.5722
13.975 -57.578
13.975 57.578
13.976 -57.5838
13.976 57.5838
13.977 -57.5897
13.977 57.5897
13.978 -57.5955
13.978 57.5955
13.979 -57.6013
13.979 57.6013
13.98 -57.6071
13.98 57.6071
13.981 -57.6129
13.981 57.6129
13.982 -57.6187
13.982 57.6187
13.983 -57.6246
13.983 57.6246
13.984 -57.6304
13.984 57.6304
13.985 -57.6362
13.985 57.6362
13.986 -57.642
13.986 57.642
13.987 -57.6478
13.987 57.6478
13.988 -57.6536
13.988 57.6536
13.989 -57.6595
13.989 57.6595
13.99 -57.6653
13.99 57.6653
13.991 -57.6711
13.991 57.6711
13.992 -57.6769
13.992 57.6769
13.993 -57.6827
13.993 57.6827
13.994 -57.6886
13.994 57.6886
13.995 -57.6944
13.995 57.6944
13.996 -57.7002
13.996 57.7002
13.997 -57.706
13.997 57.706
13.998 -57.7118
13.998 57.7118
13.999 -57.7177
13.999 57.7177
14 -57.7235
14 57.7235
14.001 -57.7293
14.001 57.7293
14.002 -57.7351
14.002 57.7351
14.003 -57.7409
14.003 57.7409
14.004 -57.7468
14.004 57.7468
14.005 -57.7526
14.005 57.7526
14.006 -57.7584
14.006 57.7584
14.007 -57.7642
14.007 57.7642
14.008 -57.7701
14.008 57.7701
14.009 -57.7759
14.009 57.7759
14.01 -57.7817
14.01 57.7817
14.011 -57.7875
14.011 57.7875
14.012 -57.7933
14.012 57.7933
14.013 -57.7992
14.013 57.7992
14.014 -57.805
14.014 57.805
14.015 -57.8108
14.015 57.8108
14.016 -57.8166
14.016 57.8166
14.017 -57.8225
14.017 57.8225
14.018 -57.8283
14.018 57.8283
14.019 -57.8341
14.019 57.8341
14.02 -57.8399
14.02 57.8399
14.021 -57.8458
14.021 57.8458
14.022 -57.8516
14.022 57.8516
14.023 -57.8574
14.023 57.8574
14.024 -57.8632
14.024 57.8632
14.025 -57.8691
14.025 57.8691
14.026 -57.8749
14.026 57.8749
14.027 -57.8807
14.027 57.8807
14.028 -57.8865
14.028 57.8865
14.029 -57.8924
14.029 57.8924
14.03 -57.8982
14.03 57.8982
14.031 -57.904
14.031 57.904
14.032 -57.9098
14.032 57.9098
14.033 -57.9157
14.033 57.9157
14.034 -57.9215
14.034 57.9215
14.035 -57.9273
14.035 57.9273
14.036 -57.9332
14.036 57.9332
14.037 -57.939
14.037 57.939
14.038 -57.9448
14.038 57.9448
14.039 -57.9506
14.039 57.9506
14.04 -57.9565
14.04 57.9565
14.041 -57.9623
14.041 57.9623
14.042 -57.9681
14.042 57.9681
14.043 -57.974
14.043 57.974
14.044 -57.9798
14.044 57.9798
14.045 -57.9856
14.045 57.9856
14.046 -57.9914
14.046 57.9914
14.047 -57.9973
14.047 57.9973
14.048 -58.0031
14.048 58.0031
14.049 -58.0089
14.049 58.0089
14.05 -58.0148
14.05 58.0148
14.051 -58.0206
14.051 58.0206
14.052 -58.0264
14.052 58.0264
14.053 -58.0323
14.053 58.0323
14.054 -58.0381
14.054 58.0381
14.055 -58.0439
14.055 58.0439
14.056 -58.0497
14.056 58.0497
14.057 -58.0556
14.057 58.0556
14.058 -58.0614
14.058 58.0614
14.059 -58.0672
14.059 58.0672
14.06 -58.0731
14.06 58.0731
14.061 -58.0789
14.061 58.0789
14.062 -58.0847
14.062 58.0847
14.063 -58.0906
14.063 58.0906
14.064 -58.0964
14.064 58.0964
14.065 -58.1022
14.065 58.1022
14.066 -58.1081
14.066 58.1081
14.067 -58.1139
14.067 58.1139
14.068 -58.1197
14.068 58.1197
14.069 -58.1256
14.069 58.1256
14.07 -58.1314
14.07 58.1314
14.071 -58.1372
14.071 58.1372
14.072 -58.1431
14.072 58.1431
14.073 -58.1489
14.073 58.1489
14.074 -58.1547
14.074 58.1547
14.075 -58.1606
14.075 58.1606
14.076 -58.1664
14.076 58.1664
14.077 -58.1723
14.077 58.1723
14.078 -58.1781
14.078 58.1781
14.079 -58.1839
14.079 58.1839
14.08 -58.1898
14.08 58.1898
14.081 -58.1956
14.081 58.1956
14.082 -58.2014
14.082 58.2014
14.083 -58.2073
14.083 58.2073
14.084 -58.2131
14.084 58.2131
14.085 -58.2189
14.085 58.2189
14.086 -58.2248
14.086 58.2248
14.087 -58.2306
14.087 58.2306
14.088 -58.2365
14.088 58.2365
14.089 -58.2423
14.089 58.2423
14.09 -58.2481
14.09 58.2481
14.091 -58.254
14.091 58.254
14.092 -58.2598
14.092 58.2598
14.093 -58.2657
14.093 58.2657
14.094 -58.2715
14.094 58.2715
14.095 -58.2773
14.095 58.2773
14.096 -58.2832
14.096 58.2832
14.097 -58.289
14.097 58.289
14.098 -58.2948
14.098 58.2948
14.099 -58.3007
14.099 58.3007
14.1 -58.3065
14.1 58.3065
14.101 -58.3124
14.101 58.3124
14.102 -58.3182
14.102 58.3182
14.103 -58.324
14.103 58.324
14.104 -58.3299
14.104 58.3299
14.105 -58.3357
14.105 58.3357
14.106 -58.3416
14.106 58.3416
14.107 -58.3474
14.107 58.3474
14.108 -58.3533
14.108 58.3533
14.109 -58.3591
14.109 58.3591
14.11 -58.3649
14.11 58.3649
14.111 -58.3708
14.111 58.3708
14.112 -58.3766
14.112 58.3766
14.113 -58.3825
14.113 58.3825
14.114 -58.3883
14.114 58.3883
14.115 -58.3941
14.115 58.3941
14.116 -58.4
14.116 58.4
14.117 -58.4058
14.117 58.4058
14.118 -58.4117
14.118 58.4117
14.119 -58.4175
14.119 58.4175
14.12 -58.4234
14.12 58.4234
14.121 -58.4292
14.121 58.4292
14.122 -58.4351
14.122 58.4351
14.123 -58.4409
14.123 58.4409
14.124 -58.4467
14.124 58.4467
14.125 -58.4526
14.125 58.4526
14.126 -58.4584
14.126 58.4584
14.127 -58.4643
14.127 58.4643
14.128 -58.4701
14.128 58.4701
14.129 -58.476
14.129 58.476
14.13 -58.4818
14.13 58.4818
14.131 -58.4877
14.131 58.4877
14.132 -58.4935
14.132 58.4935
14.133 -58.4994
14.133 58.4994
14.134 -58.5052
14.134 58.5052
14.135 -58.511
14.135 58.511
14.136 -58.5169
14.136 58.5169
14.137 -58.5227
14.137 58.5227
14.138 -58.5286
14.138 58.5286
14.139 -58.5344
14.139 58.5344
14.14 -58.5403
14.14 58.5403
14.141 -58.5461
14.141 58.5461
14.142 -58.552
14.142 58.552
14.143 -58.5578
14.143 58.5578
14.144 -58.5637
14.144 58.5637
14.145 -58.5695
14.145 58.5695
14.146 -58.5754
14.146 58.5754
14.147 -58.5812
14.147 58.5812
14.148 -58.5871
14.148 58.5871
14.149 -58.5929
14.149 58.5929
14.15 -58.5988
14.15 58.5988
14.151 -58.6046
14.151 58.6046
14.152 -58.6105
14.152 58.6105
14.153 -58.6163
14.153 58.6163
14.154 -58.6222
14.154 58.6222
14.155 -58.628
14.155 58.628
14.156 -58.6339
14.156 58.6339
14.157 -58.6397
14.157 58.6397
14.158 -58.6456
14.158 58.6456
14.159 -58.6514
14.159 58.6514
14.16 -58.6573
14.16 58.6573
14.161 -58.6631
14.161 58.6631
14.162 -58.669
14.162 58.669
14.163 -58.6748
14.163 58.6748
14.164 -58.6807
14.164 58.6807
14.165 -58.6865
14.165 58.6865
14.166 -58.6924
14.166 58.6924
14.167 -58.6982
14.167 58.6982
14.168 -58.7041
14.168 58.7041
14.169 -58.7099
14.169 58.7099
14.17 -58.7158
14.17 58.7158
14.171 -58.7217
14.171 58.7217
14.172 -58.7275
14.172 58.7275
14.173 -58.7334
14.173 58.7334
14.174 -58.7392
14.174 58.7392
14.175 -58.7451
14.175 58.7451
14.176 -58.7509
14.176 58.7509
14.177 -58.7568
14.177 58.7568
14.178 -58.7626
14.178 58.7626
14.179 -58.7685
14.179 58.7685
14.18 -58.7743
14.18 58.7743
14.181 -58.7802
14.181 58.7802
14.182 -58.7861
14.182 58.7861
14.183 -58.7919
14.183 58.7919
14.184 -58.7978
14.184 58.7978
14.185 -58.8036
14.185 58.8036
14.186 -58.8095
14.186 58.8095
14.187 -58.8153
14.187 58.8153
14.188 -58.8212
14.188 58.8212
14.189 -58.8271
14.189 58.8271
14.19 -58.8329
14.19 58.8329
14.191 -58.8388
14.191 58.8388
14.192 -58.8446
14.192 58.8446
14.193 -58.8505
14.193 58.8505
14.194 -58.8563
14.194 58.8563
14.195 -58.8622
14.195 58.8622
14.196 -58.8681
14.196 58.8681
14.197 -58.8739
14.197 58.8739
14.198 -58.8798
14.198 58.8798
14.199 -58.8856
14.199 58.8856
14.2 -58.8915
14.2 58.8915
14.201 -58.8974
14.201 58.8974
14.202 -58.9032
14.202 58.9032
14.203 -58.9091
14.203 58.9091
14.204 -58.9149
14.204 58.9149
14.205 -58.9208
14.205 58.9208
14.206 -58.9267
14.206 58.9267
14.207 -58.9325
14.207 58.9325
14.208 -58.9384
14.208 58.9384
14.209 -58.9442
14.209 58.9442
14.21 -58.9501
14.21 58.9501
14.211 -58.956
14.211 58.956
14.212 -58.9618
14.212 58.9618
14.213 -58.9677
14.213 58.9677
14.214 -58.9735
14.214 58.9735
14.215 -58.9794
14.215 58.9794
14.216 -58.9853
14.216 58.9853
14.217 -58.9911
14.217 58.9911
14.218 -58.997
14.218 58.997
14.219 -59.0029
14.219 59.0029
14.22 -59.0087
14.22 59.0087
14.221 -59.0146
14.221 59.0146
14.222 -59.0204
14.222 59.0204
14.223 -59.0263
14.223 59.0263
14.224 -59.0322
14.224 59.0322
14.225 -59.038
14.225 59.038
14.226 -59.0439
14.226 59.0439
14.227 -59.0498
14.227 59.0498
14.228 -59.0556
14.228 59.0556
14.229 -59.0615
14.229 59.0615
14.23 -59.0674
14.23 59.0674
14.231 -59.0732
14.231 59.0732
14.232 -59.0791
14.232 59.0791
14.233 -59.085
14.233 59.085
14.234 -59.0908
14.234 59.0908
14.235 -59.0967
14.235 59.0967
14.236 -59.1026
14.236 59.1026
14.237 -59.1084
14.237 59.1084
14.238 -59.1143
14.238 59.1143
14.239 -59.1201
14.239 59.1201
14.24 -59.126
14.24 59.126
14.241 -59.1319
14.241 59.1319
14.242 -59.1378
14.242 59.1378
14.243 -59.1436
14.243 59.1436
14.244 -59.1495
14.244 59.1495
14.245 -59.1554
14.245 59.1554
14.246 -59.1612
14.246 59.1612
14.247 -59.1671
14.247 59.1671
14.248 -59.173
14.248 59.173
14.249 -59.1788
14.249 59.1788
14.25 -59.1847
14.25 59.1847
14.251 -59.1906
14.251 59.1906
14.252 -59.1964
14.252 59.1964
14.253 -59.2023
14.253 59.2023
14.254 -59.2082
14.254 59.2082
14.255 -59.214
14.255 59.214
14.256 -59.2199
14.256 59.2199
14.257 -59.2258
14.257 59.2258
14.258 -59.2317
14.258 59.2317
14.259 -59.2375
14.259 59.2375
14.26 -59.2434
14.26 59.2434
14.261 -59.2493
14.261 59.2493
14.262 -59.2551
14.262 59.2551
14.263 -59.261
14.263 59.261
14.264 -59.2669
14.264 59.2669
14.265 -59.2727
14.265 59.2727
14.266 -59.2786
14.266 59.2786
14.267 -59.2845
14.267 59.2845
14.268 -59.2904
14.268 59.2904
14.269 -59.2962
14.269 59.2962
14.27 -59.3021
14.27 59.3021
14.271 -59.308
14.271 59.308
14.272 -59.3139
14.272 59.3139
14.273 -59.3197
14.273 59.3197
14.274 -59.3256
14.274 59.3256
14.275 -59.3315
14.275 59.3315
14.276 -59.3373
14.276 59.3373
14.277 -59.3432
14.277 59.3432
14.278 -59.3491
14.278 59.3491
14.279 -59.355
14.279 59.355
14.28 -59.3608
14.28 59.3608
14.281 -59.3667
14.281 59.3667
14.282 -59.3726
14.282 59.3726
14.283 -59.3785
14.283 59.3785
14.284 -59.3843
14.284 59.3843
14.285 -59.3902
14.285 59.3902
14.286 -59.3961
14.286 59.3961
14.287 -59.402
14.287 59.402
14.288 -59.4078
14.288 59.4078
14.289 -59.4137
14.289 59.4137
14.29 -59.4196
14.29 59.4196
14.291 -59.4255
14.291 59.4255
14.292 -59.4314
14.292 59.4314
14.293 -59.4372
14.293 59.4372
14.294 -59.4431
14.294 59.4431
14.295 -59.449
14.295 59.449
14.296 -59.4549
14.296 59.4549
14.297 -59.4607
14.297 59.4607
14.298 -59.4666
14.298 59.4666
14.299 -59.4725
14.299 59.4725
14.3 -59.4784
14.3 59.4784
14.301 -59.4843
14.301 59.4843
14.302 -59.4901
14.302 59.4901
14.303 -59.496
14.303 59.496
14.304 -59.5019
14.304 59.5019
14.305 -59.5078
14.305 59.5078
14.306 -59.5136
14.306 59.5136
14.307 -59.5195
14.307 59.5195
14.308 -59.5254
14.308 59.5254
14.309 -59.5313
14.309 59.5313
14.31 -59.5372
14.31 59.5372
14.311 -59.543
14.311 59.543
14.312 -59.5489
14.312 59.5489
14.313 -59.5548
14.313 59.5548
14.314 -59.5607
14.314 59.5607
14.315 -59.5666
14.315 59.5666
14.316 -59.5725
14.316 59.5725
14.317 -59.5783
14.317 59.5783
14.318 -59.5842
14.318 59.5842
14.319 -59.5901
14.319 59.5901
14.32 -59.596
14.32 59.596
14.321 -59.6019
14.321 59.6019
14.322 -59.6077
14.322 59.6077
14.323 -59.6136
14.323 59.6136
14.324 -59.6195
14.324 59.6195
14.325 -59.6254
14.325 59.6254
14.326 -59.6313
14.326 59.6313
14.327 -59.6372
14.327 59.6372
14.328 -59.643
14.328 59.643
14.329 -59.6489
14.329 59.6489
14.33 -59.6548
14.33 59.6548
14.331 -59.6607
14.331 59.6607
14.332 -59.6666
14.332 59.6666
14.333 -59.6725
14.333 59.6725
14.334 -59.6783
14.334 59.6783
14.335 -59.6842
14.335 59.6842
14.336 -59.6901
14.336 59.6901
14.337 -59.696
14.337 59.696
14.338 -59.7019
14.338 59.7019
14.339 -59.7078
14.339 59.7078
14.34 -59.7137
14.34 59.7137
14.341 -59.7195
14.341 59.7195
14.342 -59.7254
14.342 59.7254
14.343 -59.7313
14.343 59.7313
14.344 -59.7372
14.344 59.7372
14.345 -59.7431
14.345 59.7431
14.346 -59.749
14.346 59.749
14.347 -59.7549
14.347 59.7549
14.348 -59.7608
14.348 59.7608
14.349 -59.7666
14.349 59.7666
14.35 -59.7725
14.35 59.7725
14.351 -59.7784
14.351 59.7784
14.352 -59.7843
14.352 59.7843
14.353 -59.7902
14.353 59.7902
14.354 -59.7961
14.354 59.7961
14.355 -59.802
14.355 59.802
14.356 -59.8079
14.356 59.8079
14.357 -59.8138
14.357 59.8138
14.358 -59.8196
14.358 59.8196
14.359 -59.8255
14.359 59.8255
14.36 -59.8314
14.36 59.8314
14.361 -59.8373
14.361 59.8373
14.362 -59.8432
14.362 59.8432
14.363 -59.8491
14.363 59.8491
14.364 -59.855
14.364 59.855
14.365 -59.8609
14.365 59.8609
14.366 -59.8668
14.366 59.8668
14.367 -59.8727
14.367 59.8727
14.368 -59.8785
14.368 59.8785
14.369 -59.8844
14.369 59.8844
14.37 -59.8903
14.37 59.8903
14.371 -59.8962
14.371 59.8962
14.372 -59.9021
14.372 59.9021
14.373 -59.908
14.373 59.908
14.374 -59.9139
14.374 59.9139
14.375 -59.9198
14.375 59.9198
14.376 -59.9257
14.376 59.9257
14.377 -59.9316
14.377 59.9316
14.378 -59.9375
14.378 59.9375
14.379 -59.9434
14.379 59.9434
14.38 -59.9493
14.38 59.9493
14.381 -59.9551
14.381 59.9551
14.382 -59.961
14.382 59.961
14.383 -59.9669
14.383 59.9669
14.384 -59.9728
14.384 59.9728
14.385 -59.9787
14.385 59.9787
14.386 -59.9846
14.386 59.9846
14.387 -59.9905
14.387 59.9905
14.388 -59.9964
14.388 59.9964
14.389 -60.0023
14.389 60.0023
14.39 -60.0082
14.39 60.0082
14.391 -60.0141
14.391 60.0141
14.392 -60.02
14.392 60.02
14.393 -60.0259
14.393 60.0259
14.394 -60.0318
14.394 60.0318
14.395 -60.0377
14.395 60.0377
14.396 -60.0436
14.396 60.0436
14.397 -60.0495
14.397 60.0495
14.398 -60.0554
14.398 60.0554
14.399 -60.0613
14.399 60.0613
14.4 -60.0672
14.4 60.0672
14.401 -60.0731
14.401 60.0731
14.402 -60.079
14.402 60.079
14.403 -60.0849
14.403 60.0849
14.404 -60.0908
14.404 60.0908
14.405 -60.0967
14.405 60.0967
14.406 -60.1026
14.406 60.1026
14.407 -60.1084
14.407 60.1084
14.408 -60.1143
14.408 60.1143
14.409 -60.1202
14.409 60.1202
14.41 -60.1261
14.41 60.1261
14.411 -60.132
14.411 60.132
14.412 -60.1379
14.412 60.1379
14.413 -60.1438
14.413 60.1438
14.414 -60.1497
14.414 60.1497
14.415 -60.1556
14.415 60.1556
14.416 -60.1615
14.416 60.1615
14.417 -60.1674
14.417 60.1674
14.418 -60.1733
14.418 60.1733
14.419 -60.1792
14.419 60.1792
14.42 -60.1851
14.42 60.1851
14.421 -60.191
14.421 60.191
14.422 -60.197
14.422 60.197
14.423 -60.2029
14.423 60.2029
14.424 -60.2088
14.424 60.2088
14.425 -60.2147
14.425 60.2147
14.426 -60.2206
14.426 60.2206
14.427 -60.2265
14.427 60.2265
14.428 -60.2324
14.428 60.2324
14.429 -60.2383
14.429 60.2383
14.43 -60.2442
14.43 60.2442
14.431 -60.2501
14.431 60.2501
14.432 -60.256
14.432 60.256
14.433 -60.2619
14.433 60.2619
14.434 -60.2678
14.434 60.2678
14.435 -60.2737
14.435 60.2737
14.436 -60.2796
14.436 60.2796
14.437 -60.2855
14.437 60.2855
14.438 -60.2914
14.438 60.2914
14.439 -60.2973
14.439 60.2973
14.44 -60.3032
14.44 60.3032
14.441 -60.3091
14.441 60.3091
14.442 -60.315
14.442 60.315
14.443 -60.3209
14.443 60.3209
14.444 -60.3268
14.444 60.3268
14.445 -60.3327
14.445 60.3327
14.446 -60.3386
14.446 60.3386
14.447 -60.3446
14.447 60.3446
14.448 -60.3505
14.448 60.3505
14.449 -60.3564
14.449 60.3564
14.45 -60.3623
14.45 60.3623
14.451 -60.3682
14.451 60.3682
14.452 -60.3741
14.452 60.3741
14.453 -60.38
14.453 60.38
14.454 -60.3859
14.454 60.3859
14.455 -60.3918
14.455 60.3918
14.456 -60.3977
14.456 60.3977
14.457 -60.4036
14.457 60.4036
14.458 -60.4095
14.458 60.4095
14.459 -60.4154
14.459 60.4154
14.46 -60.4213
14.46 60.4213
14.461 -60.4273
14.461 60.4273
14.462 -60.4332
14.462 60.4332
14.463 -60.4391
14.463 60.4391
14.464 -60.445
14.464 60.445
14.465 -60.4509
14.465 60.4509
14.466 -60.4568
14.466 60.4568
14.467 -60.4627
14.467 60.4627
14.468 -60.4686
14.468 60.4686
14.469 -60.4745
14.469 60.4745
14.47 -60.4804
14.47 60.4804
14.471 -60.4864
14.471 60.4864
14.472 -60.4923
14.472 60.4923
14.473 -60.4982
14.473 60.4982
14.474 -60.5041
14.474 60.5041
14.475 -60.51
14.475 60.51
14.476 -60.5159
14.476 60.5159
14.477 -60.5218
14.477 60.5218
14.478 -60.5277
14.478 60.5277
14.479 -60.5336
14.479 60.5336
14.48 -60.5396
14.48 60.5396
14.481 -60.5455
14.481 60.5455
14.482 -60.5514
14.482 60.5514
14.483 -60.5573
14.483 60.5573
14.484 -60.5632
14.484 60.5632
14.485 -60.5691
14.485 60.5691
14.486 -60.575
14.486 60.575
14.487 -60.581
14.487 60.581
14.488 -60.5869
14.488 60.5869
14.489 -60.5928
14.489 60.5928
14.49 -60.5987
14.49 60.5987
14.491 -60.6046
14.491 60.6046
14.492 -60.6105
14.492 60.6105
14.493 -60.6164
14.493 60.6164
14.494 -60.6224
14.494 60.6224
14.495 -60.6283
14.495 60.6283
14.496 -60.6342
14.496 60.6342
14.497 -60.6401
14.497 60.6401
14.498 -60.646
14.498 60.646
14.499 -60.6519
14.499 60.6519
14.5 -60.6579
14.5 60.6579
14.501 -60.6638
14.501 60.6638
14.502 -60.6697
14.502 60.6697
14.503 -60.6756
14.503 60.6756
14.504 -60.6815
14.504 60.6815
14.505 -60.6874
14.505 60.6874
14.506 -60.6934
14.506 60.6934
14.507 -60.6993
14.507 60.6993
14.508 -60.7052
14.508 60.7052
14.509 -60.7111
14.509 60.7111
14.51 -60.717
14.51 60.717
14.511 -60.7229
14.511 60.7229
14.512 -60.7289
14.512 60.7289
14.513 -60.7348
14.513 60.7348
14.514 -60.7407
14.514 60.7407
14.515 -60.7466
14.515 60.7466
14.516 -60.7525
14.516 60.7525
14.517 -60.7585
14.517 60.7585
14.518 -60.7644
14.518 60.7644
14.519 -60.7703
14.519 60.7703
14.52 -60.7762
14.52 60.7762
14.521 -60.7821
14.521 60.7821
14.522 -60.7881
14.522 60.7881
14.523 -60.794
14.523 60.794
14.524 -60.7999
14.524 60.7999
14.525 -60.8058
14.525 60.8058
14.526 -60.8117
14.526 60.8117
14.527 -60.8177
14.527 60.8177
14.528 -60.8236
14.528 60.8236
14.529 -60.8295
14.529 60.8295
14.53 -60.8354
14.53 60.8354
14.531 -60.8414
14.531 60.8414
14.532 -60.8473
14.532 60.8473
14.533 -60.8532
14.533 60.8532
14.534 -60.8591
14.534 60.8591
14.535 -60.865
14.535 60.865
14.536 -60.871
14.536 60.871
14.537 -60.8769
14.537 60.8769
14.538 -60.8828
14.538 60.8828
14.539 -60.8887
14.539 60.8887
14.54 -60.8947
14.54 60.8947
14.541 -60.9006
14.541 60.9006
14.542 -60.9065
14.542 60.9065
14.543 -60.9124
14.543 60.9124
14.544 -60.9184
14.544 60.9184
14.545 -60.9243
14.545 60.9243
14.546 -60.9302
14.546 60.9302
14.547 -60.9361
14.547 60.9361
14.548 -60.9421
14.548 60.9421
14.549 -60.948
14.549 60.948
14.55 -60.9539
14.55 60.9539
14.551 -60.9598
14.551 60.9598
14.552 -60.9658
14.552 60.9658
14.553 -60.9717
14.553 60.9717
14.554 -60.9776
14.554 60.9776
14.555 -60.9835
14.555 60.9835
14.556 -60.9895
14.556 60.9895
14.557 -60.9954
14.557 60.9954
14.558 -61.0013
14.558 61.0013
14.559 -61.0072
14.559 61.0072
14.56 -61.0132
14.56 61.0132
14.561 -61.0191
14.561 61.0191
14.562 -61.025
14.562 61.025
14.563 -61.031
14.563 61.031
14.564 -61.0369
14.564 61.0369
14.565 -61.0428
14.565 61.0428
14.566 -61.0487
14.566 61.0487
14.567 -61.0547
14.567 61.0547
14.568 -61.0606
14.568 61.0606
14.569 -61.0665
14.569 61.0665
14.57 -61.0725
14.57 61.0725
14.571 -61.0784
14.571 61.0784
14.572 -61.0843
14.572 61.0843
14.573 -61.0903
14.573 61.0903
14.574 -61.0962
14.574 61.0962
14.575 -61.1021
14.575 61.1021
14.576 -61.108
14.576 61.108
14.577 -61.114
14.577 61.114
14.578 -61.1199
14.578 61.1199
14.579 -61.1258
14.579 61.1258
14.58 -61.1318
14.58 61.1318
14.581 -61.1377
14.581 61.1377
14.582 -61.1436
14.582 61.1436
14.583 -61.1496
14.583 61.1496
14.584 -61.1555
14.584 61.1555
14.585 -61.1614
14.585 61.1614
14.586 -61.1674
14.586 61.1674
14.587 -61.1733
14.587 61.1733
14.588 -61.1792
14.588 61.1792
14.589 -61.1852
14.589 61.1852
14.59 -61.1911
14.59 61.1911
14.591 -61.197
14.591 61.197
14.592 -61.203
14.592 61.203
14.593 -61.2089
14.593 61.2089
14.594 -61.2148
14.594 61.2148
14.595 -61.2208
14.595 61.2208
14.596 -61.2267
14.596 61.2267
14.597 -61.2326
14.597 61.2326
14.598 -61.2386
14.598 61.2386
14.599 -61.2445
14.599 61.2445
14.6 -61.2504
14.6 61.2504
14.601 -61.2564
14.601 61.2564
14.602 -61.2623
14.602 61.2623
14.603 -61.2682
14.603 61.2682
14.604 -61.2742
14.604 61.2742
14.605 -61.2801
14.605 61.2801
14.606 -61.2861
14.606 61.2861
14.607 -61.292
14.607 61.292
14.608 -61.2979
14.608 61.2979
14.609 -61.3039
14.609 61.3039
14.61 -61.3098
14.61 61.3098
14.611 -61.3157
14.611 61.3157
14.612 -61.3217
14.612 61.3217
14.613 -61.3276
14.613 61.3276
14.614 -61.3335
14.614 61.3335
14.615 -61.3395
14.615 61.3395
14.616 -61.3454
14.616 61.3454
14.617 -61.3514
14.617 61.3514
14.618 -61.3573
14.618 61.3573
14.619 -61.3632
14.619 61.3632
14.62 -61.3692
14.62 61.3692
14.621 -61.3751
14.621 61.3751
14.622 -61.3811
14.622 61.3811
14.623 -61.387
14.623 61.387
14.624 -61.3929
14.624 61.3929
14.625 -61.3989
14.625 61.3989
14.626 -61.4048
14.626 61.4048
14.627 -61.4108
14.627 61.4108
14.628 -61.4167
14.628 61.4167
14.629 -61.4226
14.629 61.4226
14.63 -61.4286
14.63 61.4286
14.631 -61.4345
14.631 61.4345
14.632 -61.4405
14.632 61.4405
14.633 -61.4464
14.633 61.4464
14.634 -61.4523
14.634 61.4523
14.635 -61.4583
14.635 61.4583
14.636 -61.4642
14.636 61.4642
14.637 -61.4702
14.637 61.4702
14.638 -61.4761
14.638 61.4761
14.639 -61.4821
14.639 61.4821
14.64 -61.488
14.64 61.488
14.641 -61.4939
14.641 61.4939
14.642 -61.4999
14.642 61.4999
14.643 -61.5058
14.643 61.5058
14.644 -61.5118
14.644 61.5118
14.645 -61.5177
14.645 61.5177
14.646 -61.5237
14.646 61.5237
14.647 -61.5296
14.647 61.5296
14.648 -61.5355
14.648 61.5355
14.649 -61.5415
14.649 61.5415
14.65 -61.5474
14.65 61.5474
14.651 -61.5534
14.651 61.5534
14.652 -61.5593
14.652 61.5593
14.653 -61.5653
14.653 61.5653
14.654 -61.5712
14.654 61.5712
14.655 -61.5772
14.655 61.5772
14.656 -61.5831
14.656 61.5831
14.657 -61.5891
14.657 61.5891
14.658 -61.595
14.658 61.595
14.659 -61.6009
14.659 61.6009
14.66 -61.6069
14.66 61.6069
14.661 -61.6128
14.661 61.6128
14.662 -61.6188
14.662 61.6188
14.663 -61.6247
14.663 61.6247
14.664 -61.6307
14.664 61.6307
14.665 -61.6366
14.665 61.6366
14.666 -61.6426
14.666 61.6426
14.667 -61.6485
14.667 61.6485
14.668 -61.6545
14.668 61.6545
14.669 -61.6604
14.669 61.6604
14.67 -61.6664
14.67 61.6664
14.671 -61.6723
14.671 61.6723
14.672 -61.6783
14.672 61.6783
14.673 -61.6842
14.673 61.6842
14.674 -61.6902
14.674 61.6902
14.675 -61.6961
14.675 61.6961
14.676 -61.7021
14.676 61.7021
14.677 -61.708
14.677 61.708
14.678 -61.714
14.678 61.714
14.679 -61.7199
14.679 61.7199
14.68 -61.7259
14.68 61.7259
14.681 -61.7318
14.681 61.7318
14.682 -61.7378
14.682 61.7378
14.683 -61.7437
14.683 61.7437
14.684 -61.7497
14.684 61.7497
14.685 -61.7556
14.685 61.7556
14.686 -61.7616
14.686 61.7616
14.687 -61.7675
14.687 61.7675
14.688 -61.7735
14.688 61.7735
14.689 -61.7794
14.689 61.7794
14.69 -61.7854
14.69 61.7854
14.691 -61.7913
14.691 61.7913
14.692 -61.7973
14.692 61.7973
14.693 -61.8032
14.693 61.8032
14.694 -61.8092
14.694 61.8092
14.695 -61.8151
14.695 61.8151
14.696 -61.8211
14.696 61.8211
14.697 -61.827
14.697 61.827
14.698 -61.833
14.698 61.833
14.699 -61.839
14.699 61.839
14.7 -61.8449
14.7 61.8449
14.701 -61.8509
14.701 61.8509
14.702 -61.8568
14.702 61.8568
14.703 -61.8628
14.703 61.8628
14.704 -61.8687
14.704 61.8687
14.705 -61.8747
14.705 61.8747
14.706 -61.8806
14.706 61.8806
14.707 -61.8866
14.707 61.8866
14.708 -61.8926
14.708 61.8926
14.709 -61.8985
14.709 61.8985
14.71 -61.9045
14.71 61.9045
14.711 -61.9104
14.711 61.9104
14.712 -61.9164
14.712 61.9164
14.713 -61.9223
14.713 61.9223
14.714 -61.9283
14.714 61.9283
14.715 -61.9342
14.715 61.9342
14.716 -61.9402
14.716 61.9402
14.717 -61.9462
14.717 61.9462
14.718 -61.9521
14.718 61.9521
14.719 -61.9581
14.719 61.9581
14.72 -61.964
14.72 61.964
14.721 -61.97
14.721 61.97
14.722 -61.9759
14.722 61.9759
14.723 -61.9819
14.723 61.9819
14.724 -61.9879
14.724 61.9879
14.725 -61.9938
14.725 61.9938
14.726 -61.9998
14.726 61.9998
14.727 -62.0057
14.727 62.0057
14.728 -62.0117
14.728 62.0117
14.729 -62.0177
14.729 62.0177
14.73 -62.0236
14.73 62.0236
14.731 -62.0296
14.731 62.0296
14.732 -62.0355
14.732 62.0355
14.733 -62.0415
14.733 62.0415
14.734 -62.0475
14.734 62.0475
14.735 -62.0534
14.735 62.0534
14.736 -62.0594
14.736 62.0594
14.737 -62.0653
14.737 62.0653
14.738 -62.0713
14.738 62.0713
14.739 -62.0773
14.739 62.0773
14.74 -62.0832
14.74 62.0832
14.741 -62.0892
14.741 62.0892
14.742 -62.0952
14.742 62.0952
14.743 -62.1011
14.743 62.1011
14.744 -62.1071
14.744 62.1071
14.745 -62.113
14.745 62.113
14.746 -62.119
14.746 62.119
14.747 -62.125
14.747 62.125
14.748 -62.1309
14.748 62.1309
14.749 -62.1369
14.749 62.1369
14.75 -62.1429
14.75 62.1429
14.751 -62.1488
14.751 62.1488
14.752 -62.1548
14.752 62.1548
14.753 -62.1607
14.753 62.1607
14.754 -62.1667
14.754 62.1667
14.755 -62.1727
14.755 62.1727
14.756 -62.1786
14.756 62.1786
14.757 -62.1846
14.757 62.1846
14.758 -62.1906
14.758 62.1906
14.759 -62.1965
14.759 62.1965
14.76 -62.2025
14.76 62.2025
14.761 -62.2085
14.761 62.2085
14.762 -62.2144
14.762 62.2144
14.763 -62.2204
14.763 62.2204
14.764 -62.2264
14.764 62.2264
14.765 -62.2323
14.765 62.2323
14.766 -62.2383
14.766 62.2383
14.767 -62.2443
14.767 62.2443
14.768 -62.2502
14.768 62.2502
14.769 -62.2562
14.769 62.2562
14.77 -62.2622
14.77 62.2622
14.771 -62.2681
14.771 62.2681
14.772 -62.2741
14.772 62.2741
14.773 -62.2801
14.773 62.2801
14.774 -62.286
14.774 62.286
14.775 -62.292
14.775 62.292
14.776 -62.298
14.776 62.298
14.777 -62.3039
14.777 62.3039
14.778 -62.3099
14.778 62.3099
14.779 -62.3159
14.779 62.3159
14.78 -62.3218
14.78 62.3218
14.781 -62.3278
14.781 62.3278
14.782 -62.3338
14.782 62.3338
14.783 -62.3398
14.783 62.3398
14.784 -62.3457
14.784 62.3457
14.785 -62.3517
14.785 62.3517
14.786 -62.3577
14.786 62.3577
14.787 -62.3636
14.787 62.3636
14.788 -62.3696
14.788 62.3696
14.789 -62.3756
14.789 62.3756
14.79 -62.3815
14.79 62.3815
14.791 -62.3875
14.791 62.3875
14.792 -62.3935
14.792 62.3935
14.793 -62.3995
14.793 62.3995
14.794 -62.4054
14.794 62.4054
14.795 -62.4114
14.795 62.4114
14.796 -62.4174
14.796 62.4174
14.797 -62.4234
14.797 62.4234
14.798 -62.4293
14.798 62.4293
14.799 -62.4353
14.799 62.4353
14.8 -62.4413
14.8 62.4413
14.801 -62.4472
14.801 62.4472
14.802 -62.4532
14.802 62.4532
14.803 -62.4592
14.803 62.4592
14.804 -62.4652
14.804 62.4652
14.805 -62.4711
14.805 62.4711
14.806 -62.4771
14.806 62.4771
14.807 -62.4831
14.807 62.4831
14.808 -62.4891
14.808 62.4891
14.809 -62.495
14.809 62.495
14.81 -62.501
14.81 62.501
14.811 -62.507
14.811 62.507
14.812 -62.513
14.812 62.513
14.813 -62.5189
14.813 62.5189
14.814 -62.5249
14.814 62.5249
14.815 -62.5309
14.815 62.5309
14.816 -62.5369
14.816 62.5369
14.817 -62.5428
14.817 62.5428
14.818 -62.5488
14.818 62.5488
14.819 -62.5548
14.819 62.5548
14.82 -62.5608
14.82 62.5608
14.821 -62.5667
14.821 62.5667
14.822 -62.5727
14.822 62.5727
14.823 -62.5787
14.823 62.5787
14.824 -62.5847
14.824 62.5847
14.825 -62.5907
14.825 62.5907
14.826 -62.5966
14.826 62.5966
14.827 -62.6026
14.827 62.6026
14.828 -62.6086
14.828 62.6086
14.829 -62.6146
14.829 62.6146
14.83 -62.6205
14.83 62.6205
14.831 -62.6265
14.831 62.6265
14.832 -62.6325
14.832 62.6325
14.833 -62.6385
14.833 62.6385
14.834 -62.6445
14.834 62.6445
14.835 -62.6504
14.835 62.6504
14.836 -62.6564
14.836 62.6564
14.837 -62.6624
14.837 62.6624
14.838 -62.6684
14.838 62.6684
14.839 -62.6744
14.839 62.6744
14.84 -62.6803
14.84 62.6803
14.841 -62.6863
14.841 62.6863
14.842 -62.6923
14.842 62.6923
14.843 -62.6983
14.843 62.6983
14.844 -62.7043
14.844 62.7043
14.845 -62.7102
14.845 62.7102
14.846 -62.7162
14.846 62.7162
14.847 -62.7222
14.847 62.7222
14.848 -62.7282
14.848 62.7282
14.849 -62.7342
14.849 62.7342
14.85 -62.7402
14.85 62.7402
14.851 -62.7461
14.851 62.7461
14.852 -62.7521
14.852 62.7521
14.853 -62.7581
14.853 62.7581
14.854 -62.7641
14.854 62.7641
14.855 -62.7701
14.855 62.7701
14.856 -62.776
14.856 62.776
14.857 -62.782
14.857 62.782
14.858 -62.788
14.858 62.788
14.859 -62.794
14.859 62.794
14.86 -62.8
14.86 62.8
14.861 -62.806
14.861 62.806
14.862 -62.812
14.862 62.812
14.863 -62.8179
14.863 62.8179
14.864 -62.8239
14.864 62.8239
14.865 -62.8299
14.865 62.8299
14.866 -62.8359
14.866 62.8359
14.867 -62.8419
14.867 62.8419
14.868 -62.8479
14.868 62.8479
14.869 -62.8539
14.869 62.8539
14.87 -62.8598
14.87 62.8598
14.871 -62.8658
14.871 62.8658
14.872 -62.8718
14.872 62.8718
14.873 -62.8778
14.873 62.8778
14.874 -62.8838
14.874 62.8838
14.875 -62.8898
14.875 62.8898
14.876 -62.8958
14.876 62.8958
14.877 -62.9017
14.877 62.9017
14.878 -62.9077
14.878 62.9077
14.879 -62.9137
14.879 62.9137
14.88 -62.9197
14.88 62.9197
14.881 -62.9257
14.881 62.9257
14.882 -62.9317
14.882 62.9317
14.883 -62.9377
14.883 62.9377
14.884 -62.9437
14.884 62.9437
14.885 -62.9496
14.885 62.9496
14.886 -62.9556
14.886 62.9556
14.887 -62.9616
14.887 62.9616
14.888 -62.9676
14.888 62.9676
14.889 -62.9736
14.889 62.9736
14.89 -62.9796
14.89 62.9796
14.891 -62.9856
14.891 62.9856
14.892 -62.9916
14.892 62.9916
14.893 -62.9976
14.893 62.9976
14.894 -63.0036
14.894 63.0036
14.895 -63.0095
14.895 63.0095
14.896 -63.0155
14.896 63.0155
14.897 -63.0215
14.897 63.0215
14.898 -63.0275
14.898 63.0275
14.899 -63.0335
14.899 63.0335
14.9 -63.0395
14.9 63.0395
14.901 -63.0455
14.901 63.0455
14.902 -63.0515
14.902 63.0515
14.903 -63.0575
14.903 63.0575
14.904 -63.0635
14.904 63.0635
14.905 -63.0695
14.905 63.0695
14.906 -63.0755
14.906 63.0755
14.907 -63.0815
14.907 63.0815
14.908 -63.0874
14.908 63.0874
14.909 -63.0934
14.909 63.0934
14.91 -63.0994
14.91 63.0994
14.911 -63.1054
14.911 63.1054
14.912 -63.1114
14.912 63.1114
14.913 -63.1174
14.913 63.1174
14.914 -63.1234
14.914 63.1234
14.915 -63.1294
14.915 63.1294
14.916 -63.1354
14.916 63.1354
14.917 -63.1414
14.917 63.1414
14.918 -63.1474
14.918 63.1474
14.919 -63.1534
14.919 63.1534
14.92 -63.1594
14.92 63.1594
14.921 -63.1654
14.921 63.1654
14.922 -63.1714
14.922 63.1714
14.923 -63.1774
14.923 63.1774
14.924 -63.1834
14.924 63.1834
14.925 -63.1894
14.925 63.1894
14.926 -63.1954
14.926 63.1954
14.927 -63.2013
14.927 63.2013
14.928 -63.2073
14.928 63.2073
14.929 -63.2133
14.929 63.2133
14.93 -63.2193
14.93 63.2193
14.931 -63.2253
14.931 63.2253
14.932 -63.2313
14.932 63.2313
14.933 -63.2373
14.933 63.2373
14.934 -63.2433
14.934 63.2433
14.935 -63.2493
14.935 63.2493
14.936 -63.2553
14.936 63.2553
14.937 -63.2613
14.937 63.2613
14.938 -63.2673
14.938 63.2673
14.939 -63.2733
14.939 63.2733
14.94 -63.2793
14.94 63.2793
14.941 -63.2853
14.941 63.2853
14.942 -63.2913
14.942 63.2913
14.943 -63.2973
14.943 63.2973
14.944 -63.3033
14.944 63.3033
14.945 -63.3093
14.945 63.3093
14.946 -63.3153
14.946 63.3153
14.947 -63.3213
14.947 63.3213
14.948 -63.3273
14.948 63.3273
14.949 -63.3333
14.949 63.3333
14.95 -63.3393
14.95 63.3393
14.951 -63.3453
14.951 63.3453
14.952 -63.3513
14.952 63.3513
14.953 -63.3573
14.953 63.3573
14.954 -63.3633
14.954 63.3633
14.955 -63.3693
14.955 63.3693
14.956 -63.3753
14.956 63.3753
14.957 -63.3813
14.957 63.3813
14.958 -63.3873
14.958 63.3873
14.959 -63.3933
14.959 63.3933
14.96 -63.3993
14.96 63.3993
14.961 -63.4053
14.961 63.4053
14.962 -63.4113
14.962 63.4113
14.963 -63.4174
14.963 63.4174
14.964 -63.4234
14.964 63.4234
14.965 -63.4294
14.965 63.4294
14.966 -63.4354
14.966 63.4354
14.967 -63.4414
14.967 63.4414
14.968 -63.4474
14.968 63.4474
14.969 -63.4534
14.969 63.4534
14.97 -63.4594
14.97 63.4594
14.971 -63.4654
14.971 63.4654
14.972 -63.4714
14.972 63.4714
14.973 -63.4774
14.973 63.4774
14.974 -63.4834
14.974 63.4834
14.975 -63.4894
14.975 63.4894
14.976 -63.4954
14.976 63.4954
14.977 -63.5014
14.977 63.5014
14.978 -63.5074
14.978 63.5074
14.979 -63.5134
14.979 63.5134
14.98 -63.5194
14.98 63.5194
14.981 -63.5254
14.981 63.5254
14.982 -63.5315
14.982 63.5315
14.983 -63.5375
14.983 63.5375
14.984 -63.5435
14.984 63.5435
14.985 -63.5495
14.985 63.5495
14.986 -63.5555
14.986 63.5555
14.987 -63.5615
14.987 63.5615
14.988 -63.5675
14.988 63.5675
14.989 -63.5735
14.989 63.5735
14.99 -63.5795
14.99 63.5795
14.991 -63.5855
14.991 63.5855
14.992 -63.5915
14.992 63.5915
14.993 -63.5975
14.993 63.5975
14.994 -63.6036
14.994 63.6036
14.995 -63.6096
14.995 63.6096
14.996 -63.6156
14.996 63.6156
14.997 -63.6216
14.997 63.6216
14.998 -63.6276
14.998 63.6276
14.999 -63.6336
14.999 63.6336
15 -63.6396
15 63.6396
15.001 -63.6456
15.001 63.6456
15.002 -63.6516
15.002 63.6516
15.003 -63.6576
15.003 63.6576
15.004 -63.6637
15.004 63.6637
15.005 -63.6697
15.005 63.6697
15.006 -63.6757
15.006 63.6757
15.007 -63.6817
15.007 63.6817
15.008 -63.6877
15.008 63.6877
15.009 -63.6937
15.009 63.6937
15.01 -63.6997
15.01 63.6997
15.011 -63.7057
15.011 63.7057
15.012 -63.7117
15.012 63.7117
15.013 -63.7178
15.013 63.7178
15.014 -63.7238
15.014 63.7238
15.015 -63.7298
15.015 63.7298
15.016 -63.7358
15.016 63.7358
15.017 -63.7418
15.017 63.7418
15.018 -63.7478
15.018 63.7478
15.019 -63.7538
15.019 63.7538
15.02 -63.7599
15.02 63.7599
15.021 -63.7659
15.021 63.7659
15.022 -63.7719
15.022 63.7719
15.023 -63.7779
15.023 63.7779
15.024 -63.7839
15.024 63.7839
15.025 -63.7899
15.025 63.7899
15.026 -63.7959
15.026 63.7959
15.027 -63.802
15.027 63.802
15.028 -63.808
15.028 63.808
15.029 -63.814
15.029 63.814
15.03 -63.82
15.03 63.82
15.031 -63.826
15.031 63.826
15.032 -63.832
15.032 63.832
15.033 -63.8381
15.033 63.8381
15.034 -63.8441
15.034 63.8441
15.035 -63.8501
15.035 63.8501
15.036 -63.8561
15.036 63.8561
15.037 -63.8621
15.037 63.8621
15.038 -63.8681
15.038 63.8681
15.039 -63.8742
15.039 63.8742
15.04 -63.8802
15.04 63.8802
15.041 -63.8862
15.041 63.8862
15.042 -63.8922
15.042 63.8922
15.043 -63.8982
15.043 63.8982
15.044 -63.9042
15.044 63.9042
15.045 -63.9103
15.045 63.9103
15.046 -63.9163
15.046 63.9163
15.047 -63.9223
15.047 63.9223
15.048 -63.9283
15.048 63.9283
15.049 -63.9343
15.049 63.9343
15.05 -63.9404
15.05 63.9404
15.051 -63.9464
15.051 63.9464
15.052 -63.9524
15.052 63.9524
15.053 -63.9584
15.053 63.9584
15.054 -63.9644
15.054 63.9644
15.055 -63.9705
15.055 63.9705
15.056 -63.9765
15.056 63.9765
15.057 -63.9825
15.057 63.9825
15.058 -63.9885
15.058 63.9885
15.059 -63.9945
15.059 63.9945
15.06 -64.0006
15.06 64.0006
15.061 -64.0066
15.061 64.0066
15.062 -64.0126
15.062 64.0126
15.063 -64.0186
15.063 64.0186
15.064 -64.0247
15.064 64.0247
15.065 -64.0307
15.065 64.0307
15.066 -64.0367
15.066 64.0367
15.067 -64.0427
15.067 64.0427
15.068 -64.0487
15.068 64.0487
15.069 -64.0548
15.069 64.0548
15.07 -64.0608
15.07 64.0608
15.071 -64.0668
15.071 64.0668
15.072 -64.0728
15.072 64.0728
15.073 -64.0789
15.073 64.0789
15.074 -64.0849
15.074 64.0849
15.075 -64.0909
15.075 64.0909
15.076 -64.0969
15.076 64.0969
15.077 -64.103
15.077 64.103
15.078 -64.109
15.078 64.109
15.079 -64.115
15.079 64.115
15.08 -64.121
15.08 64.121
15.081 -64.1271
15.081 64.1271
15.082 -64.1331
15.082 64.1331
15.083 -64.1391
15.083 64.1391
15.084 -64.1451
15.084 64.1451
15.085 -64.1512
15.085 64.1512
15.086 -64.1572
15.086 64.1572
15.087 -64.1632
15.087 64.1632
15.088 -64.1692
15.088 64.1692
15.089 -64.1753
15.089 64.1753
15.09 -64.1813
15.09 64.1813
15.091 -64.1873
15.091 64.1873
15.092 -64.1934
15.092 64.1934
15.093 -64.1994
15.093 64.1994
15.094 -64.2054
15.094 64.2054
15.095 -64.2114
15.095 64.2114
15.096 -64.2175
15.096 64.2175
15.097 -64.2235
15.097 64.2235
15.098 -64.2295
15.098 64.2295
15.099 -64.2356
15.099 64.2356
15.1 -64.2416
15.1 64.2416
15.101 -64.2476
15.101 64.2476
15.102 -64.2536
15.102 64.2536
15.103 -64.2597
15.103 64.2597
15.104 -64.2657
15.104 64.2657
15.105 -64.2717
15.105 64.2717
15.106 -64.2778
15.106 64.2778
15.107 -64.2838
15.107 64.2838
15.108 -64.2898
15.108 64.2898
15.109 -64.2959
15.109 64.2959
15.11 -64.3019
15.11 64.3019
15.111 -64.3079
15.111 64.3079
15.112 -64.3139
15.112 64.3139
15.113 -64.32
15.113 64.32
15.114 -64.326
15.114 64.326
15.115 -64.332
15.115 64.332
15.116 -64.3381
15.116 64.3381
15.117 -64.3441
15.117 64.3441
15.118 -64.3501
15.118 64.3501
15.119 -64.3562
15.119 64.3562
15.12 -64.3622
15.12 64.3622
15.121 -64.3682
15.121 64.3682
15.122 -64.3743
15.122 64.3743
15.123 -64.3803
15.123 64.3803
15.124 -64.3863
15.124 64.3863
15.125 -64.3924
15.125 64.3924
15.126 -64.3984
15.126 64.3984
15.127 -64.4044
15.127 64.4044
15.128 -64.4105
15.128 64.4105
15.129 -64.4165
15.129 64.4165
15.13 -64.4225
15.13 64.4225
15.131 -64.4286
15.131 64.4286
15.132 -64.4346
15.132 64.4346
15.133 -64.4406
15.133 64.4406
15.134 -64.4467
15.134 64.4467
15.135 -64.4527
15.135 64.4527
15.136 -64.4587
15.136 64.4587
15.137 -64.4648
15.137 64.4648
15.138 -64.4708
15.138 64.4708
15.139 -64.4769
15.139 64.4769
15.14 -64.4829
15.14 64.4829
15.141 -64.4889
15.141 64.4889
15.142 -64.495
15.142 64.495
15.143 -64.501
15.143 64.501
15.144 -64.507
15.144 64.507
15.145 -64.5131
15.145 64.5131
15.146 -64.5191
15.146 64.5191
15.147 -64.5252
15.147 64.5252
15.148 -64.5312
15.148 64.5312
15.149 -64.5372
15.149 64.5372
15.15 -64.5433
15.15 64.5433
15.151 -64.5493
15.151 64.5493
15.152 -64.5553
15.152 64.5553
15.153 -64.5614
15.153 64.5614
15.154 -64.5674
15.154 64.5674
15.155 -64.5735
15.155 64.5735
15.156 -64.5795
15.156 64.5795
15.157 -64.5855
15.157 64.5855
15.158 -64.5916
15.158 64.5916
15.159 -64.5976
15.159 64.5976
15.16 -64.6037
15.16 64.6037
15.161 -64.6097
15.161 64.6097
15.162 -64.6157
15.162 64.6157
15.163 -64.6218
15.163 64.6218
15.164 -64.6278
15.164 64.6278
15.165 -64.6339
15.165 64.6339
15.166 -64.6399
15.166 64.6399
15.167 -64.6459
15.167 64.6459
15.168 -64.652
15.168 64.652
15.169 -64.658
15.169 64.658
15.17 -64.6641
15.17 64.6641
15.171 -64.6701
15.171 64.6701
15.172 -64.6762
15.172 64.6762
15.173 -64.6822
15.173 64.6822
15.174 -64.6882
15.174 64.6882
15.175 -64.6943
15.175 64.6943
15.176 -64.7003
15.176 64.7003
15.177 -64.7064
15.177 64.7064
15.178 -64.7124
15.178 64.7124
15.179 -64.7185
15.179 64.7185
15.18 -64.7245
15.18 64.7245
15.181 -64.7305
15.181 64.7305
15.182 -64.7366
15.182 64.7366
15.183 -64.7426
15.183 64.7426
15.184 -64.7487
15.184 64.7487
15.185 -64.7547
15.185 64.7547
15.186 -64.7608
15.186 64.7608
15.187 -64.7668
15.187 64.7668
15.188 -64.7729
15.188 64.7729
15.189 -64.7789
15.189 64.7789
15.19 -64.7849
15.19 64.7849
15.191 -64.791
15.191 64.791
15.192 -64.797
15.192 64.797
15.193 -64.8031
15.193 64.8031
15.194 -64.8091
15.194 64.8091
15.195 -64.8152
15.195 64.8152
15.196 -64.8212
15.196 64.8212
15.197 -64.8273
15.197 64.8273
15.198 -64.8333
15.198 64.8333
15.199 -64.8394
15.199 64.8394
15.2 -64.8454
15.2 64.8454
15.201 -64.8515
15.201 64.8515
15.202 -64.8575
15.202 64.8575
15.203 -64.8636
15.203 64.8636
15.204 -64.8696
15.204 64.8696
15.205 -64.8757
15.205 64.8757
15.206 -64.8817
15.206 64.8817
15.207 -64.8878
15.207 64.8878
15.208 -64.8938
15.208 64.8938
15.209 -64.8999
15.209 64.8999
15.21 -64.9059
15.21 64.9059
15.211 -64.912
15.211 64.912
15.212 -64.918
15.212 64.918
15.213 -64.9241
15.213 64.9241
15.214 -64.9301
15.214 64.9301
15.215 -64.9362
15.215 64.9362
15.216 -64.9422
15.216 64.9422
15.217 -64.9483
15.217 64.9483
15.218 -64.9543
15.218 64.9543
15.219 -64.9604
15.219 64.9604
15.22 -64.9664
15.22 64.9664
15.221 -64.9725
15.221 64.9725
15.222 -64.9785
15.222 64.9785
15.223 -64.9846
15.223 64.9846
15.224 -64.9906
15.224 64.9906
15.225 -64.9967
15.225 64.9967
15.226 -65.0027
15.226 65.0027
15.227 -65.0088
15.227 65.0088
15.228 -65.0148
15.228 65.0148
15.229 -65.0209
15.229 65.0209
15.23 -65.0269
15.23 65.0269
15.231 -65.033
15.231 65.033
15.232 -65.039
15.232 65.039
15.233 -65.0451
15.233 65.0451
15.234 -65.0511
15.234 65.0511
15.235 -65.0572
15.235 65.0572
15.236 -65.0633
15.236 65.0633
15.237 -65.0693
15.237 65.0693
15.238 -65.0754
15.238 65.0754
15.239 -65.0814
15.239 65.0814
15.24 -65.0875
15.24 65.0875
15.241 -65.0935
15.241 65.0935
15.242 -65.0996
15.242 65.0996
15.243 -65.1056
15.243 65.1056
15.244 -65.1117
15.244 65.1117
15.245 -65.1177
15.245 65.1177
15.246 -65.1238
15.246 65.1238
15.247 -65.1299
15.247 65.1299
15.248 -65.1359
15.248 65.1359
15.249 -65.142
15.249 65.142
15.25 -65.148
15.25 65.148
15.251 -65.1541
15.251 65.1541
15.252 -65.1601
15.252 65.1601
15.253 -65.1662
15.253 65.1662
15.254 -65.1723
15.254 65.1723
15.255 -65.1783
15.255 65.1783
15.256 -65.1844
15.256 65.1844
15.257 -65.1904
15.257 65.1904
15.258 -65.1965
15.258 65.1965
15.259 -65.2025
15.259 65.2025
15.26 -65.2086
15.26 65.2086
15.261 -65.2147
15.261 65.2147
15.262 -65.2207
15.262 65.2207
15.263 -65.2268
15.263 65.2268
15.264 -65.2328
15.264 65.2328
15.265 -65.2389
15.265 65.2389
15.266 -65.245
15.266 65.245
15.267 -65.251
15.267 65.251
15.268 -65.2571
15.268 65.2571
15.269 -65.2631
15.269 65.2631
15.27 -65.2692
15.27 65.2692
15.271 -65.2753
15.271 65.2753
15.272 -65.2813
15.272 65.2813
15.273 -65.2874
15.273 65.2874
15.274 -65.2934
15.274 65.2934
15.275 -65.2995
15.275 65.2995
15.276 -65.3056
15.276 65.3056
15.277 -65.3116
15.277 65.3116
15.278 -65.3177
15.278 65.3177
15.279 -65.3238
15.279 65.3238
15.28 -65.3298
15.28 65.3298
15.281 -65.3359
15.281 65.3359
15.282 -65.3419
15.282 65.3419
15.283 -65.348
15.283 65.348
15.284 -65.3541
15.284 65.3541
15.285 -65.3601
15.285 65.3601
15.286 -65.3662
15.286 65.3662
15.287 -65.3723
15.287 65.3723
15.288 -65.3783
15.288 65.3783
15.289 -65.3844
15.289 65.3844
15.29 -65.3905
15.29 65.3905
15.291 -65.3965
15.291 65.3965
15.292 -65.4026
15.292 65.4026
15.293 -65.4086
15.293 65.4086
15.294 -65.4147
15.294 65.4147
15.295 -65.4208
15.295 65.4208
15.296 -65.4268
15.296 65.4268
15.297 -65.4329
15.297 65.4329
15.298 -65.439
15.298 65.439
15.299 -65.445
15.299 65.445
15.3 -65.4511
15.3 65.4511
15.301 -65.4572
15.301 65.4572
15.302 -65.4632
15.302 65.4632
15.303 -65.4693
15.303 65.4693
15.304 -65.4754
15.304 65.4754
15.305 -65.4814
15.305 65.4814
15.306 -65.4875
15.306 65.4875
15.307 -65.4936
15.307 65.4936
15.308 -65.4996
15.308 65.4996
15.309 -65.5057
15.309 65.5057
15.31 -65.5118
15.31 65.5118
15.311 -65.5178
15.311 65.5178
15.312 -65.5239
15.312 65.5239
15.313 -65.53
15.313 65.53
15.314 -65.536
15.314 65.536
15.315 -65.5421
15.315 65.5421
15.316 -65.5482
15.316 65.5482
15.317 -65.5543
15.317 65.5543
15.318 -65.5603
15.318 65.5603
15.319 -65.5664
15.319 65.5664
15.32 -65.5725
15.32 65.5725
15.321 -65.5785
15.321 65.5785
15.322 -65.5846
15.322 65.5846
15.323 -65.5907
15.323 65.5907
15.324 -65.5967
15.324 65.5967
15.325 -65.6028
15.325 65.6028
15.326 -65.6089
15.326 65.6089
15.327 -65.615
15.327 65.615
15.328 -65.621
15.328 65.621
15.329 -65.6271
15.329 65.6271
15.33 -65.6332
15.33 65.6332
15.331 -65.6392
15.331 65.6392
15.332 -65.6453
15.332 65.6453
15.333 -65.6514
15.333 65.6514
15.334 -65.6575
15.334 65.6575
15.335 -65.6635
15.335 65.6635
15.336 -65.6696
15.336 65.6696
15.337 -65.6757
15.337 65.6757
15.338 -65.6818
15.338 65.6818
15.339 -65.6878
15.339 65.6878
15.34 -65.6939
15.34 65.6939
15.341 -65.7
15.341 65.7
15.342 -65.706
15.342 65.706
15.343 -65.7121
15.343 65.7121
15.344 -65.7182
15.344 65.7182
15.345 -65.7243
15.345 65.7243
15.346 -65.7303
15.346 65.7303
15.347 -65.7364
15.347 65.7364
15.348 -65.7425
15.348 65.7425
15.349 -65.7486
15.349 65.7486
15.35 -65.7546
15.35 65.7546
15.351 -65.7607
15.351 65.7607
15.352 -65.7668
15.352 65.7668
15.353 -65.7729
15.353 65.7729
15.354 -65.7789
15.354 65.7789
15.355 -65.785
15.355 65.785
15.356 -65.7911
15.356 65.7911
15.357 -65.7972
15.357 65.7972
15.358 -65.8033
15.358 65.8033
15.359 -65.8093
15.359 65.8093
15.36 -65.8154
15.36 65.8154
15.361 -65.8215
15.361 65.8215
15.362 -65.8276
15.362 65.8276
15.363 -65.8336
15.363 65.8336
15.364 -65.8397
15.364 65.8397
15.365 -65.8458
15.365 65.8458
15.366 -65.8519
15.366 65.8519
15.367 -65.8579
15.367 65.8579
15.368 -65.864
15.368 65.864
15.369 -65.8701
15.369 65.8701
15.37 -65.8762
15.37 65.8762
15.371 -65.8823
15.371 65.8823
15.372 -65.8883
15.372 65.8883
15.373 -65.8944
15.373 65.8944
15.374 -65.9005
15.374 65.9005
15.375 -65.9066
15.375 65.9066
15.376 -65.9127
15.376 65.9127
15.377 -65.9187
15.377 65.9187
15.378 -65.9248
15.378 65.9248
15.379 -65.9309
15.379 65.9309
15.38 -65.937
15.38 65.937
15.381 -65.9431
15.381 65.9431
15.382 -65.9491
15.382 65.9491
15.383 -65.9552
15.383 65.9552
15.384 -65.9613
15.384 65.9613
15.385 -65.9674
15.385 65.9674
15.386 -65.9735
15.386 65.9735
15.387 -65.9796
15.387 65.9796
15.388 -65.9856
15.388 65.9856
15.389 -65.9917
15.389 65.9917
15.39 -65.9978
15.39 65.9978
15.391 -66.0039
15.391 66.0039
15.392 -66.01
15.392 66.01
15.393 -66.0161
15.393 66.0161
15.394 -66.0221
15.394 66.0221
15.395 -66.0282
15.395 66.0282
15.396 -66.0343
15.396 66.0343
15.397 -66.0404
15.397 66.0404
15.398 -66.0465
15.398 66.0465
15.399 -66.0526
15.399 66.0526
15.4 -66.0586
15.4 66.0586
15.401 -66.0647
15.401 66.0647
15.402 -66.0708
15.402 66.0708
15.403 -66.0769
15.403 66.0769
15.404 -66.083
15.404 66.083
15.405 -66.0891
15.405 66.0891
15.406 -66.0952
15.406 66.0952
15.407 -66.1012
15.407 66.1012
15.408 -66.1073
15.408 66.1073
15.409 -66.1134
15.409 66.1134
15.41 -66.1195
15.41 66.1195
15.411 -66.1256
15.411 66.1256
15.412 -66.1317
15.412 66.1317
15.413 -66.1378
15.413 66.1378
15.414 -66.1438
15.414 66.1438
15.415 -66.1499
15.415 66.1499
15.416 -66.156
15.416 66.156
15.417 -66.1621
15.417 66.1621
15.418 -66.1682
15.418 66.1682
15.419 -66.1743
15.419 66.1743
15.42 -66.1804
15.42 66.1804
15.421 -66.1865
15.421 66.1865
15.422 -66.1925
15.422 66.1925
15.423 -66.1986
15.423 66.1986
15.424 -66.2047
15.424 66.2047
15.425 -66.2108
15.425 66.2108
15.426 -66.2169
15.426 66.2169
15.427 -66.223
15.427 66.223
15.428 -66.2291
15.428 66.2291
15.429 -66.2352
15.429 66.2352
15.43 -66.2413
15.43 66.2413
15.431 -66.2474
15.431 66.2474
15.432 -66.2534
15.432 66.2534
15.433 -66.2595
15.433 66.2595
15.434 -66.2656
15.434 66.2656
15.435 -66.2717
15.435 66.2717
15.436 -66.2778
15.436 66.2778
15.437 -66.2839
15.437 66.2839
15.438 -66.29
15.438 66.29
15.439 -66.2961
15.439 66.2961
15.44 -66.3022
15.44 66.3022
15.441 -66.3083
15.441 66.3083
15.442 -66.3144
15.442 66.3144
15.443 -66.3204
15.443 66.3204
15.444 -66.3265
15.444 66.3265
15.445 -66.3326
15.445 66.3326
15.446 -66.3387
15.446 66.3387
15.447 -66.3448
15.447 66.3448
15.448 -66.3509
15.448 66.3509
15.449 -66.357
15.449 66.357
15.45 -66.3631
15.45 66.3631
15.451 -66.3692
15.451 66.3692
15.452 -66.3753
15.452 66.3753
15.453 -66.3814
15.453 66.3814
15.454 -66.3875
15.454 66.3875
15.455 -66.3936
15.455 66.3936
15.456 -66.3997
15.456 66.3997
15.457 -66.4058
15.457 66.4058
15.458 -66.4119
15.458 66.4119
15.459 -66.418
15.459 66.418
15.46 -66.424
15.46 66.424
15.461 -66.4301
15.461 66.4301
15.462 -66.4362
15.462 66.4362
15.463 -66.4423
15.463 66.4423
15.464 -66.4484
15.464 66.4484
15.465 -66.4545
15.465 66.4545
15.466 -66.4606
15.466 66.4606
15.467 -66.4667
15.467 66.4667
15.468 -66.4728
15.468 66.4728
15.469 -66.4789
15.469 66.4789
15.47 -66.485
15.47 66.485
15.471 -66.4911
15.471 66.4911
15.472 -66.4972
15.472 66.4972
15.473 -66.5033
15.473 66.5033
15.474 -66.5094
15.474 66.5094
15.475 -66.5155
15.475 66.5155
15.476 -66.5216
15.476 66.5216
15.477 -66.5277
15.477 66.5277
15.478 -66.5338
15.478 66.5338
15.479 -66.5399
15.479 66.5399
15.48 -66.546
15.48 66.546
15.481 -66.5521
15.481 66.5521
15.482 -66.5582
15.482 66.5582
15.483 -66.5643
15.483 66.5643
15.484 -66.5704
15.484 66.5704
15.485 -66.5765
15.485 66.5765
15.486 -66.5826
15.486 66.5826
15.487 -66.5887
15.487 66.5887
15.488 -66.5948
15.488 66.5948
15.489 -66.6009
15.489 66.6009
15.49 -66.607
15.49 66.607
15.491 -66.6131
15.491 66.6131
15.492 -66.6192
15.492 66.6192
15.493 -66.6253
15.493 66.6253
15.494 -66.6314
15.494 66.6314
15.495 -66.6375
15.495 66.6375
15.496 -66.6436
15.496 66.6436
15.497 -66.6497
15.497 66.6497
15.498 -66.6558
15.498 66.6558
15.499 -66.6619
15.499 66.6619
15.5 -66.668
15.5 66.668
15.501 -66.6741
15.501 66.6741
15.502 -66.6802
15.502 66.6802
15.503 -66.6863
15.503 66.6863
15.504 -66.6924
15.504 66.6924
15.505 -66.6985
15.505 66.6985
15.506 -66.7046
15.506 66.7046
15.507 -66.7107
15.507 66.7107
15.508 -66.7169
15.508 66.7169
15.509 -66.723
15.509 66.723
15.51 -66.7291
15.51 66.7291
15.511 -66.7352
15.511 66.7352
15.512 -66.7413
15.512 66.7413
15.513 -66.7474
15.513 66.7474
15.514 -66.7535
15.514 66.7535
15.515 -66.7596
15.515 66.7596
15.516 -66.7657
15.516 66.7657
15.517 -66.7718
15.517 66.7718
15.518 -66.7779
15.518 66.7779
15.519 -66.784
15.519 66.784
15.52 -66.7901
15.52 66.7901
15.521 -66.7962
15.521 66.7962
15.522 -66.8023
15.522 66.8023
15.523 -66.8084
15.523 66.8084
15.524 -66.8145
15.524 66.8145
15.525 -66.8207
15.525 66.8207
15.526 -66.8268
15.526 66.8268
15.527 -66.8329
15.527 66.8329
15.528 -66.839
15.528 66.839
15.529 -66.8451
15.529 66.8451
15.53 -66.8512
15.53 66.8512
15.531 -66.8573
15.531 66.8573
15.532 -66.8634
15.532 66.8634
15.533 -66.8695
15.533 66.8695
15.534 -66.8756
15.534 66.8756
15.535 -66.8817
15.535 66.8817
15.536 -66.8878
15.536 66.8878
15.537 -66.894
15.537 66.894
15.538 -66.9001
15.538 66.9001
15.539 -66.9062
15.539 66.9062
15.54 -66.9123
15.54 66.9123
15.541 -66.9184
15.541 66.9184
15.542 -66.9245
15.542 66.9245
15.543 -66.9306
15.543 66.9306
15.544 -66.9367
15.544 66.9367
15.545 -66.9428
15.545 66.9428
15.546 -66.949
15.546 66.949
15.547 -66.9551
15.547 66.9551
15.548 -66.9612
15.548 66.9612
15.549 -66.9673
15.549 66.9673
15.55 -66.9734
15.55 66.9734
15.551 -66.9795
15.551 66.9795
15.552 -66.9856
15.552 66.9856
15.553 -66.9917
15.553 66.9917
15.554 -66.9979
15.554 66.9979
15.555 -67.004
15.555 67.004
15.556 -67.0101
15.556 67.0101
15.557 -67.0162
15.557 67.0162
15.558 -67.0223
15.558 67.0223
15.559 -67.0284
15.559 67.0284
15.56 -67.0345
15.56 67.0345
15.561 -67.0406
15.561 67.0406
15.562 -67.0468
15.562 67.0468
15.563 -67.0529
15.563 67.0529
15.564 -67.059
15.564 67.059
15.565 -67.0651
15.565 67.0651
15.566 -67.0712
15.566 67.0712
15.567 -67.0773
15.567 67.0773
15.568 -67.0834
15.568 67.0834
15.569 -67.0896
15.569 67.0896
15.57 -67.0957
15.57 67.0957
15.571 -67.1018
15.571 67.1018
15.572 -67.1079
15.572 67.1079
15.573 -67.114
15.573 67.114
15.574 -67.1201
15.574 67.1201
15.575 -67.1263
15.575 67.1263
15.576 -67.1324
15.576 67.1324
15.577 -67.1385
15.577 67.1385
15.578 -67.1446
15.578 67.1446
15.579 -67.1507
15.579 67.1507
15.58 -67.1568
15.58 67.1568
15.581 -67.163
15.581 67.163
15.582 -67.1691
15.582 67.1691
15.583 -67.1752
15.583 67.1752
15.584 -67.1813
15.584 67.1813
15.585 -67.1874
15.585 67.1874
15.586 -67.1936
15.586 67.1936
15.587 -67.1997
15.587 67.1997
15.588 -67.2058
15.588 67.2058
15.589 -67.2119
15.589 67.2119
15.59 -67.218
15.59 67.218
15.591 -67.2242
15.591 67.2242
15.592 -67.2303
15.592 67.2303
15.593 -67.2364
15.593 67.2364
15.594 -67.2425
15.594 67.2425
15.595 -67.2486
15.595 67.2486
15.596 -67.2548
15.596 67.2548
15.597 -67.2609
15.597 67.2609
15.598 -67.267
15.598 67.267
15.599 -67.2731
15.599 67.2731
15.6 -67.2792
15.6 67.2792
15.601 -67.2854
15.601 67.2854
15.602 -67.2915
15.602 67.2915
15.603 -67.2976
15.603 67.2976
15.604 -67.3037
15.604 67.3037
15.605 -67.3098
15.605 67.3098
15.606 -67.316
15.606 67.316
15.607 -67.3221
15.607 67.3221
15.608 -67.3282
15.608 67.3282
15.609 -67.3343
15.609 67.3343
15.61 -67.3405
15.61 67.3405
15.611 -67.3466
15.611 67.3466
15.612 -67.3527
15.612 67.3527
15.613 -67.3588
15.613 67.3588
15.614 -67.365
15.614 67.365
15.615 -67.3711
15.615 67.3711
15.616 -67.3772
15.616 67.3772
15.617 -67.3833
15.617 67.3833
15.618 -67.3895
15.618 67.3895
15.619 -67.3956
15.619 67.3956
15.62 -67.4017
15.62 67.4017
15.621 -67.4078
15.621 67.4078
15.622 -67.414
15.622 67.414
15.623 -67.4201
15.623 67.4201
15.624 -67.4262
15.624 67.4262
15.625 -67.4323
15.625 67.4323
15.626 -67.4385
15.626 67.4385
15.627 -67.4446
15.627 67.4446
15.628 -67.4507
15.628 67.4507
15.629 -67.4568
15.629 67.4568
15.63 -67.463
15.63 67.463
15.631 -67.4691
15.631 67.4691
15.632 -67.4752
15.632 67.4752
15.633 -67.4813
15.633 67.4813
15.634 -67.4875
15.634 67.4875
15.635 -67.4936
15.635 67.4936
15.636 -67.4997
15.636 67.4997
15.637 -67.5059
15.637 67.5059
15.638 -67.512
15.638 67.512
15.639 -67.5181
15.639 67.5181
15.64 -67.5242
15.64 67.5242
15.641 -67.5304
15.641 67.5304
15.642 -67.5365
15.642 67.5365
15.643 -67.5426
15.643 67.5426
15.644 -67.5488
15.644 67.5488
15.645 -67.5549
15.645 67.5549
15.646 -67.561
15.646 67.561
15.647 -67.5671
15.647 67.5671
15.648 -67.5733
15.648 67.5733
15.649 -67.5794
15.649 67.5794
15.65 -67.5855
15.65 67.5855
15.651 -67.5917
15.651 67.5917
15.652 -67.5978
15.652 67.5978
15.653 -67.6039
15.653 67.6039
15.654 -67.6101
15.654 67.6101
15.655 -67.6162
15.655 67.6162
15.656 -67.6223
15.656 67.6223
15.657 -67.6285
15.657 67.6285
15.658 -67.6346
15.658 67.6346
15.659 -67.6407
15.659 67.6407
15.66 -67.6468
15.66 67.6468
15.661 -67.653
15.661 67.653
15.662 -67.6591
15.662 67.6591
15.663 -67.6652
15.663 67.6652
15.664 -67.6714
15.664 67.6714
15.665 -67.6775
15.665 67.6775
15.666 -67.6836
15.666 67.6836
15.667 -67.6898
15.667 67.6898
15.668 -67.6959
15.668 67.6959
15.669 -67.702
15.669 67.702
15.67 -67.7082
15.67 67.7082
15.671 -67.7143
15.671 67.7143
15.672 -67.7205
15.672 67.7205
15.673 -67.7266
15.673 67.7266
15.674 -67.7327
15.674 67.7327
15.675 -67.7389
15.675 67.7389
15.676 -67.745
15.676 67.745
15.677 -67.7511
15.677 67.7511
15.678 -67.7573
15.678 67.7573
15.679 -67.7634
15.679 67.7634
15.68 -67.7695
15.68 67.7695
15.681 -67.7757
15.681 67.7757
15.682 -67.7818
15.682 67.7818
15.683 -67.7879
15.683 67.7879
15.684 -67.7941
15.684 67.7941
15.685 -67.8002
15.685 67.8002
15.686 -67.8064
15.686 67.8064
15.687 -67.8125
15.687 67.8125
15.688 -67.8186
15.688 67.8186
15.689 -67.8248
15.689 67.8248
15.69 -67.8309
15.69 67.8309
15.691 -67.837
15.691 67.837
15.692 -67.8432
15.692 67.8432
15.693 -67.8493
15.693 67.8493
15.694 -67.8555
15.694 67.8555
15.695 -67.8616
15.695 67.8616
15.696 -67.8677
15.696 67.8677
15.697 -67.8739
15.697 67.8739
15.698 -67.88
15.698 67.88
15.699 -67.8862
15.699 67.8862
15.7 -67.8923
15.7 67.8923
15.701 -67.8984
15.701 67.8984
15.702 -67.9046
15.702 67.9046
15.703 -67.9107
15.703 67.9107
15.704 -67.9168
15.704 67.9168
15.705 -67.923
15.705 67.923
15.706 -67.9291
15.706 67.9291
15.707 -67.9353
15.707 67.9353
15.708 -67.9414
15.708 67.9414
15.709 -67.9476
15.709 67.9476
15.71 -67.9537
15.71 67.9537
15.711 -67.9598
15.711 67.9598
15.712 -67.966
15.712 67.966
15.713 -67.9721
15.713 67.9721
15.714 -67.9783
15.714 67.9783
15.715 -67.9844
15.715 67.9844
15.716 -67.9905
15.716 67.9905
15.717 -67.9967
15.717 67.9967
15.718 -68.0028
15.718 68.0028
15.719 -68.009
15.719 68.009
15.72 -68.0151
15.72 68.0151
15.721 -68.0213
15.721 68.0213
15.722 -68.0274
15.722 68.0274
15.723 -68.0335
15.723 68.0335
15.724 -68.0397
15.724 68.0397
15.725 -68.0458
15.725 68.0458
15.726 -68.052
15.726 68.052
15.727 -68.0581
15.727 68.0581
15.728 -68.0643
15.728 68.0643
15.729 -68.0704
15.729 68.0704
15.73 -68.0766
15.73 68.0766
15.731 -68.0827
15.731 68.0827
15.732 -68.0889
15.732 68.0889
15.733 -68.095
15.733 68.095
15.734 -68.1011
15.734 68.1011
15.735 -68.1073
15.735 68.1073
15.736 -68.1134
15.736 68.1134
15.737 -68.1196
15.737 68.1196
15.738 -68.1257
15.738 68.1257
15.739 -68.1319
15.739 68.1319
15.74 -68.138
15.74 68.138
15.741 -68.1442
15.741 68.1442
15.742 -68.1503
15.742 68.1503
15.743 -68.1565
15.743 68.1565
15.744 -68.1626
15.744 68.1626
15.745 -68.1688
15.745 68.1688
15.746 -68.1749
15.746 68.1749
15.747 -68.1811
15.747 68.1811
15.748 -68.1872
15.748 68.1872
15.749 -68.1934
15.749 68.1934
15.75 -68.1995
15.75 68.1995
15.751 -68.2056
15.751 68.2056
15.752 -68.2118
15.752 68.2118
15.753 -68.2179
15.753 68.2179
15.754 -68.2241
15.754 68.2241
15.755 -68.2302
15.755 68.2302
15.756 -68.2364
15.756 68.2364
15.757 -68.2425
15.757 68.2425
15.758 -68.2487
15.758 68.2487
15.759 -68.2548
15.759 68.2548
15.76 -68.261
15.76 68.261
15.761 -68.2671
15.761 68.2671
15.762 -68.2733
15.762 68.2733
15.763 -68.2795
15.763 68.2795
15.764 -68.2856
15.764 68.2856
15.765 -68.2918
15.765 68.2918
15.766 -68.2979
15.766 68.2979
15.767 -68.3041
15.767 68.3041
15.768 -68.3102
15.768 68.3102
15.769 -68.3164
15.769 68.3164
15.77 -68.3225
15.77 68.3225
15.771 -68.3287
15.771 68.3287
15.772 -68.3348
15.772 68.3348
15.773 -68.341
15.773 68.341
15.774 -68.3471
15.774 68.3471
15.775 -68.3533
15.775 68.3533
15.776 -68.3594
15.776 68.3594
15.777 -68.3656
15.777 68.3656
15.778 -68.3717
15.778 68.3717
15.779 -68.3779
15.779 68.3779
15.78 -68.384
15.78 68.384
15.781 -68.3902
15.781 68.3902
15.782 -68.3964
15.782 68.3964
15.783 -68.4025
15.783 68.4025
15.784 -68.4087
15.784 68.4087
15.785 -68.4148
15.785 68.4148
15.786 -68.421
15.786 68.421
15.787 -68.4271
15.787 68.4271
15.788 -68.4333
15.788 68.4333
15.789 -68.4394
15.789 68.4394
15.79 -68.4456
15.79 68.4456
15.791 -68.4518
15.791 68.4518
15.792 -68.4579
15.792 68.4579
15.793 -68.4641
15.793 68.4641
15.794 -68.4702
15.794 68.4702
15.795 -68.4764
15.795 68.4764
15.796 -68.4825
15.796 68.4825
15.797 -68.4887
15.797 68.4887
15.798 -68.4949
15.798 68.4949
15.799 -68.501
15.799 68.501
15.8 -68.5072
15.8 68.5072
15.801 -68.5133
15.801 68.5133
15.802 -68.5195
15.802 68.5195
15.803 -68.5256
15.803 68.5256
15.804 -68.5318
15.804 68.5318
15.805 -68.538
15.805 68.538
15.806 -68.5441
15.806 68.5441
15.807 -68.5503
15.807 68.5503
15.808 -68.5564
15.808 68.5564
15.809 -68.5626
15.809 68.5626
15.81 -68.5688
15.81 68.5688
15.811 -68.5749
15.811 68.5749
15.812 -68.5811
15.812 68.5811
15.813 -68.5872
15.813 68.5872
15.814 -68.5934
15.814 68.5934
15.815 -68.5996
15.815 68.5996
15.816 -68.6057
15.816 68.6057
15.817 -68.6119
15.817 68.6119
15.818 -68.618
15.818 68.618
15.819 -68.6242
15.819 68.6242
15.82 -68.6304
15.82 68.6304
15.821 -68.6365
15.821 68.6365
15.822 -68.6427
15.822 68.6427
15.823 -68.6488
15.823 68.6488
15.824 -68.655
15.824 68.655
15.825 -68.6612
15.825 68.6612
15.826 -68.6673
15.826 68.6673
15.827 -68.6735
15.827 68.6735
15.828 -68.6797
15.828 68.6797
15.829 -68.6858
15.829 68.6858
15.83 -68.692
15.83 68.692
15.831 -68.6981
15.831 68.6981
15.832 -68.7043
15.832 68.7043
15.833 -68.7105
15.833 68.7105
15.834 -68.7166
15.834 68.7166
15.835 -68.7228
15.835 68.7228
15.836 -68.729
15.836 68.729
15.837 -68.7351
15.837 68.7351
15.838 -68.7413
15.838 68.7413
15.839 -68.7475
15.839 68.7475
15.84 -68.7536
15.84 68.7536
15.841 -68.7598
15.841 68.7598
15.842 -68.766
15.842 68.766
15.843 -68.7721
15.843 68.7721
15.844 -68.7783
15.844 68.7783
15.845 -68.7845
15.845 68.7845
15.846 -68.7906
15.846 68.7906
15.847 -68.7968
15.847 68.7968
15.848 -68.803
15.848 68.803
15.849 -68.8091
15.849 68.8091
15.85 -68.8153
15.85 68.8153
15.851 -68.8215
15.851 68.8215
15.852 -68.8276
15.852 68.8276
15.853 -68.8338
15.853 68.8338
15.854 -68.84
15.854 68.84
15.855 -68.8461
15.855 68.8461
15.856 -68.8523
15.856 68.8523
15.857 -68.8585
15.857 68.8585
15.858 -68.8646
15.858 68.8646
15.859 -68.8708
15.859 68.8708
15.86 -68.877
15.86 68.877
15.861 -68.8831
15.861 68.8831
15.862 -68.8893
15.862 68.8893
15.863 -68.8955
15.863 68.8955
15.864 -68.9016
15.864 68.9016
15.865 -68.9078
15.865 68.9078
15.866 -68.914
15.866 68.914
15.867 -68.9202
15.867 68.9202
15.868 -68.9263
15.868 68.9263
15.869 -68.9325
15.869 68.9325
15.87 -68.9387
15.87 68.9387
15.871 -68.9448
15.871 68.9448
15.872 -68.951
15.872 68.951
15.873 -68.9572
15.873 68.9572
15.874 -68.9634
15.874 68.9634
15.875 -68.9695
15.875 68.9695
15.876 -68.9757
15.876 68.9757
15.877 -68.9819
15.877 68.9819
15.878 -68.988
15.878 68.988
15.879 -68.9942
15.879 68.9942
15.88 -69.0004
15.88 69.0004
15.881 -69.0066
15.881 69.0066
15.882 -69.0127
15.882 69.0127
15.883 -69.0189
15.883 69.0189
15.884 -69.0251
15.884 69.0251
15.885 -69.0312
15.885 69.0312
15.886 -69.0374
15.886 69.0374
15.887 -69.0436
15.887 69.0436
15.888 -69.0498
15.888 69.0498
15.889 -69.0559
15.889 69.0559
15.89 -69.0621
15.89 69.0621
15.891 -69.0683
15.891 69.0683
15.892 -69.0745
15.892 69.0745
15.893 -69.0806
15.893 69.0806
15.894 -69.0868
15.894 69.0868
15.895 -69.093
15.895 69.093
15.896 -69.0992
15.896 69.0992
15.897 -69.1053
15.897 69.1053
15.898 -69.1115
15.898 69.1115
15.899 -69.1177
15.899 69.1177
15.9 -69.1239
15.9 69.1239
15.901 -69.13
15.901 69.13
15.902 -69.1362
15.902 69.1362
15.903 -69.1424
15.903 69.1424
15.904 -69.1486
15.904 69.1486
15.905 -69.1547
15.905 69.1547
15.906 -69.1609
15.906 69.1609
15.907 -69.1671
15.907 69.1671
15.908 -69.1733
15.908 69.1733
15.909 -69.1795
15.909 69.1795
15.91 -69.1856
15.91 69.1856
15.911 -69.1918
15.911 69.1918
15.912 -69.198
15.912 69.198
15.913 -69.2042
15.913 69.2042
15.914 -69.2104
15.914 69.2104
15.915 -69.2165
15.915 69.2165
15.916 -69.2227
15.916 69.2227
15.917 -69.2289
15.917 69.2289
15.918 -69.2351
15.918 69.2351
15.919 -69.2412
15.919 69.2412
15.92 -69.2474
15.92 69.2474
15.921 -69.2536
15.921 69.2536
15.922 -69.2598
15.922 69.2598
15.923 -69.266
15.923 69.266
15.924 -69.2721
15.924 69.2721
15.925 -69.2783
15.925 69.2783
15.926 -69.2845
15.926 69.2845
15.927 -69.2907
15.927 69.2907
15.928 -69.2969
15.928 69.2969
15.929 -69.303
15.929 69.303
15.93 -69.3092
15.93 69.3092
15.931 -69.3154
15.931 69.3154
15.932 -69.3216
15.932 69.3216
15.933 -69.3278
15.933 69.3278
15.934 -69.334
15.934 69.334
15.935 -69.3401
15.935 69.3401
15.936 -69.3463
15.936 69.3463
15.937 -69.3525
15.937 69.3525
15.938 -69.3587
15.938 69.3587
15.939 -69.3649
15.939 69.3649
15.94 -69.3711
15.94 69.3711
15.941 -69.3772
15.941 69.3772
15.942 -69.3834
15.942 69.3834
15.943 -69.3896
15.943 69.3896
15.944 -69.3958
15.944 69.3958
15.945 -69.402
15.945 69.402
15.946 -69.4082
15.946 69.4082
15.947 -69.4143
15.947 69.4143
15.948 -69.4205
15.948 69.4205
15.949 -69.4267
15.949 69.4267
15.95 -69.4329
15.95 69.4329
15.951 -69.4391
15.951 69.4391
15.952 -69.4453
15.952 69.4453
15.953 -69.4515
15.953 69.4515
15.954 -69.4576
15.954 69.4576
15.955 -69.4638
15.955 69.4638
15.956 -69.47
15.956 69.47
15.957 -69.4762
15.957 69.4762
15.958 -69.4824
15.958 69.4824
15.959 -69.4886
15.959 69.4886
15.96 -69.4948
15.96 69.4948
15.961 -69.5009
15.961 69.5009
15.962 -69.5071
15.962 69.5071
15.963 -69.5133
15.963 69.5133
15.964 -69.5195
15.964 69.5195
15.965 -69.5257
15.965 69.5257
15.966 -69.5319
15.966 69.5319
15.967 -69.5381
15.967 69.5381
15.968 -69.5443
15.968 69.5443
15.969 -69.5504
15.969 69.5504
15.97 -69.5566
15.97 69.5566
15.971 -69.5628
15.971 69.5628
15.972 -69.569
15.972 69.569
15.973 -69.5752
15.973 69.5752
15.974 -69.5814
15.974 69.5814
15.975 -69.5876
15.975 69.5876
15.976 -69.5938
15.976 69.5938
15.977 -69.6
15.977 69.6
15.978 -69.6062
15.978 69.6062
15.979 -69.6123
15.979 69.6123
15.98 -69.6185
15.98 69.6185
15.981 -69.6247
15.981 69.6247
15.982 -69.6309
15.982 69.6309
15.983 -69.6371
15.983 69.6371
15.984 -69.6433
15.984 69.6433
15.985 -69.6495
15.985 69.6495
15.986 -69.6557
15.986 69.6557
15.987 -69.6619
15.987 69.6619
15.988 -69.6681
15.988 69.6681
15.989 -69.6743
15.989 69.6743
15.99 -69.6804
15.99 69.6804
15.991 -69.6866
15.991 69.6866
15.992 -69.6928
15.992 69.6928
15.993 -69.699
15.993 69.699
15.994 -69.7052
15.994 69.7052
15.995 -69.7114
15.995 69.7114
15.996 -69.7176
15.996 69.7176
15.997 -69.7238
15.997 69.7238
15.998 -69.73
15.998 69.73
15.999 -69.7362
15.999 69.7362
16 -69.7424
16 69.7424
16.001 -69.7486
16.001 69.7486
16.002 -69.7548
16.002 69.7548
16.003 -69.761
16.003 69.761
16.004 -69.7672
16.004 69.7672
16.005 -69.7734
16.005 69.7734
16.006 -69.7796
16.006 69.7796
16.007 -69.7857
16.007 69.7857
16.008 -69.7919
16.008 69.7919
16.009 -69.7981
16.009 69.7981
16.01 -69.8043
16.01 69.8043
16.011 -69.8105
16.011 69.8105
16.012 -69.8167
16.012 69.8167
16.013 -69.8229
16.013 69.8229
16.014 -69.8291
16.014 69.8291
16.015 -69.8353
16.015 69.8353
16.016 -69.8415
16.016 69.8415
16.017 -69.8477
16.017 69.8477
16.018 -69.8539
16.018 69.8539
16.019 -69.8601
16.019 69.8601
16.02 -69.8663
16.02 69.8663
16.021 -69.8725
16.021 69.8725
16.022 -69.8787
16.022 69.8787
16.023 -69.8849
16.023 69.8849
16.024 -69.8911
16.024 69.8911
16.025 -69.8973
16.025 69.8973
16.026 -69.9035
16.026 69.9035
16.027 -69.9097
16.027 69.9097
16.028 -69.9159
16.028 69.9159
16.029 -69.9221
16.029 69.9221
16.03 -69.9283
16.03 69.9283
16.031 -69.9345
16.031 69.9345
16.032 -69.9407
16.032 69.9407
16.033 -69.9469
16.033 69.9469
16.034 -69.9531
16.034 69.9531
16.035 -69.9593
16.035 69.9593
16.036 -69.9655
16.036 69.9655
16.037 -69.9717
16.037 69.9717
16.038 -69.9779
16.038 69.9779
16.039 -69.9841
16.039 69.9841
16.04 -69.9903
16.04 69.9903
16.041 -69.9965
16.041 69.9965
16.042 -70.0027
16.042 70.0027
16.043 -70.0089
16.043 70.0089
16.044 -70.0151
16.044 70.0151
16.045 -70.0213
16.045 70.0213
16.046 -70.0275
16.046 70.0275
16.047 -70.0337
16.047 70.0337
16.048 -70.0399
16.048 70.0399
16.049 -70.0461
16.049 70.0461
16.05 -70.0523
16.05 70.0523
16.051 -70.0585
16.051 70.0585
16.052 -70.0647
16.052 70.0647
16.053 -70.0709
16.053 70.0709
16.054 -70.0771
16.054 70.0771
16.055 -70.0833
16.055 70.0833
16.056 -70.0895
16.056 70.0895
16.057 -70.0957
16.057 70.0957
16.058 -70.102
16.058 70.102
16.059 -70.1082
16.059 70.1082
16.06 -70.1144
16.06 70.1144
16.061 -70.1206
16.061 70.1206
16.062 -70.1268
16.062 70.1268
16.063 -70.133
16.063 70.133
16.064 -70.1392
16.064 70.1392
16.065 -70.1454
16.065 70.1454
16.066 -70.1516
16.066 70.1516
16.067 -70.1578
16.067 70.1578
16.068 -70.164
16.068 70.164
16.069 -70.1702
16.069 70.1702
16.07 -70.1764
16.07 70.1764
16.071 -70.1826
16.071 70.1826
16.072 -70.1888
16.072 70.1888
16.073 -70.195
16.073 70.195
16.074 -70.2013
16.074 70.2013
16.075 -70.2075
16.075 70.2075
16.076 -70.2137
16.076 70.2137
16.077 -70.2199
16.077 70.2199
16.078 -70.2261
16.078 70.2261
16.079 -70.2323
16.079 70.2323
16.08 -70.2385
16.08 70.2385
16.081 -70.2447
16.081 70.2447
16.082 -70.2509
16.082 70.2509
16.083 -70.2571
16.083 70.2571
16.084 -70.2633
16.084 70.2633
16.085 -70.2695
16.085 70.2695
16.086 -70.2758
16.086 70.2758
16.087 -70.282
16.087 70.282
16.088 -70.2882
16.088 70.2882
16.089 -70.2944
16.089 70.2944
16.09 -70.3006
16.09 70.3006
16.091 -70.3068
16.091 70.3068
16.092 -70.313
16.092 70.313
16.093 -70.3192
16.093 70.3192
16.094 -70.3254
16.094 70.3254
16.095 -70.3317
16.095 70.3317
16.096 -70.3379
16.096 70.3379
16.097 -70.3441
16.097 70.3441
16.098 -70.3503
16.098 70.3503
16.099 -70.3565
16.099 70.3565
16.1 -70.3627
16.1 70.3627
16.101 -70.3689
16.101 70.3689
16.102 -70.3751
16.102 70.3751
16.103 -70.3813
16.103 70.3813
16.104 -70.3876
16.104 70.3876
16.105 -70.3938
16.105 70.3938
16.106 -70.4
16.106 70.4
16.107 -70.4062
16.107 70.4062
16.108 -70.4124
16.108 70.4124
16.109 -70.4186
16.109 70.4186
16.11 -70.4248
16.11 70.4248
16.111 -70.4311
16.111 70.4311
16.112 -70.4373
16.112 70.4373
16.113 -70.4435
16.113 70.4435
16.114 -70.4497
16.114 70.4497
16.115 -70.4559
16.115 70.4559
16.116 -70.4621
16.116 70.4621
16.117 -70.4683
16.117 70.4683
16.118 -70.4746
16.118 70.4746
16.119 -70.4808
16.119 70.4808
16.12 -70.487
16.12 70.487
16.121 -70.4932
16.121 70.4932
16.122 -70.4994
16.122 70.4994
16.123 -70.5056
16.123 70.5056
16.124 -70.5119
16.124 70.5119
16.125 -70.5181
16.125 70.5181
16.126 -70.5243
16.126 70.5243
16.127 -70.5305
16.127 70.5305
16.128 -70.5367
16.128 70.5367
16.129 -70.5429
16.129 70.5429
16.13 -70.5492
16.13 70.5492
16.131 -70.5554
16.131 70.5554
16.132 -70.5616
16.132 70.5616
16.133 -70.5678
16.133 70.5678
16.134 -70.574
16.134 70.574
16.135 -70.5803
16.135 70.5803
16.136 -70.5865
16.136 70.5865
16.137 -70.5927
16.137 70.5927
16.138 -70.5989
16.138 70.5989
16.139 -70.6051
16.139 70.6051
16.14 -70.6113
16.14 70.6113
16.141 -70.6176
16.141 70.6176
16.142 -70.6238
16.142 70.6238
16.143 -70.63
16.143 70.63
16.144 -70.6362
16.144 70.6362
16.145 -70.6424
16.145 70.6424
16.146 -70.6487
16.146 70.6487
16.147 -70.6549
16.147 70.6549
16.148 -70.6611
16.148 70.6611
16.149 -70.6673
16.149 70.6673
16.15 -70.6736
16.15 70.6736
16.151 -70.6798
16.151 70.6798
16.152 -70.686
16.152 70.686
16.153 -70.6922
16.153 70.6922
16.154 -70.6984
16.154 70.6984
16.155 -70.7047
16.155 70.7047
16.156 -70.7109
16.156 70.7109
16.157 -70.7171
16.157 70.7171
16.158 -70.7233
16.158 70.7233
16.159 -70.7296
16.159 70.7296
16.16 -70.7358
16.16 70.7358
16.161 -70.742
16.161 70.742
16.162 -70.7482
16.162 70.7482
16.163 -70.7544
16.163 70.7544
16.164 -70.7607
16.164 70.7607
16.165 -70.7669
16.165 70.7669
16.166 -70.7731
16.166 70.7731
16.167 -70.7793
16.167 70.7793
16.168 -70.7856
16.168 70.7856
16.169 -70.7918
16.169 70.7918
16.17 -70.798
16.17 70.798
16.171 -70.8042
16.171 70.8042
16.172 -70.8105
16.172 70.8105
16.173 -70.8167
16.173 70.8167
16.174 -70.8229
16.174 70.8229
16.175 -70.8291
16.175 70.8291
16.176 -70.8354
16.176 70.8354
16.177 -70.8416
16.177 70.8416
16.178 -70.8478
16.178 70.8478
16.179 -70.854
16.179 70.854
16.18 -70.8603
16.18 70.8603
16.181 -70.8665
16.181 70.8665
16.182 -70.8727
16.182 70.8727
16.183 -70.879
16.183 70.879
16.184 -70.8852
16.184 70.8852
16.185 -70.8914
16.185 70.8914
16.186 -70.8976
16.186 70.8976
16.187 -70.9039
16.187 70.9039
16.188 -70.9101
16.188 70.9101
16.189 -70.9163
16.189 70.9163
16.19 -70.9225
16.19 70.9225
16.191 -70.9288
16.191 70.9288
16.192 -70.935
16.192 70.935
16.193 -70.9412
16.193 70.9412
16.194 -70.9475
16.194 70.9475
16.195 -70.9537
16.195 70.9537
16.196 -70.9599
16.196 70.9599
16.197 -70.9662
16.197 70.9662
16.198 -70.9724
16.198 70.9724
16.199 -70.9786
16.199 70.9786
16.2 -70.9848
16.2 70.9848
16.201 -70.9911
16.201 70.9911
16.202 -70.9973
16.202 70.9973
16.203 -71.0035
16.203 71.0035
16.204 -71.0098
16.204 71.0098
16.205 -71.016
16.205 71.016
16.206 -71.0222
16.206 71.0222
16.207 -71.0285
16.207 71.0285
16.208 -71.0347
16.208 71.0347
16.209 -71.0409
16.209 71.0409
16.21 -71.0472
16.21 71.0472
16.211 -71.0534
16.211 71.0534
16.212 -71.0596
16.212 71.0596
16.213 -71.0659
16.213 71.0659
16.214 -71.0721
16.214 71.0721
16.215 -71.0783
16.215 71.0783
16.216 -71.0846
16.216 71.0846
16.217 -71.0908
16.217 71.0908
16.218 -71.097
16.218 71.097
16.219 -71.1033
16.219 71.1033
16.22 -71.1095
16.22 71.1095
16.221 -71.1157
16.221 71.1157
16.222 -71.122
16.222 71.122
16.223 -71.1282
16.223 71.1282
16.224 -71.1344
16.224 71.1344
16.225 -71.1407
16.225 71.1407
16.226 -71.1469
16.226 71.1469
16.227 -71.1531
16.227 71.1531
16.228 -71.1594
16.228 71.1594
16.229 -71.1656
16.229 71.1656
16.23 -71.1718
16.23 71.1718
16.231 -71.1781
16.231 71.1781
16.232 -71.1843
16.232 71.1843
16.233 -71.1905
16.233 71.1905
16.234 -71.1968
16.234 71.1968
16.235 -71.203
16.235 71.203
16.236 -71.2093
16.236 71.2093
16.237 -71.2155
16.237 71.2155
16.238 -71.2217
16.238 71.2217
16.239 -71.228
16.239 71.228
16.24 -71.2342
16.24 71.2342
16.241 -71.2404
16.241 71.2404
16.242 -71.2467
16.242 71.2467
16.243 -71.2529
16.243 71.2529
16.244 -71.2592
16.244 71.2592
16.245 -71.2654
16.245 71.2654
16.246 -71.2716
16.246 71.2716
16.247 -71.2779
16.247 71.2779
16.248 -71.2841
16.248 71.2841
16.249 -71.2903
16.249 71.2903
16.25 -71.2966
16.25 71.2966
16.251 -71.3028
16.251 71.3028
16.252 -71.3091
16.252 71.3091
16.253 -71.3153
16.253 71.3153
16.254 -71.3215
16.254 71.3215
16.255 -71.3278
16.255 71.3278
16.256 -71.334
16.256 71.334
16.257 -71.3403
16.257 71.3403
16.258 -71.3465
16.258 71.3465
16.259 -71.3527
16.259 71.3527
16.26 -71.359
16.26 71.359
16.261 -71.3652
16.261 71.3652
16.262 -71.3715
16.262 71.3715
16.263 -71.3777
16.263 71.3777
16.264 -71.384
16.264 71.384
16.265 -71.3902
16.265 71.3902
16.266 -71.3964
16.266 71.3964
16.267 -71.4027
16.267 71.4027
16.268 -71.4089
16.268 71.4089
16.269 -71.4152
16.269 71.4152
16.27 -71.4214
16.27 71.4214
16.271 -71.4277
16.271 71.4277
16.272 -71.4339
16.272 71.4339
16.273 -71.4401
16.273 71.4401
16.274 -71.4464
16.274 71.4464
16.275 -71.4526
16.275 71.4526
16.276 -71.4589
16.276 71.4589
16.277 -71.4651
16.277 71.4651
16.278 -71.4714
16.278 71.4714
16.279 -71.4776
16.279 71.4776
16.28 -71.4838
16.28 71.4838
16.281 -71.4901
16.281 71.4901
16.282 -71.4963
16.282 71.4963
16.283 -71.5026
16.283 71.5026
16.284 -71.5088
16.284 71.5088
16.285 -71.5151
16.285 71.5151
16.286 -71.5213
16.286 71.5213
16.287 -71.5276
16.287 71.5276
16.288 -71.5338
16.288 71.5338
16.289 -71.5401
16.289 71.5401
16.29 -71.5463
16.29 71.5463
16.291 -71.5525
16.291 71.5525
16.292 -71.5588
16.292 71.5588
16.293 -71.565
16.293 71.565
16.294 -71.5713
16.294 71.5713
16.295 -71.5775
16.295 71.5775
16.296 -71.5838
16.296 71.5838
16.297 -71.59
16.297 71.59
16.298 -71.5963
16.298 71.5963
16.299 -71.6025
16.299 71.6025
16.3 -71.6088
16.3 71.6088
16.301 -71.615
16.301 71.615
16.302 -71.6213
16.302 71.6213
16.303 -71.6275
16.303 71.6275
16.304 -71.6338
16.304 71.6338
16.305 -71.64
16.305 71.64
16.306 -71.6463
16.306 71.6463
16.307 -71.6525
16.307 71.6525
16.308 -71.6588
16.308 71.6588
16.309 -71.665
16.309 71.665
16.31 -71.6713
16.31 71.6713
16.311 -71.6775
16.311 71.6775
16.312 -71.6838
16.312 71.6838
16.313 -71.69
16.313 71.69
16.314 -71.6963
16.314 71.6963
16.315 -71.7025
16.315 71.7025
16.316 -71.7088
16.316 71.7088
16.317 -71.715
16.317 71.715
16.318 -71.7213
16.318 71.7213
16.319 -71.7275
16.319 71.7275
16.32 -71.7338
16.32 71.7338
16.321 -71.74
16.321 71.74
16.322 -71.7463
16.322 71.7463
16.323 -71.7525
16.323 71.7525
16.324 -71.7588
16.324 71.7588
16.325 -71.765
16.325 71.765
16.326 -71.7713
16.326 71.7713
16.327 -71.7775
16.327 71.7775
16.328 -71.7838
16.328 71.7838
16.329 -71.7901
16.329 71.7901
16.33 -71.7963
16.33 71.7963
16.331 -71.8026
16.331 71.8026
16.332 -71.8088
16.332 71.8088
16.333 -71.8151
16.333 71.8151
16.334 -71.8213
16.334 71.8213
16.335 -71.8276
16.335 71.8276
16.336 -71.8338
16.336 71.8338
16.337 -71.8401
16.337 71.8401
16.338 -71.8463
16.338 71.8463
16.339 -71.8526
16.339 71.8526
16.34 -71.8589
16.34 71.8589
16.341 -71.8651
16.341 71.8651
16.342 -71.8714
16.342 71.8714
16.343 -71.8776
16.343 71.8776
16.344 -71.8839
16.344 71.8839
16.345 -71.8901
16.345 71.8901
16.346 -71.8964
16.346 71.8964
16.347 -71.9026
16.347 71.9026
16.348 -71.9089
16.348 71.9089
16.349 -71.9152
16.349 71.9152
16.35 -71.9214
16.35 71.9214
16.351 -71.9277
16.351 71.9277
16.352 -71.9339
16.352 71.9339
16.353 -71.9402
16.353 71.9402
16.354 -71.9464
16.354 71.9464
16.355 -71.9527
16.355 71.9527
16.356 -71.959
16.356 71.959
16.357 -71.9652
16.357 71.9652
16.358 -71.9715
16.358 71.9715
16.359 -71.9777
16.359 71.9777
16.36 -71.984
16.36 71.984
16.361 -71.9903
16.361 71.9903
16.362 -71.9965
16.362 71.9965
16.363 -72.0028
16.363 72.0028
16.364 -72.009
16.364 72.009
16.365 -72.0153
16.365 72.0153
16.366 -72.0216
16.366 72.0216
16.367 -72.0278
16.367 72.0278
16.368 -72.0341
16.368 72.0341
16.369 -72.0403
16.369 72.0403
16.37 -72.0466
16.37 72.0466
16.371 -72.0529
16.371 72.0529
16.372 -72.0591
16.372 72.0591
16.373 -72.0654
16.373 72.0654
16.374 -72.0716
16.374 72.0716
16.375 -72.0779
16.375 72.0779
16.376 -72.0842
16.376 72.0842
16.377 -72.0904
16.377 72.0904
16.378 -72.0967
16.378 72.0967
16.379 -72.103
16.379 72.103
16.38 -72.1092
16.38 72.1092
16.381 -72.1155
16.381 72.1155
16.382 -72.1217
16.382 72.1217
16.383 -72.128
16.383 72.128
16.384 -72.1343
16.384 72.1343
16.385 -72.1405
16.385 72.1405
16.386 -72.1468
16.386 72.1468
16.387 -72.1531
16.387 72.1531
16.388 -72.1593
16.388 72.1593
16.389 -72.1656
16.389 72.1656
16.39 -72.1719
16.39 72.1719
16.391 -72.1781
16.391 72.1781
16.392 -72.1844
16.392 72.1844
16.393 -72.1906
16.393 72.1906
16.394 -72.1969
16.394 72.1969
16.395 -72.2032
16.395 72.2032
16.396 -72.2094
16.396 72.2094
16.397 -72.2157
16.397 72.2157
16.398 -72.222
16.398 72.222
16.399 -72.2282
16.399 72.2282
16.4 -72.2345
16.4 72.2345
16.401 -72.2408
16.401 72.2408
16.402 -72.247
16.402 72.247
16.403 -72.2533
16.403 72.2533
16.404 -72.2596
16.404 72.2596
16.405 -72.2658
16.405 72.2658
16.406 -72.2721
16.406 72.2721
16.407 -72.2784
16.407 72.2784
16.408 -72.2846
16.408 72.2846
16.409 -72.2909
16.409 72.2909
16.41 -72.2972
16.41 72.2972
16.411 -72.3034
16.411 72.3034
16.412 -72.3097
16.412 72.3097
16.413 -72.316
16.413 72.316
16.414 -72.3223
16.414 72.3223
16.415 -72.3285
16.415 72.3285
16.416 -72.3348
16.416 72.3348
16.417 -72.3411
16.417 72.3411
16.418 -72.3473
16.418 72.3473
16.419 -72.3536
16.419 72.3536
16.42 -72.3599
16.42 72.3599
16.421 -72.3661
16.421 72.3661
16.422 -72.3724
16.422 72.3724
16.423 -72.3787
16.423 72.3787
16.424 -72.3849
16.424 72.3849
16.425 -72.3912
16.425 72.3912
16.426 -72.3975
16.426 72.3975
16.427 -72.4038
16.427 72.4038
16.428 -72.41
16.428 72.41
16.429 -72.4163
16.429 72.4163
16.43 -72.4226
16.43 72.4226
16.431 -72.4288
16.431 72.4288
16.432 -72.4351
16.432 72.4351
16.433 -72.4414
16.433 72.4414
16.434 -72.4477
16.434 72.4477
16.435 -72.4539
16.435 72.4539
16.436 -72.4602
16.436 72.4602
16.437 -72.4665
16.437 72.4665
16.438 -72.4728
16.438 72.4728
16.439 -72.479
16.439 72.479
16.44 -72.4853
16.44 72.4853
16.441 -72.4916
16.441 72.4916
16.442 -72.4978
16.442 72.4978
16.443 -72.5041
16.443 72.5041
16.444 -72.5104
16.444 72.5104
16.445 -72.5167
16.445 72.5167
16.446 -72.5229
16.446 72.5229
16.447 -72.5292
16.447 72.5292
16.448 -72.5355
16.448 72.5355
16.449 -72.5418
16.449 72.5418
16.45 -72.548
16.45 72.548
16.451 -72.5543
16.451 72.5543
16.452 -72.5606
16.452 72.5606
16.453 -72.5669
16.453 72.5669
16.454 -72.5731
16.454 72.5731
16.455 -72.5794
16.455 72.5794
16.456 -72.5857
16.456 72.5857
16.457 -72.592
16.457 72.592
16.458 -72.5983
16.458 72.5983
16.459 -72.6045
16.459 72.6045
16.46 -72.6108
16.46 72.6108
16.461 -72.6171
16.461 72.6171
16.462 -72.6234
16.462 72.6234
16.463 -72.6296
16.463 72.6296
16.464 -72.6359
16.464 72.6359
16.465 -72.6422
16.465 72.6422
16.466 -72.6485
16.466 72.6485
16.467 -72.6547
16.467 72.6547
16.468 -72.661
16.468 72.661
16.469 -72.6673
16.469 72.6673
16.47 -72.6736
16.47 72.6736
16.471 -72.6799
16.471 72.6799
16.472 -72.6861
16.472 72.6861
16.473 -72.6924
16.473 72.6924
16.474 -72.6987
16.474 72.6987
16.475 -72.705
16.475 72.705
16.476 -72.7113
16.476 72.7113
16.477 -72.7175
16.477 72.7175
16.478 -72.7238
16.478 72.7238
16.479 -72.7301
16.479 72.7301
16.48 -72.7364
16.48 72.7364
16.481 -72.7427
16.481 72.7427
16.482 -72.7489
16.482 72.7489
16.483 -72.7552
16.483 72.7552
16.484 -72.7615
16.484 72.7615
16.485 -72.7678
16.485 72.7678
16.486 -72.7741
16.486 72.7741
16.487 -72.7803
16.487 72.7803
16.488 -72.7866
16.488 72.7866
16.489 -72.7929
16.489 72.7929
16.49 -72.7992
16.49 72.7992
16.491 -72.8055
16.491 72.8055
16.492 -72.8118
16.492 72.8118
16.493 -72.818
16.493 72.818
16.494 -72.8243
16.494 72.8243
16.495 -72.8306
16.495 72.8306
16.496 -72.8369
16.496 72.8369
16.497 -72.8432
16.497 72.8432
16.498 -72.8495
16.498 72.8495
16.499 -72.8557
16.499 72.8557
16.5 -72.862
16.5 72.862
16.501 -72.8683
16.501 72.8683
16.502 -72.8746
16.502 72.8746
16.503 -72.8809
16.503 72.8809
16.504 -72.8872
16.504 72.8872
16.505 -72.8935
16.505 72.8935
16.506 -72.8997
16.506 72.8997
16.507 -72.906
16.507 72.906
16.508 -72.9123
16.508 72.9123
16.509 -72.9186
16.509 72.9186
16.51 -72.9249
16.51 72.9249
16.511 -72.9312
16.511 72.9312
16.512 -72.9374
16.512 72.9374
16.513 -72.9437
16.513 72.9437
16.514 -72.95
16.514 72.95
16.515 -72.9563
16.515 72.9563
16.516 -72.9626
16.516 72.9626
16.517 -72.9689
16.517 72.9689
16.518 -72.9752
16.518 72.9752
16.519 -72.9815
16.519 72.9815
16.52 -72.9877
16.52 72.9877
16.521 -72.994
16.521 72.994
16.522 -73.0003
16.522 73.0003
16.523 -73.0066
16.523 73.0066
16.524 -73.0129
16.524 73.0129
16.525 -73.0192
16.525 73.0192
16.526 -73.0255
16.526 73.0255
16.527 -73.0318
16.527 73.0318
16.528 -73.0381
16.528 73.0381
16.529 -73.0443
16.529 73.0443
16.53 -73.0506
16.53 73.0506
16.531 -73.0569
16.531 73.0569
16.532 -73.0632
16.532 73.0632
16.533 -73.0695
16.533 73.0695
16.534 -73.0758
16.534 73.0758
16.535 -73.0821
16.535 73.0821
16.536 -73.0884
16.536 73.0884
16.537 -73.0947
16.537 73.0947
16.538 -73.101
16.538 73.101
16.539 -73.1072
16.539 73.1072
16.54 -73.1135
16.54 73.1135
16.541 -73.1198
16.541 73.1198
16.542 -73.1261
16.542 73.1261
16.543 -73.1324
16.543 73.1324
16.544 -73.1387
16.544 73.1387
16.545 -73.145
16.545 73.145
16.546 -73.1513
16.546 73.1513
16.547 -73.1576
16.547 73.1576
16.548 -73.1639
16.548 73.1639
16.549 -73.1702
16.549 73.1702
16.55 -73.1765
16.55 73.1765
16.551 -73.1828
16.551 73.1828
16.552 -73.189
16.552 73.189
16.553 -73.1953
16.553 73.1953
16.554 -73.2016
16.554 73.2016
16.555 -73.2079
16.555 73.2079
16.556 -73.2142
16.556 73.2142
16.557 -73.2205
16.557 73.2205
16.558 -73.2268
16.558 73.2268
16.559 -73.2331
16.559 73.2331
16.56 -73.2394
16.56 73.2394
16.561 -73.2457
16.561 73.2457
16.562 -73.252
16.562 73.252
16.563 -73.2583
16.563 73.2583
16.564 -73.2646
16.564 73.2646
16.565 -73.2709
16.565 73.2709
16.566 -73.2772
16.566 73.2772
16.567 -73.2835
16.567 73.2835
16.568 -73.2898
16.568 73.2898
16.569 -73.2961
16.569 73.2961
16.57 -73.3024
16.57 73.3024
16.571 -73.3087
16.571 73.3087
16.572 -73.3149
16.572 73.3149
16.573 -73.3212
16.573 73.3212
16.574 -73.3275
16.574 73.3275
16.575 -73.3338
16.575 73.3338
16.576 -73.3401
16.576 73.3401
16.577 -73.3464
16.577 73.3464
16.578 -73.3527
16.578 73.3527
16.579 -73.359
16.579 73.359
16.58 -73.3653
16.58 73.3653
16.581 -73.3716
16.581 73.3716
16.582 -73.3779
16.582 73.3779
16.583 -73.3842
16.583 73.3842
16.584 -73.3905
16.584 73.3905
16.585 -73.3968
16.585 73.3968
16.586 -73.4031
16.586 73.4031
16.587 -73.4094
16.587 73.4094
16.588 -73.4157
16.588 73.4157
16.589 -73.422
16.589 73.422
16.59 -73.4283
16.59 73.4283
16.591 -73.4346
16.591 73.4346
16.592 -73.4409
16.592 73.4409
16.593 -73.4472
16.593 73.4472
16.594 -73.4535
16.594 73.4535
16.595 -73.4598
16.595 73.4598
16.596 -73.4661
16.596 73.4661
16.597 -73.4724
16.597 73.4724
16.598 -73.4787
16.598 73.4787
16.599 -73.485
16.599 73.485
16.6 -73.4913
16.6 73.4913
16.601 -73.4976
16.601 73.4976
16.602 -73.5039
16.602 73.5039
16.603 -73.5102
16.603 73.5102
16.604 -73.5165
16.604 73.5165
16.605 -73.5228
16.605 73.5228
16.606 -73.5291
16.606 73.5291
16.607 -73.5355
16.607 73.5355
16.608 -73.5418
16.608 73.5418
16.609 -73.5481
16.609 73.5481
16.61 -73.5544
16.61 73.5544
16.611 -73.5607
16.611 73.5607
16.612 -73.567
16.612 73.567
16.613 -73.5733
16.613 73.5733
16.614 -73.5796
16.614 73.5796
16.615 -73.5859
16.615 73.5859
16.616 -73.5922
16.616 73.5922
16.617 -73.5985
16.617 73.5985
16.618 -73.6048
16.618 73.6048
16.619 -73.6111
16.619 73.6111
16.62 -73.6174
16.62 73.6174
16.621 -73.6237
16.621 73.6237
16.622 -73.63
16.622 73.63
16.623 -73.6363
16.623 73.6363
16.624 -73.6426
16.624 73.6426
16.625 -73.6489
16.625 73.6489
16.626 -73.6552
16.626 73.6552
16.627 -73.6616
16.627 73.6616
16.628 -73.6679
16.628 73.6679
16.629 -73.6742
16.629 73.6742
16.63 -73.6805
16.63 73.6805
16.631 -73.6868
16.631 73.6868
16.632 -73.6931
16.632 73.6931
16.633 -73.6994
16.633 73.6994
16.634 -73.7057
16.634 73.7057
16.635 -73.712
16.635 73.712
16.636 -73.7183
16.636 73.7183
16.637 -73.7246
16.637 73.7246
16.638 -73.7309
16.638 73.7309
16.639 -73.7372
16.639 73.7372
16.64 -73.7436
16.64 73.7436
16.641 -73.7499
16.641 73.7499
16.642 -73.7562
16.642 73.7562
16.643 -73.7625
16.643 73.7625
16.644 -73.7688
16.644 73.7688
16.645 -73.7751
16.645 73.7751
16.646 -73.7814
16.646 73.7814
16.647 -73.7877
16.647 73.7877
16.648 -73.794
16.648 73.794
16.649 -73.8003
16.649 73.8003
16.65 -73.8067
16.65 73.8067
16.651 -73.813
16.651 73.813
16.652 -73.8193
16.652 73.8193
16.653 -73.8256
16.653 73.8256
16.654 -73.8319
16.654 73.8319
16.655 -73.8382
16.655 73.8382
16.656 -73.8445
16.656 73.8445
16.657 -73.8508
16.657 73.8508
16.658 -73.8571
16.658 73.8571
16.659 -73.8635
16.659 73.8635
16.66 -73.8698
16.66 73.8698
16.661 -73.8761
16.661 73.8761
16.662 -73.8824
16.662 73.8824
16.663 -73.8887
16.663 73.8887
16.664 -73.895
16.664 73.895
16.665 -73.9013
16.665 73.9013
16.666 -73.9077
16.666 73.9077
16.667 -73.914
16.667 73.914
16.668 -73.9203
16.668 73.9203
16.669 -73.9266
16.669 73.9266
16.67 -73.9329
16.67 73.9329
16.671 -73.9392
16.671 73.9392
16.672 -73.9455
16.672 73.9455
16.673 -73.9519
16.673 73.9519
16.674 -73.9582
16.674 73.9582
16.675 -73.9645
16.675 73.9645
16.676 -73.9708
16.676 73.9708
16.677 -73.9771
16.677 73.9771
16.678 -73.9834
16.678 73.9834
16.679 -73.9897
16.679 73.9897
16.68 -73.9961
16.68 73.9961
16.681 -74.0024
16.681 74.0024
16.682 -74.0087
16.682 74.0087
16.683 -74.015
16.683 74.015
16.684 -74.0213
16.684 74.0213
16.685 -74.0276
16.685 74.0276
16.686 -74.034
16.686 74.034
16.687 -74.0403
16.687 74.0403
16.688 -74.0466
16.688 74.0466
16.689 -74.0529
16.689 74.0529
16.69 -74.0592
16.69 74.0592
16.691 -74.0655
16.691 74.0655
16.692 -74.0719
16.692 74.0719
16.693 -74.0782
16.693 74.0782
16.694 -74.0845
16.694 74.0845
16.695 -74.0908
16.695 74.0908
16.696 -74.0971
16.696 74.0971
16.697 -74.1035
16.697 74.1035
16.698 -74.1098
16.698 74.1098
16.699 -74.1161
16.699 74.1161
16.7 -74.1224
16.7 74.1224
16.701 -74.1287
16.701 74.1287
16.702 -74.1351
16.702 74.1351
16.703 -74.1414
16.703 74.1414
16.704 -74.1477
16.704 74.1477
16.705 -74.154
16.705 74.154
16.706 -74.1603
16.706 74.1603
16.707 -74.1667
16.707 74.1667
16.708 -74.173
16.708 74.173
16.709 -74.1793
16.709 74.1793
16.71 -74.1856
16.71 74.1856
16.711 -74.1919
16.711 74.1919
16.712 -74.1983
16.712 74.1983
16.713 -74.2046
16.713 74.2046
16.714 -74.2109
16.714 74.2109
16.715 -74.2172
16.715 74.2172
16.716 -74.2236
16.716 74.2236
16.717 -74.2299
16.717 74.2299
16.718 -74.2362
16.718 74.2362
16.719 -74.2425
16.719 74.2425
16.72 -74.2488
16.72 74.2488
16.721 -74.2552
16.721 74.2552
16.722 -74.2615
16.722 74.2615
16.723 -74.2678
16.723 74.2678
16.724 -74.2741
16.724 74.2741
16.725 -74.2805
16.725 74.2805
16.726 -74.2868
16.726 74.2868
16.727 -74.2931
16.727 74.2931
16.728 -74.2994
16.728 74.2994
16.729 -74.3058
16.729 74.3058
16.73 -74.3121
16.73 74.3121
16.731 -74.3184
16.731 74.3184
16.732 -74.3247
16.732 74.3247
16.733 -74.3311
16.733 74.3311
16.734 -74.3374
16.734 74.3374
16.735 -74.3437
16.735 74.3437
16.736 -74.35
16.736 74.35
16.737 -74.3564
16.737 74.3564
16.738 -74.3627
16.738 74.3627
16.739 -74.369
16.739 74.369
16.74 -74.3754
16.74 74.3754
16.741 -74.3817
16.741 74.3817
16.742 -74.388
16.742 74.388
16.743 -74.3943
16.743 74.3943
16.744 -74.4007
16.744 74.4007
16.745 -74.407
16.745 74.407
16.746 -74.4133
16.746 74.4133
16.747 -74.4196
16.747 74.4196
16.748 -74.426
16.748 74.426
16.749 -74.4323
16.749 74.4323
16.75 -74.4386
16.75 74.4386
16.751 -74.445
16.751 74.445
16.752 -74.4513
16.752 74.4513
16.753 -74.4576
16.753 74.4576
16.754 -74.4639
16.754 74.4639
16.755 -74.4703
16.755 74.4703
16.756 -74.4766
16.756 74.4766
16.757 -74.4829
16.757 74.4829
16.758 -74.4893
16.758 74.4893
16.759 -74.4956
16.759 74.4956
16.76 -74.5019
16.76 74.5019
16.761 -74.5083
16.761 74.5083
16.762 -74.5146
16.762 74.5146
16.763 -74.5209
16.763 74.5209
16.764 -74.5272
16.764 74.5272
16.765 -74.5336
16.765 74.5336
16.766 -74.5399
16.766 74.5399
16.767 -74.5462
16.767 74.5462
16.768 -74.5526
16.768 74.5526
16.769 -74.5589
16.769 74.5589
16.77 -74.5652
16.77 74.5652
16.771 -74.5716
16.771 74.5716
16.772 -74.5779
16.772 74.5779
16.773 -74.5842
16.773 74.5842
16.774 -74.5906
16.774 74.5906
16.775 -74.5969
16.775 74.5969
16.776 -74.6032
16.776 74.6032
16.777 -74.6096
16.777 74.6096
16.778 -74.6159
16.778 74.6159
16.779 -74.6222
16.779 74.6222
16.78 -74.6286
16.78 74.6286
16.781 -74.6349
16.781 74.6349
16.782 -74.6412
16.782 74.6412
16.783 -74.6476
16.783 74.6476
16.784 -74.6539
16.784 74.6539
16.785 -74.6602
16.785 74.6602
16.786 -74.6666
16.786 74.6666
16.787 -74.6729
16.787 74.6729
16.788 -74.6792
16.788 74.6792
16.789 -74.6856
16.789 74.6856
16.79 -74.6919
16.79 74.6919
16.791 -74.6983
16.791 74.6983
16.792 -74.7046
16.792 74.7046
16.793 -74.7109
16.793 74.7109
16.794 -74.7173
16.794 74.7173
16.795 -74.7236
16.795 74.7236
16.796 -74.7299
16.796 74.7299
16.797 -74.7363
16.797 74.7363
16.798 -74.7426
16.798 74.7426
16.799 -74.7489
16.799 74.7489
16.8 -74.7553
16.8 74.7553
16.801 -74.7616
16.801 74.7616
16.802 -74.768
16.802 74.768
16.803 -74.7743
16.803 74.7743
16.804 -74.7806
16.804 74.7806
16.805 -74.787
16.805 74.787
16.806 -74.7933
16.806 74.7933
16.807 -74.7996
16.807 74.7996
16.808 -74.806
16.808 74.806
16.809 -74.8123
16.809 74.8123
16.81 -74.8187
16.81 74.8187
16.811 -74.825
16.811 74.825
16.812 -74.8313
16.812 74.8313
16.813 -74.8377
16.813 74.8377
16.814 -74.844
16.814 74.844
16.815 -74.8504
16.815 74.8504
16.816 -74.8567
16.816 74.8567
16.817 -74.863
16.817 74.863
16.818 -74.8694
16.818 74.8694
16.819 -74.8757
16.819 74.8757
16.82 -74.8821
16.82 74.8821
16.821 -74.8884
16.821 74.8884
16.822 -74.8947
16.822 74.8947
16.823 -74.9011
16.823 74.9011
16.824 -74.9074
16.824 74.9074
16.825 -74.9138
16.825 74.9138
16.826 -74.9201
16.826 74.9201
16.827 -74.9265
16.827 74.9265
16.828 -74.9328
16.828 74.9328
16.829 -74.9391
16.829 74.9391
16.83 -74.9455
16.83 74.9455
16.831 -74.9518
16.831 74.9518
16.832 -74.9582
16.832 74.9582
16.833 -74.9645
16.833 74.9645
16.834 -74.9709
16.834 74.9709
16.835 -74.9772
16.835 74.9772
16.836 -74.9835
16.836 74.9835
16.837 -74.9899
16.837 74.9899
16.838 -74.9962
16.838 74.9962
16.839 -75.0026
16.839 75.0026
16.84 -75.0089
16.84 75.0089
16.841 -75.0153
16.841 75.0153
16.842 -75.0216
16.842 75.0216
16.843 -75.028
16.843 75.028
16.844 -75.0343
16.844 75.0343
16.845 -75.0406
16.845 75.0406
16.846 -75.047
16.846 75.047
16.847 -75.0533
16.847 75.0533
16.848 -75.0597
16.848 75.0597
16.849 -75.066
16.849 75.066
16.85 -75.0724
16.85 75.0724
16.851 -75.0787
16.851 75.0787
16.852 -75.0851
16.852 75.0851
16.853 -75.0914
16.853 75.0914
16.854 -75.0978
16.854 75.0978
16.855 -75.1041
16.855 75.1041
16.856 -75.1105
16.856 75.1105
16.857 -75.1168
16.857 75.1168
16.858 -75.1232
16.858 75.1232
16.859 -75.1295
16.859 75.1295
16.86 -75.1358
16.86 75.1358
16.861 -75.1422
16.861 75.1422
16.862 -75.1485
16.862 75.1485
16.863 -75.1549
16.863 75.1549
16.864 -75.1612
16.864 75.1612
16.865 -75.1676
16.865 75.1676
16.866 -75.1739
16.866 75.1739
16.867 -75.1803
16.867 75.1803
16.868 -75.1866
16.868 75.1866
16.869 -75.193
16.869 75.193
16.87 -75.1993
16.87 75.1993
16.871 -75.2057
16.871 75.2057
16.872 -75.212
16.872 75.212
16.873 -75.2184
16.873 75.2184
16.874 -75.2247
16.874 75.2247
16.875 -75.2311
16.875 75.2311
16.876 -75.2374
16.876 75.2374
16.877 -75.2438
16.877 75.2438
16.878 -75.2501
16.878 75.2501
16.879 -75.2565
16.879 75.2565
16.88 -75.2628
16.88 75.2628
16.881 -75.2692
16.881 75.2692
16.882 -75.2755
16.882 75.2755
16.883 -75.2819
16.883 75.2819
16.884 -75.2883
16.884 75.2883
16.885 -75.2946
16.885 75.2946
16.886 -75.301
16.886 75.301
16.887 -75.3073
16.887 75.3073
16.888 -75.3137
16.888 75.3137
16.889 -75.32
16.889 75.32
16.89 -75.3264
16.89 75.3264
16.891 -75.3327
16.891 75.3327
16.892 -75.3391
16.892 75.3391
16.893 -75.3454
16.893 75.3454
16.894 -75.3518
16.894 75.3518
16.895 -75.3581
16.895 75.3581
16.896 -75.3645
16.896 75.3645
16.897 -75.3708
16.897 75.3708
16.898 -75.3772
16.898 75.3772
16.899 -75.3836
16.899 75.3836
16.9 -75.3899
16.9 75.3899
16.901 -75.3963
16.901 75.3963
16.902 -75.4026
16.902 75.4026
16.903 -75.409
16.903 75.409
16.904 -75.4153
16.904 75.4153
16.905 -75.4217
16.905 75.4217
16.906 -75.428
16.906 75.428
16.907 -75.4344
16.907 75.4344
16.908 -75.4408
16.908 75.4408
16.909 -75.4471
16.909 75.4471
16.91 -75.4535
16.91 75.4535
16.911 -75.4598
16.911 75.4598
16.912 -75.4662
16.912 75.4662
16.913 -75.4725
16.913 75.4725
16.914 -75.4789
16.914 75.4789
16.915 -75.4853
16.915 75.4853
16.916 -75.4916
16.916 75.4916
16.917 -75.498
16.917 75.498
16.918 -75.5043
16.918 75.5043
16.919 -75.5107
16.919 75.5107
16.92 -75.5171
16.92 75.5171
16.921 -75.5234
16.921 75.5234
16.922 -75.5298
16.922 75.5298
16.923 -75.5361
16.923 75.5361
16.924 -75.5425
16.924 75.5425
16.925 -75.5488
16.925 75.5488
16.926 -75.5552
16.926 75.5552
16.927 -75.5616
16.927 75.5616
16.928 -75.5679
16.928 75.5679
16.929 -75.5743
16.929 75.5743
16.93 -75.5806
16.93 75.5806
16.931 -75.587
16.931 75.587
16.932 -75.5934
16.932 75.5934
16.933 -75.5997
16.933 75.5997
16.934 -75.6061
16.934 75.6061
16.935 -75.6125
16.935 75.6125
16.936 -75.6188
16.936 75.6188
16.937 -75.6252
16.937 75.6252
16.938 -75.6315
16.938 75.6315
16.939 -75.6379
16.939 75.6379
16.94 -75.6443
16.94 75.6443
16.941 -75.6506
16.941 75.6506
16.942 -75.657
16.942 75.657
16.943 -75.6633
16.943 75.6633
16.944 -75.6697
16.944 75.6697
16.945 -75.6761
16.945 75.6761
16.946 -75.6824
16.946 75.6824
16.947 -75.6888
16.947 75.6888
16.948 -75.6952
16.948 75.6952
16.949 -75.7015
16.949 75.7015
16.95 -75.7079
16.95 75.7079
16.951 -75.7143
16.951 75.7143
16.952 -75.7206
16.952 75.7206
16.953 -75.727
16.953 75.727
16.954 -75.7333
16.954 75.7333
16.955 -75.7397
16.955 75.7397
16.956 -75.7461
16.956 75.7461
16.957 -75.7524
16.957 75.7524
16.958 -75.7588
16.958 75.7588
16.959 -75.7652
16.959 75.7652
16.96 -75.7715
16.96 75.7715
16.961 -75.7779
16.961 75.7779
16.962 -75.7843
16.962 75.7843
16.963 -75.7906
16.963 75.7906
16.964 -75.797
16.964 75.797
16.965 -75.8034
16.965 75.8034
16.966 -75.8097
16.966 75.8097
16.967 -75.8161
16.967 75.8161
16.968 -75.8225
16.968 75.8225
16.969 -75.8288
16.969 75.8288
16.97 -75.8352
16.97 75.8352
16.971 -75.8416
16.971 75.8416
16.972 -75.8479
16.972 75.8479
16.973 -75.8543
16.973 75.8543
16.974 -75.8607
16.974 75.8607
16.975 -75.867
16.975 75.867
16.976 -75.8734
16.976 75.8734
16.977 -75.8798
16.977 75.8798
16.978 -75.8862
16.978 75.8862
16.979 -75.8925
16.979 75.8925
16.98 -75.8989
16.98 75.8989
16.981 -75.9053
16.981 75.9053
16.982 -75.9116
16.982 75.9116
16.983 -75.918
16.983 75.918
16.984 -75.9244
16.984 75.9244
16.985 -75.9307
16.985 75.9307
16.986 -75.9371
16.986 75.9371
16.987 -75.9435
16.987 75.9435
16.988 -75.9499
16.988 75.9499
16.989 -75.9562
16.989 75.9562
16.99 -75.9626
16.99 75.9626
16.991 -75.969
16.991 75.969
16.992 -75.9753
16.992 75.9753
16.993 -75.9817
16.993 75.9817
16.994 -75.9881
16.994 75.9881
16.995 -75.9944
16.995 75.9944
16.996 -76.0008
16.996 76.0008
16.997 -76.0072
16.997 76.0072
16.998 -76.0136
16.998 76.0136
16.999 -76.0199
16.999 76.0199
17 -76.0263
17 76.0263
17.001 -76.0327
17.001 76.0327
17.002 -76.0391
17.002 76.0391
17.003 -76.0454
17.003 76.0454
17.004 -76.0518
17.004 76.0518
17.005 -76.0582
17.005 76.0582
17.006 -76.0646
17.006 76.0646
17.007 -76.0709
17.007 76.0709
17.008 -76.0773
17.008 76.0773
17.009 -76.0837
17.009 76.0837
17.01 -76.09
17.01 76.09
17.011 -76.0964
17.011 76.0964
17.012 -76.1028
17.012 76.1028
17.013 -76.1092
17.013 76.1092
17.014 -76.1155
17.014 76.1155
17.015 -76.1219
17.015 76.1219
17.016 -76.1283
17.016 76.1283
17.017 -76.1347
17.017 76.1347
17.018 -76.1411
17.018 76.1411
17.019 -76.1474
17.019 76.1474
17.02 -76.1538
17.02 76.1538
17.021 -76.1602
17.021 76.1602
17.022 -76.1666
17.022 76.1666
17.023 -76.1729
17.023 76.1729
17.024 -76.1793
17.024 76.1793
17.025 -76.1857
17.025 76.1857
17.026 -76.1921
17.026 76.1921
17.027 -76.1984
17.027 76.1984
17.028 -76.2048
17.028 76.2048
17.029 -76.2112
17.029 76.2112
17.03 -76.2176
17.03 76.2176
17.031 -76.224
17.031 76.224
17.032 -76.2303
17.032 76.2303
17.033 -76.2367
17.033 76.2367
17.034 -76.2431
17.034 76.2431
17.035 -76.2495
17.035 76.2495
17.036 -76.2558
17.036 76.2558
17.037 -76.2622
17.037 76.2622
17.038 -76.2686
17.038 76.2686
17.039 -76.275
17.039 76.275
17.04 -76.2814
17.04 76.2814
17.041 -76.2877
17.041 76.2877
17.042 -76.2941
17.042 76.2941
17.043 -76.3005
17.043 76.3005
17.044 -76.3069
17.044 76.3069
17.045 -76.3133
17.045 76.3133
17.046 -76.3196
17.046 76.3196
17.047 -76.326
17.047 76.326
17.048 -76.3324
17.048 76.3324
17.049 -76.3388
17.049 76.3388
17.05 -76.3452
17.05 76.3452
17.051 -76.3516
17.051 76.3516
17.052 -76.3579
17.052 76.3579
17.053 -76.3643
17.053 76.3643
17.054 -76.3707
17.054 76.3707
17.055 -76.3771
17.055 76.3771
17.056 -76.3835
17.056 76.3835
17.057 -76.3898
17.057 76.3898
17.058 -76.3962
17.058 76.3962
17.059 -76.4026
17.059 76.4026
17.06 -76.409
17.06 76.409
17.061 -76.4154
17.061 76.4154
17.062 -76.4218
17.062 76.4218
17.063 -76.4281
17.063 76.4281
17.064 -76.4345
17.064 76.4345
17.065 -76.4409
17.065 76.4409
17.066 -76.4473
17.066 76.4473
17.067 -76.4537
17.067 76.4537
17.068 -76.4601
17.068 76.4601
17.069 -76.4665
17.069 76.4665
17.07 -76.4728
17.07 76.4728
17.071 -76.4792
17.071 76.4792
17.072 -76.4856
17.072 76.4856
17.073 -76.492
17.073 76.492
17.074 -76.4984
17.074 76.4984
17.075 -76.5048
17.075 76.5048
17.076 -76.5112
17.076 76.5112
17.077 -76.5175
17.077 76.5175
17.078 -76.5239
17.078 76.5239
17.079 -76.5303
17.079 76.5303
17.08 -76.5367
17.08 76.5367
17.081 -76.5431
17.081 76.5431
17.082 -76.5495
17.082 76.5495
17.083 -76.5559
17.083 76.5559
17.084 -76.5622
17.084 76.5622
17.085 -76.5686
17.085 76.5686
17.086 -76.575
17.086 76.575
17.087 -76.5814
17.087 76.5814
17.088 -76.5878
17.088 76.5878
17.089 -76.5942
17.089 76.5942
17.09 -76.6006
17.09 76.6006
17.091 -76.607
17.091 76.607
17.092 -76.6134
17.092 76.6134
17.093 -76.6197
17.093 76.6197
17.094 -76.6261
17.094 76.6261
17.095 -76.6325
17.095 76.6325
17.096 -76.6389
17.096 76.6389
17.097 -76.6453
17.097 76.6453
17.098 -76.6517
17.098 76.6517
17.099 -76.6581
17.099 76.6581
17.1 -76.6645
17.1 76.6645
17.101 -76.6709
17.101 76.6709
17.102 -76.6773
17.102 76.6773
17.103 -76.6836
17.103 76.6836
17.104 -76.69
17.104 76.69
17.105 -76.6964
17.105 76.6964
17.106 -76.7028
17.106 76.7028
17.107 -76.7092
17.107 76.7092
17.108 -76.7156
17.108 76.7156
17.109 -76.722
17.109 76.722
17.11 -76.7284
17.11 76.7284
17.111 -76.7348
17.111 76.7348
17.112 -76.7412
17.112 76.7412
17.113 -76.7476
17.113 76.7476
17.114 -76.754
17.114 76.754
17.115 -76.7603
17.115 76.7603
17.116 -76.7667
17.116 76.7667
17.117 -76.7731
17.117 76.7731
17.118 -76.7795
17.118 76.7795
17.119 -76.7859
17.119 76.7859
17.12 -76.7923
17.12 76.7923
17.121 -76.7987
17.121 76.7987
17.122 -76.8051
17.122 76.8051
17.123 -76.8115
17.123 76.8115
17.124 -76.8179
17.124 76.8179
17.125 -76.8243
17.125 76.8243
17.126 -76.8307
17.126 76.8307
17.127 -76.8371
17.127 76.8371
17.128 -76.8435
17.128 76.8435
17.129 -76.8499
17.129 76.8499
17.13 -76.8563
17.13 76.8563
17.131 -76.8627
17.131 76.8627
17.132 -76.8691
17.132 76.8691
17.133 -76.8754
17.133 76.8754
17.134 -76.8818
17.134 76.8818
17.135 -76.8882
17.135 76.8882
17.136 -76.8946
17.136 76.8946
17.137 -76.901
17.137 76.901
17.138 -76.9074
17.138 76.9074
17.139 -76.9138
17.139 76.9138
17.14 -76.9202
17.14 76.9202
17.141 -76.9266
17.141 76.9266
17.142 -76.933
17.142 76.933
17.143 -76.9394
17.143 76.9394
17.144 -76.9458
17.144 76.9458
17.145 -76.9522
17.145 76.9522
17.146 -76.9586
17.146 76.9586
17.147 -76.965
17.147 76.965
17.148 -76.9714
17.148 76.9714
17.149 -76.9778
17.149 76.9778
17.15 -76.9842
17.15 76.9842
17.151 -76.9906
17.151 76.9906
17.152 -76.997
17.152 76.997
17.153 -77.0034
17.153 77.0034
17.154 -77.0098
17.154 77.0098
17.155 -77.0162
17.155 77.0162
17.156 -77.0226
17.156 77.0226
17.157 -77.029
17.157 77.029
17.158 -77.0354
17.158 77.0354
17.159 -77.0418
17.159 77.0418
17.16 -77.0482
17.16 77.0482
17.161 -77.0546
17.161 77.0546
17.162 -77.061
17.162 77.061
17.163 -77.0674
17.163 77.0674
17.164 -77.0738
17.164 77.0738
17.165 -77.0802
17.165 77.0802
17.166 -77.0866
17.166 77.0866
17.167 -77.093
17.167 77.093
17.168 -77.0994
17.168 77.0994
17.169 -77.1058
17.169 77.1058
17.17 -77.1122
17.17 77.1122
17.171 -77.1186
17.171 77.1186
17.172 -77.125
17.172 77.125
17.173 -77.1314
17.173 77.1314
17.174 -77.1378
17.174 77.1378
17.175 -77.1442
17.175 77.1442
17.176 -77.1506
17.176 77.1506
17.177 -77.157
17.177 77.157
17.178 -77.1635
17.178 77.1635
17.179 -77.1699
17.179 77.1699
17.18 -77.1763
17.18 77.1763
17.181 -77.1827
17.181 77.1827
17.182 -77.1891
17.182 77.1891
17.183 -77.1955
17.183 77.1955
17.184 -77.2019
17.184 77.2019
17.185 -77.2083
17.185 77.2083
17.186 -77.2147
17.186 77.2147
17.187 -77.2211
17.187 77.2211
17.188 -77.2275
17.188 77.2275
17.189 -77.2339
17.189 77.2339
17.19 -77.2403
17.19 77.2403
17.191 -77.2467
17.191 77.2467
17.192 -77.2531
17.192 77.2531
17.193 -77.2595
17.193 77.2595
17.194 -77.2659
17.194 77.2659
17.195 -77.2723
17.195 77.2723
17.196 -77.2788
17.196 77.2788
17.197 -77.2852
17.197 77.2852
17.198 -77.2916
17.198 77.2916
17.199 -77.298
17.199 77.298
17.2 -77.3044
17.2 77.3044
17.201 -77.3108
17.201 77.3108
17.202 -77.3172
17.202 77.3172
17.203 -77.3236
17.203 77.3236
17.204 -77.33
17.204 77.33
17.205 -77.3364
17.205 77.3364
17.206 -77.3428
17.206 77.3428
17.207 -77.3492
17.207 77.3492
17.208 -77.3557
17.208 77.3557
17.209 -77.3621
17.209 77.3621
17.21 -77.3685
17.21 77.3685
17.211 -77.3749
17.211 77.3749
17.212 -77.3813
17.212 77.3813
17.213 -77.3877
17.213 77.3877
17.214 -77.3941
17.214 77.3941
17.215 -77.4005
17.215 77.4005
17.216 -77.4069
17.216 77.4069
17.217 -77.4133
17.217 77.4133
17.218 -77.4198
17.218 77.4198
17.219 -77.4262
17.219 77.4262
17.22 -77.4326
17.22 77.4326
17.221 -77.439
17.221 77.439
17.222 -77.4454
17.222 77.4454
17.223 -77.4518
17.223 77.4518
17.224 -77.4582
17.224 77.4582
17.225 -77.4646
17.225 77.4646
17.226 -77.4711
17.226 77.4711
17.227 -77.4775
17.227 77.4775
17.228 -77.4839
17.228 77.4839
17.229 -77.4903
17.229 77.4903
17.23 -77.4967
17.23 77.4967
17.231 -77.5031
17.231 77.5031
17.232 -77.5095
17.232 77.5095
17.233 -77.5159
17.233 77.5159
17.234 -77.5224
17.234 77.5224
17.235 -77.5288
17.235 77.5288
17.236 -77.5352
17.236 77.5352
17.237 -77.5416
17.237 77.5416
17.238 -77.548
17.238 77.548
17.239 -77.5544
17.239 77.5544
17.24 -77.5608
17.24 77.5608
17.241 -77.5673
17.241 77.5673
17.242 -77.5737
17.242 77.5737
17.243 -77.5801
17.243 77.5801
17.244 -77.5865
17.244 77.5865
17.245 -77.5929
17.245 77.5929
17.246 -77.5993
17.246 77.5993
17.247 -77.6058
17.247 77.6058
17.248 -77.6122
17.248 77.6122
17.249 -77.6186
17.249 77.6186
17.25 -77.625
17.25 77.625
17.251 -77.6314
17.251 77.6314
17.252 -77.6378
17.252 77.6378
17.253 -77.6443
17.253 77.6443
17.254 -77.6507
17.254 77.6507
17.255 -77.6571
17.255 77.6571
17.256 -77.6635
17.256 77.6635
17.257 -77.6699
17.257 77.6699
17.258 -77.6763
17.258 77.6763
17.259 -77.6828
17.259 77.6828
17.26 -77.6892
17.26 77.6892
17.261 -77.6956
17.261 77.6956
17.262 -77.702
17.262 77.702
17.263 -77.7084
17.263 77.7084
17.264 -77.7149
17.264 77.7149
17.265 -77.7213
17.265 77.7213
17.266 -77.7277
17.266 77.7277
17.267 -77.7341
17.267 77.7341
17.268 -77.7405
17.268 77.7405
17.269 -77.7469
17.269 77.7469
17.27 -77.7534
17.27 77.7534
17.271 -77.7598
17.271 77.7598
17.272 -77.7662
17.272 77.7662
17.273 -77.7726
17.273 77.7726
17.274 -77.7791
17.274 77.7791
17.275 -77.7855
17.275 77.7855
17.276 -77.7919
17.276 77.7919
17.277 -77.7983
17.277 77.7983
17.278 -77.8047
17.278 77.8047
17.279 -77.8112
17.279 77.8112
17.28 -77.8176
17.28 77.8176
17.281 -77.824
17.281 77.824
17.282 -77.8304
17.282 77.8304
17.283 -77.8368
17.283 77.8368
17.284 -77.8433
17.284 77.8433
17.285 -77.8497
17.285 77.8497
17.286 -77.8561
17.286 77.8561
17.287 -77.8625
17.287 77.8625
17.288 -77.869
17.288 77.869
17.289 -77.8754
17.289 77.8754
17.29 -77.8818
17.29 77.8818
17.291 -77.8882
17.291 77.8882
17.292 -77.8947
17.292 77.8947
17.293 -77.9011
17.293 77.9011
17.294 -77.9075
17.294 77.9075
17.295 -77.9139
17.295 77.9139
17.296 -77.9204
17.296 77.9204
17.297 -77.9268
17.297 77.9268
17.298 -77.9332
17.298 77.9332
17.299 -77.9396
17.299 77.9396
17.3 -77.9461
17.3 77.9461
17.301 -77.9525
17.301 77.9525
17.302 -77.9589
17.302 77.9589
17.303 -77.9653
17.303 77.9653
17.304 -77.9718
17.304 77.9718
17.305 -77.9782
17.305 77.9782
17.306 -77.9846
17.306 77.9846
17.307 -77.991
17.307 77.991
17.308 -77.9975
17.308 77.9975
17.309 -78.0039
17.309 78.0039
17.31 -78.0103
17.31 78.0103
17.311 -78.0167
17.311 78.0167
17.312 -78.0232
17.312 78.0232
17.313 -78.0296
17.313 78.0296
17.314 -78.036
17.314 78.036
17.315 -78.0425
17.315 78.0425
17.316 -78.0489
17.316 78.0489
17.317 -78.0553
17.317 78.0553
17.318 -78.0617
17.318 78.0617
17.319 -78.0682
17.319 78.0682
17.32 -78.0746
17.32 78.0746
17.321 -78.081
17.321 78.081
17.322 -78.0875
17.322 78.0875
17.323 -78.0939
17.323 78.0939
17.324 -78.1003
17.324 78.1003
17.325 -78.1067
17.325 78.1067
17.326 -78.1132
17.326 78.1132
17.327 -78.1196
17.327 78.1196
17.328 -78.126
17.328 78.126
17.329 -78.1325
17.329 78.1325
17.33 -78.1389
17.33 78.1389
17.331 -78.1453
17.331 78.1453
17.332 -78.1518
17.332 78.1518
17.333 -78.1582
17.333 78.1582
17.334 -78.1646
17.334 78.1646
17.335 -78.171
17.335 78.171
17.336 -78.1775
17.336 78.1775
17.337 -78.1839
17.337 78.1839
17.338 -78.1903
17.338 78.1903
17.339 -78.1968
17.339 78.1968
17.34 -78.2032
17.34 78.2032
17.341 -78.2096
17.341 78.2096
17.342 -78.2161
17.342 78.2161
17.343 -78.2225
17.343 78.2225
17.344 -78.2289
17.344 78.2289
17.345 -78.2354
17.345 78.2354
17.346 -78.2418
17.346 78.2418
17.347 -78.2482
17.347 78.2482
17.348 -78.2547
17.348 78.2547
17.349 -78.2611
17.349 78.2611
17.35 -78.2675
17.35 78.2675
17.351 -78.274
17.351 78.274
17.352 -78.2804
17.352 78.2804
17.353 -78.2868
17.353 78.2868
17.354 -78.2933
17.354 78.2933
17.355 -78.2997
17.355 78.2997
17.356 -78.3061
17.356 78.3061
17.357 -78.3126
17.357 78.3126
17.358 -78.319
17.358 78.319
17.359 -78.3255
17.359 78.3255
17.36 -78.3319
17.36 78.3319
17.361 -78.3383
17.361 78.3383
17.362 -78.3448
17.362 78.3448
17.363 -78.3512
17.363 78.3512
17.364 -78.3576
17.364 78.3576
17.365 -78.3641
17.365 78.3641
17.366 -78.3705
17.366 78.3705
17.367 -78.3769
17.367 78.3769
17.368 -78.3834
17.368 78.3834
17.369 -78.3898
17.369 78.3898
17.37 -78.3963
17.37 78.3963
17.371 -78.4027
17.371 78.4027
17.372 -78.4091
17.372 78.4091
17.373 -78.4156
17.373 78.4156
17.374 -78.422
17.374 78.422
17.375 -78.4284
17.375 78.4284
17.376 -78.4349
17.376 78.4349
17.377 -78.4413
17.377 78.4413
17.378 -78.4478
17.378 78.4478
17.379 -78.4542
17.379 78.4542
17.38 -78.4606
17.38 78.4606
17.381 -78.4671
17.381 78.4671
17.382 -78.4735
17.382 78.4735
17.383 -78.48
17.383 78.48
17.384 -78.4864
17.384 78.4864
17.385 -78.4928
17.385 78.4928
17.386 -78.4993
17.386 78.4993
17.387 -78.5057
17.387 78.5057
17.388 -78.5122
17.388 78.5122
17.389 -78.5186
17.389 78.5186
17.39 -78.525
17.39 78.525
17.391 -78.5315
17.391 78.5315
17.392 -78.5379
17.392 78.5379
17.393 -78.5444
17.393 78.5444
17.394 -78.5508
17.394 78.5508
17.395 -78.5573
17.395 78.5573
17.396 -78.5637
17.396 78.5637
17.397 -78.5701
17.397 78.5701
17.398 -78.5766
17.398 78.5766
17.399 -78.583
17.399 78.583
17.4 -78.5895
17.4 78.5895
17.401 -78.5959
17.401 78.5959
17.402 -78.6024
17.402 78.6024
17.403 -78.6088
17.403 78.6088
17.404 -78.6152
17.404 78.6152
17.405 -78.6217
17.405 78.6217
17.406 -78.6281
17.406 78.6281
17.407 -78.6346
17.407 78.6346
17.408 -78.641
17.408 78.641
17.409 -78.6475
17.409 78.6475
17.41 -78.6539
17.41 78.6539
17.411 -78.6603
17.411 78.6603
17.412 -78.6668
17.412 78.6668
17.413 -78.6732
17.413 78.6732
17.414 -78.6797
17.414 78.6797
17.415 -78.6861
17.415 78.6861
17.416 -78.6926
17.416 78.6926
17.417 -78.699
17.417 78.699
17.418 -78.7055
17.418 78.7055
17.419 -78.7119
17.419 78.7119
17.42 -78.7184
17.42 78.7184
17.421 -78.7248
17.421 78.7248
17.422 -78.7312
17.422 78.7312
17.423 -78.7377
17.423 78.7377
17.424 -78.7441
17.424 78.7441
17.425 -78.7506
17.425 78.7506
17.426 -78.757
17.426 78.757
17.427 -78.7635
17.427 78.7635
17.428 -78.7699
17.428 78.7699
17.429 -78.7764
17.429 78.7764
17.43 -78.7828
17.43 78.7828
17.431 -78.7893
17.431 78.7893
17.432 -78.7957
17.432 78.7957
17.433 -78.8022
17.433 78.8022
17.434 -78.8086
17.434 78.8086
17.435 -78.8151
17.435 78.8151
17.436 -78.8215
17.436 78.8215
17.437 -78.828
17.437 78.828
17.438 -78.8344
17.438 78.8344
17.439 -78.8409
17.439 78.8409
17.44 -78.8473
17.44 78.8473
17.441 -78.8538
17.441 78.8538
17.442 -78.8602
17.442 78.8602
17.443 -78.8667
17.443 78.8667
17.444 -78.8731
17.444 78.8731
17.445 -78.8796
17.445 78.8796
17.446 -78.886
17.446 78.886
17.447 -78.8925
17.447 78.8925
17.448 -78.8989
17.448 78.8989
17.449 -78.9054
17.449 78.9054
17.45 -78.9118
17.45 78.9118
17.451 -78.9183
17.451 78.9183
17.452 -78.9247
17.452 78.9247
17.453 -78.9312
17.453 78.9312
17.454 -78.9376
17.454 78.9376
17.455 -78.9441
17.455 78.9441
17.456 -78.9505
17.456 78.9505
17.457 -78.957
17.457 78.957
17.458 -78.9634
17.458 78.9634
17.459 -78.9699
17.459 78.9699
17.46 -78.9763
17.46 78.9763
17.461 -78.9828
17.461 78.9828
17.462 -78.9893
17.462 78.9893
17.463 -78.9957
17.463 78.9957
17.464 -79.0022
17.464 79.0022
17.465 -79.0086
17.465 79.0086
17.466 -79.0151
17.466 79.0151
17.467 -79.0215
17.467 79.0215
17.468 -79.028
17.468 79.028
17.469 -79.0344
17.469 79.0344
17.47 -79.0409
17.47 79.0409
17.471 -79.0473
17.471 79.0473
17.472 -79.0538
17.472 79.0538
17.473 -79.0603
17.473 79.0603
17.474 -79.0667
17.474 79.0667
17.475 -79.0732
17.475 79.0732
17.476 -79.0796
17.476 79.0796
17.477 -79.0861
17.477 79.0861
17.478 -79.0925
17.478 79.0925
17.479 -79.099
17.479 79.099
17.48 -79.1054
17.48 79.1054
17.481 -79.1119
17.481 79.1119
17.482 -79.1184
17.482 79.1184
17.483 -79.1248
17.483 79.1248
17.484 -79.1313
17.484 79.1313
17.485 -79.1377
17.485 79.1377
17.486 -79.1442
17.486 79.1442
17.487 -79.1507
17.487 79.1507
17.488 -79.1571
17.488 79.1571
17.489 -79.1636
17.489 79.1636
17.49 -79.17
17.49 79.17
17.491 -79.1765
17.491 79.1765
17.492 -79.1829
17.492 79.1829
17.493 -79.1894
17.493 79.1894
17.494 -79.1959
17.494 79.1959
17.495 -79.2023
17.495 79.2023
17.496 -79.2088
17.496 79.2088
17.497 -79.2152
17.497 79.2152
17.498 -79.2217
17.498 79.2217
17.499 -79.2282
17.499 79.2282
17.5 -79.2346
17.5 79.2346
17.501 -79.2411
17.501 79.2411
17.502 -79.2475
17.502 79.2475
17.503 -79.254
17.503 79.254
17.504 -79.2605
17.504 79.2605
17.505 -79.2669
17.505 79.2669
17.506 -79.2734
17.506 79.2734
17.507 -79.2798
17.507 79.2798
17.508 -79.2863
17.508 79.2863
17.509 -79.2928
17.509 79.2928
17.51 -79.2992
17.51 79.2992
17.511 -79.3057
17.511 79.3057
17.512 -79.3122
17.512 79.3122
17.513 -79.3186
17.513 79.3186
17.514 -79.3251
17.514 79.3251
17.515 -79.3315
17.515 79.3315
17.516 -79.338
17.516 79.338
17.517 -79.3445
17.517 79.3445
17.518 -79.3509
17.518 79.3509
17.519 -79.3574
17.519 79.3574
17.52 -79.3639
17.52 79.3639
17.521 -79.3703
17.521 79.3703
17.522 -79.3768
17.522 79.3768
17.523 -79.3833
17.523 79.3833
17.524 -79.3897
17.524 79.3897
17.525 -79.3962
17.525 79.3962
17.526 -79.4026
17.526 79.4026
17.527 -79.4091
17.527 79.4091
17.528 -79.4156
17.528 79.4156
17.529 -79.422
17.529 79.422
17.53 -79.4285
17.53 79.4285
17.531 -79.435
17.531 79.435
17.532 -79.4414
17.532 79.4414
17.533 -79.4479
17.533 79.4479
17.534 -79.4544
17.534 79.4544
17.535 -79.4608
17.535 79.4608
17.536 -79.4673
17.536 79.4673
17.537 -79.4738
17.537 79.4738
17.538 -79.4802
17.538 79.4802
17.539 -79.4867
17.539 79.4867
17.54 -79.4932
17.54 79.4932
17.541 -79.4996
17.541 79.4996
17.542 -79.5061
17.542 79.5061
17.543 -79.5126
17.543 79.5126
17.544 -79.519
17.544 79.519
17.545 -79.5255
17.545 79.5255
17.546 -79.532
17.546 79.532
17.547 -79.5384
17.547 79.5384
17.548 -79.5449
17.548 79.5449
17.549 -79.5514
17.549 79.5514
17.55 -79.5578
17.55 79.5578
17.551 -79.5643
17.551 79.5643
17.552 -79.5708
17.552 79.5708
17.553 -79.5773
17.553 79.5773
17.554 -79.5837
17.554 79.5837
17.555 -79.5902
17.555 79.5902
17.556 -79.5967
17.556 79.5967
17.557 -79.6031
17.557 79.6031
17.558 -79.6096
17.558 79.6096
17.559 -79.6161
17.559 79.6161
17.56 -79.6225
17.56 79.6225
17.561 -79.629
17.561 79.629
17.562 -79.6355
17.562 79.6355
17.563 -79.642
17.563 79.642
17.564 -79.6484
17.564 79.6484
17.565 -79.6549
17.565 79.6549
17.566 -79.6614
17.566 79.6614
17.567 -79.6678
17.567 79.6678
17.568 -79.6743
17.568 79.6743
17.569 -79.6808
17.569 79.6808
17.57 -79.6873
17.57 79.6873
17.571 -79.6937
17.571 79.6937
17.572 -79.7002
17.572 79.7002
17.573 -79.7067
17.573 79.7067
17.574 -79.7132
17.574 79.7132
17.575 -79.7196
17.575 79.7196
17.576 -79.7261
17.576 79.7261
17.577 -79.7326
17.577 79.7326
17.578 -79.739
17.578 79.739
17.579 -79.7455
17.579 79.7455
17.58 -79.752
17.58 79.752
17.581 -79.7585
17.581 79.7585
17.582 -79.7649
17.582 79.7649
17.583 -79.7714
17.583 79.7714
17.584 -79.7779
17.584 79.7779
17.585 -79.7844
17.585 79.7844
17.586 -79.7908
17.586 79.7908
17.587 -79.7973
17.587 79.7973
17.588 -79.8038
17.588 79.8038
17.589 -79.8103
17.589 79.8103
17.59 -79.8167
17.59 79.8167
17.591 -79.8232
17.591 79.8232
17.592 -79.8297
17.592 79.8297
17.593 -79.8362
17.593 79.8362
17.594 -79.8426
17.594 79.8426
17.595 -79.8491
17.595 79.8491
17.596 -79.8556
17.596 79.8556
17.597 -79.8621
17.597 79.8621
17.598 -79.8686
17.598 79.8686
17.599 -79.875
17.599 79.875
17.6 -79.8815
17.6 79.8815
17.601 -79.888
17.601 79.888
17.602 -79.8945
17.602 79.8945
17.603 -79.9009
17.603 79.9009
17.604 -79.9074
17.604 79.9074
17.605 -79.9139
17.605 79.9139
17.606 -79.9204
17.606 79.9204
17.607 -79.9269
17.607 79.9269
17.608 -79.9333
17.608 79.9333
17.609 -79.9398
17.609 79.9398
17.61 -79.9463
17.61 79.9463
17.611 -79.9528
17.611 79.9528
17.612 -79.9593
17.612 79.9593
17.613 -79.9657
17.613 79.9657
17.614 -79.9722
17.614 79.9722
17.615 -79.9787
17.615 79.9787
17.616 -79.9852
17.616 79.9852
17.617 -79.9917
17.617 79.9917
17.618 -79.9981
17.618 79.9981
17.619 -80.0046
17.619 80.0046
17.62 -80.0111
17.62 80.0111
17.621 -80.0176
17.621 80.0176
17.622 -80.0241
17.622 80.0241
17.623 -80.0305
17.623 80.0305
17.624 -80.037
17.624 80.037
17.625 -80.0435
17.625 80.0435
17.626 -80.05
17.626 80.05
17.627 -80.0565
17.627 80.0565
17.628 -80.063
17.628 80.063
17.629 -80.0694
17.629 80.0694
17.63 -80.0759
17.63 80.0759
17.631 -80.0824
17.631 80.0824
17.632 -80.0889
17.632 80.0889
17.633 -80.0954
17.633 80.0954
17.634 -80.1019
17.634 80.1019
17.635 -80.1083
17.635 80.1083
17.636 -80.1148
17.636 80.1148
17.637 -80.1213
17.637 80.1213
17.638 -80.1278
17.638 80.1278
17.639 -80.1343
17.639 80.1343
17.64 -80.1408
17.64 80.1408
17.641 -80.1472
17.641 80.1472
17.642 -80.1537
17.642 80.1537
17.643 -80.1602
17.643 80.1602
17.644 -80.1667
17.644 80.1667
17.645 -80.1732
17.645 80.1732
17.646 -80.1797
17.646 80.1797
17.647 -80.1862
17.647 80.1862
17.648 -80.1926
17.648 80.1926
17.649 -80.1991
17.649 80.1991
17.65 -80.2056
17.65 80.2056
17.651 -80.2121
17.651 80.2121
17.652 -80.2186
17.652 80.2186
17.653 -80.2251
17.653 80.2251
17.654 -80.2316
17.654 80.2316
17.655 -80.238
17.655 80.238
17.656 -80.2445
17.656 80.2445
17.657 -80.251
17.657 80.251
17.658 -80.2575
17.658 80.2575
17.659 -80.264
17.659 80.264
17.66 -80.2705
17.66 80.2705
17.661 -80.277
17.661 80.277
17.662 -80.2835
17.662 80.2835
17.663 -80.2899
17.663 80.2899
17.664 -80.2964
17.664 80.2964
17.665 -80.3029
17.665 80.3029
17.666 -80.3094
17.666 80.3094
17.667 -80.3159
17.667 80.3159
17.668 -80.3224
17.668 80.3224
17.669 -80.3289
17.669 80.3289
17.67 -80.3354
17.67 80.3354
17.671 -80.3419
17.671 80.3419
17.672 -80.3483
17.672 80.3483
17.673 -80.3548
17.673 80.3548
17.674 -80.3613
17.674 80.3613
17.675 -80.3678
17.675 80.3678
17.676 -80.3743
17.676 80.3743
17.677 -80.3808
17.677 80.3808
17.678 -80.3873
17.678 80.3873
17.679 -80.3938
17.679 80.3938
17.68 -80.4003
17.68 80.4003
17.681 -80.4068
17.681 80.4068
17.682 -80.4133
17.682 80.4133
17.683 -80.4197
17.683 80.4197
17.684 -80.4262
17.684 80.4262
17.685 -80.4327
17.685 80.4327
17.686 -80.4392
17.686 80.4392
17.687 -80.4457
17.687 80.4457
17.688 -80.4522
17.688 80.4522
17.689 -80.4587
17.689 80.4587
17.69 -80.4652
17.69 80.4652
17.691 -80.4717
17.691 80.4717
17.692 -80.4782
17.692 80.4782
17.693 -80.4847
17.693 80.4847
17.694 -80.4912
17.694 80.4912
17.695 -80.4977
17.695 80.4977
17.696 -80.5042
17.696 80.5042
17.697 -80.5107
17.697 80.5107
17.698 -80.5171
17.698 80.5171
17.699 -80.5236
17.699 80.5236
17.7 -80.5301
17.7 80.5301
17.701 -80.5366
17.701 80.5366
17.702 -80.5431
17.702 80.5431
17.703 -80.5496
17.703 80.5496
17.704 -80.5561
17.704 80.5561
17.705 -80.5626
17.705 80.5626
17.706 -80.5691
17.706 80.5691
17.707 -80.5756
17.707 80.5756
17.708 -80.5821
17.708 80.5821
17.709 -80.5886
17.709 80.5886
17.71 -80.5951
17.71 80.5951
17.711 -80.6016
17.711 80.6016
17.712 -80.6081
17.712 80.6081
17.713 -80.6146
17.713 80.6146
17.714 -80.6211
17.714 80.6211
17.715 -80.6276
17.715 80.6276
17.716 -80.6341
17.716 80.6341
17.717 -80.6406
17.717 80.6406
17.718 -80.6471
17.718 80.6471
17.719 -80.6536
17.719 80.6536
17.72 -80.6601
17.72 80.6601
17.721 -80.6666
17.721 80.6666
17.722 -80.6731
17.722 80.6731
17.723 -80.6796
17.723 80.6796
17.724 -80.6861
17.724 80.6861
17.725 -80.6926
17.725 80.6926
17.726 -80.6991
17.726 80.6991
17.727 -80.7056
17.727 80.7056
17.728 -80.7121
17.728 80.7121
17.729 -80.7186
17.729 80.7186
17.73 -80.7251
17.73 80.7251
17.731 -80.7316
17.731 80.7316
17.732 -80.7381
17.732 80.7381
17.733 -80.7446
17.733 80.7446
17.734 -80.7511
17.734 80.7511
17.735 -80.7576
17.735 80.7576
17.736 -80.7641
17.736 80.7641
17.737 -80.7706
17.737 80.7706
17.738 -80.7771
17.738 80.7771
17.739 -80.7836
17.739 80.7836
17.74 -80.7901
17.74 80.7901
17.741 -80.7966
17.741 80.7966
17.742 -80.8031
17.742 80.8031
17.743 -80.8096
17.743 80.8096
17.744 -80.8161
17.744 80.8161
17.745 -80.8226
17.745 80.8226
17.746 -80.8291
17.746 80.8291
17.747 -80.8356
17.747 80.8356
17.748 -80.8421
17.748 80.8421
17.749 -80.8486
17.749 80.8486
17.75 -80.8551
17.75 80.8551
17.751 -80.8616
17.751 80.8616
17.752 -80.8681
17.752 80.8681
17.753 -80.8746
17.753 80.8746
17.754 -80.8811
17.754 80.8811
17.755 -80.8876
17.755 80.8876
17.756 -80.8941
17.756 80.8941
17.757 -80.9006
17.757 80.9006
17.758 -80.9071
17.758 80.9071
17.759 -80.9136
17.759 80.9136
17.76 -80.9201
17.76 80.9201
17.761 -80.9266
17.761 80.9266
17.762 -80.9332
17.762 80.9332
17.763 -80.9397
17.763 80.9397
17.764 -80.9462
17.764 80.9462
17.765 -80.9527
17.765 80.9527
17.766 -80.9592
17.766 80.9592
17.767 -80.9657
17.767 80.9657
17.768 -80.9722
17.768 80.9722
17.769 -80.9787
17.769 80.9787
17.77 -80.9852
17.77 80.9852
17.771 -80.9917
17.771 80.9917
17.772 -80.9982
17.772 80.9982
17.773 -81.0047
17.773 81.0047
17.774 -81.0112
17.774 81.0112
17.775 -81.0177
17.775 81.0177
17.776 -81.0242
17.776 81.0242
17.777 -81.0308
17.777 81.0308
17.778 -81.0373
17.778 81.0373
17.779 -81.0438
17.779 81.0438
17.78 -81.0503
17.78 81.0503
17.781 -81.0568
17.781 81.0568
17.782 -81.0633
17.782 81.0633
17.783 -81.0698
17.783 81.0698
17.784 -81.0763
17.784 81.0763
17.785 -81.0828
17.785 81.0828
17.786 -81.0893
17.786 81.0893
17.787 -81.0958
17.787 81.0958
17.788 -81.1024
17.788 81.1024
17.789 -81.1089
17.789 81.1089
17.79 -81.1154
17.79 81.1154
17.791 -81.1219
17.791 81.1219
17.792 -81.1284
17.792 81.1284
17.793 -81.1349
17.793 81.1349
17.794 -81.1414
17.794 81.1414
17.795 -81.1479
17.795 81.1479
17.796 -81.1544
17.796 81.1544
17.797 -81.161
17.797 81.161
17.798 -81.1675
17.798 81.1675
17.799 -81.174
17.799 81.174
17.8 -81.1805
17.8 81.1805
17.801 -81.187
17.801 81.187
17.802 -81.1935
17.802 81.1935
17.803 -81.2
17.803 81.2
17.804 -81.2065
17.804 81.2065
17.805 -81.2131
17.805 81.2131
17.806 -81.2196
17.806 81.2196
17.807 -81.2261
17.807 81.2261
17.808 -81.2326
17.808 81.2326
17.809 -81.2391
17.809 81.2391
17.81 -81.2456
17.81 81.2456
17.811 -81.2521
17.811 81.2521
17.812 -81.2586
17.812 81.2586
17.813 -81.2652
17.813 81.2652
17.814 -81.2717
17.814 81.2717
17.815 -81.2782
17.815 81.2782
17.816 -81.2847
17.816 81.2847
17.817 -81.2912
17.817 81.2912
17.818 -81.2977
17.818 81.2977
17.819 -81.3043
17.819 81.3043
17.82 -81.3108
17.82 81.3108
17.821 -81.3173
17.821 81.3173
17.822 -81.3238
17.822 81.3238
17.823 -81.3303
17.823 81.3303
17.824 -81.3368
17.824 81.3368
17.825 -81.3433
17.825 81.3433
17.826 -81.3499
17.826 81.3499
17.827 -81.3564
17.827 81.3564
17.828 -81.3629
17.828 81.3629
17.829 -81.3694
17.829 81.3694
17.83 -81.3759
17.83 81.3759
17.831 -81.3824
17.831 81.3824
17.832 -81.389
17.832 81.389
17.833 -81.3955
17.833 81.3955
17.834 -81.402
17.834 81.402
17.835 -81.4085
17.835 81.4085
17.836 -81.415
17.836 81.415
17.837 -81.4216
17.837 81.4216
17.838 -81.4281
17.838 81.4281
17.839 -81.4346
17.839 81.4346
17.84 -81.4411
17.84 81.4411
17.841 -81.4476
17.841 81.4476
17.842 -81.4542
17.842 81.4542
17.843 -81.4607
17.843 81.4607
17.844 -81.4672
17.844 81.4672
17.845 -81.4737
17.845 81.4737
17.846 -81.4802
17.846 81.4802
17.847 -81.4868
17.847 81.4868
17.848 -81.4933
17.848 81.4933
17.849 -81.4998
17.849 81.4998
17.85 -81.5063
17.85 81.5063
17.851 -81.5128
17.851 81.5128
17.852 -81.5194
17.852 81.5194
17.853 -81.5259
17.853 81.5259
17.854 -81.5324
17.854 81.5324
17.855 -81.5389
17.855 81.5389
17.856 -81.5454
17.856 81.5454
17.857 -81.552
17.857 81.552
17.858 -81.5585
17.858 81.5585
17.859 -81.565
17.859 81.565
17.86 -81.5715
17.86 81.5715
17.861 -81.5781
17.861 81.5781
17.862 -81.5846
17.862 81.5846
17.863 -81.5911
17.863 81.5911
17.864 -81.5976
17.864 81.5976
17.865 -81.6041
17.865 81.6041
17.866 -81.6107
17.866 81.6107
17.867 -81.6172
17.867 81.6172
17.868 -81.6237
17.868 81.6237
17.869 -81.6302
17.869 81.6302
17.87 -81.6368
17.87 81.6368
17.871 -81.6433
17.871 81.6433
17.872 -81.6498
17.872 81.6498
17.873 -81.6563
17.873 81.6563
17.874 -81.6629
17.874 81.6629
17.875 -81.6694
17.875 81.6694
17.876 -81.6759
17.876 81.6759
17.877 -81.6824
17.877 81.6824
17.878 -81.689
17.878 81.689
17.879 -81.6955
17.879 81.6955
17.88 -81.702
17.88 81.702
17.881 -81.7085
17.881 81.7085
17.882 -81.7151
17.882 81.7151
17.883 -81.7216
17.883 81.7216
17.884 -81.7281
17.884 81.7281
17.885 -81.7346
17.885 81.7346
17.886 -81.7412
17.886 81.7412
17.887 -81.7477
17.887 81.7477
17.888 -81.7542
17.888 81.7542
17.889 -81.7608
17.889 81.7608
17.89 -81.7673
17.89 81.7673
17.891 -81.7738
17.891 81.7738
17.892 -81.7803
17.892 81.7803
17.893 -81.7869
17.893 81.7869
17.894 -81.7934
17.894 81.7934
17.895 -81.7999
17.895 81.7999
17.896 -81.8065
17.896 81.8065
17.897 -81.813
17.897 81.813
17.898 -81.8195
17.898 81.8195
17.899 -81.826
17.899 81.826
17.9 -81.8326
17.9 81.8326
17.901 -81.8391
17.901 81.8391
17.902 -81.8456
17.902 81.8456
17.903 -81.8522
17.903 81.8522
17.904 -81.8587
17.904 81.8587
17.905 -81.8652
17.905 81.8652
17.906 -81.8717
17.906 81.8717
17.907 -81.8783
17.907 81.8783
17.908 -81.8848
17.908 81.8848
17.909 -81.8913
17.909 81.8913
17.91 -81.8979
17.91 81.8979
17.911 -81.9044
17.911 81.9044
17.912 -81.9109
17.912 81.9109
17.913 -81.9175
17.913 81.9175
17.914 -81.924
17.914 81.924
17.915 -81.9305
17.915 81.9305
17.916 -81.9371
17.916 81.9371
17.917 -81.9436
17.917 81.9436
17.918 -81.9501
17.918 81.9501
17.919 -81.9567
17.919 81.9567
17.92 -81.9632
17.92 81.9632
17.921 -81.9697
17.921 81.9697
17.922 -81.9763
17.922 81.9763
17.923 -81.9828
17.923 81.9828
17.924 -81.9893
17.924 81.9893
17.925 -81.9959
17.925 81.9959
17.926 -82.0024
17.926 82.0024
17.927 -82.0089
17.927 82.0089
17.928 -82.0155
17.928 82.0155
17.929 -82.022
17.929 82.022
17.93 -82.0285
17.93 82.0285
17.931 -82.0351
17.931 82.0351
17.932 -82.0416
17.932 82.0416
17.933 -82.0481
17.933 82.0481
17.934 -82.0547
17.934 82.0547
17.935 -82.0612
17.935 82.0612
17.936 -82.0677
17.936 82.0677
17.937 -82.0743
17.937 82.0743
17.938 -82.0808
17.938 82.0808
17.939 -82.0873
17.939 82.0873
17.94 -82.0939
17.94 82.0939
17.941 -82.1004
17.941 82.1004
17.942 -82.107
17.942 82.107
17.943 -82.1135
17.943 82.1135
17.944 -82.12
17.944 82.12
17.945 -82.1266
17.945 82.1266
17.946 -82.1331
17.946 82.1331
17.947 -82.1396
17.947 82.1396
17.948 -82.1462
17.948 82.1462
17.949 -82.1527
17.949 82.1527
17.95 -82.1593
17.95 82.1593
17.951 -82.1658
17.951 82.1658
17.952 -82.1723
17.952 82.1723
17.953 -82.1789
17.953 82.1789
17.954 -82.1854
17.954 82.1854
17.955 -82.1919
17.955 82.1919
17.956 -82.1985
17.956 82.1985
17.957 -82.205
17.957 82.205
17.958 -82.2116
17.958 82.2116
17.959 -82.2181
17.959 82.2181
17.96 -82.2246
17.96 82.2246
17.961 -82.2312
17.961 82.2312
17.962 -82.2377
17.962 82.2377
17.963 -82.2443
17.963 82.2443
17.964 -82.2508
17.964 82.2508
17.965 -82.2573
17.965 82.2573
17.966 -82.2639
17.966 82.2639
17.967 -82.2704
17.967 82.2704
17.968 -82.277
17.968 82.277
17.969 -82.2835
17.969 82.2835
17.97 -82.29
17.97 82.29
17.971 -82.2966
17.971 82.2966
17.972 -82.3031
17.972 82.3031
17.973 -82.3097
17.973 82.3097
17.974 -82.3162
17.974 82.3162
17.975 -82.3228
17.975 82.3228
17.976 -82.3293
17.976 82.3293
17.977 -82.3358
17.977 82.3358
17.978 -82.3424
17.978 82.3424
17.979 -82.3489
17.979 82.3489
17.98 -82.3555
17.98 82.3555
17.981 -82.362
17.981 82.362
17.982 -82.3686
17.982 82.3686
17.983 -82.3751
17.983 82.3751
17.984 -82.3816
17.984 82.3816
17.985 -82.3882
17.985 82.3882
17.986 -82.3947
17.986 82.3947
17.987 -82.4013
17.987 82.4013
17.988 -82.4078
17.988 82.4078
17.989 -82.4144
17.989 82.4144
17.99 -82.4209
17.99 82.4209
17.991 -82.4275
17.991 82.4275
17.992 -82.434
17.992 82.434
17.993 -82.4405
17.993 82.4405
17.994 -82.4471
17.994 82.4471
17.995 -82.4536
17.995 82.4536
17.996 -82.4602
17.996 82.4602
17.997 -82.4667
17.997 82.4667
17.998 -82.4733
17.998 82.4733
17.999 -82.4798
17.999 82.4798
18 -82.4864
18 82.4864
18.001 -82.4929
18.001 82.4929
18.002 -82.4995
18.002 82.4995
18.003 -82.506
18.003 82.506
18.004 -82.5126
18.004 82.5126
18.005 -82.5191
18.005 82.5191
18.006 -82.5256
18.006 82.5256
18.007 -82.5322
18.007 82.5322
18.008 -82.5387
18.008 82.5387
18.009 -82.5453
18.009 82.5453
18.01 -82.5518
18.01 82.5518
18.011 -82.5584
18.011 82.5584
18.012 -82.5649
18.012 82.5649
18.013 -82.5715
18.013 82.5715
18.014 -82.578
18.014 82.578
18.015 -82.5846
18.015 82.5846
18.016 -82.5911
18.016 82.5911
18.017 -82.5977
18.017 82.5977
18.018 -82.6042
18.018 82.6042
18.019 -82.6108
18.019 82.6108
18.02 -82.6173
18.02 82.6173
18.021 -82.6239
18.021 82.6239
18.022 -82.6304
18.022 82.6304
18.023 -82.637
18.023 82.637
18.024 -82.6435
18.024 82.6435
18.025 -82.6501
18.025 82.6501
18.026 -82.6566
18.026 82.6566
18.027 -82.6632
18.027 82.6632
18.028 -82.6697
18.028 82.6697
18.029 -82.6763
18.029 82.6763
18.03 -82.6828
18.03 82.6828
18.031 -82.6894
18.031 82.6894
18.032 -82.6959
18.032 82.6959
18.033 -82.7025
18.033 82.7025
18.034 -82.709
18.034 82.709
18.035 -82.7156
18.035 82.7156
18.036 -82.7221
18.036 82.7221
18.037 -82.7287
18.037 82.7287
18.038 -82.7353
18.038 82.7353
18.039 -82.7418
18.039 82.7418
18.04 -82.7484
18.04 82.7484
18.041 -82.7549
18.041 82.7549
18.042 -82.7615
18.042 82.7615
18.043 -82.768
18.043 82.768
18.044 -82.7746
18.044 82.7746
18.045 -82.7811
18.045 82.7811
18.046 -82.7877
18.046 82.7877
18.047 -82.7942
18.047 82.7942
18.048 -82.8008
18.048 82.8008
18.049 -82.8073
18.049 82.8073
18.05 -82.8139
18.05 82.8139
18.051 -82.8205
18.051 82.8205
18.052 -82.827
18.052 82.827
18.053 -82.8336
18.053 82.8336
18.054 -82.8401
18.054 82.8401
18.055 -82.8467
18.055 82.8467
18.056 -82.8532
18.056 82.8532
18.057 -82.8598
18.057 82.8598
18.058 -82.8663
18.058 82.8663
18.059 -82.8729
18.059 82.8729
18.06 -82.8795
18.06 82.8795
18.061 -82.886
18.061 82.886
18.062 -82.8926
18.062 82.8926
18.063 -82.8991
18.063 82.8991
18.064 -82.9057
18.064 82.9057
18.065 -82.9122
18.065 82.9122
18.066 -82.9188
18.066 82.9188
18.067 -82.9254
18.067 82.9254
18.068 -82.9319
18.068 82.9319
18.069 -82.9385
18.069 82.9385
18.07 -82.945
18.07 82.945
18.071 -82.9516
18.071 82.9516
18.072 -82.9582
18.072 82.9582
18.073 -82.9647
18.073 82.9647
18.074 -82.9713
18.074 82.9713
18.075 -82.9778
18.075 82.9778
18.076 -82.9844
18.076 82.9844
18.077 -82.991
18.077 82.991
18.078 -82.9975
18.078 82.9975
18.079 -83.0041
18.079 83.0041
18.08 -83.0106
18.08 83.0106
18.081 -83.0172
18.081 83.0172
18.082 -83.0238
18.082 83.0238
18.083 -83.0303
18.083 83.0303
18.084 -83.0369
18.084 83.0369
18.085 -83.0434
18.085 83.0434
18.086 -83.05
18.086 83.05
18.087 -83.0566
18.087 83.0566
18.088 -83.0631
18.088 83.0631
18.089 -83.0697
18.089 83.0697
18.09 -83.0762
18.09 83.0762
18.091 -83.0828
18.091 83.0828
18.092 -83.0894
18.092 83.0894
18.093 -83.0959
18.093 83.0959
18.094 -83.1025
18.094 83.1025
18.095 -83.1091
18.095 83.1091
18.096 -83.1156
18.096 83.1156
18.097 -83.1222
18.097 83.1222
18.098 -83.1287
18.098 83.1287
18.099 -83.1353
18.099 83.1353
18.1 -83.1419
18.1 83.1419
18.101 -83.1484
18.101 83.1484
18.102 -83.155
18.102 83.155
18.103 -83.1616
18.103 83.1616
18.104 -83.1681
18.104 83.1681
18.105 -83.1747
18.105 83.1747
18.106 -83.1813
18.106 83.1813
18.107 -83.1878
18.107 83.1878
18.108 -83.1944
18.108 83.1944
18.109 -83.201
18.109 83.201
18.11 -83.2075
18.11 83.2075
18.111 -83.2141
18.111 83.2141
18.112 -83.2206
18.112 83.2206
18.113 -83.2272
18.113 83.2272
18.114 -83.2338
18.114 83.2338
18.115 -83.2403
18.115 83.2403
18.116 -83.2469
18.116 83.2469
18.117 -83.2535
18.117 83.2535
18.118 -83.26
18.118 83.26
18.119 -83.2666
18.119 83.2666
18.12 -83.2732
18.12 83.2732
18.121 -83.2797
18.121 83.2797
18.122 -83.2863
18.122 83.2863
18.123 -83.2929
18.123 83.2929
18.124 -83.2994
18.124 83.2994
18.125 -83.306
18.125 83.306
18.126 -83.3126
18.126 83.3126
18.127 -83.3192
18.127 83.3192
18.128 -83.3257
18.128 83.3257
18.129 -83.3323
18.129 83.3323
18.13 -83.3389
18.13 83.3389
18.131 -83.3454
18.131 83.3454
18.132 -83.352
18.132 83.352
18.133 -83.3586
18.133 83.3586
18.134 -83.3651
18.134 83.3651
18.135 -83.3717
18.135 83.3717
18.136 -83.3783
18.136 83.3783
18.137 -83.3848
18.137 83.3848
18.138 -83.3914
18.138 83.3914
18.139 -83.398
18.139 83.398
18.14 -83.4046
18.14 83.4046
18.141 -83.4111
18.141 83.4111
18.142 -83.4177
18.142 83.4177
18.143 -83.4243
18.143 83.4243
18.144 -83.4308
18.144 83.4308
18.145 -83.4374
18.145 83.4374
18.146 -83.444
18.146 83.444
18.147 -83.4506
18.147 83.4506
18.148 -83.4571
18.148 83.4571
18.149 -83.4637
18.149 83.4637
18.15 -83.4703
18.15 83.4703
18.151 -83.4768
18.151 83.4768
18.152 -83.4834
18.152 83.4834
18.153 -83.49
18.153 83.49
18.154 -83.4966
18.154 83.4966
18.155 -83.5031
18.155 83.5031
18.156 -83.5097
18.156 83.5097
18.157 -83.5163
18.157 83.5163
18.158 -83.5229
18.158 83.5229
18.159 -83.5294
18.159 83.5294
18.16 -83.536
18.16 83.536
18.161 -83.5426
18.161 83.5426
18.162 -83.5491
18.162 83.5491
18.163 -83.5557
18.163 83.5557
18.164 -83.5623
18.164 83.5623
18.165 -83.5689
18.165 83.5689
18.166 -83.5754
18.166 83.5754
18.167 -83.582
18.167 83.582
18.168 -83.5886
18.168 83.5886
18.169 -83.5952
18.169 83.5952
18.17 -83.6017
18.17 83.6017
18.171 -83.6083
18.171 83.6083
18.172 -83.6149
18.172 83.6149
18.173 -83.6215
18.173 83.6215
18.174 -83.6281
18.174 83.6281
18.175 -83.6346
18.175 83.6346
18.176 -83.6412
18.176 83.6412
18.177 -83.6478
18.177 83.6478
18.178 -83.6544
18.178 83.6544
18.179 -83.6609
18.179 83.6609
18.18 -83.6675
18.18 83.6675
18.181 -83.6741
18.181 83.6741
18.182 -83.6807
18.182 83.6807
18.183 -83.6872
18.183 83.6872
18.184 -83.6938
18.184 83.6938
18.185 -83.7004
18.185 83.7004
18.186 -83.707
18.186 83.707
18.187 -83.7136
18.187 83.7136
18.188 -83.7201
18.188 83.7201
18.189 -83.7267
18.189 83.7267
18.19 -83.7333
18.19 83.7333
18.191 -83.7399
18.191 83.7399
18.192 -83.7465
18.192 83.7465
18.193 -83.753
18.193 83.753
18.194 -83.7596
18.194 83.7596
18.195 -83.7662
18.195 83.7662
18.196 -83.7728
18.196 83.7728
18.197 -83.7794
18.197 83.7794
18.198 -83.7859
18.198 83.7859
18.199 -83.7925
18.199 83.7925
18.2 -83.7991
18.2 83.7991
18.201 -83.8057
18.201 83.8057
18.202 -83.8123
18.202 83.8123
18.203 -83.8188
18.203 83.8188
18.204 -83.8254
18.204 83.8254
18.205 -83.832
18.205 83.832
18.206 -83.8386
18.206 83.8386
18.207 -83.8452
18.207 83.8452
18.208 -83.8517
18.208 83.8517
18.209 -83.8583
18.209 83.8583
18.21 -83.8649
18.21 83.8649
18.211 -83.8715
18.211 83.8715
18.212 -83.8781
18.212 83.8781
18.213 -83.8847
18.213 83.8847
18.214 -83.8912
18.214 83.8912
18.215 -83.8978
18.215 83.8978
18.216 -83.9044
18.216 83.9044
18.217 -83.911
18.217 83.911
18.218 -83.9176
18.218 83.9176
18.219 -83.9242
18.219 83.9242
18.22 -83.9307
18.22 83.9307
18.221 -83.9373
18.221 83.9373
18.222 -83.9439
18.222 83.9439
18.223 -83.9505
18.223 83.9505
18.224 -83.9571
18.224 83.9571
18.225 -83.9637
18.225 83.9637
18.226 -83.9702
18.226 83.9702
18.227 -83.9768
18.227 83.9768
18.228 -83.9834
18.228 83.9834
18.229 -83.99
18.229 83.99
18.23 -83.9966
18.23 83.9966
18.231 -84.0032
18.231 84.0032
18.232 -84.0098
18.232 84.0098
18.233 -84.0164
18.233 84.0164
18.234 -84.0229
18.234 84.0229
18.235 -84.0295
18.235 84.0295
18.236 -84.0361
18.236 84.0361
18.237 -84.0427
18.237 84.0427
18.238 -84.0493
18.238 84.0493
18.239 -84.0559
18.239 84.0559
18.24 -84.0625
18.24 84.0625
18.241 -84.069
18.241 84.069
18.242 -84.0756
18.242 84.0756
18.243 -84.0822
18.243 84.0822
18.244 -84.0888
18.244 84.0888
18.245 -84.0954
18.245 84.0954
18.246 -84.102
18.246 84.102
18.247 -84.1086
18.247 84.1086
18.248 -84.1152
18.248 84.1152
18.249 -84.1218
18.249 84.1218
18.25 -84.1283
18.25 84.1283
18.251 -84.1349
18.251 84.1349
18.252 -84.1415
18.252 84.1415
18.253 -84.1481
18.253 84.1481
18.254 -84.1547
18.254 84.1547
18.255 -84.1613
18.255 84.1613
18.256 -84.1679
18.256 84.1679
18.257 -84.1745
18.257 84.1745
18.258 -84.1811
18.258 84.1811
18.259 -84.1877
18.259 84.1877
18.26 -84.1942
18.26 84.1942
18.261 -84.2008
18.261 84.2008
18.262 -84.2074
18.262 84.2074
18.263 -84.214
18.263 84.214
18.264 -84.2206
18.264 84.2206
18.265 -84.2272
18.265 84.2272
18.266 -84.2338
18.266 84.2338
18.267 -84.2404
18.267 84.2404
18.268 -84.247
18.268 84.247
18.269 -84.2536
18.269 84.2536
18.27 -84.2602
18.27 84.2602
18.271 -84.2668
18.271 84.2668
18.272 -84.2733
18.272 84.2733
18.273 -84.2799
18.273 84.2799
18.274 -84.2865
18.274 84.2865
18.275 -84.2931
18.275 84.2931
18.276 -84.2997
18.276 84.2997
18.277 -84.3063
18.277 84.3063
18.278 -84.3129
18.278 84.3129
18.279 -84.3195
18.279 84.3195
18.28 -84.3261
18.28 84.3261
18.281 -84.3327
18.281 84.3327
18.282 -84.3393
18.282 84.3393
18.283 -84.3459
18.283 84.3459
18.284 -84.3525
18.284 84.3525
18.285 -84.3591
18.285 84.3591
18.286 -84.3657
18.286 84.3657
18.287 -84.3723
18.287 84.3723
18.288 -84.3789
18.288 84.3789
18.289 -84.3855
18.289 84.3855
18.29 -84.392
18.29 84.392
18.291 -84.3986
18.291 84.3986
18.292 -84.4052
18.292 84.4052
18.293 -84.4118
18.293 84.4118
18.294 -84.4184
18.294 84.4184
18.295 -84.425
18.295 84.425
18.296 -84.4316
18.296 84.4316
18.297 -84.4382
18.297 84.4382
18.298 -84.4448
18.298 84.4448
18.299 -84.4514
18.299 84.4514
18.3 -84.458
18.3 84.458
18.301 -84.4646
18.301 84.4646
18.302 -84.4712
18.302 84.4712
18.303 -84.4778
18.303 84.4778
18.304 -84.4844
18.304 84.4844
18.305 -84.491
18.305 84.491
18.306 -84.4976
18.306 84.4976
18.307 -84.5042
18.307 84.5042
18.308 -84.5108
18.308 84.5108
18.309 -84.5174
18.309 84.5174
18.31 -84.524
18.31 84.524
18.311 -84.5306
18.311 84.5306
18.312 -84.5372
18.312 84.5372
18.313 -84.5438
18.313 84.5438
18.314 -84.5504
18.314 84.5504
18.315 -84.557
18.315 84.557
18.316 -84.5636
18.316 84.5636
18.317 -84.5702
18.317 84.5702
18.318 -84.5768
18.318 84.5768
18.319 -84.5834
18.319 84.5834
18.32 -84.59
18.32 84.59
18.321 -84.5966
18.321 84.5966
18.322 -84.6032
18.322 84.6032
18.323 -84.6098
18.323 84.6098
18.324 -84.6164
18.324 84.6164
18.325 -84.623
18.325 84.623
18.326 -84.6296
18.326 84.6296
18.327 -84.6362
18.327 84.6362
18.328 -84.6428
18.328 84.6428
18.329 -84.6494
18.329 84.6494
18.33 -84.656
18.33 84.656
18.331 -84.6626
18.331 84.6626
18.332 -84.6692
18.332 84.6692
18.333 -84.6758
18.333 84.6758
18.334 -84.6824
18.334 84.6824
18.335 -84.689
18.335 84.689
18.336 -84.6956
18.336 84.6956
18.337 -84.7023
18.337 84.7023
18.338 -84.7089
18.338 84.7089
18.339 -84.7155
18.339 84.7155
18.34 -84.7221
18.34 84.7221
18.341 -84.7287
18.341 84.7287
18.342 -84.7353
18.342 84.7353
18.343 -84.7419
18.343 84.7419
18.344 -84.7485
18.344 84.7485
18.345 -84.7551
18.345 84.7551
18.346 -84.7617
18.346 84.7617
18.347 -84.7683
18.347 84.7683
18.348 -84.7749
18.348 84.7749
18.349 -84.7815
18.349 84.7815
18.35 -84.7881
18.35 84.7881
18.351 -84.7947
18.351 84.7947
18.352 -84.8013
18.352 84.8013
18.353 -84.8079
18.353 84.8079
18.354 -84.8145
18.354 84.8145
18.355 -84.8212
18.355 84.8212
18.356 -84.8278
18.356 84.8278
18.357 -84.8344
18.357 84.8344
18.358 -84.841
18.358 84.841
18.359 -84.8476
18.359 84.8476
18.36 -84.8542
18.36 84.8542
18.361 -84.8608
18.361 84.8608
18.362 -84.8674
18.362 84.8674
18.363 -84.874
18.363 84.874
18.364 -84.8806
18.364 84.8806
18.365 -84.8872
18.365 84.8872
18.366 -84.8938
18.366 84.8938
18.367 -84.9005
18.367 84.9005
18.368 -84.9071
18.368 84.9071
18.369 -84.9137
18.369 84.9137
18.37 -84.9203
18.37 84.9203
18.371 -84.9269
18.371 84.9269
18.372 -84.9335
18.372 84.9335
18.373 -84.9401
18.373 84.9401
18.374 -84.9467
18.374 84.9467
18.375 -84.9533
18.375 84.9533
18.376 -84.9599
18.376 84.9599
18.377 -84.9666
18.377 84.9666
18.378 -84.9732
18.378 84.9732
18.379 -84.9798
18.379 84.9798
18.38 -84.9864
18.38 84.9864
18.381 -84.993
18.381 84.993
18.382 -84.9996
18.382 84.9996
18.383 -85.0062
18.383 85.0062
18.384 -85.0128
18.384 85.0128
18.385 -85.0194
18.385 85.0194
18.386 -85.0261
18.386 85.0261
18.387 -85.0327
18.387 85.0327
18.388 -85.0393
18.388 85.0393
18.389 -85.0459
18.389 85.0459
18.39 -85.0525
18.39 85.0525
18.391 -85.0591
18.391 85.0591
18.392 -85.0657
18.392 85.0657
18.393 -85.0723
18.393 85.0723
18.394 -85.079
18.394 85.079
18.395 -85.0856
18.395 85.0856
18.396 -85.0922
18.396 85.0922
18.397 -85.0988
18.397 85.0988
18.398 -85.1054
18.398 85.1054
18.399 -85.112
18.399 85.112
18.4 -85.1186
18.4 85.1186
18.401 -85.1253
18.401 85.1253
18.402 -85.1319
18.402 85.1319
18.403 -85.1385
18.403 85.1385
18.404 -85.1451
18.404 85.1451
18.405 -85.1517
18.405 85.1517
18.406 -85.1583
18.406 85.1583
18.407 -85.165
18.407 85.165
18.408 -85.1716
18.408 85.1716
18.409 -85.1782
18.409 85.1782
18.41 -85.1848
18.41 85.1848
18.411 -85.1914
18.411 85.1914
18.412 -85.198
18.412 85.198
18.413 -85.2047
18.413 85.2047
18.414 -85.2113
18.414 85.2113
18.415 -85.2179
18.415 85.2179
18.416 -85.2245
18.416 85.2245
18.417 -85.2311
18.417 85.2311
18.418 -85.2377
18.418 85.2377
18.419 -85.2444
18.419 85.2444
18.42 -85.251
18.42 85.251
18.421 -85.2576
18.421 85.2576
18.422 -85.2642
18.422 85.2642
18.423 -85.2708
18.423 85.2708
18.424 -85.2774
18.424 85.2774
18.425 -85.2841
18.425 85.2841
18.426 -85.2907
18.426 85.2907
18.427 -85.2973
18.427 85.2973
18.428 -85.3039
18.428 85.3039
18.429 -85.3105
18.429 85.3105
18.43 -85.3172
18.43 85.3172
18.431 -85.3238
18.431 85.3238
18.432 -85.3304
18.432 85.3304
18.433 -85.337
18.433 85.337
18.434 -85.3436
18.434 85.3436
18.435 -85.3503
18.435 85.3503
18.436 -85.3569
18.436 85.3569
18.437 -85.3635
18.437 85.3635
18.438 -85.3701
18.438 85.3701
18.439 -85.3768
18.439 85.3768
18.44 -85.3834
18.44 85.3834
18.441 -85.39
18.441 85.39
18.442 -85.3966
18.442 85.3966
18.443 -85.4032
18.443 85.4032
18.444 -85.4099
18.444 85.4099
18.445 -85.4165
18.445 85.4165
18.446 -85.4231
18.446 85.4231
18.447 -85.4297
18.447 85.4297
18.448 -85.4364
18.448 85.4364
18.449 -85.443
18.449 85.443
18.45 -85.4496
18.45 85.4496
18.451 -85.4562
18.451 85.4562
18.452 -85.4628
18.452 85.4628
18.453 -85.4695
18.453 85.4695
18.454 -85.4761
18.454 85.4761
18.455 -85.4827
18.455 85.4827
18.456 -85.4893
18.456 85.4893
18.457 -85.496
18.457 85.496
18.458 -85.5026
18.458 85.5026
18.459 -85.5092
18.459 85.5092
18.46 -85.5158
18.46 85.5158
18.461 -85.5225
18.461 85.5225
18.462 -85.5291
18.462 85.5291
18.463 -85.5357
18.463 85.5357
18.464 -85.5423
18.464 85.5423
18.465 -85.549
18.465 85.549
18.466 -85.5556
18.466 85.5556
18.467 -85.5622
18.467 85.5622
18.468 -85.5688
18.468 85.5688
18.469 -85.5755
18.469 85.5755
18.47 -85.5821
18.47 85.5821
18.471 -85.5887
18.471 85.5887
18.472 -85.5953
18.472 85.5953
18.473 -85.602
18.473 85.602
18.474 -85.6086
18.474 85.6086
18.475 -85.6152
18.475 85.6152
18.476 -85.6219
18.476 85.6219
18.477 -85.6285
18.477 85.6285
18.478 -85.6351
18.478 85.6351
18.479 -85.6417
18.479 85.6417
18.48 -85.6484
18.48 85.6484
18.481 -85.655
18.481 85.655
18.482 -85.6616
18.482 85.6616
18.483 -85.6683
18.483 85.6683
18.484 -85.6749
18.484 85.6749
18.485 -85.6815
18.485 85.6815
18.486 -85.6881
18.486 85.6881
18.487 -85.6948
18.487 85.6948
18.488 -85.7014
18.488 85.7014
18.489 -85.708
18.489 85.708
18.49 -85.7147
18.49 85.7147
18.491 -85.7213
18.491 85.7213
18.492 -85.7279
18.492 85.7279
18.493 -85.7346
18.493 85.7346
18.494 -85.7412
18.494 85.7412
18.495 -85.7478
18.495 85.7478
18.496 -85.7544
18.496 85.7544
18.497 -85.7611
18.497 85.7611
18.498 -85.7677
18.498 85.7677
18.499 -85.7743
18.499 85.7743
18.5 -85.781
18.5 85.781
18.501 -85.7876
18.501 85.7876
18.502 -85.7942
18.502 85.7942
18.503 -85.8009
18.503 85.8009
18.504 -85.8075
18.504 85.8075
18.505 -85.8141
18.505 85.8141
18.506 -85.8208
18.506 85.8208
18.507 -85.8274
18.507 85.8274
18.508 -85.834
18.508 85.834
18.509 -85.8407
18.509 85.8407
18.51 -85.8473
18.51 85.8473
18.511 -85.8539
18.511 85.8539
18.512 -85.8606
18.512 85.8606
18.513 -85.8672
18.513 85.8672
18.514 -85.8738
18.514 85.8738
18.515 -85.8805
18.515 85.8805
18.516 -85.8871
18.516 85.8871
18.517 -85.8937
18.517 85.8937
18.518 -85.9004
18.518 85.9004
18.519 -85.907
18.519 85.907
18.52 -85.9136
18.52 85.9136
18.521 -85.9203
18.521 85.9203
18.522 -85.9269
18.522 85.9269
18.523 -85.9335
18.523 85.9335
18.524 -85.9402
18.524 85.9402
18.525 -85.9468
18.525 85.9468
18.526 -85.9535
18.526 85.9535
18.527 -85.9601
18.527 85.9601
18.528 -85.9667
18.528 85.9667
18.529 -85.9734
18.529 85.9734
18.53 -85.98
18.53 85.98
18.531 -85.9866
18.531 85.9866
18.532 -85.9933
18.532 85.9933
18.533 -85.9999
18.533 85.9999
18.534 -86.0065
18.534 86.0065
18.535 -86.0132
18.535 86.0132
18.536 -86.0198
18.536 86.0198
18.537 -86.0265
18.537 86.0265
18.538 -86.0331
18.538 86.0331
18.539 -86.0397
18.539 86.0397
18.54 -86.0464
18.54 86.0464
18.541 -86.053
18.541 86.053
18.542 -86.0597
18.542 86.0597
18.543 -86.0663
18.543 86.0663
18.544 -86.0729
18.544 86.0729
18.545 -86.0796
18.545 86.0796
18.546 -86.0862
18.546 86.0862
18.547 -86.0928
18.547 86.0928
18.548 -86.0995
18.548 86.0995
18.549 -86.1061
18.549 86.1061
18.55 -86.1128
18.55 86.1128
18.551 -86.1194
18.551 86.1194
18.552 -86.126
18.552 86.126
18.553 -86.1327
18.553 86.1327
18.554 -86.1393
18.554 86.1393
18.555 -86.146
18.555 86.146
18.556 -86.1526
18.556 86.1526
18.557 -86.1593
18.557 86.1593
18.558 -86.1659
18.558 86.1659
18.559 -86.1725
18.559 86.1725
18.56 -86.1792
18.56 86.1792
18.561 -86.1858
18.561 86.1858
18.562 -86.1925
18.562 86.1925
18.563 -86.1991
18.563 86.1991
18.564 -86.2057
18.564 86.2057
18.565 -86.2124
18.565 86.2124
18.566 -86.219
18.566 86.219
18.567 -86.2257
18.567 86.2257
18.568 -86.2323
18.568 86.2323
18.569 -86.239
18.569 86.239
18.57 -86.2456
18.57 86.2456
18.571 -86.2522
18.571 86.2522
18.572 -86.2589
18.572 86.2589
18.573 -86.2655
18.573 86.2655
18.574 -86.2722
18.574 86.2722
18.575 -86.2788
18.575 86.2788
18.576 -86.2855
18.576 86.2855
18.577 -86.2921
18.577 86.2921
18.578 -86.2988
18.578 86.2988
18.579 -86.3054
18.579 86.3054
18.58 -86.312
18.58 86.312
18.581 -86.3187
18.581 86.3187
18.582 -86.3253
18.582 86.3253
18.583 -86.332
18.583 86.332
18.584 -86.3386
18.584 86.3386
18.585 -86.3453
18.585 86.3453
18.586 -86.3519
18.586 86.3519
18.587 -86.3586
18.587 86.3586
18.588 -86.3652
18.588 86.3652
18.589 -86.3719
18.589 86.3719
18.59 -86.3785
18.59 86.3785
18.591 -86.3852
18.591 86.3852
18.592 -86.3918
18.592 86.3918
18.593 -86.3985
18.593 86.3985
18.594 -86.4051
18.594 86.4051
18.595 -86.4117
18.595 86.4117
18.596 -86.4184
18.596 86.4184
18.597 -86.425
18.597 86.425
18.598 -86.4317
18.598 86.4317
18.599 -86.4383
18.599 86.4383
18.6 -86.445
18.6 86.445
18.601 -86.4516
18.601 86.4516
18.602 -86.4583
18.602 86.4583
18.603 -86.4649
18.603 86.4649
18.604 -86.4716
18.604 86.4716
18.605 -86.4782
18.605 86.4782
18.606 -86.4849
18.606 86.4849
18.607 -86.4915
18.607 86.4915
18.608 -86.4982
18.608 86.4982
18.609 -86.5048
18.609 86.5048
18.61 -86.5115
18.61 86.5115
18.611 -86.5181
18.611 86.5181
18.612 -86.5248
18.612 86.5248
18.613 -86.5314
18.613 86.5314
18.614 -86.5381
18.614 86.5381
18.615 -86.5447
18.615 86.5447
18.616 -86.5514
18.616 86.5514
18.617 -86.558
18.617 86.558
18.618 -86.5647
18.618 86.5647
18.619 -86.5713
18.619 86.5713
18.62 -86.578
18.62 86.578
18.621 -86.5846
18.621 86.5846
18.622 -86.5913
18.622 86.5913
18.623 -86.598
18.623 86.598
18.624 -86.6046
18.624 86.6046
18.625 -86.6113
18.625 86.6113
18.626 -86.6179
18.626 86.6179
18.627 -86.6246
18.627 86.6246
18.628 -86.6312
18.628 86.6312
18.629 -86.6379
18.629 86.6379
18.63 -86.6445
18.63 86.6445
18.631 -86.6512
18.631 86.6512
18.632 -86.6578
18.632 86.6578
18.633 -86.6645
18.633 86.6645
18.634 -86.6711
18.634 86.6711
18.635 -86.6778
18.635 86.6778
18.636 -86.6844
18.636 86.6844
18.637 -86.6911
18.637 86.6911
18.638 -86.6978
18.638 86.6978
18.639 -86.7044
18.639 86.7044
18.64 -86.7111
18.64 86.7111
18.641 -86.7177
18.641 86.7177
18.642 -86.7244
18.642 86.7244
18.643 -86.731
18.643 86.731
18.644 -86.7377
18.644 86.7377
18.645 -86.7443
18.645 86.7443
18.646 -86.751
18.646 86.751
18.647 -86.7577
18.647 86.7577
18.648 -86.7643
18.648 86.7643
18.649 -86.771
18.649 86.771
18.65 -86.7776
18.65 86.7776
18.651 -86.7843
18.651 86.7843
18.652 -86.7909
18.652 86.7909
18.653 -86.7976
18.653 86.7976
18.654 -86.8043
18.654 86.8043
18.655 -86.8109
18.655 86.8109
18.656 -86.8176
18.656 86.8176
18.657 -86.8242
18.657 86.8242
18.658 -86.8309
18.658 86.8309
18.659 -86.8376
18.659 86.8376
18.66 -86.8442
18.66 86.8442
18.661 -86.8509
18.661 86.8509
18.662 -86.8575
18.662 86.8575
18.663 -86.8642
18.663 86.8642
18.664 -86.8708
18.664 86.8708
18.665 -86.8775
18.665 86.8775
18.666 -86.8842
18.666 86.8842
18.667 -86.8908
18.667 86.8908
18.668 -86.8975
18.668 86.8975
18.669 -86.9041
18.669 86.9041
18.67 -86.9108
18.67 86.9108
18.671 -86.9175
18.671 86.9175
18.672 -86.9241
18.672 86.9241
18.673 -86.9308
18.673 86.9308
18.674 -86.9374
18.674 86.9374
18.675 -86.9441
18.675 86.9441
18.676 -86.9508
18.676 86.9508
18.677 -86.9574
18.677 86.9574
18.678 -86.9641
18.678 86.9641
18.679 -86.9708
18.679 86.9708
18.68 -86.9774
18.68 86.9774
18.681 -86.9841
18.681 86.9841
18.682 -86.9907
18.682 86.9907
18.683 -86.9974
18.683 86.9974
18.684 -87.0041
18.684 87.0041
18.685 -87.0107
18.685 87.0107
18.686 -87.0174
18.686 87.0174
18.687 -87.0241
18.687 87.0241
18.688 -87.0307
18.688 87.0307
18.689 -87.0374
18.689 87.0374
18.69 -87.044
18.69 87.044
18.691 -87.0507
18.691 87.0507
18.692 -87.0574
18.692 87.0574
18.693 -87.064
18.693 87.064
18.694 -87.0707
18.694 87.0707
18.695 -87.0774
18.695 87.0774
18.696 -87.084
18.696 87.084
18.697 -87.0907
18.697 87.0907
18.698 -87.0974
18.698 87.0974
18.699 -87.104
18.699 87.104
18.7 -87.1107
18.7 87.1107
18.701 -87.1174
18.701 87.1174
18.702 -87.124
18.702 87.124
18.703 -87.1307
18.703 87.1307
18.704 -87.1374
18.704 87.1374
18.705 -87.144
18.705 87.144
18.706 -87.1507
18.706 87.1507
18.707 -87.1574
18.707 87.1574
18.708 -87.164
18.708 87.164
18.709 -87.1707
18.709 87.1707
18.71 -87.1774
18.71 87.1774
18.711 -87.184
18.711 87.184
18.712 -87.1907
18.712 87.1907
18.713 -87.1974
18.713 87.1974
18.714 -87.204
18.714 87.204
18.715 -87.2107
18.715 87.2107
18.716 -87.2174
18.716 87.2174
18.717 -87.224
18.717 87.224
18.718 -87.2307
18.718 87.2307
18.719 -87.2374
18.719 87.2374
18.72 -87.244
18.72 87.244
18.721 -87.2507
18.721 87.2507
18.722 -87.2574
18.722 87.2574
18.723 -87.264
18.723 87.264
18.724 -87.2707
18.724 87.2707
18.725 -87.2774
18.725 87.2774
18.726 -87.2841
18.726 87.2841
18.727 -87.2907
18.727 87.2907
18.728 -87.2974
18.728 87.2974
18.729 -87.3041
18.729 87.3041
18.73 -87.3107
18.73 87.3107
18.731 -87.3174
18.731 87.3174
18.732 -87.3241
18.732 87.3241
18.733 -87.3307
18.733 87.3307
18.734 -87.3374
18.734 87.3374
18.735 -87.3441
18.735 87.3441
18.736 -87.3508
18.736 87.3508
18.737 -87.3574
18.737 87.3574
18.738 -87.3641
18.738 87.3641
18.739 -87.3708
18.739 87.3708
18.74 -87.3774
18.74 87.3774
18.741 -87.3841
18.741 87.3841
18.742 -87.3908
18.742 87.3908
18.743 -87.3975
18.743 87.3975
18.744 -87.4041
18.744 87.4041
18.745 -87.4108
18.745 87.4108
18.746 -87.4175
18.746 87.4175
18.747 -87.4242
18.747 87.4242
18.748 -87.4308
18.748 87.4308
18.749 -87.4375
18.749 87.4375
18.75 -87.4442
18.75 87.4442
18.751 -87.4509
18.751 87.4509
18.752 -87.4575
18.752 87.4575
18.753 -87.4642
18.753 87.4642
18.754 -87.4709
18.754 87.4709
18.755 -87.4776
18.755 87.4776
18.756 -87.4842
18.756 87.4842
18.757 -87.4909
18.757 87.4909
18.758 -87.4976
18.758 87.4976
18.759 -87.5043
18.759 87.5043
18.76 -87.5109
18.76 87.5109
18.761 -87.5176
18.761 87.5176
18.762 -87.5243
18.762 87.5243
18.763 -87.531
18.763 87.531
18.764 -87.5376
18.764 87.5376
18.765 -87.5443
18.765 87.5443
18.766 -87.551
18.766 87.551
18.767 -87.5577
18.767 87.5577
18.768 -87.5643
18.768 87.5643
18.769 -87.571
18.769 87.571
18.77 -87.5777
18.77 87.5777
18.771 -87.5844
18.771 87.5844
18.772 -87.591
18.772 87.591
18.773 -87.5977
18.773 87.5977
18.774 -87.6044
18.774 87.6044
18.775 -87.6111
18.775 87.6111
18.776 -87.6178
18.776 87.6178
18.777 -87.6244
18.777 87.6244
18.778 -87.6311
18.778 87.6311
18.779 -87.6378
18.779 87.6378
18.78 -87.6445
18.78 87.6445
18.781 -87.6512
18.781 87.6512
18.782 -87.6578
18.782 87.6578
18.783 -87.6645
18.783 87.6645
18.784 -87.6712
18.784 87.6712
18.785 -87.6779
18.785 87.6779
18.786 -87.6845
18.786 87.6845
18.787 -87.6912
18.787 87.6912
18.788 -87.6979
18.788 87.6979
18.789 -87.7046
18.789 87.7046
18.79 -87.7113
18.79 87.7113
18.791 -87.7179
18.791 87.7179
18.792 -87.7246
18.792 87.7246
18.793 -87.7313
18.793 87.7313
18.794 -87.738
18.794 87.738
18.795 -87.7447
18.795 87.7447
18.796 -87.7514
18.796 87.7514
18.797 -87.758
18.797 87.758
18.798 -87.7647
18.798 87.7647
18.799 -87.7714
18.799 87.7714
18.8 -87.7781
18.8 87.7781
18.801 -87.7848
18.801 87.7848
18.802 -87.7914
18.802 87.7914
18.803 -87.7981
18.803 87.7981
18.804 -87.8048
18.804 87.8048
18.805 -87.8115
18.805 87.8115
18.806 -87.8182
18.806 87.8182
18.807 -87.8249
18.807 87.8249
18.808 -87.8315
18.808 87.8315
18.809 -87.8382
18.809 87.8382
18.81 -87.8449
18.81 87.8449
18.811 -87.8516
18.811 87.8516
18.812 -87.8583
18.812 87.8583
18.813 -87.865
18.813 87.865
18.814 -87.8717
18.814 87.8717
18.815 -87.8783
18.815 87.8783
18.816 -87.885
18.816 87.885
18.817 -87.8917
18.817 87.8917
18.818 -87.8984
18.818 87.8984
18.819 -87.9051
18.819 87.9051
18.82 -87.9118
18.82 87.9118
18.821 -87.9184
18.821 87.9184
18.822 -87.9251
18.822 87.9251
18.823 -87.9318
18.823 87.9318
18.824 -87.9385
18.824 87.9385
18.825 -87.9452
18.825 87.9452
18.826 -87.9519
18.826 87.9519
18.827 -87.9586
18.827 87.9586
18.828 -87.9653
18.828 87.9653
18.829 -87.9719
18.829 87.9719
18.83 -87.9786
18.83 87.9786
18.831 -87.9853
18.831 87.9853
18.832 -87.992
18.832 87.992
18.833 -87.9987
18.833 87.9987
18.834 -88.0054
18.834 88.0054
18.835 -88.0121
18.835 88.0121
18.836 -88.0188
18.836 88.0188
18.837 -88.0254
18.837 88.0254
18.838 -88.0321
18.838 88.0321
18.839 -88.0388
18.839 88.0388
18.84 -88.0455
18.84 88.0455
18.841 -88.0522
18.841 88.0522
18.842 -88.0589
18.842 88.0589
18.843 -88.0656
18.843 88.0656
18.844 -88.0723
18.844 88.0723
18.845 -88.079
18.845 88.079
18.846 -88.0856
18.846 88.0856
18.847 -88.0923
18.847 88.0923
18.848 -88.099
18.848 88.099
18.849 -88.1057
18.849 88.1057
18.85 -88.1124
18.85 88.1124
18.851 -88.1191
18.851 88.1191
18.852 -88.1258
18.852 88.1258
18.853 -88.1325
18.853 88.1325
18.854 -88.1392
18.854 88.1392
18.855 -88.1459
18.855 88.1459
18.856 -88.1526
18.856 88.1526
18.857 -88.1592
18.857 88.1592
18.858 -88.1659
18.858 88.1659
18.859 -88.1726
18.859 88.1726
18.86 -88.1793
18.86 88.1793
18.861 -88.186
18.861 88.186
18.862 -88.1927
18.862 88.1927
18.863 -88.1994
18.863 88.1994
18.864 -88.2061
18.864 88.2061
18.865 -88.2128
18.865 88.2128
18.866 -88.2195
18.866 88.2195
18.867 -88.2262
18.867 88.2262
18.868 -88.2329
18.868 88.2329
18.869 -88.2396
18.869 88.2396
18.87 -88.2463
18.87 88.2463
18.871 -88.253
18.871 88.253
18.872 -88.2596
18.872 88.2596
18.873 -88.2663
18.873 88.2663
18.874 -88.273
18.874 88.273
18.875 -88.2797
18.875 88.2797
18.876 -88.2864
18.876 88.2864
18.877 -88.2931
18.877 88.2931
18.878 -88.2998
18.878 88.2998
18.879 -88.3065
18.879 88.3065
18.88 -88.3132
18.88 88.3132
18.881 -88.3199
18.881 88.3199
18.882 -88.3266
18.882 88.3266
18.883 -88.3333
18.883 88.3333
18.884 -88.34
18.884 88.34
18.885 -88.3467
18.885 88.3467
18.886 -88.3534
18.886 88.3534
18.887 -88.3601
18.887 88.3601
18.888 -88.3668
18.888 88.3668
18.889 -88.3735
18.889 88.3735
18.89 -88.3802
18.89 88.3802
18.891 -88.3869
18.891 88.3869
18.892 -88.3936
18.892 88.3936
18.893 -88.4003
18.893 88.4003
18.894 -88.407
18.894 88.407
18.895 -88.4137
18.895 88.4137
18.896 -88.4204
18.896 88.4204
18.897 -88.4271
18.897 88.4271
18.898 -88.4338
18.898 88.4338
18.899 -88.4405
18.899 88.4405
18.9 -88.4472
18.9 88.4472
18.901 -88.4539
18.901 88.4539
18.902 -88.4606
18.902 88.4606
18.903 -88.4673
18.903 88.4673
18.904 -88.474
18.904 88.474
18.905 -88.4807
18.905 88.4807
18.906 -88.4874
18.906 88.4874
18.907 -88.4941
18.907 88.4941
18.908 -88.5008
18.908 88.5008
18.909 -88.5075
18.909 88.5075
18.91 -88.5142
18.91 88.5142
18.911 -88.5209
18.911 88.5209
18.912 -88.5276
18.912 88.5276
18.913 -88.5343
18.913 88.5343
18.914 -88.541
18.914 88.541
18.915 -88.5477
18.915 88.5477
18.916 -88.5544
18.916 88.5544
18.917 -88.5611
18.917 88.5611
18.918 -88.5678
18.918 88.5678
18.919 -88.5745
18.919 88.5745
18.92 -88.5812
18.92 88.5812
18.921 -88.5879
18.921 88.5879
18.922 -88.5946
18.922 88.5946
18.923 -88.6013
18.923 88.6013
18.924 -88.608
18.924 88.608
18.925 -88.6147
18.925 88.6147
18.926 -88.6214
18.926 88.6214
18.927 -88.6281
18.927 88.6281
18.928 -88.6348
18.928 88.6348
18.929 -88.6415
18.929 88.6415
18.93 -88.6482
18.93 88.6482
18.931 -88.6549
18.931 88.6549
18.932 -88.6616
18.932 88.6616
18.933 -88.6683
18.933 88.6683
18.934 -88.675
18.934 88.675
18.935 -88.6817
18.935 88.6817
18.936 -88.6884
18.936 88.6884
18.937 -88.6951
18.937 88.6951
18.938 -88.7018
18.938 88.7018
18.939 -88.7085
18.939 88.7085
18.94 -88.7153
18.94 88.7153
18.941 -88.722
18.941 88.722
18.942 -88.7287
18.942 88.7287
18.943 -88.7354
18.943 88.7354
18.944 -88.7421
18.944 88.7421
18.945 -88.7488
18.945 88.7488
18.946 -88.7555
18.946 88.7555
18.947 -88.7622
18.947 88.7622
18.948 -88.7689
18.948 88.7689
18.949 -88.7756
18.949 88.7756
18.95 -88.7823
18.95 88.7823
18.951 -88.789
18.951 88.789
18.952 -88.7957
18.952 88.7957
18.953 -88.8024
18.953 88.8024
18.954 -88.8091
18.954 88.8091
18.955 -88.8159
18.955 88.8159
18.956 -88.8226
18.956 88.8226
18.957 -88.8293
18.957 88.8293
18.958 -88.836
18.958 88.836
18.959 -88.8427
18.959 88.8427
18.96 -88.8494
18.96 88.8494
18.961 -88.8561
18.961 88.8561
18.962 -88.8628
18.962 88.8628
18.963 -88.8695
18.963 88.8695
18.964 -88.8762
18.964 88.8762
18.965 -88.8829
18.965 88.8829
18.966 -88.8897
18.966 88.8897
18.967 -88.8964
18.967 88.8964
18.968 -88.9031
18.968 88.9031
18.969 -88.9098
18.969 88.9098
18.97 -88.9165
18.97 88.9165
18.971 -88.9232
18.971 88.9232
18.972 -88.9299
18.972 88.9299
18.973 -88.9366
18.973 88.9366
18.974 -88.9433
18.974 88.9433
18.975 -88.9501
18.975 88.9501
18.976 -88.9568
18.976 88.9568
18.977 -88.9635
18.977 88.9635
18.978 -88.9702
18.978 88.9702
18.979 -88.9769
18.979 88.9769
18.98 -88.9836
18.98 88.9836
18.981 -88.9903
18.981 88.9903
18.982 -88.997
18.982 88.997
18.983 -89.0038
18.983 89.0038
18.984 -89.0105
18.984 89.0105
18.985 -89.0172
18.985 89.0172
18.986 -89.0239
18.986 89.0239
18.987 -89.0306
18.987 89.0306
18.988 -89.0373
18.988 89.0373
18.989 -89.044
18.989 89.044
18.99 -89.0507
18.99 89.0507
18.991 -89.0575
18.991 89.0575
18.992 -89.0642
18.992 89.0642
18.993 -89.0709
18.993 89.0709
18.994 -89.0776
18.994 89.0776
18.995 -89.0843
18.995 89.0843
18.996 -89.091
18.996 89.091
18.997 -89.0978
18.997 89.0978
18.998 -89.1045
18.998 89.1045
18.999 -89.1112
18.999 89.1112
19 -89.1179
19 89.1179
19.001 -89.1246
19.001 89.1246
19.002 -89.1313
19.002 89.1313
19.003 -89.138
19.003 89.138
19.004 -89.1448
19.004 89.1448
19.005 -89.1515
19.005 89.1515
19.006 -89.1582
19.006 89.1582
19.007 -89.1649
19.007 89.1649
19.008 -89.1716
19.008 89.1716
19.009 -89.1783
19.009 89.1783
19.01 -89.1851
19.01 89.1851
19.011 -89.1918
19.011 89.1918
19.012 -89.1985
19.012 89.1985
19.013 -89.2052
19.013 89.2052
19.014 -89.2119
19.014 89.2119
19.015 -89.2187
19.015 89.2187
19.016 -89.2254
19.016 89.2254
19.017 -89.2321
19.017 89.2321
19.018 -89.2388
19.018 89.2388
19.019 -89.2455
19.019 89.2455
19.02 -89.2522
19.02 89.2522
19.021 -89.259
19.021 89.259
19.022 -89.2657
19.022 89.2657
19.023 -89.2724
19.023 89.2724
19.024 -89.2791
19.024 89.2791
19.025 -89.2858
19.025 89.2858
19.026 -89.2926
19.026 89.2926
19.027 -89.2993
19.027 89.2993
19.028 -89.306
19.028 89.306
19.029 -89.3127
19.029 89.3127
19.03 -89.3194
19.03 89.3194
19.031 -89.3262
19.031 89.3262
19.032 -89.3329
19.032 89.3329
19.033 -89.3396
19.033 89.3396
19.034 -89.3463
19.034 89.3463
19.035 -89.3531
19.035 89.3531
19.036 -89.3598
19.036 89.3598
19.037 -89.3665
19.037 89.3665
19.038 -89.3732
19.038 89.3732
19.039 -89.3799
19.039 89.3799
19.04 -89.3867
19.04 89.3867
19.041 -89.3934
19.041 89.3934
19.042 -89.4001
19.042 89.4001
19.043 -89.4068
19.043 89.4068
19.044 -89.4136
19.044 89.4136
19.045 -89.4203
19.045 89.4203
19.046 -89.427
19.046 89.427
19.047 -89.4337
19.047 89.4337
19.048 -89.4405
19.048 89.4405
19.049 -89.4472
19.049 89.4472
19.05 -89.4539
19.05 89.4539
19.051 -89.4606
19.051 89.4606
19.052 -89.4673
19.052 89.4673
19.053 -89.4741
19.053 89.4741
19.054 -89.4808
19.054 89.4808
19.055 -89.4875
19.055 89.4875
19.056 -89.4942
19.056 89.4942
19.057 -89.501
19.057 89.501
19.058 -89.5077
19.058 89.5077
19.059 -89.5144
19.059 89.5144
19.06 -89.5211
19.06 89.5211
19.061 -89.5279
19.061 89.5279
19.062 -89.5346
19.062 89.5346
19.063 -89.5413
19.063 89.5413
19.064 -89.5481
19.064 89.5481
19.065 -89.5548
19.065 89.5548
19.066 -89.5615
19.066 89.5615
19.067 -89.5682
19.067 89.5682
19.068 -89.575
19.068 89.575
19.069 -89.5817
19.069 89.5817
19.07 -89.5884
19.07 89.5884
19.071 -89.5951
19.071 89.5951
19.072 -89.6019
19.072 89.6019
19.073 -89.6086
19.073 89.6086
19.074 -89.6153
19.074 89.6153
19.075 -89.6221
19.075 89.6221
19.076 -89.6288
19.076 89.6288
19.077 -89.6355
19.077 89.6355
19.078 -89.6422
19.078 89.6422
19.079 -89.649
19.079 89.649
19.08 -89.6557
19.08 89.6557
19.081 -89.6624
19.081 89.6624
19.082 -89.6692
19.082 89.6692
19.083 -89.6759
19.083 89.6759
19.084 -89.6826
19.084 89.6826
19.085 -89.6893
19.085 89.6893
19.086 -89.6961
19.086 89.6961
19.087 -89.7028
19.087 89.7028
19.088 -89.7095
19.088 89.7095
19.089 -89.7163
19.089 89.7163
19.09 -89.723
19.09 89.723
19.091 -89.7297
19.091 89.7297
19.092 -89.7365
19.092 89.7365
19.093 -89.7432
19.093 89.7432
19.094 -89.7499
19.094 89.7499
19.095 -89.7567
19.095 89.7567
19.096 -89.7634
19.096 89.7634
19.097 -89.7701
19.097 89.7701
19.098 -89.7769
19.098 89.7769
19.099 -89.7836
19.099 89.7836
19.1 -89.7903
19.1 89.7903
19.101 -89.797
19.101 89.797
19.102 -89.8038
19.102 89.8038
19.103 -89.8105
19.103 89.8105
19.104 -89.8172
19.104 89.8172
19.105 -89.824
19.105 89.824
19.106 -89.8307
19.106 89.8307
19.107 -89.8374
19.107 89.8374
19.108 -89.8442
19.108 89.8442
19.109 -89.8509
19.109 89.8509
19.11 -89.8577
19.11 89.8577
19.111 -89.8644
19.111 89.8644
19.112 -89.8711
19.112 89.8711
19.113 -89.8779
19.113 89.8779
19.114 -89.8846
19.114 89.8846
19.115 -89.8913
19.115 89.8913
19.116 -89.8981
19.116 89.8981
19.117 -89.9048
19.117 89.9048
19.118 -89.9115
19.118 89.9115
19.119 -89.9183
19.119 89.9183
19.12 -89.925
19.12 89.925
19.121 -89.9317
19.121 89.9317
19.122 -89.9385
19.122 89.9385
19.123 -89.9452
19.123 89.9452
19.124 -89.9519
19.124 89.9519
19.125 -89.9587
19.125 89.9587
19.126 -89.9654
19.126 89.9654
19.127 -89.9722
19.127 89.9722
19.128 -89.9789
19.128 89.9789
19.129 -89.9856
19.129 89.9856
19.13 -89.9924
19.13 89.9924
19.131 -89.9991
19.131 89.9991
19.132 -90.0058
19.132 90.0058
19.133 -90.0126
19.133 90.0126
19.134 -90.0193
19.134 90.0193
19.135 -90.0261
19.135 90.0261
19.136 -90.0328
19.136 90.0328
19.137 -90.0395
19.137 90.0395
19.138 -90.0463
19.138 90.0463
19.139 -90.053
19.139 90.053
19.14 -90.0598
19.14 90.0598
19.141 -90.0665
19.141 90.0665
19.142 -90.0732
19.142 90.0732
19.143 -90.08
19.143 90.08
19.144 -90.0867
19.144 90.0867
19.145 -90.0934
19.145 90.0934
19.146 -90.1002
19.146 90.1002
19.147 -90.1069
19.147 90.1069
19.148 -90.1137
19.148 90.1137
19.149 -90.1204
19.149 90.1204
19.15 -90.1272
19.15 90.1272
19.151 -90.1339
19.151 90.1339
19.152 -90.1406
19.152 90.1406
19.153 -90.1474
19.153 90.1474
19.154 -90.1541
19.154 90.1541
19.155 -90.1609
19.155 90.1609
19.156 -90.1676
19.156 90.1676
19.157 -90.1743
19.157 90.1743
19.158 -90.1811
19.158 90.1811
19.159 -90.1878
19.159 90.1878
19.16 -90.1946
19.16 90.1946
19.161 -90.2013
19.161 90.2013
19.162 -90.2081
19.162 90.2081
19.163 -90.2148
19.163 90.2148
19.164 -90.2215
19.164 90.2215
19.165 -90.2283
19.165 90.2283
19.166 -90.235
19.166 90.235
19.167 -90.2418
19.167 90.2418
19.168 -90.2485
19.168 90.2485
19.169 -90.2553
19.169 90.2553
19.17 -90.262
19.17 90.262
19.171 -90.2687
19.171 90.2687
19.172 -90.2755
19.172 90.2755
19.173 -90.2822
19.173 90.2822
19.174 -90.289
19.174 90.289
19.175 -90.2957
19.175 90.2957
19.176 -90.3025
19.176 90.3025
19.177 -90.3092
19.177 90.3092
19.178 -90.316
19.178 90.316
19.179 -90.3227
19.179 90.3227
19.18 -90.3295
19.18 90.3295
19.181 -90.3362
19.181 90.3362
19.182 -90.3429
19.182 90.3429
19.183 -90.3497
19.183 90.3497
19.184 -90.3564
19.184 90.3564
19.185 -90.3632
19.185 90.3632
19.186 -90.3699
19.186 90.3699
19.187 -90.3767
19.187 90.3767
19.188 -90.3834
19.188 90.3834
19.189 -90.3902
19.189 90.3902
19.19 -90.3969
19.19 90.3969
19.191 -90.4037
19.191 90.4037
19.192 -90.4104
19.192 90.4104
19.193 -90.4172
19.193 90.4172
19.194 -90.4239
19.194 90.4239
19.195 -90.4307
19.195 90.4307
19.196 -90.4374
19.196 90.4374
19.197 -90.4442
19.197 90.4442
19.198 -90.4509
19.198 90.4509
19.199 -90.4577
19.199 90.4577
19.2 -90.4644
19.2 90.4644
19.201 -90.4712
19.201 90.4712
19.202 -90.4779
19.202 90.4779
19.203 -90.4847
19.203 90.4847
19.204 -90.4914
19.204 90.4914
19.205 -90.4981
19.205 90.4981
19.206 -90.5049
19.206 90.5049
19.207 -90.5117
19.207 90.5117
19.208 -90.5184
19.208 90.5184
19.209 -90.5252
19.209 90.5252
19.21 -90.5319
19.21 90.5319
19.211 -90.5387
19.211 90.5387
19.212 -90.5454
19.212 90.5454
19.213 -90.5522
19.213 90.5522
19.214 -90.5589
19.214 90.5589
19.215 -90.5657
19.215 90.5657
19.216 -90.5724
19.216 90.5724
19.217 -90.5792
19.217 90.5792
19.218 -90.5859
19.218 90.5859
19.219 -90.5927
19.219 90.5927
19.22 -90.5994
19.22 90.5994
19.221 -90.6062
19.221 90.6062
19.222 -90.6129
19.222 90.6129
19.223 -90.6197
19.223 90.6197
19.224 -90.6264
19.224 90.6264
19.225 -90.6332
19.225 90.6332
19.226 -90.6399
19.226 90.6399
19.227 -90.6467
19.227 90.6467
19.228 -90.6534
19.228 90.6534
19.229 -90.6602
19.229 90.6602
19.23 -90.667
19.23 90.667
19.231 -90.6737
19.231 90.6737
19.232 -90.6805
19.232 90.6805
19.233 -90.6872
19.233 90.6872
19.234 -90.694
19.234 90.694
19.235 -90.7007
19.235 90.7007
19.236 -90.7075
19.236 90.7075
19.237 -90.7142
19.237 90.7142
19.238 -90.721
19.238 90.721
19.239 -90.7277
19.239 90.7277
19.24 -90.7345
19.24 90.7345
19.241 -90.7413
19.241 90.7413
19.242 -90.748
19.242 90.748
19.243 -90.7548
19.243 90.7548
19.244 -90.7615
19.244 90.7615
19.245 -90.7683
19.245 90.7683
19.246 -90.775
19.246 90.775
19.247 -90.7818
19.247 90.7818
19.248 -90.7886
19.248 90.7886
19.249 -90.7953
19.249 90.7953
19.25 -90.8021
19.25 90.8021
19.251 -90.8088
19.251 90.8088
19.252 -90.8156
19.252 90.8156
19.253 -90.8223
19.253 90.8223
19.254 -90.8291
19.254 90.8291
19.255 -90.8359
19.255 90.8359
19.256 -90.8426
19.256 90.8426
19.257 -90.8494
19.257 90.8494
19.258 -90.8561
19.258 90.8561
19.259 -90.8629
19.259 90.8629
19.26 -90.8697
19.26 90.8697
19.261 -90.8764
19.261 90.8764
19.262 -90.8832
19.262 90.8832
19.263 -90.8899
19.263 90.8899
19.264 -90.8967
19.264 90.8967
19.265 -90.9034
19.265 90.9034
19.266 -90.9102
19.266 90.9102
19.267 -90.917
19.267 90.917
19.268 -90.9237
19.268 90.9237
19.269 -90.9305
19.269 90.9305
19.27 -90.9373
19.27 90.9373
19.271 -90.944
19.271 90.944
19.272 -90.9508
19.272 90.9508
19.273 -90.9575
19.273 90.9575
19.274 -90.9643
19.274 90.9643
19.275 -90.9711
19.275 90.9711
19.276 -90.9778
19.276 90.9778
19.277 -90.9846
19.277 90.9846
19.278 -90.9913
19.278 90.9913
19.279 -90.9981
19.279 90.9981
19.28 -91.0049
19.28 91.0049
19.281 -91.0116
19.281 91.0116
19.282 -91.0184
19.282 91.0184
19.283 -91.0252
19.283 91.0252
19.284 -91.0319
19.284 91.0319
19.285 -91.0387
19.285 91.0387
19.286 -91.0454
19.286 91.0454
19.287 -91.0522
19.287 91.0522
19.288 -91.059
19.288 91.059
19.289 -91.0657
19.289 91.0657
19.29 -91.0725
19.29 91.0725
19.291 -91.0793
19.291 91.0793
19.292 -91.086
19.292 91.086
19.293 -91.0928
19.293 91.0928
19.294 -91.0996
19.294 91.0996
19.295 -91.1063
19.295 91.1063
19.296 -91.1131
19.296 91.1131
19.297 -91.1199
19.297 91.1199
19.298 -91.1266
19.298 91.1266
19.299 -91.1334
19.299 91.1334
19.3 -91.1402
19.3 91.1402
19.301 -91.1469
19.301 91.1469
19.302 -91.1537
19.302 91.1537
19.303 -91.1604
19.303 91.1604
19.304 -91.1672
19.304 91.1672
19.305 -91.174
19.305 91.174
19.306 -91.1807
19.306 91.1807
19.307 -91.1875
19.307 91.1875
19.308 -91.1943
19.308 91.1943
19.309 -91.201
19.309 91.201
19.31 -91.2078
19.31 91.2078
19.311 -91.2146
19.311 91.2146
19.312 -91.2214
19.312 91.2214
19.313 -91.2281
19.313 91.2281
19.314 -91.2349
19.314 91.2349
19.315 -91.2417
19.315 91.2417
19.316 -91.2484
19.316 91.2484
19.317 -91.2552
19.317 91.2552
19.318 -91.262
19.318 91.262
19.319 -91.2687
19.319 91.2687
19.32 -91.2755
19.32 91.2755
19.321 -91.2823
19.321 91.2823
19.322 -91.289
19.322 91.289
19.323 -91.2958
19.323 91.2958
19.324 -91.3026
19.324 91.3026
19.325 -91.3093
19.325 91.3093
19.326 -91.3161
19.326 91.3161
19.327 -91.3229
19.327 91.3229
19.328 -91.3297
19.328 91.3297
19.329 -91.3364
19.329 91.3364
19.33 -91.3432
19.33 91.3432
19.331 -91.35
19.331 91.35
19.332 -91.3567
19.332 91.3567
19.333 -91.3635
19.333 91.3635
19.334 -91.3703
19.334 91.3703
19.335 -91.3771
19.335 91.3771
19.336 -91.3838
19.336 91.3838
19.337 -91.3906
19.337 91.3906
19.338 -91.3974
19.338 91.3974
19.339 -91.4041
19.339 91.4041
19.34 -91.4109
19.34 91.4109
19.341 -91.4177
19.341 91.4177
19.342 -91.4245
19.342 91.4245
19.343 -91.4312
19.343 91.4312
19.344 -91.438
19.344 91.438
19.345 -91.4448
19.345 91.4448
19.346 -91.4516
19.346 91.4516
19.347 -91.4583
19.347 91.4583
19.348 -91.4651
19.348 91.4651
19.349 -91.4719
19.349 91.4719
19.35 -91.4786
19.35 91.4786
19.351 -91.4854
19.351 91.4854
19.352 -91.4922
19.352 91.4922
19.353 -91.499
19.353 91.499
19.354 -91.5057
19.354 91.5057
19.355 -91.5125
19.355 91.5125
19.356 -91.5193
19.356 91.5193
19.357 -91.5261
19.357 91.5261
19.358 -91.5328
19.358 91.5328
19.359 -91.5396
19.359 91.5396
19.36 -91.5464
19.36 91.5464
19.361 -91.5532
19.361 91.5532
19.362 -91.5599
19.362 91.5599
19.363 -91.5667
19.363 91.5667
19.364 -91.5735
19.364 91.5735
19.365 -91.5803
19.365 91.5803
19.366 -91.5871
19.366 91.5871
19.367 -91.5938
19.367 91.5938
19.368 -91.6006
19.368 91.6006
19.369 -91.6074
19.369 91.6074
19.37 -91.6142
19.37 91.6142
19.371 -91.6209
19.371 91.6209
19.372 -91.6277
19.372 91.6277
19.373 -91.6345
19.373 91.6345
19.374 -91.6413
19.374 91.6413
19.375 -91.6481
19.375 91.6481
19.376 -91.6548
19.376 91.6548
19.377 -91.6616
19.377 91.6616
19.378 -91.6684
19.378 91.6684
19.379 -91.6752
19.379 91.6752
19.38 -91.6819
19.38 91.6819
19.381 -91.6887
19.381 91.6887
19.382 -91.6955
19.382 91.6955
19.383 -91.7023
19.383 91.7023
19.384 -91.7091
19.384 91.7091
19.385 -91.7158
19.385 91.7158
19.386 -91.7226
19.386 91.7226
19.387 -91.7294
19.387 91.7294
19.388 -91.7362
19.388 91.7362
19.389 -91.743
19.389 91.743
19.39 -91.7497
19.39 91.7497
19.391 -91.7565
19.391 91.7565
19.392 -91.7633
19.392 91.7633
19.393 -91.7701
19.393 91.7701
19.394 -91.7769
19.394 91.7769
19.395 -91.7836
19.395 91.7836
19.396 -91.7904
19.396 91.7904
19.397 -91.7972
19.397 91.7972
19.398 -91.804
19.398 91.804
19.399 -91.8108
19.399 91.8108
19.4 -91.8176
19.4 91.8176
19.401 -91.8243
19.401 91.8243
19.402 -91.8311
19.402 91.8311
19.403 -91.8379
19.403 91.8379
19.404 -91.8447
19.404 91.8447
19.405 -91.8515
19.405 91.8515
19.406 -91.8583
19.406 91.8583
19.407 -91.865
19.407 91.865
19.408 -91.8718
19.408 91.8718
19.409 -91.8786
19.409 91.8786
19.41 -91.8854
19.41 91.8854
19.411 -91.8922
19.411 91.8922
19.412 -91.899
19.412 91.899
19.413 -91.9057
19.413 91.9057
19.414 -91.9125
19.414 91.9125
19.415 -91.9193
19.415 91.9193
19.416 -91.9261
19.416 91.9261
19.417 -91.9329
19.417 91.9329
19.418 -91.9397
19.418 91.9397
19.419 -91.9465
19.419 91.9465
19.42 -91.9532
19.42 91.9532
19.421 -91.96
19.421 91.96
19.422 -91.9668
19.422 91.9668
19.423 -91.9736
19.423 91.9736
19.424 -91.9804
19.424 91.9804
19.425 -91.9872
19.425 91.9872
19.426 -91.994
19.426 91.994
19.427 -92.0007
19.427 92.0007
19.428 -92.0075
19.428 92.0075
19.429 -92.0143
19.429 92.0143
19.43 -92.0211
19.43 92.0211
19.431 -92.0279
19.431 92.0279
19.432 -92.0347
19.432 92.0347
19.433 -92.0415
19.433 92.0415
19.434 -92.0483
19.434 92.0483
19.435 -92.055
19.435 92.055
19.436 -92.0618
19.436 92.0618
19.437 -92.0686
19.437 92.0686
19.438 -92.0754
19.438 92.0754
19.439 -92.0822
19.439 92.0822
19.44 -92.089
19.44 92.089
19.441 -92.0958
19.441 92.0958
19.442 -92.1026
19.442 92.1026
19.443 -92.1094
19.443 92.1094
19.444 -92.1161
19.444 92.1161
19.445 -92.1229
19.445 92.1229
19.446 -92.1297
19.446 92.1297
19.447 -92.1365
19.447 92.1365
19.448 -92.1433
19.448 92.1433
19.449 -92.1501
19.449 92.1501
19.45 -92.1569
19.45 92.1569
19.451 -92.1637
19.451 92.1637
19.452 -92.1705
19.452 92.1705
19.453 -92.1773
19.453 92.1773
19.454 -92.184
19.454 92.184
19.455 -92.1908
19.455 92.1908
19.456 -92.1976
19.456 92.1976
19.457 -92.2044
19.457 92.2044
19.458 -92.2112
19.458 92.2112
19.459 -92.218
19.459 92.218
19.46 -92.2248
19.46 92.2248
19.461 -92.2316
19.461 92.2316
19.462 -92.2384
19.462 92.2384
19.463 -92.2452
19.463 92.2452
19.464 -92.252
19.464 92.252
19.465 -92.2588
19.465 92.2588
19.466 -92.2656
19.466 92.2656
19.467 -92.2723
19.467 92.2723
19.468 -92.2791
19.468 92.2791
19.469 -92.2859
19.469 92.2859
19.47 -92.2927
19.47 92.2927
19.471 -92.2995
19.471 92.2995
19.472 -92.3063
19.472 92.3063
19.473 -92.3131
19.473 92.3131
19.474 -92.3199
19.474 92.3199
19.475 -92.3267
19.475 92.3267
19.476 -92.3335
19.476 92.3335
19.477 -92.3403
19.477 92.3403
19.478 -92.3471
19.478 92.3471
19.479 -92.3539
19.479 92.3539
19.48 -92.3607
19.48 92.3607
19.481 -92.3675
19.481 92.3675
19.482 -92.3743
19.482 92.3743
19.483 -92.3811
19.483 92.3811
19.484 -92.3879
19.484 92.3879
19.485 -92.3947
19.485 92.3947
19.486 -92.4015
19.486 92.4015
19.487 -92.4082
19.487 92.4082
19.488 -92.415
19.488 92.415
19.489 -92.4218
19.489 92.4218
19.49 -92.4286
19.49 92.4286
19.491 -92.4354
19.491 92.4354
19.492 -92.4422
19.492 92.4422
19.493 -92.449
19.493 92.449
19.494 -92.4558
19.494 92.4558
19.495 -92.4626
19.495 92.4626
19.496 -92.4694
19.496 92.4694
19.497 -92.4762
19.497 92.4762
19.498 -92.483
19.498 92.483
19.499 -92.4898
19.499 92.4898
19.5 -92.4966
19.5 92.4966
19.501 -92.5034
19.501 92.5034
19.502 -92.5102
19.502 92.5102
19.503 -92.517
19.503 92.517
19.504 -92.5238
19.504 92.5238
19.505 -92.5306
19.505 92.5306
19.506 -92.5374
19.506 92.5374
19.507 -92.5442
19.507 92.5442
19.508 -92.551
19.508 92.551
19.509 -92.5578
19.509 92.5578
19.51 -92.5646
19.51 92.5646
19.511 -92.5714
19.511 92.5714
19.512 -92.5782
19.512 92.5782
19.513 -92.585
19.513 92.585
19.514 -92.5918
19.514 92.5918
19.515 -92.5986
19.515 92.5986
19.516 -92.6054
19.516 92.6054
19.517 -92.6122
19.517 92.6122
19.518 -92.619
19.518 92.619
19.519 -92.6258
19.519 92.6258
19.52 -92.6326
19.52 92.6326
19.521 -92.6394
19.521 92.6394
19.522 -92.6462
19.522 92.6462
19.523 -92.653
19.523 92.653
19.524 -92.6598
19.524 92.6598
19.525 -92.6666
19.525 92.6666
19.526 -92.6734
19.526 92.6734
19.527 -92.6803
19.527 92.6803
19.528 -92.6871
19.528 92.6871
19.529 -92.6939
19.529 92.6939
19.53 -92.7007
19.53 92.7007
19.531 -92.7075
19.531 92.7075
19.532 -92.7143
19.532 92.7143
19.533 -92.7211
19.533 92.7211
19.534 -92.7279
19.534 92.7279
19.535 -92.7347
19.535 92.7347
19.536 -92.7415
19.536 92.7415
19.537 -92.7483
19.537 92.7483
19.538 -92.7551
19.538 92.7551
19.539 -92.7619
19.539 92.7619
19.54 -92.7687
19.54 92.7687
19.541 -92.7755
19.541 92.7755
19.542 -92.7823
19.542 92.7823
19.543 -92.7891
19.543 92.7891
19.544 -92.7959
19.544 92.7959
19.545 -92.8027
19.545 92.8027
19.546 -92.8095
19.546 92.8095
19.547 -92.8164
19.547 92.8164
19.548 -92.8232
19.548 92.8232
19.549 -92.83
19.549 92.83
19.55 -92.8368
19.55 92.8368
19.551 -92.8436
19.551 92.8436
19.552 -92.8504
19.552 92.8504
19.553 -92.8572
19.553 92.8572
19.554 -92.864
19.554 92.864
19.555 -92.8708
19.555 92.8708
19.556 -92.8776
19.556 92.8776
19.557 -92.8844
19.557 92.8844
19.558 -92.8912
19.558 92.8912
19.559 -92.898
19.559 92.898
19.56 -92.9049
19.56 92.9049
19.561 -92.9117
19.561 92.9117
19.562 -92.9185
19.562 92.9185
19.563 -92.9253
19.563 92.9253
19.564 -92.9321
19.564 92.9321
19.565 -92.9389
19.565 92.9389
19.566 -92.9457
19.566 92.9457
19.567 -92.9525
19.567 92.9525
19.568 -92.9593
19.568 92.9593
19.569 -92.9661
19.569 92.9661
19.57 -92.9729
19.57 92.9729
19.571 -92.9798
19.571 92.9798
19.572 -92.9866
19.572 92.9866
19.573 -92.9934
19.573 92.9934
19.574 -93.0002
19.574 93.0002
19.575 -93.007
19.575 93.007
19.576 -93.0138
19.576 93.0138
19.577 -93.0206
19.577 93.0206
19.578 -93.0274
19.578 93.0274
19.579 -93.0342
19.579 93.0342
19.58 -93.0411
19.58 93.0411
19.581 -93.0479
19.581 93.0479
19.582 -93.0547
19.582 93.0547
19.583 -93.0615
19.583 93.0615
19.584 -93.0683
19.584 93.0683
19.585 -93.0751
19.585 93.0751
19.586 -93.0819
19.586 93.0819
19.587 -93.0888
19.587 93.0888
19.588 -93.0956
19.588 93.0956
19.589 -93.1024
19.589 93.1024
19.59 -93.1092
19.59 93.1092
19.591 -93.116
19.591 93.116
19.592 -93.1228
19.592 93.1228
19.593 -93.1296
19.593 93.1296
19.594 -93.1364
19.594 93.1364
19.595 -93.1433
19.595 93.1433
19.596 -93.1501
19.596 93.1501
19.597 -93.1569
19.597 93.1569
19.598 -93.1637
19.598 93.1637
19.599 -93.1705
19.599 93.1705
19.6 -93.1773
19.6 93.1773
19.601 -93.1842
19.601 93.1842
19.602 -93.191
19.602 93.191
19.603 -93.1978
19.603 93.1978
19.604 -93.2046
19.604 93.2046
19.605 -93.2114
19.605 93.2114
19.606 -93.2182
19.606 93.2182
19.607 -93.225
19.607 93.225
19.608 -93.2319
19.608 93.2319
19.609 -93.2387
19.609 93.2387
19.61 -93.2455
19.61 93.2455
19.611 -93.2523
19.611 93.2523
19.612 -93.2591
19.612 93.2591
19.613 -93.266
19.613 93.266
19.614 -93.2728
19.614 93.2728
19.615 -93.2796
19.615 93.2796
19.616 -93.2864
19.616 93.2864
19.617 -93.2932
19.617 93.2932
19.618 -93.3
19.618 93.3
19.619 -93.3069
19.619 93.3069
19.62 -93.3137
19.62 93.3137
19.621 -93.3205
19.621 93.3205
19.622 -93.3273
19.622 93.3273
19.623 -93.3341
19.623 93.3341
19.624 -93.341
19.624 93.341
19.625 -93.3478
19.625 93.3478
19.626 -93.3546
19.626 93.3546
19.627 -93.3614
19.627 93.3614
19.628 -93.3682
19.628 93.3682
19.629 -93.3751
19.629 93.3751
19.63 -93.3819
19.63 93.3819
19.631 -93.3887
19.631 93.3887
19.632 -93.3955
19.632 93.3955
19.633 -93.4023
19.633 93.4023
19.634 -93.4092
19.634 93.4092
19.635 -93.416
19.635 93.416
19.636 -93.4228
19.636 93.4228
19.637 -93.4296
19.637 93.4296
19.638 -93.4364
19.638 93.4364
19.639 -93.4433
19.639 93.4433
19.64 -93.4501
19.64 93.4501
19.641 -93.4569
19.641 93.4569
19.642 -93.4637
19.642 93.4637
19.643 -93.4706
19.643 93.4706
19.644 -93.4774
19.644 93.4774
19.645 -93.4842
19.645 93.4842
19.646 -93.491
19.646 93.491
19.647 -93.4978
19.647 93.4978
19.648 -93.5047
19.648 93.5047
19.649 -93.5115
19.649 93.5115
19.65 -93.5183
19.65 93.5183
19.651 -93.5251
19.651 93.5251
19.652 -93.532
19.652 93.532
19.653 -93.5388
19.653 93.5388
19.654 -93.5456
19.654 93.5456
19.655 -93.5524
19.655 93.5524
19.656 -93.5593
19.656 93.5593
19.657 -93.5661
19.657 93.5661
19.658 -93.5729
19.658 93.5729
19.659 -93.5797
19.659 93.5797
19.66 -93.5866
19.66 93.5866
19.661 -93.5934
19.661 93.5934
19.662 -93.6002
19.662 93.6002
19.663 -93.607
19.663 93.607
19.664 -93.6139
19.664 93.6139
19.665 -93.6207
19.665 93.6207
19.666 -93.6275
19.666 93.6275
19.667 -93.6343
19.667 93.6343
19.668 -93.6412
19.668 93.6412
19.669 -93.648
19.669 93.648
19.67 -93.6548
19.67 93.6548
19.671 -93.6616
19.671 93.6616
19.672 -93.6685
19.672 93.6685
19.673 -93.6753
19.673 93.6753
19.674 -93.6821
19.674 93.6821
19.675 -93.689
19.675 93.689
19.676 -93.6958
19.676 93.6958
19.677 -93.7026
19.677 93.7026
19.678 -93.7094
19.678 93.7094
19.679 -93.7163
19.679 93.7163
19.68 -93.7231
19.68 93.7231
19.681 -93.7299
19.681 93.7299
19.682 -93.7368
19.682 93.7368
19.683 -93.7436
19.683 93.7436
19.684 -93.7504
19.684 93.7504
19.685 -93.7572
19.685 93.7572
19.686 -93.7641
19.686 93.7641
19.687 -93.7709
19.687 93.7709
19.688 -93.7777
19.688 93.7777
19.689 -93.7846
19.689 93.7846
19.69 -93.7914
19.69 93.7914
19.691 -93.7982
19.691 93.7982
19.692 -93.805
19.692 93.805
19.693 -93.8119
19.693 93.8119
19.694 -93.8187
19.694 93.8187
19.695 -93.8255
19.695 93.8255
19.696 -93.8324
19.696 93.8324
19.697 -93.8392
19.697 93.8392
19.698 -93.846
19.698 93.846
19.699 -93.8529
19.699 93.8529
19.7 -93.8597
19.7 93.8597
19.701 -93.8665
19.701 93.8665
19.702 -93.8734
19.702 93.8734
19.703 -93.8802
19.703 93.8802
19.704 -93.887
19.704 93.887
19.705 -93.8939
19.705 93.8939
19.706 -93.9007
19.706 93.9007
19.707 -93.9075
19.707 93.9075
19.708 -93.9144
19.708 93.9144
19.709 -93.9212
19.709 93.9212
19.71 -93.928
19.71 93.928
19.711 -93.9349
19.711 93.9349
19.712 -93.9417
19.712 93.9417
19.713 -93.9485
19.713 93.9485
19.714 -93.9554
19.714 93.9554
19.715 -93.9622
19.715 93.9622
19.716 -93.969
19.716 93.969
19.717 -93.9759
19.717 93.9759
19.718 -93.9827
19.718 93.9827
19.719 -93.9895
19.719 93.9895
19.72 -93.9964
19.72 93.9964
19.721 -94.0032
19.721 94.0032
19.722 -94.01
19.722 94.01
19.723 -94.0169
19.723 94.0169
19.724 -94.0237
19.724 94.0237
19.725 -94.0305
19.725 94.0305
19.726 -94.0374
19.726 94.0374
19.727 -94.0442
19.727 94.0442
19.728 -94.0511
19.728 94.0511
19.729 -94.0579
19.729 94.0579
19.73 -94.0647
19.73 94.0647
19.731 -94.0716
19.731 94.0716
19.732 -94.0784
19.732 94.0784
19.733 -94.0852
19.733 94.0852
19.734 -94.0921
19.734 94.0921
19.735 -94.0989
19.735 94.0989
19.736 -94.1058
19.736 94.1058
19.737 -94.1126
19.737 94.1126
19.738 -94.1194
19.738 94.1194
19.739 -94.1263
19.739 94.1263
19.74 -94.1331
19.74 94.1331
19.741 -94.1399
19.741 94.1399
19.742 -94.1468
19.742 94.1468
19.743 -94.1536
19.743 94.1536
19.744 -94.1605
19.744 94.1605
19.745 -94.1673
19.745 94.1673
19.746 -94.1741
19.746 94.1741
19.747 -94.181
19.747 94.181
19.748 -94.1878
19.748 94.1878
19.749 -94.1947
19.749 94.1947
19.75 -94.2015
19.75 94.2015
19.751 -94.2083
19.751 94.2083
19.752 -94.2152
19.752 94.2152
19.753 -94.222
19.753 94.222
19.754 -94.2289
19.754 94.2289
19.755 -94.2357
19.755 94.2357
19.756 -94.2425
19.756 94.2425
19.757 -94.2494
19.757 94.2494
19.758 -94.2562
19.758 94.2562
19.759 -94.2631
19.759 94.2631
19.76 -94.2699
19.76 94.2699
19.761 -94.2767
19.761 94.2767
19.762 -94.2836
19.762 94.2836
19.763 -94.2904
19.763 94.2904
19.764 -94.2973
19.764 94.2973
19.765 -94.3041
19.765 94.3041
19.766 -94.311
19.766 94.311
19.767 -94.3178
19.767 94.3178
19.768 -94.3246
19.768 94.3246
19.769 -94.3315
19.769 94.3315
19.77 -94.3383
19.77 94.3383
19.771 -94.3452
19.771 94.3452
19.772 -94.352
19.772 94.352
19.773 -94.3589
19.773 94.3589
19.774 -94.3657
19.774 94.3657
19.775 -94.3725
19.775 94.3725
19.776 -94.3794
19.776 94.3794
19.777 -94.3862
19.777 94.3862
19.778 -94.3931
19.778 94.3931
19.779 -94.3999
19.779 94.3999
19.78 -94.4068
19.78 94.4068
19.781 -94.4136
19.781 94.4136
19.782 -94.4205
19.782 94.4205
19.783 -94.4273
19.783 94.4273
19.784 -94.4342
19.784 94.4342
19.785 -94.441
19.785 94.441
19.786 -94.4478
19.786 94.4478
19.787 -94.4547
19.787 94.4547
19.788 -94.4615
19.788 94.4615
19.789 -94.4684
19.789 94.4684
19.79 -94.4752
19.79 94.4752
19.791 -94.4821
19.791 94.4821
19.792 -94.4889
19.792 94.4889
19.793 -94.4958
19.793 94.4958
19.794 -94.5026
19.794 94.5026
19.795 -94.5095
19.795 94.5095
19.796 -94.5163
19.796 94.5163
19.797 -94.5232
19.797 94.5232
19.798 -94.53
19.798 94.53
19.799 -94.5369
19.799 94.5369
19.8 -94.5437
19.8 94.5437
19.801 -94.5506
19.801 94.5506
19.802 -94.5574
19.802 94.5574
19.803 -94.5642
19.803 94.5642
19.804 -94.5711
19.804 94.5711
19.805 -94.5779
19.805 94.5779
19.806 -94.5848
19.806 94.5848
19.807 -94.5916
19.807 94.5916
19.808 -94.5985
19.808 94.5985
19.809 -94.6053
19.809 94.6053
19.81 -94.6122
19.81 94.6122
19.811 -94.619
19.811 94.619
19.812 -94.6259
19.812 94.6259
19.813 -94.6327
19.813 94.6327
19.814 -94.6396
19.814 94.6396
19.815 -94.6464
19.815 94.6464
19.816 -94.6533
19.816 94.6533
19.817 -94.6601
19.817 94.6601
19.818 -94.667
19.818 94.667
19.819 -94.6739
19.819 94.6739
19.82 -94.6807
19.82 94.6807
19.821 -94.6876
19.821 94.6876
19.822 -94.6944
19.822 94.6944
19.823 -94.7013
19.823 94.7013
19.824 -94.7081
19.824 94.7081
19.825 -94.715
19.825 94.715
19.826 -94.7218
19.826 94.7218
19.827 -94.7287
19.827 94.7287
19.828 -94.7355
19.828 94.7355
19.829 -94.7424
19.829 94.7424
19.83 -94.7492
19.83 94.7492
19.831 -94.7561
19.831 94.7561
19.832 -94.7629
19.832 94.7629
19.833 -94.7698
19.833 94.7698
19.834 -94.7766
19.834 94.7766
19.835 -94.7835
19.835 94.7835
19.836 -94.7903
19.836 94.7903
19.837 -94.7972
19.837 94.7972
19.838 -94.8041
19.838 94.8041
19.839 -94.8109
19.839 94.8109
19.84 -94.8178
19.84 94.8178
19.841 -94.8246
19.841 94.8246
19.842 -94.8315
19.842 94.8315
19.843 -94.8383
19.843 94.8383
19.844 -94.8452
19.844 94.8452
19.845 -94.852
19.845 94.852
19.846 -94.8589
19.846 94.8589
19.847 -94.8658
19.847 94.8658
19.848 -94.8726
19.848 94.8726
19.849 -94.8795
19.849 94.8795
19.85 -94.8863
19.85 94.8863
19.851 -94.8932
19.851 94.8932
19.852 -94.9
19.852 94.9
19.853 -94.9069
19.853 94.9069
19.854 -94.9137
19.854 94.9137
19.855 -94.9206
19.855 94.9206
19.856 -94.9275
19.856 94.9275
19.857 -94.9343
19.857 94.9343
19.858 -94.9412
19.858 94.9412
19.859 -94.948
19.859 94.948
19.86 -94.9549
19.86 94.9549
19.861 -94.9618
19.861 94.9618
19.862 -94.9686
19.862 94.9686
19.863 -94.9755
19.863 94.9755
19.864 -94.9823
19.864 94.9823
19.865 -94.9892
19.865 94.9892
19.866 -94.996
19.866 94.996
19.867 -95.0029
19.867 95.0029
19.868 -95.0098
19.868 95.0098
19.869 -95.0166
19.869 95.0166
19.87 -95.0235
19.87 95.0235
19.871 -95.0303
19.871 95.0303
19.872 -95.0372
19.872 95.0372
19.873 -95.0441
19.873 95.0441
19.874 -95.0509
19.874 95.0509
19.875 -95.0578
19.875 95.0578
19.876 -95.0646
19.876 95.0646
19.877 -95.0715
19.877 95.0715
19.878 -95.0784
19.878 95.0784
19.879 -95.0852
19.879 95.0852
19.88 -95.0921
19.88 95.0921
19.881 -95.099
19.881 95.099
19.882 -95.1058
19.882 95.1058
19.883 -95.1127
19.883 95.1127
19.884 -95.1195
19.884 95.1195
19.885 -95.1264
19.885 95.1264
19.886 -95.1333
19.886 95.1333
19.887 -95.1401
19.887 95.1401
19.888 -95.147
19.888 95.147
19.889 -95.1538
19.889 95.1538
19.89 -95.1607
19.89 95.1607
19.891 -95.1676
19.891 95.1676
19.892 -95.1744
19.892 95.1744
19.893 -95.1813
19.893 95.1813
19.894 -95.1882
19.894 95.1882
19.895 -95.195
19.895 95.195
19.896 -95.2019
19.896 95.2019
19.897 -95.2088
19.897 95.2088
19.898 -95.2156
19.898 95.2156
19.899 -95.2225
19.899 95.2225
19.9 -95.2293
19.9 95.2293
19.901 -95.2362
19.901 95.2362
19.902 -95.2431
19.902 95.2431
19.903 -95.2499
19.903 95.2499
19.904 -95.2568
19.904 95.2568
19.905 -95.2637
19.905 95.2637
19.906 -95.2705
19.906 95.2705
19.907 -95.2774
19.907 95.2774
19.908 -95.2843
19.908 95.2843
19.909 -95.2911
19.909 95.2911
19.91 -95.298
19.91 95.298
19.911 -95.3049
19.911 95.3049
19.912 -95.3117
19.912 95.3117
19.913 -95.3186
19.913 95.3186
19.914 -95.3255
19.914 95.3255
19.915 -95.3323
19.915 95.3323
19.916 -95.3392
19.916 95.3392
19.917 -95.3461
19.917 95.3461
19.918 -95.3529
19.918 95.3529
19.919 -95.3598
19.919 95.3598
19.92 -95.3667
19.92 95.3667
19.921 -95.3735
19.921 95.3735
19.922 -95.3804
19.922 95.3804
19.923 -95.3873
19.923 95.3873
19.924 -95.3941
19.924 95.3941
19.925 -95.401
19.925 95.401
19.926 -95.4079
19.926 95.4079
19.927 -95.4148
19.927 95.4148
19.928 -95.4216
19.928 95.4216
19.929 -95.4285
19.929 95.4285
19.93 -95.4354
19.93 95.4354
19.931 -95.4422
19.931 95.4422
19.932 -95.4491
19.932 95.4491
19.933 -95.456
19.933 95.456
19.934 -95.4628
19.934 95.4628
19.935 -95.4697
19.935 95.4697
19.936 -95.4766
19.936 95.4766
19.937 -95.4835
19.937 95.4835
19.938 -95.4903
19.938 95.4903
19.939 -95.4972
19.939 95.4972
19.94 -95.5041
19.94 95.5041
19.941 -95.5109
19.941 95.5109
19.942 -95.5178
19.942 95.5178
19.943 -95.5247
19.943 95.5247
19.944 -95.5316
19.944 95.5316
19.945 -95.5384
19.945 95.5384
19.946 -95.5453
19.946 95.5453
19.947 -95.5522
19.947 95.5522
19.948 -95.559
19.948 95.559
19.949 -95.5659
19.949 95.5659
19.95 -95.5728
19.95 95.5728
19.951 -95.5797
19.951 95.5797
19.952 -95.5865
19.952 95.5865
19.953 -95.5934
19.953 95.5934
19.954 -95.6003
19.954 95.6003
19.955 -95.6072
19.955 95.6072
19.956 -95.614
19.956 95.614
19.957 -95.6209
19.957 95.6209
19.958 -95.6278
19.958 95.6278
19.959 -95.6346
19.959 95.6346
19.96 -95.6415
19.96 95.6415
19.961 -95.6484
19.961 95.6484
19.962 -95.6553
19.962 95.6553
19.963 -95.6621
19.963 95.6621
19.964 -95.669
19.964 95.669
19.965 -95.6759
19.965 95.6759
19.966 -95.6828
19.966 95.6828
19.967 -95.6896
19.967 95.6896
19.968 -95.6965
19.968 95.6965
19.969 -95.7034
19.969 95.7034
19.97 -95.7103
19.97 95.7103
19.971 -95.7172
19.971 95.7172
19.972 -95.724
19.972 95.724
19.973 -95.7309
19.973 95.7309
19.974 -95.7378
19.974 95.7378
19.975 -95.7447
19.975 95.7447
19.976 -95.7515
19.976 95.7515
19.977 -95.7584
19.977 95.7584
19.978 -95.7653
19.978 95.7653
19.979 -95.7722
19.979 95.7722
19.98 -95.779
19.98 95.779
19.981 -95.7859
19.981 95.7859
19.982 -95.7928
19.982 95.7928
19.983 -95.7997
19.983 95.7997
19.984 -95.8066
19.984 95.8066
19.985 -95.8134
19.985 95.8134
19.986 -95.8203
19.986 95.8203
19.987 -95.8272
19.987 95.8272
19.988 -95.8341
19.988 95.8341
19.989 -95.8409
19.989 95.8409
19.99 -95.8478
19.99 95.8478
19.991 -95.8547
19.991 95.8547
19.992 -95.8616
19.992 95.8616
19.993 -95.8685
19.993 95.8685
19.994 -95.8753
19.994 95.8753
19.995 -95.8822
19.995 95.8822
19.996 -95.8891
19.996 95.8891
19.997 -95.896
19.997 95.896
19.998 -95.9029
19.998 95.9029
19.999 -95.9097
19.999 95.9097
20 -95.9166
20 95.9166
20.001 -95.9235
20.001 95.9235
20.002 -95.9304
20.002 95.9304
20.003 -95.9373
20.003 95.9373
20.004 -95.9442
20.004 95.9442
20.005 -95.951
20.005 95.951
20.006 -95.9579
20.006 95.9579
20.007 -95.9648
20.007 95.9648
20.008 -95.9717
20.008 95.9717
20.009 -95.9786
20.009 95.9786
20.01 -95.9854
20.01 95.9854
20.011 -95.9923
20.011 95.9923
20.012 -95.9992
20.012 95.9992
20.013 -96.0061
20.013 96.0061
20.014 -96.013
20.014 96.013
20.015 -96.0199
20.015 96.0199
20.016 -96.0267
20.016 96.0267
20.017 -96.0336
20.017 96.0336
20.018 -96.0405
20.018 96.0405
20.019 -96.0474
20.019 96.0474
20.02 -96.0543
20.02 96.0543
20.021 -96.0612
20.021 96.0612
20.022 -96.0681
20.022 96.0681
20.023 -96.0749
20.023 96.0749
20.024 -96.0818
20.024 96.0818
20.025 -96.0887
20.025 96.0887
20.026 -96.0956
20.026 96.0956
20.027 -96.1025
20.027 96.1025
20.028 -96.1094
20.028 96.1094
20.029 -96.1162
20.029 96.1162
20.03 -96.1231
20.03 96.1231
20.031 -96.13
20.031 96.13
20.032 -96.1369
20.032 96.1369
20.033 -96.1438
20.033 96.1438
20.034 -96.1507
20.034 96.1507
20.035 -96.1576
20.035 96.1576
20.036 -96.1645
20.036 96.1645
20.037 -96.1713
20.037 96.1713
20.038 -96.1782
20.038 96.1782
20.039 -96.1851
20.039 96.1851
20.04 -96.192
20.04 96.192
20.041 -96.1989
20.041 96.1989
20.042 -96.2058
20.042 96.2058
20.043 -96.2127
20.043 96.2127
20.044 -96.2196
20.044 96.2196
20.045 -96.2264
20.045 96.2264
20.046 -96.2333
20.046 96.2333
20.047 -96.2402
20.047 96.2402
20.048 -96.2471
20.048 96.2471
20.049 -96.254
20.049 96.254
20.05 -96.2609
20.05 96.2609
20.051 -96.2678
20.051 96.2678
20.052 -96.2747
20.052 96.2747
20.053 -96.2816
20.053 96.2816
20.054 -96.2884
20.054 96.2884
20.055 -96.2953
20.055 96.2953
20.056 -96.3022
20.056 96.3022
20.057 -96.3091
20.057 96.3091
20.058 -96.316
20.058 96.316
20.059 -96.3229
20.059 96.3229
20.06 -96.3298
20.06 96.3298
20.061 -96.3367
20.061 96.3367
20.062 -96.3436
20.062 96.3436
20.063 -96.3505
20.063 96.3505
20.064 -96.3573
20.064 96.3573
20.065 -96.3642
20.065 96.3642
20.066 -96.3711
20.066 96.3711
20.067 -96.378
20.067 96.378
20.068 -96.3849
20.068 96.3849
20.069 -96.3918
20.069 96.3918
20.07 -96.3987
20.07 96.3987
20.071 -96.4056
20.071 96.4056
20.072 -96.4125
20.072 96.4125
20.073 -96.4194
20.073 96.4194
20.074 -96.4263
20.074 96.4263
20.075 -96.4332
20.075 96.4332
20.076 -96.4401
20.076 96.4401
20.077 -96.4469
20.077 96.4469
20.078 -96.4538
20.078 96.4538
20.079 -96.4607
20.079 96.4607
20.08 -96.4676
20.08 96.4676
20.081 -96.4745
20.081 96.4745
20.082 -96.4814
20.082 96.4814
20.083 -96.4883
20.083 96.4883
20.084 -96.4952
20.084 96.4952
20.085 -96.5021
20.085 96.5021
20.086 -96.509
20.086 96.509
20.087 -96.5159
20.087 96.5159
20.088 -96.5228
20.088 96.5228
20.089 -96.5297
20.089 96.5297
20.09 -96.5366
20.09 96.5366
20.091 -96.5435
20.091 96.5435
20.092 -96.5504
20.092 96.5504
20.093 -96.5573
20.093 96.5573
20.094 -96.5642
20.094 96.5642
20.095 -96.5711
20.095 96.5711
20.096 -96.578
20.096 96.578
20.097 -96.5849
20.097 96.5849
20.098 -96.5917
20.098 96.5917
20.099 -96.5986
20.099 96.5986
20.1 -96.6055
20.1 96.6055
20.101 -96.6124
20.101 96.6124
20.102 -96.6193
20.102 96.6193
20.103 -96.6262
20.103 96.6262
20.104 -96.6331
20.104 96.6331
20.105 -96.64
20.105 96.64
20.106 -96.6469
20.106 96.6469
20.107 -96.6538
20.107 96.6538
20.108 -96.6607
20.108 96.6607
20.109 -96.6676
20.109 96.6676
20.11 -96.6745
20.11 96.6745
20.111 -96.6814
20.111 96.6814
20.112 -96.6883
20.112 96.6883
20.113 -96.6952
20.113 96.6952
20.114 -96.7021
20.114 96.7021
20.115 -96.709
20.115 96.709
20.116 -96.7159
20.116 96.7159
20.117 -96.7228
20.117 96.7228
20.118 -96.7297
20.118 96.7297
20.119 -96.7366
20.119 96.7366
20.12 -96.7435
20.12 96.7435
20.121 -96.7504
20.121 96.7504
20.122 -96.7573
20.122 96.7573
20.123 -96.7642
20.123 96.7642
20.124 -96.7711
20.124 96.7711
20.125 -96.778
20.125 96.778
20.126 -96.7849
20.126 96.7849
20.127 -96.7918
20.127 96.7918
20.128 -96.7987
20.128 96.7987
20.129 -96.8056
20.129 96.8056
20.13 -96.8125
20.13 96.8125
20.131 -96.8194
20.131 96.8194
20.132 -96.8263
20.132 96.8263
20.133 -96.8332
20.133 96.8332
20.134 -96.8401
20.134 96.8401
20.135 -96.847
20.135 96.847
20.136 -96.854
20.136 96.854
20.137 -96.8609
20.137 96.8609
20.138 -96.8678
20.138 96.8678
20.139 -96.8747
20.139 96.8747
20.14 -96.8816
20.14 96.8816
20.141 -96.8885
20.141 96.8885
20.142 -96.8954
20.142 96.8954
20.143 -96.9023
20.143 96.9023
20.144 -96.9092
20.144 96.9092
20.145 -96.9161
20.145 96.9161
20.146 -96.923
20.146 96.923
20.147 -96.9299
20.147 96.9299
20.148 -96.9368
20.148 96.9368
20.149 -96.9437
20.149 96.9437
20.15 -96.9506
20.15 96.9506
20.151 -96.9575
20.151 96.9575
20.152 -96.9644
20.152 96.9644
20.153 -96.9713
20.153 96.9713
20.154 -96.9782
20.154 96.9782
20.155 -96.9851
20.155 96.9851
20.156 -96.992
20.156 96.992
20.157 -96.999
20.157 96.999
20.158 -97.0059
20.158 97.0059
20.159 -97.0128
20.159 97.0128
20.16 -97.0197
20.16 97.0197
20.161 -97.0266
20.161 97.0266
20.162 -97.0335
20.162 97.0335
20.163 -97.0404
20.163 97.0404
20.164 -97.0473
20.164 97.0473
20.165 -97.0542
20.165 97.0542
20.166 -97.0611
20.166 97.0611
20.167 -97.068
20.167 97.068
20.168 -97.0749
20.168 97.0749
20.169 -97.0818
20.169 97.0818
20.17 -97.0888
20.17 97.0888
20.171 -97.0957
20.171 97.0957
20.172 -97.1026
20.172 97.1026
20.173 -97.1095
20.173 97.1095
20.174 -97.1164
20.174 97.1164
20.175 -97.1233
20.175 97.1233
20.176 -97.1302
20.176 97.1302
20.177 -97.1371
20.177 97.1371
20.178 -97.144
20.178 97.144
20.179 -97.1509
20.179 97.1509
20.18 -97.1578
20.18 97.1578
20.181 -97.1648
20.181 97.1648
20.182 -97.1717
20.182 97.1717
20.183 -97.1786
20.183 97.1786
20.184 -97.1855
20.184 97.1855
20.185 -97.1924
20.185 97.1924
20.186 -97.1993
20.186 97.1993
20.187 -97.2062
20.187 97.2062
20.188 -97.2131
20.188 97.2131
20.189 -97.22
20.189 97.22
20.19 -97.227
20.19 97.227
20.191 -97.2339
20.191 97.2339
20.192 -97.2408
20.192 97.2408
20.193 -97.2477
20.193 97.2477
20.194 -97.2546
20.194 97.2546
20.195 -97.2615
20.195 97.2615
20.196 -97.2684
20.196 97.2684
20.197 -97.2753
20.197 97.2753
20.198 -97.2823
20.198 97.2823
20.199 -97.2892
20.199 97.2892
20.2 -97.2961
20.2 97.2961
20.201 -97.303
20.201 97.303
20.202 -97.3099
20.202 97.3099
20.203 -97.3168
20.203 97.3168
20.204 -97.3237
20.204 97.3237
20.205 -97.3307
20.205 97.3307
20.206 -97.3376
20.206 97.3376
20.207 -97.3445
20.207 97.3445
20.208 -97.3514
20.208 97.3514
20.209 -97.3583
20.209 97.3583
20.21 -97.3652
20.21 97.3652
20.211 -97.3721
20.211 97.3721
20.212 -97.3791
20.212 97.3791
20.213 -97.386
20.213 97.386
20.214 -97.3929
20.214 97.3929
20.215 -97.3998
20.215 97.3998
20.216 -97.4067
20.216 97.4067
20.217 -97.4136
20.217 97.4136
20.218 -97.4206
20.218 97.4206
20.219 -97.4275
20.219 97.4275
20.22 -97.4344
20.22 97.4344
20.221 -97.4413
20.221 97.4413
20.222 -97.4482
20.222 97.4482
20.223 -97.4551
20.223 97.4551
20.224 -97.4621
20.224 97.4621
20.225 -97.469
20.225 97.469
20.226 -97.4759
20.226 97.4759
20.227 -97.4828
20.227 97.4828
20.228 -97.4897
20.228 97.4897
20.229 -97.4966
20.229 97.4966
20.23 -97.5036
20.23 97.5036
20.231 -97.5105
20.231 97.5105
20.232 -97.5174
20.232 97.5174
20.233 -97.5243
20.233 97.5243
20.234 -97.5312
20.234 97.5312
20.235 -97.5382
20.235 97.5382
20.236 -97.5451
20.236 97.5451
20.237 -97.552
20.237 97.552
20.238 -97.5589
20.238 97.5589
20.239 -97.5658
20.239 97.5658
20.24 -97.5728
20.24 97.5728
20.241 -97.5797
20.241 97.5797
20.242 -97.5866
20.242 97.5866
20.243 -97.5935
20.243 97.5935
20.244 -97.6004
20.244 97.6004
20.245 -97.6074
20.245 97.6074
20.246 -97.6143
20.246 97.6143
20.247 -97.6212
20.247 97.6212
20.248 -97.6281
20.248 97.6281
20.249 -97.635
20.249 97.635
20.25 -97.642
20.25 97.642
20.251 -97.6489
20.251 97.6489
20.252 -97.6558
20.252 97.6558
20.253 -97.6627
20.253 97.6627
20.254 -97.6697
20.254 97.6697
20.255 -97.6766
20.255 97.6766
20.256 -97.6835
20.256 97.6835
20.257 -97.6904
20.257 97.6904
20.258 -97.6973
20.258 97.6973
20.259 -97.7043
20.259 97.7043
20.26 -97.7112
20.26 97.7112
20.261 -97.7181
20.261 97.7181
20.262 -97.725
20.262 97.725
20.263 -97.732
20.263 97.732
20.264 -97.7389
20.264 97.7389
20.265 -97.7458
20.265 97.7458
20.266 -97.7527
20.266 97.7527
20.267 -97.7597
20.267 97.7597
20.268 -97.7666
20.268 97.7666
20.269 -97.7735
20.269 97.7735
20.27 -97.7804
20.27 97.7804
20.271 -97.7874
20.271 97.7874
20.272 -97.7943
20.272 97.7943
20.273 -97.8012
20.273 97.8012
20.274 -97.8081
20.274 97.8081
20.275 -97.8151
20.275 97.8151
20.276 -97.822
20.276 97.822
20.277 -97.8289
20.277 97.8289
20.278 -97.8358
20.278 97.8358
20.279 -97.8428
20.279 97.8428
20.28 -97.8497
20.28 97.8497
20.281 -97.8566
20.281 97.8566
20.282 -97.8635
20.282 97.8635
20.283 -97.8705
20.283 97.8705
20.284 -97.8774
20.284 97.8774
20.285 -97.8843
20.285 97.8843
20.286 -97.8912
20.286 97.8912
20.287 -97.8982
20.287 97.8982
20.288 -97.9051
20.288 97.9051
20.289 -97.912
20.289 97.912
20.29 -97.919
20.29 97.919
20.291 -97.9259
20.291 97.9259
20.292 -97.9328
20.292 97.9328
20.293 -97.9397
20.293 97.9397
20.294 -97.9467
20.294 97.9467
20.295 -97.9536
20.295 97.9536
20.296 -97.9605
20.296 97.9605
20.297 -97.9675
20.297 97.9675
20.298 -97.9744
20.298 97.9744
20.299 -97.9813
20.299 97.9813
20.3 -97.9882
20.3 97.9882
20.301 -97.9952
20.301 97.9952
20.302 -98.0021
20.302 98.0021
20.303 -98.009
20.303 98.009
20.304 -98.016
20.304 98.016
20.305 -98.0229
20.305 98.0229
20.306 -98.0298
20.306 98.0298
20.307 -98.0368
20.307 98.0368
20.308 -98.0437
20.308 98.0437
20.309 -98.0506
20.309 98.0506
20.31 -98.0576
20.31 98.0576
20.311 -98.0645
20.311 98.0645
20.312 -98.0714
20.312 98.0714
20.313 -98.0783
20.313 98.0783
20.314 -98.0853
20.314 98.0853
20.315 -98.0922
20.315 98.0922
20.316 -98.0991
20.316 98.0991
20.317 -98.1061
20.317 98.1061
20.318 -98.113
20.318 98.113
20.319 -98.1199
20.319 98.1199
20.32 -98.1269
20.32 98.1269
20.321 -98.1338
20.321 98.1338
20.322 -98.1407
20.322 98.1407
20.323 -98.1477
20.323 98.1477
20.324 -98.1546
20.324 98.1546
20.325 -98.1615
20.325 98.1615
20.326 -98.1685
20.326 98.1685
20.327 -98.1754
20.327 98.1754
20.328 -98.1823
20.328 98.1823
20.329 -98.1893
20.329 98.1893
20.33 -98.1962
20.33 98.1962
20.331 -98.2031
20.331 98.2031
20.332 -98.2101
20.332 98.2101
20.333 -98.217
20.333 98.217
20.334 -98.224
20.334 98.224
20.335 -98.2309
20.335 98.2309
20.336 -98.2378
20.336 98.2378
20.337 -98.2448
20.337 98.2448
20.338 -98.2517
20.338 98.2517
20.339 -98.2586
20.339 98.2586
20.34 -98.2656
20.34 98.2656
20.341 -98.2725
20.341 98.2725
20.342 -98.2794
20.342 98.2794
20.343 -98.2864
20.343 98.2864
20.344 -98.2933
20.344 98.2933
20.345 -98.3003
20.345 98.3003
20.346 -98.3072
20.346 98.3072
20.347 -98.3141
20.347 98.3141
20.348 -98.3211
20.348 98.3211
20.349 -98.328
20.349 98.328
20.35 -98.3349
20.35 98.3349
20.351 -98.3419
20.351 98.3419
20.352 -98.3488
20.352 98.3488
20.353 -98.3558
20.353 98.3558
20.354 -98.3627
20.354 98.3627
20.355 -98.3696
20.355 98.3696
20.356 -98.3766
20.356 98.3766
20.357 -98.3835
20.357 98.3835
20.358 -98.3904
20.358 98.3904
20.359 -98.3974
20.359 98.3974
20.36 -98.4043
20.36 98.4043
20.361 -98.4113
20.361 98.4113
20.362 -98.4182
20.362 98.4182
20.363 -98.4251
20.363 98.4251
20.364 -98.4321
20.364 98.4321
20.365 -98.439
20.365 98.439
20.366 -98.446
20.366 98.446
20.367 -98.4529
20.367 98.4529
20.368 -98.4598
20.368 98.4598
20.369 -98.4668
20.369 98.4668
20.37 -98.4737
20.37 98.4737
20.371 -98.4807
20.371 98.4807
20.372 -98.4876
20.372 98.4876
20.373 -98.4946
20.373 98.4946
20.374 -98.5015
20.374 98.5015
20.375 -98.5084
20.375 98.5084
20.376 -98.5154
20.376 98.5154
20.377 -98.5223
20.377 98.5223
20.378 -98.5293
20.378 98.5293
20.379 -98.5362
20.379 98.5362
20.38 -98.5431
20.38 98.5431
20.381 -98.5501
20.381 98.5501
20.382 -98.557
20.382 98.557
20.383 -98.564
20.383 98.564
20.384 -98.5709
20.384 98.5709
20.385 -98.5779
20.385 98.5779
20.386 -98.5848
20.386 98.5848
20.387 -98.5918
20.387 98.5918
20.388 -98.5987
20.388 98.5987
20.389 -98.6056
20.389 98.6056
20.39 -98.6126
20.39 98.6126
20.391 -98.6195
20.391 98.6195
20.392 -98.6265
20.392 98.6265
20.393 -98.6334
20.393 98.6334
20.394 -98.6404
20.394 98.6404
20.395 -98.6473
20.395 98.6473
20.396 -98.6543
20.396 98.6543
20.397 -98.6612
20.397 98.6612
20.398 -98.6681
20.398 98.6681
20.399 -98.6751
20.399 98.6751
20.4 -98.682
20.4 98.682
20.401 -98.689
20.401 98.689
20.402 -98.6959
20.402 98.6959
20.403 -98.7029
20.403 98.7029
20.404 -98.7098
20.404 98.7098
20.405 -98.7168
20.405 98.7168
20.406 -98.7237
20.406 98.7237
20.407 -98.7307
20.407 98.7307
20.408 -98.7376
20.408 98.7376
20.409 -98.7446
20.409 98.7446
20.41 -98.7515
20.41 98.7515
20.411 -98.7585
20.411 98.7585
20.412 -98.7654
20.412 98.7654
20.413 -98.7723
20.413 98.7723
20.414 -98.7793
20.414 98.7793
20.415 -98.7862
20.415 98.7862
20.416 -98.7932
20.416 98.7932
20.417 -98.8001
20.417 98.8001
20.418 -98.8071
20.418 98.8071
20.419 -98.814
20.419 98.814
20.42 -98.821
20.42 98.821
20.421 -98.8279
20.421 98.8279
20.422 -98.8349
20.422 98.8349
20.423 -98.8418
20.423 98.8418
20.424 -98.8488
20.424 98.8488
20.425 -98.8557
20.425 98.8557
20.426 -98.8627
20.426 98.8627
20.427 -98.8696
20.427 98.8696
20.428 -98.8766
20.428 98.8766
20.429 -98.8835
20.429 98.8835
20.43 -98.8905
20.43 98.8905
20.431 -98.8974
20.431 98.8974
20.432 -98.9044
20.432 98.9044
20.433 -98.9113
20.433 98.9113
20.434 -98.9183
20.434 98.9183
20.435 -98.9252
20.435 98.9252
20.436 -98.9322
20.436 98.9322
20.437 -98.9391
20.437 98.9391
20.438 -98.9461
20.438 98.9461
20.439 -98.953
20.439 98.953
20.44 -98.96
20.44 98.96
20.441 -98.967
20.441 98.967
20.442 -98.9739
20.442 98.9739
20.443 -98.9809
20.443 98.9809
20.444 -98.9878
20.444 98.9878
20.445 -98.9948
20.445 98.9948
20.446 -99.0017
20.446 99.0017
20.447 -99.0087
20.447 99.0087
20.448 -99.0156
20.448 99.0156
20.449 -99.0226
20.449 99.0226
20.45 -99.0295
20.45 99.0295
20.451 -99.0365
20.451 99.0365
20.452 -99.0434
20.452 99.0434
20.453 -99.0504
20.453 99.0504
20.454 -99.0574
20.454 99.0574
20.455 -99.0643
20.455 99.0643
20.456 -99.0713
20.456 99.0713
20.457 -99.0782
20.457 99.0782
20.458 -99.0852
20.458 99.0852
20.459 -99.0921
20.459 99.0921
20.46 -99.0991
20.46 99.0991
20.461 -99.106
20.461 99.106
20.462 -99.113
20.462 99.113
20.463 -99.12
20.463 99.12
20.464 -99.1269
20.464 99.1269
20.465 -99.1339
20.465 99.1339
20.466 -99.1408
20.466 99.1408
20.467 -99.1478
20.467 99.1478
20.468 -99.1547
20.468 99.1547
20.469 -99.1617
20.469 99.1617
20.47 -99.1686
20.47 99.1686
20.471 -99.1756
20.471 99.1756
20.472 -99.1826
20.472 99.1826
20.473 -99.1895
20.473 99.1895
20.474 -99.1965
20.474 99.1965
20.475 -99.2034
20.475 99.2034
20.476 -99.2104
20.476 99.2104
20.477 -99.2174
20.477 99.2174
20.478 -99.2243
20.478 99.2243
20.479 -99.2313
20.479 99.2313
20.48 -99.2382
20.48 99.2382
20.481 -99.2452
20.481 99.2452
20.482 -99.2521
20.482 99.2521
20.483 -99.2591
20.483 99.2591
20.484 -99.2661
20.484 99.2661
20.485 -99.273
20.485 99.273
20.486 -99.28
20.486 99.28
20.487 -99.2869
20.487 99.2869
20.488 -99.2939
20.488 99.2939
20.489 -99.3009
20.489 99.3009
20.49 -99.3078
20.49 99.3078
20.491 -99.3148
20.491 99.3148
20.492 -99.3217
20.492 99.3217
20.493 -99.3287
20.493 99.3287
20.494 -99.3357
20.494 99.3357
20.495 -99.3426
20.495 99.3426
20.496 -99.3496
20.496 99.3496
20.497 -99.3566
20.497 99.3566
20.498 -99.3635
20.498 99.3635
20.499 -99.3705
20.499 99.3705
20.5 -99.3774
20.5 99.3774
20.501 -99.3844
20.501 99.3844
20.502 -99.3914
20.502 99.3914
20.503 -99.3983
20.503 99.3983
20.504 -99.4053
20.504 99.4053
20.505 -99.4122
20.505 99.4122
20.506 -99.4192
20.506 99.4192
20.507 -99.4262
20.507 99.4262
20.508 -99.4331
20.508 99.4331
20.509 -99.4401
20.509 99.4401
20.51 -99.4471
20.51 99.4471
20.511 -99.454
20.511 99.454
20.512 -99.461
20.512 99.461
20.513 -99.468
20.513 99.468
20.514 -99.4749
20.514 99.4749
20.515 -99.4819
20.515 99.4819
20.516 -99.4889
20.516 99.4889
20.517 -99.4958
20.517 99.4958
20.518 -99.5028
20.518 99.5028
20.519 -99.5097
20.519 99.5097
20.52 -99.5167
20.52 99.5167
20.521 -99.5237
20.521 99.5237
20.522 -99.5306
20.522 99.5306
20.523 -99.5376
20.523 99.5376
20.524 -99.5446
20.524 99.5446
20.525 -99.5515
20.525 99.5515
20.526 -99.5585
20.526 99.5585
20.527 -99.5655
20.527 99.5655
20.528 -99.5724
20.528 99.5724
20.529 -99.5794
20.529 99.5794
20.53 -99.5864
20.53 99.5864
20.531 -99.5933
20.531 99.5933
20.532 -99.6003
20.532 99.6003
20.533 -99.6073
20.533 99.6073
20.534 -99.6142
20.534 99.6142
20.535 -99.6212
20.535 99.6212
20.536 -99.6282
20.536 99.6282
20.537 -99.6351
20.537 99.6351
20.538 -99.6421
20.538 99.6421
20.539 -99.6491
20.539 99.6491
20.54 -99.656
20.54 99.656
20.541 -99.663
20.541 99.663
20.542 -99.67
20.542 99.67
20.543 -99.677
20.543 99.677
20.544 -99.6839
20.544 99.6839
20.545 -99.6909
20.545 99.6909
20.546 -99.6979
20.546 99.6979
20.547 -99.7048
20.547 99.7048
20.548 -99.7118
20.548 99.7118
20.549 -99.7188
20.549 99.7188
20.55 -99.7257
20.55 99.7257
20.551 -99.7327
20.551 99.7327
20.552 -99.7397
20.552 99.7397
20.553 -99.7467
20.553 99.7467
20.554 -99.7536
20.554 99.7536
20.555 -99.7606
20.555 99.7606
20.556 -99.7676
20.556 99.7676
20.557 -99.7745
20.557 99.7745
20.558 -99.7815
20.558 99.7815
20.559 -99.7885
20.559 99.7885
20.56 -99.7955
20.56 99.7955
20.561 -99.8024
20.561 99.8024
20.562 -99.8094
20.562 99.8094
20.563 -99.8164
20.563 99.8164
20.564 -99.8233
20.564 99.8233
20.565 -99.8303
20.565 99.8303
20.566 -99.8373
20.566 99.8373
20.567 -99.8443
20.567 99.8443
20.568 -99.8512
20.568 99.8512
20.569 -99.8582
20.569 99.8582
20.57 -99.8652
20.57 99.8652
20.571 -99.8722
20.571 99.8722
20.572 -99.8791
20.572 99.8791
20.573 -99.8861
20.573 99.8861
20.574 -99.8931
20.574 99.8931
20.575 -99.9
20.575 99.9
20.576 -99.907
20.576 99.907
20.577 -99.914
20.577 99.914
20.578 -99.921
20.578 99.921
20.579 -99.9279
20.579 99.9279
20.58 -99.9349
20.58 99.9349
20.581 -99.9419
20.581 99.9419
20.582 -99.9489
20.582 99.9489
20.583 -99.9558
20.583 99.9558
20.584 -99.9628
20.584 99.9628
20.585 -99.9698
20.585 99.9698
20.586 -99.9768
20.586 99.9768
20.587 -99.9837
20.587 99.9837
20.588 -99.9907
20.588 99.9907
20.589 -99.9977
20.589 99.9977
20.59 -100.005
20.59 100.005
20.591 -100.012
20.591 100.012
20.592 -100.019
20.592 100.019
20.593 -100.026
20.593 100.026
20.594 -100.033
20.594 100.033
20.595 -100.04
20.595 100.04
20.596 -100.047
20.596 100.047
20.597 -100.054
20.597 100.054
20.598 -100.06
20.598 100.06
20.599 -100.067
20.599 100.067
20.6 -100.074
20.6 100.074
20.601 -100.081
20.601 100.081
20.602 -100.088
20.602 100.088
20.603 -100.095
20.603 100.095
20.604 -100.102
20.604 100.102
20.605 -100.109
20.605 100.109
20.606 -100.116
20.606 100.116
20.607 -100.123
20.607 100.123
20.608 -100.13
20.608 100.13
20.609 -100.137
20.609 100.137
20.61 -100.144
20.61 100.144
20.611 -100.151
20.611 100.151
20.612 -100.158
20.612 100.158
20.613 -100.165
20.613 100.165
20.614 -100.172
20.614 100.172
20.615 -100.179
20.615 100.179
20.616 -100.186
20.616 100.186
20.617 -100.193
20.617 100.193
20.618 -100.2
20.618 100.2
20.619 -100.207
20.619 100.207
20.62 -100.214
20.62 100.214
20.621 -100.221
20.621 100.221
20.622 -100.228
20.622 100.228
20.623 -100.235
20.623 100.235
20.624 -100.242
20.624 100.242
20.625 -100.249
20.625 100.249
20.626 -100.256
20.626 100.256
20.627 -100.263
20.627 100.263
20.628 -100.27
20.628 100.27
20.629 -100.277
20.629 100.277
20.63 -100.284
20.63 100.284
20.631 -100.291
20.631 100.291
20.632 -100.298
20.632 100.298
20.633 -100.305
20.633 100.305
20.634 -100.312
20.634 100.312
20.635 -100.319
20.635 100.319
20.636 -100.326
20.636 100.326
20.637 -100.333
20.637 100.333
20.638 -100.34
20.638 100.34
20.639 -100.347
20.639 100.347
20.64 -100.354
20.64 100.354
20.641 -100.361
20.641 100.361
20.642 -100.368
20.642 100.368
20.643 -100.375
20.643 100.375
20.644 -100.382
20.644 100.382
20.645 -100.389
20.645 100.389
20.646 -100.396
20.646 100.396
20.647 -100.403
20.647 100.403
20.648 -100.41
20.648 100.41
20.649 -100.417
20.649 100.417
20.65 -100.424
20.65 100.424
20.651 -100.431
20.651 100.431
20.652 -100.438
20.652 100.438
20.653 -100.445
20.653 100.445
20.654 -100.452
20.654 100.452
20.655 -100.458
20.655 100.458
20.656 -100.465
20.656 100.465
20.657 -100.472
20.657 100.472
20.658 -100.479
20.658 100.479
20.659 -100.486
20.659 100.486
20.66 -100.493
20.66 100.493
20.661 -100.5
20.661 100.5
20.662 -100.507
20.662 100.507
20.663 -100.514
20.663 100.514
20.664 -100.521
20.664 100.521
20.665 -100.528
20.665 100.528
20.666 -100.535
20.666 100.535
20.667 -100.542
20.667 100.542
20.668 -100.549
20.668 100.549
20.669 -100.556
20.669 100.556
20.67 -100.563
20.67 100.563
20.671 -100.57
20.671 100.57
20.672 -100.577
20.672 100.577
20.673 -100.584
20.673 100.584
20.674 -100.591
20.674 100.591
20.675 -100.598
20.675 100.598
20.676 -100.605
20.676 100.605
20.677 -100.612
20.677 100.612
20.678 -100.619
20.678 100.619
20.679 -100.626
20.679 100.626
20.68 -100.633
20.68 100.633
20.681 -100.64
20.681 100.64
20.682 -100.647
20.682 100.647
20.683 -100.654
20.683 100.654
20.684 -100.661
20.684 100.661
20.685 -100.668
20.685 100.668
20.686 -100.675
20.686 100.675
20.687 -100.682
20.687 100.682
20.688 -100.689
20.688 100.689
20.689 -100.696
20.689 100.696
20.69 -100.703
20.69 100.703
20.691 -100.71
20.691 100.71
20.692 -100.717
20.692 100.717
20.693 -100.724
20.693 100.724
20.694 -100.731
20.694 100.731
20.695 -100.738
20.695 100.738
20.696 -100.745
20.696 100.745
20.697 -100.752
20.697 100.752
20.698 -100.759
20.698 100.759
20.699 -100.766
20.699 100.766
20.7 -100.773
20.7 100.773
20.701 -100.78
20.701 100.78
20.702 -100.787
20.702 100.787
20.703 -100.794
20.703 100.794
20.704 -100.801
20.704 100.801
20.705 -100.808
20.705 100.808
20.706 -100.815
20.706 100.815
20.707 -100.822
20.707 100.822
20.708 -100.829
20.708 100.829
20.709 -100.836
20.709 100.836
20.71 -100.843
20.71 100.843
20.711 -100.85
20.711 100.85
20.712 -100.857
20.712 100.857
20.713 -100.864
20.713 100.864
20.714 -100.871
20.714 100.871
20.715 -100.878
20.715 100.878
20.716 -100.885
20.716 100.885
20.717 -100.892
20.717 100.892
20.718 -100.899
20.718 100.899
20.719 -100.906
20.719 100.906
20.72 -100.913
20.72 100.913
20.721 -100.92
20.721 100.92
20.722 -100.927
20.722 100.927
20.723 -100.934
20.723 100.934
20.724 -100.941
20.724 100.941
20.725 -100.948
20.725 100.948
20.726 -100.955
20.726 100.955
20.727 -100.962
20.727 100.962
20.728 -100.969
20.728 100.969
20.729 -100.976
20.729 100.976
20.73 -100.983
20.73 100.983
20.731 -100.99
20.731 100.99
20.732 -100.997
20.732 100.997
20.733 -101.004
20.733 101.004
20.734 -101.011
20.734 101.011
20.735 -101.018
20.735 101.018
20.736 -101.025
20.736 101.025
20.737 -101.032
20.737 101.032
20.738 -101.039
20.738 101.039
20.739 -101.046
20.739 101.046
20.74 -101.053
20.74 101.053
20.741 -101.06
20.741 101.06
20.742 -101.067
20.742 101.067
20.743 -101.074
20.743 101.074
20.744 -101.081
20.744 101.081
20.745 -101.088
20.745 101.088
20.746 -101.095
20.746 101.095
20.747 -101.102
20.747 101.102
20.748 -101.109
20.748 101.109
20.749 -101.116
20.749 101.116
20.75 -101.123
20.75 101.123
20.751 -101.13
20.751 101.13
20.752 -101.137
20.752 101.137
20.753 -101.144
20.753 101.144
20.754 -101.151
20.754 101.151
20.755 -101.158
20.755 101.158
20.756 -101.165
20.756 101.165
20.757 -101.172
20.757 101.172
20.758 -101.179
20.758 101.179
20.759 -101.186
20.759 101.186
20.76 -101.193
20.76 101.193
20.761 -101.2
20.761 101.2
20.762 -101.207
20.762 101.207
20.763 -101.214
20.763 101.214
20.764 -101.221
20.764 101.221
20.765 -101.228
20.765 101.228
20.766 -101.235
20.766 101.235
20.767 -101.242
20.767 101.242
20.768 -101.249
20.768 101.249
20.769 -101.256
20.769 101.256
20.77 -101.263
20.77 101.263
20.771 -101.27
20.771 101.27
20.772 -101.277
20.772 101.277
20.773 -101.284
20.773 101.284
20.774 -101.291
20.774 101.291
20.775 -101.298
20.775 101.298
20.776 -101.305
20.776 101.305
20.777 -101.312
20.777 101.312
20.778 -101.319
20.778 101.319
20.779 -101.326
20.779 101.326
20.78 -101.333
20.78 101.333
20.781 -101.34
20.781 101.34
20.782 -101.347
20.782 101.347
20.783 -101.354
20.783 101.354
20.784 -101.361
20.784 101.361
20.785 -101.368
20.785 101.368
20.786 -101.375
20.786 101.375
20.787 -101.382
20.787 101.382
20.788 -101.389
20.788 101.389
20.789 -101.396
20.789 101.396
20.79 -101.403
20.79 101.403
20.791 -101.41
20.791 101.41
20.792 -101.417
20.792 101.417
20.793 -101.424
20.793 101.424
20.794 -101.431
20.794 101.431
20.795 -101.438
20.795 101.438
20.796 -101.445
20.796 101.445
20.797 -101.452
20.797 101.452
20.798 -101.459
20.798 101.459
20.799 -101.466
20.799 101.466
20.8 -101.473
20.8 101.473
20.801 -101.48
20.801 101.48
20.802 -101.487
20.802 101.487
20.803 -101.494
20.803 101.494
20.804 -101.501
20.804 101.501
20.805 -101.508
20.805 101.508
20.806 -101.515
20.806 101.515
20.807 -101.522
20.807 101.522
20.808 -101.529
20.808 101.529
20.809 -101.536
20.809 101.536
20.81 -101.543
20.81 101.543
20.811 -101.55
20.811 101.55
20.812 -101.557
20.812 101.557
20.813 -101.564
20.813 101.564
20.814 -101.571
20.814 101.571
20.815 -101.578
20.815 101.578
20.816 -101.585
20.816 101.585
20.817 -101.593
20.817 101.593
20.818 -101.6
20.818 101.6
20.819 -101.607
20.819 101.607
20.82 -101.614
20.82 101.614
20.821 -101.621
20.821 101.621
20.822 -101.628
20.822 101.628
20.823 -101.635
20.823 101.635
20.824 -101.642
20.824 101.642
20.825 -101.649
20.825 101.649
20.826 -101.656
20.826 101.656
20.827 -101.663
20.827 101.663
20.828 -101.67
20.828 101.67
20.829 -101.677
20.829 101.677
20.83 -101.684
20.83 101.684
20.831 -101.691
20.831 101.691
20.832 -101.698
20.832 101.698
20.833 -101.705
20.833 101.705
20.834 -101.712
20.834 101.712
20.835 -101.719
20.835 101.719
20.836 -101.726
20.836 101.726
20.837 -101.733
20.837 101.733
20.838 -101.74
20.838 101.74
20.839 -101.747
20.839 101.747
20.84 -101.754
20.84 101.754
20.841 -101.761
20.841 101.761
20.842 -101.768
20.842 101.768
20.843 -101.775
20.843 101.775
20.844 -101.782
20.844 101.782
20.845 -101.789
20.845 101.789
20.846 -101.796
20.846 101.796
20.847 -101.803
20.847 101.803
20.848 -101.81
20.848 101.81
20.849 -101.817
20.849 101.817
20.85 -101.824
20.85 101.824
20.851 -101.831
20.851 101.831
20.852 -101.838
20.852 101.838
20.853 -101.845
20.853 101.845
20.854 -101.852
20.854 101.852
20.855 -101.859
20.855 101.859
20.856 -101.866
20.856 101.866
20.857 -101.873
20.857 101.873
20.858 -101.88
20.858 101.88
20.859 -101.887
20.859 101.887
20.86 -101.894
20.86 101.894
20.861 -101.901
20.861 101.901
20.862 -101.908
20.862 101.908
20.863 -101.915
20.863 101.915
20.864 -101.922
20.864 101.922
20.865 -101.929
20.865 101.929
20.866 -101.936
20.866 101.936
20.867 -101.943
20.867 101.943
20.868 -101.95
20.868 101.95
20.869 -101.957
20.869 101.957
20.87 -101.964
20.87 101.964
20.871 -101.971
20.871 101.971
20.872 -101.978
20.872 101.978
20.873 -101.985
20.873 101.985
20.874 -101.993
20.874 101.993
20.875 -102
20.875 102
20.876 -102.007
20.876 102.007
20.877 -102.014
20.877 102.014
20.878 -102.021
20.878 102.021
20.879 -102.028
20.879 102.028
20.88 -102.035
20.88 102.035
20.881 -102.042
20.881 102.042
20.882 -102.049
20.882 102.049
20.883 -102.056
20.883 102.056
20.884 -102.063
20.884 102.063
20.885 -102.07
20.885 102.07
20.886 -102.077
20.886 102.077
20.887 -102.084
20.887 102.084
20.888 -102.091
20.888 102.091
20.889 -102.098
20.889 102.098
20.89 -102.105
20.89 102.105
20.891 -102.112
20.891 102.112
20.892 -102.119
20.892 102.119
20.893 -102.126
20.893 102.126
20.894 -102.133
20.894 102.133
20.895 -102.14
20.895 102.14
20.896 -102.147
20.896 102.147
20.897 -102.154
20.897 102.154
20.898 -102.161
20.898 102.161
20.899 -102.168
20.899 102.168
20.9 -102.175
20.9 102.175
20.901 -102.182
20.901 102.182
20.902 -102.189
20.902 102.189
20.903 -102.196
20.903 102.196
20.904 -102.203
20.904 102.203
20.905 -102.21
20.905 102.21
20.906 -102.217
20.906 102.217
20.907 -102.224
20.907 102.224
20.908 -102.231
20.908 102.231
20.909 -102.238
20.909 102.238
20.91 -102.245
20.91 102.245
20.911 -102.252
20.911 102.252
20.912 -102.259
20.912 102.259
20.913 -102.266
20.913 102.266
20.914 -102.274
20.914 102.274
20.915 -102.281
20.915 102.281
20.916 -102.288
20.916 102.288
20.917 -102.295
20.917 102.295
20.918 -102.302
20.918 102.302
20.919 -102.309
20.919 102.309
20.92 -102.316
20.92 102.316
20.921 -102.323
20.921 102.323
20.922 -102.33
20.922 102.33
20.923 -102.337
20.923 102.337
20.924 -102.344
20.924 102.344
20.925 -102.351
20.925 102.351
20.926 -102.358
20.926 102.358
20.927 -102.365
20.927 102.365
20.928 -102.372
20.928 102.372
20.929 -102.379
20.929 102.379
20.93 -102.386
20.93 102.386
20.931 -102.393
20.931 102.393
20.932 -102.4
20.932 102.4
20.933 -102.407
20.933 102.407
20.934 -102.414
20.934 102.414
20.935 -102.421
20.935 102.421
20.936 -102.428
20.936 102.428
20.937 -102.435
20.937 102.435
20.938 -102.442
20.938 102.442
20.939 -102.449
20.939 102.449
20.94 -102.456
20.94 102.456
20.941 -102.463
20.941 102.463
20.942 -102.47
20.942 102.47
20.943 -102.477
20.943 102.477
20.944 -102.484
20.944 102.484
20.945 -102.491
20.945 102.491
20.946 -102.499
20.946 102.499
20.947 -102.506
20.947 102.506
20.948 -102.513
20.948 102.513
20.949 -102.52
20.949 102.52
20.95 -102.527
20.95 102.527
20.951 -102.534
20.951 102.534
20.952 -102.541
20.952 102.541
20.953 -102.548
20.953 102.548
20.954 -102.555
20.954 102.555
20.955 -102.562
20.955 102.562
20.956 -102.569
20.956 102.569
20.957 -102.576
20.957 102.576
20.958 -102.583
20.958 102.583
20.959 -102.59
20.959 102.59
20.96 -102.597
20.96 102.597
20.961 -102.604
20.961 102.604
20.962 -102.611
20.962 102.611
20.963 -102.618
20.963 102.618
20.964 -102.625
20.964 102.625
20.965 -102.632
20.965 102.632
20.966 -102.639
20.966 102.639
20.967 -102.646
20.967 102.646
20.968 -102.653
20.968 102.653
20.969 -102.66
20.969 102.66
20.97 -102.667
20.97 102.667
20.971 -102.674
20.971 102.674
20.972 -102.681
20.972 102.681
20.973 -102.688
20.973 102.688
20.974 -102.696
20.974 102.696
20.975 -102.703
20.975 102.703
20.976 -102.71
20.976 102.71
20.977 -102.717
20.977 102.717
20.978 -102.724
20.978 102.724
20.979 -102.731
20.979 102.731
20.98 -102.738
20.98 102.738
20.981 -102.745
20.981 102.745
20.982 -102.752
20.982 102.752
20.983 -102.759
20.983 102.759
20.984 -102.766
20.984 102.766
20.985 -102.773
20.985 102.773
20.986 -102.78
20.986 102.78
20.987 -102.787
20.987 102.787
20.988 -102.794
20.988 102.794
20.989 -102.801
20.989 102.801
20.99 -102.808
20.99 102.808
20.991 -102.815
20.991 102.815
20.992 -102.822
20.992 102.822
20.993 -102.829
20.993 102.829
20.994 -102.836
20.994 102.836
20.995 -102.843
20.995 102.843
20.996 -102.85
20.996 102.85
20.997 -102.857
20.997 102.857
20.998 -102.864
20.998 102.864
20.999 -102.872
20.999 102.872
21 -102.879
21 102.879
21.001 -102.886
21.001 102.886
21.002 -102.893
21.002 102.893
21.003 -102.9
21.003 102.9
21.004 -102.907
21.004 102.907
21.005 -102.914
21.005 102.914
21.006 -102.921
21.006 102.921
21.007 -102.928
21.007 102.928
21.008 -102.935
21.008 102.935
21.009 -102.942
21.009 102.942
21.01 -102.949
21.01 102.949
21.011 -102.956
21.011 102.956
21.012 -102.963
21.012 102.963
21.013 -102.97
21.013 102.97
21.014 -102.977
21.014 102.977
21.015 -102.984
21.015 102.984
21.016 -102.991
21.016 102.991
21.017 -102.998
21.017 102.998
21.018 -103.005
21.018 103.005
21.019 -103.012
21.019 103.012
21.02 -103.019
21.02 103.019
21.021 -103.026
21.021 103.026
21.022 -103.034
21.022 103.034
21.023 -103.041
21.023 103.041
21.024 -103.048
21.024 103.048
21.025 -103.055
21.025 103.055
21.026 -103.062
21.026 103.062
21.027 -103.069
21.027 103.069
21.028 -103.076
21.028 103.076
21.029 -103.083
21.029 103.083
21.03 -103.09
21.03 103.09
21.031 -103.097
21.031 103.097
21.032 -103.104
21.032 103.104
21.033 -103.111
21.033 103.111
21.034 -103.118
21.034 103.118
21.035 -103.125
21.035 103.125
21.036 -103.132
21.036 103.132
21.037 -103.139
21.037 103.139
21.038 -103.146
21.038 103.146
21.039 -103.153
21.039 103.153
21.04 -103.16
21.04 103.16
21.041 -103.167
21.041 103.167
21.042 -103.174
21.042 103.174
21.043 -103.182
21.043 103.182
21.044 -103.189
21.044 103.189
21.045 -103.196
21.045 103.196
21.046 -103.203
21.046 103.203
21.047 -103.21
21.047 103.21
21.048 -103.217
21.048 103.217
21.049 -103.224
21.049 103.224
21.05 -103.231
21.05 103.231
21.051 -103.238
21.051 103.238
21.052 -103.245
21.052 103.245
21.053 -103.252
21.053 103.252
21.054 -103.259
21.054 103.259
21.055 -103.266
21.055 103.266
21.056 -103.273
21.056 103.273
21.057 -103.28
21.057 103.28
21.058 -103.287
21.058 103.287
21.059 -103.294
21.059 103.294
21.06 -103.301
21.06 103.301
21.061 -103.308
21.061 103.308
21.062 -103.315
21.062 103.315
21.063 -103.323
21.063 103.323
21.064 -103.33
21.064 103.33
21.065 -103.337
21.065 103.337
21.066 -103.344
21.066 103.344
21.067 -103.351
21.067 103.351
21.068 -103.358
21.068 103.358
21.069 -103.365
21.069 103.365
21.07 -103.372
21.07 103.372
21.071 -103.379
21.071 103.379
21.072 -103.386
21.072 103.386
21.073 -103.393
21.073 103.393
21.074 -103.4
21.074 103.4
21.075 -103.407
21.075 103.407
21.076 -103.414
21.076 103.414
21.077 -103.421
21.077 103.421
21.078 -103.428
21.078 103.428
21.079 -103.435
21.079 103.435
21.08 -103.442
21.08 103.442
21.081 -103.45
21.081 103.45
21.082 -103.457
21.082 103.457
21.083 -103.464
21.083 103.464
21.084 -103.471
21.084 103.471
21.085 -103.478
21.085 103.478
21.086 -103.485
21.086 103.485
21.087 -103.492
21.087 103.492
21.088 -103.499
21.088 103.499
21.089 -103.506
21.089 103.506
21.09 -103.513
21.09 103.513
21.091 -103.52
21.091 103.52
21.092 -103.527
21.092 103.527
21.093 -103.534
21.093 103.534
21.094 -103.541
21.094 103.541
21.095 -103.548
21.095 103.548
21.096 -103.555
21.096 103.555
21.097 -103.562
21.097 103.562
21.098 -103.569
21.098 103.569
21.099 -103.577
21.099 103.577
21.1 -103.584
21.1 103.584
21.101 -103.591
21.101 103.591
21.102 -103.598
21.102 103.598
21.103 -103.605
21.103 103.605
21.104 -103.612
21.104 103.612
21.105 -103.619
21.105 103.619
21.106 -103.626
21.106 103.626
21.107 -103.633
21.107 103.633
21.108 -103.64
21.108 103.64
21.109 -103.647
21.109 103.647
21.11 -103.654
21.11 103.654
21.111 -103.661
21.111 103.661
21.112 -103.668
21.112 103.668
21.113 -103.675
21.113 103.675
21.114 -103.682
21.114 103.682
21.115 -103.689
21.115 103.689
21.116 -103.697
21.116 103.697
21.117 -103.704
21.117 103.704
21.118 -103.711
21.118 103.711
21.119 -103.718
21.119 103.718
21.12 -103.725
21.12 103.725
21.121 -103.732
21.121 103.732
21.122 -103.739
21.122 103.739
21.123 -103.746
21.123 103.746
21.124 -103.753
21.124 103.753
21.125 -103.76
21.125 103.76
21.126 -103.767
21.126 103.767
21.127 -103.774
21.127 103.774
21.128 -103.781
21.128 103.781
21.129 -103.788
21.129 103.788
21.13 -103.795
21.13 103.795
21.131 -103.802
21.131 103.802
21.132 -103.81
21.132 103.81
21.133 -103.817
21.133 103.817
21.134 -103.824
21.134 103.824
21.135 -103.831
21.135 103.831
21.136 -103.838
21.136 103.838
21.137 -103.845
21.137 103.845
21.138 -103.852
21.138 103.852
21.139 -103.859
21.139 103.859
21.14 -103.866
21.14 103.866
21.141 -103.873
21.141 103.873
21.142 -103.88
21.142 103.88
21.143 -103.887
21.143 103.887
21.144 -103.894
21.144 103.894
21.145 -103.901
21.145 103.901
21.146 -103.908
21.146 103.908
21.147 -103.916
21.147 103.916
21.148 -103.923
21.148 103.923
21.149 -103.93
21.149 103.93
21.15 -103.937
21.15 103.937
21.151 -103.944
21.151 103.944
21.152 -103.951
21.152 103.951
21.153 -103.958
21.153 103.958
21.154 -103.965
21.154 103.965
21.155 -103.972
21.155 103.972
21.156 -103.979
21.156 103.979
21.157 -103.986
21.157 103.986
21.158 -103.993
21.158 103.993
21.159 -104
21.159 104
21.16 -104.007
21.16 104.007
21.161 -104.014
21.161 104.014
21.162 -104.022
21.162 104.022
21.163 -104.029
21.163 104.029
21.164 -104.036
21.164 104.036
21.165 -104.043
21.165 104.043
21.166 -104.05
21.166 104.05
21.167 -104.057
21.167 104.057
21.168 -104.064
21.168 104.064
21.169 -104.071
21.169 104.071
21.17 -104.078
21.17 104.078
21.171 -104.085
21.171 104.085
21.172 -104.092
21.172 104.092
21.173 -104.099
21.173 104.099
21.174 -104.106
21.174 104.106
21.175 -104.113
21.175 104.113
21.176 -104.12
21.176 104.12
21.177 -104.128
21.177 104.128
21.178 -104.135
21.178 104.135
21.179 -104.142
21.179 104.142
21.18 -104.149
21.18 104.149
21.181 -104.156
21.181 104.156
21.182 -104.163
21.182 104.163
21.183 -104.17
21.183 104.17
21.184 -104.177
21.184 104.177
21.185 -104.184
21.185 104.184
21.186 -104.191
21.186 104.191
21.187 -104.198
21.187 104.198
21.188 -104.205
21.188 104.205
21.189 -104.212
21.189 104.212
21.19 -104.219
21.19 104.219
21.191 -104.227
21.191 104.227
21.192 -104.234
21.192 104.234
21.193 -104.241
21.193 104.241
21.194 -104.248
21.194 104.248
21.195 -104.255
21.195 104.255
21.196 -104.262
21.196 104.262
21.197 -104.269
21.197 104.269
21.198 -104.276
21.198 104.276
21.199 -104.283
21.199 104.283
21.2 -104.29
21.2 104.29
21.201 -104.297
21.201 104.297
21.202 -104.304
21.202 104.304
21.203 -104.311
21.203 104.311
21.204 -104.319
21.204 104.319
21.205 -104.326
21.205 104.326
21.206 -104.333
21.206 104.333
21.207 -104.34
21.207 104.34
21.208 -104.347
21.208 104.347
21.209 -104.354
21.209 104.354
21.21 -104.361
21.21 104.361
21.211 -104.368
21.211 104.368
21.212 -104.375
21.212 104.375
21.213 -104.382
21.213 104.382
21.214 -104.389
21.214 104.389
21.215 -104.396
21.215 104.396
21.216 -104.403
21.216 104.403
21.217 -104.41
21.217 104.41
21.218 -104.418
21.218 104.418
21.219 -104.425
21.219 104.425
21.22 -104.432
21.22 104.432
21.221 -104.439
21.221 104.439
21.222 -104.446
21.222 104.446
21.223 -104.453
21.223 104.453
21.224 -104.46
21.224 104.46
21.225 -104.467
21.225 104.467
21.226 -104.474
21.226 104.474
21.227 -104.481
21.227 104.481
21.228 -104.488
21.228 104.488
21.229 -104.495
21.229 104.495
21.23 -104.503
21.23 104.503
21.231 -104.51
21.231 104.51
21.232 -104.517
21.232 104.517
21.233 -104.524
21.233 104.524
21.234 -104.531
21.234 104.531
21.235 -104.538
21.235 104.538
21.236 -104.545
21.236 104.545
21.237 -104.552
21.237 104.552
21.238 -104.559
21.238 104.559
21.239 -104.566
21.239 104.566
21.24 -104.573
21.24 104.573
21.241 -104.58
21.241 104.58
21.242 -104.587
21.242 104.587
21.243 -104.595
21.243 104.595
21.244 -104.602
21.244 104.602
21.245 -104.609
21.245 104.609
21.246 -104.616
21.246 104.616
21.247 -104.623
21.247 104.623
21.248 -104.63
21.248 104.63
21.249 -104.637
21.249 104.637
21.25 -104.644
21.25 104.644
21.251 -104.651
21.251 104.651
21.252 -104.658
21.252 104.658
21.253 -104.665
21.253 104.665
21.254 -104.672
21.254 104.672
21.255 -104.68
21.255 104.68
21.256 -104.687
21.256 104.687
21.257 -104.694
21.257 104.694
21.258 -104.701
21.258 104.701
21.259 -104.708
21.259 104.708
21.26 -104.715
21.26 104.715
21.261 -104.722
21.261 104.722
21.262 -104.729
21.262 104.729
21.263 -104.736
21.263 104.736
21.264 -104.743
21.264 104.743
21.265 -104.75
21.265 104.75
21.266 -104.757
21.266 104.757
21.267 -104.765
21.267 104.765
21.268 -104.772
21.268 104.772
21.269 -104.779
21.269 104.779
21.27 -104.786
21.27 104.786
21.271 -104.793
21.271 104.793
21.272 -104.8
21.272 104.8
21.273 -104.807
21.273 104.807
21.274 -104.814
21.274 104.814
21.275 -104.821
21.275 104.821
21.276 -104.828
21.276 104.828
21.277 -104.835
21.277 104.835
21.278 -104.842
21.278 104.842
21.279 -104.85
21.279 104.85
21.28 -104.857
21.28 104.857
21.281 -104.864
21.281 104.864
21.282 -104.871
21.282 104.871
21.283 -104.878
21.283 104.878
21.284 -104.885
21.284 104.885
21.285 -104.892
21.285 104.892
21.286 -104.899
21.286 104.899
21.287 -104.906
21.287 104.906
21.288 -104.913
21.288 104.913
21.289 -104.92
21.289 104.92
21.29 -104.928
21.29 104.928
21.291 -104.935
21.291 104.935
21.292 -104.942
21.292 104.942
21.293 -104.949
21.293 104.949
21.294 -104.956
21.294 104.956
21.295 -104.963
21.295 104.963
21.296 -104.97
21.296 104.97
21.297 -104.977
21.297 104.977
21.298 -104.984
21.298 104.984
21.299 -104.991
21.299 104.991
21.3 -104.998
21.3 104.998
21.301 -105.006
21.301 105.006
21.302 -105.013
21.302 105.013
21.303 -105.02
21.303 105.02
21.304 -105.027
21.304 105.027
21.305 -105.034
21.305 105.034
21.306 -105.041
21.306 105.041
21.307 -105.048
21.307 105.048
21.308 -105.055
21.308 105.055
21.309 -105.062
21.309 105.062
21.31 -105.069
21.31 105.069
21.311 -105.076
21.311 105.076
21.312 -105.084
21.312 105.084
21.313 -105.091
21.313 105.091
21.314 -105.098
21.314 105.098
21.315 -105.105
21.315 105.105
21.316 -105.112
21.316 105.112
21.317 -105.119
21.317 105.119
21.318 -105.126
21.318 105.126
21.319 -105.133
21.319 105.133
21.32 -105.14
21.32 105.14
21.321 -105.147
21.321 105.147
21.322 -105.154
21.322 105.154
21.323 -105.162
21.323 105.162
21.324 -105.169
21.324 105.169
21.325 -105.176
21.325 105.176
21.326 -105.183
21.326 105.183
21.327 -105.19
21.327 105.19
21.328 -105.197
21.328 105.197
21.329 -105.204
21.329 105.204
21.33 -105.211
21.33 105.211
21.331 -105.218
21.331 105.218
21.332 -105.225
21.332 105.225
21.333 -105.232
21.333 105.232
21.334 -105.24
21.334 105.24
21.335 -105.247
21.335 105.247
21.336 -105.254
21.336 105.254
21.337 -105.261
21.337 105.261
21.338 -105.268
21.338 105.268
21.339 -105.275
21.339 105.275
21.34 -105.282
21.34 105.282
21.341 -105.289
21.341 105.289
21.342 -105.296
21.342 105.296
21.343 -105.303
21.343 105.303
21.344 -105.311
21.344 105.311
21.345 -105.318
21.345 105.318
21.346 -105.325
21.346 105.325
21.347 -105.332
21.347 105.332
21.348 -105.339
21.348 105.339
21.349 -105.346
21.349 105.346
21.35 -105.353
21.35 105.353
21.351 -105.36
21.351 105.36
21.352 -105.367
21.352 105.367
21.353 -105.374
21.353 105.374
21.354 -105.382
21.354 105.382
21.355 -105.389
21.355 105.389
21.356 -105.396
21.356 105.396
21.357 -105.403
21.357 105.403
21.358 -105.41
21.358 105.41
21.359 -105.417
21.359 105.417
21.36 -105.424
21.36 105.424
21.361 -105.431
21.361 105.431
21.362 -105.438
21.362 105.438
21.363 -105.445
21.363 105.445
21.364 -105.452
21.364 105.452
21.365 -105.46
21.365 105.46
21.366 -105.467
21.366 105.467
21.367 -105.474
21.367 105.474
21.368 -105.481
21.368 105.481
21.369 -105.488
21.369 105.488
21.37 -105.495
21.37 105.495
21.371 -105.502
21.371 105.502
21.372 -105.509
21.372 105.509
21.373 -105.516
21.373 105.516
21.374 -105.524
21.374 105.524
21.375 -105.531
21.375 105.531
21.376 -105.538
21.376 105.538
21.377 -105.545
21.377 105.545
21.378 -105.552
21.378 105.552
21.379 -105.559
21.379 105.559
21.38 -105.566
21.38 105.566
21.381 -105.573
21.381 105.573
21.382 -105.58
21.382 105.58
21.383 -105.587
21.383 105.587
21.384 -105.595
21.384 105.595
21.385 -105.602
21.385 105.602
21.386 -105.609
21.386 105.609
21.387 -105.616
21.387 105.616
21.388 -105.623
21.388 105.623
21.389 -105.63
21.389 105.63
21.39 -105.637
21.39 105.637
21.391 -105.644
21.391 105.644
21.392 -105.651
21.392 105.651
21.393 -105.658
21.393 105.658
21.394 -105.666
21.394 105.666
21.395 -105.673
21.395 105.673
21.396 -105.68
21.396 105.68
21.397 -105.687
21.397 105.687
21.398 -105.694
21.398 105.694
21.399 -105.701
21.399 105.701
21.4 -105.708
21.4 105.708
21.401 -105.715
21.401 105.715
21.402 -105.722
21.402 105.722
21.403 -105.73
21.403 105.73
21.404 -105.737
21.404 105.737
21.405 -105.744
21.405 105.744
21.406 -105.751
21.406 105.751
21.407 -105.758
21.407 105.758
21.408 -105.765
21.408 105.765
21.409 -105.772
21.409 105.772
21.41 -105.779
21.41 105.779
21.411 -105.786
21.411 105.786
21.412 -105.793
21.412 105.793
21.413 -105.801
21.413 105.801
21.414 -105.808
21.414 105.808
21.415 -105.815
21.415 105.815
21.416 -105.822
21.416 105.822
21.417 -105.829
21.417 105.829
21.418 -105.836
21.418 105.836
21.419 -105.843
21.419 105.843
21.42 -105.85
21.42 105.85
21.421 -105.857
21.421 105.857
21.422 -105.865
21.422 105.865
21.423 -105.872
21.423 105.872
21.424 -105.879
21.424 105.879
21.425 -105.886
21.425 105.886
21.426 -105.893
21.426 105.893
21.427 -105.9
21.427 105.9
21.428 -105.907
21.428 105.907
21.429 -105.914
21.429 105.914
21.43 -105.921
21.43 105.921
21.431 -105.929
21.431 105.929
21.432 -105.936
21.432 105.936
21.433 -105.943
21.433 105.943
21.434 -105.95
21.434 105.95
21.435 -105.957
21.435 105.957
21.436 -105.964
21.436 105.964
21.437 -105.971
21.437 105.971
21.438 -105.978
21.438 105.978
21.439 -105.985
21.439 105.985
21.44 -105.993
21.44 105.993
21.441 -106
21.441 106
21.442 -106.007
21.442 106.007
21.443 -106.014
21.443 106.014
21.444 -106.021
21.444 106.021
21.445 -106.028
21.445 106.028
21.446 -106.035
21.446 106.035
21.447 -106.042
21.447 106.042
21.448 -106.049
21.448 106.049
21.449 -106.057
21.449 106.057
21.45 -106.064
21.45 106.064
21.451 -106.071
21.451 106.071
21.452 -106.078
21.452 106.078
21.453 -106.085
21.453 106.085
21.454 -106.092
21.454 106.092
21.455 -106.099
21.455 106.099
21.456 -106.106
21.456 106.106
21.457 -106.113
21.457 106.113
21.458 -106.121
21.458 106.121
21.459 -106.128
21.459 106.128
21.46 -106.135
21.46 106.135
21.461 -106.142
21.461 106.142
21.462 -106.149
21.462 106.149
21.463 -106.156
21.463 106.156
21.464 -106.163
21.464 106.163
21.465 -106.17
21.465 106.17
21.466 -106.178
21.466 106.178
21.467 -106.185
21.467 106.185
21.468 -106.192
21.468 106.192
21.469 -106.199
21.469 106.199
21.47 -106.206
21.47 106.206
21.471 -106.213
21.471 106.213
21.472 -106.22
21.472 106.22
21.473 -106.227
21.473 106.227
21.474 -106.234
21.474 106.234
21.475 -106.242
21.475 106.242
21.476 -106.249
21.476 106.249
21.477 -106.256
21.477 106.256
21.478 -106.263
21.478 106.263
21.479 -106.27
21.479 106.27
21.48 -106.277
21.48 106.277
21.481 -106.284
21.481 106.284
21.482 -106.291
21.482 106.291
21.483 -106.299
21.483 106.299
21.484 -106.306
21.484 106.306
21.485 -106.313
21.485 106.313
21.486 -106.32
21.486 106.32
21.487 -106.327
21.487 106.327
21.488 -106.334
21.488 106.334
21.489 -106.341
21.489 106.341
21.49 -106.348
21.49 106.348
21.491 -106.355
21.491 106.355
21.492 -106.363
21.492 106.363
21.493 -106.37
21.493 106.37
21.494 -106.377
21.494 106.377
21.495 -106.384
21.495 106.384
21.496 -106.391
21.496 106.391
21.497 -106.398
21.497 106.398
21.498 -106.405
21.498 106.405
21.499 -106.412
21.499 106.412
21.5 -106.42
21.5 106.42
21.501 -106.427
21.501 106.427
21.502 -106.434
21.502 106.434
21.503 -106.441
21.503 106.441
21.504 -106.448
21.504 106.448
21.505 -106.455
21.505 106.455
21.506 -106.462
21.506 106.462
21.507 -106.469
21.507 106.469
21.508 -106.477
21.508 106.477
21.509 -106.484
21.509 106.484
21.51 -106.491
21.51 106.491
21.511 -106.498
21.511 106.498
21.512 -106.505
21.512 106.505
21.513 -106.512
21.513 106.512
21.514 -106.519
21.514 106.519
21.515 -106.526
21.515 106.526
21.516 -106.534
21.516 106.534
21.517 -106.541
21.517 106.541
21.518 -106.548
21.518 106.548
21.519 -106.555
21.519 106.555
21.52 -106.562
21.52 106.562
21.521 -106.569
21.521 106.569
21.522 -106.576
21.522 106.576
21.523 -106.583
21.523 106.583
21.524 -106.591
21.524 106.591
21.525 -106.598
21.525 106.598
21.526 -106.605
21.526 106.605
21.527 -106.612
21.527 106.612
21.528 -106.619
21.528 106.619
21.529 -106.626
21.529 106.626
21.53 -106.633
21.53 106.633
21.531 -106.64
21.531 106.64
21.532 -106.648
21.532 106.648
21.533 -106.655
21.533 106.655
21.534 -106.662
21.534 106.662
21.535 -106.669
21.535 106.669
21.536 -106.676
21.536 106.676
21.537 -106.683
21.537 106.683
21.538 -106.69
21.538 106.69
21.539 -106.697
21.539 106.697
21.54 -106.705
21.54 106.705
21.541 -106.712
21.541 106.712
21.542 -106.719
21.542 106.719
21.543 -106.726
21.543 106.726
21.544 -106.733
21.544 106.733
21.545 -106.74
21.545 106.74
21.546 -106.747
21.546 106.747
21.547 -106.754
21.547 106.754
21.548 -106.762
21.548 106.762
21.549 -106.769
21.549 106.769
21.55 -106.776
21.55 106.776
21.551 -106.783
21.551 106.783
21.552 -106.79
21.552 106.79
21.553 -106.797
21.553 106.797
21.554 -106.804
21.554 106.804
21.555 -106.811
21.555 106.811
21.556 -106.819
21.556 106.819
21.557 -106.826
21.557 106.826
21.558 -106.833
21.558 106.833
21.559 -106.84
21.559 106.84
21.56 -106.847
21.56 106.847
21.561 -106.854
21.561 106.854
21.562 -106.861
21.562 106.861
21.563 -106.869
21.563 106.869
21.564 -106.876
21.564 106.876
21.565 -106.883
21.565 106.883
21.566 -106.89
21.566 106.89
21.567 -106.897
21.567 106.897
21.568 -106.904
21.568 106.904
21.569 -106.911
21.569 106.911
21.57 -106.918
21.57 106.918
21.571 -106.926
21.571 106.926
21.572 -106.933
21.572 106.933
21.573 -106.94
21.573 106.94
21.574 -106.947
21.574 106.947
21.575 -106.954
21.575 106.954
21.576 -106.961
21.576 106.961
21.577 -106.968
21.577 106.968
21.578 -106.976
21.578 106.976
21.579 -106.983
21.579 106.983
21.58 -106.99
21.58 106.99
21.581 -106.997
21.581 106.997
21.582 -107.004
21.582 107.004
21.583 -107.011
21.583 107.011
21.584 -107.018
21.584 107.018
21.585 -107.025
21.585 107.025
21.586 -107.033
21.586 107.033
21.587 -107.04
21.587 107.04
21.588 -107.047
21.588 107.047
21.589 -107.054
21.589 107.054
21.59 -107.061
21.59 107.061
21.591 -107.068
21.591 107.068
21.592 -107.075
21.592 107.075
21.593 -107.083
21.593 107.083
21.594 -107.09
21.594 107.09
21.595 -107.097
21.595 107.097
21.596 -107.104
21.596 107.104
21.597 -107.111
21.597 107.111
21.598 -107.118
21.598 107.118
21.599 -107.125
21.599 107.125
21.6 -107.133
21.6 107.133
21.601 -107.14
21.601 107.14
21.602 -107.147
21.602 107.147
21.603 -107.154
21.603 107.154
21.604 -107.161
21.604 107.161
21.605 -107.168
21.605 107.168
21.606 -107.175
21.606 107.175
21.607 -107.182
21.607 107.182
21.608 -107.19
21.608 107.19
21.609 -107.197
21.609 107.197
21.61 -107.204
21.61 107.204
21.611 -107.211
21.611 107.211
21.612 -107.218
21.612 107.218
21.613 -107.225
21.613 107.225
21.614 -107.232
21.614 107.232
21.615 -107.24
21.615 107.24
21.616 -107.247
21.616 107.247
21.617 -107.254
21.617 107.254
21.618 -107.261
21.618 107.261
21.619 -107.268
21.619 107.268
21.62 -107.275
21.62 107.275
21.621 -107.282
21.621 107.282
21.622 -107.29
21.622 107.29
21.623 -107.297
21.623 107.297
21.624 -107.304
21.624 107.304
21.625 -107.311
21.625 107.311
21.626 -107.318
21.626 107.318
21.627 -107.325
21.627 107.325
21.628 -107.332
21.628 107.332
21.629 -107.34
21.629 107.34
21.63 -107.347
21.63 107.347
21.631 -107.354
21.631 107.354
21.632 -107.361
21.632 107.361
21.633 -107.368
21.633 107.368
21.634 -107.375
21.634 107.375
21.635 -107.382
21.635 107.382
21.636 -107.39
21.636 107.39
21.637 -107.397
21.637 107.397
21.638 -107.404
21.638 107.404
21.639 -107.411
21.639 107.411
21.64 -107.418
21.64 107.418
21.641 -107.425
21.641 107.425
21.642 -107.432
21.642 107.432
21.643 -107.44
21.643 107.44
21.644 -107.447
21.644 107.447
21.645 -107.454
21.645 107.454
21.646 -107.461
21.646 107.461
21.647 -107.468
21.647 107.468
21.648 -107.475
21.648 107.475
21.649 -107.482
21.649 107.482
21.65 -107.49
21.65 107.49
21.651 -107.497
21.651 107.497
21.652 -107.504
21.652 107.504
21.653 -107.511
21.653 107.511
21.654 -107.518
21.654 107.518
21.655 -107.525
21.655 107.525
21.656 -107.532
21.656 107.532
21.657 -107.54
21.657 107.54
21.658 -107.547
21.658 107.547
21.659 -107.554
21.659 107.554
21.66 -107.561
21.66 107.561
21.661 -107.568
21.661 107.568
21.662 -107.575
21.662 107.575
21.663 -107.582
21.663 107.582
21.664 -107.59
21.664 107.59
21.665 -107.597
21.665 107.597
21.666 -107.604
21.666 107.604
21.667 -107.611
21.667 107.611
21.668 -107.618
21.668 107.618
21.669 -107.625
21.669 107.625
21.67 -107.633
21.67 107.633
21.671 -107.64
21.671 107.64
21.672 -107.647
21.672 107.647
21.673 -107.654
21.673 107.654
21.674 -107.661
21.674 107.661
21.675 -107.668
21.675 107.668
21.676 -107.675
21.676 107.675
21.677 -107.683
21.677 107.683
21.678 -107.69
21.678 107.69
21.679 -107.697
21.679 107.697
21.68 -107.704
21.68 107.704
21.681 -107.711
21.681 107.711
21.682 -107.718
21.682 107.718
21.683 -107.725
21.683 107.725
21.684 -107.733
21.684 107.733
21.685 -107.74
21.685 107.74
21.686 -107.747
21.686 107.747
21.687 -107.754
21.687 107.754
21.688 -107.761
21.688 107.761
21.689 -107.768
21.689 107.768
21.69 -107.776
21.69 107.776
21.691 -107.783
21.691 107.783
21.692 -107.79
21.692 107.79
21.693 -107.797
21.693 107.797
21.694 -107.804
21.694 107.804
21.695 -107.811
21.695 107.811
21.696 -107.818
21.696 107.818
21.697 -107.826
21.697 107.826
21.698 -107.833
21.698 107.833
21.699 -107.84
21.699 107.84
21.7 -107.847
21.7 107.847
21.701 -107.854
21.701 107.854
21.702 -107.861
21.702 107.861
21.703 -107.868
21.703 107.868
21.704 -107.876
21.704 107.876
21.705 -107.883
21.705 107.883
21.706 -107.89
21.706 107.89
21.707 -107.897
21.707 107.897
21.708 -107.904
21.708 107.904
21.709 -107.911
21.709 107.911
21.71 -107.919
21.71 107.919
21.711 -107.926
21.711 107.926
21.712 -107.933
21.712 107.933
21.713 -107.94
21.713 107.94
21.714 -107.947
21.714 107.947
21.715 -107.954
21.715 107.954
21.716 -107.962
21.716 107.962
21.717 -107.969
21.717 107.969
21.718 -107.976
21.718 107.976
21.719 -107.983
21.719 107.983
21.72 -107.99
21.72 107.99
21.721 -107.997
21.721 107.997
21.722 -108.004
21.722 108.004
21.723 -108.012
21.723 108.012
21.724 -108.019
21.724 108.019
21.725 -108.026
21.725 108.026
21.726 -108.033
21.726 108.033
21.727 -108.04
21.727 108.04
21.728 -108.047
21.728 108.047
21.729 -108.055
21.729 108.055
21.73 -108.062
21.73 108.062
21.731 -108.069
21.731 108.069
21.732 -108.076
21.732 108.076
21.733 -108.083
21.733 108.083
21.734 -108.09
21.734 108.09
21.735 -108.097
21.735 108.097
21.736 -108.105
21.736 108.105
21.737 -108.112
21.737 108.112
21.738 -108.119
21.738 108.119
21.739 -108.126
21.739 108.126
21.74 -108.133
21.74 108.133
21.741 -108.14
21.741 108.14
21.742 -108.148
21.742 108.148
21.743 -108.155
21.743 108.155
21.744 -108.162
21.744 108.162
21.745 -108.169
21.745 108.169
21.746 -108.176
21.746 108.176
21.747 -108.183
21.747 108.183
21.748 -108.191
21.748 108.191
21.749 -108.198
21.749 108.198
21.75 -108.205
21.75 108.205
21.751 -108.212
21.751 108.212
21.752 -108.219
21.752 108.219
21.753 -108.226
21.753 108.226
21.754 -108.234
21.754 108.234
21.755 -108.241
21.755 108.241
21.756 -108.248
21.756 108.248
21.757 -108.255
21.757 108.255
21.758 -108.262
21.758 108.262
21.759 -108.269
21.759 108.269
21.76 -108.277
21.76 108.277
21.761 -108.284
21.761 108.284
21.762 -108.291
21.762 108.291
21.763 -108.298
21.763 108.298
21.764 -108.305
21.764 108.305
21.765 -108.312
21.765 108.312
21.766 -108.319
21.766 108.319
21.767 -108.327
21.767 108.327
21.768 -108.334
21.768 108.334
21.769 -108.341
21.769 108.341
21.77 -108.348
21.77 108.348
21.771 -108.355
21.771 108.355
21.772 -108.362
21.772 108.362
21.773 -108.37
21.773 108.37
21.774 -108.377
21.774 108.377
21.775 -108.384
21.775 108.384
21.776 -108.391
21.776 108.391
21.777 -108.398
21.777 108.398
21.778 -108.405
21.778 108.405
21.779 -108.413
21.779 108.413
21.78 -108.42
21.78 108.42
21.781 -108.427
21.781 108.427
21.782 -108.434
21.782 108.434
21.783 -108.441
21.783 108.441
21.784 -108.448
21.784 108.448
21.785 -108.456
21.785 108.456
21.786 -108.463
21.786 108.463
21.787 -108.47
21.787 108.47
21.788 -108.477
21.788 108.477
21.789 -108.484
21.789 108.484
21.79 -108.491
21.79 108.491
21.791 -108.499
21.791 108.499
21.792 -108.506
21.792 108.506
21.793 -108.513
21.793 108.513
21.794 -108.52
21.794 108.52
21.795 -108.527
21.795 108.527
21.796 -108.534
21.796 108.534
21.797 -108.542
21.797 108.542
21.798 -108.549
21.798 108.549
21.799 -108.556
21.799 108.556
21.8 -108.563
21.8 108.563
21.801 -108.57
21.801 108.57
21.802 -108.577
21.802 108.577
21.803 -108.585
21.803 108.585
21.804 -108.592
21.804 108.592
21.805 -108.599
21.805 108.599
21.806 -108.606
21.806 108.606
21.807 -108.613
21.807 108.613
21.808 -108.62
21.808 108.62
21.809 -108.628
21.809 108.628
21.81 -108.635
21.81 108.635
21.811 -108.642
21.811 108.642
21.812 -108.649
21.812 108.649
21.813 -108.656
21.813 108.656
21.814 -108.664
21.814 108.664
21.815 -108.671
21.815 108.671
21.816 -108.678
21.816 108.678
21.817 -108.685
21.817 108.685
21.818 -108.692
21.818 108.692
21.819 -108.699
21.819 108.699
21.82 -108.707
21.82 108.707
21.821 -108.714
21.821 108.714
21.822 -108.721
21.822 108.721
21.823 -108.728
21.823 108.728
21.824 -108.735
21.824 108.735
21.825 -108.742
21.825 108.742
21.826 -108.75
21.826 108.75
21.827 -108.757
21.827 108.757
21.828 -108.764
21.828 108.764
21.829 -108.771
21.829 108.771
21.83 -108.778
21.83 108.778
21.831 -108.785
21.831 108.785
21.832 -108.793
21.832 108.793
21.833 -108.8
21.833 108.8
21.834 -108.807
21.834 108.807
21.835 -108.814
21.835 108.814
21.836 -108.821
21.836 108.821
21.837 -108.828
21.837 108.828
21.838 -108.836
21.838 108.836
21.839 -108.843
21.839 108.843
21.84 -108.85
21.84 108.85
21.841 -108.857
21.841 108.857
21.842 -108.864
21.842 108.864
21.843 -108.872
21.843 108.872
21.844 -108.879
21.844 108.879
21.845 -108.886
21.845 108.886
21.846 -108.893
21.846 108.893
21.847 -108.9
21.847 108.9
21.848 -108.907
21.848 108.907
21.849 -108.915
21.849 108.915
21.85 -108.922
21.85 108.922
21.851 -108.929
21.851 108.929
21.852 -108.936
21.852 108.936
21.853 -108.943
21.853 108.943
21.854 -108.95
21.854 108.95
21.855 -108.958
21.855 108.958
21.856 -108.965
21.856 108.965
21.857 -108.972
21.857 108.972
21.858 -108.979
21.858 108.979
21.859 -108.986
21.859 108.986
21.86 -108.994
21.86 108.994
21.861 -109.001
21.861 109.001
21.862 -109.008
21.862 109.008
21.863 -109.015
21.863 109.015
21.864 -109.022
21.864 109.022
21.865 -109.029
21.865 109.029
21.866 -109.037
21.866 109.037
21.867 -109.044
21.867 109.044
21.868 -109.051
21.868 109.051
21.869 -109.058
21.869 109.058
21.87 -109.065
21.87 109.065
21.871 -109.072
21.871 109.072
21.872 -109.08
21.872 109.08
21.873 -109.087
21.873 109.087
21.874 -109.094
21.874 109.094
21.875 -109.101
21.875 109.101
21.876 -109.108
21.876 109.108
21.877 -109.116
21.877 109.116
21.878 -109.123
21.878 109.123
21.879 -109.13
21.879 109.13
21.88 -109.137
21.88 109.137
21.881 -109.144
21.881 109.144
21.882 -109.151
21.882 109.151
21.883 -109.159
21.883 109.159
21.884 -109.166
21.884 109.166
21.885 -109.173
21.885 109.173
21.886 -109.18
21.886 109.18
21.887 -109.187
21.887 109.187
21.888 -109.195
21.888 109.195
21.889 -109.202
21.889 109.202
21.89 -109.209
21.89 109.209
21.891 -109.216
21.891 109.216
21.892 -109.223
21.892 109.223
21.893 -109.23
21.893 109.23
21.894 -109.238
21.894 109.238
21.895 -109.245
21.895 109.245
21.896 -109.252
21.896 109.252
21.897 -109.259
21.897 109.259
21.898 -109.266
21.898 109.266
21.899 -109.274
21.899 109.274
21.9 -109.281
21.9 109.281
21.901 -109.288
21.901 109.288
21.902 -109.295
21.902 109.295
21.903 -109.302
21.903 109.302
21.904 -109.31
21.904 109.31
21.905 -109.317
21.905 109.317
21.906 -109.324
21.906 109.324
21.907 -109.331
21.907 109.331
21.908 -109.338
21.908 109.338
21.909 -109.345
21.909 109.345
21.91 -109.353
21.91 109.353
21.911 -109.36
21.911 109.36
21.912 -109.367
21.912 109.367
21.913 -109.374
21.913 109.374
21.914 -109.381
21.914 109.381
21.915 -109.389
21.915 109.389
21.916 -109.396
21.916 109.396
21.917 -109.403
21.917 109.403
21.918 -109.41
21.918 109.41
21.919 -109.417
21.919 109.417
21.92 -109.424
21.92 109.424
21.921 -109.432
21.921 109.432
21.922 -109.439
21.922 109.439
21.923 -109.446
21.923 109.446
21.924 -109.453
21.924 109.453
21.925 -109.46
21.925 109.46
21.926 -109.468
21.926 109.468
21.927 -109.475
21.927 109.475
21.928 -109.482
21.928 109.482
21.929 -109.489
21.929 109.489
21.93 -109.496
21.93 109.496
21.931 -109.504
21.931 109.504
21.932 -109.511
21.932 109.511
21.933 -109.518
21.933 109.518
21.934 -109.525
21.934 109.525
21.935 -109.532
21.935 109.532
21.936 -109.54
21.936 109.54
21.937 -109.547
21.937 109.547
21.938 -109.554
21.938 109.554
21.939 -109.561
21.939 109.561
21.94 -109.568
21.94 109.568
21.941 -109.575
21.941 109.575
21.942 -109.583
21.942 109.583
21.943 -109.59
21.943 109.59
21.944 -109.597
21.944 109.597
21.945 -109.604
21.945 109.604
21.946 -109.611
21.946 109.611
21.947 -109.619
21.947 109.619
21.948 -109.626
21.948 109.626
21.949 -109.633
21.949 109.633
21.95 -109.64
21.95 109.64
21.951 -109.647
21.951 109.647
21.952 -109.655
21.952 109.655
21.953 -109.662
21.953 109.662
21.954 -109.669
21.954 109.669
21.955 -109.676
21.955 109.676
21.956 -109.683
21.956 109.683
21.957 -109.691
21.957 109.691
21.958 -109.698
21.958 109.698
21.959 -109.705
21.959 109.705
21.96 -109.712
21.96 109.712
21.961 -109.719
21.961 109.719
21.962 -109.727
21.962 109.727
21.963 -109.734
21.963 109.734
21.964 -109.741
21.964 109.741
21.965 -109.748
21.965 109.748
21.966 -109.755
21.966 109.755
21.967 -109.762
21.967 109.762
21.968 -109.77
21.968 109.77
21.969 -109.777
21.969 109.777
21.97 -109.784
21.97 109.784
21.971 -109.791
21.971 109.791
21.972 -109.798
21.972 109.798
21.973 -109.806
21.973 109.806
21.974 -109.813
21.974 109.813
21.975 -109.82
21.975 109.82
21.976 -109.827
21.976 109.827
21.977 -109.834
21.977 109.834
21.978 -109.842
21.978 109.842
21.979 -109.849
21.979 109.849
21.98 -109.856
21.98 109.856
21.981 -109.863
21.981 109.863
21.982 -109.87
21.982 109.87
21.983 -109.878
21.983 109.878
21.984 -109.885
21.984 109.885
21.985 -109.892
21.985 109.892
21.986 -109.899
21.986 109.899
21.987 -109.906
21.987 109.906
21.988 -109.914
21.988 109.914
21.989 -109.921
21.989 109.921
21.99 -109.928
21.99 109.928
21.991 -109.935
21.991 109.935
21.992 -109.942
21.992 109.942
21.993 -109.95
21.993 109.95
21.994 -109.957
21.994 109.957
21.995 -109.964
21.995 109.964
21.996 -109.971
21.996 109.971
21.997 -109.978
21.997 109.978
21.998 -109.986
21.998 109.986
21.999 -109.993
21.999 109.993
22 -110
22 110
22.001 -110.007
22.001 110.007
22.002 -110.014
22.002 110.014
22.003 -110.022
22.003 110.022
22.004 -110.029
22.004 110.029
22.005 -110.036
22.005 110.036
22.006 -110.043
22.006 110.043
22.007 -110.05
22.007 110.05
22.008 -110.058
22.008 110.058
22.009 -110.065
22.009 110.065
22.01 -110.072
22.01 110.072
22.011 -110.079
22.011 110.079
22.012 -110.086
22.012 110.086
22.013 -110.094
22.013 110.094
22.014 -110.101
22.014 110.101
22.015 -110.108
22.015 110.108
22.016 -110.115
22.016 110.115
22.017 -110.122
22.017 110.122
22.018 -110.13
22.018 110.13
22.019 -110.137
22.019 110.137
22.02 -110.144
22.02 110.144
22.021 -110.151
22.021 110.151
22.022 -110.158
22.022 110.158
22.023 -110.166
22.023 110.166
22.024 -110.173
22.024 110.173
22.025 -110.18
22.025 110.18
22.026 -110.187
22.026 110.187
22.027 -110.194
22.027 110.194
22.028 -110.202
22.028 110.202
22.029 -110.209
22.029 110.209
22.03 -110.216
22.03 110.216
22.031 -110.223
22.031 110.223
22.032 -110.23
22.032 110.23
22.033 -110.238
22.033 110.238
22.034 -110.245
22.034 110.245
22.035 -110.252
22.035 110.252
22.036 -110.259
22.036 110.259
22.037 -110.267
22.037 110.267
22.038 -110.274
22.038 110.274
22.039 -110.281
22.039 110.281
22.04 -110.288
22.04 110.288
22.041 -110.295
22.041 110.295
22.042 -110.303
22.042 110.303
22.043 -110.31
22.043 110.31
22.044 -110.317
22.044 110.317
22.045 -110.324
22.045 110.324
22.046 -110.331
22.046 110.331
22.047 -110.339
22.047 110.339
22.048 -110.346
22.048 110.346
22.049 -110.353
22.049 110.353
22.05 -110.36
22.05 110.36
22.051 -110.367
22.051 110.367
22.052 -110.375
22.052 110.375
22.053 -110.382
22.053 110.382
22.054 -110.389
22.054 110.389
22.055 -110.396
22.055 110.396
22.056 -110.403
22.056 110.403
22.057 -110.411
22.057 110.411
22.058 -110.418
22.058 110.418
22.059 -110.425
22.059 110.425
22.06 -110.432
22.06 110.432
22.061 -110.439
22.061 110.439
22.062 -110.447
22.062 110.447
22.063 -110.454
22.063 110.454
22.064 -110.461
22.064 110.461
22.065 -110.468
22.065 110.468
22.066 -110.476
22.066 110.476
22.067 -110.483
22.067 110.483
22.068 -110.49
22.068 110.49
22.069 -110.497
22.069 110.497
22.07 -110.504
22.07 110.504
22.071 -110.512
22.071 110.512
22.072 -110.519
22.072 110.519
22.073 -110.526
22.073 110.526
22.074 -110.533
22.074 110.533
22.075 -110.54
22.075 110.54
22.076 -110.548
22.076 110.548
22.077 -110.555
22.077 110.555
22.078 -110.562
22.078 110.562
22.079 -110.569
22.079 110.569
22.08 -110.576
22.08 110.576
22.081 -110.584
22.081 110.584
22.082 -110.591
22.082 110.591
22.083 -110.598
22.083 110.598
22.084 -110.605
22.084 110.605
22.085 -110.613
22.085 110.613
22.086 -110.62
22.086 110.62
22.087 -110.627
22.087 110.627
22.088 -110.634
22.088 110.634
22.089 -110.641
22.089 110.641
22.09 -110.649
22.09 110.649
22.091 -110.656
22.091 110.656
22.092 -110.663
22.092 110.663
22.093 -110.67
22.093 110.67
22.094 -110.677
22.094 110.677
22.095 -110.685
22.095 110.685
22.096 -110.692
22.096 110.692
22.097 -110.699
22.097 110.699
22.098 -110.706
22.098 110.706
22.099 -110.714
22.099 110.714
22.1 -110.721
22.1 110.721
22.101 -110.728
22.101 110.728
22.102 -110.735
22.102 110.735
22.103 -110.742
22.103 110.742
22.104 -110.75
22.104 110.75
22.105 -110.757
22.105 110.757
22.106 -110.764
22.106 110.764
22.107 -110.771
22.107 110.771
22.108 -110.779
22.108 110.779
22.109 -110.786
22.109 110.786
22.11 -110.793
22.11 110.793
22.111 -110.8
22.111 110.8
22.112 -110.807
22.112 110.807
22.113 -110.815
22.113 110.815
22.114 -110.822
22.114 110.822
22.115 -110.829
22.115 110.829
22.116 -110.836
22.116 110.836
22.117 -110.843
22.117 110.843
22.118 -110.851
22.118 110.851
22.119 -110.858
22.119 110.858
22.12 -110.865
22.12 110.865
22.121 -110.872
22.121 110.872
22.122 -110.88
22.122 110.88
22.123 -110.887
22.123 110.887
22.124 -110.894
22.124 110.894
22.125 -110.901
22.125 110.901
22.126 -110.908
22.126 110.908
22.127 -110.916
22.127 110.916
22.128 -110.923
22.128 110.923
22.129 -110.93
22.129 110.93
22.13 -110.937
22.13 110.937
22.131 -110.945
22.131 110.945
22.132 -110.952
22.132 110.952
22.133 -110.959
22.133 110.959
22.134 -110.966
22.134 110.966
22.135 -110.973
22.135 110.973
22.136 -110.981
22.136 110.981
22.137 -110.988
22.137 110.988
22.138 -110.995
22.138 110.995
22.139 -111.002
22.139 111.002
22.14 -111.01
22.14 111.01
22.141 -111.017
22.141 111.017
22.142 -111.024
22.142 111.024
22.143 -111.031
22.143 111.031
22.144 -111.038
22.144 111.038
22.145 -111.046
22.145 111.046
22.146 -111.053
22.146 111.053
22.147 -111.06
22.147 111.06
22.148 -111.067
22.148 111.067
22.149 -111.075
22.149 111.075
22.15 -111.082
22.15 111.082
22.151 -111.089
22.151 111.089
22.152 -111.096
22.152 111.096
22.153 -111.103
22.153 111.103
22.154 -111.111
22.154 111.111
22.155 -111.118
22.155 111.118
22.156 -111.125
22.156 111.125
22.157 -111.132
22.157 111.132
22.158 -111.14
22.158 111.14
22.159 -111.147
22.159 111.147
22.16 -111.154
22.16 111.154
22.161 -111.161
22.161 111.161
22.162 -111.168
22.162 111.168
22.163 -111.176
22.163 111.176
22.164 -111.183
22.164 111.183
22.165 -111.19
22.165 111.19
22.166 -111.197
22.166 111.197
22.167 -111.205
22.167 111.205
22.168 -111.212
22.168 111.212
22.169 -111.219
22.169 111.219
22.17 -111.226
22.17 111.226
22.171 -111.233
22.171 111.233
22.172 -111.241
22.172 111.241
22.173 -111.248
22.173 111.248
22.174 -111.255
22.174 111.255
22.175 -111.262
22.175 111.262
22.176 -111.27
22.176 111.27
22.177 -111.277
22.177 111.277
22.178 -111.284
22.178 111.284
22.179 -111.291
22.179 111.291
22.18 -111.299
22.18 111.299
22.181 -111.306
22.181 111.306
22.182 -111.313
22.182 111.313
22.183 -111.32
22.183 111.32
22.184 -111.327
22.184 111.327
22.185 -111.335
22.185 111.335
22.186 -111.342
22.186 111.342
22.187 -111.349
22.187 111.349
22.188 -111.356
22.188 111.356
22.189 -111.364
22.189 111.364
22.19 -111.371
22.19 111.371
22.191 -111.378
22.191 111.378
22.192 -111.385
22.192 111.385
22.193 -111.393
22.193 111.393
22.194 -111.4
22.194 111.4
22.195 -111.407
22.195 111.407
22.196 -111.414
22.196 111.414
22.197 -111.421
22.197 111.421
22.198 -111.429
22.198 111.429
22.199 -111.436
22.199 111.436
22.2 -111.443
22.2 111.443
22.201 -111.45
22.201 111.45
22.202 -111.458
22.202 111.458
22.203 -111.465
22.203 111.465
22.204 -111.472
22.204 111.472
22.205 -111.479
22.205 111.479
22.206 -111.487
22.206 111.487
22.207 -111.494
22.207 111.494
22.208 -111.501
22.208 111.501
22.209 -111.508
22.209 111.508
22.21 -111.515
22.21 111.515
22.211 -111.523
22.211 111.523
22.212 -111.53
22.212 111.53
22.213 -111.537
22.213 111.537
22.214 -111.544
22.214 111.544
22.215 -111.552
22.215 111.552
22.216 -111.559
22.216 111.559
22.217 -111.566
22.217 111.566
22.218 -111.573
22.218 111.573
22.219 -111.581
22.219 111.581
22.22 -111.588
22.22 111.588
22.221 -111.595
22.221 111.595
22.222 -111.602
22.222 111.602
22.223 -111.609
22.223 111.609
22.224 -111.617
22.224 111.617
22.225 -111.624
22.225 111.624
22.226 -111.631
22.226 111.631
22.227 -111.638
22.227 111.638
22.228 -111.646
22.228 111.646
22.229 -111.653
22.229 111.653
22.23 -111.66
22.23 111.66
22.231 -111.667
22.231 111.667
22.232 -111.675
22.232 111.675
22.233 -111.682
22.233 111.682
22.234 -111.689
22.234 111.689
22.235 -111.696
22.235 111.696
22.236 -111.704
22.236 111.704
22.237 -111.711
22.237 111.711
22.238 -111.718
22.238 111.718
22.239 -111.725
22.239 111.725
22.24 -111.732
22.24 111.732
22.241 -111.74
22.241 111.74
22.242 -111.747
22.242 111.747
22.243 -111.754
22.243 111.754
22.244 -111.761
22.244 111.761
22.245 -111.769
22.245 111.769
22.246 -111.776
22.246 111.776
22.247 -111.783
22.247 111.783
22.248 -111.79
22.248 111.79
22.249 -111.798
22.249 111.798
22.25 -111.805
22.25 111.805
22.251 -111.812
22.251 111.812
22.252 -111.819
22.252 111.819
22.253 -111.827
22.253 111.827
22.254 -111.834
22.254 111.834
22.255 -111.841
22.255 111.841
22.256 -111.848
22.256 111.848
22.257 -111.856
22.257 111.856
22.258 -111.863
22.258 111.863
22.259 -111.87
22.259 111.87
22.26 -111.877
22.26 111.877
22.261 -111.885
22.261 111.885
22.262 -111.892
22.262 111.892
22.263 -111.899
22.263 111.899
22.264 -111.906
22.264 111.906
22.265 -111.913
22.265 111.913
22.266 -111.921
22.266 111.921
22.267 -111.928
22.267 111.928
22.268 -111.935
22.268 111.935
22.269 -111.942
22.269 111.942
22.27 -111.95
22.27 111.95
22.271 -111.957
22.271 111.957
22.272 -111.964
22.272 111.964
22.273 -111.971
22.273 111.971
22.274 -111.979
22.274 111.979
22.275 -111.986
22.275 111.986
22.276 -111.993
22.276 111.993
22.277 -112
22.277 112
22.278 -112.008
22.278 112.008
22.279 -112.015
22.279 112.015
22.28 -112.022
22.28 112.022
22.281 -112.029
22.281 112.029
22.282 -112.037
22.282 112.037
22.283 -112.044
22.283 112.044
22.284 -112.051
22.284 112.051
22.285 -112.058
22.285 112.058
22.286 -112.066
22.286 112.066
22.287 -112.073
22.287 112.073
22.288 -112.08
22.288 112.08
22.289 -112.087
22.289 112.087
22.29 -112.095
22.29 112.095
22.291 -112.102
22.291 112.102
22.292 -112.109
22.292 112.109
22.293 -112.116
22.293 112.116
22.294 -112.124
22.294 112.124
22.295 -112.131
22.295 112.131
22.296 -112.138
22.296 112.138
22.297 -112.145
22.297 112.145
22.298 -112.153
22.298 112.153
22.299 -112.16
22.299 112.16
22.3 -112.167
22.3 112.167
22.301 -112.174
22.301 112.174
22.302 -112.181
22.302 112.181
22.303 -112.189
22.303 112.189
22.304 -112.196
22.304 112.196
22.305 -112.203
22.305 112.203
22.306 -112.21
22.306 112.21
22.307 -112.218
22.307 112.218
22.308 -112.225
22.308 112.225
22.309 -112.232
22.309 112.232
22.31 -112.239
22.31 112.239
22.311 -112.247
22.311 112.247
22.312 -112.254
22.312 112.254
22.313 -112.261
22.313 112.261
22.314 -112.268
22.314 112.268
22.315 -112.276
22.315 112.276
22.316 -112.283
22.316 112.283
22.317 -112.29
22.317 112.29
22.318 -112.297
22.318 112.297
22.319 -112.305
22.319 112.305
22.32 -112.312
22.32 112.312
22.321 -112.319
22.321 112.319
22.322 -112.326
22.322 112.326
22.323 -112.334
22.323 112.334
22.324 -112.341
22.324 112.341
22.325 -112.348
22.325 112.348
22.326 -112.355
22.326 112.355
22.327 -112.363
22.327 112.363
22.328 -112.37
22.328 112.37
22.329 -112.377
22.329 112.377
22.33 -112.384
22.33 112.384
22.331 -112.392
22.331 112.392
22.332 -112.399
22.332 112.399
22.333 -112.406
22.333 112.406
22.334 -112.413
22.334 112.413
22.335 -112.421
22.335 112.421
22.336 -112.428
22.336 112.428
22.337 -112.435
22.337 112.435
22.338 -112.442
22.338 112.442
22.339 -112.45
22.339 112.45
22.34 -112.457
22.34 112.457
22.341 -112.464
22.341 112.464
22.342 -112.472
22.342 112.472
22.343 -112.479
22.343 112.479
22.344 -112.486
22.344 112.486
22.345 -112.493
22.345 112.493
22.346 -112.501
22.346 112.501
22.347 -112.508
22.347 112.508
22.348 -112.515
22.348 112.515
22.349 -112.522
22.349 112.522
22.35 -112.53
22.35 112.53
22.351 -112.537
22.351 112.537
22.352 -112.544
22.352 112.544
22.353 -112.551
22.353 112.551
22.354 -112.559
22.354 112.559
22.355 -112.566
22.355 112.566
22.356 -112.573
22.356 112.573
22.357 -112.58
22.357 112.58
22.358 -112.588
22.358 112.588
22.359 -112.595
22.359 112.595
22.36 -112.602
22.36 112.602
22.361 -112.609
22.361 112.609
22.362 -112.617
22.362 112.617
22.363 -112.624
22.363 112.624
22.364 -112.631
22.364 112.631
22.365 -112.638
22.365 112.638
22.366 -112.646
22.366 112.646
22.367 -112.653
22.367 112.653
22.368 -112.66
22.368 112.66
22.369 -112.667
22.369 112.667
22.37 -112.675
22.37 112.675
22.371 -112.682
22.371 112.682
22.372 -112.689
22.372 112.689
22.373 -112.696
22.373 112.696
22.374 -112.704
22.374 112.704
22.375 -112.711
22.375 112.711
22.376 -112.718
22.376 112.718
22.377 -112.725
22.377 112.725
22.378 -112.733
22.378 112.733
22.379 -112.74
22.379 112.74
22.38 -112.747
22.38 112.747
22.381 -112.754
22.381 112.754
22.382 -112.762
22.382 112.762
22.383 -112.769
22.383 112.769
22.384 -112.776
22.384 112.776
22.385 -112.784
22.385 112.784
22.386 -112.791
22.386 112.791
22.387 -112.798
22.387 112.798
22.388 -112.805
22.388 112.805
22.389 -112.813
22.389 112.813
22.39 -112.82
22.39 112.82
22.391 -112.827
22.391 112.827
22.392 -112.834
22.392 112.834
22.393 -112.842
22.393 112.842
22.394 -112.849
22.394 112.849
22.395 -112.856
22.395 112.856
22.396 -112.863
22.396 112.863
22.397 -112.871
22.397 112.871
22.398 -112.878
22.398 112.878
22.399 -112.885
22.399 112.885
22.4 -112.892
22.4 112.892
22.401 -112.9
22.401 112.9
22.402 -112.907
22.402 112.907
22.403 -112.914
22.403 112.914
22.404 -112.921
22.404 112.921
22.405 -112.929
22.405 112.929
22.406 -112.936
22.406 112.936
22.407 -112.943
22.407 112.943
22.408 -112.951
22.408 112.951
22.409 -112.958
22.409 112.958
22.41 -112.965
22.41 112.965
22.411 -112.972
22.411 112.972
22.412 -112.98
22.412 112.98
22.413 -112.987
22.413 112.987
22.414 -112.994
22.414 112.994
22.415 -113.001
22.415 113.001
22.416 -113.009
22.416 113.009
22.417 -113.016
22.417 113.016
22.418 -113.023
22.418 113.023
22.419 -113.03
22.419 113.03
22.42 -113.038
22.42 113.038
22.421 -113.045
22.421 113.045
22.422 -113.052
22.422 113.052
22.423 -113.06
22.423 113.06
22.424 -113.067
22.424 113.067
22.425 -113.074
22.425 113.074
22.426 -113.081
22.426 113.081
22.427 -113.089
22.427 113.089
22.428 -113.096
22.428 113.096
22.429 -113.103
22.429 113.103
22.43 -113.11
22.43 113.11
22.431 -113.118
22.431 113.118
22.432 -113.125
22.432 113.125
22.433 -113.132
22.433 113.132
22.434 -113.139
22.434 113.139
22.435 -113.147
22.435 113.147
22.436 -113.154
22.436 113.154
22.437 -113.161
22.437 113.161
22.438 -113.169
22.438 113.169
22.439 -113.176
22.439 113.176
22.44 -113.183
22.44 113.183
22.441 -113.19
22.441 113.19
22.442 -113.198
22.442 113.198
22.443 -113.205
22.443 113.205
22.444 -113.212
22.444 113.212
22.445 -113.219
22.445 113.219
22.446 -113.227
22.446 113.227
22.447 -113.234
22.447 113.234
22.448 -113.241
22.448 113.241
22.449 -113.248
22.449 113.248
22.45 -113.256
22.45 113.256
22.451 -113.263
22.451 113.263
22.452 -113.27
22.452 113.27
22.453 -113.278
22.453 113.278
22.454 -113.285
22.454 113.285
22.455 -113.292
22.455 113.292
22.456 -113.299
22.456 113.299
22.457 -113.307
22.457 113.307
22.458 -113.314
22.458 113.314
22.459 -113.321
22.459 113.321
22.46 -113.328
22.46 113.328
22.461 -113.336
22.461 113.336
22.462 -113.343
22.462 113.343
22.463 -113.35
22.463 113.35
22.464 -113.358
22.464 113.358
22.465 -113.365
22.465 113.365
22.466 -113.372
22.466 113.372
22.467 -113.379
22.467 113.379
22.468 -113.387
22.468 113.387
22.469 -113.394
22.469 113.394
22.47 -113.401
22.47 113.401
22.471 -113.408
22.471 113.408
22.472 -113.416
22.472 113.416
22.473 -113.423
22.473 113.423
22.474 -113.43
22.474 113.43
22.475 -113.438
22.475 113.438
22.476 -113.445
22.476 113.445
22.477 -113.452
22.477 113.452
22.478 -113.459
22.478 113.459
22.479 -113.467
22.479 113.467
22.48 -113.474
22.48 113.474
22.481 -113.481
22.481 113.481
22.482 -113.488
22.482 113.488
22.483 -113.496
22.483 113.496
22.484 -113.503
22.484 113.503
22.485 -113.51
22.485 113.51
22.486 -113.518
22.486 113.518
22.487 -113.525
22.487 113.525
22.488 -113.532
22.488 113.532
22.489 -113.539
22.489 113.539
22.49 -113.547
22.49 113.547
22.491 -113.554
22.491 113.554
22.492 -113.561
22.492 113.561
22.493 -113.568
22.493 113.568
22.494 -113.576
22.494 113.576
22.495 -113.583
22.495 113.583
22.496 -113.59
22.496 113.59
22.497 -113.598
22.497 113.598
22.498 -113.605
22.498 113.605
22.499 -113.612
22.499 113.612
22.5 -113.619
22.5 113.619
22.501 -113.627
22.501 113.627
22.502 -113.634
22.502 113.634
22.503 -113.641
22.503 113.641
22.504 -113.649
22.504 113.649
22.505 -113.656
22.505 113.656
22.506 -113.663
22.506 113.663
22.507 -113.67
22.507 113.67
22.508 -113.678
22.508 113.678
22.509 -113.685
22.509 113.685
22.51 -113.692
22.51 113.692
22.511 -113.699
22.511 113.699
22.512 -113.707
22.512 113.707
22.513 -113.714
22.513 113.714
22.514 -113.721
22.514 113.721
22.515 -113.729
22.515 113.729
22.516 -113.736
22.516 113.736
22.517 -113.743
22.517 113.743
22.518 -113.75
22.518 113.75
22.519 -113.758
22.519 113.758
22.52 -113.765
22.52 113.765
22.521 -113.772
22.521 113.772
22.522 -113.78
22.522 113.78
22.523 -113.787
22.523 113.787
22.524 -113.794
22.524 113.794
22.525 -113.801
22.525 113.801
22.526 -113.809
22.526 113.809
22.527 -113.816
22.527 113.816
22.528 -113.823
22.528 113.823
22.529 -113.831
22.529 113.831
22.53 -113.838
22.53 113.838
22.531 -113.845
22.531 113.845
22.532 -113.852
22.532 113.852
22.533 -113.86
22.533 113.86
22.534 -113.867
22.534 113.867
22.535 -113.874
22.535 113.874
22.536 -113.882
22.536 113.882
22.537 -113.889
22.537 113.889
22.538 -113.896
22.538 113.896
22.539 -113.903
22.539 113.903
22.54 -113.911
22.54 113.911
22.541 -113.918
22.541 113.918
22.542 -113.925
22.542 113.925
22.543 -113.933
22.543 113.933
22.544 -113.94
22.544 113.94
22.545 -113.947
22.545 113.947
22.546 -113.954
22.546 113.954
22.547 -113.962
22.547 113.962
22.548 -113.969
22.548 113.969
22.549 -113.976
22.549 113.976
22.55 -113.984
22.55 113.984
22.551 -113.991
22.551 113.991
22.552 -113.998
22.552 113.998
22.553 -114.005
22.553 114.005
22.554 -114.013
22.554 114.013
22.555 -114.02
22.555 114.02
22.556 -114.027
22.556 114.027
22.557 -114.035
22.557 114.035
22.558 -114.042
22.558 114.042
22.559 -114.049
22.559 114.049
22.56 -114.056
22.56 114.056
22.561 -114.064
22.561 114.064
22.562 -114.071
22.562 114.071
22.563 -114.078
22.563 114.078
22.564 -114.086
22.564 114.086
22.565 -114.093
22.565 114.093
22.566 -114.1
22.566 114.1
22.567 -114.107
22.567 114.107
22.568 -114.115
22.568 114.115
22.569 -114.122
22.569 114.122
22.57 -114.129
22.57 114.129
22.571 -114.137
22.571 114.137
22.572 -114.144
22.572 114.144
22.573 -114.151
22.573 114.151
22.574 -114.158
22.574 114.158
22.575 -114.166
22.575 114.166
22.576 -114.173
22.576 114.173
22.577 -114.18
22.577 114.18
22.578 -114.188
22.578 114.188
22.579 -114.195
22.579 114.195
22.58 -114.202
22.58 114.202
22.581 -114.209
22.581 114.209
22.582 -114.217
22.582 114.217
22.583 -114.224
22.583 114.224
22.584 -114.231
22.584 114.231
22.585 -114.239
22.585 114.239
22.586 -114.246
22.586 114.246
22.587 -114.253
22.587 114.253
22.588 -114.26
22.588 114.26
22.589 -114.268
22.589 114.268
22.59 -114.275
22.59 114.275
22.591 -114.282
22.591 114.282
22.592 -114.29
22.592 114.29
22.593 -114.297
22.593 114.297
22.594 -114.304
22.594 114.304
22.595 -114.311
22.595 114.311
22.596 -114.319
22.596 114.319
22.597 -114.326
22.597 114.326
22.598 -114.333
22.598 114.333
22.599 -114.341
22.599 114.341
22.6 -114.348
22.6 114.348
22.601 -114.355
22.601 114.355
22.602 -114.363
22.602 114.363
22.603 -114.37
22.603 114.37
22.604 -114.377
22.604 114.377
22.605 -114.384
22.605 114.384
22.606 -114.392
22.606 114.392
22.607 -114.399
22.607 114.399
22.608 -114.406
22.608 114.406
22.609 -114.414
22.609 114.414
22.61 -114.421
22.61 114.421
22.611 -114.428
22.611 114.428
22.612 -114.435
22.612 114.435
22.613 -114.443
22.613 114.443
22.614 -114.45
22.614 114.45
22.615 -114.457
22.615 114.457
22.616 -114.465
22.616 114.465
22.617 -114.472
22.617 114.472
22.618 -114.479
22.618 114.479
22.619 -114.487
22.619 114.487
22.62 -114.494
22.62 114.494
22.621 -114.501
22.621 114.501
22.622 -114.508
22.622 114.508
22.623 -114.516
22.623 114.516
22.624 -114.523
22.624 114.523
22.625 -114.53
22.625 114.53
22.626 -114.538
22.626 114.538
22.627 -114.545
22.627 114.545
22.628 -114.552
22.628 114.552
22.629 -114.56
22.629 114.56
22.63 -114.567
22.63 114.567
22.631 -114.574
22.631 114.574
22.632 -114.581
22.632 114.581
22.633 -114.589
22.633 114.589
22.634 -114.596
22.634 114.596
22.635 -114.603
22.635 114.603
22.636 -114.611
22.636 114.611
22.637 -114.618
22.637 114.618
22.638 -114.625
22.638 114.625
22.639 -114.633
22.639 114.633
22.64 -114.64
22.64 114.64
22.641 -114.647
22.641 114.647
22.642 -114.654
22.642 114.654
22.643 -114.662
22.643 114.662
22.644 -114.669
22.644 114.669
22.645 -114.676
22.645 114.676
22.646 -114.684
22.646 114.684
22.647 -114.691
22.647 114.691
22.648 -114.698
22.648 114.698
22.649 -114.706
22.649 114.706
22.65 -114.713
22.65 114.713
22.651 -114.72
22.651 114.72
22.652 -114.727
22.652 114.727
22.653 -114.735
22.653 114.735
22.654 -114.742
22.654 114.742
22.655 -114.749
22.655 114.749
22.656 -114.757
22.656 114.757
22.657 -114.764
22.657 114.764
22.658 -114.771
22.658 114.771
22.659 -114.779
22.659 114.779
22.66 -114.786
22.66 114.786
22.661 -114.793
22.661 114.793
22.662 -114.8
22.662 114.8
22.663 -114.808
22.663 114.808
22.664 -114.815
22.664 114.815
22.665 -114.822
22.665 114.822
22.666 -114.83
22.666 114.83
22.667 -114.837
22.667 114.837
22.668 -114.844
22.668 114.844
22.669 -114.852
22.669 114.852
22.67 -114.859
22.67 114.859
22.671 -114.866
22.671 114.866
22.672 -114.873
22.672 114.873
22.673 -114.881
22.673 114.881
22.674 -114.888
22.674 114.888
22.675 -114.895
22.675 114.895
22.676 -114.903
22.676 114.903
22.677 -114.91
22.677 114.91
22.678 -114.917
22.678 114.917
22.679 -114.925
22.679 114.925
22.68 -114.932
22.68 114.932
22.681 -114.939
22.681 114.939
22.682 -114.947
22.682 114.947
22.683 -114.954
22.683 114.954
22.684 -114.961
22.684 114.961
22.685 -114.968
22.685 114.968
22.686 -114.976
22.686 114.976
22.687 -114.983
22.687 114.983
22.688 -114.99
22.688 114.99
22.689 -114.998
22.689 114.998
22.69 -115.005
22.69 115.005
22.691 -115.012
22.691 115.012
22.692 -115.02
22.692 115.02
22.693 -115.027
22.693 115.027
22.694 -115.034
22.694 115.034
22.695 -115.041
22.695 115.041
22.696 -115.049
22.696 115.049
22.697 -115.056
22.697 115.056
22.698 -115.063
22.698 115.063
22.699 -115.071
22.699 115.071
22.7 -115.078
22.7 115.078
22.701 -115.085
22.701 115.085
22.702 -115.093
22.702 115.093
22.703 -115.1
22.703 115.1
22.704 -115.107
22.704 115.107
22.705 -115.115
22.705 115.115
22.706 -115.122
22.706 115.122
22.707 -115.129
22.707 115.129
22.708 -115.137
22.708 115.137
22.709 -115.144
22.709 115.144
22.71 -115.151
22.71 115.151
22.711 -115.158
22.711 115.158
22.712 -115.166
22.712 115.166
22.713 -115.173
22.713 115.173
22.714 -115.18
22.714 115.18
22.715 -115.188
22.715 115.188
22.716 -115.195
22.716 115.195
22.717 -115.202
22.717 115.202
22.718 -115.21
22.718 115.21
22.719 -115.217
22.719 115.217
22.72 -115.224
22.72 115.224
22.721 -115.232
22.721 115.232
22.722 -115.239
22.722 115.239
22.723 -115.246
22.723 115.246
22.724 -115.253
22.724 115.253
22.725 -115.261
22.725 115.261
22.726 -115.268
22.726 115.268
22.727 -115.275
22.727 115.275
22.728 -115.283
22.728 115.283
22.729 -115.29
22.729 115.29
22.73 -115.297
22.73 115.297
22.731 -115.305
22.731 115.305
22.732 -115.312
22.732 115.312
22.733 -115.319
22.733 115.319
22.734 -115.327
22.734 115.327
22.735 -115.334
22.735 115.334
22.736 -115.341
22.736 115.341
22.737 -115.349
22.737 115.349
22.738 -115.356
22.738 115.356
22.739 -115.363
22.739 115.363
22.74 -115.37
22.74 115.37
22.741 -115.378
22.741 115.378
22.742 -115.385
22.742 115.385
22.743 -115.392
22.743 115.392
22.744 -115.4
22.744 115.4
22.745 -115.407
22.745 115.407
22.746 -115.414
22.746 115.414
22.747 -115.422
22.747 115.422
22.748 -115.429
22.748 115.429
22.749 -115.436
22.749 115.436
22.75 -115.444
22.75 115.444
22.751 -115.451
22.751 115.451
22.752 -115.458
22.752 115.458
22.753 -115.466
22.753 115.466
22.754 -115.473
22.754 115.473
22.755 -115.48
22.755 115.48
22.756 -115.488
22.756 115.488
22.757 -115.495
22.757 115.495
22.758 -115.502
22.758 115.502
22.759 -115.509
22.759 115.509
22.76 -115.517
22.76 115.517
22.761 -115.524
22.761 115.524
22.762 -115.531
22.762 115.531
22.763 -115.539
22.763 115.539
22.764 -115.546
22.764 115.546
22.765 -115.553
22.765 115.553
22.766 -115.561
22.766 115.561
22.767 -115.568
22.767 115.568
22.768 -115.575
22.768 115.575
22.769 -115.583
22.769 115.583
22.77 -115.59
22.77 115.59
22.771 -115.597
22.771 115.597
22.772 -115.605
22.772 115.605
22.773 -115.612
22.773 115.612
22.774 -115.619
22.774 115.619
22.775 -115.627
22.775 115.627
22.776 -115.634
22.776 115.634
22.777 -115.641
22.777 115.641
22.778 -115.649
22.778 115.649
22.779 -115.656
22.779 115.656
22.78 -115.663
22.78 115.663
22.781 -115.671
22.781 115.671
22.782 -115.678
22.782 115.678
22.783 -115.685
22.783 115.685
22.784 -115.692
22.784 115.692
22.785 -115.7
22.785 115.7
22.786 -115.707
22.786 115.707
22.787 -115.714
22.787 115.714
22.788 -115.722
22.788 115.722
22.789 -115.729
22.789 115.729
22.79 -115.736
22.79 115.736
22.791 -115.744
22.791 115.744
22.792 -115.751
22.792 115.751
22.793 -115.758
22.793 115.758
22.794 -115.766
22.794 115.766
22.795 -115.773
22.795 115.773
22.796 -115.78
22.796 115.78
22.797 -115.788
22.797 115.788
22.798 -115.795
22.798 115.795
22.799 -115.802
22.799 115.802
22.8 -115.81
22.8 115.81
22.801 -115.817
22.801 115.817
22.802 -115.824
22.802 115.824
22.803 -115.832
22.803 115.832
22.804 -115.839
22.804 115.839
22.805 -115.846
22.805 115.846
22.806 -115.854
22.806 115.854
22.807 -115.861
22.807 115.861
22.808 -115.868
22.808 115.868
22.809 -115.876
22.809 115.876
22.81 -115.883
22.81 115.883
22.811 -115.89
22.811 115.89
22.812 -115.898
22.812 115.898
22.813 -115.905
22.813 115.905
22.814 -115.912
22.814 115.912
22.815 -115.92
22.815 115.92
22.816 -115.927
22.816 115.927
22.817 -115.934
22.817 115.934
22.818 -115.941
22.818 115.941
22.819 -115.949
22.819 115.949
22.82 -115.956
22.82 115.956
22.821 -115.963
22.821 115.963
22.822 -115.971
22.822 115.971
22.823 -115.978
22.823 115.978
22.824 -115.985
22.824 115.985
22.825 -115.993
22.825 115.993
22.826 -116
22.826 116
22.827 -116.007
22.827 116.007
22.828 -116.015
22.828 116.015
22.829 -116.022
22.829 116.022
22.83 -116.029
22.83 116.029
22.831 -116.037
22.831 116.037
22.832 -116.044
22.832 116.044
22.833 -116.051
22.833 116.051
22.834 -116.059
22.834 116.059
22.835 -116.066
22.835 116.066
22.836 -116.073
22.836 116.073
22.837 -116.081
22.837 116.081
22.838 -116.088
22.838 116.088
22.839 -116.095
22.839 116.095
22.84 -116.103
22.84 116.103
22.841 -116.11
22.841 116.11
22.842 -116.117
22.842 116.117
22.843 -116.125
22.843 116.125
22.844 -116.132
22.844 116.132
22.845 -116.139
22.845 116.139
22.846 -116.147
22.846 116.147
22.847 -116.154
22.847 116.154
22.848 -116.161
22.848 116.161
22.849 -116.169
22.849 116.169
22.85 -116.176
22.85 116.176
22.851 -116.183
22.851 116.183
22.852 -116.191
22.852 116.191
22.853 -116.198
22.853 116.198
22.854 -116.205
22.854 116.205
22.855 -116.213
22.855 116.213
22.856 -116.22
22.856 116.22
22.857 -116.227
22.857 116.227
22.858 -116.235
22.858 116.235
22.859 -116.242
22.859 116.242
22.86 -116.249
22.86 116.249
22.861 -116.257
22.861 116.257
22.862 -116.264
22.862 116.264
22.863 -116.271
22.863 116.271
22.864 -116.279
22.864 116.279
22.865 -116.286
22.865 116.286
22.866 -116.293
22.866 116.293
22.867 -116.301
22.867 116.301
22.868 -116.308
22.868 116.308
22.869 -116.315
22.869 116.315
22.87 -116.323
22.87 116.323
22.871 -116.33
22.871 116.33
22.872 -116.337
22.872 116.337
22.873 -116.345
22.873 116.345
22.874 -116.352
22.874 116.352
22.875 -116.359
22.875 116.359
22.876 -116.367
22.876 116.367
22.877 -116.374
22.877 116.374
22.878 -116.381
22.878 116.381
22.879 -116.389
22.879 116.389
22.88 -116.396
22.88 116.396
22.881 -116.403
22.881 116.403
22.882 -116.411
22.882 116.411
22.883 -116.418
22.883 116.418
22.884 -116.425
22.884 116.425
22.885 -116.433
22.885 116.433
22.886 -116.44
22.886 116.44
22.887 -116.447
22.887 116.447
22.888 -116.455
22.888 116.455
22.889 -116.462
22.889 116.462
22.89 -116.469
22.89 116.469
22.891 -116.477
22.891 116.477
22.892 -116.484
22.892 116.484
22.893 -116.491
22.893 116.491
22.894 -116.499
22.894 116.499
22.895 -116.506
22.895 116.506
22.896 -116.513
22.896 116.513
22.897 -116.521
22.897 116.521
22.898 -116.528
22.898 116.528
22.899 -116.535
22.899 116.535
22.9 -116.543
22.9 116.543
22.901 -116.55
22.901 116.55
22.902 -116.557
22.902 116.557
22.903 -116.565
22.903 116.565
22.904 -116.572
22.904 116.572
22.905 -116.579
22.905 116.579
22.906 -116.587
22.906 116.587
22.907 -116.594
22.907 116.594
22.908 -116.601
22.908 116.601
22.909 -116.609
22.909 116.609
22.91 -116.616
22.91 116.616
22.911 -116.624
22.911 116.624
22.912 -116.631
22.912 116.631
22.913 -116.638
22.913 116.638
22.914 -116.646
22.914 116.646
22.915 -116.653
22.915 116.653
22.916 -116.66
22.916 116.66
22.917 -116.668
22.917 116.668
22.918 -116.675
22.918 116.675
22.919 -116.682
22.919 116.682
22.92 -116.69
22.92 116.69
22.921 -116.697
22.921 116.697
22.922 -116.704
22.922 116.704
22.923 -116.712
22.923 116.712
22.924 -116.719
22.924 116.719
22.925 -116.726
22.925 116.726
22.926 -116.734
22.926 116.734
22.927 -116.741
22.927 116.741
22.928 -116.748
22.928 116.748
22.929 -116.756
22.929 116.756
22.93 -116.763
22.93 116.763
22.931 -116.77
22.931 116.77
22.932 -116.778
22.932 116.778
22.933 -116.785
22.933 116.785
22.934 -116.792
22.934 116.792
22.935 -116.8
22.935 116.8
22.936 -116.807
22.936 116.807
22.937 -116.814
22.937 116.814
22.938 -116.822
22.938 116.822
22.939 -116.829
22.939 116.829
22.94 -116.836
22.94 116.836
22.941 -116.844
22.941 116.844
22.942 -116.851
22.942 116.851
22.943 -116.858
22.943 116.858
22.944 -116.866
22.944 116.866
22.945 -116.873
22.945 116.873
22.946 -116.881
22.946 116.881
22.947 -116.888
22.947 116.888
22.948 -116.895
22.948 116.895
22.949 -116.903
22.949 116.903
22.95 -116.91
22.95 116.91
22.951 -116.917
22.951 116.917
22.952 -116.925
22.952 116.925
22.953 -116.932
22.953 116.932
22.954 -116.939
22.954 116.939
22.955 -116.947
22.955 116.947
22.956 -116.954
22.956 116.954
22.957 -116.961
22.957 116.961
22.958 -116.969
22.958 116.969
22.959 -116.976
22.959 116.976
22.96 -116.983
22.96 116.983
22.961 -116.991
22.961 116.991
22.962 -116.998
22.962 116.998
22.963 -117.005
22.963 117.005
22.964 -117.013
22.964 117.013
22.965 -117.02
22.965 117.02
22.966 -117.027
22.966 117.027
22.967 -117.035
22.967 117.035
22.968 -117.042
22.968 117.042
22.969 -117.05
22.969 117.05
22.97 -117.057
22.97 117.057
22.971 -117.064
22.971 117.064
22.972 -117.072
22.972 117.072
22.973 -117.079
22.973 117.079
22.974 -117.086
22.974 117.086
22.975 -117.094
22.975 117.094
22.976 -117.101
22.976 117.101
22.977 -117.108
22.977 117.108
22.978 -117.116
22.978 117.116
22.979 -117.123
22.979 117.123
22.98 -117.13
22.98 117.13
22.981 -117.138
22.981 117.138
22.982 -117.145
22.982 117.145
22.983 -117.152
22.983 117.152
22.984 -117.16
22.984 117.16
22.985 -117.167
22.985 117.167
22.986 -117.175
22.986 117.175
22.987 -117.182
22.987 117.182
22.988 -117.189
22.988 117.189
22.989 -117.197
22.989 117.197
22.99 -117.204
22.99 117.204
22.991 -117.211
22.991 117.211
22.992 -117.219
22.992 117.219
22.993 -117.226
22.993 117.226
22.994 -117.233
22.994 117.233
22.995 -117.241
22.995 117.241
22.996 -117.248
22.996 117.248
22.997 -117.255
22.997 117.255
22.998 -117.263
22.998 117.263
22.999 -117.27
22.999 117.27
23 -117.277
23 117.277
23.001 -117.285
23.001 117.285
23.002 -117.292
23.002 117.292
23.003 -117.3
23.003 117.3
23.004 -117.307
23.004 117.307
23.005 -117.314
23.005 117.314
23.006 -117.322
23.006 117.322
23.007 -117.329
23.007 117.329
23.008 -117.336
23.008 117.336
23.009 -117.344
23.009 117.344
23.01 -117.351
23.01 117.351
23.011 -117.358
23.011 117.358
23.012 -117.366
23.012 117.366
23.013 -117.373
23.013 117.373
23.014 -117.38
23.014 117.38
23.015 -117.388
23.015 117.388
23.016 -117.395
23.016 117.395
23.017 -117.402
23.017 117.402
23.018 -117.41
23.018 117.41
23.019 -117.417
23.019 117.417
23.02 -117.425
23.02 117.425
23.021 -117.432
23.021 117.432
23.022 -117.439
23.022 117.439
23.023 -117.447
23.023 117.447
23.024 -117.454
23.024 117.454
23.025 -117.461
23.025 117.461
23.026 -117.469
23.026 117.469
23.027 -117.476
23.027 117.476
23.028 -117.483
23.028 117.483
23.029 -117.491
23.029 117.491
23.03 -117.498
23.03 117.498
23.031 -117.506
23.031 117.506
23.032 -117.513
23.032 117.513
23.033 -117.52
23.033 117.52
23.034 -117.528
23.034 117.528
23.035 -117.535
23.035 117.535
23.036 -117.542
23.036 117.542
23.037 -117.55
23.037 117.55
23.038 -117.557
23.038 117.557
23.039 -117.564
23.039 117.564
23.04 -117.572
23.04 117.572
23.041 -117.579
23.041 117.579
23.042 -117.586
23.042 117.586
23.043 -117.594
23.043 117.594
23.044 -117.601
23.044 117.601
23.045 -117.609
23.045 117.609
23.046 -117.616
23.046 117.616
23.047 -117.623
23.047 117.623
23.048 -117.631
23.048 117.631
23.049 -117.638
23.049 117.638
23.05 -117.645
23.05 117.645
23.051 -117.653
23.051 117.653
23.052 -117.66
23.052 117.66
23.053 -117.667
23.053 117.667
23.054 -117.675
23.054 117.675
23.055 -117.682
23.055 117.682
23.056 -117.69
23.056 117.69
23.057 -117.697
23.057 117.697
23.058 -117.704
23.058 117.704
23.059 -117.712
23.059 117.712
23.06 -117.719
23.06 117.719
23.061 -117.726
23.061 117.726
23.062 -117.734
23.062 117.734
23.063 -117.741
23.063 117.741
23.064 -117.748
23.064 117.748
23.065 -117.756
23.065 117.756
23.066 -117.763
23.066 117.763
23.067 -117.771
23.067 117.771
23.068 -117.778
23.068 117.778
23.069 -117.785
23.069 117.785
23.07 -117.793
23.07 117.793
23.071 -117.8
23.071 117.8
23.072 -117.807
23.072 117.807
23.073 -117.815
23.073 117.815
23.074 -117.822
23.074 117.822
23.075 -117.829
23.075 117.829
23.076 -117.837
23.076 117.837
23.077 -117.844
23.077 117.844
23.078 -117.852
23.078 117.852
23.079 -117.859
23.079 117.859
23.08 -117.866
23.08 117.866
23.081 -117.874
23.081 117.874
23.082 -117.881
23.082 117.881
23.083 -117.888
23.083 117.888
23.084 -117.896
23.084 117.896
23.085 -117.903
23.085 117.903
23.086 -117.91
23.086 117.91
23.087 -117.918
23.087 117.918
23.088 -117.925
23.088 117.925
23.089 -117.933
23.089 117.933
23.09 -117.94
23.09 117.94
23.091 -117.947
23.091 117.947
23.092 -117.955
23.092 117.955
23.093 -117.962
23.093 117.962
23.094 -117.969
23.094 117.969
23.095 -117.977
23.095 117.977
23.096 -117.984
23.096 117.984
23.097 -117.992
23.097 117.992
23.098 -117.999
23.098 117.999
23.099 -118.006
23.099 118.006
23.1 -118.014
23.1 118.014
23.101 -118.021
23.101 118.021
23.102 -118.028
23.102 118.028
23.103 -118.036
23.103 118.036
23.104 -118.043
23.104 118.043
23.105 -118.05
23.105 118.05
23.106 -118.058
23.106 118.058
23.107 -118.065
23.107 118.065
23.108 -118.073
23.108 118.073
23.109 -118.08
23.109 118.08
23.11 -118.087
23.11 118.087
23.111 -118.095
23.111 118.095
23.112 -118.102
23.112 118.102
23.113 -118.109
23.113 118.109
23.114 -118.117
23.114 118.117
23.115 -118.124
23.115 118.124
23.116 -118.132
23.116 118.132
23.117 -118.139
23.117 118.139
23.118 -118.146
23.118 118.146
23.119 -118.154
23.119 118.154
23.12 -118.161
23.12 118.161
23.121 -118.168
23.121 118.168
23.122 -118.176
23.122 118.176
23.123 -118.183
23.123 118.183
23.124 -118.191
23.124 118.191
23.125 -118.198
23.125 118.198
23.126 -118.205
23.126 118.205
23.127 -118.213
23.127 118.213
23.128 -118.22
23.128 118.22
23.129 -118.227
23.129 118.227
23.13 -118.235
23.13 118.235
23.131 -118.242
23.131 118.242
23.132 -118.25
23.132 118.25
23.133 -118.257
23.133 118.257
23.134 -118.264
23.134 118.264
23.135 -118.272
23.135 118.272
23.136 -118.279
23.136 118.279
23.137 -118.286
23.137 118.286
23.138 -118.294
23.138 118.294
23.139 -118.301
23.139 118.301
23.14 -118.309
23.14 118.309
23.141 -118.316
23.141 118.316
23.142 -118.323
23.142 118.323
23.143 -118.331
23.143 118.331
23.144 -118.338
23.144 118.338
23.145 -118.345
23.145 118.345
23.146 -118.353
23.146 118.353
23.147 -118.36
23.147 118.36
23.148 -118.368
23.148 118.368
23.149 -118.375
23.149 118.375
23.15 -118.382
23.15 118.382
23.151 -118.39
23.151 118.39
23.152 -118.397
23.152 118.397
23.153 -118.404
23.153 118.404
23.154 -118.412
23.154 118.412
23.155 -118.419
23.155 118.419
23.156 -118.427
23.156 118.427
23.157 -118.434
23.157 118.434
23.158 -118.441
23.158 118.441
23.159 -118.449
23.159 118.449
23.16 -118.456
23.16 118.456
23.161 -118.463
23.161 118.463
23.162 -118.471
23.162 118.471
23.163 -118.478
23.163 118.478
23.164 -118.486
23.164 118.486
23.165 -118.493
23.165 118.493
23.166 -118.5
23.166 118.5
23.167 -118.508
23.167 118.508
23.168 -118.515
23.168 118.515
23.169 -118.523
23.169 118.523
23.17 -118.53
23.17 118.53
23.171 -118.537
23.171 118.537
23.172 -118.545
23.172 118.545
23.173 -118.552
23.173 118.552
23.174 -118.559
23.174 118.559
23.175 -118.567
23.175 118.567
23.176 -118.574
23.176 118.574
23.177 -118.582
23.177 118.582
23.178 -118.589
23.178 118.589
23.179 -118.596
23.179 118.596
23.18 -118.604
23.18 118.604
23.181 -118.611
23.181 118.611
23.182 -118.618
23.182 118.618
23.183 -118.626
23.183 118.626
23.184 -118.633
23.184 118.633
23.185 -118.641
23.185 118.641
23.186 -118.648
23.186 118.648
23.187 -118.655
23.187 118.655
23.188 -118.663
23.188 118.663
23.189 -118.67
23.189 118.67
23.19 -118.678
23.19 118.678
23.191 -118.685
23.191 118.685
23.192 -118.692
23.192 118.692
23.193 -118.7
23.193 118.7
23.194 -118.707
23.194 118.707
23.195 -118.714
23.195 118.714
23.196 -118.722
23.196 118.722
23.197 -118.729
23.197 118.729
23.198 -118.737
23.198 118.737
23.199 -118.744
23.199 118.744
23.2 -118.751
23.2 118.751
23.201 -118.759
23.201 118.759
23.202 -118.766
23.202 118.766
23.203 -118.774
23.203 118.774
23.204 -118.781
23.204 118.781
23.205 -118.788
23.205 118.788
23.206 -118.796
23.206 118.796
23.207 -118.803
23.207 118.803
23.208 -118.81
23.208 118.81
23.209 -118.818
23.209 118.818
23.21 -118.825
23.21 118.825
23.211 -118.833
23.211 118.833
23.212 -118.84
23.212 118.84
23.213 -118.847
23.213 118.847
23.214 -118.855
23.214 118.855
23.215 -118.862
23.215 118.862
23.216 -118.87
23.216 118.87
23.217 -118.877
23.217 118.877
23.218 -118.884
23.218 118.884
23.219 -118.892
23.219 118.892
23.22 -118.899
23.22 118.899
23.221 -118.906
23.221 118.906
23.222 -118.914
23.222 118.914
23.223 -118.921
23.223 118.921
23.224 -118.929
23.224 118.929
23.225 -118.936
23.225 118.936
23.226 -118.943
23.226 118.943
23.227 -118.951
23.227 118.951
23.228 -118.958
23.228 118.958
23.229 -118.966
23.229 118.966
23.23 -118.973
23.23 118.973
23.231 -118.98
23.231 118.98
23.232 -118.988
23.232 118.988
23.233 -118.995
23.233 118.995
23.234 -119.003
23.234 119.003
23.235 -119.01
23.235 119.01
23.236 -119.017
23.236 119.017
23.237 -119.025
23.237 119.025
23.238 -119.032
23.238 119.032
23.239 -119.039
23.239 119.039
23.24 -119.047
23.24 119.047
23.241 -119.054
23.241 119.054
23.242 -119.062
23.242 119.062
23.243 -119.069
23.243 119.069
23.244 -119.076
23.244 119.076
23.245 -119.084
23.245 119.084
23.246 -119.091
23.246 119.091
23.247 -119.099
23.247 119.099
23.248 -119.106
23.248 119.106
23.249 -119.113
23.249 119.113
23.25 -119.121
23.25 119.121
23.251 -119.128
23.251 119.128
23.252 -119.136
23.252 119.136
23.253 -119.143
23.253 119.143
23.254 -119.15
23.254 119.15
23.255 -119.158
23.255 119.158
23.256 -119.165
23.256 119.165
23.257 -119.173
23.257 119.173
23.258 -119.18
23.258 119.18
23.259 -119.187
23.259 119.187
23.26 -119.195
23.26 119.195
23.261 -119.202
23.261 119.202
23.262 -119.21
23.262 119.21
23.263 -119.217
23.263 119.217
23.264 -119.224
23.264 119.224
23.265 -119.232
23.265 119.232
23.266 -119.239
23.266 119.239
23.267 -119.246
23.267 119.246
23.268 -119.254
23.268 119.254
23.269 -119.261
23.269 119.261
23.27 -119.269
23.27 119.269
23.271 -119.276
23.271 119.276
23.272 -119.283
23.272 119.283
23.273 -119.291
23.273 119.291
23.274 -119.298
23.274 119.298
23.275 -119.306
23.275 119.306
23.276 -119.313
23.276 119.313
23.277 -119.32
23.277 119.32
23.278 -119.328
23.278 119.328
23.279 -119.335
23.279 119.335
23.28 -119.343
23.28 119.343
23.281 -119.35
23.281 119.35
23.282 -119.357
23.282 119.357
23.283 -119.365
23.283 119.365
23.284 -119.372
23.284 119.372
23.285 -119.38
23.285 119.38
23.286 -119.387
23.286 119.387
23.287 -119.394
23.287 119.394
23.288 -119.402
23.288 119.402
23.289 -119.409
23.289 119.409
23.29 -119.417
23.29 119.417
23.291 -119.424
23.291 119.424
23.292 -119.431
23.292 119.431
23.293 -119.439
23.293 119.439
23.294 -119.446
23.294 119.446
23.295 -119.454
23.295 119.454
23.296 -119.461
23.296 119.461
23.297 -119.468
23.297 119.468
23.298 -119.476
23.298 119.476
23.299 -119.483
23.299 119.483
23.3 -119.491
23.3 119.491
23.301 -119.498
23.301 119.498
23.302 -119.505
23.302 119.505
23.303 -119.513
23.303 119.513
23.304 -119.52
23.304 119.52
23.305 -119.528
23.305 119.528
23.306 -119.535
23.306 119.535
23.307 -119.542
23.307 119.542
23.308 -119.55
23.308 119.55
23.309 -119.557
23.309 119.557
23.31 -119.565
23.31 119.565
23.311 -119.572
23.311 119.572
23.312 -119.579
23.312 119.579
23.313 -119.587
23.313 119.587
23.314 -119.594
23.314 119.594
23.315 -119.602
23.315 119.602
23.316 -119.609
23.316 119.609
23.317 -119.616
23.317 119.616
23.318 -119.624
23.318 119.624
23.319 -119.631
23.319 119.631
23.32 -119.639
23.32 119.639
23.321 -119.646
23.321 119.646
23.322 -119.653
23.322 119.653
23.323 -119.661
23.323 119.661
23.324 -119.668
23.324 119.668
23.325 -119.676
23.325 119.676
23.326 -119.683
23.326 119.683
23.327 -119.69
23.327 119.69
23.328 -119.698
23.328 119.698
23.329 -119.705
23.329 119.705
23.33 -119.713
23.33 119.713
23.331 -119.72
23.331 119.72
23.332 -119.727
23.332 119.727
23.333 -119.735
23.333 119.735
23.334 -119.742
23.334 119.742
23.335 -119.75
23.335 119.75
23.336 -119.757
23.336 119.757
23.337 -119.765
23.337 119.765
23.338 -119.772
23.338 119.772
23.339 -119.779
23.339 119.779
23.34 -119.787
23.34 119.787
23.341 -119.794
23.341 119.794
23.342 -119.802
23.342 119.802
23.343 -119.809
23.343 119.809
23.344 -119.816
23.344 119.816
23.345 -119.824
23.345 119.824
23.346 -119.831
23.346 119.831
23.347 -119.839
23.347 119.839
23.348 -119.846
23.348 119.846
23.349 -119.853
23.349 119.853
23.35 -119.861
23.35 119.861
23.351 -119.868
23.351 119.868
23.352 -119.876
23.352 119.876
23.353 -119.883
23.353 119.883
23.354 -119.89
23.354 119.89
23.355 -119.898
23.355 119.898
23.356 -119.905
23.356 119.905
23.357 -119.913
23.357 119.913
23.358 -119.92
23.358 119.92
23.359 -119.927
23.359 119.927
23.36 -119.935
23.36 119.935
23.361 -119.942
23.361 119.942
23.362 -119.95
23.362 119.95
23.363 -119.957
23.363 119.957
23.364 -119.965
23.364 119.965
23.365 -119.972
23.365 119.972
23.366 -119.979
23.366 119.979
23.367 -119.987
23.367 119.987
23.368 -119.994
23.368 119.994
23.369 -120.002
23.369 120.002
23.37 -120.009
23.37 120.009
23.371 -120.016
23.371 120.016
23.372 -120.024
23.372 120.024
23.373 -120.031
23.373 120.031
23.374 -120.039
23.374 120.039
23.375 -120.046
23.375 120.046
23.376 -120.053
23.376 120.053
23.377 -120.061
23.377 120.061
23.378 -120.068
23.378 120.068
23.379 -120.076
23.379 120.076
23.38 -120.083
23.38 120.083
23.381 -120.091
23.381 120.091
23.382 -120.098
23.382 120.098
23.383 -120.105
23.383 120.105
23.384 -120.113
23.384 120.113
23.385 -120.12
23.385 120.12
23.386 -120.128
23.386 120.128
23.387 -120.135
23.387 120.135
23.388 -120.142
23.388 120.142
23.389 -120.15
23.389 120.15
23.39 -120.157
23.39 120.157
23.391 -120.165
23.391 120.165
23.392 -120.172
23.392 120.172
23.393 -120.179
23.393 120.179
23.394 -120.187
23.394 120.187
23.395 -120.194
23.395 120.194
23.396 -120.202
23.396 120.202
23.397 -120.209
23.397 120.209
23.398 -120.217
23.398 120.217
23.399 -120.224
23.399 120.224
23.4 -120.231
23.4 120.231
23.401 -120.239
23.401 120.239
23.402 -120.246
23.402 120.246
23.403 -120.254
23.403 120.254
23.404 -120.261
23.404 120.261
23.405 -120.268
23.405 120.268
23.406 -120.276
23.406 120.276
23.407 -120.283
23.407 120.283
23.408 -120.291
23.408 120.291
23.409 -120.298
23.409 120.298
23.41 -120.306
23.41 120.306
23.411 -120.313
23.411 120.313
23.412 -120.32
23.412 120.32
23.413 -120.328
23.413 120.328
23.414 -120.335
23.414 120.335
23.415 -120.343
23.415 120.343
23.416 -120.35
23.416 120.35
23.417 -120.357
23.417 120.357
23.418 -120.365
23.418 120.365
23.419 -120.372
23.419 120.372
23.42 -120.38
23.42 120.38
23.421 -120.387
23.421 120.387
23.422 -120.395
23.422 120.395
23.423 -120.402
23.423 120.402
23.424 -120.409
23.424 120.409
23.425 -120.417
23.425 120.417
23.426 -120.424
23.426 120.424
23.427 -120.432
23.427 120.432
23.428 -120.439
23.428 120.439
23.429 -120.446
23.429 120.446
23.43 -120.454
23.43 120.454
23.431 -120.461
23.431 120.461
23.432 -120.469
23.432 120.469
23.433 -120.476
23.433 120.476
23.434 -120.484
23.434 120.484
23.435 -120.491
23.435 120.491
23.436 -120.498
23.436 120.498
23.437 -120.506
23.437 120.506
23.438 -120.513
23.438 120.513
23.439 -120.521
23.439 120.521
23.44 -120.528
23.44 120.528
23.441 -120.536
23.441 120.536
23.442 -120.543
23.442 120.543
23.443 -120.55
23.443 120.55
23.444 -120.558
23.444 120.558
23.445 -120.565
23.445 120.565
23.446 -120.573
23.446 120.573
23.447 -120.58
23.447 120.58
23.448 -120.587
23.448 120.587
23.449 -120.595
23.449 120.595
23.45 -120.602
23.45 120.602
23.451 -120.61
23.451 120.61
23.452 -120.617
23.452 120.617
23.453 -120.625
23.453 120.625
23.454 -120.632
23.454 120.632
23.455 -120.639
23.455 120.639
23.456 -120.647
23.456 120.647
23.457 -120.654
23.457 120.654
23.458 -120.662
23.458 120.662
23.459 -120.669
23.459 120.669
23.46 -120.677
23.46 120.677
23.461 -120.684
23.461 120.684
23.462 -120.691
23.462 120.691
23.463 -120.699
23.463 120.699
23.464 -120.706
23.464 120.706
23.465 -120.714
23.465 120.714
23.466 -120.721
23.466 120.721
23.467 -120.729
23.467 120.729
23.468 -120.736
23.468 120.736
23.469 -120.743
23.469 120.743
23.47 -120.751
23.47 120.751
23.471 -120.758
23.471 120.758
23.472 -120.766
23.472 120.766
23.473 -120.773
23.473 120.773
23.474 -120.781
23.474 120.781
23.475 -120.788
23.475 120.788
23.476 -120.795
23.476 120.795
23.477 -120.803
23.477 120.803
23.478 -120.81
23.478 120.81
23.479 -120.818
23.479 120.818
23.48 -120.825
23.48 120.825
23.481 -120.833
23.481 120.833
23.482 -120.84
23.482 120.84
23.483 -120.847
23.483 120.847
23.484 -120.855
23.484 120.855
23.485 -120.862
23.485 120.862
23.486 -120.87
23.486 120.87
23.487 -120.877
23.487 120.877
23.488 -120.885
23.488 120.885
23.489 -120.892
23.489 120.892
23.49 -120.899
23.49 120.899
23.491 -120.907
23.491 120.907
23.492 -120.914
23.492 120.914
23.493 -120.922
23.493 120.922
23.494 -120.929
23.494 120.929
23.495 -120.937
23.495 120.937
23.496 -120.944
23.496 120.944
23.497 -120.951
23.497 120.951
23.498 -120.959
23.498 120.959
23.499 -120.966
23.499 120.966
23.5 -120.974
23.5 120.974
23.501 -120.981
23.501 120.981
23.502 -120.989
23.502 120.989
23.503 -120.996
23.503 120.996
23.504 -121.003
23.504 121.003
23.505 -121.011
23.505 121.011
23.506 -121.018
23.506 121.018
23.507 -121.026
23.507 121.026
23.508 -121.033
23.508 121.033
23.509 -121.041
23.509 121.041
23.51 -121.048
23.51 121.048
23.511 -121.055
23.511 121.055
23.512 -121.063
23.512 121.063
23.513 -121.07
23.513 121.07
23.514 -121.078
23.514 121.078
23.515 -121.085
23.515 121.085
23.516 -121.093
23.516 121.093
23.517 -121.1
23.517 121.1
23.518 -121.107
23.518 121.107
23.519 -121.115
23.519 121.115
23.52 -121.122
23.52 121.122
23.521 -121.13
23.521 121.13
23.522 -121.137
23.522 121.137
23.523 -121.145
23.523 121.145
23.524 -121.152
23.524 121.152
23.525 -121.159
23.525 121.159
23.526 -121.167
23.526 121.167
23.527 -121.174
23.527 121.174
23.528 -121.182
23.528 121.182
23.529 -121.189
23.529 121.189
23.53 -121.197
23.53 121.197
23.531 -121.204
23.531 121.204
23.532 -121.212
23.532 121.212
23.533 -121.219
23.533 121.219
23.534 -121.226
23.534 121.226
23.535 -121.234
23.535 121.234
23.536 -121.241
23.536 121.241
23.537 -121.249
23.537 121.249
23.538 -121.256
23.538 121.256
23.539 -121.264
23.539 121.264
23.54 -121.271
23.54 121.271
23.541 -121.278
23.541 121.278
23.542 -121.286
23.542 121.286
23.543 -121.293
23.543 121.293
23.544 -121.301
23.544 121.301
23.545 -121.308
23.545 121.308
23.546 -121.316
23.546 121.316
23.547 -121.323
23.547 121.323
23.548 -121.33
23.548 121.33
23.549 -121.338
23.549 121.338
23.55 -121.345
23.55 121.345
23.551 -121.353
23.551 121.353
23.552 -121.36
23.552 121.36
23.553 -121.368
23.553 121.368
23.554 -121.375
23.554 121.375
23.555 -121.383
23.555 121.383
23.556 -121.39
23.556 121.39
23.557 -121.397
23.557 121.397
23.558 -121.405
23.558 121.405
23.559 -121.412
23.559 121.412
23.56 -121.42
23.56 121.42
23.561 -121.427
23.561 121.427
23.562 -121.435
23.562 121.435
23.563 -121.442
23.563 121.442
23.564 -121.45
23.564 121.45
23.565 -121.457
23.565 121.457
23.566 -121.464
23.566 121.464
23.567 -121.472
23.567 121.472
23.568 -121.479
23.568 121.479
23.569 -121.487
23.569 121.487
23.57 -121.494
23.57 121.494
23.571 -121.502
23.571 121.502
23.572 -121.509
23.572 121.509
23.573 -121.516
23.573 121.516
23.574 -121.524
23.574 121.524
23.575 -121.531
23.575 121.531
23.576 -121.539
23.576 121.539
23.577 -121.546
23.577 121.546
23.578 -121.554
23.578 121.554
23.579 -121.561
23.579 121.561
23.58 -121.569
23.58 121.569
23.581 -121.576
23.581 121.576
23.582 -121.583
23.582 121.583
23.583 -121.591
23.583 121.591
23.584 -121.598
23.584 121.598
23.585 -121.606
23.585 121.606
23.586 -121.613
23.586 121.613
23.587 -121.621
23.587 121.621
23.588 -121.628
23.588 121.628
23.589 -121.636
23.589 121.636
23.59 -121.643
23.59 121.643
23.591 -121.65
23.591 121.65
23.592 -121.658
23.592 121.658
23.593 -121.665
23.593 121.665
23.594 -121.673
23.594 121.673
23.595 -121.68
23.595 121.68
23.596 -121.688
23.596 121.688
23.597 -121.695
23.597 121.695
23.598 -121.703
23.598 121.703
23.599 -121.71
23.599 121.71
23.6 -121.717
23.6 121.717
23.601 -121.725
23.601 121.725
23.602 -121.732
23.602 121.732
23.603 -121.74
23.603 121.74
23.604 -121.747
23.604 121.747
23.605 -121.755
23.605 121.755
23.606 -121.762
23.606 121.762
23.607 -121.77
23.607 121.77
23.608 -121.777
23.608 121.777
23.609 -121.784
23.609 121.784
23.61 -121.792
23.61 121.792
23.611 -121.799
23.611 121.799
23.612 -121.807
23.612 121.807
23.613 -121.814
23.613 121.814
23.614 -121.822
23.614 121.822
23.615 -121.829
23.615 121.829
23.616 -121.837
23.616 121.837
23.617 -121.844
23.617 121.844
23.618 -121.851
23.618 121.851
23.619 -121.859
23.619 121.859
23.62 -121.866
23.62 121.866
23.621 -121.874
23.621 121.874
23.622 -121.881
23.622 121.881
23.623 -121.889
23.623 121.889
23.624 -121.896
23.624 121.896
23.625 -121.904
23.625 121.904
23.626 -121.911
23.626 121.911
23.627 -121.919
23.627 121.919
23.628 -121.926
23.628 121.926
23.629 -121.933
23.629 121.933
23.63 -121.941
23.63 121.941
23.631 -121.948
23.631 121.948
23.632 -121.956
23.632 121.956
23.633 -121.963
23.633 121.963
23.634 -121.971
23.634 121.971
23.635 -121.978
23.635 121.978
23.636 -121.986
23.636 121.986
23.637 -121.993
23.637 121.993
23.638 -122
23.638 122
23.639 -122.008
23.639 122.008
23.64 -122.015
23.64 122.015
23.641 -122.023
23.641 122.023
23.642 -122.03
23.642 122.03
23.643 -122.038
23.643 122.038
23.644 -122.045
23.644 122.045
23.645 -122.053
23.645 122.053
23.646 -122.06
23.646 122.06
23.647 -122.068
23.647 122.068
23.648 -122.075
23.648 122.075
23.649 -122.082
23.649 122.082
23.65 -122.09
23.65 122.09
23.651 -122.097
23.651 122.097
23.652 -122.105
23.652 122.105
23.653 -122.112
23.653 122.112
23.654 -122.12
23.654 122.12
23.655 -122.127
23.655 122.127
23.656 -122.135
23.656 122.135
23.657 -122.142
23.657 122.142
23.658 -122.15
23.658 122.15
23.659 -122.157
23.659 122.157
23.66 -122.164
23.66 122.164
23.661 -122.172
23.661 122.172
23.662 -122.179
23.662 122.179
23.663 -122.187
23.663 122.187
23.664 -122.194
23.664 122.194
23.665 -122.202
23.665 122.202
23.666 -122.209
23.666 122.209
23.667 -122.217
23.667 122.217
23.668 -122.224
23.668 122.224
23.669 -122.232
23.669 122.232
23.67 -122.239
23.67 122.239
23.671 -122.246
23.671 122.246
23.672 -122.254
23.672 122.254
23.673 -122.261
23.673 122.261
23.674 -122.269
23.674 122.269
23.675 -122.276
23.675 122.276
23.676 -122.284
23.676 122.284
23.677 -122.291
23.677 122.291
23.678 -122.299
23.678 122.299
23.679 -122.306
23.679 122.306
23.68 -122.314
23.68 122.314
23.681 -122.321
23.681 122.321
23.682 -122.328
23.682 122.328
23.683 -122.336
23.683 122.336
23.684 -122.343
23.684 122.343
23.685 -122.351
23.685 122.351
23.686 -122.358
23.686 122.358
23.687 -122.366
23.687 122.366
23.688 -122.373
23.688 122.373
23.689 -122.381
23.689 122.381
23.69 -122.388
23.69 122.388
23.691 -122.396
23.691 122.396
23.692 -122.403
23.692 122.403
23.693 -122.411
23.693 122.411
23.694 -122.418
23.694 122.418
23.695 -122.425
23.695 122.425
23.696 -122.433
23.696 122.433
23.697 -122.44
23.697 122.44
23.698 -122.448
23.698 122.448
23.699 -122.455
23.699 122.455
23.7 -122.463
23.7 122.463
23.701 -122.47
23.701 122.47
23.702 -122.478
23.702 122.478
23.703 -122.485
23.703 122.485
23.704 -122.493
23.704 122.493
23.705 -122.5
23.705 122.5
23.706 -122.508
23.706 122.508
23.707 -122.515
23.707 122.515
23.708 -122.522
23.708 122.522
23.709 -122.53
23.709 122.53
23.71 -122.537
23.71 122.537
23.711 -122.545
23.711 122.545
23.712 -122.552
23.712 122.552
23.713 -122.56
23.713 122.56
23.714 -122.567
23.714 122.567
23.715 -122.575
23.715 122.575
23.716 -122.582
23.716 122.582
23.717 -122.59
23.717 122.59
23.718 -122.597
23.718 122.597
23.719 -122.605
23.719 122.605
23.72 -122.612
23.72 122.612
23.721 -122.619
23.721 122.619
23.722 -122.627
23.722 122.627
23.723 -122.634
23.723 122.634
23.724 -122.642
23.724 122.642
23.725 -122.649
23.725 122.649
23.726 -122.657
23.726 122.657
23.727 -122.664
23.727 122.664
23.728 -122.672
23.728 122.672
23.729 -122.679
23.729 122.679
23.73 -122.687
23.73 122.687
23.731 -122.694
23.731 122.694
23.732 -122.702
23.732 122.702
23.733 -122.709
23.733 122.709
23.734 -122.716
23.734 122.716
23.735 -122.724
23.735 122.724
23.736 -122.731
23.736 122.731
23.737 -122.739
23.737 122.739
23.738 -122.746
23.738 122.746
23.739 -122.754
23.739 122.754
23.74 -122.761
23.74 122.761
23.741 -122.769
23.741 122.769
23.742 -122.776
23.742 122.776
23.743 -122.784
23.743 122.784
23.744 -122.791
23.744 122.791
23.745 -122.799
23.745 122.799
23.746 -122.806
23.746 122.806
23.747 -122.814
23.747 122.814
23.748 -122.821
23.748 122.821
23.749 -122.828
23.749 122.828
23.75 -122.836
23.75 122.836
23.751 -122.843
23.751 122.843
23.752 -122.851
23.752 122.851
23.753 -122.858
23.753 122.858
23.754 -122.866
23.754 122.866
23.755 -122.873
23.755 122.873
23.756 -122.881
23.756 122.881
23.757 -122.888
23.757 122.888
23.758 -122.896
23.758 122.896
23.759 -122.903
23.759 122.903
23.76 -122.911
23.76 122.911
23.761 -122.918
23.761 122.918
23.762 -122.926
23.762 122.926
23.763 -122.933
23.763 122.933
23.764 -122.941
23.764 122.941
23.765 -122.948
23.765 122.948
23.766 -122.955
23.766 122.955
23.767 -122.963
23.767 122.963
23.768 -122.97
23.768 122.97
23.769 -122.978
23.769 122.978
23.77 -122.985
23.77 122.985
23.771 -122.993
23.771 122.993
23.772 -123
23.772 123
23.773 -123.008
23.773 123.008
23.774 -123.015
23.774 123.015
23.775 -123.023
23.775 123.023
23.776 -123.03
23.776 123.03
23.777 -123.038
23.777 123.038
23.778 -123.045
23.778 123.045
23.779 -123.053
23.779 123.053
23.78 -123.06
23.78 123.06
23.781 -123.068
23.781 123.068
23.782 -123.075
23.782 123.075
23.783 -123.082
23.783 123.082
23.784 -123.09
23.784 123.09
23.785 -123.097
23.785 123.097
23.786 -123.105
23.786 123.105
23.787 -123.112
23.787 123.112
23.788 -123.12
23.788 123.12
23.789 -123.127
23.789 123.127
23.79 -123.135
23.79 123.135
23.791 -123.142
23.791 123.142
23.792 -123.15
23.792 123.15
23.793 -123.157
23.793 123.157
23.794 -123.165
23.794 123.165
23.795 -123.172
23.795 123.172
23.796 -123.18
23.796 123.18
23.797 -123.187
23.797 123.187
23.798 -123.195
23.798 123.195
23.799 -123.202
23.799 123.202
23.8 -123.21
23.8 123.21
23.801 -123.217
23.801 123.217
23.802 -123.224
23.802 123.224
23.803 -123.232
23.803 123.232
23.804 -123.239
23.804 123.239
23.805 -123.247
23.805 123.247
23.806 -123.254
23.806 123.254
23.807 -123.262
23.807 123.262
23.808 -123.269
23.808 123.269
23.809 -123.277
23.809 123.277
23.81 -123.284
23.81 123.284
23.811 -123.292
23.811 123.292
23.812 -123.299
23.812 123.299
23.813 -123.307
23.813 123.307
23.814 -123.314
23.814 123.314
23.815 -123.322
23.815 123.322
23.816 -123.329
23.816 123.329
23.817 -123.337
23.817 123.337
23.818 -123.344
23.818 123.344
23.819 -123.352
23.819 123.352
23.82 -123.359
23.82 123.359
23.821 -123.367
23.821 123.367
23.822 -123.374
23.822 123.374
23.823 -123.382
23.823 123.382
23.824 -123.389
23.824 123.389
23.825 -123.396
23.825 123.396
23.826 -123.404
23.826 123.404
23.827 -123.411
23.827 123.411
23.828 -123.419
23.828 123.419
23.829 -123.426
23.829 123.426
23.83 -123.434
23.83 123.434
23.831 -123.441
23.831 123.441
23.832 -123.449
23.832 123.449
23.833 -123.456
23.833 123.456
23.834 -123.464
23.834 123.464
23.835 -123.471
23.835 123.471
23.836 -123.479
23.836 123.479
23.837 -123.486
23.837 123.486
23.838 -123.494
23.838 123.494
23.839 -123.501
23.839 123.501
23.84 -123.509
23.84 123.509
23.841 -123.516
23.841 123.516
23.842 -123.524
23.842 123.524
23.843 -123.531
23.843 123.531
23.844 -123.539
23.844 123.539
23.845 -123.546
23.845 123.546
23.846 -123.554
23.846 123.554
23.847 -123.561
23.847 123.561
23.848 -123.569
23.848 123.569
23.849 -123.576
23.849 123.576
23.85 -123.584
23.85 123.584
23.851 -123.591
23.851 123.591
23.852 -123.598
23.852 123.598
23.853 -123.606
23.853 123.606
23.854 -123.613
23.854 123.613
23.855 -123.621
23.855 123.621
23.856 -123.628
23.856 123.628
23.857 -123.636
23.857 123.636
23.858 -123.643
23.858 123.643
23.859 -123.651
23.859 123.651
23.86 -123.658
23.86 123.658
23.861 -123.666
23.861 123.666
23.862 -123.673
23.862 123.673
23.863 -123.681
23.863 123.681
23.864 -123.688
23.864 123.688
23.865 -123.696
23.865 123.696
23.866 -123.703
23.866 123.703
23.867 -123.711
23.867 123.711
23.868 -123.718
23.868 123.718
23.869 -123.726
23.869 123.726
23.87 -123.733
23.87 123.733
23.871 -123.741
23.871 123.741
23.872 -123.748
23.872 123.748
23.873 -123.756
23.873 123.756
23.874 -123.763
23.874 123.763
23.875 -123.771
23.875 123.771
23.876 -123.778
23.876 123.778
23.877 -123.786
23.877 123.786
23.878 -123.793
23.878 123.793
23.879 -123.801
23.879 123.801
23.88 -123.808
23.88 123.808
23.881 -123.816
23.881 123.816
23.882 -123.823
23.882 123.823
23.883 -123.831
23.883 123.831
23.884 -123.838
23.884 123.838
23.885 -123.846
23.885 123.846
23.886 -123.853
23.886 123.853
23.887 -123.86
23.887 123.86
23.888 -123.868
23.888 123.868
23.889 -123.875
23.889 123.875
23.89 -123.883
23.89 123.883
23.891 -123.89
23.891 123.89
23.892 -123.898
23.892 123.898
23.893 -123.905
23.893 123.905
23.894 -123.913
23.894 123.913
23.895 -123.92
23.895 123.92
23.896 -123.928
23.896 123.928
23.897 -123.935
23.897 123.935
23.898 -123.943
23.898 123.943
23.899 -123.95
23.899 123.95
23.9 -123.958
23.9 123.958
23.901 -123.965
23.901 123.965
23.902 -123.973
23.902 123.973
23.903 -123.98
23.903 123.98
23.904 -123.988
23.904 123.988
23.905 -123.995
23.905 123.995
23.906 -124.003
23.906 124.003
23.907 -124.01
23.907 124.01
23.908 -124.018
23.908 124.018
23.909 -124.025
23.909 124.025
23.91 -124.033
23.91 124.033
23.911 -124.04
23.911 124.04
23.912 -124.048
23.912 124.048
23.913 -124.055
23.913 124.055
23.914 -124.063
23.914 124.063
23.915 -124.07
23.915 124.07
23.916 -124.078
23.916 124.078
23.917 -124.085
23.917 124.085
23.918 -124.093
23.918 124.093
23.919 -124.1
23.919 124.1
23.92 -124.108
23.92 124.108
23.921 -124.115
23.921 124.115
23.922 -124.123
23.922 124.123
23.923 -124.13
23.923 124.13
23.924 -124.138
23.924 124.138
23.925 -124.145
23.925 124.145
23.926 -124.153
23.926 124.153
23.927 -124.16
23.927 124.16
23.928 -124.168
23.928 124.168
23.929 -124.175
23.929 124.175
23.93 -124.183
23.93 124.183
23.931 -124.19
23.931 124.19
23.932 -124.198
23.932 124.198
23.933 -124.205
23.933 124.205
23.934 -124.213
23.934 124.213
23.935 -124.22
23.935 124.22
23.936 -124.228
23.936 124.228
23.937 -124.235
23.937 124.235
23.938 -124.243
23.938 124.243
23.939 -124.25
23.939 124.25
23.94 -124.258
23.94 124.258
23.941 -124.265
23.941 124.265
23.942 -124.273
23.942 124.273
23.943 -124.28
23.943 124.28
23.944 -124.288
23.944 124.288
23.945 -124.295
23.945 124.295
23.946 -124.303
23.946 124.303
23.947 -124.31
23.947 124.31
23.948 -124.318
23.948 124.318
23.949 -124.325
23.949 124.325
23.95 -124.333
23.95 124.333
23.951 -124.34
23.951 124.34
23.952 -124.348
23.952 124.348
23.953 -124.355
23.953 124.355
23.954 -124.363
23.954 124.363
23.955 -124.37
23.955 124.37
23.956 -124.378
23.956 124.378
23.957 -124.385
23.957 124.385
23.958 -124.393
23.958 124.393
23.959 -124.4
23.959 124.4
23.96 -124.408
23.96 124.408
23.961 -124.415
23.961 124.415
23.962 -124.423
23.962 124.423
23.963 -124.43
23.963 124.43
23.964 -124.438
23.964 124.438
23.965 -124.445
23.965 124.445
23.966 -124.453
23.966 124.453
23.967 -124.46
23.967 124.46
23.968 -124.468
23.968 124.468
23.969 -124.475
23.969 124.475
23.97 -124.483
23.97 124.483
23.971 -124.49
23.971 124.49
23.972 -124.498
23.972 124.498
23.973 -124.505
23.973 124.505
23.974 -124.513
23.974 124.513
23.975 -124.52
23.975 124.52
23.976 -124.528
23.976 124.528
23.977 -124.535
23.977 124.535
23.978 -124.543
23.978 124.543
23.979 -124.55
23.979 124.55
23.98 -124.558
23.98 124.558
23.981 -124.565
23.981 124.565
23.982 -124.573
23.982 124.573
23.983 -124.58
23.983 124.58
23.984 -124.588
23.984 124.588
23.985 -124.595
23.985 124.595
23.986 -124.603
23.986 124.603
23.987 -124.61
23.987 124.61
23.988 -124.618
23.988 124.618
23.989 -124.625
23.989 124.625
23.99 -124.633
23.99 124.633
23.991 -124.64
23.991 124.64
23.992 -124.648
23.992 124.648
23.993 -124.655
23.993 124.655
23.994 -124.663
23.994 124.663
23.995 -124.67
23.995 124.67
23.996 -124.678
23.996 124.678
23.997 -124.685
23.997 124.685
23.998 -124.693
23.998 124.693
23.999 -124.7
23.999 124.7
