-2.879 -0.0540885
-2.879 0.0540885
-2.878 -0.102527
-2.878 0.102527
-2.877 -0.134487
-2.877 0.134487
-2.876 -0.160158
-2.876 0.160158
-2.875 -0.182217
-2.875 0.182217
-2.874 -0.201852
-2.874 0.201852
-2.873 -0.219714
-2.873 0.219714
-2.872 -0.236206
-2.872 0.236206
-2.871 -0.251596
-2.871 0.251596
-2.87 -0.266077
-2.87 0.266077
-2.869 -0.279789
-2.869 0.279789
-2.868 -0.292841
-2.868 0.292841
-2.867 -0.305317
-2.867 0.305317
-2.866 -0.317286
-2.866 0.317286
-2.865 -0.328801
-2.865 0.328801
-2.864 -0.339911
-2.864 0.339911
-2.863 -0.350653
-2.863 0.350653
-2.862 -0.36106
-2.862 0.36106
-2.861 -0.37116
-2.861 0.37116
-2.86 -0.380978
-2.86 0.380978
-2.859 -0.390535
-2.859 0.390535
-2.858 -0.399849
-2.858 0.399849
-2.857 -0.408938
-2.857 0.408938
-2.856 -0.417816
-2.856 0.417816
-2.855 -0.426496
-2.855 0.426496
-2.854 -0.43499
-2.854 0.43499
-2.853 -0.443309
-2.853 0.443309
-2.852 -0.451462
-2.852 0.451462
-2.851 -0.459458
-2.851 0.459458
-2.85 -0.467306
-2.85 0.467306
-2.849 -0.475013
-2.849 0.475013
-2.848 -0.482585
-2.848 0.482585
-2.847 -0.490028
-2.847 0.490028
-2.846 -0.497349
-2.846 0.497349
-2.845 -0.504553
-2.845 0.504553
-2.844 -0.511645
-2.844 0.511645
-2.843 -0.518629
-2.843 0.518629
-2.842 -0.52551
-2.842 0.52551
-2.841 -0.532291
-2.841 0.532291
-2.84 -0.538977
-2.84 0.538977
-2.839 -0.545571
-2.839 0.545571
-2.838 -0.552076
-2.838 0.552076
-2.837 -0.558495
-2.837 0.558495
-2.836 -0.564832
-2.836 0.564832
-2.835 -0.571089
-2.835 0.571089
-2.834 -0.577268
-2.834 0.577268
-2.833 -0.583372
-2.833 0.583372
-2.832 -0.589404
-2.832 0.589404
-2.831 -0.595366
-2.831 0.595366
-2.83 -0.60126
-2.83 0.60126
-2.829 -0.607087
-2.829 0.607087
-2.828 -0.612849
-2.828 0.612849
-2.827 -0.61855
-2.827 0.61855
-2.826 -0.624189
-2.826 0.624189
-2.825 -0.629769
-2.825 0.629769
-2.824 -0.635292
-2.824 0.635292
-2.823 -0.640758
-2.823 0.640758
-2.822 -0.64617
-2.822 0.64617
-2.821 -0.651528
-2.821 0.651528
-2.82 -0.656835
-2.82 0.656835
-2.819 -0.66209
-2.819 0.66209
-2.818 -0.667296
-2.818 0.667296
-2.817 -0.672454
-2.817 0.672454
-2.816 -0.677564
-2.816 0.677564
-2.815 -0.682628
-2.815 0.682628
-2.814 -0.687647
-2.814 0.687647
-2.813 -0.692622
-2.813 0.692622
-2.812 -0.697553
-2.812 0.697553
-2.811 -0.702442
-2.811 0.702442
-2.81 -0.70729
-2.81 0.70729
-2.809 -0.712097
-2.809 0.712097
-2.808 -0.716864
-2.808 0.716864
-2.807 -0.721592
-2.807 0.721592
-2.806 -0.726282
-2.806 0.726282
-2.805 -0.730934
-2.805 0.730934
-2.804 -0.73555
-2.804 0.73555
-2.803 -0.740129
-2.803 0.740129
-2.802 -0.744673
-2.802 0.744673
-2.801 -0.749183
-2.801 0.749183
-2.8 -0.753658
-2.8 0.753658
-2.799 -0.758099
-2.799 0.758099
-2.798 -0.762508
-2.798 0.762508
-2.797 -0.766884
-2.797 0.766884
-2.796 -0.771229
-2.796 0.771229
-2.795 -0.775542
-2.795 0.775542
-2.794 -0.779824
-2.794 0.779824
-2.793 -0.784076
-2.793 0.784076
-2.792 -0.788299
-2.792 0.788299
-2.791 -0.792492
-2.791 0.792492
-2.79 -0.796656
-2.79 0.796656
-2.789 -0.800792
-2.789 0.800792
-2.788 -0.8049
-2.788 0.8049
-2.787 -0.808981
-2.787 0.808981
-2.786 -0.813034
-2.786 0.813034
-2.785 -0.817061
-2.785 0.817061
-2.784 -0.821061
-2.784 0.821061
-2.783 -0.825036
-2.783 0.825036
-2.782 -0.828985
-2.782 0.828985
-2.781 -0.832909
-2.781 0.832909
-2.78 -0.836808
-2.78 0.836808
-2.779 -0.840683
-2.779 0.840683
-2.778 -0.844534
-2.778 0.844534
-2.777 -0.848361
-2.777 0.848361
-2.776 -0.852164
-2.776 0.852164
-2.775 -0.855944
-2.775 0.855944
-2.774 -0.859702
-2.774 0.859702
-2.773 -0.863437
-2.773 0.863437
-2.772 -0.86715
-2.772 0.86715
-2.771 -0.87084
-2.771 0.87084
-2.77 -0.87451
-2.77 0.87451
-2.769 -0.878157
-2.769 0.878157
-2.768 -0.881784
-2.768 0.881784
-2.767 -0.88539
-2.767 0.88539
-2.766 -0.888975
-2.766 0.888975
-2.765 -0.89254
-2.765 0.89254
-2.764 -0.896085
-2.764 0.896085
-2.763 -0.89961
-2.763 0.89961
-2.762 -0.903115
-2.762 0.903115
-2.761 -0.906601
-2.761 0.906601
-2.76 -0.910068
-2.76 0.910068
-2.759 -0.913516
-2.759 0.913516
-2.758 -0.916945
-2.758 0.916945
-2.757 -0.920356
-2.757 0.920356
-2.756 -0.923748
-2.756 0.923748
-2.755 -0.927122
-2.755 0.927122
-2.754 -0.930479
-2.754 0.930479
-2.753 -0.933818
-2.753 0.933818
-2.752 -0.937139
-2.752 0.937139
-2.751 -0.940443
-2.751 0.940443
-2.75 -0.943729
-2.75 0.943729
-2.749 -0.946999
-2.749 0.946999
-2.748 -0.950252
-2.748 0.950252
-2.747 -0.953488
-2.747 0.953488
-2.746 -0.956708
-2.746 0.956708
-2.745 -0.959912
-2.745 0.959912
-2.744 -0.9631
-2.744 0.9631
-2.743 -0.966271
-2.743 0.966271
-2.742 -0.969427
-2.742 0.969427
-2.741 -0.972568
-2.741 0.972568
-2.74 -0.975693
-2.74 0.975693
-2.739 -0.978802
-2.739 0.978802
-2.738 -0.981896
-2.738 0.981896
-2.737 -0.984976
-2.737 0.984976
-2.736 -0.98804
-2.736 0.98804
-2.735 -0.99109
-2.735 0.99109
-2.734 -0.994125
-2.734 0.994125
-2.733 -0.997146
-2.733 0.997146
-2.732 -1.00015
-2.732 1.00015
-2.731 -1.00314
-2.731 1.00314
-2.73 -1.00612
-2.73 1.00612
-2.729 -1.00909
-2.729 1.00909
-2.728 -1.01204
-2.728 1.01204
-2.727 -1.01497
-2.727 1.01497
-2.726 -1.0179
-2.726 1.0179
-2.725 -1.02081
-2.725 1.02081
-2.724 -1.0237
-2.724 1.0237
-2.723 -1.02659
-2.723 1.02659
-2.722 -1.02946
-2.722 1.02946
-2.721 -1.03231
-2.721 1.03231
-2.72 -1.03516
-2.72 1.03516
-2.719 -1.03799
-2.719 1.03799
-2.718 -1.04081
-2.718 1.04081
-2.717 -1.04361
-2.717 1.04361
-2.716 -1.04641
-2.716 1.04641
-2.715 -1.04919
-2.715 1.04919
-2.714 -1.05196
-2.714 1.05196
-2.713 -1.05472
-2.713 1.05472
-2.712 -1.05746
-2.712 1.05746
-2.711 -1.06019
-2.711 1.06019
-2.71 -1.06292
-2.71 1.06292
-2.709 -1.06562
-2.709 1.06562
-2.708 -1.06832
-2.708 1.06832
-2.707 -1.07101
-2.707 1.07101
-2.706 -1.07368
-2.706 1.07368
-2.705 -1.07635
-2.705 1.07635
-2.704 -1.079
-2.704 1.079
-2.703 -1.08164
-2.703 1.08164
-2.702 -1.08427
-2.702 1.08427
-2.701 -1.08689
-2.701 1.08689
-2.7 -1.0895
-2.7 1.0895
-2.699 -1.09209
-2.699 1.09209
-2.698 -1.09468
-2.698 1.09468
-2.697 -1.09725
-2.697 1.09725
-2.696 -1.09982
-2.696 1.09982
-2.695 -1.10237
-2.695 1.10237
-2.694 -1.10491
-2.694 1.10491
-2.693 -1.10745
-2.693 1.10745
-2.692 -1.10997
-2.692 1.10997
-2.691 -1.11248
-2.691 1.11248
-2.69 -1.11498
-2.69 1.11498
-2.689 -1.11748
-2.689 1.11748
-2.688 -1.11996
-2.688 1.11996
-2.687 -1.12243
-2.687 1.12243
-2.686 -1.12489
-2.686 1.12489
-2.685 -1.12734
-2.685 1.12734
-2.684 -1.12979
-2.684 1.12979
-2.683 -1.13222
-2.683 1.13222
-2.682 -1.13464
-2.682 1.13464
-2.681 -1.13706
-2.681 1.13706
-2.68 -1.13946
-2.68 1.13946
-2.679 -1.14185
-2.679 1.14185
-2.678 -1.14424
-2.678 1.14424
-2.677 -1.14661
-2.677 1.14661
-2.676 -1.14898
-2.676 1.14898
-2.675 -1.15134
-2.675 1.15134
-2.674 -1.15369
-2.674 1.15369
-2.673 -1.15602
-2.673 1.15602
-2.672 -1.15835
-2.672 1.15835
-2.671 -1.16067
-2.671 1.16067
-2.67 -1.16299
-2.67 1.16299
-2.669 -1.16529
-2.669 1.16529
-2.668 -1.16758
-2.668 1.16758
-2.667 -1.16987
-2.667 1.16987
-2.666 -1.17214
-2.666 1.17214
-2.665 -1.17441
-2.665 1.17441
-2.664 -1.17667
-2.664 1.17667
-2.663 -1.17892
-2.663 1.17892
-2.662 -1.18116
-2.662 1.18116
-2.661 -1.1834
-2.661 1.1834
-2.66 -1.18562
-2.66 1.18562
-2.659 -1.18784
-2.659 1.18784
-2.658 -1.19005
-2.658 1.19005
-2.657 -1.19225
-2.657 1.19225
-2.656 -1.19444
-2.656 1.19444
-2.655 -1.19663
-2.655 1.19663
-2.654 -1.1988
-2.654 1.1988
-2.653 -1.20097
-2.653 1.20097
-2.652 -1.20313
-2.652 1.20313
-2.651 -1.20528
-2.651 1.20528
-2.65 -1.20742
-2.65 1.20742
-2.649 -1.20956
-2.649 1.20956
-2.648 -1.21169
-2.648 1.21169
-2.647 -1.21381
-2.647 1.21381
-2.646 -1.21592
-2.646 1.21592
-2.645 -1.21803
-2.645 1.21803
-2.644 -1.22012
-2.644 1.22012
-2.643 -1.22221
-2.643 1.22221
-2.642 -1.2243
-2.642 1.2243
-2.641 -1.22637
-2.641 1.22637
-2.64 -1.22844
-2.64 1.22844
-2.639 -1.2305
-2.639 1.2305
-2.638 -1.23255
-2.638 1.23255
-2.637 -1.23459
-2.637 1.23459
-2.636 -1.23663
-2.636 1.23663
-2.635 -1.23866
-2.635 1.23866
-2.634 -1.24068
-2.634 1.24068
-2.633 -1.2427
-2.633 1.2427
-2.632 -1.24471
-2.632 1.24471
-2.631 -1.24671
-2.631 1.24671
-2.63 -1.2487
-2.63 1.2487
-2.629 -1.25069
-2.629 1.25069
-2.628 -1.25267
-2.628 1.25267
-2.627 -1.25464
-2.627 1.25464
-2.626 -1.25661
-2.626 1.25661
-2.625 -1.25856
-2.625 1.25856
-2.624 -1.26052
-2.624 1.26052
-2.623 -1.26246
-2.623 1.26246
-2.622 -1.2644
-2.622 1.2644
-2.621 -1.26633
-2.621 1.26633
-2.62 -1.26826
-2.62 1.26826
-2.619 -1.27017
-2.619 1.27017
-2.618 -1.27208
-2.618 1.27208
-2.617 -1.27399
-2.617 1.27399
-2.616 -1.27589
-2.616 1.27589
-2.615 -1.27778
-2.615 1.27778
-2.614 -1.27966
-2.614 1.27966
-2.613 -1.28154
-2.613 1.28154
-2.612 -1.28341
-2.612 1.28341
-2.611 -1.28528
-2.611 1.28528
-2.61 -1.28714
-2.61 1.28714
-2.609 -1.28899
-2.609 1.28899
-2.608 -1.29083
-2.608 1.29083
-2.607 -1.29267
-2.607 1.29267
-2.606 -1.29451
-2.606 1.29451
-2.605 -1.29633
-2.605 1.29633
-2.604 -1.29815
-2.604 1.29815
-2.603 -1.29997
-2.603 1.29997
-2.602 -1.30178
-2.602 1.30178
-2.601 -1.30358
-2.601 1.30358
-2.6 -1.30537
-2.6 1.30537
-2.599 -1.30716
-2.599 1.30716
-2.598 -1.30895
-2.598 1.30895
-2.597 -1.31072
-2.597 1.31072
-2.596 -1.3125
-2.596 1.3125
-2.595 -1.31426
-2.595 1.31426
-2.594 -1.31602
-2.594 1.31602
-2.593 -1.31777
-2.593 1.31777
-2.592 -1.31952
-2.592 1.31952
-2.591 -1.32126
-2.591 1.32126
-2.59 -1.323
-2.59 1.323
-2.589 -1.32473
-2.589 1.32473
-2.588 -1.32645
-2.588 1.32645
-2.587 -1.32817
-2.587 1.32817
-2.586 -1.32988
-2.586 1.32988
-2.585 -1.33159
-2.585 1.33159
-2.584 -1.33329
-2.584 1.33329
-2.583 -1.33498
-2.583 1.33498
-2.582 -1.33667
-2.582 1.33667
-2.581 -1.33835
-2.581 1.33835
-2.58 -1.34003
-2.58 1.34003
-2.579 -1.34171
-2.579 1.34171
-2.578 -1.34337
-2.578 1.34337
-2.577 -1.34503
-2.577 1.34503
-2.576 -1.34669
-2.576 1.34669
-2.575 -1.34834
-2.575 1.34834
-2.574 -1.34998
-2.574 1.34998
-2.573 -1.35162
-2.573 1.35162
-2.572 -1.35325
-2.572 1.35325
-2.571 -1.35488
-2.571 1.35488
-2.57 -1.35651
-2.57 1.35651
-2.569 -1.35812
-2.569 1.35812
-2.568 -1.35973
-2.568 1.35973
-2.567 -1.36134
-2.567 1.36134
-2.566 -1.36294
-2.566 1.36294
-2.565 -1.36454
-2.565 1.36454
-2.564 -1.36613
-2.564 1.36613
-2.563 -1.36771
-2.563 1.36771
-2.562 -1.36929
-2.562 1.36929
-2.561 -1.37087
-2.561 1.37087
-2.56 -1.37244
-2.56 1.37244
-2.559 -1.374
-2.559 1.374
-2.558 -1.37556
-2.558 1.37556
-2.557 -1.37711
-2.557 1.37711
-2.556 -1.37866
-2.556 1.37866
-2.555 -1.38021
-2.555 1.38021
-2.554 -1.38175
-2.554 1.38175
-2.553 -1.38328
-2.553 1.38328
-2.552 -1.38481
-2.552 1.38481
-2.551 -1.38633
-2.551 1.38633
-2.55 -1.38785
-2.55 1.38785
-2.549 -1.38936
-2.549 1.38936
-2.548 -1.39087
-2.548 1.39087
-2.547 -1.39237
-2.547 1.39237
-2.546 -1.39387
-2.546 1.39387
-2.545 -1.39537
-2.545 1.39537
-2.544 -1.39685
-2.544 1.39685
-2.543 -1.39834
-2.543 1.39834
-2.542 -1.39982
-2.542 1.39982
-2.541 -1.40129
-2.541 1.40129
-2.54 -1.40276
-2.54 1.40276
-2.539 -1.40422
-2.539 1.40422
-2.538 -1.40568
-2.538 1.40568
-2.537 -1.40714
-2.537 1.40714
-2.536 -1.40859
-2.536 1.40859
-2.535 -1.41003
-2.535 1.41003
-2.534 -1.41147
-2.534 1.41147
-2.533 -1.41291
-2.533 1.41291
-2.532 -1.41434
-2.532 1.41434
-2.531 -1.41577
-2.531 1.41577
-2.53 -1.41719
-2.53 1.41719
-2.529 -1.41861
-2.529 1.41861
-2.528 -1.42002
-2.528 1.42002
-2.527 -1.42143
-2.527 1.42143
-2.526 -1.42283
-2.526 1.42283
-2.525 -1.42423
-2.525 1.42423
-2.524 -1.42562
-2.524 1.42562
-2.523 -1.42701
-2.523 1.42701
-2.522 -1.42839
-2.522 1.42839
-2.521 -1.42977
-2.521 1.42977
-2.52 -1.43115
-2.52 1.43115
-2.519 -1.43252
-2.519 1.43252
-2.518 -1.43389
-2.518 1.43389
-2.517 -1.43525
-2.517 1.43525
-2.516 -1.43661
-2.516 1.43661
-2.515 -1.43796
-2.515 1.43796
-2.514 -1.43931
-2.514 1.43931
-2.513 -1.44066
-2.513 1.44066
-2.512 -1.442
-2.512 1.442
-2.511 -1.44333
-2.511 1.44333
-2.51 -1.44466
-2.51 1.44466
-2.509 -1.44599
-2.509 1.44599
-2.508 -1.44731
-2.508 1.44731
-2.507 -1.44863
-2.507 1.44863
-2.506 -1.44994
-2.506 1.44994
-2.505 -1.45125
-2.505 1.45125
-2.504 -1.45256
-2.504 1.45256
-2.503 -1.45386
-2.503 1.45386
-2.502 -1.45516
-2.502 1.45516
-2.501 -1.45645
-2.501 1.45645
-2.5 -1.45774
-2.5 1.45774
-2.499 -1.45902
-2.499 1.45902
-2.498 -1.4603
-2.498 1.4603
-2.497 -1.46158
-2.497 1.46158
-2.496 -1.46285
-2.496 1.46285
-2.495 -1.46412
-2.495 1.46412
-2.494 -1.46538
-2.494 1.46538
-2.493 -1.46664
-2.493 1.46664
-2.492 -1.46789
-2.492 1.46789
-2.491 -1.46914
-2.491 1.46914
-2.49 -1.47039
-2.49 1.47039
-2.489 -1.47163
-2.489 1.47163
-2.488 -1.47287
-2.488 1.47287
-2.487 -1.47411
-2.487 1.47411
-2.486 -1.47534
-2.486 1.47534
-2.485 -1.47656
-2.485 1.47656
-2.484 -1.47779
-2.484 1.47779
-2.483 -1.479
-2.483 1.479
-2.482 -1.48022
-2.482 1.48022
-2.481 -1.48143
-2.481 1.48143
-2.48 -1.48264
-2.48 1.48264
-2.479 -1.48384
-2.479 1.48384
-2.478 -1.48504
-2.478 1.48504
-2.477 -1.48623
-2.477 1.48623
-2.476 -1.48742
-2.476 1.48742
-2.475 -1.48861
-2.475 1.48861
-2.474 -1.48979
-2.474 1.48979
-2.473 -1.49097
-2.473 1.49097
-2.472 -1.49214
-2.472 1.49214
-2.471 -1.49332
-2.471 1.49332
-2.47 -1.49448
-2.47 1.49448
-2.469 -1.49565
-2.469 1.49565
-2.468 -1.4968
-2.468 1.4968
-2.467 -1.49796
-2.467 1.49796
-2.466 -1.49911
-2.466 1.49911
-2.465 -1.50026
-2.465 1.50026
-2.464 -1.5014
-2.464 1.5014
-2.463 -1.50254
-2.463 1.50254
-2.462 -1.50368
-2.462 1.50368
-2.461 -1.50481
-2.461 1.50481
-2.46 -1.50594
-2.46 1.50594
-2.459 -1.50707
-2.459 1.50707
-2.458 -1.50819
-2.458 1.50819
-2.457 -1.50931
-2.457 1.50931
-2.456 -1.51042
-2.456 1.51042
-2.455 -1.51153
-2.455 1.51153
-2.454 -1.51264
-2.454 1.51264
-2.453 -1.51374
-2.453 1.51374
-2.452 -1.51484
-2.452 1.51484
-2.451 -1.51594
-2.451 1.51594
-2.45 -1.51703
-2.45 1.51703
-2.449 -1.51812
-2.449 1.51812
-2.448 -1.5192
-2.448 1.5192
-2.447 -1.52028
-2.447 1.52028
-2.446 -1.52136
-2.446 1.52136
-2.445 -1.52243
-2.445 1.52243
-2.444 -1.5235
-2.444 1.5235
-2.443 -1.52457
-2.443 1.52457
-2.442 -1.52563
-2.442 1.52563
-2.441 -1.52669
-2.441 1.52669
-2.44 -1.52775
-2.44 1.52775
-2.439 -1.5288
-2.439 1.5288
-2.438 -1.52985
-2.438 1.52985
-2.437 -1.5309
-2.437 1.5309
-2.436 -1.53194
-2.436 1.53194
-2.435 -1.53297
-2.435 1.53297
-2.434 -1.53401
-2.434 1.53401
-2.433 -1.53504
-2.433 1.53504
-2.432 -1.53607
-2.432 1.53607
-2.431 -1.53709
-2.431 1.53709
-2.43 -1.53811
-2.43 1.53811
-2.429 -1.53913
-2.429 1.53913
-2.428 -1.54014
-2.428 1.54014
-2.427 -1.54115
-2.427 1.54115
-2.426 -1.54216
-2.426 1.54216
-2.425 -1.54317
-2.425 1.54317
-2.424 -1.54417
-2.424 1.54417
-2.423 -1.54516
-2.423 1.54516
-2.422 -1.54616
-2.422 1.54616
-2.421 -1.54715
-2.421 1.54715
-2.42 -1.54813
-2.42 1.54813
-2.419 -1.54911
-2.419 1.54911
-2.418 -1.55009
-2.418 1.55009
-2.417 -1.55107
-2.417 1.55107
-2.416 -1.55204
-2.416 1.55204
-2.415 -1.55301
-2.415 1.55301
-2.414 -1.55398
-2.414 1.55398
-2.413 -1.55494
-2.413 1.55494
-2.412 -1.5559
-2.412 1.5559
-2.411 -1.55686
-2.411 1.55686
-2.41 -1.55781
-2.41 1.55781
-2.409 -1.55876
-2.409 1.55876
-2.408 -1.55971
-2.408 1.55971
-2.407 -1.56065
-2.407 1.56065
-2.406 -1.56159
-2.406 1.56159
-2.405 -1.56253
-2.405 1.56253
-2.404 -1.56346
-2.404 1.56346
-2.403 -1.56439
-2.403 1.56439
-2.402 -1.56532
-2.402 1.56532
-2.401 -1.56624
-2.401 1.56624
-2.4 -1.56716
-2.4 1.56716
-2.399 -1.56808
-2.399 1.56808
-2.398 -1.56899
-2.398 1.56899
-2.397 -1.56991
-2.397 1.56991
-2.396 -1.57081
-2.396 1.57081
-2.395 -1.57172
-2.395 1.57172
-2.394 -1.57262
-2.394 1.57262
-2.393 -1.57352
-2.393 1.57352
-2.392 -1.57441
-2.392 1.57441
-2.391 -1.5753
-2.391 1.5753
-2.39 -1.57619
-2.39 1.57619
-2.389 -1.57708
-2.389 1.57708
-2.388 -1.57796
-2.388 1.57796
-2.387 -1.57884
-2.387 1.57884
-2.386 -1.57972
-2.386 1.57972
-2.385 -1.58059
-2.385 1.58059
-2.384 -1.58146
-2.384 1.58146
-2.383 -1.58232
-2.383 1.58232
-2.382 -1.58319
-2.382 1.58319
-2.381 -1.58405
-2.381 1.58405
-2.38 -1.58491
-2.38 1.58491
-2.379 -1.58576
-2.379 1.58576
-2.378 -1.58661
-2.378 1.58661
-2.377 -1.58746
-2.377 1.58746
-2.376 -1.58831
-2.376 1.58831
-2.375 -1.58915
-2.375 1.58915
-2.374 -1.58999
-2.374 1.58999
-2.373 -1.59082
-2.373 1.59082
-2.372 -1.59166
-2.372 1.59166
-2.371 -1.59249
-2.371 1.59249
-2.37 -1.59331
-2.37 1.59331
-2.369 -1.59414
-2.369 1.59414
-2.368 -1.59496
-2.368 1.59496
-2.367 -1.59578
-2.367 1.59578
-2.366 -1.59659
-2.366 1.59659
-2.365 -1.5974
-2.365 1.5974
-2.364 -1.59821
-2.364 1.59821
-2.363 -1.59902
-2.363 1.59902
-2.362 -1.59982
-2.362 1.59982
-2.361 -1.60062
-2.361 1.60062
-2.36 -1.60142
-2.36 1.60142
-2.359 -1.60221
-2.359 1.60221
-2.358 -1.60301
-2.358 1.60301
-2.357 -1.60379
-2.357 1.60379
-2.356 -1.60458
-2.356 1.60458
-2.355 -1.60536
-2.355 1.60536
-2.354 -1.60614
-2.354 1.60614
-2.353 -1.60692
-2.353 1.60692
-2.352 -1.60769
-2.352 1.60769
-2.351 -1.60846
-2.351 1.60846
-2.35 -1.60923
-2.35 1.60923
-2.349 -1.61
-2.349 1.61
-2.348 -1.61076
-2.348 1.61076
-2.347 -1.61152
-2.347 1.61152
-2.346 -1.61227
-2.346 1.61227
-2.345 -1.61303
-2.345 1.61303
-2.344 -1.61378
-2.344 1.61378
-2.343 -1.61453
-2.343 1.61453
-2.342 -1.61527
-2.342 1.61527
-2.341 -1.61602
-2.341 1.61602
-2.34 -1.61675
-2.34 1.61675
-2.339 -1.61749
-2.339 1.61749
-2.338 -1.61823
-2.338 1.61823
-2.337 -1.61896
-2.337 1.61896
-2.336 -1.61968
-2.336 1.61968
-2.335 -1.62041
-2.335 1.62041
-2.334 -1.62113
-2.334 1.62113
-2.333 -1.62185
-2.333 1.62185
-2.332 -1.62257
-2.332 1.62257
-2.331 -1.62328
-2.331 1.62328
-2.33 -1.624
-2.33 1.624
-2.329 -1.6247
-2.329 1.6247
-2.328 -1.62541
-2.328 1.62541
-2.327 -1.62611
-2.327 1.62611
-2.326 -1.62681
-2.326 1.62681
-2.325 -1.62751
-2.325 1.62751
-2.324 -1.62821
-2.324 1.62821
-2.323 -1.6289
-2.323 1.6289
-2.322 -1.62959
-2.322 1.62959
-2.321 -1.63028
-2.321 1.63028
-2.32 -1.63096
-2.32 1.63096
-2.319 -1.63164
-2.319 1.63164
-2.318 -1.63232
-2.318 1.63232
-2.317 -1.633
-2.317 1.633
-2.316 -1.63367
-2.316 1.63367
-2.315 -1.63434
-2.315 1.63434
-2.314 -1.63501
-2.314 1.63501
-2.313 -1.63567
-2.313 1.63567
-2.312 -1.63634
-2.312 1.63634
-2.311 -1.637
-2.311 1.637
-2.31 -1.63765
-2.31 1.63765
-2.309 -1.63831
-2.309 1.63831
-2.308 -1.63896
-2.308 1.63896
-2.307 -1.63961
-2.307 1.63961
-2.306 -1.64026
-2.306 1.64026
-2.305 -1.6409
-2.305 1.6409
-2.304 -1.64154
-2.304 1.64154
-2.303 -1.64218
-2.303 1.64218
-2.302 -1.64282
-2.302 1.64282
-2.301 -1.64345
-2.301 1.64345
-2.3 -1.64408
-2.3 1.64408
-2.299 -1.64471
-2.299 1.64471
-2.298 -1.64533
-2.298 1.64533
-2.297 -1.64596
-2.297 1.64596
-2.296 -1.64658
-2.296 1.64658
-2.295 -1.6472
-2.295 1.6472
-2.294 -1.64781
-2.294 1.64781
-2.293 -1.64842
-2.293 1.64842
-2.292 -1.64903
-2.292 1.64903
-2.291 -1.64964
-2.291 1.64964
-2.29 -1.65025
-2.29 1.65025
-2.289 -1.65085
-2.289 1.65085
-2.288 -1.65145
-2.288 1.65145
-2.287 -1.65205
-2.287 1.65205
-2.286 -1.65264
-2.286 1.65264
-2.285 -1.65323
-2.285 1.65323
-2.284 -1.65382
-2.284 1.65382
-2.283 -1.65441
-2.283 1.65441
-2.282 -1.65499
-2.282 1.65499
-2.281 -1.65558
-2.281 1.65558
-2.28 -1.65615
-2.28 1.65615
-2.279 -1.65673
-2.279 1.65673
-2.278 -1.65731
-2.278 1.65731
-2.277 -1.65788
-2.277 1.65788
-2.276 -1.65845
-2.276 1.65845
-2.275 -1.65901
-2.275 1.65901
-2.274 -1.65958
-2.274 1.65958
-2.273 -1.66014
-2.273 1.66014
-2.272 -1.6607
-2.272 1.6607
-2.271 -1.66126
-2.271 1.66126
-2.27 -1.66181
-2.27 1.66181
-2.269 -1.66236
-2.269 1.66236
-2.268 -1.66291
-2.268 1.66291
-2.267 -1.66346
-2.267 1.66346
-2.266 -1.664
-2.266 1.664
-2.265 -1.66455
-2.265 1.66455
-2.264 -1.66509
-2.264 1.66509
-2.263 -1.66562
-2.263 1.66562
-2.262 -1.66616
-2.262 1.66616
-2.261 -1.66669
-2.261 1.66669
-2.26 -1.66722
-2.26 1.66722
-2.259 -1.66775
-2.259 1.66775
-2.258 -1.66827
-2.258 1.66827
-2.257 -1.6688
-2.257 1.6688
-2.256 -1.66932
-2.256 1.66932
-2.255 -1.66983
-2.255 1.66983
-2.254 -1.67035
-2.254 1.67035
-2.253 -1.67086
-2.253 1.67086
-2.252 -1.67137
-2.252 1.67137
-2.251 -1.67188
-2.251 1.67188
-2.25 -1.67239
-2.25 1.67239
-2.249 -1.67289
-2.249 1.67289
-2.248 -1.67339
-2.248 1.67339
-2.247 -1.67389
-2.247 1.67389
-2.246 -1.67438
-2.246 1.67438
-2.245 -1.67488
-2.245 1.67488
-2.244 -1.67537
-2.244 1.67537
-2.243 -1.67586
-2.243 1.67586
-2.242 -1.67635
-2.242 1.67635
-2.241 -1.67683
-2.241 1.67683
-2.24 -1.67731
-2.24 1.67731
-2.239 -1.67779
-2.239 1.67779
-2.238 -1.67827
-2.238 1.67827
-2.237 -1.67874
-2.237 1.67874
-2.236 -1.67922
-2.236 1.67922
-2.235 -1.67969
-2.235 1.67969
-2.234 -1.68015
-2.234 1.68015
-2.233 -1.68062
-2.233 1.68062
-2.232 -1.68108
-2.232 1.68108
-2.231 -1.68154
-2.231 1.68154
-2.23 -1.682
-2.23 1.682
-2.229 -1.68246
-2.229 1.68246
-2.228 -1.68291
-2.228 1.68291
-2.227 -1.68336
-2.227 1.68336
-2.226 -1.68381
-2.226 1.68381
-2.225 -1.68426
-2.225 1.68426
-2.224 -1.68471
-2.224 1.68471
-2.223 -1.68515
-2.223 1.68515
-2.222 -1.68559
-2.222 1.68559
-2.221 -1.68603
-2.221 1.68603
-2.22 -1.68646
-2.22 1.68646
-2.219 -1.68689
-2.219 1.68689
-2.218 -1.68733
-2.218 1.68733
-2.217 -1.68775
-2.217 1.68775
-2.216 -1.68818
-2.216 1.68818
-2.215 -1.6886
-2.215 1.6886
-2.214 -1.68903
-2.214 1.68903
-2.213 -1.68945
-2.213 1.68945
-2.212 -1.68986
-2.212 1.68986
-2.211 -1.69028
-2.211 1.69028
-2.21 -1.69069
-2.21 1.69069
-2.209 -1.6911
-2.209 1.6911
-2.208 -1.69151
-2.208 1.69151
-2.207 -1.69192
-2.207 1.69192
-2.206 -1.69232
-2.206 1.69232
-2.205 -1.69272
-2.205 1.69272
-2.204 -1.69312
-2.204 1.69312
-2.203 -1.69352
-2.203 1.69352
-2.202 -1.69391
-2.202 1.69391
-2.201 -1.69431
-2.201 1.69431
-2.2 -1.6947
-2.2 1.6947
-2.199 -1.69509
-2.199 1.69509
-2.198 -1.69547
-2.198 1.69547
-2.197 -1.69586
-2.197 1.69586
-2.196 -1.69624
-2.196 1.69624
-2.195 -1.69662
-2.195 1.69662
-2.194 -1.69699
-2.194 1.69699
-2.193 -1.69737
-2.193 1.69737
-2.192 -1.69774
-2.192 1.69774
-2.191 -1.69811
-2.191 1.69811
-2.19 -1.69848
-2.19 1.69848
-2.189 -1.69885
-2.189 1.69885
-2.188 -1.69921
-2.188 1.69921
-2.187 -1.69957
-2.187 1.69957
-2.186 -1.69993
-2.186 1.69993
-2.185 -1.70029
-2.185 1.70029
-2.184 -1.70065
-2.184 1.70065
-2.183 -1.701
-2.183 1.701
-2.182 -1.70135
-2.182 1.70135
-2.181 -1.7017
-2.181 1.7017
-2.18 -1.70205
-2.18 1.70205
-2.179 -1.70239
-2.179 1.70239
-2.178 -1.70274
-2.178 1.70274
-2.177 -1.70308
-2.177 1.70308
-2.176 -1.70341
-2.176 1.70341
-2.175 -1.70375
-2.175 1.70375
-2.174 -1.70408
-2.174 1.70408
-2.173 -1.70442
-2.173 1.70442
-2.172 -1.70475
-2.172 1.70475
-2.171 -1.70507
-2.171 1.70507
-2.17 -1.7054
-2.17 1.7054
-2.169 -1.70572
-2.169 1.70572
-2.168 -1.70604
-2.168 1.70604
-2.167 -1.70636
-2.167 1.70636
-2.166 -1.70668
-2.166 1.70668
-2.165 -1.707
-2.165 1.707
-2.164 -1.70731
-2.164 1.70731
-2.163 -1.70762
-2.163 1.70762
-2.162 -1.70793
-2.162 1.70793
-2.161 -1.70823
-2.161 1.70823
-2.16 -1.70854
-2.16 1.70854
-2.159 -1.70884
-2.159 1.70884
-2.158 -1.70914
-2.158 1.70914
-2.157 -1.70944
-2.157 1.70944
-2.156 -1.70974
-2.156 1.70974
-2.155 -1.71003
-2.155 1.71003
-2.154 -1.71032
-2.154 1.71032
-2.153 -1.71061
-2.153 1.71061
-2.152 -1.7109
-2.152 1.7109
-2.151 -1.71118
-2.151 1.71118
-2.15 -1.71147
-2.15 1.71147
-2.149 -1.71175
-2.149 1.71175
-2.148 -1.71203
-2.148 1.71203
-2.147 -1.71231
-2.147 1.71231
-2.146 -1.71258
-2.146 1.71258
-2.145 -1.71286
-2.145 1.71286
-2.144 -1.71313
-2.144 1.71313
-2.143 -1.7134
-2.143 1.7134
-2.142 -1.71366
-2.142 1.71366
-2.141 -1.71393
-2.141 1.71393
-2.14 -1.71419
-2.14 1.71419
-2.139 -1.71445
-2.139 1.71445
-2.138 -1.71471
-2.138 1.71471
-2.137 -1.71497
-2.137 1.71497
-2.136 -1.71522
-2.136 1.71522
-2.135 -1.71548
-2.135 1.71548
-2.134 -1.71573
-2.134 1.71573
-2.133 -1.71598
-2.133 1.71598
-2.132 -1.71622
-2.132 1.71622
-2.131 -1.71647
-2.131 1.71647
-2.13 -1.71671
-2.13 1.71671
-2.129 -1.71695
-2.129 1.71695
-2.128 -1.71719
-2.128 1.71719
-2.127 -1.71743
-2.127 1.71743
-2.126 -1.71766
-2.126 1.71766
-2.125 -1.7179
-2.125 1.7179
-2.124 -1.71813
-2.124 1.71813
-2.123 -1.71836
-2.123 1.71836
-2.122 -1.71858
-2.122 1.71858
-2.121 -1.71881
-2.121 1.71881
-2.12 -1.71903
-2.12 1.71903
-2.119 -1.71925
-2.119 1.71925
-2.118 -1.71947
-2.118 1.71947
-2.117 -1.71969
-2.117 1.71969
-2.116 -1.7199
-2.116 1.7199
-2.115 -1.72012
-2.115 1.72012
-2.114 -1.72033
-2.114 1.72033
-2.113 -1.72054
-2.113 1.72054
-2.112 -1.72074
-2.112 1.72074
-2.111 -1.72095
-2.111 1.72095
-2.11 -1.72115
-2.11 1.72115
-2.109 -1.72135
-2.109 1.72135
-2.108 -1.72155
-2.108 1.72155
-2.107 -1.72175
-2.107 1.72175
-2.106 -1.72195
-2.106 1.72195
-2.105 -1.72214
-2.105 1.72214
-2.104 -1.72233
-2.104 1.72233
-2.103 -1.72252
-2.103 1.72252
-2.102 -1.72271
-2.102 1.72271
-2.101 -1.72289
-2.101 1.72289
-2.1 -1.72308
-2.1 1.72308
-2.099 -1.72326
-2.099 1.72326
-2.098 -1.72344
-2.098 1.72344
-2.097 -1.72362
-2.097 1.72362
-2.096 -1.72379
-2.096 1.72379
-2.095 -1.72397
-2.095 1.72397
-2.094 -1.72414
-2.094 1.72414
-2.093 -1.72431
-2.093 1.72431
-2.092 -1.72448
-2.092 1.72448
-2.091 -1.72465
-2.091 1.72465
-2.09 -1.72481
-2.09 1.72481
-2.089 -1.72497
-2.089 1.72497
-2.088 -1.72513
-2.088 1.72513
-2.087 -1.72529
-2.087 1.72529
-2.086 -1.72545
-2.086 1.72545
-2.085 -1.7256
-2.085 1.7256
-2.084 -1.72576
-2.084 1.72576
-2.083 -1.72591
-2.083 1.72591
-2.082 -1.72606
-2.082 1.72606
-2.081 -1.72621
-2.081 1.72621
-2.08 -1.72635
-2.08 1.72635
-2.079 -1.72649
-2.079 1.72649
-2.078 -1.72664
-2.078 1.72664
-2.077 -1.72678
-2.077 1.72678
-2.076 -1.72691
-2.076 1.72691
-2.075 -1.72705
-2.075 1.72705
-2.074 -1.72718
-2.074 1.72718
-2.073 -1.72732
-2.073 1.72732
-2.072 -1.72745
-2.072 1.72745
-2.071 -1.72758
-2.071 1.72758
-2.07 -1.7277
-2.07 1.7277
-2.069 -1.72783
-2.069 1.72783
-2.068 -1.72795
-2.068 1.72795
-2.067 -1.72807
-2.067 1.72807
-2.066 -1.72819
-2.066 1.72819
-2.065 -1.72831
-2.065 1.72831
-2.064 -1.72842
-2.064 1.72842
-2.063 -1.72854
-2.063 1.72854
-2.062 -1.72865
-2.062 1.72865
-2.061 -1.72876
-2.061 1.72876
-2.06 -1.72887
-2.06 1.72887
-2.059 -1.72897
-2.059 1.72897
-2.058 -1.72908
-2.058 1.72908
-2.057 -1.72918
-2.057 1.72918
-2.056 -1.72928
-2.056 1.72928
-2.055 -1.72938
-2.055 1.72938
-2.054 -1.72948
-2.054 1.72948
-2.053 -1.72957
-2.053 1.72957
-2.052 -1.72967
-2.052 1.72967
-2.051 -1.72976
-2.051 1.72976
-2.05 -1.72985
-2.05 1.72985
-2.049 -1.72994
-2.049 1.72994
-2.048 -1.73002
-2.048 1.73002
-2.047 -1.73011
-2.047 1.73011
-2.046 -1.73019
-2.046 1.73019
-2.045 -1.73027
-2.045 1.73027
-2.044 -1.73035
-2.044 1.73035
-2.043 -1.73043
-2.043 1.73043
-2.042 -1.7305
-2.042 1.7305
-2.041 -1.73057
-2.041 1.73057
-2.04 -1.73065
-2.04 1.73065
-2.039 -1.73072
-2.039 1.73072
-2.038 -1.73078
-2.038 1.73078
-2.037 -1.73085
-2.037 1.73085
-2.036 -1.73091
-2.036 1.73091
-2.035 -1.73098
-2.035 1.73098
-2.034 -1.73104
-2.034 1.73104
-2.033 -1.7311
-2.033 1.7311
-2.032 -1.73115
-2.032 1.73115
-2.031 -1.73121
-2.031 1.73121
-2.03 -1.73126
-2.03 1.73126
-2.029 -1.73132
-2.029 1.73132
-2.028 -1.73137
-2.028 1.73137
-2.027 -1.73141
-2.027 1.73141
-2.026 -1.73146
-2.026 1.73146
-2.025 -1.7315
-2.025 1.7315
-2.024 -1.73155
-2.024 1.73155
-2.023 -1.73159
-2.023 1.73159
-2.022 -1.73163
-2.022 1.73163
-2.021 -1.73167
-2.021 1.73167
-2.02 -1.7317
-2.02 1.7317
-2.019 -1.73174
-2.019 1.73174
-2.018 -1.73177
-2.018 1.73177
-2.017 -1.7318
-2.017 1.7318
-2.016 -1.73183
-2.016 1.73183
-2.015 -1.73185
-2.015 1.73185
-2.014 -1.73188
-2.014 1.73188
-2.013 -1.7319
-2.013 1.7319
-2.012 -1.73193
-2.012 1.73193
-2.011 -1.73195
-2.011 1.73195
-2.01 -1.73196
-2.01 1.73196
-2.009 -1.73198
-2.009 1.73198
-2.008 -1.732
-2.008 1.732
-2.007 -1.73201
-2.007 1.73201
-2.006 -1.73202
-2.006 1.73202
-2.005 -1.73203
-2.005 1.73203
-2.004 -1.73204
-2.004 1.73204
-2.003 -1.73204
-2.003 1.73204
-2.002 -1.73205
-2.002 1.73205
-2.001 -1.73205
-2.001 1.73205
-2 -1.73205
-2 1.73205
-1.999 -1.73205
-1.999 1.73205
-1.998 -1.73205
-1.998 1.73205
-1.997 -1.73204
-1.997 1.73204
-1.996 -1.73204
-1.996 1.73204
-1.995 -1.73203
-1.995 1.73203
-1.994 -1.73202
-1.994 1.73202
-1.993 -1.73201
-1.993 1.73201
-1.992 -1.732
-1.992 1.732
-1.991 -1.73198
-1.991 1.73198
-1.99 -1.73196
-1.99 1.73196
-1.989 -1.73195
-1.989 1.73195
-1.988 -1.73193
-1.988 1.73193
-1.987 -1.73191
-1.987 1.73191
-1.986 -1.73188
-1.986 1.73188
-1.985 -1.73186
-1.985 1.73186
-1.984 -1.73183
-1.984 1.73183
-1.983 -1.7318
-1.983 1.7318
-1.982 -1.73177
-1.982 1.73177
-1.981 -1.73174
-1.981 1.73174
-1.98 -1.73171
-1.98 1.73171
-1.979 -1.73167
-1.979 1.73167
-1.978 -1.73163
-1.978 1.73163
-1.977 -1.7316
-1.977 1.7316
-1.976 -1.73156
-1.976 1.73156
-1.975 -1.73151
-1.975 1.73151
-1.974 -1.73147
-1.974 1.73147
-1.973 -1.73143
-1.973 1.73143
-1.972 -1.73138
-1.972 1.73138
-1.971 -1.73133
-1.971 1.73133
-1.97 -1.73128
-1.97 1.73128
-1.969 -1.73123
-1.969 1.73123
-1.968 -1.73117
-1.968 1.73117
-1.967 -1.73112
-1.967 1.73112
-1.966 -1.73106
-1.966 1.73106
-1.965 -1.731
-1.965 1.731
-1.964 -1.73094
-1.964 1.73094
-1.963 -1.73088
-1.963 1.73088
-1.962 -1.73082
-1.962 1.73082
-1.961 -1.73075
-1.961 1.73075
-1.96 -1.73068
-1.96 1.73068
-1.959 -1.73061
-1.959 1.73061
-1.958 -1.73054
-1.958 1.73054
-1.957 -1.73047
-1.957 1.73047
-1.956 -1.7304
-1.956 1.7304
-1.955 -1.73032
-1.955 1.73032
-1.954 -1.73025
-1.954 1.73025
-1.953 -1.73017
-1.953 1.73017
-1.952 -1.73009
-1.952 1.73009
-1.951 -1.73
-1.951 1.73
-1.95 -1.72992
-1.95 1.72992
-1.949 -1.72984
-1.949 1.72984
-1.948 -1.72975
-1.948 1.72975
-1.947 -1.72966
-1.947 1.72966
-1.946 -1.72957
-1.946 1.72957
-1.945 -1.72948
-1.945 1.72948
-1.944 -1.72938
-1.944 1.72938
-1.943 -1.72929
-1.943 1.72929
-1.942 -1.72919
-1.942 1.72919
-1.941 -1.72909
-1.941 1.72909
-1.94 -1.72899
-1.94 1.72899
-1.939 -1.72889
-1.939 1.72889
-1.938 -1.72879
-1.938 1.72879
-1.937 -1.72868
-1.937 1.72868
-1.936 -1.72858
-1.936 1.72858
-1.935 -1.72847
-1.935 1.72847
-1.934 -1.72836
-1.934 1.72836
-1.933 -1.72825
-1.933 1.72825
-1.932 -1.72813
-1.932 1.72813
-1.931 -1.72802
-1.931 1.72802
-1.93 -1.7279
-1.93 1.7279
-1.929 -1.72778
-1.929 1.72778
-1.928 -1.72766
-1.928 1.72766
-1.927 -1.72754
-1.927 1.72754
-1.926 -1.72742
-1.926 1.72742
-1.925 -1.72729
-1.925 1.72729
-1.924 -1.72717
-1.924 1.72717
-1.923 -1.72704
-1.923 1.72704
-1.922 -1.72691
-1.922 1.72691
-1.921 -1.72678
-1.921 1.72678
-1.92 -1.72665
-1.92 1.72665
-1.919 -1.72651
-1.919 1.72651
-1.918 -1.72638
-1.918 1.72638
-1.917 -1.72624
-1.917 1.72624
-1.916 -1.7261
-1.916 1.7261
-1.915 -1.72596
-1.915 1.72596
-1.914 -1.72582
-1.914 1.72582
-1.913 -1.72567
-1.913 1.72567
-1.912 -1.72553
-1.912 1.72553
-1.911 -1.72538
-1.911 1.72538
-1.91 -1.72523
-1.91 1.72523
-1.909 -1.72508
-1.909 1.72508
-1.908 -1.72493
-1.908 1.72493
-1.907 -1.72478
-1.907 1.72478
-1.906 -1.72462
-1.906 1.72462
-1.905 -1.72447
-1.905 1.72447
-1.904 -1.72431
-1.904 1.72431
-1.903 -1.72415
-1.903 1.72415
-1.902 -1.72399
-1.902 1.72399
-1.901 -1.72382
-1.901 1.72382
-1.9 -1.72366
-1.9 1.72366
-1.899 -1.72349
-1.899 1.72349
-1.898 -1.72333
-1.898 1.72333
-1.897 -1.72316
-1.897 1.72316
-1.896 -1.72298
-1.896 1.72298
-1.895 -1.72281
-1.895 1.72281
-1.894 -1.72264
-1.894 1.72264
-1.893 -1.72246
-1.893 1.72246
-1.892 -1.72229
-1.892 1.72229
-1.891 -1.72211
-1.891 1.72211
-1.89 -1.72193
-1.89 1.72193
-1.889 -1.72174
-1.889 1.72174
-1.888 -1.72156
-1.888 1.72156
-1.887 -1.72138
-1.887 1.72138
-1.886 -1.72119
-1.886 1.72119
-1.885 -1.721
-1.885 1.721
-1.884 -1.72081
-1.884 1.72081
-1.883 -1.72062
-1.883 1.72062
-1.882 -1.72043
-1.882 1.72043
-1.881 -1.72023
-1.881 1.72023
-1.88 -1.72004
-1.88 1.72004
-1.879 -1.71984
-1.879 1.71984
-1.878 -1.71964
-1.878 1.71964
-1.877 -1.71944
-1.877 1.71944
-1.876 -1.71924
-1.876 1.71924
-1.875 -1.71903
-1.875 1.71903
-1.874 -1.71883
-1.874 1.71883
-1.873 -1.71862
-1.873 1.71862
-1.872 -1.71841
-1.872 1.71841
-1.871 -1.7182
-1.871 1.7182
-1.87 -1.71799
-1.87 1.71799
-1.869 -1.71778
-1.869 1.71778
-1.868 -1.71756
-1.868 1.71756
-1.867 -1.71735
-1.867 1.71735
-1.866 -1.71713
-1.866 1.71713
-1.865 -1.71691
-1.865 1.71691
-1.864 -1.71669
-1.864 1.71669
-1.863 -1.71647
-1.863 1.71647
-1.862 -1.71624
-1.862 1.71624
-1.861 -1.71602
-1.861 1.71602
-1.86 -1.71579
-1.86 1.71579
-1.859 -1.71556
-1.859 1.71556
-1.858 -1.71533
-1.858 1.71533
-1.857 -1.7151
-1.857 1.7151
-1.856 -1.71487
-1.856 1.71487
-1.855 -1.71464
-1.855 1.71464
-1.854 -1.7144
-1.854 1.7144
-1.853 -1.71416
-1.853 1.71416
-1.852 -1.71392
-1.852 1.71392
-1.851 -1.71368
-1.851 1.71368
-1.85 -1.71344
-1.85 1.71344
-1.849 -1.7132
-1.849 1.7132
-1.848 -1.71295
-1.848 1.71295
-1.847 -1.7127
-1.847 1.7127
-1.846 -1.71246
-1.846 1.71246
-1.845 -1.71221
-1.845 1.71221
-1.844 -1.71195
-1.844 1.71195
-1.843 -1.7117
-1.843 1.7117
-1.842 -1.71145
-1.842 1.71145
-1.841 -1.71119
-1.841 1.71119
-1.84 -1.71093
-1.84 1.71093
-1.839 -1.71068
-1.839 1.71068
-1.838 -1.71042
-1.838 1.71042
-1.837 -1.71015
-1.837 1.71015
-1.836 -1.70989
-1.836 1.70989
-1.835 -1.70962
-1.835 1.70962
-1.834 -1.70936
-1.834 1.70936
-1.833 -1.70909
-1.833 1.70909
-1.832 -1.70882
-1.832 1.70882
-1.831 -1.70855
-1.831 1.70855
-1.83 -1.70828
-1.83 1.70828
-1.829 -1.708
-1.829 1.708
-1.828 -1.70773
-1.828 1.70773
-1.827 -1.70745
-1.827 1.70745
-1.826 -1.70717
-1.826 1.70717
-1.825 -1.70689
-1.825 1.70689
-1.824 -1.70661
-1.824 1.70661
-1.823 -1.70633
-1.823 1.70633
-1.822 -1.70604
-1.822 1.70604
-1.821 -1.70576
-1.821 1.70576
-1.82 -1.70547
-1.82 1.70547
-1.819 -1.70518
-1.819 1.70518
-1.818 -1.70489
-1.818 1.70489
-1.817 -1.7046
-1.817 1.7046
-1.816 -1.70431
-1.816 1.70431
-1.815 -1.70401
-1.815 1.70401
-1.814 -1.70372
-1.814 1.70372
-1.813 -1.70342
-1.813 1.70342
-1.812 -1.70312
-1.812 1.70312
-1.811 -1.70282
-1.811 1.70282
-1.81 -1.70252
-1.81 1.70252
-1.809 -1.70221
-1.809 1.70221
-1.808 -1.70191
-1.808 1.70191
-1.807 -1.7016
-1.807 1.7016
-1.806 -1.70129
-1.806 1.70129
-1.805 -1.70098
-1.805 1.70098
-1.804 -1.70067
-1.804 1.70067
-1.803 -1.70036
-1.803 1.70036
-1.802 -1.70004
-1.802 1.70004
-1.801 -1.69973
-1.801 1.69973
-1.8 -1.69941
-1.8 1.69941
-1.799 -1.69909
-1.799 1.69909
-1.798 -1.69877
-1.798 1.69877
-1.797 -1.69845
-1.797 1.69845
-1.796 -1.69813
-1.796 1.69813
-1.795 -1.6978
-1.795 1.6978
-1.794 -1.69748
-1.794 1.69748
-1.793 -1.69715
-1.793 1.69715
-1.792 -1.69682
-1.792 1.69682
-1.791 -1.69649
-1.791 1.69649
-1.79 -1.69616
-1.79 1.69616
-1.789 -1.69583
-1.789 1.69583
-1.788 -1.69549
-1.788 1.69549
-1.787 -1.69516
-1.787 1.69516
-1.786 -1.69482
-1.786 1.69482
-1.785 -1.69448
-1.785 1.69448
-1.784 -1.69414
-1.784 1.69414
-1.783 -1.6938
-1.783 1.6938
-1.782 -1.69345
-1.782 1.69345
-1.781 -1.69311
-1.781 1.69311
-1.78 -1.69276
-1.78 1.69276
-1.779 -1.69242
-1.779 1.69242
-1.778 -1.69207
-1.778 1.69207
-1.777 -1.69172
-1.777 1.69172
-1.776 -1.69136
-1.776 1.69136
-1.775 -1.69101
-1.775 1.69101
-1.774 -1.69066
-1.774 1.69066
-1.773 -1.6903
-1.773 1.6903
-1.772 -1.68994
-1.772 1.68994
-1.771 -1.68958
-1.771 1.68958
-1.77 -1.68922
-1.77 1.68922
-1.769 -1.68886
-1.769 1.68886
-1.768 -1.68849
-1.768 1.68849
-1.767 -1.68813
-1.767 1.68813
-1.766 -1.68776
-1.766 1.68776
-1.765 -1.6874
-1.765 1.6874
-1.764 -1.68703
-1.764 1.68703
-1.763 -1.68665
-1.763 1.68665
-1.762 -1.68628
-1.762 1.68628
-1.761 -1.68591
-1.761 1.68591
-1.76 -1.68553
-1.76 1.68553
-1.759 -1.68516
-1.759 1.68516
-1.758 -1.68478
-1.758 1.68478
-1.757 -1.6844
-1.757 1.6844
-1.756 -1.68402
-1.756 1.68402
-1.755 -1.68364
-1.755 1.68364
-1.754 -1.68325
-1.754 1.68325
-1.753 -1.68287
-1.753 1.68287
-1.752 -1.68248
-1.752 1.68248
-1.751 -1.68209
-1.751 1.68209
-1.75 -1.6817
-1.75 1.6817
-1.749 -1.68131
-1.749 1.68131
-1.748 -1.68092
-1.748 1.68092
-1.747 -1.68053
-1.747 1.68053
-1.746 -1.68013
-1.746 1.68013
-1.745 -1.67973
-1.745 1.67973
-1.744 -1.67934
-1.744 1.67934
-1.743 -1.67894
-1.743 1.67894
-1.742 -1.67854
-1.742 1.67854
-1.741 -1.67813
-1.741 1.67813
-1.74 -1.67773
-1.74 1.67773
-1.739 -1.67732
-1.739 1.67732
-1.738 -1.67692
-1.738 1.67692
-1.737 -1.67651
-1.737 1.67651
-1.736 -1.6761
-1.736 1.6761
-1.735 -1.67569
-1.735 1.67569
-1.734 -1.67528
-1.734 1.67528
-1.733 -1.67486
-1.733 1.67486
-1.732 -1.67445
-1.732 1.67445
-1.731 -1.67403
-1.731 1.67403
-1.73 -1.67361
-1.73 1.67361
-1.729 -1.67319
-1.729 1.67319
-1.728 -1.67277
-1.728 1.67277
-1.727 -1.67235
-1.727 1.67235
-1.726 -1.67193
-1.726 1.67193
-1.725 -1.6715
-1.725 1.6715
-1.724 -1.67108
-1.724 1.67108
-1.723 -1.67065
-1.723 1.67065
-1.722 -1.67022
-1.722 1.67022
-1.721 -1.66979
-1.721 1.66979
-1.72 -1.66936
-1.72 1.66936
-1.719 -1.66892
-1.719 1.66892
-1.718 -1.66849
-1.718 1.66849
-1.717 -1.66805
-1.717 1.66805
-1.716 -1.66761
-1.716 1.66761
-1.715 -1.66718
-1.715 1.66718
-1.714 -1.66674
-1.714 1.66674
-1.713 -1.66629
-1.713 1.66629
-1.712 -1.66585
-1.712 1.66585
-1.711 -1.66541
-1.711 1.66541
-1.71 -1.66496
-1.71 1.66496
-1.709 -1.66451
-1.709 1.66451
-1.708 -1.66406
-1.708 1.66406
-1.707 -1.66361
-1.707 1.66361
-1.706 -1.66316
-1.706 1.66316
-1.705 -1.66271
-1.705 1.66271
-1.704 -1.66225
-1.704 1.66225
-1.703 -1.6618
-1.703 1.6618
-1.702 -1.66134
-1.702 1.66134
-1.701 -1.66088
-1.701 1.66088
-1.7 -1.66042
-1.7 1.66042
-1.699 -1.65996
-1.699 1.65996
-1.698 -1.6595
-1.698 1.6595
-1.697 -1.65903
-1.697 1.65903
-1.696 -1.65857
-1.696 1.65857
-1.695 -1.6581
-1.695 1.6581
-1.694 -1.65763
-1.694 1.65763
-1.693 -1.65716
-1.693 1.65716
-1.692 -1.65669
-1.692 1.65669
-1.691 -1.65622
-1.691 1.65622
-1.69 -1.65574
-1.69 1.65574
-1.689 -1.65527
-1.689 1.65527
-1.688 -1.65479
-1.688 1.65479
-1.687 -1.65431
-1.687 1.65431
-1.686 -1.65384
-1.686 1.65384
-1.685 -1.65335
-1.685 1.65335
-1.684 -1.65287
-1.684 1.65287
-1.683 -1.65239
-1.683 1.65239
-1.682 -1.6519
-1.682 1.6519
-1.681 -1.65142
-1.681 1.65142
-1.68 -1.65093
-1.68 1.65093
-1.679 -1.65044
-1.679 1.65044
-1.678 -1.64995
-1.678 1.64995
-1.677 -1.64946
-1.677 1.64946
-1.676 -1.64896
-1.676 1.64896
-1.675 -1.64847
-1.675 1.64847
-1.674 -1.64797
-1.674 1.64797
-1.673 -1.64748
-1.673 1.64748
-1.672 -1.64698
-1.672 1.64698
-1.671 -1.64648
-1.671 1.64648
-1.67 -1.64598
-1.67 1.64598
-1.669 -1.64547
-1.669 1.64547
-1.668 -1.64497
-1.668 1.64497
-1.667 -1.64446
-1.667 1.64446
-1.666 -1.64396
-1.666 1.64396
-1.665 -1.64345
-1.665 1.64345
-1.664 -1.64294
-1.664 1.64294
-1.663 -1.64243
-1.663 1.64243
-1.662 -1.64191
-1.662 1.64191
-1.661 -1.6414
-1.661 1.6414
-1.66 -1.64089
-1.66 1.64089
-1.659 -1.64037
-1.659 1.64037
-1.658 -1.63985
-1.658 1.63985
-1.657 -1.63933
-1.657 1.63933
-1.656 -1.63881
-1.656 1.63881
-1.655 -1.63829
-1.655 1.63829
-1.654 -1.63776
-1.654 1.63776
-1.653 -1.63724
-1.653 1.63724
-1.652 -1.63671
-1.652 1.63671
-1.651 -1.63619
-1.651 1.63619
-1.65 -1.63566
-1.65 1.63566
-1.649 -1.63513
-1.649 1.63513
-1.648 -1.6346
-1.648 1.6346
-1.647 -1.63406
-1.647 1.63406
-1.646 -1.63353
-1.646 1.63353
-1.645 -1.63299
-1.645 1.63299
-1.644 -1.63246
-1.644 1.63246
-1.643 -1.63192
-1.643 1.63192
-1.642 -1.63138
-1.642 1.63138
-1.641 -1.63084
-1.641 1.63084
-1.64 -1.63029
-1.64 1.63029
-1.639 -1.62975
-1.639 1.62975
-1.638 -1.6292
-1.638 1.6292
-1.637 -1.62866
-1.637 1.62866
-1.636 -1.62811
-1.636 1.62811
-1.635 -1.62756
-1.635 1.62756
-1.634 -1.62701
-1.634 1.62701
-1.633 -1.62646
-1.633 1.62646
-1.632 -1.6259
-1.632 1.6259
-1.631 -1.62535
-1.631 1.62535
-1.63 -1.62479
-1.63 1.62479
-1.629 -1.62424
-1.629 1.62424
-1.628 -1.62368
-1.628 1.62368
-1.627 -1.62312
-1.627 1.62312
-1.626 -1.62256
-1.626 1.62256
-1.625 -1.62199
-1.625 1.62199
-1.624 -1.62143
-1.624 1.62143
-1.623 -1.62086
-1.623 1.62086
-1.622 -1.6203
-1.622 1.6203
-1.621 -1.61973
-1.621 1.61973
-1.62 -1.61916
-1.62 1.61916
-1.619 -1.61859
-1.619 1.61859
-1.618 -1.61801
-1.618 1.61801
-1.617 -1.61744
-1.617 1.61744
-1.616 -1.61687
-1.616 1.61687
-1.615 -1.61629
-1.615 1.61629
-1.614 -1.61571
-1.614 1.61571
-1.613 -1.61513
-1.613 1.61513
-1.612 -1.61455
-1.612 1.61455
-1.611 -1.61397
-1.611 1.61397
-1.61 -1.61339
-1.61 1.61339
-1.609 -1.6128
-1.609 1.6128
-1.608 -1.61222
-1.608 1.61222
-1.607 -1.61163
-1.607 1.61163
-1.606 -1.61104
-1.606 1.61104
-1.605 -1.61045
-1.605 1.61045
-1.604 -1.60986
-1.604 1.60986
-1.603 -1.60927
-1.603 1.60927
-1.602 -1.60867
-1.602 1.60867
-1.601 -1.60808
-1.601 1.60808
-1.6 -1.60748
-1.6 1.60748
-1.599 -1.60688
-1.599 1.60688
-1.598 -1.60629
-1.598 1.60629
-1.597 -1.60568
-1.597 1.60568
-1.596 -1.60508
-1.596 1.60508
-1.595 -1.60448
-1.595 1.60448
-1.594 -1.60388
-1.594 1.60388
-1.593 -1.60327
-1.593 1.60327
-1.592 -1.60266
-1.592 1.60266
-1.591 -1.60205
-1.591 1.60205
-1.59 -1.60144
-1.59 1.60144
-1.589 -1.60083
-1.589 1.60083
-1.588 -1.60022
-1.588 1.60022
-1.587 -1.59961
-1.587 1.59961
-1.586 -1.59899
-1.586 1.59899
-1.585 -1.59837
-1.585 1.59837
-1.584 -1.59776
-1.584 1.59776
-1.583 -1.59714
-1.583 1.59714
-1.582 -1.59652
-1.582 1.59652
-1.581 -1.59589
-1.581 1.59589
-1.58 -1.59527
-1.58 1.59527
-1.579 -1.59465
-1.579 1.59465
-1.578 -1.59402
-1.578 1.59402
-1.577 -1.59339
-1.577 1.59339
-1.576 -1.59276
-1.576 1.59276
-1.575 -1.59213
-1.575 1.59213
-1.574 -1.5915
-1.574 1.5915
-1.573 -1.59087
-1.573 1.59087
-1.572 -1.59024
-1.572 1.59024
-1.571 -1.5896
-1.571 1.5896
-1.57 -1.58896
-1.57 1.58896
-1.569 -1.58833
-1.569 1.58833
-1.568 -1.58769
-1.568 1.58769
-1.567 -1.58705
-1.567 1.58705
-1.566 -1.5864
-1.566 1.5864
-1.565 -1.58576
-1.565 1.58576
-1.564 -1.58512
-1.564 1.58512
-1.563 -1.58447
-1.563 1.58447
-1.562 -1.58382
-1.562 1.58382
-1.561 -1.58317
-1.561 1.58317
-1.56 -1.58252
-1.56 1.58252
-1.559 -1.58187
-1.559 1.58187
-1.558 -1.58122
-1.558 1.58122
-1.557 -1.58057
-1.557 1.58057
-1.556 -1.57991
-1.556 1.57991
-1.555 -1.57925
-1.555 1.57925
-1.554 -1.5786
-1.554 1.5786
-1.553 -1.57794
-1.553 1.57794
-1.552 -1.57728
-1.552 1.57728
-1.551 -1.57662
-1.551 1.57662
-1.55 -1.57595
-1.55 1.57595
-1.549 -1.57529
-1.549 1.57529
-1.548 -1.57462
-1.548 1.57462
-1.547 -1.57395
-1.547 1.57395
-1.546 -1.57329
-1.546 1.57329
-1.545 -1.57262
-1.545 1.57262
-1.544 -1.57194
-1.544 1.57194
-1.543 -1.57127
-1.543 1.57127
-1.542 -1.5706
-1.542 1.5706
-1.541 -1.56992
-1.541 1.56992
-1.54 -1.56925
-1.54 1.56925
-1.539 -1.56857
-1.539 1.56857
-1.538 -1.56789
-1.538 1.56789
-1.537 -1.56721
-1.537 1.56721
-1.536 -1.56653
-1.536 1.56653
-1.535 -1.56584
-1.535 1.56584
-1.534 -1.56516
-1.534 1.56516
-1.533 -1.56447
-1.533 1.56447
-1.532 -1.56379
-1.532 1.56379
-1.531 -1.5631
-1.531 1.5631
-1.53 -1.56241
-1.53 1.56241
-1.529 -1.56172
-1.529 1.56172
-1.528 -1.56103
-1.528 1.56103
-1.527 -1.56033
-1.527 1.56033
-1.526 -1.55964
-1.526 1.55964
-1.525 -1.55894
-1.525 1.55894
-1.524 -1.55824
-1.524 1.55824
-1.523 -1.55754
-1.523 1.55754
-1.522 -1.55684
-1.522 1.55684
-1.521 -1.55614
-1.521 1.55614
-1.52 -1.55544
-1.52 1.55544
-1.519 -1.55474
-1.519 1.55474
-1.518 -1.55403
-1.518 1.55403
-1.517 -1.55332
-1.517 1.55332
-1.516 -1.55261
-1.516 1.55261
-1.515 -1.5519
-1.515 1.5519
-1.514 -1.55119
-1.514 1.55119
-1.513 -1.55048
-1.513 1.55048
-1.512 -1.54977
-1.512 1.54977
-1.511 -1.54905
-1.511 1.54905
-1.51 -1.54834
-1.51 1.54834
-1.509 -1.54762
-1.509 1.54762
-1.508 -1.5469
-1.508 1.5469
-1.507 -1.54618
-1.507 1.54618
-1.506 -1.54546
-1.506 1.54546
-1.505 -1.54474
-1.505 1.54474
-1.504 -1.54401
-1.504 1.54401
-1.503 -1.54329
-1.503 1.54329
-1.502 -1.54256
-1.502 1.54256
-1.501 -1.54183
-1.501 1.54183
-1.5 -1.5411
-1.5 1.5411
-1.499 -1.54037
-1.499 1.54037
-1.498 -1.53964
-1.498 1.53964
-1.497 -1.53891
-1.497 1.53891
-1.496 -1.53817
-1.496 1.53817
-1.495 -1.53744
-1.495 1.53744
-1.494 -1.5367
-1.494 1.5367
-1.493 -1.53596
-1.493 1.53596
-1.492 -1.53522
-1.492 1.53522
-1.491 -1.53448
-1.491 1.53448
-1.49 -1.53374
-1.49 1.53374
-1.489 -1.53299
-1.489 1.53299
-1.488 -1.53225
-1.488 1.53225
-1.487 -1.5315
-1.487 1.5315
-1.486 -1.53075
-1.486 1.53075
-1.485 -1.53001
-1.485 1.53001
-1.484 -1.52925
-1.484 1.52925
-1.483 -1.5285
-1.483 1.5285
-1.482 -1.52775
-1.482 1.52775
-1.481 -1.527
-1.481 1.527
-1.48 -1.52624
-1.48 1.52624
-1.479 -1.52548
-1.479 1.52548
-1.478 -1.52472
-1.478 1.52472
-1.477 -1.52396
-1.477 1.52396
-1.476 -1.5232
-1.476 1.5232
-1.475 -1.52244
-1.475 1.52244
-1.474 -1.52168
-1.474 1.52168
-1.473 -1.52091
-1.473 1.52091
-1.472 -1.52015
-1.472 1.52015
-1.471 -1.51938
-1.471 1.51938
-1.47 -1.51861
-1.47 1.51861
-1.469 -1.51784
-1.469 1.51784
-1.468 -1.51707
-1.468 1.51707
-1.467 -1.5163
-1.467 1.5163
-1.466 -1.51552
-1.466 1.51552
-1.465 -1.51475
-1.465 1.51475
-1.464 -1.51397
-1.464 1.51397
-1.463 -1.51319
-1.463 1.51319
-1.462 -1.51241
-1.462 1.51241
-1.461 -1.51163
-1.461 1.51163
-1.46 -1.51085
-1.46 1.51085
-1.459 -1.51007
-1.459 1.51007
-1.458 -1.50928
-1.458 1.50928
-1.457 -1.50849
-1.457 1.50849
-1.456 -1.50771
-1.456 1.50771
-1.455 -1.50692
-1.455 1.50692
-1.454 -1.50613
-1.454 1.50613
-1.453 -1.50534
-1.453 1.50534
-1.452 -1.50454
-1.452 1.50454
-1.451 -1.50375
-1.451 1.50375
-1.45 -1.50296
-1.45 1.50296
-1.449 -1.50216
-1.449 1.50216
-1.448 -1.50136
-1.448 1.50136
-1.447 -1.50056
-1.447 1.50056
-1.446 -1.49976
-1.446 1.49976
-1.445 -1.49896
-1.445 1.49896
-1.444 -1.49816
-1.444 1.49816
-1.443 -1.49735
-1.443 1.49735
-1.442 -1.49655
-1.442 1.49655
-1.441 -1.49574
-1.441 1.49574
-1.44 -1.49493
-1.44 1.49493
-1.439 -1.49412
-1.439 1.49412
-1.438 -1.49331
-1.438 1.49331
-1.437 -1.4925
-1.437 1.4925
-1.436 -1.49168
-1.436 1.49168
-1.435 -1.49087
-1.435 1.49087
-1.434 -1.49005
-1.434 1.49005
-1.433 -1.48923
-1.433 1.48923
-1.432 -1.48841
-1.432 1.48841
-1.431 -1.48759
-1.431 1.48759
-1.43 -1.48677
-1.43 1.48677
-1.429 -1.48595
-1.429 1.48595
-1.428 -1.48513
-1.428 1.48513
-1.427 -1.4843
-1.427 1.4843
-1.426 -1.48347
-1.426 1.48347
-1.425 -1.48264
-1.425 1.48264
-1.424 -1.48181
-1.424 1.48181
-1.423 -1.48098
-1.423 1.48098
-1.422 -1.48015
-1.422 1.48015
-1.421 -1.47932
-1.421 1.47932
-1.42 -1.47848
-1.42 1.47848
-1.419 -1.47765
-1.419 1.47765
-1.418 -1.47681
-1.418 1.47681
-1.417 -1.47597
-1.417 1.47597
-1.416 -1.47513
-1.416 1.47513
-1.415 -1.47429
-1.415 1.47429
-1.414 -1.47345
-1.414 1.47345
-1.413 -1.4726
-1.413 1.4726
-1.412 -1.47176
-1.412 1.47176
-1.411 -1.47091
-1.411 1.47091
-1.41 -1.47006
-1.41 1.47006
-1.409 -1.46921
-1.409 1.46921
-1.408 -1.46836
-1.408 1.46836
-1.407 -1.46751
-1.407 1.46751
-1.406 -1.46665
-1.406 1.46665
-1.405 -1.4658
-1.405 1.4658
-1.404 -1.46494
-1.404 1.46494
-1.403 -1.46409
-1.403 1.46409
-1.402 -1.46323
-1.402 1.46323
-1.401 -1.46237
-1.401 1.46237
-1.4 -1.46151
-1.4 1.46151
-1.399 -1.46064
-1.399 1.46064
-1.398 -1.45978
-1.398 1.45978
-1.397 -1.45891
-1.397 1.45891
-1.396 -1.45805
-1.396 1.45805
-1.395 -1.45718
-1.395 1.45718
-1.394 -1.45631
-1.394 1.45631
-1.393 -1.45544
-1.393 1.45544
-1.392 -1.45457
-1.392 1.45457
-1.391 -1.45369
-1.391 1.45369
-1.39 -1.45282
-1.39 1.45282
-1.389 -1.45194
-1.389 1.45194
-1.388 -1.45106
-1.388 1.45106
-1.387 -1.45019
-1.387 1.45019
-1.386 -1.44931
-1.386 1.44931
-1.385 -1.44842
-1.385 1.44842
-1.384 -1.44754
-1.384 1.44754
-1.383 -1.44666
-1.383 1.44666
-1.382 -1.44577
-1.382 1.44577
-1.381 -1.44489
-1.381 1.44489
-1.38 -1.444
-1.38 1.444
-1.379 -1.44311
-1.379 1.44311
-1.378 -1.44222
-1.378 1.44222
-1.377 -1.44132
-1.377 1.44132
-1.376 -1.44043
-1.376 1.44043
-1.375 -1.43954
-1.375 1.43954
-1.374 -1.43864
-1.374 1.43864
-1.373 -1.43774
-1.373 1.43774
-1.372 -1.43684
-1.372 1.43684
-1.371 -1.43594
-1.371 1.43594
-1.37 -1.43504
-1.37 1.43504
-1.369 -1.43414
-1.369 1.43414
-1.368 -1.43324
-1.368 1.43324
-1.367 -1.43233
-1.367 1.43233
-1.366 -1.43142
-1.366 1.43142
-1.365 -1.43051
-1.365 1.43051
-1.364 -1.42961
-1.364 1.42961
-1.363 -1.42869
-1.363 1.42869
-1.362 -1.42778
-1.362 1.42778
-1.361 -1.42687
-1.361 1.42687
-1.36 -1.42595
-1.36 1.42595
-1.359 -1.42504
-1.359 1.42504
-1.358 -1.42412
-1.358 1.42412
-1.357 -1.4232
-1.357 1.4232
-1.356 -1.42228
-1.356 1.42228
-1.355 -1.42136
-1.355 1.42136
-1.354 -1.42044
-1.354 1.42044
-1.353 -1.41951
-1.353 1.41951
-1.352 -1.41859
-1.352 1.41859
-1.351 -1.41766
-1.351 1.41766
-1.35 -1.41673
-1.35 1.41673
-1.349 -1.4158
-1.349 1.4158
-1.348 -1.41487
-1.348 1.41487
-1.347 -1.41394
-1.347 1.41394
-1.346 -1.413
-1.346 1.413
-1.345 -1.41207
-1.345 1.41207
-1.344 -1.41113
-1.344 1.41113
-1.343 -1.41019
-1.343 1.41019
-1.342 -1.40925
-1.342 1.40925
-1.341 -1.40831
-1.341 1.40831
-1.34 -1.40737
-1.34 1.40737
-1.339 -1.40643
-1.339 1.40643
-1.338 -1.40548
-1.338 1.40548
-1.337 -1.40454
-1.337 1.40454
-1.336 -1.40359
-1.336 1.40359
-1.335 -1.40264
-1.335 1.40264
-1.334 -1.40169
-1.334 1.40169
-1.333 -1.40074
-1.333 1.40074
-1.332 -1.39979
-1.332 1.39979
-1.331 -1.39883
-1.331 1.39883
-1.33 -1.39788
-1.33 1.39788
-1.329 -1.39692
-1.329 1.39692
-1.328 -1.39596
-1.328 1.39596
-1.327 -1.395
-1.327 1.395
-1.326 -1.39404
-1.326 1.39404
-1.325 -1.39308
-1.325 1.39308
-1.324 -1.39212
-1.324 1.39212
-1.323 -1.39115
-1.323 1.39115
-1.322 -1.39018
-1.322 1.39018
-1.321 -1.38922
-1.321 1.38922
-1.32 -1.38825
-1.32 1.38825
-1.319 -1.38728
-1.319 1.38728
-1.318 -1.38631
-1.318 1.38631
-1.317 -1.38533
-1.317 1.38533
-1.316 -1.38436
-1.316 1.38436
-1.315 -1.38338
-1.315 1.38338
-1.314 -1.3824
-1.314 1.3824
-1.313 -1.38143
-1.313 1.38143
-1.312 -1.38045
-1.312 1.38045
-1.311 -1.37946
-1.311 1.37946
-1.31 -1.37848
-1.31 1.37848
-1.309 -1.3775
-1.309 1.3775
-1.308 -1.37651
-1.308 1.37651
-1.307 -1.37552
-1.307 1.37552
-1.306 -1.37454
-1.306 1.37454
-1.305 -1.37355
-1.305 1.37355
-1.304 -1.37255
-1.304 1.37255
-1.303 -1.37156
-1.303 1.37156
-1.302 -1.37057
-1.302 1.37057
-1.301 -1.36957
-1.301 1.36957
-1.3 -1.36858
-1.3 1.36858
-1.299 -1.36758
-1.299 1.36758
-1.298 -1.36658
-1.298 1.36658
-1.297 -1.36558
-1.297 1.36558
-1.296 -1.36458
-1.296 1.36458
-1.295 -1.36357
-1.295 1.36357
-1.294 -1.36257
-1.294 1.36257
-1.293 -1.36156
-1.293 1.36156
-1.292 -1.36055
-1.292 1.36055
-1.291 -1.35954
-1.291 1.35954
-1.29 -1.35853
-1.29 1.35853
-1.289 -1.35752
-1.289 1.35752
-1.288 -1.35651
-1.288 1.35651
-1.287 -1.35549
-1.287 1.35549
-1.286 -1.35448
-1.286 1.35448
-1.285 -1.35346
-1.285 1.35346
-1.284 -1.35244
-1.284 1.35244
-1.283 -1.35142
-1.283 1.35142
-1.282 -1.3504
-1.282 1.3504
-1.281 -1.34937
-1.281 1.34937
-1.28 -1.34835
-1.28 1.34835
-1.279 -1.34732
-1.279 1.34732
-1.278 -1.3463
-1.278 1.3463
-1.277 -1.34527
-1.277 1.34527
-1.276 -1.34424
-1.276 1.34424
-1.275 -1.34321
-1.275 1.34321
-1.274 -1.34217
-1.274 1.34217
-1.273 -1.34114
-1.273 1.34114
-1.272 -1.3401
-1.272 1.3401
-1.271 -1.33907
-1.271 1.33907
-1.27 -1.33803
-1.27 1.33803
-1.269 -1.33699
-1.269 1.33699
-1.268 -1.33595
-1.268 1.33595
-1.267 -1.3349
-1.267 1.3349
-1.266 -1.33386
-1.266 1.33386
-1.265 -1.33281
-1.265 1.33281
-1.264 -1.33177
-1.264 1.33177
-1.263 -1.33072
-1.263 1.33072
-1.262 -1.32967
-1.262 1.32967
-1.261 -1.32862
-1.261 1.32862
-1.26 -1.32756
-1.26 1.32756
-1.259 -1.32651
-1.259 1.32651
-1.258 -1.32545
-1.258 1.32545
-1.257 -1.3244
-1.257 1.3244
-1.256 -1.32334
-1.256 1.32334
-1.255 -1.32228
-1.255 1.32228
-1.254 -1.32122
-1.254 1.32122
-1.253 -1.32015
-1.253 1.32015
-1.252 -1.31909
-1.252 1.31909
-1.251 -1.31802
-1.251 1.31802
-1.25 -1.31696
-1.25 1.31696
-1.249 -1.31589
-1.249 1.31589
-1.248 -1.31482
-1.248 1.31482
-1.247 -1.31375
-1.247 1.31375
-1.246 -1.31267
-1.246 1.31267
-1.245 -1.3116
-1.245 1.3116
-1.244 -1.31052
-1.244 1.31052
-1.243 -1.30945
-1.243 1.30945
-1.242 -1.30837
-1.242 1.30837
-1.241 -1.30729
-1.241 1.30729
-1.24 -1.30621
-1.24 1.30621
-1.239 -1.30512
-1.239 1.30512
-1.238 -1.30404
-1.238 1.30404
-1.237 -1.30295
-1.237 1.30295
-1.236 -1.30187
-1.236 1.30187
-1.235 -1.30078
-1.235 1.30078
-1.234 -1.29969
-1.234 1.29969
-1.233 -1.2986
-1.233 1.2986
-1.232 -1.2975
-1.232 1.2975
-1.231 -1.29641
-1.231 1.29641
-1.23 -1.29531
-1.23 1.29531
-1.229 -1.29421
-1.229 1.29421
-1.228 -1.29312
-1.228 1.29312
-1.227 -1.29202
-1.227 1.29202
-1.226 -1.29091
-1.226 1.29091
-1.225 -1.28981
-1.225 1.28981
-1.224 -1.2887
-1.224 1.2887
-1.223 -1.2876
-1.223 1.2876
-1.222 -1.28649
-1.222 1.28649
-1.221 -1.28538
-1.221 1.28538
-1.22 -1.28427
-1.22 1.28427
-1.219 -1.28316
-1.219 1.28316
-1.218 -1.28205
-1.218 1.28205
-1.217 -1.28093
-1.217 1.28093
-1.216 -1.27981
-1.216 1.27981
-1.215 -1.2787
-1.215 1.2787
-1.214 -1.27758
-1.214 1.27758
-1.213 -1.27645
-1.213 1.27645
-1.212 -1.27533
-1.212 1.27533
-1.211 -1.27421
-1.211 1.27421
-1.21 -1.27308
-1.21 1.27308
-1.209 -1.27196
-1.209 1.27196
-1.208 -1.27083
-1.208 1.27083
-1.207 -1.2697
-1.207 1.2697
-1.206 -1.26857
-1.206 1.26857
-1.205 -1.26743
-1.205 1.26743
-1.204 -1.2663
-1.204 1.2663
-1.203 -1.26516
-1.203 1.26516
-1.202 -1.26402
-1.202 1.26402
-1.201 -1.26289
-1.201 1.26289
-1.2 -1.26174
-1.2 1.26174
-1.199 -1.2606
-1.199 1.2606
-1.198 -1.25946
-1.198 1.25946
-1.197 -1.25831
-1.197 1.25831
-1.196 -1.25717
-1.196 1.25717
-1.195 -1.25602
-1.195 1.25602
-1.194 -1.25487
-1.194 1.25487
-1.193 -1.25372
-1.193 1.25372
-1.192 -1.25257
-1.192 1.25257
-1.191 -1.25141
-1.191 1.25141
-1.19 -1.25026
-1.19 1.25026
-1.189 -1.2491
-1.189 1.2491
-1.188 -1.24794
-1.188 1.24794
-1.187 -1.24678
-1.187 1.24678
-1.186 -1.24562
-1.186 1.24562
-1.185 -1.24446
-1.185 1.24446
-1.184 -1.24329
-1.184 1.24329
-1.183 -1.24212
-1.183 1.24212
-1.182 -1.24096
-1.182 1.24096
-1.181 -1.23979
-1.181 1.23979
-1.18 -1.23862
-1.18 1.23862
-1.179 -1.23744
-1.179 1.23744
-1.178 -1.23627
-1.178 1.23627
-1.177 -1.23509
-1.177 1.23509
-1.176 -1.23392
-1.176 1.23392
-1.175 -1.23274
-1.175 1.23274
-1.174 -1.23156
-1.174 1.23156
-1.173 -1.23037
-1.173 1.23037
-1.172 -1.22919
-1.172 1.22919
-1.171 -1.22801
-1.171 1.22801
-1.17 -1.22682
-1.17 1.22682
-1.169 -1.22563
-1.169 1.22563
-1.168 -1.22444
-1.168 1.22444
-1.167 -1.22325
-1.167 1.22325
-1.166 -1.22206
-1.166 1.22206
-1.165 -1.22086
-1.165 1.22086
-1.164 -1.21967
-1.164 1.21967
-1.163 -1.21847
-1.163 1.21847
-1.162 -1.21727
-1.162 1.21727
-1.161 -1.21607
-1.161 1.21607
-1.16 -1.21487
-1.16 1.21487
-1.159 -1.21366
-1.159 1.21366
-1.158 -1.21246
-1.158 1.21246
-1.157 -1.21125
-1.157 1.21125
-1.156 -1.21004
-1.156 1.21004
-1.155 -1.20883
-1.155 1.20883
-1.154 -1.20762
-1.154 1.20762
-1.153 -1.20641
-1.153 1.20641
-1.152 -1.20519
-1.152 1.20519
-1.151 -1.20398
-1.151 1.20398
-1.15 -1.20276
-1.15 1.20276
-1.149 -1.20154
-1.149 1.20154
-1.148 -1.20032
-1.148 1.20032
-1.147 -1.19909
-1.147 1.19909
-1.146 -1.19787
-1.146 1.19787
-1.145 -1.19664
-1.145 1.19664
-1.144 -1.19541
-1.144 1.19541
-1.143 -1.19418
-1.143 1.19418
-1.142 -1.19295
-1.142 1.19295
-1.141 -1.19172
-1.141 1.19172
-1.14 -1.19049
-1.14 1.19049
-1.139 -1.18925
-1.139 1.18925
-1.138 -1.18801
-1.138 1.18801
-1.137 -1.18677
-1.137 1.18677
-1.136 -1.18553
-1.136 1.18553
-1.135 -1.18429
-1.135 1.18429
-1.134 -1.18304
-1.134 1.18304
-1.133 -1.1818
-1.133 1.1818
-1.132 -1.18055
-1.132 1.18055
-1.131 -1.1793
-1.131 1.1793
-1.13 -1.17805
-1.13 1.17805
-1.129 -1.1768
-1.129 1.1768
-1.128 -1.17554
-1.128 1.17554
-1.127 -1.17429
-1.127 1.17429
-1.126 -1.17303
-1.126 1.17303
-1.125 -1.17177
-1.125 1.17177
-1.124 -1.17051
-1.124 1.17051
-1.123 -1.16925
-1.123 1.16925
-1.122 -1.16798
-1.122 1.16798
-1.121 -1.16672
-1.121 1.16672
-1.12 -1.16545
-1.12 1.16545
-1.119 -1.16418
-1.119 1.16418
-1.118 -1.16291
-1.118 1.16291
-1.117 -1.16164
-1.117 1.16164
-1.116 -1.16036
-1.116 1.16036
-1.115 -1.15909
-1.115 1.15909
-1.114 -1.15781
-1.114 1.15781
-1.113 -1.15653
-1.113 1.15653
-1.112 -1.15525
-1.112 1.15525
-1.111 -1.15396
-1.111 1.15396
-1.11 -1.15268
-1.11 1.15268
-1.109 -1.15139
-1.109 1.15139
-1.108 -1.1501
-1.108 1.1501
-1.107 -1.14881
-1.107 1.14881
-1.106 -1.14752
-1.106 1.14752
-1.105 -1.14623
-1.105 1.14623
-1.104 -1.14493
-1.104 1.14493
-1.103 -1.14364
-1.103 1.14364
-1.102 -1.14234
-1.102 1.14234
-1.101 -1.14104
-1.101 1.14104
-1.1 -1.13974
-1.1 1.13974
-1.099 -1.13843
-1.099 1.13843
-1.098 -1.13713
-1.098 1.13713
-1.097 -1.13582
-1.097 1.13582
-1.096 -1.13451
-1.096 1.13451
-1.095 -1.1332
-1.095 1.1332
-1.094 -1.13189
-1.094 1.13189
-1.093 -1.13057
-1.093 1.13057
-1.092 -1.12926
-1.092 1.12926
-1.091 -1.12794
-1.091 1.12794
-1.09 -1.12662
-1.09 1.12662
-1.089 -1.1253
-1.089 1.1253
-1.088 -1.12397
-1.088 1.12397
-1.087 -1.12265
-1.087 1.12265
-1.086 -1.12132
-1.086 1.12132
-1.085 -1.11999
-1.085 1.11999
-1.084 -1.11866
-1.084 1.11866
-1.083 -1.11733
-1.083 1.11733
-1.082 -1.116
-1.082 1.116
-1.081 -1.11466
-1.081 1.11466
-1.08 -1.11332
-1.08 1.11332
-1.079 -1.11198
-1.079 1.11198
-1.078 -1.11064
-1.078 1.11064
-1.077 -1.1093
-1.077 1.1093
-1.076 -1.10795
-1.076 1.10795
-1.075 -1.10661
-1.075 1.10661
-1.074 -1.10526
-1.074 1.10526
-1.073 -1.10391
-1.073 1.10391
-1.072 -1.10255
-1.072 1.10255
-1.071 -1.1012
-1.071 1.1012
-1.07 -1.09984
-1.07 1.09984
-1.069 -1.09849
-1.069 1.09849
-1.068 -1.09713
-1.068 1.09713
-1.067 -1.09576
-1.067 1.09576
-1.066 -1.0944
-1.066 1.0944
-1.065 -1.09303
-1.065 1.09303
-1.064 -1.09167
-1.064 1.09167
-1.063 -1.0903
-1.063 1.0903
-1.062 -1.08893
-1.062 1.08893
-1.061 -1.08755
-1.061 1.08755
-1.06 -1.08618
-1.06 1.08618
-1.059 -1.0848
-1.059 1.0848
-1.058 -1.08342
-1.058 1.08342
-1.057 -1.08204
-1.057 1.08204
-1.056 -1.08066
-1.056 1.08066
-1.055 -1.07927
-1.055 1.07927
-1.054 -1.07789
-1.054 1.07789
-1.053 -1.0765
-1.053 1.0765
-1.052 -1.07511
-1.052 1.07511
-1.051 -1.07372
-1.051 1.07372
-1.05 -1.07232
-1.05 1.07232
-1.049 -1.07093
-1.049 1.07093
-1.048 -1.06953
-1.048 1.06953
-1.047 -1.06813
-1.047 1.06813
-1.046 -1.06673
-1.046 1.06673
-1.045 -1.06532
-1.045 1.06532
-1.044 -1.06391
-1.044 1.06391
-1.043 -1.06251
-1.043 1.06251
-1.042 -1.0611
-1.042 1.0611
-1.041 -1.05968
-1.041 1.05968
-1.04 -1.05827
-1.04 1.05827
-1.039 -1.05685
-1.039 1.05685
-1.038 -1.05544
-1.038 1.05544
-1.037 -1.05402
-1.037 1.05402
-1.036 -1.05259
-1.036 1.05259
-1.035 -1.05117
-1.035 1.05117
-1.034 -1.04974
-1.034 1.04974
-1.033 -1.04831
-1.033 1.04831
-1.032 -1.04688
-1.032 1.04688
-1.031 -1.04545
-1.031 1.04545
-1.03 -1.04402
-1.03 1.04402
-1.029 -1.04258
-1.029 1.04258
-1.028 -1.04114
-1.028 1.04114
-1.027 -1.0397
-1.027 1.0397
-1.026 -1.03826
-1.026 1.03826
-1.025 -1.03681
-1.025 1.03681
-1.024 -1.03537
-1.024 1.03537
-1.023 -1.03392
-1.023 1.03392
-1.022 -1.03247
-1.022 1.03247
-1.021 -1.03101
-1.021 1.03101
-1.02 -1.02956
-1.02 1.02956
-1.019 -1.0281
-1.019 1.0281
-1.018 -1.02664
-1.018 1.02664
-1.017 -1.02518
-1.017 1.02518
-1.016 -1.02372
-1.016 1.02372
-1.015 -1.02225
-1.015 1.02225
-1.014 -1.02078
-1.014 1.02078
-1.013 -1.01931
-1.013 1.01931
-1.012 -1.01784
-1.012 1.01784
-1.011 -1.01637
-1.011 1.01637
-1.01 -1.01489
-1.01 1.01489
-1.009 -1.01341
-1.009 1.01341
-1.008 -1.01193
-1.008 1.01193
-1.007 -1.01045
-1.007 1.01045
-1.006 -1.00896
-1.006 1.00896
-1.005 -1.00747
-1.005 1.00747
-1.004 -1.00598
-1.004 1.00598
-1.003 -1.00449
-1.003 1.00449
-1.002 -1.003
-1.002 1.003
-1.001 -1.0015
-1.001 1.0015
-1 -1
-1 1
-0.999 -0.998499
-0.999 0.998499
-0.998 -0.996995
-0.998 0.996995
-0.997 -0.99549
-0.997 0.99549
-0.996 -0.993982
-0.996 0.993982
-0.995 -0.992472
-0.995 0.992472
-0.994 -0.990959
-0.994 0.990959
-0.993 -0.989444
-0.993 0.989444
-0.992 -0.987927
-0.992 0.987927
-0.991 -0.986408
-0.991 0.986408
-0.99 -0.984886
-0.99 0.984886
-0.989 -0.983362
-0.989 0.983362
-0.988 -0.981836
-0.988 0.981836
-0.987 -0.980307
-0.987 0.980307
-0.986 -0.978776
-0.986 0.978776
-0.985 -0.977243
-0.985 0.977243
-0.984 -0.975707
-0.984 0.975707
-0.983 -0.974169
-0.983 0.974169
-0.982 -0.972628
-0.982 0.972628
-0.981 -0.971085
-0.981 0.971085
-0.98 -0.96954
-0.98 0.96954
-0.979 -0.967992
-0.979 0.967992
-0.978 -0.966442
-0.978 0.966442
-0.977 -0.96489
-0.977 0.96489
-0.976 -0.963335
-0.976 0.963335
-0.975 -0.961777
-0.975 0.961777
-0.974 -0.960217
-0.974 0.960217
-0.973 -0.958655
-0.973 0.958655
-0.972 -0.95709
-0.972 0.95709
-0.971 -0.955523
-0.971 0.955523
-0.97 -0.953953
-0.97 0.953953
-0.969 -0.952381
-0.969 0.952381
-0.968 -0.950806
-0.968 0.950806
-0.967 -0.949229
-0.967 0.949229
-0.966 -0.947649
-0.966 0.947649
-0.965 -0.946067
-0.965 0.946067
-0.964 -0.944482
-0.964 0.944482
-0.963 -0.942895
-0.963 0.942895
-0.962 -0.941305
-0.962 0.941305
-0.961 -0.939712
-0.961 0.939712
-0.96 -0.938117
-0.96 0.938117
-0.959 -0.93652
-0.959 0.93652
-0.958 -0.934919
-0.958 0.934919
-0.957 -0.933316
-0.957 0.933316
-0.956 -0.931711
-0.956 0.931711
-0.955 -0.930103
-0.955 0.930103
-0.954 -0.928492
-0.954 0.928492
-0.953 -0.926879
-0.953 0.926879
-0.952 -0.925262
-0.952 0.925262
-0.951 -0.923644
-0.951 0.923644
-0.95 -0.922022
-0.95 0.922022
-0.949 -0.920398
-0.949 0.920398
-0.948 -0.918771
-0.948 0.918771
-0.947 -0.917142
-0.947 0.917142
-0.946 -0.915509
-0.946 0.915509
-0.945 -0.913874
-0.945 0.913874
-0.944 -0.912237
-0.944 0.912237
-0.943 -0.910596
-0.943 0.910596
-0.942 -0.908953
-0.942 0.908953
-0.941 -0.907307
-0.941 0.907307
-0.94 -0.905658
-0.94 0.905658
-0.939 -0.904006
-0.939 0.904006
-0.938 -0.902352
-0.938 0.902352
-0.937 -0.900694
-0.937 0.900694
-0.936 -0.899034
-0.936 0.899034
-0.935 -0.897371
-0.935 0.897371
-0.934 -0.895705
-0.934 0.895705
-0.933 -0.894036
-0.933 0.894036
-0.932 -0.892365
-0.932 0.892365
-0.931 -0.89069
-0.931 0.89069
-0.93 -0.889012
-0.93 0.889012
-0.929 -0.887332
-0.929 0.887332
-0.928 -0.885648
-0.928 0.885648
-0.927 -0.883962
-0.927 0.883962
-0.926 -0.882273
-0.926 0.882273
-0.925 -0.88058
-0.925 0.88058
-0.924 -0.878885
-0.924 0.878885
-0.923 -0.877187
-0.923 0.877187
-0.922 -0.875485
-0.922 0.875485
-0.921 -0.873781
-0.921 0.873781
-0.92 -0.872073
-0.92 0.872073
-0.919 -0.870363
-0.919 0.870363
-0.918 -0.868649
-0.918 0.868649
-0.917 -0.866932
-0.917 0.866932
-0.916 -0.865213
-0.916 0.865213
-0.915 -0.86349
-0.915 0.86349
-0.914 -0.861763
-0.914 0.861763
-0.913 -0.860034
-0.913 0.860034
-0.912 -0.858302
-0.912 0.858302
-0.911 -0.856566
-0.911 0.856566
-0.91 -0.854827
-0.91 0.854827
-0.909 -0.853085
-0.909 0.853085
-0.908 -0.851339
-0.908 0.851339
-0.907 -0.849591
-0.907 0.849591
-0.906 -0.847839
-0.906 0.847839
-0.905 -0.846084
-0.905 0.846084
-0.904 -0.844325
-0.904 0.844325
-0.903 -0.842563
-0.903 0.842563
-0.902 -0.840798
-0.902 0.840798
-0.901 -0.839029
-0.901 0.839029
-0.9 -0.837257
-0.9 0.837257
-0.899 -0.835482
-0.899 0.835482
-0.898 -0.833703
-0.898 0.833703
-0.897 -0.831921
-0.897 0.831921
-0.896 -0.830135
-0.896 0.830135
-0.895 -0.828346
-0.895 0.828346
-0.894 -0.826554
-0.894 0.826554
-0.893 -0.824758
-0.893 0.824758
-0.892 -0.822958
-0.892 0.822958
-0.891 -0.821155
-0.891 0.821155
-0.89 -0.819348
-0.89 0.819348
-0.889 -0.817538
-0.889 0.817538
-0.888 -0.815724
-0.888 0.815724
-0.887 -0.813906
-0.887 0.813906
-0.886 -0.812085
-0.886 0.812085
-0.885 -0.81026
-0.885 0.81026
-0.884 -0.808431
-0.884 0.808431
-0.883 -0.806599
-0.883 0.806599
-0.882 -0.804763
-0.882 0.804763
-0.881 -0.802923
-0.881 0.802923
-0.88 -0.801079
-0.88 0.801079
-0.879 -0.799232
-0.879 0.799232
-0.878 -0.797381
-0.878 0.797381
-0.877 -0.795526
-0.877 0.795526
-0.876 -0.793667
-0.876 0.793667
-0.875 -0.791804
-0.875 0.791804
-0.874 -0.789937
-0.874 0.789937
-0.873 -0.788066
-0.873 0.788066
-0.872 -0.786192
-0.872 0.786192
-0.871 -0.784313
-0.871 0.784313
-0.87 -0.78243
-0.87 0.78243
-0.869 -0.780543
-0.869 0.780543
-0.868 -0.778653
-0.868 0.778653
-0.867 -0.776758
-0.867 0.776758
-0.866 -0.774859
-0.866 0.774859
-0.865 -0.772956
-0.865 0.772956
-0.864 -0.771048
-0.864 0.771048
-0.863 -0.769137
-0.863 0.769137
-0.862 -0.767221
-0.862 0.767221
-0.861 -0.765301
-0.861 0.765301
-0.86 -0.763377
-0.86 0.763377
-0.859 -0.761448
-0.859 0.761448
-0.858 -0.759515
-0.858 0.759515
-0.857 -0.757578
-0.857 0.757578
-0.856 -0.755636
-0.856 0.755636
-0.855 -0.75369
-0.855 0.75369
-0.854 -0.751739
-0.854 0.751739
-0.853 -0.749784
-0.853 0.749784
-0.852 -0.747825
-0.852 0.747825
-0.851 -0.745861
-0.851 0.745861
-0.85 -0.743892
-0.85 0.743892
-0.849 -0.741918
-0.849 0.741918
-0.848 -0.73994
-0.848 0.73994
-0.847 -0.737958
-0.847 0.737958
-0.846 -0.73597
-0.846 0.73597
-0.845 -0.733978
-0.845 0.733978
-0.844 -0.731981
-0.844 0.731981
-0.843 -0.729979
-0.843 0.729979
-0.842 -0.727973
-0.842 0.727973
-0.841 -0.725961
-0.841 0.725961
-0.84 -0.723945
-0.84 0.723945
-0.839 -0.721923
-0.839 0.721923
-0.838 -0.719897
-0.838 0.719897
-0.837 -0.717865
-0.837 0.717865
-0.836 -0.715829
-0.836 0.715829
-0.835 -0.713787
-0.835 0.713787
-0.834 -0.71174
-0.834 0.71174
-0.833 -0.709688
-0.833 0.709688
-0.832 -0.707631
-0.832 0.707631
-0.831 -0.705568
-0.831 0.705568
-0.83 -0.703501
-0.83 0.703501
-0.829 -0.701427
-0.829 0.701427
-0.828 -0.699349
-0.828 0.699349
-0.827 -0.697264
-0.827 0.697264
-0.826 -0.695175
-0.826 0.695175
-0.825 -0.69308
-0.825 0.69308
-0.824 -0.690979
-0.824 0.690979
-0.823 -0.688872
-0.823 0.688872
-0.822 -0.68676
-0.822 0.68676
-0.821 -0.684642
-0.821 0.684642
-0.82 -0.682519
-0.82 0.682519
-0.819 -0.680389
-0.819 0.680389
-0.818 -0.678254
-0.818 0.678254
-0.817 -0.676113
-0.817 0.676113
-0.816 -0.673966
-0.816 0.673966
-0.815 -0.671812
-0.815 0.671812
-0.814 -0.669653
-0.814 0.669653
-0.813 -0.667487
-0.813 0.667487
-0.812 -0.665315
-0.812 0.665315
-0.811 -0.663137
-0.811 0.663137
-0.81 -0.660953
-0.81 0.660953
-0.809 -0.658762
-0.809 0.658762
-0.808 -0.656565
-0.808 0.656565
-0.807 -0.654362
-0.807 0.654362
-0.806 -0.652151
-0.806 0.652151
-0.805 -0.649935
-0.805 0.649935
-0.804 -0.647711
-0.804 0.647711
-0.803 -0.645481
-0.803 0.645481
-0.802 -0.643244
-0.802 0.643244
-0.801 -0.641
-0.801 0.641
-0.8 -0.638749
-0.8 0.638749
-0.799 -0.636491
-0.799 0.636491
-0.798 -0.634226
-0.798 0.634226
-0.797 -0.631954
-0.797 0.631954
-0.796 -0.629674
-0.796 0.629674
-0.795 -0.627388
-0.795 0.627388
-0.794 -0.625093
-0.794 0.625093
-0.793 -0.622792
-0.793 0.622792
-0.792 -0.620483
-0.792 0.620483
-0.791 -0.618166
-0.791 0.618166
-0.79 -0.615842
-0.79 0.615842
-0.789 -0.61351
-0.789 0.61351
-0.788 -0.611169
-0.788 0.611169
-0.787 -0.608821
-0.787 0.608821
-0.786 -0.606465
-0.786 0.606465
-0.785 -0.604101
-0.785 0.604101
-0.784 -0.601729
-0.784 0.601729
-0.783 -0.599348
-0.783 0.599348
-0.782 -0.596959
-0.782 0.596959
-0.781 -0.594562
-0.781 0.594562
-0.78 -0.592155
-0.78 0.592155
-0.779 -0.589741
-0.779 0.589741
-0.778 -0.587317
-0.778 0.587317
-0.777 -0.584884
-0.777 0.584884
-0.776 -0.582443
-0.776 0.582443
-0.775 -0.579992
-0.775 0.579992
-0.774 -0.577532
-0.774 0.577532
-0.773 -0.575063
-0.773 0.575063
-0.772 -0.572584
-0.772 0.572584
-0.771 -0.570096
-0.771 0.570096
-0.77 -0.567598
-0.77 0.567598
-0.769 -0.56509
-0.769 0.56509
-0.768 -0.562572
-0.768 0.562572
-0.767 -0.560044
-0.767 0.560044
-0.766 -0.557506
-0.766 0.557506
-0.765 -0.554958
-0.765 0.554958
-0.764 -0.552399
-0.764 0.552399
-0.763 -0.549829
-0.763 0.549829
-0.762 -0.547249
-0.762 0.547249
-0.761 -0.544658
-0.761 0.544658
-0.76 -0.542055
-0.76 0.542055
-0.759 -0.539442
-0.759 0.539442
-0.758 -0.536817
-0.758 0.536817
-0.757 -0.534181
-0.757 0.534181
-0.756 -0.531532
-0.756 0.531532
-0.755 -0.528873
-0.755 0.528873
-0.754 -0.5262
-0.754 0.5262
-0.753 -0.523516
-0.753 0.523516
-0.752 -0.52082
-0.752 0.52082
-0.751 -0.51811
-0.751 0.51811
-0.75 -0.515388
-0.75 0.515388
-0.749 -0.512653
-0.749 0.512653
-0.748 -0.509905
-0.748 0.509905
-0.747 -0.507143
-0.747 0.507143
-0.746 -0.504368
-0.746 0.504368
-0.745 -0.501579
-0.745 0.501579
-0.744 -0.498776
-0.744 0.498776
-0.743 -0.495958
-0.743 0.495958
-0.742 -0.493126
-0.742 0.493126
-0.741 -0.490279
-0.741 0.490279
-0.74 -0.487418
-0.74 0.487418
-0.739 -0.484541
-0.739 0.484541
-0.738 -0.481648
-0.738 0.481648
-0.737 -0.478739
-0.737 0.478739
-0.736 -0.475815
-0.736 0.475815
-0.735 -0.472874
-0.735 0.472874
-0.734 -0.469916
-0.734 0.469916
-0.733 -0.466941
-0.733 0.466941
-0.732 -0.463949
-0.732 0.463949
-0.731 -0.460939
-0.731 0.460939
-0.73 -0.457912
-0.73 0.457912
-0.729 -0.454865
-0.729 0.454865
-0.728 -0.4518
-0.728 0.4518
-0.727 -0.448716
-0.727 0.448716
-0.726 -0.445613
-0.726 0.445613
-0.725 -0.442489
-0.725 0.442489
-0.724 -0.439346
-0.724 0.439346
-0.723 -0.436181
-0.723 0.436181
-0.722 -0.432995
-0.722 0.432995
-0.721 -0.429788
-0.721 0.429788
-0.72 -0.426558
-0.72 0.426558
-0.719 -0.423306
-0.719 0.423306
-0.718 -0.420031
-0.718 0.420031
-0.717 -0.416732
-0.717 0.416732
-0.716 -0.413408
-0.716 0.413408
-0.715 -0.41006
-0.715 0.41006
-0.714 -0.406686
-0.714 0.406686
-0.713 -0.403286
-0.713 0.403286
-0.712 -0.39986
-0.712 0.39986
-0.711 -0.396406
-0.711 0.396406
-0.71 -0.392924
-0.71 0.392924
-0.709 -0.389413
-0.709 0.389413
-0.708 -0.385872
-0.708 0.385872
-0.707 -0.382301
-0.707 0.382301
-0.706 -0.378698
-0.706 0.378698
-0.705 -0.375063
-0.705 0.375063
-0.704 -0.371395
-0.704 0.371395
-0.703 -0.367693
-0.703 0.367693
-0.702 -0.363955
-0.702 0.363955
-0.701 -0.360182
-0.701 0.360182
-0.7 -0.356371
-0.7 0.356371
-0.699 -0.352521
-0.699 0.352521
-0.698 -0.348631
-0.698 0.348631
-0.697 -0.3447
-0.697 0.3447
-0.696 -0.340726
-0.696 0.340726
-0.695 -0.336709
-0.695 0.336709
-0.694 -0.332645
-0.694 0.332645
-0.693 -0.328534
-0.693 0.328534
-0.692 -0.324373
-0.692 0.324373
-0.691 -0.320162
-0.691 0.320162
-0.69 -0.315897
-0.69 0.315897
-0.689 -0.311577
-0.689 0.311577
-0.688 -0.307199
-0.688 0.307199
-0.687 -0.302761
-0.687 0.302761
-0.686 -0.29826
-0.686 0.29826
-0.685 -0.293694
-0.685 0.293694
-0.684 -0.289058
-0.684 0.289058
-0.683 -0.28435
-0.683 0.28435
-0.682 -0.279567
-0.682 0.279567
-0.681 -0.274703
-0.681 0.274703
-0.68 -0.269755
-0.68 0.269755
-0.679 -0.264719
-0.679 0.264719
-0.678 -0.259589
-0.678 0.259589
-0.677 -0.254359
-0.677 0.254359
-0.676 -0.249023
-0.676 0.249023
-0.675 -0.243574
-0.675 0.243574
-0.674 -0.238004
-0.674 0.238004
-0.673 -0.232305
-0.673 0.232305
-0.672 -0.226468
-0.672 0.226468
-0.671 -0.22048
-0.671 0.22048
-0.67 -0.214329
-0.67 0.214329
-0.669 -0.208002
-0.669 0.208002
-0.668 -0.20148
-0.668 0.20148
-0.667 -0.194746
-0.667 0.194746
-0.666 -0.187776
-0.666 0.187776
-0.665 -0.180542
-0.665 0.180542
-0.664 -0.173012
-0.664 0.173012
-0.663 -0.165145
-0.663 0.165145
-0.662 -0.15689
-0.662 0.15689
-0.661 -0.148183
-0.661 0.148183
-0.66 -0.138939
-0.66 0.138939
-0.659 -0.129042
-0.659 0.129042
-0.658 -0.118329
-0.658 0.118329
-0.657 -0.106553
-0.657 0.106553
-0.656 -0.0933144
-0.656 0.0933144
-0.655 -0.0778693
-0.655 0.0778693
-0.654 -0.0584956
-0.654 0.0584956
-0.653 -0.0279629
-0.653 0.0279629
0.533 -0.060716
0.533 0.060716
0.534 -0.0879847
0.534 0.0879847
0.535 -0.108653
0.535 0.108653
0.536 -0.126011
0.536 0.126011
0.537 -0.141284
0.537 0.141284
0.538 -0.15509
0.538 0.15509
0.539 -0.167791
0.539 0.167791
0.54 -0.179622
0.54 0.179622
0.541 -0.190744
0.541 0.190744
0.542 -0.201276
0.542 0.201276
0.543 -0.211305
0.543 0.211305
0.544 -0.220901
0.544 0.220901
0.545 -0.230117
0.545 0.230117
0.546 -0.238997
0.546 0.238997
0.547 -0.247577
0.547 0.247577
0.548 -0.255888
0.548 0.255888
0.549 -0.263955
0.549 0.263955
0.55 -0.2718
0.55 0.2718
0.551 -0.279441
0.551 0.279441
0.552 -0.286895
0.552 0.286895
0.553 -0.294176
0.553 0.294176
0.554 -0.301296
0.554 0.301296
0.555 -0.308268
0.555 0.308268
0.556 -0.315099
0.556 0.315099
0.557 -0.321801
0.557 0.321801
0.558 -0.32838
0.558 0.32838
0.559 -0.334843
0.559 0.334843
0.56 -0.341198
0.56 0.341198
0.561 -0.34745
0.561 0.34745
0.562 -0.353605
0.562 0.353605
0.563 -0.359667
0.563 0.359667
0.564 -0.365642
0.564 0.365642
0.565 -0.371533
0.565 0.371533
0.566 -0.377345
0.566 0.377345
0.567 -0.383081
0.567 0.383081
0.568 -0.388745
0.568 0.388745
0.569 -0.394339
0.569 0.394339
0.57 -0.399866
0.57 0.399866
0.571 -0.40533
0.571 0.40533
0.572 -0.410733
0.572 0.410733
0.573 -0.416076
0.573 0.416076
0.574 -0.421364
0.574 0.421364
0.575 -0.426596
0.575 0.426596
0.576 -0.431777
0.576 0.431777
0.577 -0.436906
0.577 0.436906
0.578 -0.441987
0.578 0.441987
0.579 -0.447021
0.579 0.447021
0.58 -0.452009
0.58 0.452009
0.581 -0.456953
0.581 0.456953
0.582 -0.461854
0.582 0.461854
0.583 -0.466714
0.583 0.466714
0.584 -0.471534
0.584 0.471534
0.585 -0.476316
0.585 0.476316
0.586 -0.481059
0.586 0.481059
0.587 -0.485766
0.587 0.485766
0.588 -0.490438
0.588 0.490438
0.589 -0.495075
0.589 0.495075
0.59 -0.499679
0.59 0.499679
0.591 -0.50425
0.591 0.50425
0.592 -0.508789
0.592 0.508789
0.593 -0.513298
0.593 0.513298
0.594 -0.517777
0.594 0.517777
0.595 -0.522226
0.595 0.522226
0.596 -0.526647
0.596 0.526647
0.597 -0.53104
0.597 0.53104
0.598 -0.535406
0.598 0.535406
0.599 -0.539745
0.599 0.539745
0.6 -0.544059
0.6 0.544059
0.601 -0.548347
0.601 0.548347
0.602 -0.552611
0.602 0.552611
0.603 -0.556851
0.603 0.556851
0.604 -0.561068
0.604 0.561068
0.605 -0.565261
0.605 0.565261
0.606 -0.569432
0.606 0.569432
0.607 -0.573581
0.607 0.573581
0.608 -0.577709
0.608 0.577709
0.609 -0.581816
0.609 0.581816
0.61 -0.585902
0.61 0.585902
0.611 -0.589968
0.611 0.589968
0.612 -0.594014
0.612 0.594014
0.613 -0.598041
0.613 0.598041
0.614 -0.602049
0.614 0.602049
0.615 -0.606039
0.615 0.606039
0.616 -0.610011
0.616 0.610011
0.617 -0.613964
0.617 0.613964
0.618 -0.617901
0.618 0.617901
0.619 -0.62182
0.619 0.62182
0.62 -0.625722
0.62 0.625722
0.621 -0.629608
0.621 0.629608
0.622 -0.633478
0.622 0.633478
0.623 -0.637331
0.623 0.637331
0.624 -0.64117
0.624 0.64117
0.625 -0.644993
0.625 0.644993
0.626 -0.648801
0.626 0.648801
0.627 -0.652594
0.627 0.652594
0.628 -0.656373
0.628 0.656373
0.629 -0.660137
0.629 0.660137
0.63 -0.663888
0.63 0.663888
0.631 -0.667625
0.631 0.667625
0.632 -0.671348
0.632 0.671348
0.633 -0.675058
0.633 0.675058
0.634 -0.678755
0.634 0.678755
0.635 -0.682439
0.635 0.682439
0.636 -0.68611
0.636 0.68611
0.637 -0.689769
0.637 0.689769
0.638 -0.693416
0.638 0.693416
0.639 -0.697051
0.639 0.697051
0.64 -0.700674
0.64 0.700674
0.641 -0.704285
0.641 0.704285
0.642 -0.707885
0.642 0.707885
0.643 -0.711474
0.643 0.711474
0.644 -0.715051
0.644 0.715051
0.645 -0.718618
0.645 0.718618
0.646 -0.722173
0.646 0.722173
0.647 -0.725718
0.647 0.725718
0.648 -0.729253
0.648 0.729253
0.649 -0.732777
0.649 0.732777
0.65 -0.736291
0.65 0.736291
0.651 -0.739796
0.651 0.739796
0.652 -0.74329
0.652 0.74329
0.653 -0.746774
0.653 0.746774
0.654 -0.750249
0.654 0.750249
0.655 -0.753715
0.655 0.753715
0.656 -0.757171
0.656 0.757171
0.657 -0.760618
0.657 0.760618
0.658 -0.764056
0.658 0.764056
0.659 -0.767486
0.659 0.767486
0.66 -0.770906
0.66 0.770906
0.661 -0.774318
0.661 0.774318
0.662 -0.777721
0.662 0.777721
0.663 -0.781115
0.663 0.781115
0.664 -0.784502
0.664 0.784502
0.665 -0.78788
0.665 0.78788
0.666 -0.79125
0.666 0.79125
0.667 -0.794612
0.667 0.794612
0.668 -0.797966
0.668 0.797966
0.669 -0.801312
0.669 0.801312
0.67 -0.804651
0.67 0.804651
0.671 -0.807982
0.671 0.807982
0.672 -0.811305
0.672 0.811305
0.673 -0.814622
0.673 0.814622
0.674 -0.81793
0.674 0.81793
0.675 -0.821232
0.675 0.821232
0.676 -0.824526
0.676 0.824526
0.677 -0.827814
0.677 0.827814
0.678 -0.831094
0.678 0.831094
0.679 -0.834368
0.679 0.834368
0.68 -0.837635
0.68 0.837635
0.681 -0.840895
0.681 0.840895
0.682 -0.844148
0.682 0.844148
0.683 -0.847395
0.683 0.847395
0.684 -0.850636
0.684 0.850636
0.685 -0.85387
0.685 0.85387
0.686 -0.857098
0.686 0.857098
0.687 -0.86032
0.687 0.86032
0.688 -0.863535
0.688 0.863535
0.689 -0.866744
0.689 0.866744
0.69 -0.869948
0.69 0.869948
0.691 -0.873145
0.691 0.873145
0.692 -0.876337
0.692 0.876337
0.693 -0.879522
0.693 0.879522
0.694 -0.882702
0.694 0.882702
0.695 -0.885877
0.695 0.885877
0.696 -0.889045
0.696 0.889045
0.697 -0.892208
0.697 0.892208
0.698 -0.895366
0.698 0.895366
0.699 -0.898518
0.699 0.898518
0.7 -0.901665
0.7 0.901665
0.701 -0.904807
0.701 0.904807
0.702 -0.907943
0.702 0.907943
0.703 -0.911074
0.703 0.911074
0.704 -0.9142
0.704 0.9142
0.705 -0.917321
0.705 0.917321
0.706 -0.920437
0.706 0.920437
0.707 -0.923548
0.707 0.923548
0.708 -0.926654
0.708 0.926654
0.709 -0.929755
0.709 0.929755
0.71 -0.932851
0.71 0.932851
0.711 -0.935943
0.711 0.935943
0.712 -0.939029
0.712 0.939029
0.713 -0.942112
0.713 0.942112
0.714 -0.945189
0.714 0.945189
0.715 -0.948262
0.715 0.948262
0.716 -0.95133
0.716 0.95133
0.717 -0.954394
0.717 0.954394
0.718 -0.957454
0.718 0.957454
0.719 -0.960509
0.719 0.960509
0.72 -0.96356
0.72 0.96356
0.721 -0.966607
0.721 0.966607
0.722 -0.969649
0.722 0.969649
0.723 -0.972687
0.723 0.972687
0.724 -0.975721
0.724 0.975721
0.725 -0.978751
0.725 0.978751
0.726 -0.981777
0.726 0.981777
0.727 -0.984798
0.727 0.984798
0.728 -0.987816
0.728 0.987816
0.729 -0.99083
0.729 0.99083
0.73 -0.99384
0.73 0.99384
0.731 -0.996845
0.731 0.996845
0.732 -0.999848
0.732 0.999848
0.733 -1.00285
0.733 1.00285
0.734 -1.00584
0.734 1.00584
0.735 -1.00883
0.735 1.00883
0.736 -1.01182
0.736 1.01182
0.737 -1.0148
0.737 1.0148
0.738 -1.01778
0.738 1.01778
0.739 -1.02076
0.739 1.02076
0.74 -1.02373
0.74 1.02373
0.741 -1.0267
0.741 1.0267
0.742 -1.02967
0.742 1.02967
0.743 -1.03263
0.743 1.03263
0.744 -1.03559
0.744 1.03559
0.745 -1.03854
0.745 1.03854
0.746 -1.04149
0.746 1.04149
0.747 -1.04444
0.747 1.04444
0.748 -1.04739
0.748 1.04739
0.749 -1.05033
0.749 1.05033
0.75 -1.05327
0.75 1.05327
0.751 -1.0562
0.751 1.0562
0.752 -1.05914
0.752 1.05914
0.753 -1.06207
0.753 1.06207
0.754 -1.06499
0.754 1.06499
0.755 -1.06792
0.755 1.06792
0.756 -1.07084
0.756 1.07084
0.757 -1.07375
0.757 1.07375
0.758 -1.07667
0.758 1.07667
0.759 -1.07958
0.759 1.07958
0.76 -1.08249
0.76 1.08249
0.761 -1.08539
0.761 1.08539
0.762 -1.08829
0.762 1.08829
0.763 -1.09119
0.763 1.09119
0.764 -1.09409
0.764 1.09409
0.765 -1.09698
0.765 1.09698
0.766 -1.09987
0.766 1.09987
0.767 -1.10276
0.767 1.10276
0.768 -1.10565
0.768 1.10565
0.769 -1.10853
0.769 1.10853
0.77 -1.11141
0.77 1.11141
0.771 -1.11429
0.771 1.11429
0.772 -1.11716
0.772 1.11716
0.773 -1.12003
0.773 1.12003
0.774 -1.1229
0.774 1.1229
0.775 -1.12577
0.775 1.12577
0.776 -1.12863
0.776 1.12863
0.777 -1.1315
0.777 1.1315
0.778 -1.13436
0.778 1.13436
0.779 -1.13721
0.779 1.13721
0.78 -1.14007
0.78 1.14007
0.781 -1.14292
0.781 1.14292
0.782 -1.14577
0.782 1.14577
0.783 -1.14861
0.783 1.14861
0.784 -1.15146
0.784 1.15146
0.785 -1.1543
0.785 1.1543
0.786 -1.15714
0.786 1.15714
0.787 -1.15998
0.787 1.15998
0.788 -1.16281
0.788 1.16281
0.789 -1.16565
0.789 1.16565
0.79 -1.16848
0.79 1.16848
0.791 -1.17131
0.791 1.17131
0.792 -1.17413
0.792 1.17413
0.793 -1.17696
0.793 1.17696
0.794 -1.17978
0.794 1.17978
0.795 -1.1826
0.795 1.1826
0.796 -1.18541
0.796 1.18541
0.797 -1.18823
0.797 1.18823
0.798 -1.19104
0.798 1.19104
0.799 -1.19385
0.799 1.19385
0.8 -1.19666
0.8 1.19666
0.801 -1.19947
0.801 1.19947
0.802 -1.20227
0.802 1.20227
0.803 -1.20508
0.803 1.20508
0.804 -1.20788
0.804 1.20788
0.805 -1.21068
0.805 1.21068
0.806 -1.21347
0.806 1.21347
0.807 -1.21627
0.807 1.21627
0.808 -1.21906
0.808 1.21906
0.809 -1.22185
0.809 1.22185
0.81 -1.22464
0.81 1.22464
0.811 -1.22743
0.811 1.22743
0.812 -1.23021
0.812 1.23021
0.813 -1.23299
0.813 1.23299
0.814 -1.23578
0.814 1.23578
0.815 -1.23855
0.815 1.23855
0.816 -1.24133
0.816 1.24133
0.817 -1.24411
0.817 1.24411
0.818 -1.24688
0.818 1.24688
0.819 -1.24965
0.819 1.24965
0.82 -1.25242
0.82 1.25242
0.821 -1.25519
0.821 1.25519
0.822 -1.25796
0.822 1.25796
0.823 -1.26073
0.823 1.26073
0.824 -1.26349
0.824 1.26349
0.825 -1.26625
0.825 1.26625
0.826 -1.26901
0.826 1.26901
0.827 -1.27177
0.827 1.27177
0.828 -1.27453
0.828 1.27453
0.829 -1.27728
0.829 1.27728
0.83 -1.28003
0.83 1.28003
0.831 -1.28279
0.831 1.28279
0.832 -1.28554
0.832 1.28554
0.833 -1.28828
0.833 1.28828
0.834 -1.29103
0.834 1.29103
0.835 -1.29378
0.835 1.29378
0.836 -1.29652
0.836 1.29652
0.837 -1.29926
0.837 1.29926
0.838 -1.302
0.838 1.302
0.839 -1.30474
0.839 1.30474
0.84 -1.30748
0.84 1.30748
0.841 -1.31022
0.841 1.31022
0.842 -1.31295
0.842 1.31295
0.843 -1.31568
0.843 1.31568
0.844 -1.31842
0.844 1.31842
0.845 -1.32115
0.845 1.32115
0.846 -1.32387
0.846 1.32387
0.847 -1.3266
0.847 1.3266
0.848 -1.32933
0.848 1.32933
0.849 -1.33205
0.849 1.33205
0.85 -1.33478
0.85 1.33478
0.851 -1.3375
0.851 1.3375
0.852 -1.34022
0.852 1.34022
0.853 -1.34294
0.853 1.34294
0.854 -1.34565
0.854 1.34565
0.855 -1.34837
0.855 1.34837
0.856 -1.35108
0.856 1.35108
0.857 -1.3538
0.857 1.3538
0.858 -1.35651
0.858 1.35651
0.859 -1.35922
0.859 1.35922
0.86 -1.36193
0.86 1.36193
0.861 -1.36464
0.861 1.36464
0.862 -1.36735
0.862 1.36735
0.863 -1.37005
0.863 1.37005
0.864 -1.37276
0.864 1.37276
0.865 -1.37546
0.865 1.37546
0.866 -1.37816
0.866 1.37816
0.867 -1.38086
0.867 1.38086
0.868 -1.38356
0.868 1.38356
0.869 -1.38626
0.869 1.38626
0.87 -1.38896
0.87 1.38896
0.871 -1.39165
0.871 1.39165
0.872 -1.39435
0.872 1.39435
0.873 -1.39704
0.873 1.39704
0.874 -1.39973
0.874 1.39973
0.875 -1.40243
0.875 1.40243
0.876 -1.40512
0.876 1.40512
0.877 -1.4078
0.877 1.4078
0.878 -1.41049
0.878 1.41049
0.879 -1.41318
0.879 1.41318
0.88 -1.41586
0.88 1.41586
0.881 -1.41855
0.881 1.41855
0.882 -1.42123
0.882 1.42123
0.883 -1.42391
0.883 1.42391
0.884 -1.4266
0.884 1.4266
0.885 -1.42928
0.885 1.42928
0.886 -1.43195
0.886 1.43195
0.887 -1.43463
0.887 1.43463
0.888 -1.43731
0.888 1.43731
0.889 -1.43999
0.889 1.43999
0.89 -1.44266
0.89 1.44266
0.891 -1.44533
0.891 1.44533
0.892 -1.44801
0.892 1.44801
0.893 -1.45068
0.893 1.45068
0.894 -1.45335
0.894 1.45335
0.895 -1.45602
0.895 1.45602
0.896 -1.45869
0.896 1.45869
0.897 -1.46136
0.897 1.46136
0.898 -1.46402
0.898 1.46402
0.899 -1.46669
0.899 1.46669
0.9 -1.46935
0.9 1.46935
0.901 -1.47202
0.901 1.47202
0.902 -1.47468
0.902 1.47468
0.903 -1.47734
0.903 1.47734
0.904 -1.48
0.904 1.48
0.905 -1.48266
0.905 1.48266
0.906 -1.48532
0.906 1.48532
0.907 -1.48798
0.907 1.48798
0.908 -1.49064
0.908 1.49064
0.909 -1.4933
0.909 1.4933
0.91 -1.49595
0.91 1.49595
0.911 -1.49861
0.911 1.49861
0.912 -1.50126
0.912 1.50126
0.913 -1.50391
0.913 1.50391
0.914 -1.50657
0.914 1.50657
0.915 -1.50922
0.915 1.50922
0.916 -1.51187
0.916 1.51187
0.917 -1.51452
0.917 1.51452
0.918 -1.51717
0.918 1.51717
0.919 -1.51981
0.919 1.51981
0.92 -1.52246
0.92 1.52246
0.921 -1.52511
0.921 1.52511
0.922 -1.52775
0.922 1.52775
0.923 -1.5304
0.923 1.5304
0.924 -1.53304
0.924 1.53304
0.925 -1.53568
0.925 1.53568
0.926 -1.53833
0.926 1.53833
0.927 -1.54097
0.927 1.54097
0.928 -1.54361
0.928 1.54361
0.929 -1.54625
0.929 1.54625
0.93 -1.54889
0.93 1.54889
0.931 -1.55153
0.931 1.55153
0.932 -1.55417
0.932 1.55417
0.933 -1.5568
0.933 1.5568
0.934 -1.55944
0.934 1.55944
0.935 -1.56207
0.935 1.56207
0.936 -1.56471
0.936 1.56471
0.937 -1.56734
0.937 1.56734
0.938 -1.56998
0.938 1.56998
0.939 -1.57261
0.939 1.57261
0.94 -1.57524
0.94 1.57524
0.941 -1.57787
0.941 1.57787
0.942 -1.5805
0.942 1.5805
0.943 -1.58313
0.943 1.58313
0.944 -1.58576
0.944 1.58576
0.945 -1.58839
0.945 1.58839
0.946 -1.59102
0.946 1.59102
0.947 -1.59365
0.947 1.59365
0.948 -1.59627
0.948 1.59627
0.949 -1.5989
0.949 1.5989
0.95 -1.60152
0.95 1.60152
0.951 -1.60415
0.951 1.60415
0.952 -1.60677
0.952 1.60677
0.953 -1.60939
0.953 1.60939
0.954 -1.61202
0.954 1.61202
0.955 -1.61464
0.955 1.61464
0.956 -1.61726
0.956 1.61726
0.957 -1.61988
0.957 1.61988
0.958 -1.6225
0.958 1.6225
0.959 -1.62512
0.959 1.62512
0.96 -1.62774
0.96 1.62774
0.961 -1.63036
0.961 1.63036
0.962 -1.63298
0.962 1.63298
0.963 -1.63559
0.963 1.63559
0.964 -1.63821
0.964 1.63821
0.965 -1.64083
0.965 1.64083
0.966 -1.64344
0.966 1.64344
0.967 -1.64606
0.967 1.64606
0.968 -1.64867
0.968 1.64867
0.969 -1.65128
0.969 1.65128
0.97 -1.6539
0.97 1.6539
0.971 -1.65651
0.971 1.65651
0.972 -1.65912
0.972 1.65912
0.973 -1.66173
0.973 1.66173
0.974 -1.66434
0.974 1.66434
0.975 -1.66695
0.975 1.66695
0.976 -1.66956
0.976 1.66956
0.977 -1.67217
0.977 1.67217
0.978 -1.67478
0.978 1.67478
0.979 -1.67739
0.979 1.67739
0.98 -1.68
0.98 1.68
0.981 -1.6826
0.981 1.6826
0.982 -1.68521
0.982 1.68521
0.983 -1.68782
0.983 1.68782
0.984 -1.69042
0.984 1.69042
0.985 -1.69303
0.985 1.69303
0.986 -1.69563
0.986 1.69563
0.987 -1.69824
0.987 1.69824
0.988 -1.70084
0.988 1.70084
0.989 -1.70344
0.989 1.70344
0.99 -1.70605
0.99 1.70605
0.991 -1.70865
0.991 1.70865
0.992 -1.71125
0.992 1.71125
0.993 -1.71385
0.993 1.71385
0.994 -1.71645
0.994 1.71645
0.995 -1.71905
0.995 1.71905
0.996 -1.72165
0.996 1.72165
0.997 -1.72425
0.997 1.72425
0.998 -1.72685
0.998 1.72685
0.999 -1.72945
0.999 1.72945
1 -1.73205
1 1.73205
1.001 -1.73465
1.001 1.73465
1.002 -1.73725
1.002 1.73725
1.003 -1.73984
1.003 1.73984
1.004 -1.74244
1.004 1.74244
1.005 -1.74504
1.005 1.74504
1.006 -1.74763
1.006 1.74763
1.007 -1.75023
1.007 1.75023
1.008 -1.75282
1.008 1.75282
1.009 -1.75542
1.009 1.75542
1.01 -1.75801
1.01 1.75801
1.011 -1.7606
1.011 1.7606
1.012 -1.7632
1.012 1.7632
1.013 -1.76579
1.013 1.76579
1.014 -1.76838
1.014 1.76838
1.015 -1.77098
1.015 1.77098
1.016 -1.77357
1.016 1.77357
1.017 -1.77616
1.017 1.77616
1.018 -1.77875
1.018 1.77875
1.019 -1.78134
1.019 1.78134
1.02 -1.78393
1.02 1.78393
1.021 -1.78652
1.021 1.78652
1.022 -1.78911
1.022 1.78911
1.023 -1.7917
1.023 1.7917
1.024 -1.79429
1.024 1.79429
1.025 -1.79688
1.025 1.79688
1.026 -1.79946
1.026 1.79946
1.027 -1.80205
1.027 1.80205
1.028 -1.80464
1.028 1.80464
1.029 -1.80723
1.029 1.80723
1.03 -1.80981
1.03 1.80981
1.031 -1.8124
1.031 1.8124
1.032 -1.81499
1.032 1.81499
1.033 -1.81757
1.033 1.81757
1.034 -1.82016
1.034 1.82016
1.035 -1.82274
1.035 1.82274
1.036 -1.82533
1.036 1.82533
1.037 -1.82791
1.037 1.82791
1.038 -1.8305
1.038 1.8305
1.039 -1.83308
1.039 1.83308
1.04 -1.83566
1.04 1.83566
1.041 -1.83825
1.041 1.83825
1.042 -1.84083
1.042 1.84083
1.043 -1.84341
1.043 1.84341
1.044 -1.846
1.044 1.846
1.045 -1.84858
1.045 1.84858
1.046 -1.85116
1.046 1.85116
1.047 -1.85374
1.047 1.85374
1.048 -1.85632
1.048 1.85632
1.049 -1.8589
1.049 1.8589
1.05 -1.86148
1.05 1.86148
1.051 -1.86407
1.051 1.86407
1.052 -1.86665
1.052 1.86665
1.053 -1.86923
1.053 1.86923
1.054 -1.8718
1.054 1.8718
1.055 -1.87438
1.055 1.87438
1.056 -1.87696
1.056 1.87696
1.057 -1.87954
1.057 1.87954
1.058 -1.88212
1.058 1.88212
1.059 -1.8847
1.059 1.8847
1.06 -1.88728
1.06 1.88728
1.061 -1.88986
1.061 1.88986
1.062 -1.89243
1.062 1.89243
1.063 -1.89501
1.063 1.89501
1.064 -1.89759
1.064 1.89759
1.065 -1.90016
1.065 1.90016
1.066 -1.90274
1.066 1.90274
1.067 -1.90532
1.067 1.90532
1.068 -1.90789
1.068 1.90789
1.069 -1.91047
1.069 1.91047
1.07 -1.91305
1.07 1.91305
1.071 -1.91562
1.071 1.91562
1.072 -1.9182
1.072 1.9182
1.073 -1.92077
1.073 1.92077
1.074 -1.92335
1.074 1.92335
1.075 -1.92592
1.075 1.92592
1.076 -1.9285
1.076 1.9285
1.077 -1.93107
1.077 1.93107
1.078 -1.93364
1.078 1.93364
1.079 -1.93622
1.079 1.93622
1.08 -1.93879
1.08 1.93879
1.081 -1.94136
1.081 1.94136
1.082 -1.94394
1.082 1.94394
1.083 -1.94651
1.083 1.94651
1.084 -1.94908
1.084 1.94908
1.085 -1.95166
1.085 1.95166
1.086 -1.95423
1.086 1.95423
1.087 -1.9568
1.087 1.9568
1.088 -1.95937
1.088 1.95937
1.089 -1.96195
1.089 1.96195
1.09 -1.96452
1.09 1.96452
1.091 -1.96709
1.091 1.96709
1.092 -1.96966
1.092 1.96966
1.093 -1.97223
1.093 1.97223
1.094 -1.9748
1.094 1.9748
1.095 -1.97737
1.095 1.97737
1.096 -1.97994
1.096 1.97994
1.097 -1.98252
1.097 1.98252
1.098 -1.98509
1.098 1.98509
1.099 -1.98766
1.099 1.98766
1.1 -1.99023
1.1 1.99023
1.101 -1.9928
1.101 1.9928
1.102 -1.99537
1.102 1.99537
1.103 -1.99794
1.103 1.99794
1.104 -2.00051
1.104 2.00051
1.105 -2.00307
1.105 2.00307
1.106 -2.00564
1.106 2.00564
1.107 -2.00821
1.107 2.00821
1.108 -2.01078
1.108 2.01078
1.109 -2.01335
1.109 2.01335
1.11 -2.01592
1.11 2.01592
1.111 -2.01849
1.111 2.01849
1.112 -2.02106
1.112 2.02106
1.113 -2.02362
1.113 2.02362
1.114 -2.02619
1.114 2.02619
1.115 -2.02876
1.115 2.02876
1.116 -2.03133
1.116 2.03133
1.117 -2.0339
1.117 2.0339
1.118 -2.03646
1.118 2.03646
1.119 -2.03903
1.119 2.03903
1.12 -2.0416
1.12 2.0416
1.121 -2.04417
1.121 2.04417
1.122 -2.04673
1.122 2.04673
1.123 -2.0493
1.123 2.0493
1.124 -2.05187
1.124 2.05187
1.125 -2.05443
1.125 2.05443
1.126 -2.057
1.126 2.057
1.127 -2.05957
1.127 2.05957
1.128 -2.06214
1.128 2.06214
1.129 -2.0647
1.129 2.0647
1.13 -2.06727
1.13 2.06727
1.131 -2.06983
1.131 2.06983
1.132 -2.0724
1.132 2.0724
1.133 -2.07497
1.133 2.07497
1.134 -2.07753
1.134 2.07753
1.135 -2.0801
1.135 2.0801
1.136 -2.08266
1.136 2.08266
1.137 -2.08523
1.137 2.08523
1.138 -2.0878
1.138 2.0878
1.139 -2.09036
1.139 2.09036
1.14 -2.09293
1.14 2.09293
1.141 -2.09549
1.141 2.09549
1.142 -2.09806
1.142 2.09806
1.143 -2.10062
1.143 2.10062
1.144 -2.10319
1.144 2.10319
1.145 -2.10575
1.145 2.10575
1.146 -2.10832
1.146 2.10832
1.147 -2.11088
1.147 2.11088
1.148 -2.11345
1.148 2.11345
1.149 -2.11601
1.149 2.11601
1.15 -2.11858
1.15 2.11858
1.151 -2.12114
1.151 2.12114
1.152 -2.12371
1.152 2.12371
1.153 -2.12627
1.153 2.12627
1.154 -2.12884
1.154 2.12884
1.155 -2.1314
1.155 2.1314
1.156 -2.13397
1.156 2.13397
1.157 -2.13653
1.157 2.13653
1.158 -2.1391
1.158 2.1391
1.159 -2.14166
1.159 2.14166
1.16 -2.14422
1.16 2.14422
1.161 -2.14679
1.161 2.14679
1.162 -2.14935
1.162 2.14935
1.163 -2.15192
1.163 2.15192
1.164 -2.15448
1.164 2.15448
1.165 -2.15704
1.165 2.15704
1.166 -2.15961
1.166 2.15961
1.167 -2.16217
1.167 2.16217
1.168 -2.16474
1.168 2.16474
1.169 -2.1673
1.169 2.1673
1.17 -2.16986
1.17 2.16986
1.171 -2.17243
1.171 2.17243
1.172 -2.17499
1.172 2.17499
1.173 -2.17756
1.173 2.17756
1.174 -2.18012
1.174 2.18012
1.175 -2.18268
1.175 2.18268
1.176 -2.18525
1.176 2.18525
1.177 -2.18781
1.177 2.18781
1.178 -2.19038
1.178 2.19038
1.179 -2.19294
1.179 2.19294
1.18 -2.1955
1.18 2.1955
1.181 -2.19807
1.181 2.19807
1.182 -2.20063
1.182 2.20063
1.183 -2.20319
1.183 2.20319
1.184 -2.20576
1.184 2.20576
1.185 -2.20832
1.185 2.20832
1.186 -2.21088
1.186 2.21088
1.187 -2.21345
1.187 2.21345
1.188 -2.21601
1.188 2.21601
1.189 -2.21858
1.189 2.21858
1.19 -2.22114
1.19 2.22114
1.191 -2.2237
1.191 2.2237
1.192 -2.22627
1.192 2.22627
1.193 -2.22883
1.193 2.22883
1.194 -2.23139
1.194 2.23139
1.195 -2.23396
1.195 2.23396
1.196 -2.23652
1.196 2.23652
1.197 -2.23908
1.197 2.23908
1.198 -2.24165
1.198 2.24165
1.199 -2.24421
1.199 2.24421
1.2 -2.24678
1.2 2.24678
1.201 -2.24934
1.201 2.24934
1.202 -2.2519
1.202 2.2519
1.203 -2.25447
1.203 2.25447
1.204 -2.25703
1.204 2.25703
1.205 -2.25959
1.205 2.25959
1.206 -2.26216
1.206 2.26216
1.207 -2.26472
1.207 2.26472
1.208 -2.26729
1.208 2.26729
1.209 -2.26985
1.209 2.26985
1.21 -2.27241
1.21 2.27241
1.211 -2.27498
1.211 2.27498
1.212 -2.27754
1.212 2.27754
1.213 -2.2801
1.213 2.2801
1.214 -2.28267
1.214 2.28267
1.215 -2.28523
1.215 2.28523
1.216 -2.2878
1.216 2.2878
1.217 -2.29036
1.217 2.29036
1.218 -2.29292
1.218 2.29292
1.219 -2.29549
1.219 2.29549
1.22 -2.29805
1.22 2.29805
1.221 -2.30062
1.221 2.30062
1.222 -2.30318
1.222 2.30318
1.223 -2.30575
1.223 2.30575
1.224 -2.30831
1.224 2.30831
1.225 -2.31087
1.225 2.31087
1.226 -2.31344
1.226 2.31344
1.227 -2.316
1.227 2.316
1.228 -2.31857
1.228 2.31857
1.229 -2.32113
1.229 2.32113
1.23 -2.3237
1.23 2.3237
1.231 -2.32626
1.231 2.32626
1.232 -2.32883
1.232 2.32883
1.233 -2.33139
1.233 2.33139
1.234 -2.33396
1.234 2.33396
1.235 -2.33652
1.235 2.33652
1.236 -2.33909
1.236 2.33909
1.237 -2.34165
1.237 2.34165
1.238 -2.34422
1.238 2.34422
1.239 -2.34678
1.239 2.34678
1.24 -2.34935
1.24 2.34935
1.241 -2.35191
1.241 2.35191
1.242 -2.35448
1.242 2.35448
1.243 -2.35704
1.243 2.35704
1.244 -2.35961
1.244 2.35961
1.245 -2.36217
1.245 2.36217
1.246 -2.36474
1.246 2.36474
1.247 -2.3673
1.247 2.3673
1.248 -2.36987
1.248 2.36987
1.249 -2.37243
1.249 2.37243
1.25 -2.375
1.25 2.375
1.251 -2.37757
1.251 2.37757
1.252 -2.38013
1.252 2.38013
1.253 -2.3827
1.253 2.3827
1.254 -2.38526
1.254 2.38526
1.255 -2.38783
1.255 2.38783
1.256 -2.3904
1.256 2.3904
1.257 -2.39296
1.257 2.39296
1.258 -2.39553
1.258 2.39553
1.259 -2.3981
1.259 2.3981
1.26 -2.40066
1.26 2.40066
1.261 -2.40323
1.261 2.40323
1.262 -2.40579
1.262 2.40579
1.263 -2.40836
1.263 2.40836
1.264 -2.41093
1.264 2.41093
1.265 -2.4135
1.265 2.4135
1.266 -2.41606
1.266 2.41606
1.267 -2.41863
1.267 2.41863
1.268 -2.4212
1.268 2.4212
1.269 -2.42376
1.269 2.42376
1.27 -2.42633
1.27 2.42633
1.271 -2.4289
1.271 2.4289
1.272 -2.43147
1.272 2.43147
1.273 -2.43403
1.273 2.43403
1.274 -2.4366
1.274 2.4366
1.275 -2.43917
1.275 2.43917
1.276 -2.44174
1.276 2.44174
1.277 -2.44431
1.277 2.44431
1.278 -2.44687
1.278 2.44687
1.279 -2.44944
1.279 2.44944
1.28 -2.45201
1.28 2.45201
1.281 -2.45458
1.281 2.45458
1.282 -2.45715
1.282 2.45715
1.283 -2.45972
1.283 2.45972
1.284 -2.46228
1.284 2.46228
1.285 -2.46485
1.285 2.46485
1.286 -2.46742
1.286 2.46742
1.287 -2.46999
1.287 2.46999
1.288 -2.47256
1.288 2.47256
1.289 -2.47513
1.289 2.47513
1.29 -2.4777
1.29 2.4777
1.291 -2.48027
1.291 2.48027
1.292 -2.48284
1.292 2.48284
1.293 -2.48541
1.293 2.48541
1.294 -2.48798
1.294 2.48798
1.295 -2.49055
1.295 2.49055
1.296 -2.49312
1.296 2.49312
1.297 -2.49569
1.297 2.49569
1.298 -2.49826
1.298 2.49826
1.299 -2.50083
1.299 2.50083
1.3 -2.5034
1.3 2.5034
1.301 -2.50597
1.301 2.50597
1.302 -2.50854
1.302 2.50854
1.303 -2.51111
1.303 2.51111
1.304 -2.51368
1.304 2.51368
1.305 -2.51625
1.305 2.51625
1.306 -2.51882
1.306 2.51882
1.307 -2.52139
1.307 2.52139
1.308 -2.52397
1.308 2.52397
1.309 -2.52654
1.309 2.52654
1.31 -2.52911
1.31 2.52911
1.311 -2.53168
1.311 2.53168
1.312 -2.53425
1.312 2.53425
1.313 -2.53682
1.313 2.53682
1.314 -2.5394
1.314 2.5394
1.315 -2.54197
1.315 2.54197
1.316 -2.54454
1.316 2.54454
1.317 -2.54711
1.317 2.54711
1.318 -2.54969
1.318 2.54969
1.319 -2.55226
1.319 2.55226
1.32 -2.55483
1.32 2.55483
1.321 -2.55741
1.321 2.55741
1.322 -2.55998
1.322 2.55998
1.323 -2.56255
1.323 2.56255
1.324 -2.56513
1.324 2.56513
1.325 -2.5677
1.325 2.5677
1.326 -2.57027
1.326 2.57027
1.327 -2.57285
1.327 2.57285
1.328 -2.57542
1.328 2.57542
1.329 -2.57799
1.329 2.57799
1.33 -2.58057
1.33 2.58057
1.331 -2.58314
1.331 2.58314
1.332 -2.58572
1.332 2.58572
1.333 -2.58829
1.333 2.58829
1.334 -2.59087
1.334 2.59087
1.335 -2.59344
1.335 2.59344
1.336 -2.59602
1.336 2.59602
1.337 -2.59859
1.337 2.59859
1.338 -2.60117
1.338 2.60117
1.339 -2.60374
1.339 2.60374
1.34 -2.60632
1.34 2.60632
1.341 -2.6089
1.341 2.6089
1.342 -2.61147
1.342 2.61147
1.343 -2.61405
1.343 2.61405
1.344 -2.61662
1.344 2.61662
1.345 -2.6192
1.345 2.6192
1.346 -2.62178
1.346 2.62178
1.347 -2.62435
1.347 2.62435
1.348 -2.62693
1.348 2.62693
1.349 -2.62951
1.349 2.62951
1.35 -2.63209
1.35 2.63209
1.351 -2.63466
1.351 2.63466
1.352 -2.63724
1.352 2.63724
1.353 -2.63982
1.353 2.63982
1.354 -2.6424
1.354 2.6424
1.355 -2.64497
1.355 2.64497
1.356 -2.64755
1.356 2.64755
1.357 -2.65013
1.357 2.65013
1.358 -2.65271
1.358 2.65271
1.359 -2.65529
1.359 2.65529
1.36 -2.65787
1.36 2.65787
1.361 -2.66045
1.361 2.66045
1.362 -2.66302
1.362 2.66302
1.363 -2.6656
1.363 2.6656
1.364 -2.66818
1.364 2.66818
1.365 -2.67076
1.365 2.67076
1.366 -2.67334
1.366 2.67334
1.367 -2.67592
1.367 2.67592
1.368 -2.6785
1.368 2.6785
1.369 -2.68108
1.369 2.68108
1.37 -2.68366
1.37 2.68366
1.371 -2.68624
1.371 2.68624
1.372 -2.68883
1.372 2.68883
1.373 -2.69141
1.373 2.69141
1.374 -2.69399
1.374 2.69399
1.375 -2.69657
1.375 2.69657
1.376 -2.69915
1.376 2.69915
1.377 -2.70173
1.377 2.70173
1.378 -2.70431
1.378 2.70431
1.379 -2.7069
1.379 2.7069
1.38 -2.70948
1.38 2.70948
1.381 -2.71206
1.381 2.71206
1.382 -2.71464
1.382 2.71464
1.383 -2.71723
1.383 2.71723
1.384 -2.71981
1.384 2.71981
1.385 -2.72239
1.385 2.72239
1.386 -2.72497
1.386 2.72497
1.387 -2.72756
1.387 2.72756
1.388 -2.73014
1.388 2.73014
1.389 -2.73273
1.389 2.73273
1.39 -2.73531
1.39 2.73531
1.391 -2.73789
1.391 2.73789
1.392 -2.74048
1.392 2.74048
1.393 -2.74306
1.393 2.74306
1.394 -2.74565
1.394 2.74565
1.395 -2.74823
1.395 2.74823
1.396 -2.75082
1.396 2.75082
1.397 -2.7534
1.397 2.7534
1.398 -2.75599
1.398 2.75599
1.399 -2.75857
1.399 2.75857
1.4 -2.76116
1.4 2.76116
1.401 -2.76375
1.401 2.76375
1.402 -2.76633
1.402 2.76633
1.403 -2.76892
1.403 2.76892
1.404 -2.7715
1.404 2.7715
1.405 -2.77409
1.405 2.77409
1.406 -2.77668
1.406 2.77668
1.407 -2.77926
1.407 2.77926
1.408 -2.78185
1.408 2.78185
1.409 -2.78444
1.409 2.78444
1.41 -2.78703
1.41 2.78703
1.411 -2.78962
1.411 2.78962
1.412 -2.7922
1.412 2.7922
1.413 -2.79479
1.413 2.79479
1.414 -2.79738
1.414 2.79738
1.415 -2.79997
1.415 2.79997
1.416 -2.80256
1.416 2.80256
1.417 -2.80515
1.417 2.80515
1.418 -2.80774
1.418 2.80774
1.419 -2.81032
1.419 2.81032
1.42 -2.81291
1.42 2.81291
1.421 -2.8155
1.421 2.8155
1.422 -2.81809
1.422 2.81809
1.423 -2.82068
1.423 2.82068
1.424 -2.82327
1.424 2.82327
1.425 -2.82587
1.425 2.82587
1.426 -2.82846
1.426 2.82846
1.427 -2.83105
1.427 2.83105
1.428 -2.83364
1.428 2.83364
1.429 -2.83623
1.429 2.83623
1.43 -2.83882
1.43 2.83882
1.431 -2.84141
1.431 2.84141
1.432 -2.84401
1.432 2.84401
1.433 -2.8466
1.433 2.8466
1.434 -2.84919
1.434 2.84919
1.435 -2.85178
1.435 2.85178
1.436 -2.85438
1.436 2.85438
1.437 -2.85697
1.437 2.85697
1.438 -2.85956
1.438 2.85956
1.439 -2.86215
1.439 2.86215
1.44 -2.86475
1.44 2.86475
1.441 -2.86734
1.441 2.86734
1.442 -2.86994
1.442 2.86994
1.443 -2.87253
1.443 2.87253
1.444 -2.87513
1.444 2.87513
1.445 -2.87772
1.445 2.87772
1.446 -2.88031
1.446 2.88031
1.447 -2.88291
1.447 2.88291
1.448 -2.88551
1.448 2.88551
1.449 -2.8881
1.449 2.8881
1.45 -2.8907
1.45 2.8907
1.451 -2.89329
1.451 2.89329
1.452 -2.89589
1.452 2.89589
1.453 -2.89848
1.453 2.89848
1.454 -2.90108
1.454 2.90108
1.455 -2.90368
1.455 2.90368
1.456 -2.90628
1.456 2.90628
1.457 -2.90887
1.457 2.90887
1.458 -2.91147
1.458 2.91147
1.459 -2.91407
1.459 2.91407
1.46 -2.91667
1.46 2.91667
1.461 -2.91926
1.461 2.91926
1.462 -2.92186
1.462 2.92186
1.463 -2.92446
1.463 2.92446
1.464 -2.92706
1.464 2.92706
1.465 -2.92966
1.465 2.92966
1.466 -2.93226
1.466 2.93226
1.467 -2.93486
1.467 2.93486
1.468 -2.93746
1.468 2.93746
1.469 -2.94006
1.469 2.94006
1.47 -2.94266
1.47 2.94266
1.471 -2.94526
1.471 2.94526
1.472 -2.94786
1.472 2.94786
1.473 -2.95046
1.473 2.95046
1.474 -2.95306
1.474 2.95306
1.475 -2.95566
1.475 2.95566
1.476 -2.95826
1.476 2.95826
1.477 -2.96086
1.477 2.96086
1.478 -2.96346
1.478 2.96346
1.479 -2.96607
1.479 2.96607
1.48 -2.96867
1.48 2.96867
1.481 -2.97127
1.481 2.97127
1.482 -2.97387
1.482 2.97387
1.483 -2.97648
1.483 2.97648
1.484 -2.97908
1.484 2.97908
1.485 -2.98168
1.485 2.98168
1.486 -2.98429
1.486 2.98429
1.487 -2.98689
1.487 2.98689
1.488 -2.98949
1.488 2.98949
1.489 -2.9921
1.489 2.9921
1.49 -2.9947
1.49 2.9947
1.491 -2.99731
1.491 2.99731
1.492 -2.99991
1.492 2.99991
1.493 -3.00252
1.493 3.00252
1.494 -3.00512
1.494 3.00512
1.495 -3.00773
1.495 3.00773
1.496 -3.01034
1.496 3.01034
1.497 -3.01294
1.497 3.01294
1.498 -3.01555
1.498 3.01555
1.499 -3.01815
1.499 3.01815
1.5 -3.02076
1.5 3.02076
1.501 -3.02337
1.501 3.02337
1.502 -3.02598
1.502 3.02598
1.503 -3.02858
1.503 3.02858
1.504 -3.03119
1.504 3.03119
1.505 -3.0338
1.505 3.0338
1.506 -3.03641
1.506 3.03641
1.507 -3.03902
1.507 3.03902
1.508 -3.04162
1.508 3.04162
1.509 -3.04423
1.509 3.04423
1.51 -3.04684
1.51 3.04684
1.511 -3.04945
1.511 3.04945
1.512 -3.05206
1.512 3.05206
1.513 -3.05467
1.513 3.05467
1.514 -3.05728
1.514 3.05728
1.515 -3.05989
1.515 3.05989
1.516 -3.0625
1.516 3.0625
1.517 -3.06511
1.517 3.06511
1.518 -3.06772
1.518 3.06772
1.519 -3.07034
1.519 3.07034
1.52 -3.07295
1.52 3.07295
1.521 -3.07556
1.521 3.07556
1.522 -3.07817
1.522 3.07817
1.523 -3.08078
1.523 3.08078
1.524 -3.0834
1.524 3.0834
1.525 -3.08601
1.525 3.08601
1.526 -3.08862
1.526 3.08862
1.527 -3.09124
1.527 3.09124
1.528 -3.09385
1.528 3.09385
1.529 -3.09646
1.529 3.09646
1.53 -3.09908
1.53 3.09908
1.531 -3.10169
1.531 3.10169
1.532 -3.10431
1.532 3.10431
1.533 -3.10692
1.533 3.10692
1.534 -3.10954
1.534 3.10954
1.535 -3.11215
1.535 3.11215
1.536 -3.11477
1.536 3.11477
1.537 -3.11738
1.537 3.11738
1.538 -3.12
1.538 3.12
1.539 -3.12261
1.539 3.12261
1.54 -3.12523
1.54 3.12523
1.541 -3.12785
1.541 3.12785
1.542 -3.13046
1.542 3.13046
1.543 -3.13308
1.543 3.13308
1.544 -3.1357
1.544 3.1357
1.545 -3.13832
1.545 3.13832
1.546 -3.14093
1.546 3.14093
1.547 -3.14355
1.547 3.14355
1.548 -3.14617
1.548 3.14617
1.549 -3.14879
1.549 3.14879
1.55 -3.15141
1.55 3.15141
1.551 -3.15403
1.551 3.15403
1.552 -3.15665
1.552 3.15665
1.553 -3.15927
1.553 3.15927
1.554 -3.16189
1.554 3.16189
1.555 -3.16451
1.555 3.16451
1.556 -3.16713
1.556 3.16713
1.557 -3.16975
1.557 3.16975
1.558 -3.17237
1.558 3.17237
1.559 -3.17499
1.559 3.17499
1.56 -3.17761
1.56 3.17761
1.561 -3.18023
1.561 3.18023
1.562 -3.18286
1.562 3.18286
1.563 -3.18548
1.563 3.18548
1.564 -3.1881
1.564 3.1881
1.565 -3.19072
1.565 3.19072
1.566 -3.19335
1.566 3.19335
1.567 -3.19597
1.567 3.19597
1.568 -3.19859
1.568 3.19859
1.569 -3.20122
1.569 3.20122
1.57 -3.20384
1.57 3.20384
1.571 -3.20646
1.571 3.20646
1.572 -3.20909
1.572 3.20909
1.573 -3.21171
1.573 3.21171
1.574 -3.21434
1.574 3.21434
1.575 -3.21696
1.575 3.21696
1.576 -3.21959
1.576 3.21959
1.577 -3.22222
1.577 3.22222
1.578 -3.22484
1.578 3.22484
1.579 -3.22747
1.579 3.22747
1.58 -3.23009
1.58 3.23009
1.581 -3.23272
1.581 3.23272
1.582 -3.23535
1.582 3.23535
1.583 -3.23798
1.583 3.23798
1.584 -3.2406
1.584 3.2406
1.585 -3.24323
1.585 3.24323
1.586 -3.24586
1.586 3.24586
1.587 -3.24849
1.587 3.24849
1.588 -3.25112
1.588 3.25112
1.589 -3.25375
1.589 3.25375
1.59 -3.25638
1.59 3.25638
1.591 -3.259
1.591 3.259
1.592 -3.26163
1.592 3.26163
1.593 -3.26426
1.593 3.26426
1.594 -3.26689
1.594 3.26689
1.595 -3.26953
1.595 3.26953
1.596 -3.27216
1.596 3.27216
1.597 -3.27479
1.597 3.27479
1.598 -3.27742
1.598 3.27742
1.599 -3.28005
1.599 3.28005
1.6 -3.28268
1.6 3.28268
1.601 -3.28531
1.601 3.28531
1.602 -3.28795
1.602 3.28795
1.603 -3.29058
1.603 3.29058
1.604 -3.29321
1.604 3.29321
1.605 -3.29585
1.605 3.29585
1.606 -3.29848
1.606 3.29848
1.607 -3.30111
1.607 3.30111
1.608 -3.30375
1.608 3.30375
1.609 -3.30638
1.609 3.30638
1.61 -3.30902
1.61 3.30902
1.611 -3.31165
1.611 3.31165
1.612 -3.31428
1.612 3.31428
1.613 -3.31692
1.613 3.31692
1.614 -3.31956
1.614 3.31956
1.615 -3.32219
1.615 3.32219
1.616 -3.32483
1.616 3.32483
1.617 -3.32746
1.617 3.32746
1.618 -3.3301
1.618 3.3301
1.619 -3.33274
1.619 3.33274
1.62 -3.33538
1.62 3.33538
1.621 -3.33801
1.621 3.33801
1.622 -3.34065
1.622 3.34065
1.623 -3.34329
1.623 3.34329
1.624 -3.34593
1.624 3.34593
1.625 -3.34857
1.625 3.34857
1.626 -3.3512
1.626 3.3512
1.627 -3.35384
1.627 3.35384
1.628 -3.35648
1.628 3.35648
1.629 -3.35912
1.629 3.35912
1.63 -3.36176
1.63 3.36176
1.631 -3.3644
1.631 3.3644
1.632 -3.36704
1.632 3.36704
1.633 -3.36968
1.633 3.36968
1.634 -3.37233
1.634 3.37233
1.635 -3.37497
1.635 3.37497
1.636 -3.37761
1.636 3.37761
1.637 -3.38025
1.637 3.38025
1.638 -3.38289
1.638 3.38289
1.639 -3.38553
1.639 3.38553
1.64 -3.38818
1.64 3.38818
1.641 -3.39082
1.641 3.39082
1.642 -3.39346
1.642 3.39346
1.643 -3.39611
1.643 3.39611
1.644 -3.39875
1.644 3.39875
1.645 -3.40139
1.645 3.40139
1.646 -3.40404
1.646 3.40404
1.647 -3.40668
1.647 3.40668
1.648 -3.40933
1.648 3.40933
1.649 -3.41197
1.649 3.41197
1.65 -3.41462
1.65 3.41462
1.651 -3.41727
1.651 3.41727
1.652 -3.41991
1.652 3.41991
1.653 -3.42256
1.653 3.42256
1.654 -3.4252
1.654 3.4252
1.655 -3.42785
1.655 3.42785
1.656 -3.4305
1.656 3.4305
1.657 -3.43315
1.657 3.43315
1.658 -3.43579
1.658 3.43579
1.659 -3.43844
1.659 3.43844
1.66 -3.44109
1.66 3.44109
1.661 -3.44374
1.661 3.44374
1.662 -3.44639
1.662 3.44639
1.663 -3.44904
1.663 3.44904
1.664 -3.45169
1.664 3.45169
1.665 -3.45433
1.665 3.45433
1.666 -3.45698
1.666 3.45698
1.667 -3.45964
1.667 3.45964
1.668 -3.46229
1.668 3.46229
1.669 -3.46494
1.669 3.46494
1.67 -3.46759
1.67 3.46759
1.671 -3.47024
1.671 3.47024
1.672 -3.47289
1.672 3.47289
1.673 -3.47554
1.673 3.47554
1.674 -3.47819
1.674 3.47819
1.675 -3.48085
1.675 3.48085
1.676 -3.4835
1.676 3.4835
1.677 -3.48615
1.677 3.48615
1.678 -3.48881
1.678 3.48881
1.679 -3.49146
1.679 3.49146
1.68 -3.49411
1.68 3.49411
1.681 -3.49677
1.681 3.49677
1.682 -3.49942
1.682 3.49942
1.683 -3.50208
1.683 3.50208
1.684 -3.50473
1.684 3.50473
1.685 -3.50739
1.685 3.50739
1.686 -3.51004
1.686 3.51004
1.687 -3.5127
1.687 3.5127
1.688 -3.51536
1.688 3.51536
1.689 -3.51801
1.689 3.51801
1.69 -3.52067
1.69 3.52067
1.691 -3.52333
1.691 3.52333
1.692 -3.52598
1.692 3.52598
1.693 -3.52864
1.693 3.52864
1.694 -3.5313
1.694 3.5313
1.695 -3.53396
1.695 3.53396
1.696 -3.53662
1.696 3.53662
1.697 -3.53927
1.697 3.53927
1.698 -3.54193
1.698 3.54193
1.699 -3.54459
1.699 3.54459
1.7 -3.54725
1.7 3.54725
1.701 -3.54991
1.701 3.54991
1.702 -3.55257
1.702 3.55257
1.703 -3.55523
1.703 3.55523
1.704 -3.55789
1.704 3.55789
1.705 -3.56056
1.705 3.56056
1.706 -3.56322
1.706 3.56322
1.707 -3.56588
1.707 3.56588
1.708 -3.56854
1.708 3.56854
1.709 -3.5712
1.709 3.5712
1.71 -3.57386
1.71 3.57386
1.711 -3.57653
1.711 3.57653
1.712 -3.57919
1.712 3.57919
1.713 -3.58185
1.713 3.58185
1.714 -3.58452
1.714 3.58452
1.715 -3.58718
1.715 3.58718
1.716 -3.58985
1.716 3.58985
1.717 -3.59251
1.717 3.59251
1.718 -3.59518
1.718 3.59518
1.719 -3.59784
1.719 3.59784
1.72 -3.60051
1.72 3.60051
1.721 -3.60317
1.721 3.60317
1.722 -3.60584
1.722 3.60584
1.723 -3.6085
1.723 3.6085
1.724 -3.61117
1.724 3.61117
1.725 -3.61384
1.725 3.61384
1.726 -3.61651
1.726 3.61651
1.727 -3.61917
1.727 3.61917
1.728 -3.62184
1.728 3.62184
1.729 -3.62451
1.729 3.62451
1.73 -3.62718
1.73 3.62718
1.731 -3.62985
1.731 3.62985
1.732 -3.63252
1.732 3.63252
1.733 -3.63518
1.733 3.63518
1.734 -3.63785
1.734 3.63785
1.735 -3.64052
1.735 3.64052
1.736 -3.64319
1.736 3.64319
1.737 -3.64586
1.737 3.64586
1.738 -3.64854
1.738 3.64854
1.739 -3.65121
1.739 3.65121
1.74 -3.65388
1.74 3.65388
1.741 -3.65655
1.741 3.65655
1.742 -3.65922
1.742 3.65922
1.743 -3.66189
1.743 3.66189
1.744 -3.66457
1.744 3.66457
1.745 -3.66724
1.745 3.66724
1.746 -3.66991
1.746 3.66991
1.747 -3.67259
1.747 3.67259
1.748 -3.67526
1.748 3.67526
1.749 -3.67793
1.749 3.67793
1.75 -3.68061
1.75 3.68061
1.751 -3.68328
1.751 3.68328
1.752 -3.68596
1.752 3.68596
1.753 -3.68863
1.753 3.68863
1.754 -3.69131
1.754 3.69131
1.755 -3.69398
1.755 3.69398
1.756 -3.69666
1.756 3.69666
1.757 -3.69934
1.757 3.69934
1.758 -3.70201
1.758 3.70201
1.759 -3.70469
1.759 3.70469
1.76 -3.70737
1.76 3.70737
1.761 -3.71005
1.761 3.71005
1.762 -3.71272
1.762 3.71272
1.763 -3.7154
1.763 3.7154
1.764 -3.71808
1.764 3.71808
1.765 -3.72076
1.765 3.72076
1.766 -3.72344
1.766 3.72344
1.767 -3.72612
1.767 3.72612
1.768 -3.7288
1.768 3.7288
1.769 -3.73148
1.769 3.73148
1.77 -3.73416
1.77 3.73416
1.771 -3.73684
1.771 3.73684
1.772 -3.73952
1.772 3.73952
1.773 -3.7422
1.773 3.7422
1.774 -3.74488
1.774 3.74488
1.775 -3.74756
1.775 3.74756
1.776 -3.75025
1.776 3.75025
1.777 -3.75293
1.777 3.75293
1.778 -3.75561
1.778 3.75561
1.779 -3.75829
1.779 3.75829
1.78 -3.76098
1.78 3.76098
1.781 -3.76366
1.781 3.76366
1.782 -3.76635
1.782 3.76635
1.783 -3.76903
1.783 3.76903
1.784 -3.77171
1.784 3.77171
1.785 -3.7744
1.785 3.7744
1.786 -3.77708
1.786 3.77708
1.787 -3.77977
1.787 3.77977
1.788 -3.78246
1.788 3.78246
1.789 -3.78514
1.789 3.78514
1.79 -3.78783
1.79 3.78783
1.791 -3.79051
1.791 3.79051
1.792 -3.7932
1.792 3.7932
1.793 -3.79589
1.793 3.79589
1.794 -3.79858
1.794 3.79858
1.795 -3.80126
1.795 3.80126
1.796 -3.80395
1.796 3.80395
1.797 -3.80664
1.797 3.80664
1.798 -3.80933
1.798 3.80933
1.799 -3.81202
1.799 3.81202
1.8 -3.81471
1.8 3.81471
1.801 -3.8174
1.801 3.8174
1.802 -3.82009
1.802 3.82009
1.803 -3.82278
1.803 3.82278
1.804 -3.82547
1.804 3.82547
1.805 -3.82816
1.805 3.82816
1.806 -3.83085
1.806 3.83085
1.807 -3.83354
1.807 3.83354
1.808 -3.83623
1.808 3.83623
1.809 -3.83893
1.809 3.83893
1.81 -3.84162
1.81 3.84162
1.811 -3.84431
1.811 3.84431
1.812 -3.84701
1.812 3.84701
1.813 -3.8497
1.813 3.8497
1.814 -3.85239
1.814 3.85239
1.815 -3.85509
1.815 3.85509
1.816 -3.85778
1.816 3.85778
1.817 -3.86048
1.817 3.86048
1.818 -3.86317
1.818 3.86317
1.819 -3.86587
1.819 3.86587
1.82 -3.86856
1.82 3.86856
1.821 -3.87126
1.821 3.87126
1.822 -3.87395
1.822 3.87395
1.823 -3.87665
1.823 3.87665
1.824 -3.87935
1.824 3.87935
1.825 -3.88204
1.825 3.88204
1.826 -3.88474
1.826 3.88474
1.827 -3.88744
1.827 3.88744
1.828 -3.89014
1.828 3.89014
1.829 -3.89284
1.829 3.89284
1.83 -3.89553
1.83 3.89553
1.831 -3.89823
1.831 3.89823
1.832 -3.90093
1.832 3.90093
1.833 -3.90363
1.833 3.90363
1.834 -3.90633
1.834 3.90633
1.835 -3.90903
1.835 3.90903
1.836 -3.91173
1.836 3.91173
1.837 -3.91443
1.837 3.91443
1.838 -3.91713
1.838 3.91713
1.839 -3.91984
1.839 3.91984
1.84 -3.92254
1.84 3.92254
1.841 -3.92524
1.841 3.92524
1.842 -3.92794
1.842 3.92794
1.843 -3.93065
1.843 3.93065
1.844 -3.93335
1.844 3.93335
1.845 -3.93605
1.845 3.93605
1.846 -3.93876
1.846 3.93876
1.847 -3.94146
1.847 3.94146
1.848 -3.94416
1.848 3.94416
1.849 -3.94687
1.849 3.94687
1.85 -3.94957
1.85 3.94957
1.851 -3.95228
1.851 3.95228
1.852 -3.95498
1.852 3.95498
1.853 -3.95769
1.853 3.95769
1.854 -3.9604
1.854 3.9604
1.855 -3.9631
1.855 3.9631
1.856 -3.96581
1.856 3.96581
1.857 -3.96852
1.857 3.96852
1.858 -3.97122
1.858 3.97122
1.859 -3.97393
1.859 3.97393
1.86 -3.97664
1.86 3.97664
1.861 -3.97935
1.861 3.97935
1.862 -3.98206
1.862 3.98206
1.863 -3.98476
1.863 3.98476
1.864 -3.98747
1.864 3.98747
1.865 -3.99018
1.865 3.99018
1.866 -3.99289
1.866 3.99289
1.867 -3.9956
1.867 3.9956
1.868 -3.99831
1.868 3.99831
1.869 -4.00102
1.869 4.00102
1.87 -4.00374
1.87 4.00374
1.871 -4.00645
1.871 4.00645
1.872 -4.00916
1.872 4.00916
1.873 -4.01187
1.873 4.01187
1.874 -4.01458
1.874 4.01458
1.875 -4.0173
1.875 4.0173
1.876 -4.02001
1.876 4.02001
1.877 -4.02272
1.877 4.02272
1.878 -4.02544
1.878 4.02544
1.879 -4.02815
1.879 4.02815
1.88 -4.03086
1.88 4.03086
1.881 -4.03358
1.881 4.03358
1.882 -4.03629
1.882 4.03629
1.883 -4.03901
1.883 4.03901
1.884 -4.04173
1.884 4.04173
1.885 -4.04444
1.885 4.04444
1.886 -4.04716
1.886 4.04716
1.887 -4.04987
1.887 4.04987
1.888 -4.05259
1.888 4.05259
1.889 -4.05531
1.889 4.05531
1.89 -4.05803
1.89 4.05803
1.891 -4.06074
1.891 4.06074
1.892 -4.06346
1.892 4.06346
1.893 -4.06618
1.893 4.06618
1.894 -4.0689
1.894 4.0689
1.895 -4.07162
1.895 4.07162
1.896 -4.07434
1.896 4.07434
1.897 -4.07706
1.897 4.07706
1.898 -4.07978
1.898 4.07978
1.899 -4.0825
1.899 4.0825
1.9 -4.08522
1.9 4.08522
1.901 -4.08794
1.901 4.08794
1.902 -4.09066
1.902 4.09066
1.903 -4.09338
1.903 4.09338
1.904 -4.0961
1.904 4.0961
1.905 -4.09883
1.905 4.09883
1.906 -4.10155
1.906 4.10155
1.907 -4.10427
1.907 4.10427
1.908 -4.10699
1.908 4.10699
1.909 -4.10972
1.909 4.10972
1.91 -4.11244
1.91 4.11244
1.911 -4.11517
1.911 4.11517
1.912 -4.11789
1.912 4.11789
1.913 -4.12061
1.913 4.12061
1.914 -4.12334
1.914 4.12334
1.915 -4.12606
1.915 4.12606
1.916 -4.12879
1.916 4.12879
1.917 -4.13152
1.917 4.13152
1.918 -4.13424
1.918 4.13424
1.919 -4.13697
1.919 4.13697
1.92 -4.1397
1.92 4.1397
1.921 -4.14242
1.921 4.14242
1.922 -4.14515
1.922 4.14515
1.923 -4.14788
1.923 4.14788
1.924 -4.15061
1.924 4.15061
1.925 -4.15334
1.925 4.15334
1.926 -4.15607
1.926 4.15607
1.927 -4.15879
1.927 4.15879
1.928 -4.16152
1.928 4.16152
1.929 -4.16425
1.929 4.16425
1.93 -4.16698
1.93 4.16698
1.931 -4.16971
1.931 4.16971
1.932 -4.17245
1.932 4.17245
1.933 -4.17518
1.933 4.17518
1.934 -4.17791
1.934 4.17791
1.935 -4.18064
1.935 4.18064
1.936 -4.18337
1.936 4.18337
1.937 -4.1861
1.937 4.1861
1.938 -4.18884
1.938 4.18884
1.939 -4.19157
1.939 4.19157
1.94 -4.1943
1.94 4.1943
1.941 -4.19704
1.941 4.19704
1.942 -4.19977
1.942 4.19977
1.943 -4.20251
1.943 4.20251
1.944 -4.20524
1.944 4.20524
1.945 -4.20798
1.945 4.20798
1.946 -4.21071
1.946 4.21071
1.947 -4.21345
1.947 4.21345
1.948 -4.21618
1.948 4.21618
1.949 -4.21892
1.949 4.21892
1.95 -4.22166
1.95 4.22166
1.951 -4.22439
1.951 4.22439
1.952 -4.22713
1.952 4.22713
1.953 -4.22987
1.953 4.22987
1.954 -4.23261
1.954 4.23261
1.955 -4.23534
1.955 4.23534
1.956 -4.23808
1.956 4.23808
1.957 -4.24082
1.957 4.24082
1.958 -4.24356
1.958 4.24356
1.959 -4.2463
1.959 4.2463
1.96 -4.24904
1.96 4.24904
1.961 -4.25178
1.961 4.25178
1.962 -4.25452
1.962 4.25452
1.963 -4.25726
1.963 4.25726
1.964 -4.26
1.964 4.26
1.965 -4.26274
1.965 4.26274
1.966 -4.26549
1.966 4.26549
1.967 -4.26823
1.967 4.26823
1.968 -4.27097
1.968 4.27097
1.969 -4.27371
1.969 4.27371
1.97 -4.27646
1.97 4.27646
1.971 -4.2792
1.971 4.2792
1.972 -4.28194
1.972 4.28194
1.973 -4.28469
1.973 4.28469
1.974 -4.28743
1.974 4.28743
1.975 -4.29018
1.975 4.29018
1.976 -4.29292
1.976 4.29292
1.977 -4.29567
1.977 4.29567
1.978 -4.29841
1.978 4.29841
1.979 -4.30116
1.979 4.30116
1.98 -4.3039
1.98 4.3039
1.981 -4.30665
1.981 4.30665
1.982 -4.3094
1.982 4.3094
1.983 -4.31215
1.983 4.31215
1.984 -4.31489
1.984 4.31489
1.985 -4.31764
1.985 4.31764
1.986 -4.32039
1.986 4.32039
1.987 -4.32314
1.987 4.32314
1.988 -4.32589
1.988 4.32589
1.989 -4.32864
1.989 4.32864
1.99 -4.33139
1.99 4.33139
1.991 -4.33414
1.991 4.33414
1.992 -4.33689
1.992 4.33689
1.993 -4.33964
1.993 4.33964
1.994 -4.34239
1.994 4.34239
1.995 -4.34514
1.995 4.34514
1.996 -4.34789
1.996 4.34789
1.997 -4.35064
1.997 4.35064
1.998 -4.35339
1.998 4.35339
1.999 -4.35615
1.999 4.35615
2 -4.3589
2 4.3589
2.001 -4.36165
2.001 4.36165
2.002 -4.36441
2.002 4.36441
2.003 -4.36716
2.003 4.36716
2.004 -4.36991
2.004 4.36991
2.005 -4.37267
2.005 4.37267
2.006 -4.37542
2.006 4.37542
2.007 -4.37818
2.007 4.37818
2.008 -4.38093
2.008 4.38093
2.009 -4.38369
2.009 4.38369
2.01 -4.38645
2.01 4.38645
2.011 -4.3892
2.011 4.3892
2.012 -4.39196
2.012 4.39196
2.013 -4.39472
2.013 4.39472
2.014 -4.39747
2.014 4.39747
2.015 -4.40023
2.015 4.40023
2.016 -4.40299
2.016 4.40299
2.017 -4.40575
2.017 4.40575
2.018 -4.40851
2.018 4.40851
2.019 -4.41126
2.019 4.41126
2.02 -4.41402
2.02 4.41402
2.021 -4.41678
2.021 4.41678
2.022 -4.41954
2.022 4.41954
2.023 -4.4223
2.023 4.4223
2.024 -4.42506
2.024 4.42506
2.025 -4.42783
2.025 4.42783
2.026 -4.43059
2.026 4.43059
2.027 -4.43335
2.027 4.43335
2.028 -4.43611
2.028 4.43611
2.029 -4.43887
2.029 4.43887
2.03 -4.44164
2.03 4.44164
2.031 -4.4444
2.031 4.4444
2.032 -4.44716
2.032 4.44716
2.033 -4.44993
2.033 4.44993
2.034 -4.45269
2.034 4.45269
2.035 -4.45545
2.035 4.45545
2.036 -4.45822
2.036 4.45822
2.037 -4.46098
2.037 4.46098
2.038 -4.46375
2.038 4.46375
2.039 -4.46651
2.039 4.46651
2.04 -4.46928
2.04 4.46928
2.041 -4.47205
2.041 4.47205
2.042 -4.47481
2.042 4.47481
2.043 -4.47758
2.043 4.47758
2.044 -4.48035
2.044 4.48035
2.045 -4.48311
2.045 4.48311
2.046 -4.48588
2.046 4.48588
2.047 -4.48865
2.047 4.48865
2.048 -4.49142
2.048 4.49142
2.049 -4.49419
2.049 4.49419
2.05 -4.49696
2.05 4.49696
2.051 -4.49973
2.051 4.49973
2.052 -4.5025
2.052 4.5025
2.053 -4.50527
2.053 4.50527
2.054 -4.50804
2.054 4.50804
2.055 -4.51081
2.055 4.51081
2.056 -4.51358
2.056 4.51358
2.057 -4.51635
2.057 4.51635
2.058 -4.51912
2.058 4.51912
2.059 -4.52189
2.059 4.52189
2.06 -4.52467
2.06 4.52467
2.061 -4.52744
2.061 4.52744
2.062 -4.53021
2.062 4.53021
2.063 -4.53299
2.063 4.53299
2.064 -4.53576
2.064 4.53576
2.065 -4.53853
2.065 4.53853
2.066 -4.54131
2.066 4.54131
2.067 -4.54408
2.067 4.54408
2.068 -4.54686
2.068 4.54686
2.069 -4.54963
2.069 4.54963
2.07 -4.55241
2.07 4.55241
2.071 -4.55519
2.071 4.55519
2.072 -4.55796
2.072 4.55796
2.073 -4.56074
2.073 4.56074
2.074 -4.56352
2.074 4.56352
2.075 -4.56629
2.075 4.56629
2.076 -4.56907
2.076 4.56907
2.077 -4.57185
2.077 4.57185
2.078 -4.57463
2.078 4.57463
2.079 -4.57741
2.079 4.57741
2.08 -4.58019
2.08 4.58019
2.081 -4.58297
2.081 4.58297
2.082 -4.58575
2.082 4.58575
2.083 -4.58853
2.083 4.58853
2.084 -4.59131
2.084 4.59131
2.085 -4.59409
2.085 4.59409
2.086 -4.59687
2.086 4.59687
2.087 -4.59965
2.087 4.59965
2.088 -4.60243
2.088 4.60243
2.089 -4.60521
2.089 4.60521
2.09 -4.608
2.09 4.608
2.091 -4.61078
2.091 4.61078
2.092 -4.61356
2.092 4.61356
2.093 -4.61635
2.093 4.61635
2.094 -4.61913
2.094 4.61913
2.095 -4.62191
2.095 4.62191
2.096 -4.6247
2.096 4.6247
2.097 -4.62748
2.097 4.62748
2.098 -4.63027
2.098 4.63027
2.099 -4.63305
2.099 4.63305
2.1 -4.63584
2.1 4.63584
2.101 -4.63862
2.101 4.63862
2.102 -4.64141
2.102 4.64141
2.103 -4.6442
2.103 4.6442
2.104 -4.64698
2.104 4.64698
2.105 -4.64977
2.105 4.64977
2.106 -4.65256
2.106 4.65256
2.107 -4.65535
2.107 4.65535
2.108 -4.65814
2.108 4.65814
2.109 -4.66093
2.109 4.66093
2.11 -4.66371
2.11 4.66371
2.111 -4.6665
2.111 4.6665
2.112 -4.66929
2.112 4.66929
2.113 -4.67208
2.113 4.67208
2.114 -4.67487
2.114 4.67487
2.115 -4.67766
2.115 4.67766
2.116 -4.68046
2.116 4.68046
2.117 -4.68325
2.117 4.68325
2.118 -4.68604
2.118 4.68604
2.119 -4.68883
2.119 4.68883
2.12 -4.69162
2.12 4.69162
2.121 -4.69442
2.121 4.69442
2.122 -4.69721
2.122 4.69721
2.123 -4.7
2.123 4.7
2.124 -4.7028
2.124 4.7028
2.125 -4.70559
2.125 4.70559
2.126 -4.70838
2.126 4.70838
2.127 -4.71118
2.127 4.71118
2.128 -4.71397
2.128 4.71397
2.129 -4.71677
2.129 4.71677
2.13 -4.71957
2.13 4.71957
2.131 -4.72236
2.131 4.72236
2.132 -4.72516
2.132 4.72516
2.133 -4.72795
2.133 4.72795
2.134 -4.73075
2.134 4.73075
2.135 -4.73355
2.135 4.73355
2.136 -4.73635
2.136 4.73635
2.137 -4.73914
2.137 4.73914
2.138 -4.74194
2.138 4.74194
2.139 -4.74474
2.139 4.74474
2.14 -4.74754
2.14 4.74754
2.141 -4.75034
2.141 4.75034
2.142 -4.75314
2.142 4.75314
2.143 -4.75594
2.143 4.75594
2.144 -4.75874
2.144 4.75874
2.145 -4.76154
2.145 4.76154
2.146 -4.76434
2.146 4.76434
2.147 -4.76714
2.147 4.76714
2.148 -4.76995
2.148 4.76995
2.149 -4.77275
2.149 4.77275
2.15 -4.77555
2.15 4.77555
2.151 -4.77835
2.151 4.77835
2.152 -4.78116
2.152 4.78116
2.153 -4.78396
2.153 4.78396
2.154 -4.78676
2.154 4.78676
2.155 -4.78957
2.155 4.78957
2.156 -4.79237
2.156 4.79237
2.157 -4.79518
2.157 4.79518
2.158 -4.79798
2.158 4.79798
2.159 -4.80079
2.159 4.80079
2.16 -4.80359
2.16 4.80359
2.161 -4.8064
2.161 4.8064
2.162 -4.8092
2.162 4.8092
2.163 -4.81201
2.163 4.81201
2.164 -4.81482
2.164 4.81482
2.165 -4.81763
2.165 4.81763
2.166 -4.82043
2.166 4.82043
2.167 -4.82324
2.167 4.82324
2.168 -4.82605
2.168 4.82605
2.169 -4.82886
2.169 4.82886
2.17 -4.83167
2.17 4.83167
2.171 -4.83448
2.171 4.83448
2.172 -4.83729
2.172 4.83729
2.173 -4.8401
2.173 4.8401
2.174 -4.84291
2.174 4.84291
2.175 -4.84572
2.175 4.84572
2.176 -4.84853
2.176 4.84853
2.177 -4.85134
2.177 4.85134
2.178 -4.85415
2.178 4.85415
2.179 -4.85696
2.179 4.85696
2.18 -4.85978
2.18 4.85978
2.181 -4.86259
2.181 4.86259
2.182 -4.8654
2.182 4.8654
2.183 -4.86822
2.183 4.86822
2.184 -4.87103
2.184 4.87103
2.185 -4.87384
2.185 4.87384
2.186 -4.87666
2.186 4.87666
2.187 -4.87947
2.187 4.87947
2.188 -4.88229
2.188 4.88229
2.189 -4.8851
2.189 4.8851
2.19 -4.88792
2.19 4.88792
2.191 -4.89074
2.191 4.89074
2.192 -4.89355
2.192 4.89355
2.193 -4.89637
2.193 4.89637
2.194 -4.89919
2.194 4.89919
2.195 -4.902
2.195 4.902
2.196 -4.90482
2.196 4.90482
2.197 -4.90764
2.197 4.90764
2.198 -4.91046
2.198 4.91046
2.199 -4.91328
2.199 4.91328
2.2 -4.9161
2.2 4.9161
2.201 -4.91892
2.201 4.91892
2.202 -4.92174
2.202 4.92174
2.203 -4.92456
2.203 4.92456
2.204 -4.92738
2.204 4.92738
2.205 -4.9302
2.205 4.9302
2.206 -4.93302
2.206 4.93302
2.207 -4.93584
2.207 4.93584
2.208 -4.93866
2.208 4.93866
2.209 -4.94148
2.209 4.94148
2.21 -4.94431
2.21 4.94431
2.211 -4.94713
2.211 4.94713
2.212 -4.94995
2.212 4.94995
2.213 -4.95278
2.213 4.95278
2.214 -4.9556
2.214 4.9556
2.215 -4.95842
2.215 4.95842
2.216 -4.96125
2.216 4.96125
2.217 -4.96407
2.217 4.96407
2.218 -4.9669
2.218 4.9669
2.219 -4.96972
2.219 4.96972
2.22 -4.97255
2.22 4.97255
2.221 -4.97538
2.221 4.97538
2.222 -4.9782
2.222 4.9782
2.223 -4.98103
2.223 4.98103
2.224 -4.98386
2.224 4.98386
2.225 -4.98668
2.225 4.98668
2.226 -4.98951
2.226 4.98951
2.227 -4.99234
2.227 4.99234
2.228 -4.99517
2.228 4.99517
2.229 -4.998
2.229 4.998
2.23 -5.00083
2.23 5.00083
2.231 -5.00366
2.231 5.00366
2.232 -5.00649
2.232 5.00649
2.233 -5.00932
2.233 5.00932
2.234 -5.01215
2.234 5.01215
2.235 -5.01498
2.235 5.01498
2.236 -5.01781
2.236 5.01781
2.237 -5.02064
2.237 5.02064
2.238 -5.02347
2.238 5.02347
2.239 -5.0263
2.239 5.0263
2.24 -5.02914
2.24 5.02914
2.241 -5.03197
2.241 5.03197
2.242 -5.0348
2.242 5.0348
2.243 -5.03764
2.243 5.03764
2.244 -5.04047
2.244 5.04047
2.245 -5.04331
2.245 5.04331
2.246 -5.04614
2.246 5.04614
2.247 -5.04898
2.247 5.04898
2.248 -5.05181
2.248 5.05181
2.249 -5.05465
2.249 5.05465
2.25 -5.05748
2.25 5.05748
2.251 -5.06032
2.251 5.06032
2.252 -5.06316
2.252 5.06316
2.253 -5.06599
2.253 5.06599
2.254 -5.06883
2.254 5.06883
2.255 -5.07167
2.255 5.07167
2.256 -5.07451
2.256 5.07451
2.257 -5.07734
2.257 5.07734
2.258 -5.08018
2.258 5.08018
2.259 -5.08302
2.259 5.08302
2.26 -5.08586
2.26 5.08586
2.261 -5.0887
2.261 5.0887
2.262 -5.09154
2.262 5.09154
2.263 -5.09438
2.263 5.09438
2.264 -5.09722
2.264 5.09722
2.265 -5.10006
2.265 5.10006
2.266 -5.1029
2.266 5.1029
2.267 -5.10575
2.267 5.10575
2.268 -5.10859
2.268 5.10859
2.269 -5.11143
2.269 5.11143
2.27 -5.11427
2.27 5.11427
2.271 -5.11712
2.271 5.11712
2.272 -5.11996
2.272 5.11996
2.273 -5.1228
2.273 5.1228
2.274 -5.12565
2.274 5.12565
2.275 -5.12849
2.275 5.12849
2.276 -5.13134
2.276 5.13134
2.277 -5.13418
2.277 5.13418
2.278 -5.13703
2.278 5.13703
2.279 -5.13987
2.279 5.13987
2.28 -5.14272
2.28 5.14272
2.281 -5.14556
2.281 5.14556
2.282 -5.14841
2.282 5.14841
2.283 -5.15126
2.283 5.15126
2.284 -5.15411
2.284 5.15411
2.285 -5.15695
2.285 5.15695
2.286 -5.1598
2.286 5.1598
2.287 -5.16265
2.287 5.16265
2.288 -5.1655
2.288 5.1655
2.289 -5.16835
2.289 5.16835
2.29 -5.1712
2.29 5.1712
2.291 -5.17405
2.291 5.17405
2.292 -5.1769
2.292 5.1769
2.293 -5.17975
2.293 5.17975
2.294 -5.1826
2.294 5.1826
2.295 -5.18545
2.295 5.18545
2.296 -5.1883
2.296 5.1883
2.297 -5.19115
2.297 5.19115
2.298 -5.19401
2.298 5.19401
2.299 -5.19686
2.299 5.19686
2.3 -5.19971
2.3 5.19971
2.301 -5.20256
2.301 5.20256
2.302 -5.20542
2.302 5.20542
2.303 -5.20827
2.303 5.20827
2.304 -5.21113
2.304 5.21113
2.305 -5.21398
2.305 5.21398
2.306 -5.21684
2.306 5.21684
2.307 -5.21969
2.307 5.21969
2.308 -5.22255
2.308 5.22255
2.309 -5.2254
2.309 5.2254
2.31 -5.22826
2.31 5.22826
2.311 -5.23112
2.311 5.23112
2.312 -5.23397
2.312 5.23397
2.313 -5.23683
2.313 5.23683
2.314 -5.23969
2.314 5.23969
2.315 -5.24255
2.315 5.24255
2.316 -5.2454
2.316 5.2454
2.317 -5.24826
2.317 5.24826
2.318 -5.25112
2.318 5.25112
2.319 -5.25398
2.319 5.25398
2.32 -5.25684
2.32 5.25684
2.321 -5.2597
2.321 5.2597
2.322 -5.26256
2.322 5.26256
2.323 -5.26542
2.323 5.26542
2.324 -5.26828
2.324 5.26828
2.325 -5.27114
2.325 5.27114
2.326 -5.27401
2.326 5.27401
2.327 -5.27687
2.327 5.27687
2.328 -5.27973
2.328 5.27973
2.329 -5.28259
2.329 5.28259
2.33 -5.28546
2.33 5.28546
2.331 -5.28832
2.331 5.28832
2.332 -5.29118
2.332 5.29118
2.333 -5.29405
2.333 5.29405
2.334 -5.29691
2.334 5.29691
2.335 -5.29978
2.335 5.29978
2.336 -5.30264
2.336 5.30264
2.337 -5.30551
2.337 5.30551
2.338 -5.30837
2.338 5.30837
2.339 -5.31124
2.339 5.31124
2.34 -5.3141
2.34 5.3141
2.341 -5.31697
2.341 5.31697
2.342 -5.31984
2.342 5.31984
2.343 -5.32271
2.343 5.32271
2.344 -5.32557
2.344 5.32557
2.345 -5.32844
2.345 5.32844
2.346 -5.33131
2.346 5.33131
2.347 -5.33418
2.347 5.33418
2.348 -5.33705
2.348 5.33705
2.349 -5.33992
2.349 5.33992
2.35 -5.34279
2.35 5.34279
2.351 -5.34566
2.351 5.34566
2.352 -5.34853
2.352 5.34853
2.353 -5.3514
2.353 5.3514
2.354 -5.35427
2.354 5.35427
2.355 -5.35714
2.355 5.35714
2.356 -5.36001
2.356 5.36001
2.357 -5.36289
2.357 5.36289
2.358 -5.36576
2.358 5.36576
2.359 -5.36863
2.359 5.36863
2.36 -5.3715
2.36 5.3715
2.361 -5.37438
2.361 5.37438
2.362 -5.37725
2.362 5.37725
2.363 -5.38013
2.363 5.38013
2.364 -5.383
2.364 5.383
2.365 -5.38588
2.365 5.38588
2.366 -5.38875
2.366 5.38875
2.367 -5.39163
2.367 5.39163
2.368 -5.3945
2.368 5.3945
2.369 -5.39738
2.369 5.39738
2.37 -5.40025
2.37 5.40025
2.371 -5.40313
2.371 5.40313
2.372 -5.40601
2.372 5.40601
2.373 -5.40889
2.373 5.40889
2.374 -5.41176
2.374 5.41176
2.375 -5.41464
2.375 5.41464
2.376 -5.41752
2.376 5.41752
2.377 -5.4204
2.377 5.4204
2.378 -5.42328
2.378 5.42328
2.379 -5.42616
2.379 5.42616
2.38 -5.42904
2.38 5.42904
2.381 -5.43192
2.381 5.43192
2.382 -5.4348
2.382 5.4348
2.383 -5.43768
2.383 5.43768
2.384 -5.44056
2.384 5.44056
2.385 -5.44344
2.385 5.44344
2.386 -5.44633
2.386 5.44633
2.387 -5.44921
2.387 5.44921
2.388 -5.45209
2.388 5.45209
2.389 -5.45498
2.389 5.45498
2.39 -5.45786
2.39 5.45786
2.391 -5.46074
2.391 5.46074
2.392 -5.46363
2.392 5.46363
2.393 -5.46651
2.393 5.46651
2.394 -5.4694
2.394 5.4694
2.395 -5.47228
2.395 5.47228
2.396 -5.47517
2.396 5.47517
2.397 -5.47805
2.397 5.47805
2.398 -5.48094
2.398 5.48094
2.399 -5.48382
2.399 5.48382
2.4 -5.48671
2.4 5.48671
2.401 -5.4896
2.401 5.4896
2.402 -5.49249
2.402 5.49249
2.403 -5.49537
2.403 5.49537
2.404 -5.49826
2.404 5.49826
2.405 -5.50115
2.405 5.50115
2.406 -5.50404
2.406 5.50404
2.407 -5.50693
2.407 5.50693
2.408 -5.50982
2.408 5.50982
2.409 -5.51271
2.409 5.51271
2.41 -5.5156
2.41 5.5156
2.411 -5.51849
2.411 5.51849
2.412 -5.52138
2.412 5.52138
2.413 -5.52427
2.413 5.52427
2.414 -5.52716
2.414 5.52716
2.415 -5.53005
2.415 5.53005
2.416 -5.53295
2.416 5.53295
2.417 -5.53584
2.417 5.53584
2.418 -5.53873
2.418 5.53873
2.419 -5.54163
2.419 5.54163
2.42 -5.54452
2.42 5.54452
2.421 -5.54741
2.421 5.54741
2.422 -5.55031
2.422 5.55031
2.423 -5.5532
2.423 5.5532
2.424 -5.5561
2.424 5.5561
2.425 -5.55899
2.425 5.55899
2.426 -5.56189
2.426 5.56189
2.427 -5.56478
2.427 5.56478
2.428 -5.56768
2.428 5.56768
2.429 -5.57058
2.429 5.57058
2.43 -5.57347
2.43 5.57347
2.431 -5.57637
2.431 5.57637
2.432 -5.57927
2.432 5.57927
2.433 -5.58217
2.433 5.58217
2.434 -5.58506
2.434 5.58506
2.435 -5.58796
2.435 5.58796
2.436 -5.59086
2.436 5.59086
2.437 -5.59376
2.437 5.59376
2.438 -5.59666
2.438 5.59666
2.439 -5.59956
2.439 5.59956
2.44 -5.60246
2.44 5.60246
2.441 -5.60536
2.441 5.60536
2.442 -5.60826
2.442 5.60826
2.443 -5.61117
2.443 5.61117
2.444 -5.61407
2.444 5.61407
2.445 -5.61697
2.445 5.61697
2.446 -5.61987
2.446 5.61987
2.447 -5.62277
2.447 5.62277
2.448 -5.62568
2.448 5.62568
2.449 -5.62858
2.449 5.62858
2.45 -5.63149
2.45 5.63149
2.451 -5.63439
2.451 5.63439
2.452 -5.63729
2.452 5.63729
2.453 -5.6402
2.453 5.6402
2.454 -5.6431
2.454 5.6431
2.455 -5.64601
2.455 5.64601
2.456 -5.64892
2.456 5.64892
2.457 -5.65182
2.457 5.65182
2.458 -5.65473
2.458 5.65473
2.459 -5.65763
2.459 5.65763
2.46 -5.66054
2.46 5.66054
2.461 -5.66345
2.461 5.66345
2.462 -5.66636
2.462 5.66636
2.463 -5.66927
2.463 5.66927
2.464 -5.67217
2.464 5.67217
2.465 -5.67508
2.465 5.67508
2.466 -5.67799
2.466 5.67799
2.467 -5.6809
2.467 5.6809
2.468 -5.68381
2.468 5.68381
2.469 -5.68672
2.469 5.68672
2.47 -5.68963
2.47 5.68963
2.471 -5.69254
2.471 5.69254
2.472 -5.69546
2.472 5.69546
2.473 -5.69837
2.473 5.69837
2.474 -5.70128
2.474 5.70128
2.475 -5.70419
2.475 5.70419
2.476 -5.7071
2.476 5.7071
2.477 -5.71002
2.477 5.71002
2.478 -5.71293
2.478 5.71293
2.479 -5.71584
2.479 5.71584
2.48 -5.71876
2.48 5.71876
2.481 -5.72167
2.481 5.72167
2.482 -5.72459
2.482 5.72459
2.483 -5.7275
2.483 5.7275
2.484 -5.73042
2.484 5.73042
2.485 -5.73333
2.485 5.73333
2.486 -5.73625
2.486 5.73625
2.487 -5.73917
2.487 5.73917
2.488 -5.74208
2.488 5.74208
2.489 -5.745
2.489 5.745
2.49 -5.74792
2.49 5.74792
2.491 -5.75083
2.491 5.75083
2.492 -5.75375
2.492 5.75375
2.493 -5.75667
2.493 5.75667
2.494 -5.75959
2.494 5.75959
2.495 -5.76251
2.495 5.76251
2.496 -5.76543
2.496 5.76543
2.497 -5.76835
2.497 5.76835
2.498 -5.77127
2.498 5.77127
2.499 -5.77419
2.499 5.77419
2.5 -5.77711
2.5 5.77711
2.501 -5.78003
2.501 5.78003
2.502 -5.78295
2.502 5.78295
2.503 -5.78587
2.503 5.78587
2.504 -5.7888
2.504 5.7888
2.505 -5.79172
2.505 5.79172
2.506 -5.79464
2.506 5.79464
2.507 -5.79757
2.507 5.79757
2.508 -5.80049
2.508 5.80049
2.509 -5.80341
2.509 5.80341
2.51 -5.80634
2.51 5.80634
2.511 -5.80926
2.511 5.80926
2.512 -5.81219
2.512 5.81219
2.513 -5.81511
2.513 5.81511
2.514 -5.81804
2.514 5.81804
2.515 -5.82096
2.515 5.82096
2.516 -5.82389
2.516 5.82389
2.517 -5.82682
2.517 5.82682
2.518 -5.82974
2.518 5.82974
2.519 -5.83267
2.519 5.83267
2.52 -5.8356
2.52 5.8356
2.521 -5.83853
2.521 5.83853
2.522 -5.84145
2.522 5.84145
2.523 -5.84438
2.523 5.84438
2.524 -5.84731
2.524 5.84731
2.525 -5.85024
2.525 5.85024
2.526 -5.85317
2.526 5.85317
2.527 -5.8561
2.527 5.8561
2.528 -5.85903
2.528 5.85903
2.529 -5.86196
2.529 5.86196
2.53 -5.86489
2.53 5.86489
2.531 -5.86783
2.531 5.86783
2.532 -5.87076
2.532 5.87076
2.533 -5.87369
2.533 5.87369
2.534 -5.87662
2.534 5.87662
2.535 -5.87955
2.535 5.87955
2.536 -5.88249
2.536 5.88249
2.537 -5.88542
2.537 5.88542
2.538 -5.88835
2.538 5.88835
2.539 -5.89129
2.539 5.89129
2.54 -5.89422
2.54 5.89422
2.541 -5.89716
2.541 5.89716
2.542 -5.90009
2.542 5.90009
2.543 -5.90303
2.543 5.90303
2.544 -5.90596
2.544 5.90596
2.545 -5.9089
2.545 5.9089
2.546 -5.91184
2.546 5.91184
2.547 -5.91477
2.547 5.91477
2.548 -5.91771
2.548 5.91771
2.549 -5.92065
2.549 5.92065
2.55 -5.92359
2.55 5.92359
2.551 -5.92652
2.551 5.92652
2.552 -5.92946
2.552 5.92946
2.553 -5.9324
2.553 5.9324
2.554 -5.93534
2.554 5.93534
2.555 -5.93828
2.555 5.93828
2.556 -5.94122
2.556 5.94122
2.557 -5.94416
2.557 5.94416
2.558 -5.9471
2.558 5.9471
2.559 -5.95004
2.559 5.95004
2.56 -5.95298
2.56 5.95298
2.561 -5.95593
2.561 5.95593
2.562 -5.95887
2.562 5.95887
2.563 -5.96181
2.563 5.96181
2.564 -5.96475
2.564 5.96475
2.565 -5.9677
2.565 5.9677
2.566 -5.97064
2.566 5.97064
2.567 -5.97358
2.567 5.97358
2.568 -5.97653
2.568 5.97653
2.569 -5.97947
2.569 5.97947
2.57 -5.98242
2.57 5.98242
2.571 -5.98536
2.571 5.98536
2.572 -5.98831
2.572 5.98831
2.573 -5.99125
2.573 5.99125
2.574 -5.9942
2.574 5.9942
2.575 -5.99714
2.575 5.99714
2.576 -6.00009
2.576 6.00009
2.577 -6.00304
2.577 6.00304
2.578 -6.00599
2.578 6.00599
2.579 -6.00893
2.579 6.00893
2.58 -6.01188
2.58 6.01188
2.581 -6.01483
2.581 6.01483
2.582 -6.01778
2.582 6.01778
2.583 -6.02073
2.583 6.02073
2.584 -6.02368
2.584 6.02368
2.585 -6.02663
2.585 6.02663
2.586 -6.02958
2.586 6.02958
2.587 -6.03253
2.587 6.03253
2.588 -6.03548
2.588 6.03548
2.589 -6.03843
2.589 6.03843
2.59 -6.04138
2.59 6.04138
2.591 -6.04433
2.591 6.04433
2.592 -6.04728
2.592 6.04728
2.593 -6.05024
2.593 6.05024
2.594 -6.05319
2.594 6.05319
2.595 -6.05614
2.595 6.05614
2.596 -6.0591
2.596 6.0591
2.597 -6.06205
2.597 6.06205
2.598 -6.065
2.598 6.065
2.599 -6.06796
2.599 6.06796
2.6 -6.07091
2.6 6.07091
2.601 -6.07387
2.601 6.07387
2.602 -6.07683
2.602 6.07683
2.603 -6.07978
2.603 6.07978
2.604 -6.08274
2.604 6.08274
2.605 -6.08569
2.605 6.08569
2.606 -6.08865
2.606 6.08865
2.607 -6.09161
2.607 6.09161
2.608 -6.09457
2.608 6.09457
2.609 -6.09752
2.609 6.09752
2.61 -6.10048
2.61 6.10048
2.611 -6.10344
2.611 6.10344
2.612 -6.1064
2.612 6.1064
2.613 -6.10936
2.613 6.10936
2.614 -6.11232
2.614 6.11232
2.615 -6.11528
2.615 6.11528
2.616 -6.11824
2.616 6.11824
2.617 -6.1212
2.617 6.1212
2.618 -6.12416
2.618 6.12416
2.619 -6.12712
2.619 6.12712
2.62 -6.13008
2.62 6.13008
2.621 -6.13305
2.621 6.13305
2.622 -6.13601
2.622 6.13601
2.623 -6.13897
2.623 6.13897
2.624 -6.14193
2.624 6.14193
2.625 -6.1449
2.625 6.1449
2.626 -6.14786
2.626 6.14786
2.627 -6.15083
2.627 6.15083
2.628 -6.15379
2.628 6.15379
2.629 -6.15675
2.629 6.15675
2.63 -6.15972
2.63 6.15972
2.631 -6.16269
2.631 6.16269
2.632 -6.16565
2.632 6.16565
2.633 -6.16862
2.633 6.16862
2.634 -6.17158
2.634 6.17158
2.635 -6.17455
2.635 6.17455
2.636 -6.17752
2.636 6.17752
2.637 -6.18049
2.637 6.18049
2.638 -6.18345
2.638 6.18345
2.639 -6.18642
2.639 6.18642
2.64 -6.18939
2.64 6.18939
2.641 -6.19236
2.641 6.19236
2.642 -6.19533
2.642 6.19533
2.643 -6.1983
2.643 6.1983
2.644 -6.20127
2.644 6.20127
2.645 -6.20424
2.645 6.20424
2.646 -6.20721
2.646 6.20721
2.647 -6.21018
2.647 6.21018
2.648 -6.21315
2.648 6.21315
2.649 -6.21612
2.649 6.21612
2.65 -6.21909
2.65 6.21909
2.651 -6.22207
2.651 6.22207
2.652 -6.22504
2.652 6.22504
2.653 -6.22801
2.653 6.22801
2.654 -6.23098
2.654 6.23098
2.655 -6.23396
2.655 6.23396
2.656 -6.23693
2.656 6.23693
2.657 -6.23991
2.657 6.23991
2.658 -6.24288
2.658 6.24288
2.659 -6.24586
2.659 6.24586
2.66 -6.24883
2.66 6.24883
2.661 -6.25181
2.661 6.25181
2.662 -6.25478
2.662 6.25478
2.663 -6.25776
2.663 6.25776
2.664 -6.26074
2.664 6.26074
2.665 -6.26371
2.665 6.26371
2.666 -6.26669
2.666 6.26669
2.667 -6.26967
2.667 6.26967
2.668 -6.27265
2.668 6.27265
2.669 -6.27562
2.669 6.27562
2.67 -6.2786
2.67 6.2786
2.671 -6.28158
2.671 6.28158
2.672 -6.28456
2.672 6.28456
2.673 -6.28754
2.673 6.28754
2.674 -6.29052
2.674 6.29052
2.675 -6.2935
2.675 6.2935
2.676 -6.29648
2.676 6.29648
2.677 -6.29946
2.677 6.29946
2.678 -6.30245
2.678 6.30245
2.679 -6.30543
2.679 6.30543
2.68 -6.30841
2.68 6.30841
2.681 -6.31139
2.681 6.31139
2.682 -6.31437
2.682 6.31437
2.683 -6.31736
2.683 6.31736
2.684 -6.32034
2.684 6.32034
2.685 -6.32333
2.685 6.32333
2.686 -6.32631
2.686 6.32631
2.687 -6.32929
2.687 6.32929
2.688 -6.33228
2.688 6.33228
2.689 -6.33526
2.689 6.33526
2.69 -6.33825
2.69 6.33825
2.691 -6.34124
2.691 6.34124
2.692 -6.34422
2.692 6.34422
2.693 -6.34721
2.693 6.34721
2.694 -6.3502
2.694 6.3502
2.695 -6.35318
2.695 6.35318
2.696 -6.35617
2.696 6.35617
2.697 -6.35916
2.697 6.35916
2.698 -6.36215
2.698 6.36215
2.699 -6.36513
2.699 6.36513
2.7 -6.36812
2.7 6.36812
2.701 -6.37111
2.701 6.37111
2.702 -6.3741
2.702 6.3741
2.703 -6.37709
2.703 6.37709
2.704 -6.38008
2.704 6.38008
2.705 -6.38307
2.705 6.38307
2.706 -6.38606
2.706 6.38606
2.707 -6.38906
2.707 6.38906
2.708 -6.39205
2.708 6.39205
2.709 -6.39504
2.709 6.39504
2.71 -6.39803
2.71 6.39803
2.711 -6.40102
2.711 6.40102
2.712 -6.40402
2.712 6.40402
2.713 -6.40701
2.713 6.40701
2.714 -6.41
2.714 6.41
2.715 -6.413
2.715 6.413
2.716 -6.41599
2.716 6.41599
2.717 -6.41899
2.717 6.41899
2.718 -6.42198
2.718 6.42198
2.719 -6.42498
2.719 6.42498
2.72 -6.42797
2.72 6.42797
2.721 -6.43097
2.721 6.43097
2.722 -6.43397
2.722 6.43397
2.723 -6.43696
2.723 6.43696
2.724 -6.43996
2.724 6.43996
2.725 -6.44296
2.725 6.44296
2.726 -6.44596
2.726 6.44596
2.727 -6.44895
2.727 6.44895
2.728 -6.45195
2.728 6.45195
2.729 -6.45495
2.729 6.45495
2.73 -6.45795
2.73 6.45795
2.731 -6.46095
2.731 6.46095
2.732 -6.46395
2.732 6.46395
2.733 -6.46695
2.733 6.46695
2.734 -6.46995
2.734 6.46995
2.735 -6.47295
2.735 6.47295
2.736 -6.47595
2.736 6.47595
2.737 -6.47895
2.737 6.47895
2.738 -6.48196
2.738 6.48196
2.739 -6.48496
2.739 6.48496
2.74 -6.48796
2.74 6.48796
2.741 -6.49096
2.741 6.49096
2.742 -6.49397
2.742 6.49397
2.743 -6.49697
2.743 6.49697
2.744 -6.49997
2.744 6.49997
2.745 -6.50298
2.745 6.50298
2.746 -6.50598
2.746 6.50598
2.747 -6.50899
2.747 6.50899
2.748 -6.51199
2.748 6.51199
2.749 -6.515
2.749 6.515
2.75 -6.518
2.75 6.518
2.751 -6.52101
2.751 6.52101
2.752 -6.52402
2.752 6.52402
2.753 -6.52702
2.753 6.52702
2.754 -6.53003
2.754 6.53003
2.755 -6.53304
2.755 6.53304
2.756 -6.53605
2.756 6.53605
2.757 -6.53905
2.757 6.53905
2.758 -6.54206
2.758 6.54206
2.759 -6.54507
2.759 6.54507
2.76 -6.54808
2.76 6.54808
2.761 -6.55109
2.761 6.55109
2.762 -6.5541
2.762 6.5541
2.763 -6.55711
2.763 6.55711
2.764 -6.56012
2.764 6.56012
2.765 -6.56313
2.765 6.56313
2.766 -6.56614
2.766 6.56614
2.767 -6.56916
2.767 6.56916
2.768 -6.57217
2.768 6.57217
2.769 -6.57518
2.769 6.57518
2.77 -6.57819
2.77 6.57819
2.771 -6.58121
2.771 6.58121
2.772 -6.58422
2.772 6.58422
2.773 -6.58723
2.773 6.58723
2.774 -6.59025
2.774 6.59025
2.775 -6.59326
2.775 6.59326
2.776 -6.59628
2.776 6.59628
2.777 -6.59929
2.777 6.59929
2.778 -6.60231
2.778 6.60231
2.779 -6.60532
2.779 6.60532
2.78 -6.60834
2.78 6.60834
2.781 -6.61136
2.781 6.61136
2.782 -6.61437
2.782 6.61437
2.783 -6.61739
2.783 6.61739
2.784 -6.62041
2.784 6.62041
2.785 -6.62343
2.785 6.62343
2.786 -6.62644
2.786 6.62644
2.787 -6.62946
2.787 6.62946
2.788 -6.63248
2.788 6.63248
2.789 -6.6355
2.789 6.6355
2.79 -6.63852
2.79 6.63852
2.791 -6.64154
2.791 6.64154
2.792 -6.64456
2.792 6.64456
2.793 -6.64758
2.793 6.64758
2.794 -6.6506
2.794 6.6506
2.795 -6.65362
2.795 6.65362
2.796 -6.65664
2.796 6.65664
2.797 -6.65967
2.797 6.65967
2.798 -6.66269
2.798 6.66269
2.799 -6.66571
2.799 6.66571
2.8 -6.66873
2.8 6.66873
2.801 -6.67176
2.801 6.67176
2.802 -6.67478
2.802 6.67478
2.803 -6.6778
2.803 6.6778
2.804 -6.68083
2.804 6.68083
2.805 -6.68385
2.805 6.68385
2.806 -6.68688
2.806 6.68688
2.807 -6.6899
2.807 6.6899
2.808 -6.69293
2.808 6.69293
2.809 -6.69595
2.809 6.69595
2.81 -6.69898
2.81 6.69898
2.811 -6.70201
2.811 6.70201
2.812 -6.70503
2.812 6.70503
2.813 -6.70806
2.813 6.70806
2.814 -6.71109
2.814 6.71109
2.815 -6.71412
2.815 6.71412
2.816 -6.71715
2.816 6.71715
2.817 -6.72017
2.817 6.72017
2.818 -6.7232
2.818 6.7232
2.819 -6.72623
2.819 6.72623
2.82 -6.72926
2.82 6.72926
2.821 -6.73229
2.821 6.73229
2.822 -6.73532
2.822 6.73532
2.823 -6.73835
2.823 6.73835
2.824 -6.74138
2.824 6.74138
2.825 -6.74442
2.825 6.74442
2.826 -6.74745
2.826 6.74745
2.827 -6.75048
2.827 6.75048
2.828 -6.75351
2.828 6.75351
2.829 -6.75654
2.829 6.75654
2.83 -6.75958
2.83 6.75958
2.831 -6.76261
2.831 6.76261
2.832 -6.76564
2.832 6.76564
2.833 -6.76868
2.833 6.76868
2.834 -6.77171
2.834 6.77171
2.835 -6.77475
2.835 6.77475
2.836 -6.77778
2.836 6.77778
2.837 -6.78082
2.837 6.78082
2.838 -6.78385
2.838 6.78385
2.839 -6.78689
2.839 6.78689
2.84 -6.78993
2.84 6.78993
2.841 -6.79296
2.841 6.79296
2.842 -6.796
2.842 6.796
2.843 -6.79904
2.843 6.79904
2.844 -6.80208
2.844 6.80208
2.845 -6.80511
2.845 6.80511
2.846 -6.80815
2.846 6.80815
2.847 -6.81119
2.847 6.81119
2.848 -6.81423
2.848 6.81423
2.849 -6.81727
2.849 6.81727
2.85 -6.82031
2.85 6.82031
2.851 -6.82335
2.851 6.82335
2.852 -6.82639
2.852 6.82639
2.853 -6.82943
2.853 6.82943
2.854 -6.83247
2.854 6.83247
2.855 -6.83551
2.855 6.83551
2.856 -6.83856
2.856 6.83856
2.857 -6.8416
2.857 6.8416
2.858 -6.84464
2.858 6.84464
2.859 -6.84768
2.859 6.84768
2.86 -6.85073
2.86 6.85073
2.861 -6.85377
2.861 6.85377
2.862 -6.85681
2.862 6.85681
2.863 -6.85986
2.863 6.85986
2.864 -6.8629
2.864 6.8629
2.865 -6.86595
2.865 6.86595
2.866 -6.86899
2.866 6.86899
2.867 -6.87204
2.867 6.87204
2.868 -6.87508
2.868 6.87508
2.869 -6.87813
2.869 6.87813
2.87 -6.88118
2.87 6.88118
2.871 -6.88422
2.871 6.88422
2.872 -6.88727
2.872 6.88727
2.873 -6.89032
2.873 6.89032
2.874 -6.89337
2.874 6.89337
2.875 -6.89642
2.875 6.89642
2.876 -6.89946
2.876 6.89946
2.877 -6.90251
2.877 6.90251
2.878 -6.90556
2.878 6.90556
2.879 -6.90861
2.879 6.90861
2.88 -6.91166
2.88 6.91166
2.881 -6.91471
2.881 6.91471
2.882 -6.91776
2.882 6.91776
2.883 -6.92081
2.883 6.92081
2.884 -6.92387
2.884 6.92387
2.885 -6.92692
2.885 6.92692
2.886 -6.92997
2.886 6.92997
2.887 -6.93302
2.887 6.93302
2.888 -6.93607
2.888 6.93607
2.889 -6.93913
2.889 6.93913
2.89 -6.94218
2.89 6.94218
2.891 -6.94523
2.891 6.94523
2.892 -6.94829
2.892 6.94829
2.893 -6.95134
2.893 6.95134
2.894 -6.9544
2.894 6.9544
2.895 -6.95745
2.895 6.95745
2.896 -6.96051
2.896 6.96051
2.897 -6.96356
2.897 6.96356
2.898 -6.96662
2.898 6.96662
2.899 -6.96968
2.899 6.96968
2.9 -6.97273
2.9 6.97273
2.901 -6.97579
2.901 6.97579
2.902 -6.97885
2.902 6.97885
2.903 -6.9819
2.903 6.9819
2.904 -6.98496
2.904 6.98496
2.905 -6.98802
2.905 6.98802
2.906 -6.99108
2.906 6.99108
2.907 -6.99414
2.907 6.99414
2.908 -6.9972
2.908 6.9972
2.909 -7.00026
2.909 7.00026
2.91 -7.00332
2.91 7.00332
2.911 -7.00638
2.911 7.00638
2.912 -7.00944
2.912 7.00944
2.913 -7.0125
2.913 7.0125
2.914 -7.01556
2.914 7.01556
2.915 -7.01862
2.915 7.01862
2.916 -7.02169
2.916 7.02169
2.917 -7.02475
2.917 7.02475
2.918 -7.02781
2.918 7.02781
2.919 -7.03087
2.919 7.03087
2.92 -7.03394
2.92 7.03394
2.921 -7.037
2.921 7.037
2.922 -7.04007
2.922 7.04007
2.923 -7.04313
2.923 7.04313
2.924 -7.0462
2.924 7.0462
2.925 -7.04926
2.925 7.04926
2.926 -7.05233
2.926 7.05233
2.927 -7.05539
2.927 7.05539
2.928 -7.05846
2.928 7.05846
2.929 -7.06152
2.929 7.06152
2.93 -7.06459
2.93 7.06459
2.931 -7.06766
2.931 7.06766
2.932 -7.07073
2.932 7.07073
2.933 -7.07379
2.933 7.07379
2.934 -7.07686
2.934 7.07686
2.935 -7.07993
2.935 7.07993
2.936 -7.083
2.936 7.083
2.937 -7.08607
2.937 7.08607
2.938 -7.08914
2.938 7.08914
2.939 -7.09221
2.939 7.09221
2.94 -7.09528
2.94 7.09528
2.941 -7.09835
2.941 7.09835
2.942 -7.10142
2.942 7.10142
2.943 -7.10449
2.943 7.10449
2.944 -7.10756
2.944 7.10756
2.945 -7.11064
2.945 7.11064
2.946 -7.11371
2.946 7.11371
2.947 -7.11678
2.947 7.11678
2.948 -7.11985
2.948 7.11985
2.949 -7.12293
2.949 7.12293
2.95 -7.126
2.95 7.126
2.951 -7.12907
2.951 7.12907
2.952 -7.13215
2.952 7.13215
2.953 -7.13522
2.953 7.13522
2.954 -7.1383
2.954 7.1383
2.955 -7.14137
2.955 7.14137
2.956 -7.14445
2.956 7.14445
2.957 -7.14752
2.957 7.14752
2.958 -7.1506
2.958 7.1506
2.959 -7.15368
2.959 7.15368
2.96 -7.15675
2.96 7.15675
2.961 -7.15983
2.961 7.15983
2.962 -7.16291
2.962 7.16291
2.963 -7.16599
2.963 7.16599
2.964 -7.16907
2.964 7.16907
2.965 -7.17214
2.965 7.17214
2.966 -7.17522
2.966 7.17522
2.967 -7.1783
2.967 7.1783
2.968 -7.18138
2.968 7.18138
2.969 -7.18446
2.969 7.18446
2.97 -7.18754
2.97 7.18754
2.971 -7.19062
2.971 7.19062
2.972 -7.1937
2.972 7.1937
2.973 -7.19679
2.973 7.19679
2.974 -7.19987
2.974 7.19987
2.975 -7.20295
2.975 7.20295
2.976 -7.20603
2.976 7.20603
2.977 -7.20911
2.977 7.20911
2.978 -7.2122
2.978 7.2122
2.979 -7.21528
2.979 7.21528
2.98 -7.21836
2.98 7.21836
2.981 -7.22145
2.981 7.22145
2.982 -7.22453
2.982 7.22453
2.983 -7.22762
2.983 7.22762
2.984 -7.2307
2.984 7.2307
2.985 -7.23379
2.985 7.23379
2.986 -7.23687
2.986 7.23687
2.987 -7.23996
2.987 7.23996
2.988 -7.24305
2.988 7.24305
2.989 -7.24613
2.989 7.24613
2.99 -7.24922
2.99 7.24922
2.991 -7.25231
2.991 7.25231
2.992 -7.2554
2.992 7.2554
2.993 -7.25848
2.993 7.25848
2.994 -7.26157
2.994 7.26157
2.995 -7.26466
2.995 7.26466
2.996 -7.26775
2.996 7.26775
2.997 -7.27084
2.997 7.27084
2.998 -7.27393
2.998 7.27393
2.999 -7.27702
2.999 7.27702
3 -7.28011
3 7.28011
3.001 -7.2832
3.001 7.2832
3.002 -7.28629
3.002 7.28629
3.003 -7.28938
3.003 7.28938
3.004 -7.29248
3.004 7.29248
3.005 -7.29557
3.005 7.29557
3.006 -7.29866
3.006 7.29866
3.007 -7.30175
3.007 7.30175
3.008 -7.30485
3.008 7.30485
3.009 -7.30794
3.009 7.30794
3.01 -7.31103
3.01 7.31103
3.011 -7.31413
3.011 7.31413
3.012 -7.31722
3.012 7.31722
3.013 -7.32032
3.013 7.32032
3.014 -7.32341
3.014 7.32341
3.015 -7.32651
3.015 7.32651
3.016 -7.3296
3.016 7.3296
3.017 -7.3327
3.017 7.3327
3.018 -7.3358
3.018 7.3358
3.019 -7.33889
3.019 7.33889
3.02 -7.34199
3.02 7.34199
3.021 -7.34509
3.021 7.34509
3.022 -7.34818
3.022 7.34818
3.023 -7.35128
3.023 7.35128
3.024 -7.35438
3.024 7.35438
3.025 -7.35748
3.025 7.35748
3.026 -7.36058
3.026 7.36058
3.027 -7.36368
3.027 7.36368
3.028 -7.36678
3.028 7.36678
3.029 -7.36988
3.029 7.36988
3.03 -7.37298
3.03 7.37298
3.031 -7.37608
3.031 7.37608
3.032 -7.37918
3.032 7.37918
3.033 -7.38228
3.033 7.38228
3.034 -7.38538
3.034 7.38538
3.035 -7.38849
3.035 7.38849
3.036 -7.39159
3.036 7.39159
3.037 -7.39469
3.037 7.39469
3.038 -7.3978
3.038 7.3978
3.039 -7.4009
3.039 7.4009
3.04 -7.404
3.04 7.404
3.041 -7.40711
3.041 7.40711
3.042 -7.41021
3.042 7.41021
3.043 -7.41332
3.043 7.41332
3.044 -7.41642
3.044 7.41642
3.045 -7.41953
3.045 7.41953
3.046 -7.42263
3.046 7.42263
3.047 -7.42574
3.047 7.42574
3.048 -7.42885
3.048 7.42885
3.049 -7.43195
3.049 7.43195
3.05 -7.43506
3.05 7.43506
3.051 -7.43817
3.051 7.43817
3.052 -7.44128
3.052 7.44128
3.053 -7.44438
3.053 7.44438
3.054 -7.44749
3.054 7.44749
3.055 -7.4506
3.055 7.4506
3.056 -7.45371
3.056 7.45371
3.057 -7.45682
3.057 7.45682
3.058 -7.45993
3.058 7.45993
3.059 -7.46304
3.059 7.46304
3.06 -7.46615
3.06 7.46615
3.061 -7.46926
3.061 7.46926
3.062 -7.47237
3.062 7.47237
3.063 -7.47549
3.063 7.47549
3.064 -7.4786
3.064 7.4786
3.065 -7.48171
3.065 7.48171
3.066 -7.48482
3.066 7.48482
3.067 -7.48793
3.067 7.48793
3.068 -7.49105
3.068 7.49105
3.069 -7.49416
3.069 7.49416
3.07 -7.49728
3.07 7.49728
3.071 -7.50039
3.071 7.50039
3.072 -7.5035
3.072 7.5035
3.073 -7.50662
3.073 7.50662
3.074 -7.50973
3.074 7.50973
3.075 -7.51285
3.075 7.51285
3.076 -7.51597
3.076 7.51597
3.077 -7.51908
3.077 7.51908
3.078 -7.5222
3.078 7.5222
3.079 -7.52532
3.079 7.52532
3.08 -7.52843
3.08 7.52843
3.081 -7.53155
3.081 7.53155
3.082 -7.53467
3.082 7.53467
3.083 -7.53779
3.083 7.53779
3.084 -7.54091
3.084 7.54091
3.085 -7.54403
3.085 7.54403
3.086 -7.54714
3.086 7.54714
3.087 -7.55026
3.087 7.55026
3.088 -7.55338
3.088 7.55338
3.089 -7.5565
3.089 7.5565
3.09 -7.55962
3.09 7.55962
3.091 -7.56275
3.091 7.56275
3.092 -7.56587
3.092 7.56587
3.093 -7.56899
3.093 7.56899
3.094 -7.57211
3.094 7.57211
3.095 -7.57523
3.095 7.57523
3.096 -7.57836
3.096 7.57836
3.097 -7.58148
3.097 7.58148
3.098 -7.5846
3.098 7.5846
3.099 -7.58773
3.099 7.58773
3.1 -7.59085
3.1 7.59085
3.101 -7.59397
3.101 7.59397
3.102 -7.5971
3.102 7.5971
3.103 -7.60022
3.103 7.60022
3.104 -7.60335
3.104 7.60335
3.105 -7.60647
3.105 7.60647
3.106 -7.6096
3.106 7.6096
3.107 -7.61273
3.107 7.61273
3.108 -7.61585
3.108 7.61585
3.109 -7.61898
3.109 7.61898
3.11 -7.62211
3.11 7.62211
3.111 -7.62524
3.111 7.62524
3.112 -7.62836
3.112 7.62836
3.113 -7.63149
3.113 7.63149
3.114 -7.63462
3.114 7.63462
3.115 -7.63775
3.115 7.63775
3.116 -7.64088
3.116 7.64088
3.117 -7.64401
3.117 7.64401
3.118 -7.64714
3.118 7.64714
3.119 -7.65027
3.119 7.65027
3.12 -7.6534
3.12 7.6534
3.121 -7.65653
3.121 7.65653
3.122 -7.65966
3.122 7.65966
3.123 -7.66279
3.123 7.66279
3.124 -7.66593
3.124 7.66593
3.125 -7.66906
3.125 7.66906
3.126 -7.67219
3.126 7.67219
3.127 -7.67532
3.127 7.67532
3.128 -7.67846
3.128 7.67846
3.129 -7.68159
3.129 7.68159
3.13 -7.68472
3.13 7.68472
3.131 -7.68786
3.131 7.68786
3.132 -7.69099
3.132 7.69099
3.133 -7.69413
3.133 7.69413
3.134 -7.69726
3.134 7.69726
3.135 -7.7004
3.135 7.7004
3.136 -7.70354
3.136 7.70354
3.137 -7.70667
3.137 7.70667
3.138 -7.70981
3.138 7.70981
3.139 -7.71295
3.139 7.71295
3.14 -7.71608
3.14 7.71608
3.141 -7.71922
3.141 7.71922
3.142 -7.72236
3.142 7.72236
3.143 -7.7255
3.143 7.7255
3.144 -7.72864
3.144 7.72864
3.145 -7.73178
3.145 7.73178
3.146 -7.73491
3.146 7.73491
3.147 -7.73805
3.147 7.73805
3.148 -7.74119
3.148 7.74119
3.149 -7.74433
3.149 7.74433
3.15 -7.74748
3.15 7.74748
3.151 -7.75062
3.151 7.75062
3.152 -7.75376
3.152 7.75376
3.153 -7.7569
3.153 7.7569
3.154 -7.76004
3.154 7.76004
3.155 -7.76318
3.155 7.76318
3.156 -7.76633
3.156 7.76633
3.157 -7.76947
3.157 7.76947
3.158 -7.77261
3.158 7.77261
3.159 -7.77576
3.159 7.77576
3.16 -7.7789
3.16 7.7789
3.161 -7.78205
3.161 7.78205
3.162 -7.78519
3.162 7.78519
3.163 -7.78833
3.163 7.78833
3.164 -7.79148
3.164 7.79148
3.165 -7.79463
3.165 7.79463
3.166 -7.79777
3.166 7.79777
3.167 -7.80092
3.167 7.80092
3.168 -7.80406
3.168 7.80406
3.169 -7.80721
3.169 7.80721
3.17 -7.81036
3.17 7.81036
3.171 -7.81351
3.171 7.81351
3.172 -7.81666
3.172 7.81666
3.173 -7.8198
3.173 7.8198
3.174 -7.82295
3.174 7.82295
3.175 -7.8261
3.175 7.8261
3.176 -7.82925
3.176 7.82925
3.177 -7.8324
3.177 7.8324
3.178 -7.83555
3.178 7.83555
3.179 -7.8387
3.179 7.8387
3.18 -7.84185
3.18 7.84185
3.181 -7.845
3.181 7.845
3.182 -7.84815
3.182 7.84815
3.183 -7.85131
3.183 7.85131
3.184 -7.85446
3.184 7.85446
3.185 -7.85761
3.185 7.85761
3.186 -7.86076
3.186 7.86076
3.187 -7.86392
3.187 7.86392
3.188 -7.86707
3.188 7.86707
3.189 -7.87022
3.189 7.87022
3.19 -7.87338
3.19 7.87338
3.191 -7.87653
3.191 7.87653
3.192 -7.87969
3.192 7.87969
3.193 -7.88284
3.193 7.88284
3.194 -7.886
3.194 7.886
3.195 -7.88915
3.195 7.88915
3.196 -7.89231
3.196 7.89231
3.197 -7.89546
3.197 7.89546
3.198 -7.89862
3.198 7.89862
3.199 -7.90178
3.199 7.90178
3.2 -7.90494
3.2 7.90494
3.201 -7.90809
3.201 7.90809
3.202 -7.91125
3.202 7.91125
3.203 -7.91441
3.203 7.91441
3.204 -7.91757
3.204 7.91757
3.205 -7.92073
3.205 7.92073
3.206 -7.92389
3.206 7.92389
3.207 -7.92705
3.207 7.92705
3.208 -7.93021
3.208 7.93021
3.209 -7.93337
3.209 7.93337
3.21 -7.93653
3.21 7.93653
3.211 -7.93969
3.211 7.93969
3.212 -7.94285
3.212 7.94285
3.213 -7.94601
3.213 7.94601
3.214 -7.94917
3.214 7.94917
3.215 -7.95234
3.215 7.95234
3.216 -7.9555
3.216 7.9555
3.217 -7.95866
3.217 7.95866
3.218 -7.96182
3.218 7.96182
3.219 -7.96499
3.219 7.96499
3.22 -7.96815
3.22 7.96815
3.221 -7.97132
3.221 7.97132
3.222 -7.97448
3.222 7.97448
3.223 -7.97765
3.223 7.97765
3.224 -7.98081
3.224 7.98081
3.225 -7.98398
3.225 7.98398
3.226 -7.98714
3.226 7.98714
3.227 -7.99031
3.227 7.99031
3.228 -7.99348
3.228 7.99348
3.229 -7.99664
3.229 7.99664
3.23 -7.99981
3.23 7.99981
3.231 -8.00298
3.231 8.00298
3.232 -8.00615
3.232 8.00615
3.233 -8.00931
3.233 8.00931
3.234 -8.01248
3.234 8.01248
3.235 -8.01565
3.235 8.01565
3.236 -8.01882
3.236 8.01882
3.237 -8.02199
3.237 8.02199
3.238 -8.02516
3.238 8.02516
3.239 -8.02833
3.239 8.02833
3.24 -8.0315
3.24 8.0315
3.241 -8.03467
3.241 8.03467
3.242 -8.03784
3.242 8.03784
3.243 -8.04102
3.243 8.04102
3.244 -8.04419
3.244 8.04419
3.245 -8.04736
3.245 8.04736
3.246 -8.05053
3.246 8.05053
3.247 -8.05371
3.247 8.05371
3.248 -8.05688
3.248 8.05688
3.249 -8.06005
3.249 8.06005
3.25 -8.06323
3.25 8.06323
3.251 -8.0664
3.251 8.0664
3.252 -8.06958
3.252 8.06958
3.253 -8.07275
3.253 8.07275
3.254 -8.07593
3.254 8.07593
3.255 -8.0791
3.255 8.0791
3.256 -8.08228
3.256 8.08228
3.257 -8.08545
3.257 8.08545
3.258 -8.08863
3.258 8.08863
3.259 -8.09181
3.259 8.09181
3.26 -8.09498
3.26 8.09498
3.261 -8.09816
3.261 8.09816
3.262 -8.10134
3.262 8.10134
3.263 -8.10452
3.263 8.10452
3.264 -8.1077
3.264 8.1077
3.265 -8.11088
3.265 8.11088
3.266 -8.11406
3.266 8.11406
3.267 -8.11723
3.267 8.11723
3.268 -8.12041
3.268 8.12041
3.269 -8.1236
3.269 8.1236
3.27 -8.12678
3.27 8.12678
3.271 -8.12996
3.271 8.12996
3.272 -8.13314
3.272 8.13314
3.273 -8.13632
3.273 8.13632
3.274 -8.1395
3.274 8.1395
3.275 -8.14268
3.275 8.14268
3.276 -8.14587
3.276 8.14587
3.277 -8.14905
3.277 8.14905
3.278 -8.15223
3.278 8.15223
3.279 -8.15542
3.279 8.15542
3.28 -8.1586
3.28 8.1586
3.281 -8.16178
3.281 8.16178
3.282 -8.16497
3.282 8.16497
3.283 -8.16815
3.283 8.16815
3.284 -8.17134
3.284 8.17134
3.285 -8.17452
3.285 8.17452
3.286 -8.17771
3.286 8.17771
3.287 -8.1809
3.287 8.1809
3.288 -8.18408
3.288 8.18408
3.289 -8.18727
3.289 8.18727
3.29 -8.19046
3.29 8.19046
3.291 -8.19364
3.291 8.19364
3.292 -8.19683
3.292 8.19683
3.293 -8.20002
3.293 8.20002
3.294 -8.20321
3.294 8.20321
3.295 -8.2064
3.295 8.2064
3.296 -8.20959
3.296 8.20959
3.297 -8.21278
3.297 8.21278
3.298 -8.21597
3.298 8.21597
3.299 -8.21916
3.299 8.21916
3.3 -8.22235
3.3 8.22235
3.301 -8.22554
3.301 8.22554
3.302 -8.22873
3.302 8.22873
3.303 -8.23192
3.303 8.23192
3.304 -8.23511
3.304 8.23511
3.305 -8.23831
3.305 8.23831
3.306 -8.2415
3.306 8.2415
3.307 -8.24469
3.307 8.24469
3.308 -8.24788
3.308 8.24788
3.309 -8.25108
3.309 8.25108
3.31 -8.25427
3.31 8.25427
3.311 -8.25747
3.311 8.25747
3.312 -8.26066
3.312 8.26066
3.313 -8.26385
3.313 8.26385
3.314 -8.26705
3.314 8.26705
3.315 -8.27025
3.315 8.27025
3.316 -8.27344
3.316 8.27344
3.317 -8.27664
3.317 8.27664
3.318 -8.27983
3.318 8.27983
3.319 -8.28303
3.319 8.28303
3.32 -8.28623
3.32 8.28623
3.321 -8.28943
3.321 8.28943
3.322 -8.29262
3.322 8.29262
3.323 -8.29582
3.323 8.29582
3.324 -8.29902
3.324 8.29902
3.325 -8.30222
3.325 8.30222
3.326 -8.30542
3.326 8.30542
3.327 -8.30862
3.327 8.30862
3.328 -8.31182
3.328 8.31182
3.329 -8.31502
3.329 8.31502
3.33 -8.31822
3.33 8.31822
3.331 -8.32142
3.331 8.32142
3.332 -8.32462
3.332 8.32462
3.333 -8.32782
3.333 8.32782
3.334 -8.33102
3.334 8.33102
3.335 -8.33422
3.335 8.33422
3.336 -8.33743
3.336 8.33743
3.337 -8.34063
3.337 8.34063
3.338 -8.34383
3.338 8.34383
3.339 -8.34704
3.339 8.34704
3.34 -8.35024
3.34 8.35024
3.341 -8.35344
3.341 8.35344
3.342 -8.35665
3.342 8.35665
3.343 -8.35985
3.343 8.35985
3.344 -8.36306
3.344 8.36306
3.345 -8.36626
3.345 8.36626
3.346 -8.36947
3.346 8.36947
3.347 -8.37268
3.347 8.37268
3.348 -8.37588
3.348 8.37588
3.349 -8.37909
3.349 8.37909
3.35 -8.3823
3.35 8.3823
3.351 -8.3855
3.351 8.3855
3.352 -8.38871
3.352 8.38871
3.353 -8.39192
3.353 8.39192
3.354 -8.39513
3.354 8.39513
3.355 -8.39834
3.355 8.39834
3.356 -8.40154
3.356 8.40154
3.357 -8.40475
3.357 8.40475
3.358 -8.40796
3.358 8.40796
3.359 -8.41117
3.359 8.41117
3.36 -8.41438
3.36 8.41438
3.361 -8.41759
3.361 8.41759
3.362 -8.42081
3.362 8.42081
3.363 -8.42402
3.363 8.42402
3.364 -8.42723
3.364 8.42723
3.365 -8.43044
3.365 8.43044
3.366 -8.43365
3.366 8.43365
3.367 -8.43687
3.367 8.43687
3.368 -8.44008
3.368 8.44008
3.369 -8.44329
3.369 8.44329
3.37 -8.44651
3.37 8.44651
3.371 -8.44972
3.371 8.44972
3.372 -8.45293
3.372 8.45293
3.373 -8.45615
3.373 8.45615
3.374 -8.45936
3.374 8.45936
3.375 -8.46258
3.375 8.46258
3.376 -8.46579
3.376 8.46579
3.377 -8.46901
3.377 8.46901
3.378 -8.47223
3.378 8.47223
3.379 -8.47544
3.379 8.47544
3.38 -8.47866
3.38 8.47866
3.381 -8.48188
3.381 8.48188
3.382 -8.48509
3.382 8.48509
3.383 -8.48831
3.383 8.48831
3.384 -8.49153
3.384 8.49153
3.385 -8.49475
3.385 8.49475
3.386 -8.49797
3.386 8.49797
3.387 -8.50119
3.387 8.50119
3.388 -8.50441
3.388 8.50441
3.389 -8.50763
3.389 8.50763
3.39 -8.51085
3.39 8.51085
3.391 -8.51407
3.391 8.51407
3.392 -8.51729
3.392 8.51729
3.393 -8.52051
3.393 8.52051
3.394 -8.52373
3.394 8.52373
3.395 -8.52695
3.395 8.52695
3.396 -8.53018
3.396 8.53018
3.397 -8.5334
3.397 8.5334
3.398 -8.53662
3.398 8.53662
3.399 -8.53984
3.399 8.53984
3.4 -8.54307
3.4 8.54307
3.401 -8.54629
3.401 8.54629
3.402 -8.54952
3.402 8.54952
3.403 -8.55274
3.403 8.55274
3.404 -8.55596
3.404 8.55596
3.405 -8.55919
3.405 8.55919
3.406 -8.56242
3.406 8.56242
3.407 -8.56564
3.407 8.56564
3.408 -8.56887
3.408 8.56887
3.409 -8.57209
3.409 8.57209
3.41 -8.57532
3.41 8.57532
3.411 -8.57855
3.411 8.57855
3.412 -8.58178
3.412 8.58178
3.413 -8.585
3.413 8.585
3.414 -8.58823
3.414 8.58823
3.415 -8.59146
3.415 8.59146
3.416 -8.59469
3.416 8.59469
3.417 -8.59792
3.417 8.59792
3.418 -8.60115
3.418 8.60115
3.419 -8.60438
3.419 8.60438
3.42 -8.60761
3.42 8.60761
3.421 -8.61084
3.421 8.61084
3.422 -8.61407
3.422 8.61407
3.423 -8.6173
3.423 8.6173
3.424 -8.62053
3.424 8.62053
3.425 -8.62376
3.425 8.62376
3.426 -8.62699
3.426 8.62699
3.427 -8.63023
3.427 8.63023
3.428 -8.63346
3.428 8.63346
3.429 -8.63669
3.429 8.63669
3.43 -8.63993
3.43 8.63993
3.431 -8.64316
3.431 8.64316
3.432 -8.64639
3.432 8.64639
3.433 -8.64963
3.433 8.64963
3.434 -8.65286
3.434 8.65286
3.435 -8.6561
3.435 8.6561
3.436 -8.65933
3.436 8.65933
3.437 -8.66257
3.437 8.66257
3.438 -8.6658
3.438 8.6658
3.439 -8.66904
3.439 8.66904
3.44 -8.67228
3.44 8.67228
3.441 -8.67551
3.441 8.67551
3.442 -8.67875
3.442 8.67875
3.443 -8.68199
3.443 8.68199
3.444 -8.68523
3.444 8.68523
3.445 -8.68846
3.445 8.68846
3.446 -8.6917
3.446 8.6917
3.447 -8.69494
3.447 8.69494
3.448 -8.69818
3.448 8.69818
3.449 -8.70142
3.449 8.70142
3.45 -8.70466
3.45 8.70466
3.451 -8.7079
3.451 8.7079
3.452 -8.71114
3.452 8.71114
3.453 -8.71438
3.453 8.71438
3.454 -8.71762
3.454 8.71762
3.455 -8.72087
3.455 8.72087
3.456 -8.72411
3.456 8.72411
3.457 -8.72735
3.457 8.72735
3.458 -8.73059
3.458 8.73059
3.459 -8.73384
3.459 8.73384
3.46 -8.73708
3.46 8.73708
3.461 -8.74032
3.461 8.74032
3.462 -8.74357
3.462 8.74357
3.463 -8.74681
3.463 8.74681
3.464 -8.75005
3.464 8.75005
3.465 -8.7533
3.465 8.7533
3.466 -8.75654
3.466 8.75654
3.467 -8.75979
3.467 8.75979
3.468 -8.76304
3.468 8.76304
3.469 -8.76628
3.469 8.76628
3.47 -8.76953
3.47 8.76953
3.471 -8.77277
3.471 8.77277
3.472 -8.77602
3.472 8.77602
3.473 -8.77927
3.473 8.77927
3.474 -8.78252
3.474 8.78252
3.475 -8.78577
3.475 8.78577
3.476 -8.78901
3.476 8.78901
3.477 -8.79226
3.477 8.79226
3.478 -8.79551
3.478 8.79551
3.479 -8.79876
3.479 8.79876
3.48 -8.80201
3.48 8.80201
3.481 -8.80526
3.481 8.80526
3.482 -8.80851
3.482 8.80851
3.483 -8.81176
3.483 8.81176
3.484 -8.81501
3.484 8.81501
3.485 -8.81826
3.485 8.81826
3.486 -8.82152
3.486 8.82152
3.487 -8.82477
3.487 8.82477
3.488 -8.82802
3.488 8.82802
3.489 -8.83127
3.489 8.83127
3.49 -8.83453
3.49 8.83453
3.491 -8.83778
3.491 8.83778
3.492 -8.84103
3.492 8.84103
3.493 -8.84429
3.493 8.84429
3.494 -8.84754
3.494 8.84754
3.495 -8.8508
3.495 8.8508
3.496 -8.85405
3.496 8.85405
3.497 -8.85731
3.497 8.85731
3.498 -8.86056
3.498 8.86056
3.499 -8.86382
3.499 8.86382
3.5 -8.86707
3.5 8.86707
3.501 -8.87033
3.501 8.87033
3.502 -8.87359
3.502 8.87359
3.503 -8.87684
3.503 8.87684
3.504 -8.8801
3.504 8.8801
3.505 -8.88336
3.505 8.88336
3.506 -8.88662
3.506 8.88662
3.507 -8.88988
3.507 8.88988
3.508 -8.89314
3.508 8.89314
3.509 -8.8964
3.509 8.8964
3.51 -8.89965
3.51 8.89965
3.511 -8.90291
3.511 8.90291
3.512 -8.90617
3.512 8.90617
3.513 -8.90944
3.513 8.90944
3.514 -8.9127
3.514 8.9127
3.515 -8.91596
3.515 8.91596
3.516 -8.91922
3.516 8.91922
3.517 -8.92248
3.517 8.92248
3.518 -8.92574
3.518 8.92574
3.519 -8.92901
3.519 8.92901
3.52 -8.93227
3.52 8.93227
3.521 -8.93553
3.521 8.93553
3.522 -8.93879
3.522 8.93879
3.523 -8.94206
3.523 8.94206
3.524 -8.94532
3.524 8.94532
3.525 -8.94859
3.525 8.94859
3.526 -8.95185
3.526 8.95185
3.527 -8.95512
3.527 8.95512
3.528 -8.95838
3.528 8.95838
3.529 -8.96165
3.529 8.96165
3.53 -8.96491
3.53 8.96491
3.531 -8.96818
3.531 8.96818
3.532 -8.97145
3.532 8.97145
3.533 -8.97471
3.533 8.97471
3.534 -8.97798
3.534 8.97798
3.535 -8.98125
3.535 8.98125
3.536 -8.98452
3.536 8.98452
3.537 -8.98779
3.537 8.98779
3.538 -8.99105
3.538 8.99105
3.539 -8.99432
3.539 8.99432
3.54 -8.99759
3.54 8.99759
3.541 -9.00086
3.541 9.00086
3.542 -9.00413
3.542 9.00413
3.543 -9.0074
3.543 9.0074
3.544 -9.01067
3.544 9.01067
3.545 -9.01394
3.545 9.01394
3.546 -9.01721
3.546 9.01721
3.547 -9.02049
3.547 9.02049
3.548 -9.02376
3.548 9.02376
3.549 -9.02703
3.549 9.02703
3.55 -9.0303
3.55 9.0303
3.551 -9.03358
3.551 9.03358
3.552 -9.03685
3.552 9.03685
3.553 -9.04012
3.553 9.04012
3.554 -9.0434
3.554 9.0434
3.555 -9.04667
3.555 9.04667
3.556 -9.04995
3.556 9.04995
3.557 -9.05322
3.557 9.05322
3.558 -9.0565
3.558 9.0565
3.559 -9.05977
3.559 9.05977
3.56 -9.06305
3.56 9.06305
3.561 -9.06632
3.561 9.06632
3.562 -9.0696
3.562 9.0696
3.563 -9.07288
3.563 9.07288
3.564 -9.07615
3.564 9.07615
3.565 -9.07943
3.565 9.07943
3.566 -9.08271
3.566 9.08271
3.567 -9.08599
3.567 9.08599
3.568 -9.08927
3.568 9.08927
3.569 -9.09254
3.569 9.09254
3.57 -9.09582
3.57 9.09582
3.571 -9.0991
3.571 9.0991
3.572 -9.10238
3.572 9.10238
3.573 -9.10566
3.573 9.10566
3.574 -9.10894
3.574 9.10894
3.575 -9.11222
3.575 9.11222
3.576 -9.1155
3.576 9.1155
3.577 -9.11879
3.577 9.11879
3.578 -9.12207
3.578 9.12207
3.579 -9.12535
3.579 9.12535
3.58 -9.12863
3.58 9.12863
3.581 -9.13191
3.581 9.13191
3.582 -9.1352
3.582 9.1352
3.583 -9.13848
3.583 9.13848
3.584 -9.14176
3.584 9.14176
3.585 -9.14505
3.585 9.14505
3.586 -9.14833
3.586 9.14833
3.587 -9.15162
3.587 9.15162
3.588 -9.1549
3.588 9.1549
3.589 -9.15819
3.589 9.15819
3.59 -9.16147
3.59 9.16147
3.591 -9.16476
3.591 9.16476
3.592 -9.16804
3.592 9.16804
3.593 -9.17133
3.593 9.17133
3.594 -9.17462
3.594 9.17462
3.595 -9.17791
3.595 9.17791
3.596 -9.18119
3.596 9.18119
3.597 -9.18448
3.597 9.18448
3.598 -9.18777
3.598 9.18777
3.599 -9.19106
3.599 9.19106
3.6 -9.19435
3.6 9.19435
3.601 -9.19764
3.601 9.19764
3.602 -9.20092
3.602 9.20092
3.603 -9.20421
3.603 9.20421
3.604 -9.2075
3.604 9.2075
3.605 -9.2108
3.605 9.2108
3.606 -9.21409
3.606 9.21409
3.607 -9.21738
3.607 9.21738
3.608 -9.22067
3.608 9.22067
3.609 -9.22396
3.609 9.22396
3.61 -9.22725
3.61 9.22725
3.611 -9.23054
3.611 9.23054
3.612 -9.23384
3.612 9.23384
3.613 -9.23713
3.613 9.23713
3.614 -9.24042
3.614 9.24042
3.615 -9.24372
3.615 9.24372
3.616 -9.24701
3.616 9.24701
3.617 -9.25031
3.617 9.25031
3.618 -9.2536
3.618 9.2536
3.619 -9.2569
3.619 9.2569
3.62 -9.26019
3.62 9.26019
3.621 -9.26349
3.621 9.26349
3.622 -9.26678
3.622 9.26678
3.623 -9.27008
3.623 9.27008
3.624 -9.27337
3.624 9.27337
3.625 -9.27667
3.625 9.27667
3.626 -9.27997
3.626 9.27997
3.627 -9.28327
3.627 9.28327
3.628 -9.28656
3.628 9.28656
3.629 -9.28986
3.629 9.28986
3.63 -9.29316
3.63 9.29316
3.631 -9.29646
3.631 9.29646
3.632 -9.29976
3.632 9.29976
3.633 -9.30306
3.633 9.30306
3.634 -9.30636
3.634 9.30636
3.635 -9.30966
3.635 9.30966
3.636 -9.31296
3.636 9.31296
3.637 -9.31626
3.637 9.31626
3.638 -9.31956
3.638 9.31956
3.639 -9.32286
3.639 9.32286
3.64 -9.32616
3.64 9.32616
3.641 -9.32947
3.641 9.32947
3.642 -9.33277
3.642 9.33277
3.643 -9.33607
3.643 9.33607
3.644 -9.33937
3.644 9.33937
3.645 -9.34268
3.645 9.34268
3.646 -9.34598
3.646 9.34598
3.647 -9.34929
3.647 9.34929
3.648 -9.35259
3.648 9.35259
3.649 -9.3559
3.649 9.3559
3.65 -9.3592
3.65 9.3592
3.651 -9.36251
3.651 9.36251
3.652 -9.36581
3.652 9.36581
3.653 -9.36912
3.653 9.36912
3.654 -9.37242
3.654 9.37242
3.655 -9.37573
3.655 9.37573
3.656 -9.37904
3.656 9.37904
3.657 -9.38234
3.657 9.38234
3.658 -9.38565
3.658 9.38565
3.659 -9.38896
3.659 9.38896
3.66 -9.39227
3.66 9.39227
3.661 -9.39558
3.661 9.39558
3.662 -9.39889
3.662 9.39889
3.663 -9.40219
3.663 9.40219
3.664 -9.4055
3.664 9.4055
3.665 -9.40881
3.665 9.40881
3.666 -9.41212
3.666 9.41212
3.667 -9.41543
3.667 9.41543
3.668 -9.41875
3.668 9.41875
3.669 -9.42206
3.669 9.42206
3.67 -9.42537
3.67 9.42537
3.671 -9.42868
3.671 9.42868
3.672 -9.43199
3.672 9.43199
3.673 -9.4353
3.673 9.4353
3.674 -9.43862
3.674 9.43862
3.675 -9.44193
3.675 9.44193
3.676 -9.44524
3.676 9.44524
3.677 -9.44856
3.677 9.44856
3.678 -9.45187
3.678 9.45187
3.679 -9.45519
3.679 9.45519
3.68 -9.4585
3.68 9.4585
3.681 -9.46182
3.681 9.46182
3.682 -9.46513
3.682 9.46513
3.683 -9.46845
3.683 9.46845
3.684 -9.47176
3.684 9.47176
3.685 -9.47508
3.685 9.47508
3.686 -9.4784
3.686 9.4784
3.687 -9.48171
3.687 9.48171
3.688 -9.48503
3.688 9.48503
3.689 -9.48835
3.689 9.48835
3.69 -9.49167
3.69 9.49167
3.691 -9.49498
3.691 9.49498
3.692 -9.4983
3.692 9.4983
3.693 -9.50162
3.693 9.50162
3.694 -9.50494
3.694 9.50494
3.695 -9.50826
3.695 9.50826
3.696 -9.51158
3.696 9.51158
3.697 -9.5149
3.697 9.5149
3.698 -9.51822
3.698 9.51822
3.699 -9.52154
3.699 9.52154
3.7 -9.52486
3.7 9.52486
3.701 -9.52818
3.701 9.52818
3.702 -9.53151
3.702 9.53151
3.703 -9.53483
3.703 9.53483
3.704 -9.53815
3.704 9.53815
3.705 -9.54147
3.705 9.54147
3.706 -9.5448
3.706 9.5448
3.707 -9.54812
3.707 9.54812
3.708 -9.55144
3.708 9.55144
3.709 -9.55477
3.709 9.55477
3.71 -9.55809
3.71 9.55809
3.711 -9.56142
3.711 9.56142
3.712 -9.56474
3.712 9.56474
3.713 -9.56807
3.713 9.56807
3.714 -9.57139
3.714 9.57139
3.715 -9.57472
3.715 9.57472
3.716 -9.57804
3.716 9.57804
3.717 -9.58137
3.717 9.58137
3.718 -9.5847
3.718 9.5847
3.719 -9.58803
3.719 9.58803
3.72 -9.59135
3.72 9.59135
3.721 -9.59468
3.721 9.59468
3.722 -9.59801
3.722 9.59801
3.723 -9.60134
3.723 9.60134
3.724 -9.60467
3.724 9.60467
3.725 -9.608
3.725 9.608
3.726 -9.61133
3.726 9.61133
3.727 -9.61465
3.727 9.61465
3.728 -9.61799
3.728 9.61799
3.729 -9.62132
3.729 9.62132
3.73 -9.62465
3.73 9.62465
3.731 -9.62798
3.731 9.62798
3.732 -9.63131
3.732 9.63131
3.733 -9.63464
3.733 9.63464
3.734 -9.63797
3.734 9.63797
3.735 -9.64131
3.735 9.64131
3.736 -9.64464
3.736 9.64464
3.737 -9.64797
3.737 9.64797
3.738 -9.6513
3.738 9.6513
3.739 -9.65464
3.739 9.65464
3.74 -9.65797
3.74 9.65797
3.741 -9.66131
3.741 9.66131
3.742 -9.66464
3.742 9.66464
3.743 -9.66798
3.743 9.66798
3.744 -9.67131
3.744 9.67131
3.745 -9.67465
3.745 9.67465
3.746 -9.67798
3.746 9.67798
3.747 -9.68132
3.747 9.68132
3.748 -9.68466
3.748 9.68466
3.749 -9.68799
3.749 9.68799
3.75 -9.69133
3.75 9.69133
3.751 -9.69467
3.751 9.69467
3.752 -9.69801
3.752 9.69801
3.753 -9.70134
3.753 9.70134
3.754 -9.70468
3.754 9.70468
3.755 -9.70802
3.755 9.70802
3.756 -9.71136
3.756 9.71136
3.757 -9.7147
3.757 9.7147
3.758 -9.71804
3.758 9.71804
3.759 -9.72138
3.759 9.72138
3.76 -9.72472
3.76 9.72472
3.761 -9.72806
3.761 9.72806
3.762 -9.7314
3.762 9.7314
3.763 -9.73474
3.763 9.73474
3.764 -9.73808
3.764 9.73808
3.765 -9.74143
3.765 9.74143
3.766 -9.74477
3.766 9.74477
3.767 -9.74811
3.767 9.74811
3.768 -9.75145
3.768 9.75145
3.769 -9.7548
3.769 9.7548
3.77 -9.75814
3.77 9.75814
3.771 -9.76149
3.771 9.76149
3.772 -9.76483
3.772 9.76483
3.773 -9.76817
3.773 9.76817
3.774 -9.77152
3.774 9.77152
3.775 -9.77486
3.775 9.77486
3.776 -9.77821
3.776 9.77821
3.777 -9.78156
3.777 9.78156
3.778 -9.7849
3.778 9.7849
3.779 -9.78825
3.779 9.78825
3.78 -9.7916
3.78 9.7916
3.781 -9.79494
3.781 9.79494
3.782 -9.79829
3.782 9.79829
3.783 -9.80164
3.783 9.80164
3.784 -9.80499
3.784 9.80499
3.785 -9.80834
3.785 9.80834
3.786 -9.81168
3.786 9.81168
3.787 -9.81503
3.787 9.81503
3.788 -9.81838
3.788 9.81838
3.789 -9.82173
3.789 9.82173
3.79 -9.82508
3.79 9.82508
3.791 -9.82843
3.791 9.82843
3.792 -9.83178
3.792 9.83178
3.793 -9.83513
3.793 9.83513
3.794 -9.83849
3.794 9.83849
3.795 -9.84184
3.795 9.84184
3.796 -9.84519
3.796 9.84519
3.797 -9.84854
3.797 9.84854
3.798 -9.85189
3.798 9.85189
3.799 -9.85525
3.799 9.85525
3.8 -9.8586
3.8 9.8586
3.801 -9.86195
3.801 9.86195
3.802 -9.86531
3.802 9.86531
3.803 -9.86866
3.803 9.86866
3.804 -9.87202
3.804 9.87202
3.805 -9.87537
3.805 9.87537
3.806 -9.87873
3.806 9.87873
3.807 -9.88208
3.807 9.88208
3.808 -9.88544
3.808 9.88544
3.809 -9.88879
3.809 9.88879
3.81 -9.89215
3.81 9.89215
3.811 -9.89551
3.811 9.89551
3.812 -9.89886
3.812 9.89886
3.813 -9.90222
3.813 9.90222
3.814 -9.90558
3.814 9.90558
3.815 -9.90894
3.815 9.90894
3.816 -9.9123
3.816 9.9123
3.817 -9.91565
3.817 9.91565
3.818 -9.91901
3.818 9.91901
3.819 -9.92237
3.819 9.92237
3.82 -9.92573
3.82 9.92573
3.821 -9.92909
3.821 9.92909
3.822 -9.93245
3.822 9.93245
3.823 -9.93581
3.823 9.93581
3.824 -9.93917
3.824 9.93917
3.825 -9.94254
3.825 9.94254
3.826 -9.9459
3.826 9.9459
3.827 -9.94926
3.827 9.94926
3.828 -9.95262
3.828 9.95262
3.829 -9.95598
3.829 9.95598
3.83 -9.95935
3.83 9.95935
3.831 -9.96271
3.831 9.96271
3.832 -9.96607
3.832 9.96607
3.833 -9.96944
3.833 9.96944
3.834 -9.9728
3.834 9.9728
3.835 -9.97617
3.835 9.97617
3.836 -9.97953
3.836 9.97953
3.837 -9.9829
3.837 9.9829
3.838 -9.98626
3.838 9.98626
3.839 -9.98963
3.839 9.98963
3.84 -9.99299
3.84 9.99299
3.841 -9.99636
3.841 9.99636
3.842 -9.99973
3.842 9.99973
3.843 -10.0031
3.843 10.0031
3.844 -10.0065
3.844 10.0065
3.845 -10.0098
3.845 10.0098
3.846 -10.0132
3.846 10.0132
3.847 -10.0166
3.847 10.0166
3.848 -10.0199
3.848 10.0199
3.849 -10.0233
3.849 10.0233
3.85 -10.0267
3.85 10.0267
3.851 -10.03
3.851 10.03
3.852 -10.0334
3.852 10.0334
3.853 -10.0368
3.853 10.0368
3.854 -10.0402
3.854 10.0402
3.855 -10.0435
3.855 10.0435
3.856 -10.0469
3.856 10.0469
3.857 -10.0503
3.857 10.0503
3.858 -10.0536
3.858 10.0536
3.859 -10.057
3.859 10.057
3.86 -10.0604
3.86 10.0604
3.861 -10.0638
3.861 10.0638
3.862 -10.0671
3.862 10.0671
3.863 -10.0705
3.863 10.0705
3.864 -10.0739
3.864 10.0739
3.865 -10.0772
3.865 10.0772
3.866 -10.0806
3.866 10.0806
3.867 -10.084
3.867 10.084
3.868 -10.0874
3.868 10.0874
3.869 -10.0907
3.869 10.0907
3.87 -10.0941
3.87 10.0941
3.871 -10.0975
3.871 10.0975
3.872 -10.1009
3.872 10.1009
3.873 -10.1043
3.873 10.1043
3.874 -10.1076
3.874 10.1076
3.875 -10.111
3.875 10.111
3.876 -10.1144
3.876 10.1144
3.877 -10.1178
3.877 10.1178
3.878 -10.1211
3.878 10.1211
3.879 -10.1245
3.879 10.1245
3.88 -10.1279
3.88 10.1279
3.881 -10.1313
3.881 10.1313
3.882 -10.1347
3.882 10.1347
3.883 -10.138
3.883 10.138
3.884 -10.1414
3.884 10.1414
3.885 -10.1448
3.885 10.1448
3.886 -10.1482
3.886 10.1482
3.887 -10.1516
3.887 10.1516
3.888 -10.1549
3.888 10.1549
3.889 -10.1583
3.889 10.1583
3.89 -10.1617
3.89 10.1617
3.891 -10.1651
3.891 10.1651
3.892 -10.1685
3.892 10.1685
3.893 -10.1718
3.893 10.1718
3.894 -10.1752
3.894 10.1752
3.895 -10.1786
3.895 10.1786
3.896 -10.182
3.896 10.182
3.897 -10.1854
3.897 10.1854
3.898 -10.1888
3.898 10.1888
3.899 -10.1922
3.899 10.1922
3.9 -10.1955
3.9 10.1955
3.901 -10.1989
3.901 10.1989
3.902 -10.2023
3.902 10.2023
3.903 -10.2057
3.903 10.2057
3.904 -10.2091
3.904 10.2091
3.905 -10.2125
3.905 10.2125
3.906 -10.2159
3.906 10.2159
3.907 -10.2192
3.907 10.2192
3.908 -10.2226
3.908 10.2226
3.909 -10.226
3.909 10.226
3.91 -10.2294
3.91 10.2294
3.911 -10.2328
3.911 10.2328
3.912 -10.2362
3.912 10.2362
3.913 -10.2396
3.913 10.2396
3.914 -10.243
3.914 10.243
3.915 -10.2464
3.915 10.2464
3.916 -10.2497
3.916 10.2497
3.917 -10.2531
3.917 10.2531
3.918 -10.2565
3.918 10.2565
3.919 -10.2599
3.919 10.2599
3.92 -10.2633
3.92 10.2633
3.921 -10.2667
3.921 10.2667
3.922 -10.2701
3.922 10.2701
3.923 -10.2735
3.923 10.2735
3.924 -10.2769
3.924 10.2769
3.925 -10.2803
3.925 10.2803
3.926 -10.2837
3.926 10.2837
3.927 -10.2871
3.927 10.2871
3.928 -10.2905
3.928 10.2905
3.929 -10.2938
3.929 10.2938
3.93 -10.2972
3.93 10.2972
3.931 -10.3006
3.931 10.3006
3.932 -10.304
3.932 10.304
3.933 -10.3074
3.933 10.3074
3.934 -10.3108
3.934 10.3108
3.935 -10.3142
3.935 10.3142
3.936 -10.3176
3.936 10.3176
3.937 -10.321
3.937 10.321
3.938 -10.3244
3.938 10.3244
3.939 -10.3278
3.939 10.3278
3.94 -10.3312
3.94 10.3312
3.941 -10.3346
3.941 10.3346
3.942 -10.338
3.942 10.338
3.943 -10.3414
3.943 10.3414
3.944 -10.3448
3.944 10.3448
3.945 -10.3482
3.945 10.3482
3.946 -10.3516
3.946 10.3516
3.947 -10.355
3.947 10.355
3.948 -10.3584
3.948 10.3584
3.949 -10.3618
3.949 10.3618
3.95 -10.3652
3.95 10.3652
3.951 -10.3686
3.951 10.3686
3.952 -10.372
3.952 10.372
3.953 -10.3754
3.953 10.3754
3.954 -10.3788
3.954 10.3788
3.955 -10.3822
3.955 10.3822
3.956 -10.3856
3.956 10.3856
3.957 -10.389
3.957 10.389
3.958 -10.3924
3.958 10.3924
3.959 -10.3958
3.959 10.3958
3.96 -10.3992
3.96 10.3992
3.961 -10.4026
3.961 10.4026
3.962 -10.406
3.962 10.406
3.963 -10.4094
3.963 10.4094
3.964 -10.4128
3.964 10.4128
3.965 -10.4163
3.965 10.4163
3.966 -10.4197
3.966 10.4197
3.967 -10.4231
3.967 10.4231
3.968 -10.4265
3.968 10.4265
3.969 -10.4299
3.969 10.4299
3.97 -10.4333
3.97 10.4333
3.971 -10.4367
3.971 10.4367
3.972 -10.4401
3.972 10.4401
3.973 -10.4435
3.973 10.4435
3.974 -10.4469
3.974 10.4469
3.975 -10.4503
3.975 10.4503
3.976 -10.4537
3.976 10.4537
3.977 -10.4571
3.977 10.4571
3.978 -10.4606
3.978 10.4606
3.979 -10.464
3.979 10.464
3.98 -10.4674
3.98 10.4674
3.981 -10.4708
3.981 10.4708
3.982 -10.4742
3.982 10.4742
3.983 -10.4776
3.983 10.4776
3.984 -10.481
3.984 10.481
3.985 -10.4844
3.985 10.4844
3.986 -10.4878
3.986 10.4878
3.987 -10.4913
3.987 10.4913
3.988 -10.4947
3.988 10.4947
3.989 -10.4981
3.989 10.4981
3.99 -10.5015
3.99 10.5015
3.991 -10.5049
3.991 10.5049
3.992 -10.5083
3.992 10.5083
3.993 -10.5117
3.993 10.5117
3.994 -10.5152
3.994 10.5152
3.995 -10.5186
3.995 10.5186
3.996 -10.522
3.996 10.522
3.997 -10.5254
3.997 10.5254
3.998 -10.5288
3.998 10.5288
3.999 -10.5322
3.999 10.5322
4 -10.5357
4 10.5357
4.001 -10.5391
4.001 10.5391
4.002 -10.5425
4.002 10.5425
4.003 -10.5459
4.003 10.5459
4.004 -10.5493
4.004 10.5493
4.005 -10.5527
4.005 10.5527
4.006 -10.5562
4.006 10.5562
4.007 -10.5596
4.007 10.5596
4.008 -10.563
4.008 10.563
4.009 -10.5664
4.009 10.5664
4.01 -10.5698
4.01 10.5698
4.011 -10.5733
4.011 10.5733
4.012 -10.5767
4.012 10.5767
4.013 -10.5801
4.013 10.5801
4.014 -10.5835
4.014 10.5835
4.015 -10.5869
4.015 10.5869
4.016 -10.5904
4.016 10.5904
4.017 -10.5938
4.017 10.5938
4.018 -10.5972
4.018 10.5972
4.019 -10.6006
4.019 10.6006
4.02 -10.6041
4.02 10.6041
4.021 -10.6075
4.021 10.6075
4.022 -10.6109
4.022 10.6109
4.023 -10.6143
4.023 10.6143
4.024 -10.6178
4.024 10.6178
4.025 -10.6212
4.025 10.6212
4.026 -10.6246
4.026 10.6246
4.027 -10.628
4.027 10.628
4.028 -10.6315
4.028 10.6315
4.029 -10.6349
4.029 10.6349
4.03 -10.6383
4.03 10.6383
4.031 -10.6417
4.031 10.6417
4.032 -10.6452
4.032 10.6452
4.033 -10.6486
4.033 10.6486
4.034 -10.652
4.034 10.652
4.035 -10.6554
4.035 10.6554
4.036 -10.6589
4.036 10.6589
4.037 -10.6623
4.037 10.6623
4.038 -10.6657
4.038 10.6657
4.039 -10.6692
4.039 10.6692
4.04 -10.6726
4.04 10.6726
4.041 -10.676
4.041 10.676
4.042 -10.6794
4.042 10.6794
4.043 -10.6829
4.043 10.6829
4.044 -10.6863
4.044 10.6863
4.045 -10.6897
4.045 10.6897
4.046 -10.6932
4.046 10.6932
4.047 -10.6966
4.047 10.6966
4.048 -10.7
4.048 10.7
4.049 -10.7035
4.049 10.7035
4.05 -10.7069
4.05 10.7069
4.051 -10.7103
4.051 10.7103
4.052 -10.7138
4.052 10.7138
4.053 -10.7172
4.053 10.7172
4.054 -10.7206
4.054 10.7206
4.055 -10.7241
4.055 10.7241
4.056 -10.7275
4.056 10.7275
4.057 -10.7309
4.057 10.7309
4.058 -10.7344
4.058 10.7344
4.059 -10.7378
4.059 10.7378
4.06 -10.7412
4.06 10.7412
4.061 -10.7447
4.061 10.7447
4.062 -10.7481
4.062 10.7481
4.063 -10.7515
4.063 10.7515
4.064 -10.755
4.064 10.755
4.065 -10.7584
4.065 10.7584
4.066 -10.7619
4.066 10.7619
4.067 -10.7653
4.067 10.7653
4.068 -10.7687
4.068 10.7687
4.069 -10.7722
4.069 10.7722
4.07 -10.7756
4.07 10.7756
4.071 -10.7791
4.071 10.7791
4.072 -10.7825
4.072 10.7825
4.073 -10.7859
4.073 10.7859
4.074 -10.7894
4.074 10.7894
4.075 -10.7928
4.075 10.7928
4.076 -10.7963
4.076 10.7963
4.077 -10.7997
4.077 10.7997
4.078 -10.8031
4.078 10.8031
4.079 -10.8066
4.079 10.8066
4.08 -10.81
4.08 10.81
4.081 -10.8135
4.081 10.8135
4.082 -10.8169
4.082 10.8169
4.083 -10.8203
4.083 10.8203
4.084 -10.8238
4.084 10.8238
4.085 -10.8272
4.085 10.8272
4.086 -10.8307
4.086 10.8307
4.087 -10.8341
4.087 10.8341
4.088 -10.8376
4.088 10.8376
4.089 -10.841
4.089 10.841
4.09 -10.8445
4.09 10.8445
4.091 -10.8479
4.091 10.8479
4.092 -10.8513
4.092 10.8513
4.093 -10.8548
4.093 10.8548
4.094 -10.8582
4.094 10.8582
4.095 -10.8617
4.095 10.8617
4.096 -10.8651
4.096 10.8651
4.097 -10.8686
4.097 10.8686
4.098 -10.872
4.098 10.872
4.099 -10.8755
4.099 10.8755
4.1 -10.8789
4.1 10.8789
4.101 -10.8824
4.101 10.8824
4.102 -10.8858
4.102 10.8858
4.103 -10.8893
4.103 10.8893
4.104 -10.8927
4.104 10.8927
4.105 -10.8962
4.105 10.8962
4.106 -10.8996
4.106 10.8996
4.107 -10.9031
4.107 10.9031
4.108 -10.9065
4.108 10.9065
4.109 -10.91
4.109 10.91
4.11 -10.9134
4.11 10.9134
4.111 -10.9169
4.111 10.9169
4.112 -10.9203
4.112 10.9203
4.113 -10.9238
4.113 10.9238
4.114 -10.9272
4.114 10.9272
4.115 -10.9307
4.115 10.9307
4.116 -10.9341
4.116 10.9341
4.117 -10.9376
4.117 10.9376
4.118 -10.941
4.118 10.941
4.119 -10.9445
4.119 10.9445
4.12 -10.948
4.12 10.948
4.121 -10.9514
4.121 10.9514
4.122 -10.9549
4.122 10.9549
4.123 -10.9583
4.123 10.9583
4.124 -10.9618
4.124 10.9618
4.125 -10.9652
4.125 10.9652
4.126 -10.9687
4.126 10.9687
4.127 -10.9721
4.127 10.9721
4.128 -10.9756
4.128 10.9756
4.129 -10.9791
4.129 10.9791
4.13 -10.9825
4.13 10.9825
4.131 -10.986
4.131 10.986
4.132 -10.9894
4.132 10.9894
4.133 -10.9929
4.133 10.9929
4.134 -10.9964
4.134 10.9964
4.135 -10.9998
4.135 10.9998
4.136 -11.0033
4.136 11.0033
4.137 -11.0067
4.137 11.0067
4.138 -11.0102
4.138 11.0102
4.139 -11.0137
4.139 11.0137
4.14 -11.0171
4.14 11.0171
4.141 -11.0206
4.141 11.0206
4.142 -11.024
4.142 11.024
4.143 -11.0275
4.143 11.0275
4.144 -11.031
4.144 11.031
4.145 -11.0344
4.145 11.0344
4.146 -11.0379
4.146 11.0379
4.147 -11.0413
4.147 11.0413
4.148 -11.0448
4.148 11.0448
4.149 -11.0483
4.149 11.0483
4.15 -11.0517
4.15 11.0517
4.151 -11.0552
4.151 11.0552
4.152 -11.0587
4.152 11.0587
4.153 -11.0621
4.153 11.0621
4.154 -11.0656
4.154 11.0656
4.155 -11.0691
4.155 11.0691
4.156 -11.0725
4.156 11.0725
4.157 -11.076
4.157 11.076
4.158 -11.0795
4.158 11.0795
4.159 -11.0829
4.159 11.0829
4.16 -11.0864
4.16 11.0864
4.161 -11.0899
4.161 11.0899
4.162 -11.0933
4.162 11.0933
4.163 -11.0968
4.163 11.0968
4.164 -11.1003
4.164 11.1003
4.165 -11.1037
4.165 11.1037
4.166 -11.1072
4.166 11.1072
4.167 -11.1107
4.167 11.1107
4.168 -11.1141
4.168 11.1141
4.169 -11.1176
4.169 11.1176
4.17 -11.1211
4.17 11.1211
4.171 -11.1246
4.171 11.1246
4.172 -11.128
4.172 11.128
4.173 -11.1315
4.173 11.1315
4.174 -11.135
4.174 11.135
4.175 -11.1384
4.175 11.1384
4.176 -11.1419
4.176 11.1419
4.177 -11.1454
4.177 11.1454
4.178 -11.1489
4.178 11.1489
4.179 -11.1523
4.179 11.1523
4.18 -11.1558
4.18 11.1558
4.181 -11.1593
4.181 11.1593
4.182 -11.1627
4.182 11.1627
4.183 -11.1662
4.183 11.1662
4.184 -11.1697
4.184 11.1697
4.185 -11.1732
4.185 11.1732
4.186 -11.1766
4.186 11.1766
4.187 -11.1801
4.187 11.1801
4.188 -11.1836
4.188 11.1836
4.189 -11.1871
4.189 11.1871
4.19 -11.1905
4.19 11.1905
4.191 -11.194
4.191 11.194
4.192 -11.1975
4.192 11.1975
4.193 -11.201
4.193 11.201
4.194 -11.2045
4.194 11.2045
4.195 -11.2079
4.195 11.2079
4.196 -11.2114
4.196 11.2114
4.197 -11.2149
4.197 11.2149
4.198 -11.2184
4.198 11.2184
4.199 -11.2218
4.199 11.2218
4.2 -11.2253
4.2 11.2253
4.201 -11.2288
4.201 11.2288
4.202 -11.2323
4.202 11.2323
4.203 -11.2358
4.203 11.2358
4.204 -11.2392
4.204 11.2392
4.205 -11.2427
4.205 11.2427
4.206 -11.2462
4.206 11.2462
4.207 -11.2497
4.207 11.2497
4.208 -11.2532
4.208 11.2532
4.209 -11.2567
4.209 11.2567
4.21 -11.2601
4.21 11.2601
4.211 -11.2636
4.211 11.2636
4.212 -11.2671
4.212 11.2671
4.213 -11.2706
4.213 11.2706
4.214 -11.2741
4.214 11.2741
4.215 -11.2776
4.215 11.2776
4.216 -11.281
4.216 11.281
4.217 -11.2845
4.217 11.2845
4.218 -11.288
4.218 11.288
4.219 -11.2915
4.219 11.2915
4.22 -11.295
4.22 11.295
4.221 -11.2985
4.221 11.2985
4.222 -11.302
4.222 11.302
4.223 -11.3054
4.223 11.3054
4.224 -11.3089
4.224 11.3089
4.225 -11.3124
4.225 11.3124
4.226 -11.3159
4.226 11.3159
4.227 -11.3194
4.227 11.3194
4.228 -11.3229
4.228 11.3229
4.229 -11.3264
4.229 11.3264
4.23 -11.3299
4.23 11.3299
4.231 -11.3333
4.231 11.3333
4.232 -11.3368
4.232 11.3368
4.233 -11.3403
4.233 11.3403
4.234 -11.3438
4.234 11.3438
4.235 -11.3473
4.235 11.3473
4.236 -11.3508
4.236 11.3508
4.237 -11.3543
4.237 11.3543
4.238 -11.3578
4.238 11.3578
4.239 -11.3613
4.239 11.3613
4.24 -11.3648
4.24 11.3648
4.241 -11.3683
4.241 11.3683
4.242 -11.3717
4.242 11.3717
4.243 -11.3752
4.243 11.3752
4.244 -11.3787
4.244 11.3787
4.245 -11.3822
4.245 11.3822
4.246 -11.3857
4.246 11.3857
4.247 -11.3892
4.247 11.3892
4.248 -11.3927
4.248 11.3927
4.249 -11.3962
4.249 11.3962
4.25 -11.3997
4.25 11.3997
4.251 -11.4032
4.251 11.4032
4.252 -11.4067
4.252 11.4067
4.253 -11.4102
4.253 11.4102
4.254 -11.4137
4.254 11.4137
4.255 -11.4172
4.255 11.4172
4.256 -11.4207
4.256 11.4207
4.257 -11.4242
4.257 11.4242
4.258 -11.4277
4.258 11.4277
4.259 -11.4312
4.259 11.4312
4.26 -11.4347
4.26 11.4347
4.261 -11.4382
4.261 11.4382
4.262 -11.4417
4.262 11.4417
4.263 -11.4452
4.263 11.4452
4.264 -11.4487
4.264 11.4487
4.265 -11.4522
4.265 11.4522
4.266 -11.4557
4.266 11.4557
4.267 -11.4592
4.267 11.4592
4.268 -11.4627
4.268 11.4627
4.269 -11.4662
4.269 11.4662
4.27 -11.4697
4.27 11.4697
4.271 -11.4732
4.271 11.4732
4.272 -11.4767
4.272 11.4767
4.273 -11.4802
4.273 11.4802
4.274 -11.4837
4.274 11.4837
4.275 -11.4872
4.275 11.4872
4.276 -11.4907
4.276 11.4907
4.277 -11.4942
4.277 11.4942
4.278 -11.4977
4.278 11.4977
4.279 -11.5012
4.279 11.5012
4.28 -11.5047
4.28 11.5047
4.281 -11.5082
4.281 11.5082
4.282 -11.5117
4.282 11.5117
4.283 -11.5152
4.283 11.5152
4.284 -11.5187
4.284 11.5187
4.285 -11.5222
4.285 11.5222
4.286 -11.5257
4.286 11.5257
4.287 -11.5292
4.287 11.5292
4.288 -11.5327
4.288 11.5327
4.289 -11.5362
4.289 11.5362
4.29 -11.5398
4.29 11.5398
4.291 -11.5433
4.291 11.5433
4.292 -11.5468
4.292 11.5468
4.293 -11.5503
4.293 11.5503
4.294 -11.5538
4.294 11.5538
4.295 -11.5573
4.295 11.5573
4.296 -11.5608
4.296 11.5608
4.297 -11.5643
4.297 11.5643
4.298 -11.5678
4.298 11.5678
4.299 -11.5713
4.299 11.5713
4.3 -11.5748
4.3 11.5748
4.301 -11.5784
4.301 11.5784
4.302 -11.5819
4.302 11.5819
4.303 -11.5854
4.303 11.5854
4.304 -11.5889
4.304 11.5889
4.305 -11.5924
4.305 11.5924
4.306 -11.5959
4.306 11.5959
4.307 -11.5994
4.307 11.5994
4.308 -11.6029
4.308 11.6029
4.309 -11.6065
4.309 11.6065
4.31 -11.61
4.31 11.61
4.311 -11.6135
4.311 11.6135
4.312 -11.617
4.312 11.617
4.313 -11.6205
4.313 11.6205
4.314 -11.624
4.314 11.624
4.315 -11.6275
4.315 11.6275
4.316 -11.6311
4.316 11.6311
4.317 -11.6346
4.317 11.6346
4.318 -11.6381
4.318 11.6381
4.319 -11.6416
4.319 11.6416
4.32 -11.6451
4.32 11.6451
4.321 -11.6486
4.321 11.6486
4.322 -11.6522
4.322 11.6522
4.323 -11.6557
4.323 11.6557
4.324 -11.6592
4.324 11.6592
4.325 -11.6627
4.325 11.6627
4.326 -11.6662
4.326 11.6662
4.327 -11.6697
4.327 11.6697
4.328 -11.6733
4.328 11.6733
4.329 -11.6768
4.329 11.6768
4.33 -11.6803
4.33 11.6803
4.331 -11.6838
4.331 11.6838
4.332 -11.6873
4.332 11.6873
4.333 -11.6909
4.333 11.6909
4.334 -11.6944
4.334 11.6944
4.335 -11.6979
4.335 11.6979
4.336 -11.7014
4.336 11.7014
4.337 -11.7049
4.337 11.7049
4.338 -11.7085
4.338 11.7085
4.339 -11.712
4.339 11.712
4.34 -11.7155
4.34 11.7155
4.341 -11.719
4.341 11.719
4.342 -11.7226
4.342 11.7226
4.343 -11.7261
4.343 11.7261
4.344 -11.7296
4.344 11.7296
4.345 -11.7331
4.345 11.7331
4.346 -11.7367
4.346 11.7367
4.347 -11.7402
4.347 11.7402
4.348 -11.7437
4.348 11.7437
4.349 -11.7472
4.349 11.7472
4.35 -11.7508
4.35 11.7508
4.351 -11.7543
4.351 11.7543
4.352 -11.7578
4.352 11.7578
4.353 -11.7613
4.353 11.7613
4.354 -11.7649
4.354 11.7649
4.355 -11.7684
4.355 11.7684
4.356 -11.7719
4.356 11.7719
4.357 -11.7755
4.357 11.7755
4.358 -11.779
4.358 11.779
4.359 -11.7825
4.359 11.7825
4.36 -11.786
4.36 11.786
4.361 -11.7896
4.361 11.7896
4.362 -11.7931
4.362 11.7931
4.363 -11.7966
4.363 11.7966
4.364 -11.8002
4.364 11.8002
4.365 -11.8037
4.365 11.8037
4.366 -11.8072
4.366 11.8072
4.367 -11.8107
4.367 11.8107
4.368 -11.8143
4.368 11.8143
4.369 -11.8178
4.369 11.8178
4.37 -11.8213
4.37 11.8213
4.371 -11.8249
4.371 11.8249
4.372 -11.8284
4.372 11.8284
4.373 -11.8319
4.373 11.8319
4.374 -11.8355
4.374 11.8355
4.375 -11.839
4.375 11.839
4.376 -11.8425
4.376 11.8425
4.377 -11.8461
4.377 11.8461
4.378 -11.8496
4.378 11.8496
4.379 -11.8531
4.379 11.8531
4.38 -11.8567
4.38 11.8567
4.381 -11.8602
4.381 11.8602
4.382 -11.8638
4.382 11.8638
4.383 -11.8673
4.383 11.8673
4.384 -11.8708
4.384 11.8708
4.385 -11.8744
4.385 11.8744
4.386 -11.8779
4.386 11.8779
4.387 -11.8814
4.387 11.8814
4.388 -11.885
4.388 11.885
4.389 -11.8885
4.389 11.8885
4.39 -11.892
4.39 11.892
4.391 -11.8956
4.391 11.8956
4.392 -11.8991
4.392 11.8991
4.393 -11.9027
4.393 11.9027
4.394 -11.9062
4.394 11.9062
4.395 -11.9097
4.395 11.9097
4.396 -11.9133
4.396 11.9133
4.397 -11.9168
4.397 11.9168
4.398 -11.9204
4.398 11.9204
4.399 -11.9239
4.399 11.9239
4.4 -11.9274
4.4 11.9274
4.401 -11.931
4.401 11.931
4.402 -11.9345
4.402 11.9345
4.403 -11.9381
4.403 11.9381
4.404 -11.9416
4.404 11.9416
4.405 -11.9452
4.405 11.9452
4.406 -11.9487
4.406 11.9487
4.407 -11.9522
4.407 11.9522
4.408 -11.9558
4.408 11.9558
4.409 -11.9593
4.409 11.9593
4.41 -11.9629
4.41 11.9629
4.411 -11.9664
4.411 11.9664
4.412 -11.97
4.412 11.97
4.413 -11.9735
4.413 11.9735
4.414 -11.9771
4.414 11.9771
4.415 -11.9806
4.415 11.9806
4.416 -11.9841
4.416 11.9841
4.417 -11.9877
4.417 11.9877
4.418 -11.9912
4.418 11.9912
4.419 -11.9948
4.419 11.9948
4.42 -11.9983
4.42 11.9983
4.421 -12.0019
4.421 12.0019
4.422 -12.0054
4.422 12.0054
4.423 -12.009
4.423 12.009
4.424 -12.0125
4.424 12.0125
4.425 -12.0161
4.425 12.0161
4.426 -12.0196
4.426 12.0196
4.427 -12.0232
4.427 12.0232
4.428 -12.0267
4.428 12.0267
4.429 -12.0303
4.429 12.0303
4.43 -12.0338
4.43 12.0338
4.431 -12.0374
4.431 12.0374
4.432 -12.0409
4.432 12.0409
4.433 -12.0445
4.433 12.0445
4.434 -12.048
4.434 12.048
4.435 -12.0516
4.435 12.0516
4.436 -12.0551
4.436 12.0551
4.437 -12.0587
4.437 12.0587
4.438 -12.0622
4.438 12.0622
4.439 -12.0658
4.439 12.0658
4.44 -12.0693
4.44 12.0693
4.441 -12.0729
4.441 12.0729
4.442 -12.0765
4.442 12.0765
4.443 -12.08
4.443 12.08
4.444 -12.0836
4.444 12.0836
4.445 -12.0871
4.445 12.0871
4.446 -12.0907
4.446 12.0907
4.447 -12.0942
4.447 12.0942
4.448 -12.0978
4.448 12.0978
4.449 -12.1013
4.449 12.1013
4.45 -12.1049
4.45 12.1049
4.451 -12.1085
4.451 12.1085
4.452 -12.112
4.452 12.112
4.453 -12.1156
4.453 12.1156
4.454 -12.1191
4.454 12.1191
4.455 -12.1227
4.455 12.1227
4.456 -12.1262
4.456 12.1262
4.457 -12.1298
4.457 12.1298
4.458 -12.1334
4.458 12.1334
4.459 -12.1369
4.459 12.1369
4.46 -12.1405
4.46 12.1405
4.461 -12.144
4.461 12.144
4.462 -12.1476
4.462 12.1476
4.463 -12.1512
4.463 12.1512
4.464 -12.1547
4.464 12.1547
4.465 -12.1583
4.465 12.1583
4.466 -12.1618
4.466 12.1618
4.467 -12.1654
4.467 12.1654
4.468 -12.169
4.468 12.169
4.469 -12.1725
4.469 12.1725
4.47 -12.1761
4.47 12.1761
4.471 -12.1797
4.471 12.1797
4.472 -12.1832
4.472 12.1832
4.473 -12.1868
4.473 12.1868
4.474 -12.1904
4.474 12.1904
4.475 -12.1939
4.475 12.1939
4.476 -12.1975
4.476 12.1975
4.477 -12.201
4.477 12.201
4.478 -12.2046
4.478 12.2046
4.479 -12.2082
4.479 12.2082
4.48 -12.2117
4.48 12.2117
4.481 -12.2153
4.481 12.2153
4.482 -12.2189
4.482 12.2189
4.483 -12.2224
4.483 12.2224
4.484 -12.226
4.484 12.226
4.485 -12.2296
4.485 12.2296
4.486 -12.2331
4.486 12.2331
4.487 -12.2367
4.487 12.2367
4.488 -12.2403
4.488 12.2403
4.489 -12.2438
4.489 12.2438
4.49 -12.2474
4.49 12.2474
4.491 -12.251
4.491 12.251
4.492 -12.2546
4.492 12.2546
4.493 -12.2581
4.493 12.2581
4.494 -12.2617
4.494 12.2617
4.495 -12.2653
4.495 12.2653
4.496 -12.2688
4.496 12.2688
4.497 -12.2724
4.497 12.2724
4.498 -12.276
4.498 12.276
4.499 -12.2795
4.499 12.2795
4.5 -12.2831
4.5 12.2831
4.501 -12.2867
4.501 12.2867
4.502 -12.2903
4.502 12.2903
4.503 -12.2938
4.503 12.2938
4.504 -12.2974
4.504 12.2974
4.505 -12.301
4.505 12.301
4.506 -12.3046
4.506 12.3046
4.507 -12.3081
4.507 12.3081
4.508 -12.3117
4.508 12.3117
4.509 -12.3153
4.509 12.3153
4.51 -12.3189
4.51 12.3189
4.511 -12.3224
4.511 12.3224
4.512 -12.326
4.512 12.326
4.513 -12.3296
4.513 12.3296
4.514 -12.3332
4.514 12.3332
4.515 -12.3367
4.515 12.3367
4.516 -12.3403
4.516 12.3403
4.517 -12.3439
4.517 12.3439
4.518 -12.3475
4.518 12.3475
4.519 -12.351
4.519 12.351
4.52 -12.3546
4.52 12.3546
4.521 -12.3582
4.521 12.3582
4.522 -12.3618
4.522 12.3618
4.523 -12.3654
4.523 12.3654
4.524 -12.3689
4.524 12.3689
4.525 -12.3725
4.525 12.3725
4.526 -12.3761
4.526 12.3761
4.527 -12.3797
4.527 12.3797
4.528 -12.3833
4.528 12.3833
4.529 -12.3868
4.529 12.3868
4.53 -12.3904
4.53 12.3904
4.531 -12.394
4.531 12.394
4.532 -12.3976
4.532 12.3976
4.533 -12.4012
4.533 12.4012
4.534 -12.4047
4.534 12.4047
4.535 -12.4083
4.535 12.4083
4.536 -12.4119
4.536 12.4119
4.537 -12.4155
4.537 12.4155
4.538 -12.4191
4.538 12.4191
4.539 -12.4227
4.539 12.4227
4.54 -12.4262
4.54 12.4262
4.541 -12.4298
4.541 12.4298
4.542 -12.4334
4.542 12.4334
4.543 -12.437
4.543 12.437
4.544 -12.4406
4.544 12.4406
4.545 -12.4442
4.545 12.4442
4.546 -12.4478
4.546 12.4478
4.547 -12.4513
4.547 12.4513
4.548 -12.4549
4.548 12.4549
4.549 -12.4585
4.549 12.4585
4.55 -12.4621
4.55 12.4621
4.551 -12.4657
4.551 12.4657
4.552 -12.4693
4.552 12.4693
4.553 -12.4729
4.553 12.4729
4.554 -12.4764
4.554 12.4764
4.555 -12.48
4.555 12.48
4.556 -12.4836
4.556 12.4836
4.557 -12.4872
4.557 12.4872
4.558 -12.4908
4.558 12.4908
4.559 -12.4944
4.559 12.4944
4.56 -12.498
4.56 12.498
4.561 -12.5016
4.561 12.5016
4.562 -12.5052
4.562 12.5052
4.563 -12.5088
4.563 12.5088
4.564 -12.5123
4.564 12.5123
4.565 -12.5159
4.565 12.5159
4.566 -12.5195
4.566 12.5195
4.567 -12.5231
4.567 12.5231
4.568 -12.5267
4.568 12.5267
4.569 -12.5303
4.569 12.5303
4.57 -12.5339
4.57 12.5339
4.571 -12.5375
4.571 12.5375
4.572 -12.5411
4.572 12.5411
4.573 -12.5447
4.573 12.5447
4.574 -12.5483
4.574 12.5483
4.575 -12.5519
4.575 12.5519
4.576 -12.5555
4.576 12.5555
4.577 -12.5591
4.577 12.5591
4.578 -12.5627
4.578 12.5627
4.579 -12.5663
4.579 12.5663
4.58 -12.5698
4.58 12.5698
4.581 -12.5734
4.581 12.5734
4.582 -12.577
4.582 12.577
4.583 -12.5806
4.583 12.5806
4.584 -12.5842
4.584 12.5842
4.585 -12.5878
4.585 12.5878
4.586 -12.5914
4.586 12.5914
4.587 -12.595
4.587 12.595
4.588 -12.5986
4.588 12.5986
4.589 -12.6022
4.589 12.6022
4.59 -12.6058
4.59 12.6058
4.591 -12.6094
4.591 12.6094
4.592 -12.613
4.592 12.613
4.593 -12.6166
4.593 12.6166
4.594 -12.6202
4.594 12.6202
4.595 -12.6238
4.595 12.6238
4.596 -12.6274
4.596 12.6274
4.597 -12.631
4.597 12.631
4.598 -12.6346
4.598 12.6346
4.599 -12.6382
4.599 12.6382
4.6 -12.6418
4.6 12.6418
4.601 -12.6454
4.601 12.6454
4.602 -12.649
4.602 12.649
4.603 -12.6526
4.603 12.6526
4.604 -12.6562
4.604 12.6562
4.605 -12.6599
4.605 12.6599
4.606 -12.6635
4.606 12.6635
4.607 -12.6671
4.607 12.6671
4.608 -12.6707
4.608 12.6707
4.609 -12.6743
4.609 12.6743
4.61 -12.6779
4.61 12.6779
4.611 -12.6815
4.611 12.6815
4.612 -12.6851
4.612 12.6851
4.613 -12.6887
4.613 12.6887
4.614 -12.6923
4.614 12.6923
4.615 -12.6959
4.615 12.6959
4.616 -12.6995
4.616 12.6995
4.617 -12.7031
4.617 12.7031
4.618 -12.7067
4.618 12.7067
4.619 -12.7103
4.619 12.7103
4.62 -12.7139
4.62 12.7139
4.621 -12.7176
4.621 12.7176
4.622 -12.7212
4.622 12.7212
4.623 -12.7248
4.623 12.7248
4.624 -12.7284
4.624 12.7284
4.625 -12.732
4.625 12.732
4.626 -12.7356
4.626 12.7356
4.627 -12.7392
4.627 12.7392
4.628 -12.7428
4.628 12.7428
4.629 -12.7464
4.629 12.7464
4.63 -12.75
4.63 12.75
4.631 -12.7537
4.631 12.7537
4.632 -12.7573
4.632 12.7573
4.633 -12.7609
4.633 12.7609
4.634 -12.7645
4.634 12.7645
4.635 -12.7681
4.635 12.7681
4.636 -12.7717
4.636 12.7717
4.637 -12.7753
4.637 12.7753
4.638 -12.7789
4.638 12.7789
4.639 -12.7826
4.639 12.7826
4.64 -12.7862
4.64 12.7862
4.641 -12.7898
4.641 12.7898
4.642 -12.7934
4.642 12.7934
4.643 -12.797
4.643 12.797
4.644 -12.8006
4.644 12.8006
4.645 -12.8042
4.645 12.8042
4.646 -12.8079
4.646 12.8079
4.647 -12.8115
4.647 12.8115
4.648 -12.8151
4.648 12.8151
4.649 -12.8187
4.649 12.8187
4.65 -12.8223
4.65 12.8223
4.651 -12.8259
4.651 12.8259
4.652 -12.8296
4.652 12.8296
4.653 -12.8332
4.653 12.8332
4.654 -12.8368
4.654 12.8368
4.655 -12.8404
4.655 12.8404
4.656 -12.844
4.656 12.844
4.657 -12.8477
4.657 12.8477
4.658 -12.8513
4.658 12.8513
4.659 -12.8549
4.659 12.8549
4.66 -12.8585
4.66 12.8585
4.661 -12.8621
4.661 12.8621
4.662 -12.8658
4.662 12.8658
4.663 -12.8694
4.663 12.8694
4.664 -12.873
4.664 12.873
4.665 -12.8766
4.665 12.8766
4.666 -12.8802
4.666 12.8802
4.667 -12.8839
4.667 12.8839
4.668 -12.8875
4.668 12.8875
4.669 -12.8911
4.669 12.8911
4.67 -12.8947
4.67 12.8947
4.671 -12.8984
4.671 12.8984
4.672 -12.902
4.672 12.902
4.673 -12.9056
4.673 12.9056
4.674 -12.9092
4.674 12.9092
4.675 -12.9129
4.675 12.9129
4.676 -12.9165
4.676 12.9165
4.677 -12.9201
4.677 12.9201
4.678 -12.9237
4.678 12.9237
4.679 -12.9274
4.679 12.9274
4.68 -12.931
4.68 12.931
4.681 -12.9346
4.681 12.9346
4.682 -12.9382
4.682 12.9382
4.683 -12.9419
4.683 12.9419
4.684 -12.9455
4.684 12.9455
4.685 -12.9491
4.685 12.9491
4.686 -12.9528
4.686 12.9528
4.687 -12.9564
4.687 12.9564
4.688 -12.96
4.688 12.96
4.689 -12.9636
4.689 12.9636
4.69 -12.9673
4.69 12.9673
4.691 -12.9709
4.691 12.9709
4.692 -12.9745
4.692 12.9745
4.693 -12.9782
4.693 12.9782
4.694 -12.9818
4.694 12.9818
4.695 -12.9854
4.695 12.9854
4.696 -12.989
4.696 12.989
4.697 -12.9927
4.697 12.9927
4.698 -12.9963
4.698 12.9963
4.699 -12.9999
4.699 12.9999
4.7 -13.0036
4.7 13.0036
4.701 -13.0072
4.701 13.0072
4.702 -13.0108
4.702 13.0108
4.703 -13.0145
4.703 13.0145
4.704 -13.0181
4.704 13.0181
4.705 -13.0217
4.705 13.0217
4.706 -13.0254
4.706 13.0254
4.707 -13.029
4.707 13.029
4.708 -13.0326
4.708 13.0326
4.709 -13.0363
4.709 13.0363
4.71 -13.0399
4.71 13.0399
4.711 -13.0436
4.711 13.0436
4.712 -13.0472
4.712 13.0472
4.713 -13.0508
4.713 13.0508
4.714 -13.0545
4.714 13.0545
4.715 -13.0581
4.715 13.0581
4.716 -13.0617
4.716 13.0617
4.717 -13.0654
4.717 13.0654
4.718 -13.069
4.718 13.069
4.719 -13.0726
4.719 13.0726
4.72 -13.0763
4.72 13.0763
4.721 -13.0799
4.721 13.0799
4.722 -13.0836
4.722 13.0836
4.723 -13.0872
4.723 13.0872
4.724 -13.0908
4.724 13.0908
4.725 -13.0945
4.725 13.0945
4.726 -13.0981
4.726 13.0981
4.727 -13.1018
4.727 13.1018
4.728 -13.1054
4.728 13.1054
4.729 -13.109
4.729 13.109
4.73 -13.1127
4.73 13.1127
4.731 -13.1163
4.731 13.1163
4.732 -13.12
4.732 13.12
4.733 -13.1236
4.733 13.1236
4.734 -13.1273
4.734 13.1273
4.735 -13.1309
4.735 13.1309
4.736 -13.1345
4.736 13.1345
4.737 -13.1382
4.737 13.1382
4.738 -13.1418
4.738 13.1418
4.739 -13.1455
4.739 13.1455
4.74 -13.1491
4.74 13.1491
4.741 -13.1528
4.741 13.1528
4.742 -13.1564
4.742 13.1564
4.743 -13.16
4.743 13.16
4.744 -13.1637
4.744 13.1637
4.745 -13.1673
4.745 13.1673
4.746 -13.171
4.746 13.171
4.747 -13.1746
4.747 13.1746
4.748 -13.1783
4.748 13.1783
4.749 -13.1819
4.749 13.1819
4.75 -13.1856
4.75 13.1856
4.751 -13.1892
4.751 13.1892
4.752 -13.1929
4.752 13.1929
4.753 -13.1965
4.753 13.1965
4.754 -13.2002
4.754 13.2002
4.755 -13.2038
4.755 13.2038
4.756 -13.2075
4.756 13.2075
4.757 -13.2111
4.757 13.2111
4.758 -13.2148
4.758 13.2148
4.759 -13.2184
4.759 13.2184
4.76 -13.2221
4.76 13.2221
4.761 -13.2257
4.761 13.2257
4.762 -13.2294
4.762 13.2294
4.763 -13.233
4.763 13.233
4.764 -13.2367
4.764 13.2367
4.765 -13.2403
4.765 13.2403
4.766 -13.244
4.766 13.244
4.767 -13.2476
4.767 13.2476
4.768 -13.2513
4.768 13.2513
4.769 -13.2549
4.769 13.2549
4.77 -13.2586
4.77 13.2586
4.771 -13.2622
4.771 13.2622
4.772 -13.2659
4.772 13.2659
4.773 -13.2695
4.773 13.2695
4.774 -13.2732
4.774 13.2732
4.775 -13.2769
4.775 13.2769
4.776 -13.2805
4.776 13.2805
4.777 -13.2842
4.777 13.2842
4.778 -13.2878
4.778 13.2878
4.779 -13.2915
4.779 13.2915
4.78 -13.2951
4.78 13.2951
4.781 -13.2988
4.781 13.2988
4.782 -13.3024
4.782 13.3024
4.783 -13.3061
4.783 13.3061
4.784 -13.3098
4.784 13.3098
4.785 -13.3134
4.785 13.3134
4.786 -13.3171
4.786 13.3171
4.787 -13.3207
4.787 13.3207
4.788 -13.3244
4.788 13.3244
4.789 -13.3281
4.789 13.3281
4.79 -13.3317
4.79 13.3317
4.791 -13.3354
4.791 13.3354
4.792 -13.339
4.792 13.339
4.793 -13.3427
4.793 13.3427
4.794 -13.3464
4.794 13.3464
4.795 -13.35
4.795 13.35
4.796 -13.3537
4.796 13.3537
4.797 -13.3573
4.797 13.3573
4.798 -13.361
4.798 13.361
4.799 -13.3647
4.799 13.3647
4.8 -13.3683
4.8 13.3683
4.801 -13.372
4.801 13.372
4.802 -13.3756
4.802 13.3756
4.803 -13.3793
4.803 13.3793
4.804 -13.383
4.804 13.383
4.805 -13.3866
4.805 13.3866
4.806 -13.3903
4.806 13.3903
4.807 -13.394
4.807 13.394
4.808 -13.3976
4.808 13.3976
4.809 -13.4013
4.809 13.4013
4.81 -13.405
4.81 13.405
4.811 -13.4086
4.811 13.4086
4.812 -13.4123
4.812 13.4123
4.813 -13.416
4.813 13.416
4.814 -13.4196
4.814 13.4196
4.815 -13.4233
4.815 13.4233
4.816 -13.427
4.816 13.427
4.817 -13.4306
4.817 13.4306
4.818 -13.4343
4.818 13.4343
4.819 -13.438
4.819 13.438
4.82 -13.4416
4.82 13.4416
4.821 -13.4453
4.821 13.4453
4.822 -13.449
4.822 13.449
4.823 -13.4526
4.823 13.4526
4.824 -13.4563
4.824 13.4563
4.825 -13.46
4.825 13.46
4.826 -13.4636
4.826 13.4636
4.827 -13.4673
4.827 13.4673
4.828 -13.471
4.828 13.471
4.829 -13.4747
4.829 13.4747
4.83 -13.4783
4.83 13.4783
4.831 -13.482
4.831 13.482
4.832 -13.4857
4.832 13.4857
4.833 -13.4893
4.833 13.4893
4.834 -13.493
4.834 13.493
4.835 -13.4967
4.835 13.4967
4.836 -13.5004
4.836 13.5004
4.837 -13.504
4.837 13.504
4.838 -13.5077
4.838 13.5077
4.839 -13.5114
4.839 13.5114
4.84 -13.5151
4.84 13.5151
4.841 -13.5187
4.841 13.5187
4.842 -13.5224
4.842 13.5224
4.843 -13.5261
4.843 13.5261
4.844 -13.5298
4.844 13.5298
4.845 -13.5334
4.845 13.5334
4.846 -13.5371
4.846 13.5371
4.847 -13.5408
4.847 13.5408
4.848 -13.5445
4.848 13.5445
4.849 -13.5481
4.849 13.5481
4.85 -13.5518
4.85 13.5518
4.851 -13.5555
4.851 13.5555
4.852 -13.5592
4.852 13.5592
4.853 -13.5628
4.853 13.5628
4.854 -13.5665
4.854 13.5665
4.855 -13.5702
4.855 13.5702
4.856 -13.5739
4.856 13.5739
4.857 -13.5776
4.857 13.5776
4.858 -13.5812
4.858 13.5812
4.859 -13.5849
4.859 13.5849
4.86 -13.5886
4.86 13.5886
4.861 -13.5923
4.861 13.5923
4.862 -13.596
4.862 13.596
4.863 -13.5996
4.863 13.5996
4.864 -13.6033
4.864 13.6033
4.865 -13.607
4.865 13.607
4.866 -13.6107
4.866 13.6107
4.867 -13.6144
4.867 13.6144
4.868 -13.6181
4.868 13.6181
4.869 -13.6217
4.869 13.6217
4.87 -13.6254
4.87 13.6254
4.871 -13.6291
4.871 13.6291
4.872 -13.6328
4.872 13.6328
4.873 -13.6365
4.873 13.6365
4.874 -13.6402
4.874 13.6402
4.875 -13.6438
4.875 13.6438
4.876 -13.6475
4.876 13.6475
4.877 -13.6512
4.877 13.6512
4.878 -13.6549
4.878 13.6549
4.879 -13.6586
4.879 13.6586
4.88 -13.6623
4.88 13.6623
4.881 -13.666
4.881 13.666
4.882 -13.6696
4.882 13.6696
4.883 -13.6733
4.883 13.6733
4.884 -13.677
4.884 13.677
4.885 -13.6807
4.885 13.6807
4.886 -13.6844
4.886 13.6844
4.887 -13.6881
4.887 13.6881
4.888 -13.6918
4.888 13.6918
4.889 -13.6955
4.889 13.6955
4.89 -13.6991
4.89 13.6991
4.891 -13.7028
4.891 13.7028
4.892 -13.7065
4.892 13.7065
4.893 -13.7102
4.893 13.7102
4.894 -13.7139
4.894 13.7139
4.895 -13.7176
4.895 13.7176
4.896 -13.7213
4.896 13.7213
4.897 -13.725
4.897 13.725
4.898 -13.7287
4.898 13.7287
4.899 -13.7324
4.899 13.7324
4.9 -13.736
4.9 13.736
4.901 -13.7397
4.901 13.7397
4.902 -13.7434
4.902 13.7434
4.903 -13.7471
4.903 13.7471
4.904 -13.7508
4.904 13.7508
4.905 -13.7545
4.905 13.7545
4.906 -13.7582
4.906 13.7582
4.907 -13.7619
4.907 13.7619
4.908 -13.7656
4.908 13.7656
4.909 -13.7693
4.909 13.7693
4.91 -13.773
4.91 13.773
4.911 -13.7767
4.911 13.7767
4.912 -13.7804
4.912 13.7804
4.913 -13.7841
4.913 13.7841
4.914 -13.7878
4.914 13.7878
4.915 -13.7915
4.915 13.7915
4.916 -13.7952
4.916 13.7952
4.917 -13.7989
4.917 13.7989
4.918 -13.8026
4.918 13.8026
4.919 -13.8063
4.919 13.8063
4.92 -13.8099
4.92 13.8099
4.921 -13.8136
4.921 13.8136
4.922 -13.8173
4.922 13.8173
4.923 -13.821
4.923 13.821
4.924 -13.8247
4.924 13.8247
4.925 -13.8284
4.925 13.8284
4.926 -13.8321
4.926 13.8321
4.927 -13.8358
4.927 13.8358
4.928 -13.8395
4.928 13.8395
4.929 -13.8432
4.929 13.8432
4.93 -13.8469
4.93 13.8469
4.931 -13.8506
4.931 13.8506
4.932 -13.8543
4.932 13.8543
4.933 -13.858
4.933 13.858
4.934 -13.8618
4.934 13.8618
4.935 -13.8655
4.935 13.8655
4.936 -13.8692
4.936 13.8692
4.937 -13.8729
4.937 13.8729
4.938 -13.8766
4.938 13.8766
4.939 -13.8803
4.939 13.8803
4.94 -13.884
4.94 13.884
4.941 -13.8877
4.941 13.8877
4.942 -13.8914
4.942 13.8914
4.943 -13.8951
4.943 13.8951
4.944 -13.8988
4.944 13.8988
4.945 -13.9025
4.945 13.9025
4.946 -13.9062
4.946 13.9062
4.947 -13.9099
4.947 13.9099
4.948 -13.9136
4.948 13.9136
4.949 -13.9173
4.949 13.9173
4.95 -13.921
4.95 13.921
4.951 -13.9247
4.951 13.9247
4.952 -13.9284
4.952 13.9284
4.953 -13.9321
4.953 13.9321
4.954 -13.9359
4.954 13.9359
4.955 -13.9396
4.955 13.9396
4.956 -13.9433
4.956 13.9433
4.957 -13.947
4.957 13.947
4.958 -13.9507
4.958 13.9507
4.959 -13.9544
4.959 13.9544
4.96 -13.9581
4.96 13.9581
4.961 -13.9618
4.961 13.9618
4.962 -13.9655
4.962 13.9655
4.963 -13.9692
4.963 13.9692
4.964 -13.9729
4.964 13.9729
4.965 -13.9767
4.965 13.9767
4.966 -13.9804
4.966 13.9804
4.967 -13.9841
4.967 13.9841
4.968 -13.9878
4.968 13.9878
4.969 -13.9915
4.969 13.9915
4.97 -13.9952
4.97 13.9952
4.971 -13.9989
4.971 13.9989
4.972 -14.0026
4.972 14.0026
4.973 -14.0064
4.973 14.0064
4.974 -14.0101
4.974 14.0101
4.975 -14.0138
4.975 14.0138
4.976 -14.0175
4.976 14.0175
4.977 -14.0212
4.977 14.0212
4.978 -14.0249
4.978 14.0249
4.979 -14.0286
4.979 14.0286
4.98 -14.0324
4.98 14.0324
4.981 -14.0361
4.981 14.0361
4.982 -14.0398
4.982 14.0398
4.983 -14.0435
4.983 14.0435
4.984 -14.0472
4.984 14.0472
4.985 -14.0509
4.985 14.0509
4.986 -14.0547
4.986 14.0547
4.987 -14.0584
4.987 14.0584
4.988 -14.0621
4.988 14.0621
4.989 -14.0658
4.989 14.0658
4.99 -14.0695
4.99 14.0695
4.991 -14.0733
4.991 14.0733
4.992 -14.077
4.992 14.077
4.993 -14.0807
4.993 14.0807
4.994 -14.0844
4.994 14.0844
4.995 -14.0881
4.995 14.0881
4.996 -14.0919
4.996 14.0919
4.997 -14.0956
4.997 14.0956
4.998 -14.0993
4.998 14.0993
4.999 -14.103
4.999 14.103
5 -14.1067
5 14.1067
5.001 -14.1105
5.001 14.1105
5.002 -14.1142
5.002 14.1142
5.003 -14.1179
5.003 14.1179
5.004 -14.1216
5.004 14.1216
5.005 -14.1253
5.005 14.1253
5.006 -14.1291
5.006 14.1291
5.007 -14.1328
5.007 14.1328
5.008 -14.1365
5.008 14.1365
5.009 -14.1402
5.009 14.1402
5.01 -14.144
5.01 14.144
5.011 -14.1477
5.011 14.1477
5.012 -14.1514
5.012 14.1514
5.013 -14.1551
5.013 14.1551
5.014 -14.1589
5.014 14.1589
5.015 -14.1626
5.015 14.1626
5.016 -14.1663
5.016 14.1663
5.017 -14.17
5.017 14.17
5.018 -14.1738
5.018 14.1738
5.019 -14.1775
5.019 14.1775
5.02 -14.1812
5.02 14.1812
5.021 -14.185
5.021 14.185
5.022 -14.1887
5.022 14.1887
5.023 -14.1924
5.023 14.1924
5.024 -14.1961
5.024 14.1961
5.025 -14.1999
5.025 14.1999
5.026 -14.2036
5.026 14.2036
5.027 -14.2073
5.027 14.2073
5.028 -14.2111
5.028 14.2111
5.029 -14.2148
5.029 14.2148
5.03 -14.2185
5.03 14.2185
5.031 -14.2222
5.031 14.2222
5.032 -14.226
5.032 14.226
5.033 -14.2297
5.033 14.2297
5.034 -14.2334
5.034 14.2334
5.035 -14.2372
5.035 14.2372
5.036 -14.2409
5.036 14.2409
5.037 -14.2446
5.037 14.2446
5.038 -14.2484
5.038 14.2484
5.039 -14.2521
5.039 14.2521
5.04 -14.2558
5.04 14.2558
5.041 -14.2596
5.041 14.2596
5.042 -14.2633
5.042 14.2633
5.043 -14.267
5.043 14.267
5.044 -14.2708
5.044 14.2708
5.045 -14.2745
5.045 14.2745
5.046 -14.2782
5.046 14.2782
5.047 -14.282
5.047 14.282
5.048 -14.2857
5.048 14.2857
5.049 -14.2894
5.049 14.2894
5.05 -14.2932
5.05 14.2932
5.051 -14.2969
5.051 14.2969
5.052 -14.3007
5.052 14.3007
5.053 -14.3044
5.053 14.3044
5.054 -14.3081
5.054 14.3081
5.055 -14.3119
5.055 14.3119
5.056 -14.3156
5.056 14.3156
5.057 -14.3193
5.057 14.3193
5.058 -14.3231
5.058 14.3231
5.059 -14.3268
5.059 14.3268
5.06 -14.3306
5.06 14.3306
5.061 -14.3343
5.061 14.3343
5.062 -14.338
5.062 14.338
5.063 -14.3418
5.063 14.3418
5.064 -14.3455
5.064 14.3455
5.065 -14.3493
5.065 14.3493
5.066 -14.353
5.066 14.353
5.067 -14.3567
5.067 14.3567
5.068 -14.3605
5.068 14.3605
5.069 -14.3642
5.069 14.3642
5.07 -14.368
5.07 14.368
5.071 -14.3717
5.071 14.3717
5.072 -14.3755
5.072 14.3755
5.073 -14.3792
5.073 14.3792
5.074 -14.3829
5.074 14.3829
5.075 -14.3867
5.075 14.3867
5.076 -14.3904
5.076 14.3904
5.077 -14.3942
5.077 14.3942
5.078 -14.3979
5.078 14.3979
5.079 -14.4017
5.079 14.4017
5.08 -14.4054
5.08 14.4054
5.081 -14.4092
5.081 14.4092
5.082 -14.4129
5.082 14.4129
5.083 -14.4166
5.083 14.4166
5.084 -14.4204
5.084 14.4204
5.085 -14.4241
5.085 14.4241
5.086 -14.4279
5.086 14.4279
5.087 -14.4316
5.087 14.4316
5.088 -14.4354
5.088 14.4354
5.089 -14.4391
5.089 14.4391
5.09 -14.4429
5.09 14.4429
5.091 -14.4466
5.091 14.4466
5.092 -14.4504
5.092 14.4504
5.093 -14.4541
5.093 14.4541
5.094 -14.4579
5.094 14.4579
5.095 -14.4616
5.095 14.4616
5.096 -14.4654
5.096 14.4654
5.097 -14.4691
5.097 14.4691
5.098 -14.4729
5.098 14.4729
5.099 -14.4766
5.099 14.4766
5.1 -14.4804
5.1 14.4804
5.101 -14.4841
5.101 14.4841
5.102 -14.4879
5.102 14.4879
5.103 -14.4916
5.103 14.4916
5.104 -14.4954
5.104 14.4954
5.105 -14.4991
5.105 14.4991
5.106 -14.5029
5.106 14.5029
5.107 -14.5066
5.107 14.5066
5.108 -14.5104
5.108 14.5104
5.109 -14.5141
5.109 14.5141
5.11 -14.5179
5.11 14.5179
5.111 -14.5216
5.111 14.5216
5.112 -14.5254
5.112 14.5254
5.113 -14.5292
5.113 14.5292
5.114 -14.5329
5.114 14.5329
5.115 -14.5367
5.115 14.5367
5.116 -14.5404
5.116 14.5404
5.117 -14.5442
5.117 14.5442
5.118 -14.5479
5.118 14.5479
5.119 -14.5517
5.119 14.5517
5.12 -14.5554
5.12 14.5554
5.121 -14.5592
5.121 14.5592
5.122 -14.563
5.122 14.563
5.123 -14.5667
5.123 14.5667
5.124 -14.5705
5.124 14.5705
5.125 -14.5742
5.125 14.5742
5.126 -14.578
5.126 14.578
5.127 -14.5817
5.127 14.5817
5.128 -14.5855
5.128 14.5855
5.129 -14.5893
5.129 14.5893
5.13 -14.593
5.13 14.593
5.131 -14.5968
5.131 14.5968
5.132 -14.6005
5.132 14.6005
5.133 -14.6043
5.133 14.6043
5.134 -14.6081
5.134 14.6081
5.135 -14.6118
5.135 14.6118
5.136 -14.6156
5.136 14.6156
5.137 -14.6194
5.137 14.6194
5.138 -14.6231
5.138 14.6231
5.139 -14.6269
5.139 14.6269
5.14 -14.6306
5.14 14.6306
5.141 -14.6344
5.141 14.6344
5.142 -14.6382
5.142 14.6382
5.143 -14.6419
5.143 14.6419
5.144 -14.6457
5.144 14.6457
5.145 -14.6495
5.145 14.6495
5.146 -14.6532
5.146 14.6532
5.147 -14.657
5.147 14.657
5.148 -14.6607
5.148 14.6607
5.149 -14.6645
5.149 14.6645
5.15 -14.6683
5.15 14.6683
5.151 -14.672
5.151 14.672
5.152 -14.6758
5.152 14.6758
5.153 -14.6796
5.153 14.6796
5.154 -14.6833
5.154 14.6833
5.155 -14.6871
5.155 14.6871
5.156 -14.6909
5.156 14.6909
5.157 -14.6946
5.157 14.6946
5.158 -14.6984
5.158 14.6984
5.159 -14.7022
5.159 14.7022
5.16 -14.7059
5.16 14.7059
5.161 -14.7097
5.161 14.7097
5.162 -14.7135
5.162 14.7135
5.163 -14.7173
5.163 14.7173
5.164 -14.721
5.164 14.721
5.165 -14.7248
5.165 14.7248
5.166 -14.7286
5.166 14.7286
5.167 -14.7323
5.167 14.7323
5.168 -14.7361
5.168 14.7361
5.169 -14.7399
5.169 14.7399
5.17 -14.7436
5.17 14.7436
5.171 -14.7474
5.171 14.7474
5.172 -14.7512
5.172 14.7512
5.173 -14.755
5.173 14.755
5.174 -14.7587
5.174 14.7587
5.175 -14.7625
5.175 14.7625
5.176 -14.7663
5.176 14.7663
5.177 -14.7701
5.177 14.7701
5.178 -14.7738
5.178 14.7738
5.179 -14.7776
5.179 14.7776
5.18 -14.7814
5.18 14.7814
5.181 -14.7851
5.181 14.7851
5.182 -14.7889
5.182 14.7889
5.183 -14.7927
5.183 14.7927
5.184 -14.7965
5.184 14.7965
5.185 -14.8002
5.185 14.8002
5.186 -14.804
5.186 14.804
5.187 -14.8078
5.187 14.8078
5.188 -14.8116
5.188 14.8116
5.189 -14.8154
5.189 14.8154
5.19 -14.8191
5.19 14.8191
5.191 -14.8229
5.191 14.8229
5.192 -14.8267
5.192 14.8267
5.193 -14.8305
5.193 14.8305
5.194 -14.8342
5.194 14.8342
5.195 -14.838
5.195 14.838
5.196 -14.8418
5.196 14.8418
5.197 -14.8456
5.197 14.8456
5.198 -14.8494
5.198 14.8494
5.199 -14.8531
5.199 14.8531
5.2 -14.8569
5.2 14.8569
5.201 -14.8607
5.201 14.8607
5.202 -14.8645
5.202 14.8645
5.203 -14.8683
5.203 14.8683
5.204 -14.872
5.204 14.872
5.205 -14.8758
5.205 14.8758
5.206 -14.8796
5.206 14.8796
5.207 -14.8834
5.207 14.8834
5.208 -14.8872
5.208 14.8872
5.209 -14.8909
5.209 14.8909
5.21 -14.8947
5.21 14.8947
5.211 -14.8985
5.211 14.8985
5.212 -14.9023
5.212 14.9023
5.213 -14.9061
5.213 14.9061
5.214 -14.9099
5.214 14.9099
5.215 -14.9137
5.215 14.9137
5.216 -14.9174
5.216 14.9174
5.217 -14.9212
5.217 14.9212
5.218 -14.925
5.218 14.925
5.219 -14.9288
5.219 14.9288
5.22 -14.9326
5.22 14.9326
5.221 -14.9364
5.221 14.9364
5.222 -14.9401
5.222 14.9401
5.223 -14.9439
5.223 14.9439
5.224 -14.9477
5.224 14.9477
5.225 -14.9515
5.225 14.9515
5.226 -14.9553
5.226 14.9553
5.227 -14.9591
5.227 14.9591
5.228 -14.9629
5.228 14.9629
5.229 -14.9667
5.229 14.9667
5.23 -14.9704
5.23 14.9704
5.231 -14.9742
5.231 14.9742
5.232 -14.978
5.232 14.978
5.233 -14.9818
5.233 14.9818
5.234 -14.9856
5.234 14.9856
5.235 -14.9894
5.235 14.9894
5.236 -14.9932
5.236 14.9932
5.237 -14.997
5.237 14.997
5.238 -15.0008
5.238 15.0008
5.239 -15.0046
5.239 15.0046
5.24 -15.0084
5.24 15.0084
5.241 -15.0121
5.241 15.0121
5.242 -15.0159
5.242 15.0159
5.243 -15.0197
5.243 15.0197
5.244 -15.0235
5.244 15.0235
5.245 -15.0273
5.245 15.0273
5.246 -15.0311
5.246 15.0311
5.247 -15.0349
5.247 15.0349
5.248 -15.0387
5.248 15.0387
5.249 -15.0425
5.249 15.0425
5.25 -15.0463
5.25 15.0463
5.251 -15.0501
5.251 15.0501
5.252 -15.0539
5.252 15.0539
5.253 -15.0577
5.253 15.0577
5.254 -15.0615
5.254 15.0615
5.255 -15.0653
5.255 15.0653
5.256 -15.0691
5.256 15.0691
5.257 -15.0729
5.257 15.0729
5.258 -15.0766
5.258 15.0766
5.259 -15.0804
5.259 15.0804
5.26 -15.0842
5.26 15.0842
5.261 -15.088
5.261 15.088
5.262 -15.0918
5.262 15.0918
5.263 -15.0956
5.263 15.0956
5.264 -15.0994
5.264 15.0994
5.265 -15.1032
5.265 15.1032
5.266 -15.107
5.266 15.107
5.267 -15.1108
5.267 15.1108
5.268 -15.1146
5.268 15.1146
5.269 -15.1184
5.269 15.1184
5.27 -15.1222
5.27 15.1222
5.271 -15.126
5.271 15.126
5.272 -15.1298
5.272 15.1298
5.273 -15.1336
5.273 15.1336
5.274 -15.1374
5.274 15.1374
5.275 -15.1412
5.275 15.1412
5.276 -15.145
5.276 15.145
5.277 -15.1488
5.277 15.1488
5.278 -15.1526
5.278 15.1526
5.279 -15.1564
5.279 15.1564
5.28 -15.1602
5.28 15.1602
5.281 -15.1641
5.281 15.1641
5.282 -15.1679
5.282 15.1679
5.283 -15.1717
5.283 15.1717
5.284 -15.1755
5.284 15.1755
5.285 -15.1793
5.285 15.1793
5.286 -15.1831
5.286 15.1831
5.287 -15.1869
5.287 15.1869
5.288 -15.1907
5.288 15.1907
5.289 -15.1945
5.289 15.1945
5.29 -15.1983
5.29 15.1983
5.291 -15.2021
5.291 15.2021
5.292 -15.2059
5.292 15.2059
5.293 -15.2097
5.293 15.2097
5.294 -15.2135
5.294 15.2135
5.295 -15.2173
5.295 15.2173
5.296 -15.2211
5.296 15.2211
5.297 -15.2249
5.297 15.2249
5.298 -15.2288
5.298 15.2288
5.299 -15.2326
5.299 15.2326
5.3 -15.2364
5.3 15.2364
5.301 -15.2402
5.301 15.2402
5.302 -15.244
5.302 15.244
5.303 -15.2478
5.303 15.2478
5.304 -15.2516
5.304 15.2516
5.305 -15.2554
5.305 15.2554
5.306 -15.2592
5.306 15.2592
5.307 -15.263
5.307 15.263
5.308 -15.2669
5.308 15.2669
5.309 -15.2707
5.309 15.2707
5.31 -15.2745
5.31 15.2745
5.311 -15.2783
5.311 15.2783
5.312 -15.2821
5.312 15.2821
5.313 -15.2859
5.313 15.2859
5.314 -15.2897
5.314 15.2897
5.315 -15.2935
5.315 15.2935
5.316 -15.2974
5.316 15.2974
5.317 -15.3012
5.317 15.3012
5.318 -15.305
5.318 15.305
5.319 -15.3088
5.319 15.3088
5.32 -15.3126
5.32 15.3126
5.321 -15.3164
5.321 15.3164
5.322 -15.3202
5.322 15.3202
5.323 -15.3241
5.323 15.3241
5.324 -15.3279
5.324 15.3279
5.325 -15.3317
5.325 15.3317
5.326 -15.3355
5.326 15.3355
5.327 -15.3393
5.327 15.3393
5.328 -15.3431
5.328 15.3431
5.329 -15.347
5.329 15.347
5.33 -15.3508
5.33 15.3508
5.331 -15.3546
5.331 15.3546
5.332 -15.3584
5.332 15.3584
5.333 -15.3622
5.333 15.3622
5.334 -15.366
5.334 15.366
5.335 -15.3699
5.335 15.3699
5.336 -15.3737
5.336 15.3737
5.337 -15.3775
5.337 15.3775
5.338 -15.3813
5.338 15.3813
5.339 -15.3851
5.339 15.3851
5.34 -15.389
5.34 15.389
5.341 -15.3928
5.341 15.3928
5.342 -15.3966
5.342 15.3966
5.343 -15.4004
5.343 15.4004
5.344 -15.4042
5.344 15.4042
5.345 -15.4081
5.345 15.4081
5.346 -15.4119
5.346 15.4119
5.347 -15.4157
5.347 15.4157
5.348 -15.4195
5.348 15.4195
5.349 -15.4234
5.349 15.4234
5.35 -15.4272
5.35 15.4272
5.351 -15.431
5.351 15.431
5.352 -15.4348
5.352 15.4348
5.353 -15.4387
5.353 15.4387
5.354 -15.4425
5.354 15.4425
5.355 -15.4463
5.355 15.4463
5.356 -15.4501
5.356 15.4501
5.357 -15.454
5.357 15.454
5.358 -15.4578
5.358 15.4578
5.359 -15.4616
5.359 15.4616
5.36 -15.4654
5.36 15.4654
5.361 -15.4693
5.361 15.4693
5.362 -15.4731
5.362 15.4731
5.363 -15.4769
5.363 15.4769
5.364 -15.4807
5.364 15.4807
5.365 -15.4846
5.365 15.4846
5.366 -15.4884
5.366 15.4884
5.367 -15.4922
5.367 15.4922
5.368 -15.496
5.368 15.496
5.369 -15.4999
5.369 15.4999
5.37 -15.5037
5.37 15.5037
5.371 -15.5075
5.371 15.5075
5.372 -15.5114
5.372 15.5114
5.373 -15.5152
5.373 15.5152
5.374 -15.519
5.374 15.519
5.375 -15.5229
5.375 15.5229
5.376 -15.5267
5.376 15.5267
5.377 -15.5305
5.377 15.5305
5.378 -15.5343
5.378 15.5343
5.379 -15.5382
5.379 15.5382
5.38 -15.542
5.38 15.542
5.381 -15.5458
5.381 15.5458
5.382 -15.5497
5.382 15.5497
5.383 -15.5535
5.383 15.5535
5.384 -15.5573
5.384 15.5573
5.385 -15.5612
5.385 15.5612
5.386 -15.565
5.386 15.565
5.387 -15.5688
5.387 15.5688
5.388 -15.5727
5.388 15.5727
5.389 -15.5765
5.389 15.5765
5.39 -15.5803
5.39 15.5803
5.391 -15.5842
5.391 15.5842
5.392 -15.588
5.392 15.588
5.393 -15.5918
5.393 15.5918
5.394 -15.5957
5.394 15.5957
5.395 -15.5995
5.395 15.5995
5.396 -15.6034
5.396 15.6034
5.397 -15.6072
5.397 15.6072
5.398 -15.611
5.398 15.611
5.399 -15.6149
5.399 15.6149
5.4 -15.6187
5.4 15.6187
5.401 -15.6225
5.401 15.6225
5.402 -15.6264
5.402 15.6264
5.403 -15.6302
5.403 15.6302
5.404 -15.6341
5.404 15.6341
5.405 -15.6379
5.405 15.6379
5.406 -15.6417
5.406 15.6417
5.407 -15.6456
5.407 15.6456
5.408 -15.6494
5.408 15.6494
5.409 -15.6533
5.409 15.6533
5.41 -15.6571
5.41 15.6571
5.411 -15.6609
5.411 15.6609
5.412 -15.6648
5.412 15.6648
5.413 -15.6686
5.413 15.6686
5.414 -15.6725
5.414 15.6725
5.415 -15.6763
5.415 15.6763
5.416 -15.6801
5.416 15.6801
5.417 -15.684
5.417 15.684
5.418 -15.6878
5.418 15.6878
5.419 -15.6917
5.419 15.6917
5.42 -15.6955
5.42 15.6955
5.421 -15.6994
5.421 15.6994
5.422 -15.7032
5.422 15.7032
5.423 -15.707
5.423 15.707
5.424 -15.7109
5.424 15.7109
5.425 -15.7147
5.425 15.7147
5.426 -15.7186
5.426 15.7186
5.427 -15.7224
5.427 15.7224
5.428 -15.7263
5.428 15.7263
5.429 -15.7301
5.429 15.7301
5.43 -15.734
5.43 15.734
5.431 -15.7378
5.431 15.7378
5.432 -15.7417
5.432 15.7417
5.433 -15.7455
5.433 15.7455
5.434 -15.7494
5.434 15.7494
5.435 -15.7532
5.435 15.7532
5.436 -15.757
5.436 15.757
5.437 -15.7609
5.437 15.7609
5.438 -15.7647
5.438 15.7647
5.439 -15.7686
5.439 15.7686
5.44 -15.7724
5.44 15.7724
5.441 -15.7763
5.441 15.7763
5.442 -15.7801
5.442 15.7801
5.443 -15.784
5.443 15.784
5.444 -15.7878
5.444 15.7878
5.445 -15.7917
5.445 15.7917
5.446 -15.7955
5.446 15.7955
5.447 -15.7994
5.447 15.7994
5.448 -15.8032
5.448 15.8032
5.449 -15.8071
5.449 15.8071
5.45 -15.8109
5.45 15.8109
5.451 -15.8148
5.451 15.8148
5.452 -15.8187
5.452 15.8187
5.453 -15.8225
5.453 15.8225
5.454 -15.8264
5.454 15.8264
5.455 -15.8302
5.455 15.8302
5.456 -15.8341
5.456 15.8341
5.457 -15.8379
5.457 15.8379
5.458 -15.8418
5.458 15.8418
5.459 -15.8456
5.459 15.8456
5.46 -15.8495
5.46 15.8495
5.461 -15.8533
5.461 15.8533
5.462 -15.8572
5.462 15.8572
5.463 -15.861
5.463 15.861
5.464 -15.8649
5.464 15.8649
5.465 -15.8688
5.465 15.8688
5.466 -15.8726
5.466 15.8726
5.467 -15.8765
5.467 15.8765
5.468 -15.8803
5.468 15.8803
5.469 -15.8842
5.469 15.8842
5.47 -15.888
5.47 15.888
5.471 -15.8919
5.471 15.8919
5.472 -15.8958
5.472 15.8958
5.473 -15.8996
5.473 15.8996
5.474 -15.9035
5.474 15.9035
5.475 -15.9073
5.475 15.9073
5.476 -15.9112
5.476 15.9112
5.477 -15.9151
5.477 15.9151
5.478 -15.9189
5.478 15.9189
5.479 -15.9228
5.479 15.9228
5.48 -15.9266
5.48 15.9266
5.481 -15.9305
5.481 15.9305
5.482 -15.9344
5.482 15.9344
5.483 -15.9382
5.483 15.9382
5.484 -15.9421
5.484 15.9421
5.485 -15.9459
5.485 15.9459
5.486 -15.9498
5.486 15.9498
5.487 -15.9537
5.487 15.9537
5.488 -15.9575
5.488 15.9575
5.489 -15.9614
5.489 15.9614
5.49 -15.9653
5.49 15.9653
5.491 -15.9691
5.491 15.9691
5.492 -15.973
5.492 15.973
5.493 -15.9768
5.493 15.9768
5.494 -15.9807
5.494 15.9807
5.495 -15.9846
5.495 15.9846
5.496 -15.9884
5.496 15.9884
5.497 -15.9923
5.497 15.9923
5.498 -15.9962
5.498 15.9962
5.499 -16
5.499 16
5.5 -16.0039
5.5 16.0039
5.501 -16.0078
5.501 16.0078
5.502 -16.0116
5.502 16.0116
5.503 -16.0155
5.503 16.0155
5.504 -16.0194
5.504 16.0194
5.505 -16.0232
5.505 16.0232
5.506 -16.0271
5.506 16.0271
5.507 -16.031
5.507 16.031
5.508 -16.0348
5.508 16.0348
5.509 -16.0387
5.509 16.0387
5.51 -16.0426
5.51 16.0426
5.511 -16.0465
5.511 16.0465
5.512 -16.0503
5.512 16.0503
5.513 -16.0542
5.513 16.0542
5.514 -16.0581
5.514 16.0581
5.515 -16.0619
5.515 16.0619
5.516 -16.0658
5.516 16.0658
5.517 -16.0697
5.517 16.0697
5.518 -16.0735
5.518 16.0735
5.519 -16.0774
5.519 16.0774
5.52 -16.0813
5.52 16.0813
5.521 -16.0852
5.521 16.0852
5.522 -16.089
5.522 16.089
5.523 -16.0929
5.523 16.0929
5.524 -16.0968
5.524 16.0968
5.525 -16.1007
5.525 16.1007
5.526 -16.1045
5.526 16.1045
5.527 -16.1084
5.527 16.1084
5.528 -16.1123
5.528 16.1123
5.529 -16.1161
5.529 16.1161
5.53 -16.12
5.53 16.12
5.531 -16.1239
5.531 16.1239
5.532 -16.1278
5.532 16.1278
5.533 -16.1316
5.533 16.1316
5.534 -16.1355
5.534 16.1355
5.535 -16.1394
5.535 16.1394
5.536 -16.1433
5.536 16.1433
5.537 -16.1472
5.537 16.1472
5.538 -16.151
5.538 16.151
5.539 -16.1549
5.539 16.1549
5.54 -16.1588
5.54 16.1588
5.541 -16.1627
5.541 16.1627
5.542 -16.1665
5.542 16.1665
5.543 -16.1704
5.543 16.1704
5.544 -16.1743
5.544 16.1743
5.545 -16.1782
5.545 16.1782
5.546 -16.1821
5.546 16.1821
5.547 -16.1859
5.547 16.1859
5.548 -16.1898
5.548 16.1898
5.549 -16.1937
5.549 16.1937
5.55 -16.1976
5.55 16.1976
5.551 -16.2015
5.551 16.2015
5.552 -16.2053
5.552 16.2053
5.553 -16.2092
5.553 16.2092
5.554 -16.2131
5.554 16.2131
5.555 -16.217
5.555 16.217
5.556 -16.2209
5.556 16.2209
5.557 -16.2247
5.557 16.2247
5.558 -16.2286
5.558 16.2286
5.559 -16.2325
5.559 16.2325
5.56 -16.2364
5.56 16.2364
5.561 -16.2403
5.561 16.2403
5.562 -16.2442
5.562 16.2442
5.563 -16.248
5.563 16.248
5.564 -16.2519
5.564 16.2519
5.565 -16.2558
5.565 16.2558
5.566 -16.2597
5.566 16.2597
5.567 -16.2636
5.567 16.2636
5.568 -16.2675
5.568 16.2675
5.569 -16.2714
5.569 16.2714
5.57 -16.2752
5.57 16.2752
5.571 -16.2791
5.571 16.2791
5.572 -16.283
5.572 16.283
5.573 -16.2869
5.573 16.2869
5.574 -16.2908
5.574 16.2908
5.575 -16.2947
5.575 16.2947
5.576 -16.2986
5.576 16.2986
5.577 -16.3024
5.577 16.3024
5.578 -16.3063
5.578 16.3063
5.579 -16.3102
5.579 16.3102
5.58 -16.3141
5.58 16.3141
5.581 -16.318
5.581 16.318
5.582 -16.3219
5.582 16.3219
5.583 -16.3258
5.583 16.3258
5.584 -16.3297
5.584 16.3297
5.585 -16.3336
5.585 16.3336
5.586 -16.3375
5.586 16.3375
5.587 -16.3413
5.587 16.3413
5.588 -16.3452
5.588 16.3452
5.589 -16.3491
5.589 16.3491
5.59 -16.353
5.59 16.353
5.591 -16.3569
5.591 16.3569
5.592 -16.3608
5.592 16.3608
5.593 -16.3647
5.593 16.3647
5.594 -16.3686
5.594 16.3686
5.595 -16.3725
5.595 16.3725
5.596 -16.3764
5.596 16.3764
5.597 -16.3803
5.597 16.3803
5.598 -16.3842
5.598 16.3842
5.599 -16.3881
5.599 16.3881
5.6 -16.3919
5.6 16.3919
5.601 -16.3958
5.601 16.3958
5.602 -16.3997
5.602 16.3997
5.603 -16.4036
5.603 16.4036
5.604 -16.4075
5.604 16.4075
5.605 -16.4114
5.605 16.4114
5.606 -16.4153
5.606 16.4153
5.607 -16.4192
5.607 16.4192
5.608 -16.4231
5.608 16.4231
5.609 -16.427
5.609 16.427
5.61 -16.4309
5.61 16.4309
5.611 -16.4348
5.611 16.4348
5.612 -16.4387
5.612 16.4387
5.613 -16.4426
5.613 16.4426
5.614 -16.4465
5.614 16.4465
5.615 -16.4504
5.615 16.4504
5.616 -16.4543
5.616 16.4543
5.617 -16.4582
5.617 16.4582
5.618 -16.4621
5.618 16.4621
5.619 -16.466
5.619 16.466
5.62 -16.4699
5.62 16.4699
5.621 -16.4738
5.621 16.4738
5.622 -16.4777
5.622 16.4777
5.623 -16.4816
5.623 16.4816
5.624 -16.4855
5.624 16.4855
5.625 -16.4894
5.625 16.4894
5.626 -16.4933
5.626 16.4933
5.627 -16.4972
5.627 16.4972
5.628 -16.5011
5.628 16.5011
5.629 -16.505
5.629 16.505
5.63 -16.5089
5.63 16.5089
5.631 -16.5128
5.631 16.5128
5.632 -16.5167
5.632 16.5167
5.633 -16.5206
5.633 16.5206
5.634 -16.5245
5.634 16.5245
5.635 -16.5284
5.635 16.5284
5.636 -16.5323
5.636 16.5323
5.637 -16.5362
5.637 16.5362
5.638 -16.5401
5.638 16.5401
5.639 -16.5441
5.639 16.5441
5.64 -16.548
5.64 16.548
5.641 -16.5519
5.641 16.5519
5.642 -16.5558
5.642 16.5558
5.643 -16.5597
5.643 16.5597
5.644 -16.5636
5.644 16.5636
5.645 -16.5675
5.645 16.5675
5.646 -16.5714
5.646 16.5714
5.647 -16.5753
5.647 16.5753
5.648 -16.5792
5.648 16.5792
5.649 -16.5831
5.649 16.5831
5.65 -16.587
5.65 16.587
5.651 -16.5909
5.651 16.5909
5.652 -16.5948
5.652 16.5948
5.653 -16.5988
5.653 16.5988
5.654 -16.6027
5.654 16.6027
5.655 -16.6066
5.655 16.6066
5.656 -16.6105
5.656 16.6105
5.657 -16.6144
5.657 16.6144
5.658 -16.6183
5.658 16.6183
5.659 -16.6222
5.659 16.6222
5.66 -16.6261
5.66 16.6261
5.661 -16.63
5.661 16.63
5.662 -16.634
5.662 16.634
5.663 -16.6379
5.663 16.6379
5.664 -16.6418
5.664 16.6418
5.665 -16.6457
5.665 16.6457
5.666 -16.6496
5.666 16.6496
5.667 -16.6535
5.667 16.6535
5.668 -16.6574
5.668 16.6574
5.669 -16.6613
5.669 16.6613
5.67 -16.6653
5.67 16.6653
5.671 -16.6692
5.671 16.6692
5.672 -16.6731
5.672 16.6731
5.673 -16.677
5.673 16.677
5.674 -16.6809
5.674 16.6809
5.675 -16.6848
5.675 16.6848
5.676 -16.6888
5.676 16.6888
5.677 -16.6927
5.677 16.6927
5.678 -16.6966
5.678 16.6966
5.679 -16.7005
5.679 16.7005
5.68 -16.7044
5.68 16.7044
5.681 -16.7083
5.681 16.7083
5.682 -16.7123
5.682 16.7123
5.683 -16.7162
5.683 16.7162
5.684 -16.7201
5.684 16.7201
5.685 -16.724
5.685 16.724
5.686 -16.7279
5.686 16.7279
5.687 -16.7318
5.687 16.7318
5.688 -16.7358
5.688 16.7358
5.689 -16.7397
5.689 16.7397
5.69 -16.7436
5.69 16.7436
5.691 -16.7475
5.691 16.7475
5.692 -16.7514
5.692 16.7514
5.693 -16.7554
5.693 16.7554
5.694 -16.7593
5.694 16.7593
5.695 -16.7632
5.695 16.7632
5.696 -16.7671
5.696 16.7671
5.697 -16.7711
5.697 16.7711
5.698 -16.775
5.698 16.775
5.699 -16.7789
5.699 16.7789
5.7 -16.7828
5.7 16.7828
5.701 -16.7867
5.701 16.7867
5.702 -16.7907
5.702 16.7907
5.703 -16.7946
5.703 16.7946
5.704 -16.7985
5.704 16.7985
5.705 -16.8024
5.705 16.8024
5.706 -16.8064
5.706 16.8064
5.707 -16.8103
5.707 16.8103
5.708 -16.8142
5.708 16.8142
5.709 -16.8181
5.709 16.8181
5.71 -16.8221
5.71 16.8221
5.711 -16.826
5.711 16.826
5.712 -16.8299
5.712 16.8299
5.713 -16.8338
5.713 16.8338
5.714 -16.8378
5.714 16.8378
5.715 -16.8417
5.715 16.8417
5.716 -16.8456
5.716 16.8456
5.717 -16.8495
5.717 16.8495
5.718 -16.8535
5.718 16.8535
5.719 -16.8574
5.719 16.8574
5.72 -16.8613
5.72 16.8613
5.721 -16.8653
5.721 16.8653
5.722 -16.8692
5.722 16.8692
5.723 -16.8731
5.723 16.8731
5.724 -16.877
5.724 16.877
5.725 -16.881
5.725 16.881
5.726 -16.8849
5.726 16.8849
5.727 -16.8888
5.727 16.8888
5.728 -16.8928
5.728 16.8928
5.729 -16.8967
5.729 16.8967
5.73 -16.9006
5.73 16.9006
5.731 -16.9046
5.731 16.9046
5.732 -16.9085
5.732 16.9085
5.733 -16.9124
5.733 16.9124
5.734 -16.9164
5.734 16.9164
5.735 -16.9203
5.735 16.9203
5.736 -16.9242
5.736 16.9242
5.737 -16.9282
5.737 16.9282
5.738 -16.9321
5.738 16.9321
5.739 -16.936
5.739 16.936
5.74 -16.94
5.74 16.94
5.741 -16.9439
5.741 16.9439
5.742 -16.9478
5.742 16.9478
5.743 -16.9518
5.743 16.9518
5.744 -16.9557
5.744 16.9557
5.745 -16.9596
5.745 16.9596
5.746 -16.9636
5.746 16.9636
5.747 -16.9675
5.747 16.9675
5.748 -16.9714
5.748 16.9714
5.749 -16.9754
5.749 16.9754
5.75 -16.9793
5.75 16.9793
5.751 -16.9832
5.751 16.9832
5.752 -16.9872
5.752 16.9872
5.753 -16.9911
5.753 16.9911
5.754 -16.9951
5.754 16.9951
5.755 -16.999
5.755 16.999
5.756 -17.0029
5.756 17.0029
5.757 -17.0069
5.757 17.0069
5.758 -17.0108
5.758 17.0108
5.759 -17.0147
5.759 17.0147
5.76 -17.0187
5.76 17.0187
5.761 -17.0226
5.761 17.0226
5.762 -17.0266
5.762 17.0266
5.763 -17.0305
5.763 17.0305
5.764 -17.0344
5.764 17.0344
5.765 -17.0384
5.765 17.0384
5.766 -17.0423
5.766 17.0423
5.767 -17.0463
5.767 17.0463
5.768 -17.0502
5.768 17.0502
5.769 -17.0542
5.769 17.0542
5.77 -17.0581
5.77 17.0581
5.771 -17.062
5.771 17.062
5.772 -17.066
5.772 17.066
5.773 -17.0699
5.773 17.0699
5.774 -17.0739
5.774 17.0739
5.775 -17.0778
5.775 17.0778
5.776 -17.0818
5.776 17.0818
5.777 -17.0857
5.777 17.0857
5.778 -17.0896
5.778 17.0896
5.779 -17.0936
5.779 17.0936
5.78 -17.0975
5.78 17.0975
5.781 -17.1015
5.781 17.1015
5.782 -17.1054
5.782 17.1054
5.783 -17.1094
5.783 17.1094
5.784 -17.1133
5.784 17.1133
5.785 -17.1173
5.785 17.1173
5.786 -17.1212
5.786 17.1212
5.787 -17.1252
5.787 17.1252
5.788 -17.1291
5.788 17.1291
5.789 -17.1331
5.789 17.1331
5.79 -17.137
5.79 17.137
5.791 -17.141
5.791 17.141
5.792 -17.1449
5.792 17.1449
5.793 -17.1488
5.793 17.1488
5.794 -17.1528
5.794 17.1528
5.795 -17.1567
5.795 17.1567
5.796 -17.1607
5.796 17.1607
5.797 -17.1646
5.797 17.1646
5.798 -17.1686
5.798 17.1686
5.799 -17.1725
5.799 17.1725
5.8 -17.1765
5.8 17.1765
5.801 -17.1804
5.801 17.1804
5.802 -17.1844
5.802 17.1844
5.803 -17.1883
5.803 17.1883
5.804 -17.1923
5.804 17.1923
5.805 -17.1963
5.805 17.1963
5.806 -17.2002
5.806 17.2002
5.807 -17.2042
5.807 17.2042
5.808 -17.2081
5.808 17.2081
5.809 -17.2121
5.809 17.2121
5.81 -17.216
5.81 17.216
5.811 -17.22
5.811 17.22
5.812 -17.2239
5.812 17.2239
5.813 -17.2279
5.813 17.2279
5.814 -17.2318
5.814 17.2318
5.815 -17.2358
5.815 17.2358
5.816 -17.2397
5.816 17.2397
5.817 -17.2437
5.817 17.2437
5.818 -17.2477
5.818 17.2477
5.819 -17.2516
5.819 17.2516
5.82 -17.2556
5.82 17.2556
5.821 -17.2595
5.821 17.2595
5.822 -17.2635
5.822 17.2635
5.823 -17.2674
5.823 17.2674
5.824 -17.2714
5.824 17.2714
5.825 -17.2754
5.825 17.2754
5.826 -17.2793
5.826 17.2793
5.827 -17.2833
5.827 17.2833
5.828 -17.2872
5.828 17.2872
5.829 -17.2912
5.829 17.2912
5.83 -17.2951
5.83 17.2951
5.831 -17.2991
5.831 17.2991
5.832 -17.3031
5.832 17.3031
5.833 -17.307
5.833 17.307
5.834 -17.311
5.834 17.311
5.835 -17.3149
5.835 17.3149
5.836 -17.3189
5.836 17.3189
5.837 -17.3229
5.837 17.3229
5.838 -17.3268
5.838 17.3268
5.839 -17.3308
5.839 17.3308
5.84 -17.3347
5.84 17.3347
5.841 -17.3387
5.841 17.3387
5.842 -17.3427
5.842 17.3427
5.843 -17.3466
5.843 17.3466
5.844 -17.3506
5.844 17.3506
5.845 -17.3546
5.845 17.3546
5.846 -17.3585
5.846 17.3585
5.847 -17.3625
5.847 17.3625
5.848 -17.3665
5.848 17.3665
5.849 -17.3704
5.849 17.3704
5.85 -17.3744
5.85 17.3744
5.851 -17.3783
5.851 17.3783
5.852 -17.3823
5.852 17.3823
5.853 -17.3863
5.853 17.3863
5.854 -17.3902
5.854 17.3902
5.855 -17.3942
5.855 17.3942
5.856 -17.3982
5.856 17.3982
5.857 -17.4021
5.857 17.4021
5.858 -17.4061
5.858 17.4061
5.859 -17.4101
5.859 17.4101
5.86 -17.414
5.86 17.414
5.861 -17.418
5.861 17.418
5.862 -17.422
5.862 17.422
5.863 -17.4259
5.863 17.4259
5.864 -17.4299
5.864 17.4299
5.865 -17.4339
5.865 17.4339
5.866 -17.4379
5.866 17.4379
5.867 -17.4418
5.867 17.4418
5.868 -17.4458
5.868 17.4458
5.869 -17.4498
5.869 17.4498
5.87 -17.4537
5.87 17.4537
5.871 -17.4577
5.871 17.4577
5.872 -17.4617
5.872 17.4617
5.873 -17.4656
5.873 17.4656
5.874 -17.4696
5.874 17.4696
5.875 -17.4736
5.875 17.4736
5.876 -17.4776
5.876 17.4776
5.877 -17.4815
5.877 17.4815
5.878 -17.4855
5.878 17.4855
5.879 -17.4895
5.879 17.4895
5.88 -17.4934
5.88 17.4934
5.881 -17.4974
5.881 17.4974
5.882 -17.5014
5.882 17.5014
5.883 -17.5054
5.883 17.5054
5.884 -17.5093
5.884 17.5093
5.885 -17.5133
5.885 17.5133
5.886 -17.5173
5.886 17.5173
5.887 -17.5213
5.887 17.5213
5.888 -17.5252
5.888 17.5252
5.889 -17.5292
5.889 17.5292
5.89 -17.5332
5.89 17.5332
5.891 -17.5372
5.891 17.5372
5.892 -17.5411
5.892 17.5411
5.893 -17.5451
5.893 17.5451
5.894 -17.5491
5.894 17.5491
5.895 -17.5531
5.895 17.5531
5.896 -17.5571
5.896 17.5571
5.897 -17.561
5.897 17.561
5.898 -17.565
5.898 17.565
5.899 -17.569
5.899 17.569
5.9 -17.573
5.9 17.573
5.901 -17.5769
5.901 17.5769
5.902 -17.5809
5.902 17.5809
5.903 -17.5849
5.903 17.5849
5.904 -17.5889
5.904 17.5889
5.905 -17.5929
5.905 17.5929
5.906 -17.5968
5.906 17.5968
5.907 -17.6008
5.907 17.6008
5.908 -17.6048
5.908 17.6048
5.909 -17.6088
5.909 17.6088
5.91 -17.6128
5.91 17.6128
5.911 -17.6167
5.911 17.6167
5.912 -17.6207
5.912 17.6207
5.913 -17.6247
5.913 17.6247
5.914 -17.6287
5.914 17.6287
5.915 -17.6327
5.915 17.6327
5.916 -17.6367
5.916 17.6367
5.917 -17.6406
5.917 17.6406
5.918 -17.6446
5.918 17.6446
5.919 -17.6486
5.919 17.6486
5.92 -17.6526
5.92 17.6526
5.921 -17.6566
5.921 17.6566
5.922 -17.6606
5.922 17.6606
5.923 -17.6645
5.923 17.6645
5.924 -17.6685
5.924 17.6685
5.925 -17.6725
5.925 17.6725
5.926 -17.6765
5.926 17.6765
5.927 -17.6805
5.927 17.6805
5.928 -17.6845
5.928 17.6845
5.929 -17.6885
5.929 17.6885
5.93 -17.6924
5.93 17.6924
5.931 -17.6964
5.931 17.6964
5.932 -17.7004
5.932 17.7004
5.933 -17.7044
5.933 17.7044
5.934 -17.7084
5.934 17.7084
5.935 -17.7124
5.935 17.7124
5.936 -17.7164
5.936 17.7164
5.937 -17.7204
5.937 17.7204
5.938 -17.7243
5.938 17.7243
5.939 -17.7283
5.939 17.7283
5.94 -17.7323
5.94 17.7323
5.941 -17.7363
5.941 17.7363
5.942 -17.7403
5.942 17.7403
5.943 -17.7443
5.943 17.7443
5.944 -17.7483
5.944 17.7483
5.945 -17.7523
5.945 17.7523
5.946 -17.7563
5.946 17.7563
5.947 -17.7603
5.947 17.7603
5.948 -17.7643
5.948 17.7643
5.949 -17.7682
5.949 17.7682
5.95 -17.7722
5.95 17.7722
5.951 -17.7762
5.951 17.7762
5.952 -17.7802
5.952 17.7802
5.953 -17.7842
5.953 17.7842
5.954 -17.7882
5.954 17.7882
5.955 -17.7922
5.955 17.7922
5.956 -17.7962
5.956 17.7962
5.957 -17.8002
5.957 17.8002
5.958 -17.8042
5.958 17.8042
5.959 -17.8082
5.959 17.8082
5.96 -17.8122
5.96 17.8122
5.961 -17.8162
5.961 17.8162
5.962 -17.8202
5.962 17.8202
5.963 -17.8242
5.963 17.8242
5.964 -17.8282
5.964 17.8282
5.965 -17.8322
5.965 17.8322
5.966 -17.8361
5.966 17.8361
5.967 -17.8401
5.967 17.8401
5.968 -17.8441
5.968 17.8441
5.969 -17.8481
5.969 17.8481
5.97 -17.8521
5.97 17.8521
5.971 -17.8561
5.971 17.8561
5.972 -17.8601
5.972 17.8601
5.973 -17.8641
5.973 17.8641
5.974 -17.8681
5.974 17.8681
5.975 -17.8721
5.975 17.8721
5.976 -17.8761
5.976 17.8761
5.977 -17.8801
5.977 17.8801
5.978 -17.8841
5.978 17.8841
5.979 -17.8881
5.979 17.8881
5.98 -17.8921
5.98 17.8921
5.981 -17.8961
5.981 17.8961
5.982 -17.9001
5.982 17.9001
5.983 -17.9041
5.983 17.9041
5.984 -17.9081
5.984 17.9081
5.985 -17.9121
5.985 17.9121
5.986 -17.9161
5.986 17.9161
5.987 -17.9201
5.987 17.9201
5.988 -17.9241
5.988 17.9241
5.989 -17.9281
5.989 17.9281
5.99 -17.9322
5.99 17.9322
5.991 -17.9362
5.991 17.9362
5.992 -17.9402
5.992 17.9402
5.993 -17.9442
5.993 17.9442
5.994 -17.9482
5.994 17.9482
5.995 -17.9522
5.995 17.9522
5.996 -17.9562
5.996 17.9562
5.997 -17.9602
5.997 17.9602
5.998 -17.9642
5.998 17.9642
5.999 -17.9682
5.999 17.9682
6 -17.9722
6 17.9722
6.001 -17.9762
6.001 17.9762
6.002 -17.9802
6.002 17.9802
6.003 -17.9842
6.003 17.9842
6.004 -17.9882
6.004 17.9882
6.005 -17.9922
6.005 17.9922
6.006 -17.9962
6.006 17.9962
6.007 -18.0003
6.007 18.0003
6.008 -18.0043
6.008 18.0043
6.009 -18.0083
6.009 18.0083
6.01 -18.0123
6.01 18.0123
6.011 -18.0163
6.011 18.0163
6.012 -18.0203
6.012 18.0203
6.013 -18.0243
6.013 18.0243
6.014 -18.0283
6.014 18.0283
6.015 -18.0323
6.015 18.0323
6.016 -18.0363
6.016 18.0363
6.017 -18.0403
6.017 18.0403
6.018 -18.0444
6.018 18.0444
6.019 -18.0484
6.019 18.0484
6.02 -18.0524
6.02 18.0524
6.021 -18.0564
6.021 18.0564
6.022 -18.0604
6.022 18.0604
6.023 -18.0644
6.023 18.0644
6.024 -18.0684
6.024 18.0684
6.025 -18.0724
6.025 18.0724
6.026 -18.0765
6.026 18.0765
6.027 -18.0805
6.027 18.0805
6.028 -18.0845
6.028 18.0845
6.029 -18.0885
6.029 18.0885
6.03 -18.0925
6.03 18.0925
6.031 -18.0965
6.031 18.0965
6.032 -18.1005
6.032 18.1005
6.033 -18.1046
6.033 18.1046
6.034 -18.1086
6.034 18.1086
6.035 -18.1126
6.035 18.1126
6.036 -18.1166
6.036 18.1166
6.037 -18.1206
6.037 18.1206
6.038 -18.1246
6.038 18.1246
6.039 -18.1287
6.039 18.1287
6.04 -18.1327
6.04 18.1327
6.041 -18.1367
6.041 18.1367
6.042 -18.1407
6.042 18.1407
6.043 -18.1447
6.043 18.1447
6.044 -18.1487
6.044 18.1487
6.045 -18.1528
6.045 18.1528
6.046 -18.1568
6.046 18.1568
6.047 -18.1608
6.047 18.1608
6.048 -18.1648
6.048 18.1648
6.049 -18.1688
6.049 18.1688
6.05 -18.1729
6.05 18.1729
6.051 -18.1769
6.051 18.1769
6.052 -18.1809
6.052 18.1809
6.053 -18.1849
6.053 18.1849
6.054 -18.1889
6.054 18.1889
6.055 -18.193
6.055 18.193
6.056 -18.197
6.056 18.197
6.057 -18.201
6.057 18.201
6.058 -18.205
6.058 18.205
6.059 -18.209
6.059 18.209
6.06 -18.2131
6.06 18.2131
6.061 -18.2171
6.061 18.2171
6.062 -18.2211
6.062 18.2211
6.063 -18.2251
6.063 18.2251
6.064 -18.2292
6.064 18.2292
6.065 -18.2332
6.065 18.2332
6.066 -18.2372
6.066 18.2372
6.067 -18.2412
6.067 18.2412
6.068 -18.2453
6.068 18.2453
6.069 -18.2493
6.069 18.2493
6.07 -18.2533
6.07 18.2533
6.071 -18.2573
6.071 18.2573
6.072 -18.2614
6.072 18.2614
6.073 -18.2654
6.073 18.2654
6.074 -18.2694
6.074 18.2694
6.075 -18.2734
6.075 18.2734
6.076 -18.2775
6.076 18.2775
6.077 -18.2815
6.077 18.2815
6.078 -18.2855
6.078 18.2855
6.079 -18.2895
6.079 18.2895
6.08 -18.2936
6.08 18.2936
6.081 -18.2976
6.081 18.2976
6.082 -18.3016
6.082 18.3016
6.083 -18.3057
6.083 18.3057
6.084 -18.3097
6.084 18.3097
6.085 -18.3137
6.085 18.3137
6.086 -18.3177
6.086 18.3177
6.087 -18.3218
6.087 18.3218
6.088 -18.3258
6.088 18.3258
6.089 -18.3298
6.089 18.3298
6.09 -18.3339
6.09 18.3339
6.091 -18.3379
6.091 18.3379
6.092 -18.3419
6.092 18.3419
6.093 -18.346
6.093 18.346
6.094 -18.35
6.094 18.35
6.095 -18.354
6.095 18.354
6.096 -18.3581
6.096 18.3581
6.097 -18.3621
6.097 18.3621
6.098 -18.3661
6.098 18.3661
6.099 -18.3702
6.099 18.3702
6.1 -18.3742
6.1 18.3742
6.101 -18.3782
6.101 18.3782
6.102 -18.3823
6.102 18.3823
6.103 -18.3863
6.103 18.3863
6.104 -18.3903
6.104 18.3903
6.105 -18.3944
6.105 18.3944
6.106 -18.3984
6.106 18.3984
6.107 -18.4024
6.107 18.4024
6.108 -18.4065
6.108 18.4065
6.109 -18.4105
6.109 18.4105
6.11 -18.4145
6.11 18.4145
6.111 -18.4186
6.111 18.4186
6.112 -18.4226
6.112 18.4226
6.113 -18.4267
6.113 18.4267
6.114 -18.4307
6.114 18.4307
6.115 -18.4347
6.115 18.4347
6.116 -18.4388
6.116 18.4388
6.117 -18.4428
6.117 18.4428
6.118 -18.4468
6.118 18.4468
6.119 -18.4509
6.119 18.4509
6.12 -18.4549
6.12 18.4549
6.121 -18.459
6.121 18.459
6.122 -18.463
6.122 18.463
6.123 -18.467
6.123 18.467
6.124 -18.4711
6.124 18.4711
6.125 -18.4751
6.125 18.4751
6.126 -18.4792
6.126 18.4792
6.127 -18.4832
6.127 18.4832
6.128 -18.4872
6.128 18.4872
6.129 -18.4913
6.129 18.4913
6.13 -18.4953
6.13 18.4953
6.131 -18.4994
6.131 18.4994
6.132 -18.5034
6.132 18.5034
6.133 -18.5075
6.133 18.5075
6.134 -18.5115
6.134 18.5115
6.135 -18.5155
6.135 18.5155
6.136 -18.5196
6.136 18.5196
6.137 -18.5236
6.137 18.5236
6.138 -18.5277
6.138 18.5277
6.139 -18.5317
6.139 18.5317
6.14 -18.5358
6.14 18.5358
6.141 -18.5398
6.141 18.5398
6.142 -18.5438
6.142 18.5438
6.143 -18.5479
6.143 18.5479
6.144 -18.5519
6.144 18.5519
6.145 -18.556
6.145 18.556
6.146 -18.56
6.146 18.56
6.147 -18.5641
6.147 18.5641
6.148 -18.5681
6.148 18.5681
6.149 -18.5722
6.149 18.5722
6.15 -18.5762
6.15 18.5762
6.151 -18.5803
6.151 18.5803
6.152 -18.5843
6.152 18.5843
6.153 -18.5884
6.153 18.5884
6.154 -18.5924
6.154 18.5924
6.155 -18.5965
6.155 18.5965
6.156 -18.6005
6.156 18.6005
6.157 -18.6046
6.157 18.6046
6.158 -18.6086
6.158 18.6086
6.159 -18.6127
6.159 18.6127
6.16 -18.6167
6.16 18.6167
6.161 -18.6208
6.161 18.6208
6.162 -18.6248
6.162 18.6248
6.163 -18.6289
6.163 18.6289
6.164 -18.6329
6.164 18.6329
6.165 -18.637
6.165 18.637
6.166 -18.641
6.166 18.641
6.167 -18.6451
6.167 18.6451
6.168 -18.6491
6.168 18.6491
6.169 -18.6532
6.169 18.6532
6.17 -18.6572
6.17 18.6572
6.171 -18.6613
6.171 18.6613
6.172 -18.6653
6.172 18.6653
6.173 -18.6694
6.173 18.6694
6.174 -18.6734
6.174 18.6734
6.175 -18.6775
6.175 18.6775
6.176 -18.6815
6.176 18.6815
6.177 -18.6856
6.177 18.6856
6.178 -18.6896
6.178 18.6896
6.179 -18.6937
6.179 18.6937
6.18 -18.6978
6.18 18.6978
6.181 -18.7018
6.181 18.7018
6.182 -18.7059
6.182 18.7059
6.183 -18.7099
6.183 18.7099
6.184 -18.714
6.184 18.714
6.185 -18.718
6.185 18.718
6.186 -18.7221
6.186 18.7221
6.187 -18.7262
6.187 18.7262
6.188 -18.7302
6.188 18.7302
6.189 -18.7343
6.189 18.7343
6.19 -18.7383
6.19 18.7383
6.191 -18.7424
6.191 18.7424
6.192 -18.7464
6.192 18.7464
6.193 -18.7505
6.193 18.7505
6.194 -18.7546
6.194 18.7546
6.195 -18.7586
6.195 18.7586
6.196 -18.7627
6.196 18.7627
6.197 -18.7667
6.197 18.7667
6.198 -18.7708
6.198 18.7708
6.199 -18.7749
6.199 18.7749
6.2 -18.7789
6.2 18.7789
6.201 -18.783
6.201 18.783
6.202 -18.787
6.202 18.787
6.203 -18.7911
6.203 18.7911
6.204 -18.7952
6.204 18.7952
6.205 -18.7992
6.205 18.7992
6.206 -18.8033
6.206 18.8033
6.207 -18.8074
6.207 18.8074
6.208 -18.8114
6.208 18.8114
6.209 -18.8155
6.209 18.8155
6.21 -18.8195
6.21 18.8195
6.211 -18.8236
6.211 18.8236
6.212 -18.8277
6.212 18.8277
6.213 -18.8317
6.213 18.8317
6.214 -18.8358
6.214 18.8358
6.215 -18.8399
6.215 18.8399
6.216 -18.8439
6.216 18.8439
6.217 -18.848
6.217 18.848
6.218 -18.8521
6.218 18.8521
6.219 -18.8561
6.219 18.8561
6.22 -18.8602
6.22 18.8602
6.221 -18.8643
6.221 18.8643
6.222 -18.8683
6.222 18.8683
6.223 -18.8724
6.223 18.8724
6.224 -18.8765
6.224 18.8765
6.225 -18.8805
6.225 18.8805
6.226 -18.8846
6.226 18.8846
6.227 -18.8887
6.227 18.8887
6.228 -18.8927
6.228 18.8927
6.229 -18.8968
6.229 18.8968
6.23 -18.9009
6.23 18.9009
6.231 -18.9049
6.231 18.9049
6.232 -18.909
6.232 18.909
6.233 -18.9131
6.233 18.9131
6.234 -18.9172
6.234 18.9172
6.235 -18.9212
6.235 18.9212
6.236 -18.9253
6.236 18.9253
6.237 -18.9294
6.237 18.9294
6.238 -18.9334
6.238 18.9334
6.239 -18.9375
6.239 18.9375
6.24 -18.9416
6.24 18.9416
6.241 -18.9457
6.241 18.9457
6.242 -18.9497
6.242 18.9497
6.243 -18.9538
6.243 18.9538
6.244 -18.9579
6.244 18.9579
6.245 -18.9619
6.245 18.9619
6.246 -18.966
6.246 18.966
6.247 -18.9701
6.247 18.9701
6.248 -18.9742
6.248 18.9742
6.249 -18.9782
6.249 18.9782
6.25 -18.9823
6.25 18.9823
6.251 -18.9864
6.251 18.9864
6.252 -18.9905
6.252 18.9905
6.253 -18.9945
6.253 18.9945
6.254 -18.9986
6.254 18.9986
6.255 -19.0027
6.255 19.0027
6.256 -19.0068
6.256 19.0068
6.257 -19.0108
6.257 19.0108
6.258 -19.0149
6.258 19.0149
6.259 -19.019
6.259 19.019
6.26 -19.0231
6.26 19.0231
6.261 -19.0271
6.261 19.0271
6.262 -19.0312
6.262 19.0312
6.263 -19.0353
6.263 19.0353
6.264 -19.0394
6.264 19.0394
6.265 -19.0435
6.265 19.0435
6.266 -19.0475
6.266 19.0475
6.267 -19.0516
6.267 19.0516
6.268 -19.0557
6.268 19.0557
6.269 -19.0598
6.269 19.0598
6.27 -19.0639
6.27 19.0639
6.271 -19.0679
6.271 19.0679
6.272 -19.072
6.272 19.072
6.273 -19.0761
6.273 19.0761
6.274 -19.0802
6.274 19.0802
6.275 -19.0843
6.275 19.0843
6.276 -19.0883
6.276 19.0883
6.277 -19.0924
6.277 19.0924
6.278 -19.0965
6.278 19.0965
6.279 -19.1006
6.279 19.1006
6.28 -19.1047
6.28 19.1047
6.281 -19.1088
6.281 19.1088
6.282 -19.1128
6.282 19.1128
6.283 -19.1169
6.283 19.1169
6.284 -19.121
6.284 19.121
6.285 -19.1251
6.285 19.1251
6.286 -19.1292
6.286 19.1292
6.287 -19.1333
6.287 19.1333
6.288 -19.1373
6.288 19.1373
6.289 -19.1414
6.289 19.1414
6.29 -19.1455
6.29 19.1455
6.291 -19.1496
6.291 19.1496
6.292 -19.1537
6.292 19.1537
6.293 -19.1578
6.293 19.1578
6.294 -19.1619
6.294 19.1619
6.295 -19.1659
6.295 19.1659
6.296 -19.17
6.296 19.17
6.297 -19.1741
6.297 19.1741
6.298 -19.1782
6.298 19.1782
6.299 -19.1823
6.299 19.1823
6.3 -19.1864
6.3 19.1864
6.301 -19.1905
6.301 19.1905
6.302 -19.1946
6.302 19.1946
6.303 -19.1986
6.303 19.1986
6.304 -19.2027
6.304 19.2027
6.305 -19.2068
6.305 19.2068
6.306 -19.2109
6.306 19.2109
6.307 -19.215
6.307 19.215
6.308 -19.2191
6.308 19.2191
6.309 -19.2232
6.309 19.2232
6.31 -19.2273
6.31 19.2273
6.311 -19.2314
6.311 19.2314
6.312 -19.2355
6.312 19.2355
6.313 -19.2395
6.313 19.2395
6.314 -19.2436
6.314 19.2436
6.315 -19.2477
6.315 19.2477
6.316 -19.2518
6.316 19.2518
6.317 -19.2559
6.317 19.2559
6.318 -19.26
6.318 19.26
6.319 -19.2641
6.319 19.2641
6.32 -19.2682
6.32 19.2682
6.321 -19.2723
6.321 19.2723
6.322 -19.2764
6.322 19.2764
6.323 -19.2805
6.323 19.2805
6.324 -19.2846
6.324 19.2846
6.325 -19.2887
6.325 19.2887
6.326 -19.2928
6.326 19.2928
6.327 -19.2969
6.327 19.2969
6.328 -19.3009
6.328 19.3009
6.329 -19.305
6.329 19.305
6.33 -19.3091
6.33 19.3091
6.331 -19.3132
6.331 19.3132
6.332 -19.3173
6.332 19.3173
6.333 -19.3214
6.333 19.3214
6.334 -19.3255
6.334 19.3255
6.335 -19.3296
6.335 19.3296
6.336 -19.3337
6.336 19.3337
6.337 -19.3378
6.337 19.3378
6.338 -19.3419
6.338 19.3419
6.339 -19.346
6.339 19.346
6.34 -19.3501
6.34 19.3501
6.341 -19.3542
6.341 19.3542
6.342 -19.3583
6.342 19.3583
6.343 -19.3624
6.343 19.3624
6.344 -19.3665
6.344 19.3665
6.345 -19.3706
6.345 19.3706
6.346 -19.3747
6.346 19.3747
6.347 -19.3788
6.347 19.3788
6.348 -19.3829
6.348 19.3829
6.349 -19.387
6.349 19.387
6.35 -19.3911
6.35 19.3911
6.351 -19.3952
6.351 19.3952
6.352 -19.3993
6.352 19.3993
6.353 -19.4034
6.353 19.4034
6.354 -19.4075
6.354 19.4075
6.355 -19.4116
6.355 19.4116
6.356 -19.4157
6.356 19.4157
6.357 -19.4198
6.357 19.4198
6.358 -19.4239
6.358 19.4239
6.359 -19.428
6.359 19.428
6.36 -19.4321
6.36 19.4321
6.361 -19.4362
6.361 19.4362
6.362 -19.4404
6.362 19.4404
6.363 -19.4445
6.363 19.4445
6.364 -19.4486
6.364 19.4486
6.365 -19.4527
6.365 19.4527
6.366 -19.4568
6.366 19.4568
6.367 -19.4609
6.367 19.4609
6.368 -19.465
6.368 19.465
6.369 -19.4691
6.369 19.4691
6.37 -19.4732
6.37 19.4732
6.371 -19.4773
6.371 19.4773
6.372 -19.4814
6.372 19.4814
6.373 -19.4855
6.373 19.4855
6.374 -19.4896
6.374 19.4896
6.375 -19.4937
6.375 19.4937
6.376 -19.4978
6.376 19.4978
6.377 -19.502
6.377 19.502
6.378 -19.5061
6.378 19.5061
6.379 -19.5102
6.379 19.5102
6.38 -19.5143
6.38 19.5143
6.381 -19.5184
6.381 19.5184
6.382 -19.5225
6.382 19.5225
6.383 -19.5266
6.383 19.5266
6.384 -19.5307
6.384 19.5307
6.385 -19.5348
6.385 19.5348
6.386 -19.5389
6.386 19.5389
6.387 -19.5431
6.387 19.5431
6.388 -19.5472
6.388 19.5472
6.389 -19.5513
6.389 19.5513
6.39 -19.5554
6.39 19.5554
6.391 -19.5595
6.391 19.5595
6.392 -19.5636
6.392 19.5636
6.393 -19.5677
6.393 19.5677
6.394 -19.5718
6.394 19.5718
6.395 -19.576
6.395 19.576
6.396 -19.5801
6.396 19.5801
6.397 -19.5842
6.397 19.5842
6.398 -19.5883
6.398 19.5883
6.399 -19.5924
6.399 19.5924
6.4 -19.5965
6.4 19.5965
6.401 -19.6006
6.401 19.6006
6.402 -19.6048
6.402 19.6048
6.403 -19.6089
6.403 19.6089
6.404 -19.613
6.404 19.613
6.405 -19.6171
6.405 19.6171
6.406 -19.6212
6.406 19.6212
6.407 -19.6253
6.407 19.6253
6.408 -19.6295
6.408 19.6295
6.409 -19.6336
6.409 19.6336
6.41 -19.6377
6.41 19.6377
6.411 -19.6418
6.411 19.6418
6.412 -19.6459
6.412 19.6459
6.413 -19.65
6.413 19.65
6.414 -19.6542
6.414 19.6542
6.415 -19.6583
6.415 19.6583
6.416 -19.6624
6.416 19.6624
6.417 -19.6665
6.417 19.6665
6.418 -19.6706
6.418 19.6706
6.419 -19.6748
6.419 19.6748
6.42 -19.6789
6.42 19.6789
6.421 -19.683
6.421 19.683
6.422 -19.6871
6.422 19.6871
6.423 -19.6912
6.423 19.6912
6.424 -19.6954
6.424 19.6954
6.425 -19.6995
6.425 19.6995
6.426 -19.7036
6.426 19.7036
6.427 -19.7077
6.427 19.7077
6.428 -19.7119
6.428 19.7119
6.429 -19.716
6.429 19.716
6.43 -19.7201
6.43 19.7201
6.431 -19.7242
6.431 19.7242
6.432 -19.7283
6.432 19.7283
6.433 -19.7325
6.433 19.7325
6.434 -19.7366
6.434 19.7366
6.435 -19.7407
6.435 19.7407
6.436 -19.7448
6.436 19.7448
6.437 -19.749
6.437 19.749
6.438 -19.7531
6.438 19.7531
6.439 -19.7572
6.439 19.7572
6.44 -19.7613
6.44 19.7613
6.441 -19.7655
6.441 19.7655
6.442 -19.7696
6.442 19.7696
6.443 -19.7737
6.443 19.7737
6.444 -19.7779
6.444 19.7779
6.445 -19.782
6.445 19.782
6.446 -19.7861
6.446 19.7861
6.447 -19.7902
6.447 19.7902
6.448 -19.7944
6.448 19.7944
6.449 -19.7985
6.449 19.7985
6.45 -19.8026
6.45 19.8026
6.451 -19.8067
6.451 19.8067
6.452 -19.8109
6.452 19.8109
6.453 -19.815
6.453 19.815
6.454 -19.8191
6.454 19.8191
6.455 -19.8233
6.455 19.8233
6.456 -19.8274
6.456 19.8274
6.457 -19.8315
6.457 19.8315
6.458 -19.8357
6.458 19.8357
6.459 -19.8398
6.459 19.8398
6.46 -19.8439
6.46 19.8439
6.461 -19.848
6.461 19.848
6.462 -19.8522
6.462 19.8522
6.463 -19.8563
6.463 19.8563
6.464 -19.8604
6.464 19.8604
6.465 -19.8646
6.465 19.8646
6.466 -19.8687
6.466 19.8687
6.467 -19.8728
6.467 19.8728
6.468 -19.877
6.468 19.877
6.469 -19.8811
6.469 19.8811
6.47 -19.8852
6.47 19.8852
6.471 -19.8894
6.471 19.8894
6.472 -19.8935
6.472 19.8935
6.473 -19.8976
6.473 19.8976
6.474 -19.9018
6.474 19.9018
6.475 -19.9059
6.475 19.9059
6.476 -19.91
6.476 19.91
6.477 -19.9142
6.477 19.9142
6.478 -19.9183
6.478 19.9183
6.479 -19.9225
6.479 19.9225
6.48 -19.9266
6.48 19.9266
6.481 -19.9307
6.481 19.9307
6.482 -19.9349
6.482 19.9349
6.483 -19.939
6.483 19.939
6.484 -19.9431
6.484 19.9431
6.485 -19.9473
6.485 19.9473
6.486 -19.9514
6.486 19.9514
6.487 -19.9556
6.487 19.9556
6.488 -19.9597
6.488 19.9597
6.489 -19.9638
6.489 19.9638
6.49 -19.968
6.49 19.968
6.491 -19.9721
6.491 19.9721
6.492 -19.9762
6.492 19.9762
6.493 -19.9804
6.493 19.9804
6.494 -19.9845
6.494 19.9845
6.495 -19.9887
6.495 19.9887
6.496 -19.9928
6.496 19.9928
6.497 -19.9969
6.497 19.9969
6.498 -20.0011
6.498 20.0011
6.499 -20.0052
6.499 20.0052
6.5 -20.0094
6.5 20.0094
6.501 -20.0135
6.501 20.0135
6.502 -20.0177
6.502 20.0177
6.503 -20.0218
6.503 20.0218
6.504 -20.0259
6.504 20.0259
6.505 -20.0301
6.505 20.0301
6.506 -20.0342
6.506 20.0342
6.507 -20.0384
6.507 20.0384
6.508 -20.0425
6.508 20.0425
6.509 -20.0467
6.509 20.0467
6.51 -20.0508
6.51 20.0508
6.511 -20.0549
6.511 20.0549
6.512 -20.0591
6.512 20.0591
6.513 -20.0632
6.513 20.0632
6.514 -20.0674
6.514 20.0674
6.515 -20.0715
6.515 20.0715
6.516 -20.0757
6.516 20.0757
6.517 -20.0798
6.517 20.0798
6.518 -20.084
6.518 20.084
6.519 -20.0881
6.519 20.0881
6.52 -20.0923
6.52 20.0923
6.521 -20.0964
6.521 20.0964
6.522 -20.1006
6.522 20.1006
6.523 -20.1047
6.523 20.1047
6.524 -20.1089
6.524 20.1089
6.525 -20.113
6.525 20.113
6.526 -20.1172
6.526 20.1172
6.527 -20.1213
6.527 20.1213
6.528 -20.1254
6.528 20.1254
6.529 -20.1296
6.529 20.1296
6.53 -20.1337
6.53 20.1337
6.531 -20.1379
6.531 20.1379
6.532 -20.142
6.532 20.142
6.533 -20.1462
6.533 20.1462
6.534 -20.1503
6.534 20.1503
6.535 -20.1545
6.535 20.1545
6.536 -20.1587
6.536 20.1587
6.537 -20.1628
6.537 20.1628
6.538 -20.167
6.538 20.167
6.539 -20.1711
6.539 20.1711
6.54 -20.1753
6.54 20.1753
6.541 -20.1794
6.541 20.1794
6.542 -20.1836
6.542 20.1836
6.543 -20.1877
6.543 20.1877
6.544 -20.1919
6.544 20.1919
6.545 -20.196
6.545 20.196
6.546 -20.2002
6.546 20.2002
6.547 -20.2043
6.547 20.2043
6.548 -20.2085
6.548 20.2085
6.549 -20.2126
6.549 20.2126
6.55 -20.2168
6.55 20.2168
6.551 -20.221
6.551 20.221
6.552 -20.2251
6.552 20.2251
6.553 -20.2293
6.553 20.2293
6.554 -20.2334
6.554 20.2334
6.555 -20.2376
6.555 20.2376
6.556 -20.2417
6.556 20.2417
6.557 -20.2459
6.557 20.2459
6.558 -20.25
6.558 20.25
6.559 -20.2542
6.559 20.2542
6.56 -20.2584
6.56 20.2584
6.561 -20.2625
6.561 20.2625
6.562 -20.2667
6.562 20.2667
6.563 -20.2708
6.563 20.2708
6.564 -20.275
6.564 20.275
6.565 -20.2792
6.565 20.2792
6.566 -20.2833
6.566 20.2833
6.567 -20.2875
6.567 20.2875
6.568 -20.2916
6.568 20.2916
6.569 -20.2958
6.569 20.2958
6.57 -20.3
6.57 20.3
6.571 -20.3041
6.571 20.3041
6.572 -20.3083
6.572 20.3083
6.573 -20.3124
6.573 20.3124
6.574 -20.3166
6.574 20.3166
6.575 -20.3208
6.575 20.3208
6.576 -20.3249
6.576 20.3249
6.577 -20.3291
6.577 20.3291
6.578 -20.3332
6.578 20.3332
6.579 -20.3374
6.579 20.3374
6.58 -20.3416
6.58 20.3416
6.581 -20.3457
6.581 20.3457
6.582 -20.3499
6.582 20.3499
6.583 -20.3541
6.583 20.3541
6.584 -20.3582
6.584 20.3582
6.585 -20.3624
6.585 20.3624
6.586 -20.3666
6.586 20.3666
6.587 -20.3707
6.587 20.3707
6.588 -20.3749
6.588 20.3749
6.589 -20.379
6.589 20.379
6.59 -20.3832
6.59 20.3832
6.591 -20.3874
6.591 20.3874
6.592 -20.3915
6.592 20.3915
6.593 -20.3957
6.593 20.3957
6.594 -20.3999
6.594 20.3999
6.595 -20.404
6.595 20.404
6.596 -20.4082
6.596 20.4082
6.597 -20.4124
6.597 20.4124
6.598 -20.4166
6.598 20.4166
6.599 -20.4207
6.599 20.4207
6.6 -20.4249
6.6 20.4249
6.601 -20.4291
6.601 20.4291
6.602 -20.4332
6.602 20.4332
6.603 -20.4374
6.603 20.4374
6.604 -20.4416
6.604 20.4416
6.605 -20.4457
6.605 20.4457
6.606 -20.4499
6.606 20.4499
6.607 -20.4541
6.607 20.4541
6.608 -20.4582
6.608 20.4582
6.609 -20.4624
6.609 20.4624
6.61 -20.4666
6.61 20.4666
6.611 -20.4708
6.611 20.4708
6.612 -20.4749
6.612 20.4749
6.613 -20.4791
6.613 20.4791
6.614 -20.4833
6.614 20.4833
6.615 -20.4874
6.615 20.4874
6.616 -20.4916
6.616 20.4916
6.617 -20.4958
6.617 20.4958
6.618 -20.5
6.618 20.5
6.619 -20.5041
6.619 20.5041
6.62 -20.5083
6.62 20.5083
6.621 -20.5125
6.621 20.5125
6.622 -20.5167
6.622 20.5167
6.623 -20.5208
6.623 20.5208
6.624 -20.525
6.624 20.525
6.625 -20.5292
6.625 20.5292
6.626 -20.5334
6.626 20.5334
6.627 -20.5375
6.627 20.5375
6.628 -20.5417
6.628 20.5417
6.629 -20.5459
6.629 20.5459
6.63 -20.5501
6.63 20.5501
6.631 -20.5542
6.631 20.5542
6.632 -20.5584
6.632 20.5584
6.633 -20.5626
6.633 20.5626
6.634 -20.5668
6.634 20.5668
6.635 -20.5709
6.635 20.5709
6.636 -20.5751
6.636 20.5751
6.637 -20.5793
6.637 20.5793
6.638 -20.5835
6.638 20.5835
6.639 -20.5877
6.639 20.5877
6.64 -20.5918
6.64 20.5918
6.641 -20.596
6.641 20.596
6.642 -20.6002
6.642 20.6002
6.643 -20.6044
6.643 20.6044
6.644 -20.6086
6.644 20.6086
6.645 -20.6127
6.645 20.6127
6.646 -20.6169
6.646 20.6169
6.647 -20.6211
6.647 20.6211
6.648 -20.6253
6.648 20.6253
6.649 -20.6295
6.649 20.6295
6.65 -20.6336
6.65 20.6336
6.651 -20.6378
6.651 20.6378
6.652 -20.642
6.652 20.642
6.653 -20.6462
6.653 20.6462
6.654 -20.6504
6.654 20.6504
6.655 -20.6546
6.655 20.6546
6.656 -20.6587
6.656 20.6587
6.657 -20.6629
6.657 20.6629
6.658 -20.6671
6.658 20.6671
6.659 -20.6713
6.659 20.6713
6.66 -20.6755
6.66 20.6755
6.661 -20.6797
6.661 20.6797
6.662 -20.6838
6.662 20.6838
6.663 -20.688
6.663 20.688
6.664 -20.6922
6.664 20.6922
6.665 -20.6964
6.665 20.6964
6.666 -20.7006
6.666 20.7006
6.667 -20.7048
6.667 20.7048
6.668 -20.709
6.668 20.709
6.669 -20.7131
6.669 20.7131
6.67 -20.7173
6.67 20.7173
6.671 -20.7215
6.671 20.7215
6.672 -20.7257
6.672 20.7257
6.673 -20.7299
6.673 20.7299
6.674 -20.7341
6.674 20.7341
6.675 -20.7383
6.675 20.7383
6.676 -20.7425
6.676 20.7425
6.677 -20.7466
6.677 20.7466
6.678 -20.7508
6.678 20.7508
6.679 -20.755
6.679 20.755
6.68 -20.7592
6.68 20.7592
6.681 -20.7634
6.681 20.7634
6.682 -20.7676
6.682 20.7676
6.683 -20.7718
6.683 20.7718
6.684 -20.776
6.684 20.776
6.685 -20.7802
6.685 20.7802
6.686 -20.7844
6.686 20.7844
6.687 -20.7885
6.687 20.7885
6.688 -20.7927
6.688 20.7927
6.689 -20.7969
6.689 20.7969
6.69 -20.8011
6.69 20.8011
6.691 -20.8053
6.691 20.8053
6.692 -20.8095
6.692 20.8095
6.693 -20.8137
6.693 20.8137
6.694 -20.8179
6.694 20.8179
6.695 -20.8221
6.695 20.8221
6.696 -20.8263
6.696 20.8263
6.697 -20.8305
6.697 20.8305
6.698 -20.8347
6.698 20.8347
6.699 -20.8389
6.699 20.8389
6.7 -20.8431
6.7 20.8431
6.701 -20.8473
6.701 20.8473
6.702 -20.8514
6.702 20.8514
6.703 -20.8556
6.703 20.8556
6.704 -20.8598
6.704 20.8598
6.705 -20.864
6.705 20.864
6.706 -20.8682
6.706 20.8682
6.707 -20.8724
6.707 20.8724
6.708 -20.8766
6.708 20.8766
6.709 -20.8808
6.709 20.8808
6.71 -20.885
6.71 20.885
6.711 -20.8892
6.711 20.8892
6.712 -20.8934
6.712 20.8934
6.713 -20.8976
6.713 20.8976
6.714 -20.9018
6.714 20.9018
6.715 -20.906
6.715 20.906
6.716 -20.9102
6.716 20.9102
6.717 -20.9144
6.717 20.9144
6.718 -20.9186
6.718 20.9186
6.719 -20.9228
6.719 20.9228
6.72 -20.927
6.72 20.927
6.721 -20.9312
6.721 20.9312
6.722 -20.9354
6.722 20.9354
6.723 -20.9396
6.723 20.9396
6.724 -20.9438
6.724 20.9438
6.725 -20.948
6.725 20.948
6.726 -20.9522
6.726 20.9522
6.727 -20.9564
6.727 20.9564
6.728 -20.9606
6.728 20.9606
6.729 -20.9648
6.729 20.9648
6.73 -20.969
6.73 20.969
6.731 -20.9732
6.731 20.9732
6.732 -20.9774
6.732 20.9774
6.733 -20.9816
6.733 20.9816
6.734 -20.9858
6.734 20.9858
6.735 -20.99
6.735 20.99
6.736 -20.9942
6.736 20.9942
6.737 -20.9984
6.737 20.9984
6.738 -21.0027
6.738 21.0027
6.739 -21.0069
6.739 21.0069
6.74 -21.0111
6.74 21.0111
6.741 -21.0153
6.741 21.0153
6.742 -21.0195
6.742 21.0195
6.743 -21.0237
6.743 21.0237
6.744 -21.0279
6.744 21.0279
6.745 -21.0321
6.745 21.0321
6.746 -21.0363
6.746 21.0363
6.747 -21.0405
6.747 21.0405
6.748 -21.0447
6.748 21.0447
6.749 -21.0489
6.749 21.0489
6.75 -21.0531
6.75 21.0531
6.751 -21.0573
6.751 21.0573
6.752 -21.0615
6.752 21.0615
6.753 -21.0658
6.753 21.0658
6.754 -21.07
6.754 21.07
6.755 -21.0742
6.755 21.0742
6.756 -21.0784
6.756 21.0784
6.757 -21.0826
6.757 21.0826
6.758 -21.0868
6.758 21.0868
6.759 -21.091
6.759 21.091
6.76 -21.0952
6.76 21.0952
6.761 -21.0994
6.761 21.0994
6.762 -21.1036
6.762 21.1036
6.763 -21.1079
6.763 21.1079
6.764 -21.1121
6.764 21.1121
6.765 -21.1163
6.765 21.1163
6.766 -21.1205
6.766 21.1205
6.767 -21.1247
6.767 21.1247
6.768 -21.1289
6.768 21.1289
6.769 -21.1331
6.769 21.1331
6.77 -21.1373
6.77 21.1373
6.771 -21.1416
6.771 21.1416
6.772 -21.1458
6.772 21.1458
6.773 -21.15
6.773 21.15
6.774 -21.1542
6.774 21.1542
6.775 -21.1584
6.775 21.1584
6.776 -21.1626
6.776 21.1626
6.777 -21.1668
6.777 21.1668
6.778 -21.1711
6.778 21.1711
6.779 -21.1753
6.779 21.1753
6.78 -21.1795
6.78 21.1795
6.781 -21.1837
6.781 21.1837
6.782 -21.1879
6.782 21.1879
6.783 -21.1921
6.783 21.1921
6.784 -21.1964
6.784 21.1964
6.785 -21.2006
6.785 21.2006
6.786 -21.2048
6.786 21.2048
6.787 -21.209
6.787 21.209
6.788 -21.2132
6.788 21.2132
6.789 -21.2174
6.789 21.2174
6.79 -21.2217
6.79 21.2217
6.791 -21.2259
6.791 21.2259
6.792 -21.2301
6.792 21.2301
6.793 -21.2343
6.793 21.2343
6.794 -21.2385
6.794 21.2385
6.795 -21.2428
6.795 21.2428
6.796 -21.247
6.796 21.247
6.797 -21.2512
6.797 21.2512
6.798 -21.2554
6.798 21.2554
6.799 -21.2596
6.799 21.2596
6.8 -21.2639
6.8 21.2639
6.801 -21.2681
6.801 21.2681
6.802 -21.2723
6.802 21.2723
6.803 -21.2765
6.803 21.2765
6.804 -21.2808
6.804 21.2808
6.805 -21.285
6.805 21.285
6.806 -21.2892
6.806 21.2892
6.807 -21.2934
6.807 21.2934
6.808 -21.2976
6.808 21.2976
6.809 -21.3019
6.809 21.3019
6.81 -21.3061
6.81 21.3061
6.811 -21.3103
6.811 21.3103
6.812 -21.3145
6.812 21.3145
6.813 -21.3188
6.813 21.3188
6.814 -21.323
6.814 21.323
6.815 -21.3272
6.815 21.3272
6.816 -21.3314
6.816 21.3314
6.817 -21.3357
6.817 21.3357
6.818 -21.3399
6.818 21.3399
6.819 -21.3441
6.819 21.3441
6.82 -21.3483
6.82 21.3483
6.821 -21.3526
6.821 21.3526
6.822 -21.3568
6.822 21.3568
6.823 -21.361
6.823 21.361
6.824 -21.3653
6.824 21.3653
6.825 -21.3695
6.825 21.3695
6.826 -21.3737
6.826 21.3737
6.827 -21.3779
6.827 21.3779
6.828 -21.3822
6.828 21.3822
6.829 -21.3864
6.829 21.3864
6.83 -21.3906
6.83 21.3906
6.831 -21.3949
6.831 21.3949
6.832 -21.3991
6.832 21.3991
6.833 -21.4033
6.833 21.4033
6.834 -21.4075
6.834 21.4075
6.835 -21.4118
6.835 21.4118
6.836 -21.416
6.836 21.416
6.837 -21.4202
6.837 21.4202
6.838 -21.4245
6.838 21.4245
6.839 -21.4287
6.839 21.4287
6.84 -21.4329
6.84 21.4329
6.841 -21.4372
6.841 21.4372
6.842 -21.4414
6.842 21.4414
6.843 -21.4456
6.843 21.4456
6.844 -21.4499
6.844 21.4499
6.845 -21.4541
6.845 21.4541
6.846 -21.4583
6.846 21.4583
6.847 -21.4626
6.847 21.4626
6.848 -21.4668
6.848 21.4668
6.849 -21.471
6.849 21.471
6.85 -21.4753
6.85 21.4753
6.851 -21.4795
6.851 21.4795
6.852 -21.4837
6.852 21.4837
6.853 -21.488
6.853 21.488
6.854 -21.4922
6.854 21.4922
6.855 -21.4964
6.855 21.4964
6.856 -21.5007
6.856 21.5007
6.857 -21.5049
6.857 21.5049
6.858 -21.5091
6.858 21.5091
6.859 -21.5134
6.859 21.5134
6.86 -21.5176
6.86 21.5176
6.861 -21.5218
6.861 21.5218
6.862 -21.5261
6.862 21.5261
6.863 -21.5303
6.863 21.5303
6.864 -21.5346
6.864 21.5346
6.865 -21.5388
6.865 21.5388
6.866 -21.543
6.866 21.543
6.867 -21.5473
6.867 21.5473
6.868 -21.5515
6.868 21.5515
6.869 -21.5558
6.869 21.5558
6.87 -21.56
6.87 21.56
6.871 -21.5642
6.871 21.5642
6.872 -21.5685
6.872 21.5685
6.873 -21.5727
6.873 21.5727
6.874 -21.577
6.874 21.577
6.875 -21.5812
6.875 21.5812
6.876 -21.5854
6.876 21.5854
6.877 -21.5897
6.877 21.5897
6.878 -21.5939
6.878 21.5939
6.879 -21.5982
6.879 21.5982
6.88 -21.6024
6.88 21.6024
6.881 -21.6066
6.881 21.6066
6.882 -21.6109
6.882 21.6109
6.883 -21.6151
6.883 21.6151
6.884 -21.6194
6.884 21.6194
6.885 -21.6236
6.885 21.6236
6.886 -21.6279
6.886 21.6279
6.887 -21.6321
6.887 21.6321
6.888 -21.6364
6.888 21.6364
6.889 -21.6406
6.889 21.6406
6.89 -21.6448
6.89 21.6448
6.891 -21.6491
6.891 21.6491
6.892 -21.6533
6.892 21.6533
6.893 -21.6576
6.893 21.6576
6.894 -21.6618
6.894 21.6618
6.895 -21.6661
6.895 21.6661
6.896 -21.6703
6.896 21.6703
6.897 -21.6746
6.897 21.6746
6.898 -21.6788
6.898 21.6788
6.899 -21.6831
6.899 21.6831
6.9 -21.6873
6.9 21.6873
6.901 -21.6915
6.901 21.6915
6.902 -21.6958
6.902 21.6958
6.903 -21.7
6.903 21.7
6.904 -21.7043
6.904 21.7043
6.905 -21.7085
6.905 21.7085
6.906 -21.7128
6.906 21.7128
6.907 -21.717
6.907 21.717
6.908 -21.7213
6.908 21.7213
6.909 -21.7255
6.909 21.7255
6.91 -21.7298
6.91 21.7298
6.911 -21.734
6.911 21.734
6.912 -21.7383
6.912 21.7383
6.913 -21.7425
6.913 21.7425
6.914 -21.7468
6.914 21.7468
6.915 -21.751
6.915 21.751
6.916 -21.7553
6.916 21.7553
6.917 -21.7595
6.917 21.7595
6.918 -21.7638
6.918 21.7638
6.919 -21.768
6.919 21.768
6.92 -21.7723
6.92 21.7723
6.921 -21.7766
6.921 21.7766
6.922 -21.7808
6.922 21.7808
6.923 -21.7851
6.923 21.7851
6.924 -21.7893
6.924 21.7893
6.925 -21.7936
6.925 21.7936
6.926 -21.7978
6.926 21.7978
6.927 -21.8021
6.927 21.8021
6.928 -21.8063
6.928 21.8063
6.929 -21.8106
6.929 21.8106
6.93 -21.8148
6.93 21.8148
6.931 -21.8191
6.931 21.8191
6.932 -21.8234
6.932 21.8234
6.933 -21.8276
6.933 21.8276
6.934 -21.8319
6.934 21.8319
6.935 -21.8361
6.935 21.8361
6.936 -21.8404
6.936 21.8404
6.937 -21.8446
6.937 21.8446
6.938 -21.8489
6.938 21.8489
6.939 -21.8531
6.939 21.8531
6.94 -21.8574
6.94 21.8574
6.941 -21.8617
6.941 21.8617
6.942 -21.8659
6.942 21.8659
6.943 -21.8702
6.943 21.8702
6.944 -21.8744
6.944 21.8744
6.945 -21.8787
6.945 21.8787
6.946 -21.883
6.946 21.883
6.947 -21.8872
6.947 21.8872
6.948 -21.8915
6.948 21.8915
6.949 -21.8957
6.949 21.8957
6.95 -21.9
6.95 21.9
6.951 -21.9043
6.951 21.9043
6.952 -21.9085
6.952 21.9085
6.953 -21.9128
6.953 21.9128
6.954 -21.917
6.954 21.917
6.955 -21.9213
6.955 21.9213
6.956 -21.9256
6.956 21.9256
6.957 -21.9298
6.957 21.9298
6.958 -21.9341
6.958 21.9341
6.959 -21.9384
6.959 21.9384
6.96 -21.9426
6.96 21.9426
6.961 -21.9469
6.961 21.9469
6.962 -21.9511
6.962 21.9511
6.963 -21.9554
6.963 21.9554
6.964 -21.9597
6.964 21.9597
6.965 -21.9639
6.965 21.9639
6.966 -21.9682
6.966 21.9682
6.967 -21.9725
6.967 21.9725
6.968 -21.9767
6.968 21.9767
6.969 -21.981
6.969 21.981
6.97 -21.9853
6.97 21.9853
6.971 -21.9895
6.971 21.9895
6.972 -21.9938
6.972 21.9938
6.973 -21.9981
6.973 21.9981
6.974 -22.0023
6.974 22.0023
6.975 -22.0066
6.975 22.0066
6.976 -22.0109
6.976 22.0109
6.977 -22.0151
6.977 22.0151
6.978 -22.0194
6.978 22.0194
6.979 -22.0237
6.979 22.0237
6.98 -22.0279
6.98 22.0279
6.981 -22.0322
6.981 22.0322
6.982 -22.0365
6.982 22.0365
6.983 -22.0407
6.983 22.0407
6.984 -22.045
6.984 22.045
6.985 -22.0493
6.985 22.0493
6.986 -22.0535
6.986 22.0535
6.987 -22.0578
6.987 22.0578
6.988 -22.0621
6.988 22.0621
6.989 -22.0664
6.989 22.0664
6.99 -22.0706
6.99 22.0706
6.991 -22.0749
6.991 22.0749
6.992 -22.0792
6.992 22.0792
6.993 -22.0834
6.993 22.0834
6.994 -22.0877
6.994 22.0877
6.995 -22.092
6.995 22.092
6.996 -22.0963
6.996 22.0963
6.997 -22.1005
6.997 22.1005
6.998 -22.1048
6.998 22.1048
6.999 -22.1091
6.999 22.1091
7 -22.1133
7 22.1133
7.001 -22.1176
7.001 22.1176
7.002 -22.1219
7.002 22.1219
7.003 -22.1262
7.003 22.1262
7.004 -22.1304
7.004 22.1304
7.005 -22.1347
7.005 22.1347
7.006 -22.139
7.006 22.139
7.007 -22.1433
7.007 22.1433
7.008 -22.1475
7.008 22.1475
7.009 -22.1518
7.009 22.1518
7.01 -22.1561
7.01 22.1561
7.011 -22.1604
7.011 22.1604
7.012 -22.1646
7.012 22.1646
7.013 -22.1689
7.013 22.1689
7.014 -22.1732
7.014 22.1732
7.015 -22.1775
7.015 22.1775
7.016 -22.1818
7.016 22.1818
7.017 -22.186
7.017 22.186
7.018 -22.1903
7.018 22.1903
7.019 -22.1946
7.019 22.1946
7.02 -22.1989
7.02 22.1989
7.021 -22.2031
7.021 22.2031
7.022 -22.2074
7.022 22.2074
7.023 -22.2117
7.023 22.2117
7.024 -22.216
7.024 22.216
7.025 -22.2203
7.025 22.2203
7.026 -22.2245
7.026 22.2245
7.027 -22.2288
7.027 22.2288
7.028 -22.2331
7.028 22.2331
7.029 -22.2374
7.029 22.2374
7.03 -22.2417
7.03 22.2417
7.031 -22.2459
7.031 22.2459
7.032 -22.2502
7.032 22.2502
7.033 -22.2545
7.033 22.2545
7.034 -22.2588
7.034 22.2588
7.035 -22.2631
7.035 22.2631
7.036 -22.2674
7.036 22.2674
7.037 -22.2716
7.037 22.2716
7.038 -22.2759
7.038 22.2759
7.039 -22.2802
7.039 22.2802
7.04 -22.2845
7.04 22.2845
7.041 -22.2888
7.041 22.2888
7.042 -22.2931
7.042 22.2931
7.043 -22.2973
7.043 22.2973
7.044 -22.3016
7.044 22.3016
7.045 -22.3059
7.045 22.3059
7.046 -22.3102
7.046 22.3102
7.047 -22.3145
7.047 22.3145
7.048 -22.3188
7.048 22.3188
7.049 -22.3231
7.049 22.3231
7.05 -22.3273
7.05 22.3273
7.051 -22.3316
7.051 22.3316
7.052 -22.3359
7.052 22.3359
7.053 -22.3402
7.053 22.3402
7.054 -22.3445
7.054 22.3445
7.055 -22.3488
7.055 22.3488
7.056 -22.3531
7.056 22.3531
7.057 -22.3574
7.057 22.3574
7.058 -22.3616
7.058 22.3616
7.059 -22.3659
7.059 22.3659
7.06 -22.3702
7.06 22.3702
7.061 -22.3745
7.061 22.3745
7.062 -22.3788
7.062 22.3788
7.063 -22.3831
7.063 22.3831
7.064 -22.3874
7.064 22.3874
7.065 -22.3917
7.065 22.3917
7.066 -22.396
7.066 22.396
7.067 -22.4002
7.067 22.4002
7.068 -22.4045
7.068 22.4045
7.069 -22.4088
7.069 22.4088
7.07 -22.4131
7.07 22.4131
7.071 -22.4174
7.071 22.4174
7.072 -22.4217
7.072 22.4217
7.073 -22.426
7.073 22.426
7.074 -22.4303
7.074 22.4303
7.075 -22.4346
7.075 22.4346
7.076 -22.4389
7.076 22.4389
7.077 -22.4432
7.077 22.4432
7.078 -22.4475
7.078 22.4475
7.079 -22.4518
7.079 22.4518
7.08 -22.456
7.08 22.456
7.081 -22.4603
7.081 22.4603
7.082 -22.4646
7.082 22.4646
7.083 -22.4689
7.083 22.4689
7.084 -22.4732
7.084 22.4732
7.085 -22.4775
7.085 22.4775
7.086 -22.4818
7.086 22.4818
7.087 -22.4861
7.087 22.4861
7.088 -22.4904
7.088 22.4904
7.089 -22.4947
7.089 22.4947
7.09 -22.499
7.09 22.499
7.091 -22.5033
7.091 22.5033
7.092 -22.5076
7.092 22.5076
7.093 -22.5119
7.093 22.5119
7.094 -22.5162
7.094 22.5162
7.095 -22.5205
7.095 22.5205
7.096 -22.5248
7.096 22.5248
7.097 -22.5291
7.097 22.5291
7.098 -22.5334
7.098 22.5334
7.099 -22.5377
7.099 22.5377
7.1 -22.542
7.1 22.542
7.101 -22.5463
7.101 22.5463
7.102 -22.5506
7.102 22.5506
7.103 -22.5549
7.103 22.5549
7.104 -22.5592
7.104 22.5592
7.105 -22.5635
7.105 22.5635
7.106 -22.5678
7.106 22.5678
7.107 -22.5721
7.107 22.5721
7.108 -22.5764
7.108 22.5764
7.109 -22.5807
7.109 22.5807
7.11 -22.585
7.11 22.585
7.111 -22.5893
7.111 22.5893
7.112 -22.5936
7.112 22.5936
7.113 -22.5979
7.113 22.5979
7.114 -22.6022
7.114 22.6022
7.115 -22.6065
7.115 22.6065
7.116 -22.6108
7.116 22.6108
7.117 -22.6151
7.117 22.6151
7.118 -22.6194
7.118 22.6194
7.119 -22.6237
7.119 22.6237
7.12 -22.628
7.12 22.628
7.121 -22.6323
7.121 22.6323
7.122 -22.6366
7.122 22.6366
7.123 -22.6409
7.123 22.6409
7.124 -22.6452
7.124 22.6452
7.125 -22.6495
7.125 22.6495
7.126 -22.6539
7.126 22.6539
7.127 -22.6582
7.127 22.6582
7.128 -22.6625
7.128 22.6625
7.129 -22.6668
7.129 22.6668
7.13 -22.6711
7.13 22.6711
7.131 -22.6754
7.131 22.6754
7.132 -22.6797
7.132 22.6797
7.133 -22.684
7.133 22.684
7.134 -22.6883
7.134 22.6883
7.135 -22.6926
7.135 22.6926
7.136 -22.6969
7.136 22.6969
7.137 -22.7012
7.137 22.7012
7.138 -22.7055
7.138 22.7055
7.139 -22.7099
7.139 22.7099
7.14 -22.7142
7.14 22.7142
7.141 -22.7185
7.141 22.7185
7.142 -22.7228
7.142 22.7228
7.143 -22.7271
7.143 22.7271
7.144 -22.7314
7.144 22.7314
7.145 -22.7357
7.145 22.7357
7.146 -22.74
7.146 22.74
7.147 -22.7443
7.147 22.7443
7.148 -22.7486
7.148 22.7486
7.149 -22.753
7.149 22.753
7.15 -22.7573
7.15 22.7573
7.151 -22.7616
7.151 22.7616
7.152 -22.7659
7.152 22.7659
7.153 -22.7702
7.153 22.7702
7.154 -22.7745
7.154 22.7745
7.155 -22.7788
7.155 22.7788
7.156 -22.7831
7.156 22.7831
7.157 -22.7875
7.157 22.7875
7.158 -22.7918
7.158 22.7918
7.159 -22.7961
7.159 22.7961
7.16 -22.8004
7.16 22.8004
7.161 -22.8047
7.161 22.8047
7.162 -22.809
7.162 22.809
7.163 -22.8134
7.163 22.8134
7.164 -22.8177
7.164 22.8177
7.165 -22.822
7.165 22.822
7.166 -22.8263
7.166 22.8263
7.167 -22.8306
7.167 22.8306
7.168 -22.8349
7.168 22.8349
7.169 -22.8392
7.169 22.8392
7.17 -22.8436
7.17 22.8436
7.171 -22.8479
7.171 22.8479
7.172 -22.8522
7.172 22.8522
7.173 -22.8565
7.173 22.8565
7.174 -22.8608
7.174 22.8608
7.175 -22.8652
7.175 22.8652
7.176 -22.8695
7.176 22.8695
7.177 -22.8738
7.177 22.8738
7.178 -22.8781
7.178 22.8781
7.179 -22.8824
7.179 22.8824
7.18 -22.8868
7.18 22.8868
7.181 -22.8911
7.181 22.8911
7.182 -22.8954
7.182 22.8954
7.183 -22.8997
7.183 22.8997
7.184 -22.904
7.184 22.904
7.185 -22.9084
7.185 22.9084
7.186 -22.9127
7.186 22.9127
7.187 -22.917
7.187 22.917
7.188 -22.9213
7.188 22.9213
7.189 -22.9256
7.189 22.9256
7.19 -22.93
7.19 22.93
7.191 -22.9343
7.191 22.9343
7.192 -22.9386
7.192 22.9386
7.193 -22.9429
7.193 22.9429
7.194 -22.9473
7.194 22.9473
7.195 -22.9516
7.195 22.9516
7.196 -22.9559
7.196 22.9559
7.197 -22.9602
7.197 22.9602
7.198 -22.9646
7.198 22.9646
7.199 -22.9689
7.199 22.9689
7.2 -22.9732
7.2 22.9732
7.201 -22.9775
7.201 22.9775
7.202 -22.9819
7.202 22.9819
7.203 -22.9862
7.203 22.9862
7.204 -22.9905
7.204 22.9905
7.205 -22.9948
7.205 22.9948
7.206 -22.9992
7.206 22.9992
7.207 -23.0035
7.207 23.0035
7.208 -23.0078
7.208 23.0078
7.209 -23.0121
7.209 23.0121
7.21 -23.0165
7.21 23.0165
7.211 -23.0208
7.211 23.0208
7.212 -23.0251
7.212 23.0251
7.213 -23.0294
7.213 23.0294
7.214 -23.0338
7.214 23.0338
7.215 -23.0381
7.215 23.0381
7.216 -23.0424
7.216 23.0424
7.217 -23.0468
7.217 23.0468
7.218 -23.0511
7.218 23.0511
7.219 -23.0554
7.219 23.0554
7.22 -23.0598
7.22 23.0598
7.221 -23.0641
7.221 23.0641
7.222 -23.0684
7.222 23.0684
7.223 -23.0727
7.223 23.0727
7.224 -23.0771
7.224 23.0771
7.225 -23.0814
7.225 23.0814
7.226 -23.0857
7.226 23.0857
7.227 -23.0901
7.227 23.0901
7.228 -23.0944
7.228 23.0944
7.229 -23.0987
7.229 23.0987
7.23 -23.1031
7.23 23.1031
7.231 -23.1074
7.231 23.1074
7.232 -23.1117
7.232 23.1117
7.233 -23.1161
7.233 23.1161
7.234 -23.1204
7.234 23.1204
7.235 -23.1247
7.235 23.1247
7.236 -23.1291
7.236 23.1291
7.237 -23.1334
7.237 23.1334
7.238 -23.1377
7.238 23.1377
7.239 -23.1421
7.239 23.1421
7.24 -23.1464
7.24 23.1464
7.241 -23.1507
7.241 23.1507
7.242 -23.1551
7.242 23.1551
7.243 -23.1594
7.243 23.1594
7.244 -23.1638
7.244 23.1638
7.245 -23.1681
7.245 23.1681
7.246 -23.1724
7.246 23.1724
7.247 -23.1768
7.247 23.1768
7.248 -23.1811
7.248 23.1811
7.249 -23.1854
7.249 23.1854
7.25 -23.1898
7.25 23.1898
7.251 -23.1941
7.251 23.1941
7.252 -23.1985
7.252 23.1985
7.253 -23.2028
7.253 23.2028
7.254 -23.2071
7.254 23.2071
7.255 -23.2115
7.255 23.2115
7.256 -23.2158
7.256 23.2158
7.257 -23.2201
7.257 23.2201
7.258 -23.2245
7.258 23.2245
7.259 -23.2288
7.259 23.2288
7.26 -23.2332
7.26 23.2332
7.261 -23.2375
7.261 23.2375
7.262 -23.2418
7.262 23.2418
7.263 -23.2462
7.263 23.2462
7.264 -23.2505
7.264 23.2505
7.265 -23.2549
7.265 23.2549
7.266 -23.2592
7.266 23.2592
7.267 -23.2636
7.267 23.2636
7.268 -23.2679
7.268 23.2679
7.269 -23.2722
7.269 23.2722
7.27 -23.2766
7.27 23.2766
7.271 -23.2809
7.271 23.2809
7.272 -23.2853
7.272 23.2853
7.273 -23.2896
7.273 23.2896
7.274 -23.294
7.274 23.294
7.275 -23.2983
7.275 23.2983
7.276 -23.3026
7.276 23.3026
7.277 -23.307
7.277 23.307
7.278 -23.3113
7.278 23.3113
7.279 -23.3157
7.279 23.3157
7.28 -23.32
7.28 23.32
7.281 -23.3244
7.281 23.3244
7.282 -23.3287
7.282 23.3287
7.283 -23.3331
7.283 23.3331
7.284 -23.3374
7.284 23.3374
7.285 -23.3418
7.285 23.3418
7.286 -23.3461
7.286 23.3461
7.287 -23.3504
7.287 23.3504
7.288 -23.3548
7.288 23.3548
7.289 -23.3591
7.289 23.3591
7.29 -23.3635
7.29 23.3635
7.291 -23.3678
7.291 23.3678
7.292 -23.3722
7.292 23.3722
7.293 -23.3765
7.293 23.3765
7.294 -23.3809
7.294 23.3809
7.295 -23.3852
7.295 23.3852
7.296 -23.3896
7.296 23.3896
7.297 -23.3939
7.297 23.3939
7.298 -23.3983
7.298 23.3983
7.299 -23.4026
7.299 23.4026
7.3 -23.407
7.3 23.407
7.301 -23.4113
7.301 23.4113
7.302 -23.4157
7.302 23.4157
7.303 -23.42
7.303 23.42
7.304 -23.4244
7.304 23.4244
7.305 -23.4287
7.305 23.4287
7.306 -23.4331
7.306 23.4331
7.307 -23.4374
7.307 23.4374
7.308 -23.4418
7.308 23.4418
7.309 -23.4462
7.309 23.4462
7.31 -23.4505
7.31 23.4505
7.311 -23.4549
7.311 23.4549
7.312 -23.4592
7.312 23.4592
7.313 -23.4636
7.313 23.4636
7.314 -23.4679
7.314 23.4679
7.315 -23.4723
7.315 23.4723
7.316 -23.4766
7.316 23.4766
7.317 -23.481
7.317 23.481
7.318 -23.4853
7.318 23.4853
7.319 -23.4897
7.319 23.4897
7.32 -23.494
7.32 23.494
7.321 -23.4984
7.321 23.4984
7.322 -23.5028
7.322 23.5028
7.323 -23.5071
7.323 23.5071
7.324 -23.5115
7.324 23.5115
7.325 -23.5158
7.325 23.5158
7.326 -23.5202
7.326 23.5202
7.327 -23.5245
7.327 23.5245
7.328 -23.5289
7.328 23.5289
7.329 -23.5333
7.329 23.5333
7.33 -23.5376
7.33 23.5376
7.331 -23.542
7.331 23.542
7.332 -23.5463
7.332 23.5463
7.333 -23.5507
7.333 23.5507
7.334 -23.5551
7.334 23.5551
7.335 -23.5594
7.335 23.5594
7.336 -23.5638
7.336 23.5638
7.337 -23.5681
7.337 23.5681
7.338 -23.5725
7.338 23.5725
7.339 -23.5769
7.339 23.5769
7.34 -23.5812
7.34 23.5812
7.341 -23.5856
7.341 23.5856
7.342 -23.5899
7.342 23.5899
7.343 -23.5943
7.343 23.5943
7.344 -23.5987
7.344 23.5987
7.345 -23.603
7.345 23.603
7.346 -23.6074
7.346 23.6074
7.347 -23.6117
7.347 23.6117
7.348 -23.6161
7.348 23.6161
7.349 -23.6205
7.349 23.6205
7.35 -23.6248
7.35 23.6248
7.351 -23.6292
7.351 23.6292
7.352 -23.6336
7.352 23.6336
7.353 -23.6379
7.353 23.6379
7.354 -23.6423
7.354 23.6423
7.355 -23.6467
7.355 23.6467
7.356 -23.651
7.356 23.651
7.357 -23.6554
7.357 23.6554
7.358 -23.6598
7.358 23.6598
7.359 -23.6641
7.359 23.6641
7.36 -23.6685
7.36 23.6685
7.361 -23.6728
7.361 23.6728
7.362 -23.6772
7.362 23.6772
7.363 -23.6816
7.363 23.6816
7.364 -23.6859
7.364 23.6859
7.365 -23.6903
7.365 23.6903
7.366 -23.6947
7.366 23.6947
7.367 -23.699
7.367 23.699
7.368 -23.7034
7.368 23.7034
7.369 -23.7078
7.369 23.7078
7.37 -23.7122
7.37 23.7122
7.371 -23.7165
7.371 23.7165
7.372 -23.7209
7.372 23.7209
7.373 -23.7253
7.373 23.7253
7.374 -23.7296
7.374 23.7296
7.375 -23.734
7.375 23.734
7.376 -23.7384
7.376 23.7384
7.377 -23.7427
7.377 23.7427
7.378 -23.7471
7.378 23.7471
7.379 -23.7515
7.379 23.7515
7.38 -23.7559
7.38 23.7559
7.381 -23.7602
7.381 23.7602
7.382 -23.7646
7.382 23.7646
7.383 -23.769
7.383 23.769
7.384 -23.7733
7.384 23.7733
7.385 -23.7777
7.385 23.7777
7.386 -23.7821
7.386 23.7821
7.387 -23.7865
7.387 23.7865
7.388 -23.7908
7.388 23.7908
7.389 -23.7952
7.389 23.7952
7.39 -23.7996
7.39 23.7996
7.391 -23.8039
7.391 23.8039
7.392 -23.8083
7.392 23.8083
7.393 -23.8127
7.393 23.8127
7.394 -23.8171
7.394 23.8171
7.395 -23.8214
7.395 23.8214
7.396 -23.8258
7.396 23.8258
7.397 -23.8302
7.397 23.8302
7.398 -23.8346
7.398 23.8346
7.399 -23.8389
7.399 23.8389
7.4 -23.8433
7.4 23.8433
7.401 -23.8477
7.401 23.8477
7.402 -23.8521
7.402 23.8521
7.403 -23.8565
7.403 23.8565
7.404 -23.8608
7.404 23.8608
7.405 -23.8652
7.405 23.8652
7.406 -23.8696
7.406 23.8696
7.407 -23.874
7.407 23.874
7.408 -23.8783
7.408 23.8783
7.409 -23.8827
7.409 23.8827
7.41 -23.8871
7.41 23.8871
7.411 -23.8915
7.411 23.8915
7.412 -23.8959
7.412 23.8959
7.413 -23.9002
7.413 23.9002
7.414 -23.9046
7.414 23.9046
7.415 -23.909
7.415 23.909
7.416 -23.9134
7.416 23.9134
7.417 -23.9178
7.417 23.9178
7.418 -23.9221
7.418 23.9221
7.419 -23.9265
7.419 23.9265
7.42 -23.9309
7.42 23.9309
7.421 -23.9353
7.421 23.9353
7.422 -23.9397
7.422 23.9397
7.423 -23.944
7.423 23.944
7.424 -23.9484
7.424 23.9484
7.425 -23.9528
7.425 23.9528
7.426 -23.9572
7.426 23.9572
7.427 -23.9616
7.427 23.9616
7.428 -23.966
7.428 23.966
7.429 -23.9703
7.429 23.9703
7.43 -23.9747
7.43 23.9747
7.431 -23.9791
7.431 23.9791
7.432 -23.9835
7.432 23.9835
7.433 -23.9879
7.433 23.9879
7.434 -23.9923
7.434 23.9923
7.435 -23.9966
7.435 23.9966
7.436 -24.001
7.436 24.001
7.437 -24.0054
7.437 24.0054
7.438 -24.0098
7.438 24.0098
7.439 -24.0142
7.439 24.0142
7.44 -24.0186
7.44 24.0186
7.441 -24.023
7.441 24.023
7.442 -24.0273
7.442 24.0273
7.443 -24.0317
7.443 24.0317
7.444 -24.0361
7.444 24.0361
7.445 -24.0405
7.445 24.0405
7.446 -24.0449
7.446 24.0449
7.447 -24.0493
7.447 24.0493
7.448 -24.0537
7.448 24.0537
7.449 -24.0581
7.449 24.0581
7.45 -24.0624
7.45 24.0624
7.451 -24.0668
7.451 24.0668
7.452 -24.0712
7.452 24.0712
7.453 -24.0756
7.453 24.0756
7.454 -24.08
7.454 24.08
7.455 -24.0844
7.455 24.0844
7.456 -24.0888
7.456 24.0888
7.457 -24.0932
7.457 24.0932
7.458 -24.0976
7.458 24.0976
7.459 -24.102
7.459 24.102
7.46 -24.1063
7.46 24.1063
7.461 -24.1107
7.461 24.1107
7.462 -24.1151
7.462 24.1151
7.463 -24.1195
7.463 24.1195
7.464 -24.1239
7.464 24.1239
7.465 -24.1283
7.465 24.1283
7.466 -24.1327
7.466 24.1327
7.467 -24.1371
7.467 24.1371
7.468 -24.1415
7.468 24.1415
7.469 -24.1459
7.469 24.1459
7.47 -24.1503
7.47 24.1503
7.471 -24.1547
7.471 24.1547
7.472 -24.1591
7.472 24.1591
7.473 -24.1635
7.473 24.1635
7.474 -24.1678
7.474 24.1678
7.475 -24.1722
7.475 24.1722
7.476 -24.1766
7.476 24.1766
7.477 -24.181
7.477 24.181
7.478 -24.1854
7.478 24.1854
7.479 -24.1898
7.479 24.1898
7.48 -24.1942
7.48 24.1942
7.481 -24.1986
7.481 24.1986
7.482 -24.203
7.482 24.203
7.483 -24.2074
7.483 24.2074
7.484 -24.2118
7.484 24.2118
7.485 -24.2162
7.485 24.2162
7.486 -24.2206
7.486 24.2206
7.487 -24.225
7.487 24.225
7.488 -24.2294
7.488 24.2294
7.489 -24.2338
7.489 24.2338
7.49 -24.2382
7.49 24.2382
7.491 -24.2426
7.491 24.2426
7.492 -24.247
7.492 24.247
7.493 -24.2514
7.493 24.2514
7.494 -24.2558
7.494 24.2558
7.495 -24.2602
7.495 24.2602
7.496 -24.2646
7.496 24.2646
7.497 -24.269
7.497 24.269
7.498 -24.2734
7.498 24.2734
7.499 -24.2778
7.499 24.2778
7.5 -24.2822
7.5 24.2822
7.501 -24.2866
7.501 24.2866
7.502 -24.291
7.502 24.291
7.503 -24.2954
7.503 24.2954
7.504 -24.2998
7.504 24.2998
7.505 -24.3042
7.505 24.3042
7.506 -24.3086
7.506 24.3086
7.507 -24.313
7.507 24.313
7.508 -24.3174
7.508 24.3174
7.509 -24.3218
7.509 24.3218
7.51 -24.3262
7.51 24.3262
7.511 -24.3306
7.511 24.3306
7.512 -24.335
7.512 24.335
7.513 -24.3394
7.513 24.3394
7.514 -24.3438
7.514 24.3438
7.515 -24.3482
7.515 24.3482
7.516 -24.3526
7.516 24.3526
7.517 -24.3571
7.517 24.3571
7.518 -24.3615
7.518 24.3615
7.519 -24.3659
7.519 24.3659
7.52 -24.3703
7.52 24.3703
7.521 -24.3747
7.521 24.3747
7.522 -24.3791
7.522 24.3791
7.523 -24.3835
7.523 24.3835
7.524 -24.3879
7.524 24.3879
7.525 -24.3923
7.525 24.3923
7.526 -24.3967
7.526 24.3967
7.527 -24.4011
7.527 24.4011
7.528 -24.4055
7.528 24.4055
7.529 -24.4099
7.529 24.4099
7.53 -24.4143
7.53 24.4143
7.531 -24.4188
7.531 24.4188
7.532 -24.4232
7.532 24.4232
7.533 -24.4276
7.533 24.4276
7.534 -24.432
7.534 24.432
7.535 -24.4364
7.535 24.4364
7.536 -24.4408
7.536 24.4408
7.537 -24.4452
7.537 24.4452
7.538 -24.4496
7.538 24.4496
7.539 -24.454
7.539 24.454
7.54 -24.4585
7.54 24.4585
7.541 -24.4629
7.541 24.4629
7.542 -24.4673
7.542 24.4673
7.543 -24.4717
7.543 24.4717
7.544 -24.4761
7.544 24.4761
7.545 -24.4805
7.545 24.4805
7.546 -24.4849
7.546 24.4849
7.547 -24.4893
7.547 24.4893
7.548 -24.4938
7.548 24.4938
7.549 -24.4982
7.549 24.4982
7.55 -24.5026
7.55 24.5026
7.551 -24.507
7.551 24.507
7.552 -24.5114
7.552 24.5114
7.553 -24.5158
7.553 24.5158
7.554 -24.5202
7.554 24.5202
7.555 -24.5247
7.555 24.5247
7.556 -24.5291
7.556 24.5291
7.557 -24.5335
7.557 24.5335
7.558 -24.5379
7.558 24.5379
7.559 -24.5423
7.559 24.5423
7.56 -24.5467
7.56 24.5467
7.561 -24.5511
7.561 24.5511
7.562 -24.5556
7.562 24.5556
7.563 -24.56
7.563 24.56
7.564 -24.5644
7.564 24.5644
7.565 -24.5688
7.565 24.5688
7.566 -24.5732
7.566 24.5732
7.567 -24.5777
7.567 24.5777
7.568 -24.5821
7.568 24.5821
7.569 -24.5865
7.569 24.5865
7.57 -24.5909
7.57 24.5909
7.571 -24.5953
7.571 24.5953
7.572 -24.5997
7.572 24.5997
7.573 -24.6042
7.573 24.6042
7.574 -24.6086
7.574 24.6086
7.575 -24.613
7.575 24.613
7.576 -24.6174
7.576 24.6174
7.577 -24.6218
7.577 24.6218
7.578 -24.6263
7.578 24.6263
7.579 -24.6307
7.579 24.6307
7.58 -24.6351
7.58 24.6351
7.581 -24.6395
7.581 24.6395
7.582 -24.644
7.582 24.644
7.583 -24.6484
7.583 24.6484
7.584 -24.6528
7.584 24.6528
7.585 -24.6572
7.585 24.6572
7.586 -24.6616
7.586 24.6616
7.587 -24.6661
7.587 24.6661
7.588 -24.6705
7.588 24.6705
7.589 -24.6749
7.589 24.6749
7.59 -24.6793
7.59 24.6793
7.591 -24.6838
7.591 24.6838
7.592 -24.6882
7.592 24.6882
7.593 -24.6926
7.593 24.6926
7.594 -24.697
7.594 24.697
7.595 -24.7015
7.595 24.7015
7.596 -24.7059
7.596 24.7059
7.597 -24.7103
7.597 24.7103
7.598 -24.7147
7.598 24.7147
7.599 -24.7192
7.599 24.7192
7.6 -24.7236
7.6 24.7236
7.601 -24.728
7.601 24.728
7.602 -24.7324
7.602 24.7324
7.603 -24.7369
7.603 24.7369
7.604 -24.7413
7.604 24.7413
7.605 -24.7457
7.605 24.7457
7.606 -24.7502
7.606 24.7502
7.607 -24.7546
7.607 24.7546
7.608 -24.759
7.608 24.759
7.609 -24.7634
7.609 24.7634
7.61 -24.7679
7.61 24.7679
7.611 -24.7723
7.611 24.7723
7.612 -24.7767
7.612 24.7767
7.613 -24.7812
7.613 24.7812
7.614 -24.7856
7.614 24.7856
7.615 -24.79
7.615 24.79
7.616 -24.7944
7.616 24.7944
7.617 -24.7989
7.617 24.7989
7.618 -24.8033
7.618 24.8033
7.619 -24.8077
7.619 24.8077
7.62 -24.8122
7.62 24.8122
7.621 -24.8166
7.621 24.8166
7.622 -24.821
7.622 24.821
7.623 -24.8255
7.623 24.8255
7.624 -24.8299
7.624 24.8299
7.625 -24.8343
7.625 24.8343
7.626 -24.8388
7.626 24.8388
7.627 -24.8432
7.627 24.8432
7.628 -24.8476
7.628 24.8476
7.629 -24.8521
7.629 24.8521
7.63 -24.8565
7.63 24.8565
7.631 -24.8609
7.631 24.8609
7.632 -24.8654
7.632 24.8654
7.633 -24.8698
7.633 24.8698
7.634 -24.8742
7.634 24.8742
7.635 -24.8787
7.635 24.8787
7.636 -24.8831
7.636 24.8831
7.637 -24.8875
7.637 24.8875
7.638 -24.892
7.638 24.892
7.639 -24.8964
7.639 24.8964
7.64 -24.9009
7.64 24.9009
7.641 -24.9053
7.641 24.9053
7.642 -24.9097
7.642 24.9097
7.643 -24.9142
7.643 24.9142
7.644 -24.9186
7.644 24.9186
7.645 -24.923
7.645 24.923
7.646 -24.9275
7.646 24.9275
7.647 -24.9319
7.647 24.9319
7.648 -24.9364
7.648 24.9364
7.649 -24.9408
7.649 24.9408
7.65 -24.9452
7.65 24.9452
7.651 -24.9497
7.651 24.9497
7.652 -24.9541
7.652 24.9541
7.653 -24.9586
7.653 24.9586
7.654 -24.963
7.654 24.963
7.655 -24.9674
7.655 24.9674
7.656 -24.9719
7.656 24.9719
7.657 -24.9763
7.657 24.9763
7.658 -24.9808
7.658 24.9808
7.659 -24.9852
7.659 24.9852
7.66 -24.9896
7.66 24.9896
7.661 -24.9941
7.661 24.9941
7.662 -24.9985
7.662 24.9985
7.663 -25.003
7.663 25.003
7.664 -25.0074
7.664 25.0074
7.665 -25.0118
7.665 25.0118
7.666 -25.0163
7.666 25.0163
7.667 -25.0207
7.667 25.0207
7.668 -25.0252
7.668 25.0252
7.669 -25.0296
7.669 25.0296
7.67 -25.0341
7.67 25.0341
7.671 -25.0385
7.671 25.0385
7.672 -25.043
7.672 25.043
7.673 -25.0474
7.673 25.0474
7.674 -25.0518
7.674 25.0518
7.675 -25.0563
7.675 25.0563
7.676 -25.0607
7.676 25.0607
7.677 -25.0652
7.677 25.0652
7.678 -25.0696
7.678 25.0696
7.679 -25.0741
7.679 25.0741
7.68 -25.0785
7.68 25.0785
7.681 -25.083
7.681 25.083
7.682 -25.0874
7.682 25.0874
7.683 -25.0919
7.683 25.0919
7.684 -25.0963
7.684 25.0963
7.685 -25.1008
7.685 25.1008
7.686 -25.1052
7.686 25.1052
7.687 -25.1096
7.687 25.1096
7.688 -25.1141
7.688 25.1141
7.689 -25.1185
7.689 25.1185
7.69 -25.123
7.69 25.123
7.691 -25.1274
7.691 25.1274
7.692 -25.1319
7.692 25.1319
7.693 -25.1363
7.693 25.1363
7.694 -25.1408
7.694 25.1408
7.695 -25.1452
7.695 25.1452
7.696 -25.1497
7.696 25.1497
7.697 -25.1541
7.697 25.1541
7.698 -25.1586
7.698 25.1586
7.699 -25.163
7.699 25.163
7.7 -25.1675
7.7 25.1675
7.701 -25.172
7.701 25.172
7.702 -25.1764
7.702 25.1764
7.703 -25.1809
7.703 25.1809
7.704 -25.1853
7.704 25.1853
7.705 -25.1898
7.705 25.1898
7.706 -25.1942
7.706 25.1942
7.707 -25.1987
7.707 25.1987
7.708 -25.2031
7.708 25.2031
7.709 -25.2076
7.709 25.2076
7.71 -25.212
7.71 25.212
7.711 -25.2165
7.711 25.2165
7.712 -25.2209
7.712 25.2209
7.713 -25.2254
7.713 25.2254
7.714 -25.2298
7.714 25.2298
7.715 -25.2343
7.715 25.2343
7.716 -25.2388
7.716 25.2388
7.717 -25.2432
7.717 25.2432
7.718 -25.2477
7.718 25.2477
7.719 -25.2521
7.719 25.2521
7.72 -25.2566
7.72 25.2566
7.721 -25.261
7.721 25.261
7.722 -25.2655
7.722 25.2655
7.723 -25.27
7.723 25.27
7.724 -25.2744
7.724 25.2744
7.725 -25.2789
7.725 25.2789
7.726 -25.2833
7.726 25.2833
7.727 -25.2878
7.727 25.2878
7.728 -25.2922
7.728 25.2922
7.729 -25.2967
7.729 25.2967
7.73 -25.3012
7.73 25.3012
7.731 -25.3056
7.731 25.3056
7.732 -25.3101
7.732 25.3101
7.733 -25.3145
7.733 25.3145
7.734 -25.319
7.734 25.319
7.735 -25.3235
7.735 25.3235
7.736 -25.3279
7.736 25.3279
7.737 -25.3324
7.737 25.3324
7.738 -25.3368
7.738 25.3368
7.739 -25.3413
7.739 25.3413
7.74 -25.3458
7.74 25.3458
7.741 -25.3502
7.741 25.3502
7.742 -25.3547
7.742 25.3547
7.743 -25.3591
7.743 25.3591
7.744 -25.3636
7.744 25.3636
7.745 -25.3681
7.745 25.3681
7.746 -25.3725
7.746 25.3725
7.747 -25.377
7.747 25.377
7.748 -25.3815
7.748 25.3815
7.749 -25.3859
7.749 25.3859
7.75 -25.3904
7.75 25.3904
7.751 -25.3949
7.751 25.3949
7.752 -25.3993
7.752 25.3993
7.753 -25.4038
7.753 25.4038
7.754 -25.4082
7.754 25.4082
7.755 -25.4127
7.755 25.4127
7.756 -25.4172
7.756 25.4172
7.757 -25.4216
7.757 25.4216
7.758 -25.4261
7.758 25.4261
7.759 -25.4306
7.759 25.4306
7.76 -25.435
7.76 25.435
7.761 -25.4395
7.761 25.4395
7.762 -25.444
7.762 25.444
7.763 -25.4484
7.763 25.4484
7.764 -25.4529
7.764 25.4529
7.765 -25.4574
7.765 25.4574
7.766 -25.4618
7.766 25.4618
7.767 -25.4663
7.767 25.4663
7.768 -25.4708
7.768 25.4708
7.769 -25.4753
7.769 25.4753
7.77 -25.4797
7.77 25.4797
7.771 -25.4842
7.771 25.4842
7.772 -25.4887
7.772 25.4887
7.773 -25.4931
7.773 25.4931
7.774 -25.4976
7.774 25.4976
7.775 -25.5021
7.775 25.5021
7.776 -25.5065
7.776 25.5065
7.777 -25.511
7.777 25.511
7.778 -25.5155
7.778 25.5155
7.779 -25.52
7.779 25.52
7.78 -25.5244
7.78 25.5244
7.781 -25.5289
7.781 25.5289
7.782 -25.5334
7.782 25.5334
7.783 -25.5378
7.783 25.5378
7.784 -25.5423
7.784 25.5423
7.785 -25.5468
7.785 25.5468
7.786 -25.5513
7.786 25.5513
7.787 -25.5557
7.787 25.5557
7.788 -25.5602
7.788 25.5602
7.789 -25.5647
7.789 25.5647
7.79 -25.5692
7.79 25.5692
7.791 -25.5736
7.791 25.5736
7.792 -25.5781
7.792 25.5781
7.793 -25.5826
7.793 25.5826
7.794 -25.587
7.794 25.587
7.795 -25.5915
7.795 25.5915
7.796 -25.596
7.796 25.596
7.797 -25.6005
7.797 25.6005
7.798 -25.605
7.798 25.605
7.799 -25.6094
7.799 25.6094
7.8 -25.6139
7.8 25.6139
7.801 -25.6184
7.801 25.6184
7.802 -25.6229
7.802 25.6229
7.803 -25.6273
7.803 25.6273
7.804 -25.6318
7.804 25.6318
7.805 -25.6363
7.805 25.6363
7.806 -25.6408
7.806 25.6408
7.807 -25.6452
7.807 25.6452
7.808 -25.6497
7.808 25.6497
7.809 -25.6542
7.809 25.6542
7.81 -25.6587
7.81 25.6587
7.811 -25.6632
7.811 25.6632
7.812 -25.6676
7.812 25.6676
7.813 -25.6721
7.813 25.6721
7.814 -25.6766
7.814 25.6766
7.815 -25.6811
7.815 25.6811
7.816 -25.6856
7.816 25.6856
7.817 -25.69
7.817 25.69
7.818 -25.6945
7.818 25.6945
7.819 -25.699
7.819 25.699
7.82 -25.7035
7.82 25.7035
7.821 -25.708
7.821 25.708
7.822 -25.7124
7.822 25.7124
7.823 -25.7169
7.823 25.7169
7.824 -25.7214
7.824 25.7214
7.825 -25.7259
7.825 25.7259
7.826 -25.7304
7.826 25.7304
7.827 -25.7349
7.827 25.7349
7.828 -25.7393
7.828 25.7393
7.829 -25.7438
7.829 25.7438
7.83 -25.7483
7.83 25.7483
7.831 -25.7528
7.831 25.7528
7.832 -25.7573
7.832 25.7573
7.833 -25.7618
7.833 25.7618
7.834 -25.7662
7.834 25.7662
7.835 -25.7707
7.835 25.7707
7.836 -25.7752
7.836 25.7752
7.837 -25.7797
7.837 25.7797
7.838 -25.7842
7.838 25.7842
7.839 -25.7887
7.839 25.7887
7.84 -25.7932
7.84 25.7932
7.841 -25.7976
7.841 25.7976
7.842 -25.8021
7.842 25.8021
7.843 -25.8066
7.843 25.8066
7.844 -25.8111
7.844 25.8111
7.845 -25.8156
7.845 25.8156
7.846 -25.8201
7.846 25.8201
7.847 -25.8246
7.847 25.8246
7.848 -25.8291
7.848 25.8291
7.849 -25.8335
7.849 25.8335
7.85 -25.838
7.85 25.838
7.851 -25.8425
7.851 25.8425
7.852 -25.847
7.852 25.847
7.853 -25.8515
7.853 25.8515
7.854 -25.856
7.854 25.856
7.855 -25.8605
7.855 25.8605
7.856 -25.865
7.856 25.865
7.857 -25.8695
7.857 25.8695
7.858 -25.874
7.858 25.874
7.859 -25.8784
7.859 25.8784
7.86 -25.8829
7.86 25.8829
7.861 -25.8874
7.861 25.8874
7.862 -25.8919
7.862 25.8919
7.863 -25.8964
7.863 25.8964
7.864 -25.9009
7.864 25.9009
7.865 -25.9054
7.865 25.9054
7.866 -25.9099
7.866 25.9099
7.867 -25.9144
7.867 25.9144
7.868 -25.9189
7.868 25.9189
7.869 -25.9234
7.869 25.9234
7.87 -25.9279
7.87 25.9279
7.871 -25.9324
7.871 25.9324
7.872 -25.9369
7.872 25.9369
7.873 -25.9413
7.873 25.9413
7.874 -25.9458
7.874 25.9458
7.875 -25.9503
7.875 25.9503
7.876 -25.9548
7.876 25.9548
7.877 -25.9593
7.877 25.9593
7.878 -25.9638
7.878 25.9638
7.879 -25.9683
7.879 25.9683
7.88 -25.9728
7.88 25.9728
7.881 -25.9773
7.881 25.9773
7.882 -25.9818
7.882 25.9818
7.883 -25.9863
7.883 25.9863
7.884 -25.9908
7.884 25.9908
7.885 -25.9953
7.885 25.9953
7.886 -25.9998
7.886 25.9998
7.887 -26.0043
7.887 26.0043
7.888 -26.0088
7.888 26.0088
7.889 -26.0133
7.889 26.0133
7.89 -26.0178
7.89 26.0178
7.891 -26.0223
7.891 26.0223
7.892 -26.0268
7.892 26.0268
7.893 -26.0313
7.893 26.0313
7.894 -26.0358
7.894 26.0358
7.895 -26.0403
7.895 26.0403
7.896 -26.0448
7.896 26.0448
7.897 -26.0493
7.897 26.0493
7.898 -26.0538
7.898 26.0538
7.899 -26.0583
7.899 26.0583
7.9 -26.0628
7.9 26.0628
7.901 -26.0673
7.901 26.0673
7.902 -26.0718
7.902 26.0718
7.903 -26.0763
7.903 26.0763
7.904 -26.0808
7.904 26.0808
7.905 -26.0853
7.905 26.0853
7.906 -26.0898
7.906 26.0898
7.907 -26.0943
7.907 26.0943
7.908 -26.0988
7.908 26.0988
7.909 -26.1033
7.909 26.1033
7.91 -26.1078
7.91 26.1078
7.911 -26.1123
7.911 26.1123
7.912 -26.1168
7.912 26.1168
7.913 -26.1213
7.913 26.1213
7.914 -26.1258
7.914 26.1258
7.915 -26.1303
7.915 26.1303
7.916 -26.1348
7.916 26.1348
7.917 -26.1393
7.917 26.1393
7.918 -26.1439
7.918 26.1439
7.919 -26.1484
7.919 26.1484
7.92 -26.1529
7.92 26.1529
7.921 -26.1574
7.921 26.1574
7.922 -26.1619
7.922 26.1619
7.923 -26.1664
7.923 26.1664
7.924 -26.1709
7.924 26.1709
7.925 -26.1754
7.925 26.1754
7.926 -26.1799
7.926 26.1799
7.927 -26.1844
7.927 26.1844
7.928 -26.1889
7.928 26.1889
7.929 -26.1934
7.929 26.1934
7.93 -26.1979
7.93 26.1979
7.931 -26.2024
7.931 26.2024
7.932 -26.207
7.932 26.207
7.933 -26.2115
7.933 26.2115
7.934 -26.216
7.934 26.216
7.935 -26.2205
7.935 26.2205
7.936 -26.225
7.936 26.225
7.937 -26.2295
7.937 26.2295
7.938 -26.234
7.938 26.234
7.939 -26.2385
7.939 26.2385
7.94 -26.243
7.94 26.243
7.941 -26.2475
7.941 26.2475
7.942 -26.2521
7.942 26.2521
7.943 -26.2566
7.943 26.2566
7.944 -26.2611
7.944 26.2611
7.945 -26.2656
7.945 26.2656
7.946 -26.2701
7.946 26.2701
7.947 -26.2746
7.947 26.2746
7.948 -26.2791
7.948 26.2791
7.949 -26.2836
7.949 26.2836
7.95 -26.2882
7.95 26.2882
7.951 -26.2927
7.951 26.2927
7.952 -26.2972
7.952 26.2972
7.953 -26.3017
7.953 26.3017
7.954 -26.3062
7.954 26.3062
7.955 -26.3107
7.955 26.3107
7.956 -26.3152
7.956 26.3152
7.957 -26.3198
7.957 26.3198
7.958 -26.3243
7.958 26.3243
7.959 -26.3288
7.959 26.3288
7.96 -26.3333
7.96 26.3333
7.961 -26.3378
7.961 26.3378
7.962 -26.3423
7.962 26.3423
7.963 -26.3469
7.963 26.3469
7.964 -26.3514
7.964 26.3514
7.965 -26.3559
7.965 26.3559
7.966 -26.3604
7.966 26.3604
7.967 -26.3649
7.967 26.3649
7.968 -26.3694
7.968 26.3694
7.969 -26.374
7.969 26.374
7.97 -26.3785
7.97 26.3785
7.971 -26.383
7.971 26.383
7.972 -26.3875
7.972 26.3875
7.973 -26.392
7.973 26.392
7.974 -26.3966
7.974 26.3966
7.975 -26.4011
7.975 26.4011
7.976 -26.4056
7.976 26.4056
7.977 -26.4101
7.977 26.4101
7.978 -26.4146
7.978 26.4146
7.979 -26.4192
7.979 26.4192
7.98 -26.4237
7.98 26.4237
7.981 -26.4282
7.981 26.4282
7.982 -26.4327
7.982 26.4327
7.983 -26.4372
7.983 26.4372
7.984 -26.4418
7.984 26.4418
7.985 -26.4463
7.985 26.4463
7.986 -26.4508
7.986 26.4508
7.987 -26.4553
7.987 26.4553
7.988 -26.4599
7.988 26.4599
7.989 -26.4644
7.989 26.4644
7.99 -26.4689
7.99 26.4689
7.991 -26.4734
7.991 26.4734
7.992 -26.4779
7.992 26.4779
7.993 -26.4825
7.993 26.4825
7.994 -26.487
7.994 26.487
7.995 -26.4915
7.995 26.4915
7.996 -26.496
7.996 26.496
7.997 -26.5006
7.997 26.5006
7.998 -26.5051
7.998 26.5051
7.999 -26.5096
7.999 26.5096
8 -26.5141
8 26.5141
8.001 -26.5187
8.001 26.5187
8.002 -26.5232
8.002 26.5232
8.003 -26.5277
8.003 26.5277
8.004 -26.5323
8.004 26.5323
8.005 -26.5368
8.005 26.5368
8.006 -26.5413
8.006 26.5413
8.007 -26.5458
8.007 26.5458
8.008 -26.5504
8.008 26.5504
8.009 -26.5549
8.009 26.5549
8.01 -26.5594
8.01 26.5594
8.011 -26.5639
8.011 26.5639
8.012 -26.5685
8.012 26.5685
8.013 -26.573
8.013 26.573
8.014 -26.5775
8.014 26.5775
8.015 -26.5821
8.015 26.5821
8.016 -26.5866
8.016 26.5866
8.017 -26.5911
8.017 26.5911
8.018 -26.5957
8.018 26.5957
8.019 -26.6002
8.019 26.6002
8.02 -26.6047
8.02 26.6047
8.021 -26.6092
8.021 26.6092
8.022 -26.6138
8.022 26.6138
8.023 -26.6183
8.023 26.6183
8.024 -26.6228
8.024 26.6228
8.025 -26.6274
8.025 26.6274
8.026 -26.6319
8.026 26.6319
8.027 -26.6364
8.027 26.6364
8.028 -26.641
8.028 26.641
8.029 -26.6455
8.029 26.6455
8.03 -26.65
8.03 26.65
8.031 -26.6546
8.031 26.6546
8.032 -26.6591
8.032 26.6591
8.033 -26.6636
8.033 26.6636
8.034 -26.6682
8.034 26.6682
8.035 -26.6727
8.035 26.6727
8.036 -26.6772
8.036 26.6772
8.037 -26.6818
8.037 26.6818
8.038 -26.6863
8.038 26.6863
8.039 -26.6908
8.039 26.6908
8.04 -26.6954
8.04 26.6954
8.041 -26.6999
8.041 26.6999
8.042 -26.7045
8.042 26.7045
8.043 -26.709
8.043 26.709
8.044 -26.7135
8.044 26.7135
8.045 -26.7181
8.045 26.7181
8.046 -26.7226
8.046 26.7226
8.047 -26.7271
8.047 26.7271
8.048 -26.7317
8.048 26.7317
8.049 -26.7362
8.049 26.7362
8.05 -26.7407
8.05 26.7407
8.051 -26.7453
8.051 26.7453
8.052 -26.7498
8.052 26.7498
8.053 -26.7544
8.053 26.7544
8.054 -26.7589
8.054 26.7589
8.055 -26.7634
8.055 26.7634
8.056 -26.768
8.056 26.768
8.057 -26.7725
8.057 26.7725
8.058 -26.7771
8.058 26.7771
8.059 -26.7816
8.059 26.7816
8.06 -26.7861
8.06 26.7861
8.061 -26.7907
8.061 26.7907
8.062 -26.7952
8.062 26.7952
8.063 -26.7998
8.063 26.7998
8.064 -26.8043
8.064 26.8043
8.065 -26.8088
8.065 26.8088
8.066 -26.8134
8.066 26.8134
8.067 -26.8179
8.067 26.8179
8.068 -26.8225
8.068 26.8225
8.069 -26.827
8.069 26.827
8.07 -26.8316
8.07 26.8316
8.071 -26.8361
8.071 26.8361
8.072 -26.8406
8.072 26.8406
8.073 -26.8452
8.073 26.8452
8.074 -26.8497
8.074 26.8497
8.075 -26.8543
8.075 26.8543
8.076 -26.8588
8.076 26.8588
8.077 -26.8634
8.077 26.8634
8.078 -26.8679
8.078 26.8679
8.079 -26.8725
8.079 26.8725
8.08 -26.877
8.08 26.877
8.081 -26.8815
8.081 26.8815
8.082 -26.8861
8.082 26.8861
8.083 -26.8906
8.083 26.8906
8.084 -26.8952
8.084 26.8952
8.085 -26.8997
8.085 26.8997
8.086 -26.9043
8.086 26.9043
8.087 -26.9088
8.087 26.9088
8.088 -26.9134
8.088 26.9134
8.089 -26.9179
8.089 26.9179
8.09 -26.9225
8.09 26.9225
8.091 -26.927
8.091 26.927
8.092 -26.9316
8.092 26.9316
8.093 -26.9361
8.093 26.9361
8.094 -26.9407
8.094 26.9407
8.095 -26.9452
8.095 26.9452
8.096 -26.9498
8.096 26.9498
8.097 -26.9543
8.097 26.9543
8.098 -26.9589
8.098 26.9589
8.099 -26.9634
8.099 26.9634
8.1 -26.968
8.1 26.968
8.101 -26.9725
8.101 26.9725
8.102 -26.9771
8.102 26.9771
8.103 -26.9816
8.103 26.9816
8.104 -26.9862
8.104 26.9862
8.105 -26.9907
8.105 26.9907
8.106 -26.9953
8.106 26.9953
8.107 -26.9998
8.107 26.9998
8.108 -27.0044
8.108 27.0044
8.109 -27.0089
8.109 27.0089
8.11 -27.0135
8.11 27.0135
8.111 -27.018
8.111 27.018
8.112 -27.0226
8.112 27.0226
8.113 -27.0271
8.113 27.0271
8.114 -27.0317
8.114 27.0317
8.115 -27.0362
8.115 27.0362
8.116 -27.0408
8.116 27.0408
8.117 -27.0454
8.117 27.0454
8.118 -27.0499
8.118 27.0499
8.119 -27.0545
8.119 27.0545
8.12 -27.059
8.12 27.059
8.121 -27.0636
8.121 27.0636
8.122 -27.0681
8.122 27.0681
8.123 -27.0727
8.123 27.0727
8.124 -27.0772
8.124 27.0772
8.125 -27.0818
8.125 27.0818
8.126 -27.0864
8.126 27.0864
8.127 -27.0909
8.127 27.0909
8.128 -27.0955
8.128 27.0955
8.129 -27.1
8.129 27.1
8.13 -27.1046
8.13 27.1046
8.131 -27.1091
8.131 27.1091
8.132 -27.1137
8.132 27.1137
8.133 -27.1183
8.133 27.1183
8.134 -27.1228
8.134 27.1228
8.135 -27.1274
8.135 27.1274
8.136 -27.1319
8.136 27.1319
8.137 -27.1365
8.137 27.1365
8.138 -27.1411
8.138 27.1411
8.139 -27.1456
8.139 27.1456
8.14 -27.1502
8.14 27.1502
8.141 -27.1547
8.141 27.1547
8.142 -27.1593
8.142 27.1593
8.143 -27.1639
8.143 27.1639
8.144 -27.1684
8.144 27.1684
8.145 -27.173
8.145 27.173
8.146 -27.1775
8.146 27.1775
8.147 -27.1821
8.147 27.1821
8.148 -27.1867
8.148 27.1867
8.149 -27.1912
8.149 27.1912
8.15 -27.1958
8.15 27.1958
8.151 -27.2004
8.151 27.2004
8.152 -27.2049
8.152 27.2049
8.153 -27.2095
8.153 27.2095
8.154 -27.214
8.154 27.214
8.155 -27.2186
8.155 27.2186
8.156 -27.2232
8.156 27.2232
8.157 -27.2277
8.157 27.2277
8.158 -27.2323
8.158 27.2323
8.159 -27.2369
8.159 27.2369
8.16 -27.2414
8.16 27.2414
8.161 -27.246
8.161 27.246
8.162 -27.2506
8.162 27.2506
8.163 -27.2551
8.163 27.2551
8.164 -27.2597
8.164 27.2597
8.165 -27.2643
8.165 27.2643
8.166 -27.2688
8.166 27.2688
8.167 -27.2734
8.167 27.2734
8.168 -27.278
8.168 27.278
8.169 -27.2825
8.169 27.2825
8.17 -27.2871
8.17 27.2871
8.171 -27.2917
8.171 27.2917
8.172 -27.2962
8.172 27.2962
8.173 -27.3008
8.173 27.3008
8.174 -27.3054
8.174 27.3054
8.175 -27.3099
8.175 27.3099
8.176 -27.3145
8.176 27.3145
8.177 -27.3191
8.177 27.3191
8.178 -27.3236
8.178 27.3236
8.179 -27.3282
8.179 27.3282
8.18 -27.3328
8.18 27.3328
8.181 -27.3373
8.181 27.3373
8.182 -27.3419
8.182 27.3419
8.183 -27.3465
8.183 27.3465
8.184 -27.3511
8.184 27.3511
8.185 -27.3556
8.185 27.3556
8.186 -27.3602
8.186 27.3602
8.187 -27.3648
8.187 27.3648
8.188 -27.3693
8.188 27.3693
8.189 -27.3739
8.189 27.3739
8.19 -27.3785
8.19 27.3785
8.191 -27.3831
8.191 27.3831
8.192 -27.3876
8.192 27.3876
8.193 -27.3922
8.193 27.3922
8.194 -27.3968
8.194 27.3968
8.195 -27.4014
8.195 27.4014
8.196 -27.4059
8.196 27.4059
8.197 -27.4105
8.197 27.4105
8.198 -27.4151
8.198 27.4151
8.199 -27.4196
8.199 27.4196
8.2 -27.4242
8.2 27.4242
8.201 -27.4288
8.201 27.4288
8.202 -27.4334
8.202 27.4334
8.203 -27.4379
8.203 27.4379
8.204 -27.4425
8.204 27.4425
8.205 -27.4471
8.205 27.4471
8.206 -27.4517
8.206 27.4517
8.207 -27.4563
8.207 27.4563
8.208 -27.4608
8.208 27.4608
8.209 -27.4654
8.209 27.4654
8.21 -27.47
8.21 27.47
8.211 -27.4746
8.211 27.4746
8.212 -27.4791
8.212 27.4791
8.213 -27.4837
8.213 27.4837
8.214 -27.4883
8.214 27.4883
8.215 -27.4929
8.215 27.4929
8.216 -27.4975
8.216 27.4975
8.217 -27.502
8.217 27.502
8.218 -27.5066
8.218 27.5066
8.219 -27.5112
8.219 27.5112
8.22 -27.5158
8.22 27.5158
8.221 -27.5203
8.221 27.5203
8.222 -27.5249
8.222 27.5249
8.223 -27.5295
8.223 27.5295
8.224 -27.5341
8.224 27.5341
8.225 -27.5387
8.225 27.5387
8.226 -27.5432
8.226 27.5432
8.227 -27.5478
8.227 27.5478
8.228 -27.5524
8.228 27.5524
8.229 -27.557
8.229 27.557
8.23 -27.5616
8.23 27.5616
8.231 -27.5662
8.231 27.5662
8.232 -27.5707
8.232 27.5707
8.233 -27.5753
8.233 27.5753
8.234 -27.5799
8.234 27.5799
8.235 -27.5845
8.235 27.5845
8.236 -27.5891
8.236 27.5891
8.237 -27.5937
8.237 27.5937
8.238 -27.5982
8.238 27.5982
8.239 -27.6028
8.239 27.6028
8.24 -27.6074
8.24 27.6074
8.241 -27.612
8.241 27.612
8.242 -27.6166
8.242 27.6166
8.243 -27.6212
8.243 27.6212
8.244 -27.6257
8.244 27.6257
8.245 -27.6303
8.245 27.6303
8.246 -27.6349
8.246 27.6349
8.247 -27.6395
8.247 27.6395
8.248 -27.6441
8.248 27.6441
8.249 -27.6487
8.249 27.6487
8.25 -27.6533
8.25 27.6533
8.251 -27.6579
8.251 27.6579
8.252 -27.6624
8.252 27.6624
8.253 -27.667
8.253 27.667
8.254 -27.6716
8.254 27.6716
8.255 -27.6762
8.255 27.6762
8.256 -27.6808
8.256 27.6808
8.257 -27.6854
8.257 27.6854
8.258 -27.69
8.258 27.69
8.259 -27.6946
8.259 27.6946
8.26 -27.6991
8.26 27.6991
8.261 -27.7037
8.261 27.7037
8.262 -27.7083
8.262 27.7083
8.263 -27.7129
8.263 27.7129
8.264 -27.7175
8.264 27.7175
8.265 -27.7221
8.265 27.7221
8.266 -27.7267
8.266 27.7267
8.267 -27.7313
8.267 27.7313
8.268 -27.7359
8.268 27.7359
8.269 -27.7405
8.269 27.7405
8.27 -27.7451
8.27 27.7451
8.271 -27.7496
8.271 27.7496
8.272 -27.7542
8.272 27.7542
8.273 -27.7588
8.273 27.7588
8.274 -27.7634
8.274 27.7634
8.275 -27.768
8.275 27.768
8.276 -27.7726
8.276 27.7726
8.277 -27.7772
8.277 27.7772
8.278 -27.7818
8.278 27.7818
8.279 -27.7864
8.279 27.7864
8.28 -27.791
8.28 27.791
8.281 -27.7956
8.281 27.7956
8.282 -27.8002
8.282 27.8002
8.283 -27.8048
8.283 27.8048
8.284 -27.8094
8.284 27.8094
8.285 -27.814
8.285 27.814
8.286 -27.8186
8.286 27.8186
8.287 -27.8231
8.287 27.8231
8.288 -27.8277
8.288 27.8277
8.289 -27.8323
8.289 27.8323
8.29 -27.8369
8.29 27.8369
8.291 -27.8415
8.291 27.8415
8.292 -27.8461
8.292 27.8461
8.293 -27.8507
8.293 27.8507
8.294 -27.8553
8.294 27.8553
8.295 -27.8599
8.295 27.8599
8.296 -27.8645
8.296 27.8645
8.297 -27.8691
8.297 27.8691
8.298 -27.8737
8.298 27.8737
8.299 -27.8783
8.299 27.8783
8.3 -27.8829
8.3 27.8829
8.301 -27.8875
8.301 27.8875
8.302 -27.8921
8.302 27.8921
8.303 -27.8967
8.303 27.8967
8.304 -27.9013
8.304 27.9013
8.305 -27.9059
8.305 27.9059
8.306 -27.9105
8.306 27.9105
8.307 -27.9151
8.307 27.9151
8.308 -27.9197
8.308 27.9197
8.309 -27.9243
8.309 27.9243
8.31 -27.9289
8.31 27.9289
8.311 -27.9335
8.311 27.9335
8.312 -27.9381
8.312 27.9381
8.313 -27.9427
8.313 27.9427
8.314 -27.9473
8.314 27.9473
8.315 -27.9519
8.315 27.9519
8.316 -27.9565
8.316 27.9565
8.317 -27.9611
8.317 27.9611
8.318 -27.9657
8.318 27.9657
8.319 -27.9703
8.319 27.9703
8.32 -27.9749
8.32 27.9749
8.321 -27.9795
8.321 27.9795
8.322 -27.9842
8.322 27.9842
8.323 -27.9888
8.323 27.9888
8.324 -27.9934
8.324 27.9934
8.325 -27.998
8.325 27.998
8.326 -28.0026
8.326 28.0026
8.327 -28.0072
8.327 28.0072
8.328 -28.0118
8.328 28.0118
8.329 -28.0164
8.329 28.0164
8.33 -28.021
8.33 28.021
8.331 -28.0256
8.331 28.0256
8.332 -28.0302
8.332 28.0302
8.333 -28.0348
8.333 28.0348
8.334 -28.0394
8.334 28.0394
8.335 -28.044
8.335 28.044
8.336 -28.0486
8.336 28.0486
8.337 -28.0532
8.337 28.0532
8.338 -28.0579
8.338 28.0579
8.339 -28.0625
8.339 28.0625
8.34 -28.0671
8.34 28.0671
8.341 -28.0717
8.341 28.0717
8.342 -28.0763
8.342 28.0763
8.343 -28.0809
8.343 28.0809
8.344 -28.0855
8.344 28.0855
8.345 -28.0901
8.345 28.0901
8.346 -28.0947
8.346 28.0947
8.347 -28.0993
8.347 28.0993
8.348 -28.1039
8.348 28.1039
8.349 -28.1086
8.349 28.1086
8.35 -28.1132
8.35 28.1132
8.351 -28.1178
8.351 28.1178
8.352 -28.1224
8.352 28.1224
8.353 -28.127
8.353 28.127
8.354 -28.1316
8.354 28.1316
8.355 -28.1362
8.355 28.1362
8.356 -28.1408
8.356 28.1408
8.357 -28.1455
8.357 28.1455
8.358 -28.1501
8.358 28.1501
8.359 -28.1547
8.359 28.1547
8.36 -28.1593
8.36 28.1593
8.361 -28.1639
8.361 28.1639
8.362 -28.1685
8.362 28.1685
8.363 -28.1731
8.363 28.1731
8.364 -28.1778
8.364 28.1778
8.365 -28.1824
8.365 28.1824
8.366 -28.187
8.366 28.187
8.367 -28.1916
8.367 28.1916
8.368 -28.1962
8.368 28.1962
8.369 -28.2008
8.369 28.2008
8.37 -28.2054
8.37 28.2054
8.371 -28.2101
8.371 28.2101
8.372 -28.2147
8.372 28.2147
8.373 -28.2193
8.373 28.2193
8.374 -28.2239
8.374 28.2239
8.375 -28.2285
8.375 28.2285
8.376 -28.2331
8.376 28.2331
8.377 -28.2378
8.377 28.2378
8.378 -28.2424
8.378 28.2424
8.379 -28.247
8.379 28.247
8.38 -28.2516
8.38 28.2516
8.381 -28.2562
8.381 28.2562
8.382 -28.2609
8.382 28.2609
8.383 -28.2655
8.383 28.2655
8.384 -28.2701
8.384 28.2701
8.385 -28.2747
8.385 28.2747
8.386 -28.2793
8.386 28.2793
8.387 -28.2839
8.387 28.2839
8.388 -28.2886
8.388 28.2886
8.389 -28.2932
8.389 28.2932
8.39 -28.2978
8.39 28.2978
8.391 -28.3024
8.391 28.3024
8.392 -28.3071
8.392 28.3071
8.393 -28.3117
8.393 28.3117
8.394 -28.3163
8.394 28.3163
8.395 -28.3209
8.395 28.3209
8.396 -28.3255
8.396 28.3255
8.397 -28.3302
8.397 28.3302
8.398 -28.3348
8.398 28.3348
8.399 -28.3394
8.399 28.3394
8.4 -28.344
8.4 28.344
8.401 -28.3487
8.401 28.3487
8.402 -28.3533
8.402 28.3533
8.403 -28.3579
8.403 28.3579
8.404 -28.3625
8.404 28.3625
8.405 -28.3671
8.405 28.3671
8.406 -28.3718
8.406 28.3718
8.407 -28.3764
8.407 28.3764
8.408 -28.381
8.408 28.381
8.409 -28.3856
8.409 28.3856
8.41 -28.3903
8.41 28.3903
8.411 -28.3949
8.411 28.3949
8.412 -28.3995
8.412 28.3995
8.413 -28.4042
8.413 28.4042
8.414 -28.4088
8.414 28.4088
8.415 -28.4134
8.415 28.4134
8.416 -28.418
8.416 28.418
8.417 -28.4227
8.417 28.4227
8.418 -28.4273
8.418 28.4273
8.419 -28.4319
8.419 28.4319
8.42 -28.4365
8.42 28.4365
8.421 -28.4412
8.421 28.4412
8.422 -28.4458
8.422 28.4458
8.423 -28.4504
8.423 28.4504
8.424 -28.4551
8.424 28.4551
8.425 -28.4597
8.425 28.4597
8.426 -28.4643
8.426 28.4643
8.427 -28.4689
8.427 28.4689
8.428 -28.4736
8.428 28.4736
8.429 -28.4782
8.429 28.4782
8.43 -28.4828
8.43 28.4828
8.431 -28.4875
8.431 28.4875
8.432 -28.4921
8.432 28.4921
8.433 -28.4967
8.433 28.4967
8.434 -28.5014
8.434 28.5014
8.435 -28.506
8.435 28.506
8.436 -28.5106
8.436 28.5106
8.437 -28.5153
8.437 28.5153
8.438 -28.5199
8.438 28.5199
8.439 -28.5245
8.439 28.5245
8.44 -28.5291
8.44 28.5291
8.441 -28.5338
8.441 28.5338
8.442 -28.5384
8.442 28.5384
8.443 -28.543
8.443 28.543
8.444 -28.5477
8.444 28.5477
8.445 -28.5523
8.445 28.5523
8.446 -28.557
8.446 28.557
8.447 -28.5616
8.447 28.5616
8.448 -28.5662
8.448 28.5662
8.449 -28.5709
8.449 28.5709
8.45 -28.5755
8.45 28.5755
8.451 -28.5801
8.451 28.5801
8.452 -28.5848
8.452 28.5848
8.453 -28.5894
8.453 28.5894
8.454 -28.594
8.454 28.594
8.455 -28.5987
8.455 28.5987
8.456 -28.6033
8.456 28.6033
8.457 -28.6079
8.457 28.6079
8.458 -28.6126
8.458 28.6126
8.459 -28.6172
8.459 28.6172
8.46 -28.6219
8.46 28.6219
8.461 -28.6265
8.461 28.6265
8.462 -28.6311
8.462 28.6311
8.463 -28.6358
8.463 28.6358
8.464 -28.6404
8.464 28.6404
8.465 -28.645
8.465 28.645
8.466 -28.6497
8.466 28.6497
8.467 -28.6543
8.467 28.6543
8.468 -28.659
8.468 28.659
8.469 -28.6636
8.469 28.6636
8.47 -28.6682
8.47 28.6682
8.471 -28.6729
8.471 28.6729
8.472 -28.6775
8.472 28.6775
8.473 -28.6822
8.473 28.6822
8.474 -28.6868
8.474 28.6868
8.475 -28.6914
8.475 28.6914
8.476 -28.6961
8.476 28.6961
8.477 -28.7007
8.477 28.7007
8.478 -28.7054
8.478 28.7054
8.479 -28.71
8.479 28.71
8.48 -28.7147
8.48 28.7147
8.481 -28.7193
8.481 28.7193
8.482 -28.7239
8.482 28.7239
8.483 -28.7286
8.483 28.7286
8.484 -28.7332
8.484 28.7332
8.485 -28.7379
8.485 28.7379
8.486 -28.7425
8.486 28.7425
8.487 -28.7472
8.487 28.7472
8.488 -28.7518
8.488 28.7518
8.489 -28.7564
8.489 28.7564
8.49 -28.7611
8.49 28.7611
8.491 -28.7657
8.491 28.7657
8.492 -28.7704
8.492 28.7704
8.493 -28.775
8.493 28.775
8.494 -28.7797
8.494 28.7797
8.495 -28.7843
8.495 28.7843
8.496 -28.789
8.496 28.789
8.497 -28.7936
8.497 28.7936
8.498 -28.7983
8.498 28.7983
8.499 -28.8029
8.499 28.8029
8.5 -28.8076
8.5 28.8076
8.501 -28.8122
8.501 28.8122
8.502 -28.8168
8.502 28.8168
8.503 -28.8215
8.503 28.8215
8.504 -28.8261
8.504 28.8261
8.505 -28.8308
8.505 28.8308
8.506 -28.8354
8.506 28.8354
8.507 -28.8401
8.507 28.8401
8.508 -28.8447
8.508 28.8447
8.509 -28.8494
8.509 28.8494
8.51 -28.854
8.51 28.854
8.511 -28.8587
8.511 28.8587
8.512 -28.8633
8.512 28.8633
8.513 -28.868
8.513 28.868
8.514 -28.8726
8.514 28.8726
8.515 -28.8773
8.515 28.8773
8.516 -28.8819
8.516 28.8819
8.517 -28.8866
8.517 28.8866
8.518 -28.8912
8.518 28.8912
8.519 -28.8959
8.519 28.8959
8.52 -28.9005
8.52 28.9005
8.521 -28.9052
8.521 28.9052
8.522 -28.9098
8.522 28.9098
8.523 -28.9145
8.523 28.9145
8.524 -28.9192
8.524 28.9192
8.525 -28.9238
8.525 28.9238
8.526 -28.9285
8.526 28.9285
8.527 -28.9331
8.527 28.9331
8.528 -28.9378
8.528 28.9378
8.529 -28.9424
8.529 28.9424
8.53 -28.9471
8.53 28.9471
8.531 -28.9517
8.531 28.9517
8.532 -28.9564
8.532 28.9564
8.533 -28.961
8.533 28.961
8.534 -28.9657
8.534 28.9657
8.535 -28.9704
8.535 28.9704
8.536 -28.975
8.536 28.975
8.537 -28.9797
8.537 28.9797
8.538 -28.9843
8.538 28.9843
8.539 -28.989
8.539 28.989
8.54 -28.9936
8.54 28.9936
8.541 -28.9983
8.541 28.9983
8.542 -29.0029
8.542 29.0029
8.543 -29.0076
8.543 29.0076
8.544 -29.0123
8.544 29.0123
8.545 -29.0169
8.545 29.0169
8.546 -29.0216
8.546 29.0216
8.547 -29.0262
8.547 29.0262
8.548 -29.0309
8.548 29.0309
8.549 -29.0356
8.549 29.0356
8.55 -29.0402
8.55 29.0402
8.551 -29.0449
8.551 29.0449
8.552 -29.0495
8.552 29.0495
8.553 -29.0542
8.553 29.0542
8.554 -29.0589
8.554 29.0589
8.555 -29.0635
8.555 29.0635
8.556 -29.0682
8.556 29.0682
8.557 -29.0728
8.557 29.0728
8.558 -29.0775
8.558 29.0775
8.559 -29.0822
8.559 29.0822
8.56 -29.0868
8.56 29.0868
8.561 -29.0915
8.561 29.0915
8.562 -29.0961
8.562 29.0961
8.563 -29.1008
8.563 29.1008
8.564 -29.1055
8.564 29.1055
8.565 -29.1101
8.565 29.1101
8.566 -29.1148
8.566 29.1148
8.567 -29.1195
8.567 29.1195
8.568 -29.1241
8.568 29.1241
8.569 -29.1288
8.569 29.1288
8.57 -29.1334
8.57 29.1334
8.571 -29.1381
8.571 29.1381
8.572 -29.1428
8.572 29.1428
8.573 -29.1474
8.573 29.1474
8.574 -29.1521
8.574 29.1521
8.575 -29.1568
8.575 29.1568
8.576 -29.1614
8.576 29.1614
8.577 -29.1661
8.577 29.1661
8.578 -29.1708
8.578 29.1708
8.579 -29.1754
8.579 29.1754
8.58 -29.1801
8.58 29.1801
8.581 -29.1848
8.581 29.1848
8.582 -29.1894
8.582 29.1894
8.583 -29.1941
8.583 29.1941
8.584 -29.1988
8.584 29.1988
8.585 -29.2034
8.585 29.2034
8.586 -29.2081
8.586 29.2081
8.587 -29.2128
8.587 29.2128
8.588 -29.2174
8.588 29.2174
8.589 -29.2221
8.589 29.2221
8.59 -29.2268
8.59 29.2268
8.591 -29.2314
8.591 29.2314
8.592 -29.2361
8.592 29.2361
8.593 -29.2408
8.593 29.2408
8.594 -29.2454
8.594 29.2454
8.595 -29.2501
8.595 29.2501
8.596 -29.2548
8.596 29.2548
8.597 -29.2595
8.597 29.2595
8.598 -29.2641
8.598 29.2641
8.599 -29.2688
8.599 29.2688
8.6 -29.2735
8.6 29.2735
8.601 -29.2781
8.601 29.2781
8.602 -29.2828
8.602 29.2828
8.603 -29.2875
8.603 29.2875
8.604 -29.2922
8.604 29.2922
8.605 -29.2968
8.605 29.2968
8.606 -29.3015
8.606 29.3015
8.607 -29.3062
8.607 29.3062
8.608 -29.3108
8.608 29.3108
8.609 -29.3155
8.609 29.3155
8.61 -29.3202
8.61 29.3202
8.611 -29.3249
8.611 29.3249
8.612 -29.3295
8.612 29.3295
8.613 -29.3342
8.613 29.3342
8.614 -29.3389
8.614 29.3389
8.615 -29.3436
8.615 29.3436
8.616 -29.3482
8.616 29.3482
8.617 -29.3529
8.617 29.3529
8.618 -29.3576
8.618 29.3576
8.619 -29.3623
8.619 29.3623
8.62 -29.3669
8.62 29.3669
8.621 -29.3716
8.621 29.3716
8.622 -29.3763
8.622 29.3763
8.623 -29.381
8.623 29.381
8.624 -29.3856
8.624 29.3856
8.625 -29.3903
8.625 29.3903
8.626 -29.395
8.626 29.395
8.627 -29.3997
8.627 29.3997
8.628 -29.4044
8.628 29.4044
8.629 -29.409
8.629 29.409
8.63 -29.4137
8.63 29.4137
8.631 -29.4184
8.631 29.4184
8.632 -29.4231
8.632 29.4231
8.633 -29.4277
8.633 29.4277
8.634 -29.4324
8.634 29.4324
8.635 -29.4371
8.635 29.4371
8.636 -29.4418
8.636 29.4418
8.637 -29.4465
8.637 29.4465
8.638 -29.4511
8.638 29.4511
8.639 -29.4558
8.639 29.4558
8.64 -29.4605
8.64 29.4605
8.641 -29.4652
8.641 29.4652
8.642 -29.4699
8.642 29.4699
8.643 -29.4745
8.643 29.4745
8.644 -29.4792
8.644 29.4792
8.645 -29.4839
8.645 29.4839
8.646 -29.4886
8.646 29.4886
8.647 -29.4933
8.647 29.4933
8.648 -29.498
8.648 29.498
8.649 -29.5026
8.649 29.5026
8.65 -29.5073
8.65 29.5073
8.651 -29.512
8.651 29.512
8.652 -29.5167
8.652 29.5167
8.653 -29.5214
8.653 29.5214
8.654 -29.5261
8.654 29.5261
8.655 -29.5307
8.655 29.5307
8.656 -29.5354
8.656 29.5354
8.657 -29.5401
8.657 29.5401
8.658 -29.5448
8.658 29.5448
8.659 -29.5495
8.659 29.5495
8.66 -29.5542
8.66 29.5542
8.661 -29.5589
8.661 29.5589
8.662 -29.5635
8.662 29.5635
8.663 -29.5682
8.663 29.5682
8.664 -29.5729
8.664 29.5729
8.665 -29.5776
8.665 29.5776
8.666 -29.5823
8.666 29.5823
8.667 -29.587
8.667 29.587
8.668 -29.5917
8.668 29.5917
8.669 -29.5963
8.669 29.5963
8.67 -29.601
8.67 29.601
8.671 -29.6057
8.671 29.6057
8.672 -29.6104
8.672 29.6104
8.673 -29.6151
8.673 29.6151
8.674 -29.6198
8.674 29.6198
8.675 -29.6245
8.675 29.6245
8.676 -29.6292
8.676 29.6292
8.677 -29.6339
8.677 29.6339
8.678 -29.6385
8.678 29.6385
8.679 -29.6432
8.679 29.6432
8.68 -29.6479
8.68 29.6479
8.681 -29.6526
8.681 29.6526
8.682 -29.6573
8.682 29.6573
8.683 -29.662
8.683 29.662
8.684 -29.6667
8.684 29.6667
8.685 -29.6714
8.685 29.6714
8.686 -29.6761
8.686 29.6761
8.687 -29.6808
8.687 29.6808
8.688 -29.6855
8.688 29.6855
8.689 -29.6901
8.689 29.6901
8.69 -29.6948
8.69 29.6948
8.691 -29.6995
8.691 29.6995
8.692 -29.7042
8.692 29.7042
8.693 -29.7089
8.693 29.7089
8.694 -29.7136
8.694 29.7136
8.695 -29.7183
8.695 29.7183
8.696 -29.723
8.696 29.723
8.697 -29.7277
8.697 29.7277
8.698 -29.7324
8.698 29.7324
8.699 -29.7371
8.699 29.7371
8.7 -29.7418
8.7 29.7418
8.701 -29.7465
8.701 29.7465
8.702 -29.7512
8.702 29.7512
8.703 -29.7559
8.703 29.7559
8.704 -29.7606
8.704 29.7606
8.705 -29.7652
8.705 29.7652
8.706 -29.7699
8.706 29.7699
8.707 -29.7746
8.707 29.7746
8.708 -29.7793
8.708 29.7793
8.709 -29.784
8.709 29.784
8.71 -29.7887
8.71 29.7887
8.711 -29.7934
8.711 29.7934
8.712 -29.7981
8.712 29.7981
8.713 -29.8028
8.713 29.8028
8.714 -29.8075
8.714 29.8075
8.715 -29.8122
8.715 29.8122
8.716 -29.8169
8.716 29.8169
8.717 -29.8216
8.717 29.8216
8.718 -29.8263
8.718 29.8263
8.719 -29.831
8.719 29.831
8.72 -29.8357
8.72 29.8357
8.721 -29.8404
8.721 29.8404
8.722 -29.8451
8.722 29.8451
8.723 -29.8498
8.723 29.8498
8.724 -29.8545
8.724 29.8545
8.725 -29.8592
8.725 29.8592
8.726 -29.8639
8.726 29.8639
8.727 -29.8686
8.727 29.8686
8.728 -29.8733
8.728 29.8733
8.729 -29.878
8.729 29.878
8.73 -29.8827
8.73 29.8827
8.731 -29.8874
8.731 29.8874
8.732 -29.8921
8.732 29.8921
8.733 -29.8968
8.733 29.8968
8.734 -29.9015
8.734 29.9015
8.735 -29.9062
8.735 29.9062
8.736 -29.9109
8.736 29.9109
8.737 -29.9156
8.737 29.9156
8.738 -29.9203
8.738 29.9203
8.739 -29.9251
8.739 29.9251
8.74 -29.9298
8.74 29.9298
8.741 -29.9345
8.741 29.9345
8.742 -29.9392
8.742 29.9392
8.743 -29.9439
8.743 29.9439
8.744 -29.9486
8.744 29.9486
8.745 -29.9533
8.745 29.9533
8.746 -29.958
8.746 29.958
8.747 -29.9627
8.747 29.9627
8.748 -29.9674
8.748 29.9674
8.749 -29.9721
8.749 29.9721
8.75 -29.9768
8.75 29.9768
8.751 -29.9815
8.751 29.9815
8.752 -29.9862
8.752 29.9862
8.753 -29.9909
8.753 29.9909
8.754 -29.9956
8.754 29.9956
8.755 -30.0004
8.755 30.0004
8.756 -30.0051
8.756 30.0051
8.757 -30.0098
8.757 30.0098
8.758 -30.0145
8.758 30.0145
8.759 -30.0192
8.759 30.0192
8.76 -30.0239
8.76 30.0239
8.761 -30.0286
8.761 30.0286
8.762 -30.0333
8.762 30.0333
8.763 -30.038
8.763 30.038
8.764 -30.0427
8.764 30.0427
8.765 -30.0474
8.765 30.0474
8.766 -30.0522
8.766 30.0522
8.767 -30.0569
8.767 30.0569
8.768 -30.0616
8.768 30.0616
8.769 -30.0663
8.769 30.0663
8.77 -30.071
8.77 30.071
8.771 -30.0757
8.771 30.0757
8.772 -30.0804
8.772 30.0804
8.773 -30.0851
8.773 30.0851
8.774 -30.0898
8.774 30.0898
8.775 -30.0946
8.775 30.0946
8.776 -30.0993
8.776 30.0993
8.777 -30.104
8.777 30.104
8.778 -30.1087
8.778 30.1087
8.779 -30.1134
8.779 30.1134
8.78 -30.1181
8.78 30.1181
8.781 -30.1228
8.781 30.1228
8.782 -30.1276
8.782 30.1276
8.783 -30.1323
8.783 30.1323
8.784 -30.137
8.784 30.137
8.785 -30.1417
8.785 30.1417
8.786 -30.1464
8.786 30.1464
8.787 -30.1511
8.787 30.1511
8.788 -30.1558
8.788 30.1558
8.789 -30.1606
8.789 30.1606
8.79 -30.1653
8.79 30.1653
8.791 -30.17
8.791 30.17
8.792 -30.1747
8.792 30.1747
8.793 -30.1794
8.793 30.1794
8.794 -30.1841
8.794 30.1841
8.795 -30.1889
8.795 30.1889
8.796 -30.1936
8.796 30.1936
8.797 -30.1983
8.797 30.1983
8.798 -30.203
8.798 30.203
8.799 -30.2077
8.799 30.2077
8.8 -30.2124
8.8 30.2124
8.801 -30.2172
8.801 30.2172
8.802 -30.2219
8.802 30.2219
8.803 -30.2266
8.803 30.2266
8.804 -30.2313
8.804 30.2313
8.805 -30.236
8.805 30.236
8.806 -30.2408
8.806 30.2408
8.807 -30.2455
8.807 30.2455
8.808 -30.2502
8.808 30.2502
8.809 -30.2549
8.809 30.2549
8.81 -30.2596
8.81 30.2596
8.811 -30.2644
8.811 30.2644
8.812 -30.2691
8.812 30.2691
8.813 -30.2738
8.813 30.2738
8.814 -30.2785
8.814 30.2785
8.815 -30.2833
8.815 30.2833
8.816 -30.288
8.816 30.288
8.817 -30.2927
8.817 30.2927
8.818 -30.2974
8.818 30.2974
8.819 -30.3021
8.819 30.3021
8.82 -30.3069
8.82 30.3069
8.821 -30.3116
8.821 30.3116
8.822 -30.3163
8.822 30.3163
8.823 -30.321
8.823 30.321
8.824 -30.3258
8.824 30.3258
8.825 -30.3305
8.825 30.3305
8.826 -30.3352
8.826 30.3352
8.827 -30.3399
8.827 30.3399
8.828 -30.3447
8.828 30.3447
8.829 -30.3494
8.829 30.3494
8.83 -30.3541
8.83 30.3541
8.831 -30.3588
8.831 30.3588
8.832 -30.3636
8.832 30.3636
8.833 -30.3683
8.833 30.3683
8.834 -30.373
8.834 30.373
8.835 -30.3777
8.835 30.3777
8.836 -30.3825
8.836 30.3825
8.837 -30.3872
8.837 30.3872
8.838 -30.3919
8.838 30.3919
8.839 -30.3967
8.839 30.3967
8.84 -30.4014
8.84 30.4014
8.841 -30.4061
8.841 30.4061
8.842 -30.4108
8.842 30.4108
8.843 -30.4156
8.843 30.4156
8.844 -30.4203
8.844 30.4203
8.845 -30.425
8.845 30.425
8.846 -30.4298
8.846 30.4298
8.847 -30.4345
8.847 30.4345
8.848 -30.4392
8.848 30.4392
8.849 -30.4439
8.849 30.4439
8.85 -30.4487
8.85 30.4487
8.851 -30.4534
8.851 30.4534
8.852 -30.4581
8.852 30.4581
8.853 -30.4629
8.853 30.4629
8.854 -30.4676
8.854 30.4676
8.855 -30.4723
8.855 30.4723
8.856 -30.4771
8.856 30.4771
8.857 -30.4818
8.857 30.4818
8.858 -30.4865
8.858 30.4865
8.859 -30.4913
8.859 30.4913
8.86 -30.496
8.86 30.496
8.861 -30.5007
8.861 30.5007
8.862 -30.5055
8.862 30.5055
8.863 -30.5102
8.863 30.5102
8.864 -30.5149
8.864 30.5149
8.865 -30.5197
8.865 30.5197
8.866 -30.5244
8.866 30.5244
8.867 -30.5291
8.867 30.5291
8.868 -30.5339
8.868 30.5339
8.869 -30.5386
8.869 30.5386
8.87 -30.5433
8.87 30.5433
8.871 -30.5481
8.871 30.5481
8.872 -30.5528
8.872 30.5528
8.873 -30.5575
8.873 30.5575
8.874 -30.5623
8.874 30.5623
8.875 -30.567
8.875 30.567
8.876 -30.5717
8.876 30.5717
8.877 -30.5765
8.877 30.5765
8.878 -30.5812
8.878 30.5812
8.879 -30.586
8.879 30.586
8.88 -30.5907
8.88 30.5907
8.881 -30.5954
8.881 30.5954
8.882 -30.6002
8.882 30.6002
8.883 -30.6049
8.883 30.6049
8.884 -30.6096
8.884 30.6096
8.885 -30.6144
8.885 30.6144
8.886 -30.6191
8.886 30.6191
8.887 -30.6239
8.887 30.6239
8.888 -30.6286
8.888 30.6286
8.889 -30.6333
8.889 30.6333
8.89 -30.6381
8.89 30.6381
8.891 -30.6428
8.891 30.6428
8.892 -30.6476
8.892 30.6476
8.893 -30.6523
8.893 30.6523
8.894 -30.657
8.894 30.657
8.895 -30.6618
8.895 30.6618
8.896 -30.6665
8.896 30.6665
8.897 -30.6713
8.897 30.6713
8.898 -30.676
8.898 30.676
8.899 -30.6807
8.899 30.6807
8.9 -30.6855
8.9 30.6855
8.901 -30.6902
8.901 30.6902
8.902 -30.695
8.902 30.695
8.903 -30.6997
8.903 30.6997
8.904 -30.7045
8.904 30.7045
8.905 -30.7092
8.905 30.7092
8.906 -30.7139
8.906 30.7139
8.907 -30.7187
8.907 30.7187
8.908 -30.7234
8.908 30.7234
8.909 -30.7282
8.909 30.7282
8.91 -30.7329
8.91 30.7329
8.911 -30.7377
8.911 30.7377
8.912 -30.7424
8.912 30.7424
8.913 -30.7472
8.913 30.7472
8.914 -30.7519
8.914 30.7519
8.915 -30.7566
8.915 30.7566
8.916 -30.7614
8.916 30.7614
8.917 -30.7661
8.917 30.7661
8.918 -30.7709
8.918 30.7709
8.919 -30.7756
8.919 30.7756
8.92 -30.7804
8.92 30.7804
8.921 -30.7851
8.921 30.7851
8.922 -30.7899
8.922 30.7899
8.923 -30.7946
8.923 30.7946
8.924 -30.7994
8.924 30.7994
8.925 -30.8041
8.925 30.8041
8.926 -30.8089
8.926 30.8089
8.927 -30.8136
8.927 30.8136
8.928 -30.8184
8.928 30.8184
8.929 -30.8231
8.929 30.8231
8.93 -30.8279
8.93 30.8279
8.931 -30.8326
8.931 30.8326
8.932 -30.8374
8.932 30.8374
8.933 -30.8421
8.933 30.8421
8.934 -30.8469
8.934 30.8469
8.935 -30.8516
8.935 30.8516
8.936 -30.8564
8.936 30.8564
8.937 -30.8611
8.937 30.8611
8.938 -30.8659
8.938 30.8659
8.939 -30.8706
8.939 30.8706
8.94 -30.8754
8.94 30.8754
8.941 -30.8801
8.941 30.8801
8.942 -30.8849
8.942 30.8849
8.943 -30.8896
8.943 30.8896
8.944 -30.8944
8.944 30.8944
8.945 -30.8991
8.945 30.8991
8.946 -30.9039
8.946 30.9039
8.947 -30.9086
8.947 30.9086
8.948 -30.9134
8.948 30.9134
8.949 -30.9181
8.949 30.9181
8.95 -30.9229
8.95 30.9229
8.951 -30.9276
8.951 30.9276
8.952 -30.9324
8.952 30.9324
8.953 -30.9371
8.953 30.9371
8.954 -30.9419
8.954 30.9419
8.955 -30.9467
8.955 30.9467
8.956 -30.9514
8.956 30.9514
8.957 -30.9562
8.957 30.9562
8.958 -30.9609
8.958 30.9609
8.959 -30.9657
8.959 30.9657
8.96 -30.9704
8.96 30.9704
8.961 -30.9752
8.961 30.9752
8.962 -30.9799
8.962 30.9799
8.963 -30.9847
8.963 30.9847
8.964 -30.9895
8.964 30.9895
8.965 -30.9942
8.965 30.9942
8.966 -30.999
8.966 30.999
8.967 -31.0037
8.967 31.0037
8.968 -31.0085
8.968 31.0085
8.969 -31.0133
8.969 31.0133
8.97 -31.018
8.97 31.018
8.971 -31.0228
8.971 31.0228
8.972 -31.0275
8.972 31.0275
8.973 -31.0323
8.973 31.0323
8.974 -31.037
8.974 31.037
8.975 -31.0418
8.975 31.0418
8.976 -31.0466
8.976 31.0466
8.977 -31.0513
8.977 31.0513
8.978 -31.0561
8.978 31.0561
8.979 -31.0608
8.979 31.0608
8.98 -31.0656
8.98 31.0656
8.981 -31.0704
8.981 31.0704
8.982 -31.0751
8.982 31.0751
8.983 -31.0799
8.983 31.0799
8.984 -31.0847
8.984 31.0847
8.985 -31.0894
8.985 31.0894
8.986 -31.0942
8.986 31.0942
8.987 -31.0989
8.987 31.0989
8.988 -31.1037
8.988 31.1037
8.989 -31.1085
8.989 31.1085
8.99 -31.1132
8.99 31.1132
8.991 -31.118
8.991 31.118
8.992 -31.1228
8.992 31.1228
8.993 -31.1275
8.993 31.1275
8.994 -31.1323
8.994 31.1323
8.995 -31.137
8.995 31.137
8.996 -31.1418
8.996 31.1418
8.997 -31.1466
8.997 31.1466
8.998 -31.1513
8.998 31.1513
8.999 -31.1561
8.999 31.1561
9 -31.1609
9 31.1609
9.001 -31.1656
9.001 31.1656
9.002 -31.1704
9.002 31.1704
9.003 -31.1752
9.003 31.1752
9.004 -31.1799
9.004 31.1799
9.005 -31.1847
9.005 31.1847
9.006 -31.1895
9.006 31.1895
9.007 -31.1942
9.007 31.1942
9.008 -31.199
9.008 31.199
9.009 -31.2038
9.009 31.2038
9.01 -31.2085
9.01 31.2085
9.011 -31.2133
9.011 31.2133
9.012 -31.2181
9.012 31.2181
9.013 -31.2228
9.013 31.2228
9.014 -31.2276
9.014 31.2276
9.015 -31.2324
9.015 31.2324
9.016 -31.2372
9.016 31.2372
9.017 -31.2419
9.017 31.2419
9.018 -31.2467
9.018 31.2467
9.019 -31.2515
9.019 31.2515
9.02 -31.2562
9.02 31.2562
9.021 -31.261
9.021 31.261
9.022 -31.2658
9.022 31.2658
9.023 -31.2705
9.023 31.2705
9.024 -31.2753
9.024 31.2753
9.025 -31.2801
9.025 31.2801
9.026 -31.2849
9.026 31.2849
9.027 -31.2896
9.027 31.2896
9.028 -31.2944
9.028 31.2944
9.029 -31.2992
9.029 31.2992
9.03 -31.3039
9.03 31.3039
9.031 -31.3087
9.031 31.3087
9.032 -31.3135
9.032 31.3135
9.033 -31.3183
9.033 31.3183
9.034 -31.323
9.034 31.323
9.035 -31.3278
9.035 31.3278
9.036 -31.3326
9.036 31.3326
9.037 -31.3374
9.037 31.3374
9.038 -31.3421
9.038 31.3421
9.039 -31.3469
9.039 31.3469
9.04 -31.3517
9.04 31.3517
9.041 -31.3565
9.041 31.3565
9.042 -31.3612
9.042 31.3612
9.043 -31.366
9.043 31.366
9.044 -31.3708
9.044 31.3708
9.045 -31.3756
9.045 31.3756
9.046 -31.3803
9.046 31.3803
9.047 -31.3851
9.047 31.3851
9.048 -31.3899
9.048 31.3899
9.049 -31.3947
9.049 31.3947
9.05 -31.3994
9.05 31.3994
9.051 -31.4042
9.051 31.4042
9.052 -31.409
9.052 31.409
9.053 -31.4138
9.053 31.4138
9.054 -31.4186
9.054 31.4186
9.055 -31.4233
9.055 31.4233
9.056 -31.4281
9.056 31.4281
9.057 -31.4329
9.057 31.4329
9.058 -31.4377
9.058 31.4377
9.059 -31.4424
9.059 31.4424
9.06 -31.4472
9.06 31.4472
9.061 -31.452
9.061 31.452
9.062 -31.4568
9.062 31.4568
9.063 -31.4616
9.063 31.4616
9.064 -31.4663
9.064 31.4663
9.065 -31.4711
9.065 31.4711
9.066 -31.4759
9.066 31.4759
9.067 -31.4807
9.067 31.4807
9.068 -31.4855
9.068 31.4855
9.069 -31.4903
9.069 31.4903
9.07 -31.495
9.07 31.495
9.071 -31.4998
9.071 31.4998
9.072 -31.5046
9.072 31.5046
9.073 -31.5094
9.073 31.5094
9.074 -31.5142
9.074 31.5142
9.075 -31.5189
9.075 31.5189
9.076 -31.5237
9.076 31.5237
9.077 -31.5285
9.077 31.5285
9.078 -31.5333
9.078 31.5333
9.079 -31.5381
9.079 31.5381
9.08 -31.5429
9.08 31.5429
9.081 -31.5477
9.081 31.5477
9.082 -31.5524
9.082 31.5524
9.083 -31.5572
9.083 31.5572
9.084 -31.562
9.084 31.562
9.085 -31.5668
9.085 31.5668
9.086 -31.5716
9.086 31.5716
9.087 -31.5764
9.087 31.5764
9.088 -31.5811
9.088 31.5811
9.089 -31.5859
9.089 31.5859
9.09 -31.5907
9.09 31.5907
9.091 -31.5955
9.091 31.5955
9.092 -31.6003
9.092 31.6003
9.093 -31.6051
9.093 31.6051
9.094 -31.6099
9.094 31.6099
9.095 -31.6147
9.095 31.6147
9.096 -31.6194
9.096 31.6194
9.097 -31.6242
9.097 31.6242
9.098 -31.629
9.098 31.629
9.099 -31.6338
9.099 31.6338
9.1 -31.6386
9.1 31.6386
9.101 -31.6434
9.101 31.6434
9.102 -31.6482
9.102 31.6482
9.103 -31.653
9.103 31.653
9.104 -31.6578
9.104 31.6578
9.105 -31.6625
9.105 31.6625
9.106 -31.6673
9.106 31.6673
9.107 -31.6721
9.107 31.6721
9.108 -31.6769
9.108 31.6769
9.109 -31.6817
9.109 31.6817
9.11 -31.6865
9.11 31.6865
9.111 -31.6913
9.111 31.6913
9.112 -31.6961
9.112 31.6961
9.113 -31.7009
9.113 31.7009
9.114 -31.7057
9.114 31.7057
9.115 -31.7105
9.115 31.7105
9.116 -31.7153
9.116 31.7153
9.117 -31.72
9.117 31.72
9.118 -31.7248
9.118 31.7248
9.119 -31.7296
9.119 31.7296
9.12 -31.7344
9.12 31.7344
9.121 -31.7392
9.121 31.7392
9.122 -31.744
9.122 31.744
9.123 -31.7488
9.123 31.7488
9.124 -31.7536
9.124 31.7536
9.125 -31.7584
9.125 31.7584
9.126 -31.7632
9.126 31.7632
9.127 -31.768
9.127 31.768
9.128 -31.7728
9.128 31.7728
9.129 -31.7776
9.129 31.7776
9.13 -31.7824
9.13 31.7824
9.131 -31.7872
9.131 31.7872
9.132 -31.792
9.132 31.792
9.133 -31.7968
9.133 31.7968
9.134 -31.8016
9.134 31.8016
9.135 -31.8064
9.135 31.8064
9.136 -31.8112
9.136 31.8112
9.137 -31.8159
9.137 31.8159
9.138 -31.8207
9.138 31.8207
9.139 -31.8255
9.139 31.8255
9.14 -31.8303
9.14 31.8303
9.141 -31.8351
9.141 31.8351
9.142 -31.8399
9.142 31.8399
9.143 -31.8447
9.143 31.8447
9.144 -31.8495
9.144 31.8495
9.145 -31.8543
9.145 31.8543
9.146 -31.8591
9.146 31.8591
9.147 -31.8639
9.147 31.8639
9.148 -31.8687
9.148 31.8687
9.149 -31.8735
9.149 31.8735
9.15 -31.8783
9.15 31.8783
9.151 -31.8831
9.151 31.8831
9.152 -31.8879
9.152 31.8879
9.153 -31.8927
9.153 31.8927
9.154 -31.8975
9.154 31.8975
9.155 -31.9023
9.155 31.9023
9.156 -31.9071
9.156 31.9071
9.157 -31.9119
9.157 31.9119
9.158 -31.9167
9.158 31.9167
9.159 -31.9216
9.159 31.9216
9.16 -31.9264
9.16 31.9264
9.161 -31.9312
9.161 31.9312
9.162 -31.936
9.162 31.936
9.163 -31.9408
9.163 31.9408
9.164 -31.9456
9.164 31.9456
9.165 -31.9504
9.165 31.9504
9.166 -31.9552
9.166 31.9552
9.167 -31.96
9.167 31.96
9.168 -31.9648
9.168 31.9648
9.169 -31.9696
9.169 31.9696
9.17 -31.9744
9.17 31.9744
9.171 -31.9792
9.171 31.9792
9.172 -31.984
9.172 31.984
9.173 -31.9888
9.173 31.9888
9.174 -31.9936
9.174 31.9936
9.175 -31.9984
9.175 31.9984
9.176 -32.0032
9.176 32.0032
9.177 -32.008
9.177 32.008
9.178 -32.0128
9.178 32.0128
9.179 -32.0177
9.179 32.0177
9.18 -32.0225
9.18 32.0225
9.181 -32.0273
9.181 32.0273
9.182 -32.0321
9.182 32.0321
9.183 -32.0369
9.183 32.0369
9.184 -32.0417
9.184 32.0417
9.185 -32.0465
9.185 32.0465
9.186 -32.0513
9.186 32.0513
9.187 -32.0561
9.187 32.0561
9.188 -32.0609
9.188 32.0609
9.189 -32.0657
9.189 32.0657
9.19 -32.0705
9.19 32.0705
9.191 -32.0754
9.191 32.0754
9.192 -32.0802
9.192 32.0802
9.193 -32.085
9.193 32.085
9.194 -32.0898
9.194 32.0898
9.195 -32.0946
9.195 32.0946
9.196 -32.0994
9.196 32.0994
9.197 -32.1042
9.197 32.1042
9.198 -32.109
9.198 32.109
9.199 -32.1138
9.199 32.1138
9.2 -32.1187
9.2 32.1187
9.201 -32.1235
9.201 32.1235
9.202 -32.1283
9.202 32.1283
9.203 -32.1331
9.203 32.1331
9.204 -32.1379
9.204 32.1379
9.205 -32.1427
9.205 32.1427
9.206 -32.1475
9.206 32.1475
9.207 -32.1523
9.207 32.1523
9.208 -32.1572
9.208 32.1572
9.209 -32.162
9.209 32.162
9.21 -32.1668
9.21 32.1668
9.211 -32.1716
9.211 32.1716
9.212 -32.1764
9.212 32.1764
9.213 -32.1812
9.213 32.1812
9.214 -32.186
9.214 32.186
9.215 -32.1909
9.215 32.1909
9.216 -32.1957
9.216 32.1957
9.217 -32.2005
9.217 32.2005
9.218 -32.2053
9.218 32.2053
9.219 -32.2101
9.219 32.2101
9.22 -32.2149
9.22 32.2149
9.221 -32.2198
9.221 32.2198
9.222 -32.2246
9.222 32.2246
9.223 -32.2294
9.223 32.2294
9.224 -32.2342
9.224 32.2342
9.225 -32.239
9.225 32.239
9.226 -32.2438
9.226 32.2438
9.227 -32.2487
9.227 32.2487
9.228 -32.2535
9.228 32.2535
9.229 -32.2583
9.229 32.2583
9.23 -32.2631
9.23 32.2631
9.231 -32.2679
9.231 32.2679
9.232 -32.2728
9.232 32.2728
9.233 -32.2776
9.233 32.2776
9.234 -32.2824
9.234 32.2824
9.235 -32.2872
9.235 32.2872
9.236 -32.292
9.236 32.292
9.237 -32.2969
9.237 32.2969
9.238 -32.3017
9.238 32.3017
9.239 -32.3065
9.239 32.3065
9.24 -32.3113
9.24 32.3113
9.241 -32.3161
9.241 32.3161
9.242 -32.321
9.242 32.321
9.243 -32.3258
9.243 32.3258
9.244 -32.3306
9.244 32.3306
9.245 -32.3354
9.245 32.3354
9.246 -32.3403
9.246 32.3403
9.247 -32.3451
9.247 32.3451
9.248 -32.3499
9.248 32.3499
9.249 -32.3547
9.249 32.3547
9.25 -32.3596
9.25 32.3596
9.251 -32.3644
9.251 32.3644
9.252 -32.3692
9.252 32.3692
9.253 -32.374
9.253 32.374
9.254 -32.3788
9.254 32.3788
9.255 -32.3837
9.255 32.3837
9.256 -32.3885
9.256 32.3885
9.257 -32.3933
9.257 32.3933
9.258 -32.3981
9.258 32.3981
9.259 -32.403
9.259 32.403
9.26 -32.4078
9.26 32.4078
9.261 -32.4126
9.261 32.4126
9.262 -32.4175
9.262 32.4175
9.263 -32.4223
9.263 32.4223
9.264 -32.4271
9.264 32.4271
9.265 -32.4319
9.265 32.4319
9.266 -32.4368
9.266 32.4368
9.267 -32.4416
9.267 32.4416
9.268 -32.4464
9.268 32.4464
9.269 -32.4512
9.269 32.4512
9.27 -32.4561
9.27 32.4561
9.271 -32.4609
9.271 32.4609
9.272 -32.4657
9.272 32.4657
9.273 -32.4706
9.273 32.4706
9.274 -32.4754
9.274 32.4754
9.275 -32.4802
9.275 32.4802
9.276 -32.485
9.276 32.485
9.277 -32.4899
9.277 32.4899
9.278 -32.4947
9.278 32.4947
9.279 -32.4995
9.279 32.4995
9.28 -32.5044
9.28 32.5044
9.281 -32.5092
9.281 32.5092
9.282 -32.514
9.282 32.514
9.283 -32.5189
9.283 32.5189
9.284 -32.5237
9.284 32.5237
9.285 -32.5285
9.285 32.5285
9.286 -32.5334
9.286 32.5334
9.287 -32.5382
9.287 32.5382
9.288 -32.543
9.288 32.543
9.289 -32.5479
9.289 32.5479
9.29 -32.5527
9.29 32.5527
9.291 -32.5575
9.291 32.5575
9.292 -32.5624
9.292 32.5624
9.293 -32.5672
9.293 32.5672
9.294 -32.572
9.294 32.572
9.295 -32.5769
9.295 32.5769
9.296 -32.5817
9.296 32.5817
9.297 -32.5865
9.297 32.5865
9.298 -32.5914
9.298 32.5914
9.299 -32.5962
9.299 32.5962
9.3 -32.601
9.3 32.601
9.301 -32.6059
9.301 32.6059
9.302 -32.6107
9.302 32.6107
9.303 -32.6155
9.303 32.6155
9.304 -32.6204
9.304 32.6204
9.305 -32.6252
9.305 32.6252
9.306 -32.63
9.306 32.63
9.307 -32.6349
9.307 32.6349
9.308 -32.6397
9.308 32.6397
9.309 -32.6446
9.309 32.6446
9.31 -32.6494
9.31 32.6494
9.311 -32.6542
9.311 32.6542
9.312 -32.6591
9.312 32.6591
9.313 -32.6639
9.313 32.6639
9.314 -32.6687
9.314 32.6687
9.315 -32.6736
9.315 32.6736
9.316 -32.6784
9.316 32.6784
9.317 -32.6833
9.317 32.6833
9.318 -32.6881
9.318 32.6881
9.319 -32.6929
9.319 32.6929
9.32 -32.6978
9.32 32.6978
9.321 -32.7026
9.321 32.7026
9.322 -32.7075
9.322 32.7075
9.323 -32.7123
9.323 32.7123
9.324 -32.7171
9.324 32.7171
9.325 -32.722
9.325 32.722
9.326 -32.7268
9.326 32.7268
9.327 -32.7317
9.327 32.7317
9.328 -32.7365
9.328 32.7365
9.329 -32.7413
9.329 32.7413
9.33 -32.7462
9.33 32.7462
9.331 -32.751
9.331 32.751
9.332 -32.7559
9.332 32.7559
9.333 -32.7607
9.333 32.7607
9.334 -32.7656
9.334 32.7656
9.335 -32.7704
9.335 32.7704
9.336 -32.7752
9.336 32.7752
9.337 -32.7801
9.337 32.7801
9.338 -32.7849
9.338 32.7849
9.339 -32.7898
9.339 32.7898
9.34 -32.7946
9.34 32.7946
9.341 -32.7995
9.341 32.7995
9.342 -32.8043
9.342 32.8043
9.343 -32.8092
9.343 32.8092
9.344 -32.814
9.344 32.814
9.345 -32.8188
9.345 32.8188
9.346 -32.8237
9.346 32.8237
9.347 -32.8285
9.347 32.8285
9.348 -32.8334
9.348 32.8334
9.349 -32.8382
9.349 32.8382
9.35 -32.8431
9.35 32.8431
9.351 -32.8479
9.351 32.8479
9.352 -32.8528
9.352 32.8528
9.353 -32.8576
9.353 32.8576
9.354 -32.8625
9.354 32.8625
9.355 -32.8673
9.355 32.8673
9.356 -32.8722
9.356 32.8722
9.357 -32.877
9.357 32.877
9.358 -32.8819
9.358 32.8819
9.359 -32.8867
9.359 32.8867
9.36 -32.8916
9.36 32.8916
9.361 -32.8964
9.361 32.8964
9.362 -32.9013
9.362 32.9013
9.363 -32.9061
9.363 32.9061
9.364 -32.911
9.364 32.911
9.365 -32.9158
9.365 32.9158
9.366 -32.9207
9.366 32.9207
9.367 -32.9255
9.367 32.9255
9.368 -32.9304
9.368 32.9304
9.369 -32.9352
9.369 32.9352
9.37 -32.9401
9.37 32.9401
9.371 -32.9449
9.371 32.9449
9.372 -32.9498
9.372 32.9498
9.373 -32.9546
9.373 32.9546
9.374 -32.9595
9.374 32.9595
9.375 -32.9643
9.375 32.9643
9.376 -32.9692
9.376 32.9692
9.377 -32.974
9.377 32.974
9.378 -32.9789
9.378 32.9789
9.379 -32.9837
9.379 32.9837
9.38 -32.9886
9.38 32.9886
9.381 -32.9934
9.381 32.9934
9.382 -32.9983
9.382 32.9983
9.383 -33.0031
9.383 33.0031
9.384 -33.008
9.384 33.008
9.385 -33.0129
9.385 33.0129
9.386 -33.0177
9.386 33.0177
9.387 -33.0226
9.387 33.0226
9.388 -33.0274
9.388 33.0274
9.389 -33.0323
9.389 33.0323
9.39 -33.0371
9.39 33.0371
9.391 -33.042
9.391 33.042
9.392 -33.0468
9.392 33.0468
9.393 -33.0517
9.393 33.0517
9.394 -33.0566
9.394 33.0566
9.395 -33.0614
9.395 33.0614
9.396 -33.0663
9.396 33.0663
9.397 -33.0711
9.397 33.0711
9.398 -33.076
9.398 33.076
9.399 -33.0808
9.399 33.0808
9.4 -33.0857
9.4 33.0857
9.401 -33.0906
9.401 33.0906
9.402 -33.0954
9.402 33.0954
9.403 -33.1003
9.403 33.1003
9.404 -33.1051
9.404 33.1051
9.405 -33.11
9.405 33.11
9.406 -33.1149
9.406 33.1149
9.407 -33.1197
9.407 33.1197
9.408 -33.1246
9.408 33.1246
9.409 -33.1294
9.409 33.1294
9.41 -33.1343
9.41 33.1343
9.411 -33.1392
9.411 33.1392
9.412 -33.144
9.412 33.144
9.413 -33.1489
9.413 33.1489
9.414 -33.1537
9.414 33.1537
9.415 -33.1586
9.415 33.1586
9.416 -33.1635
9.416 33.1635
9.417 -33.1683
9.417 33.1683
9.418 -33.1732
9.418 33.1732
9.419 -33.1781
9.419 33.1781
9.42 -33.1829
9.42 33.1829
9.421 -33.1878
9.421 33.1878
9.422 -33.1926
9.422 33.1926
9.423 -33.1975
9.423 33.1975
9.424 -33.2024
9.424 33.2024
9.425 -33.2072
9.425 33.2072
9.426 -33.2121
9.426 33.2121
9.427 -33.217
9.427 33.217
9.428 -33.2218
9.428 33.2218
9.429 -33.2267
9.429 33.2267
9.43 -33.2316
9.43 33.2316
9.431 -33.2364
9.431 33.2364
9.432 -33.2413
9.432 33.2413
9.433 -33.2462
9.433 33.2462
9.434 -33.251
9.434 33.251
9.435 -33.2559
9.435 33.2559
9.436 -33.2608
9.436 33.2608
9.437 -33.2656
9.437 33.2656
9.438 -33.2705
9.438 33.2705
9.439 -33.2754
9.439 33.2754
9.44 -33.2802
9.44 33.2802
9.441 -33.2851
9.441 33.2851
9.442 -33.29
9.442 33.29
9.443 -33.2948
9.443 33.2948
9.444 -33.2997
9.444 33.2997
9.445 -33.3046
9.445 33.3046
9.446 -33.3094
9.446 33.3094
9.447 -33.3143
9.447 33.3143
9.448 -33.3192
9.448 33.3192
9.449 -33.324
9.449 33.324
9.45 -33.3289
9.45 33.3289
9.451 -33.3338
9.451 33.3338
9.452 -33.3386
9.452 33.3386
9.453 -33.3435
9.453 33.3435
9.454 -33.3484
9.454 33.3484
9.455 -33.3533
9.455 33.3533
9.456 -33.3581
9.456 33.3581
9.457 -33.363
9.457 33.363
9.458 -33.3679
9.458 33.3679
9.459 -33.3727
9.459 33.3727
9.46 -33.3776
9.46 33.3776
9.461 -33.3825
9.461 33.3825
9.462 -33.3874
9.462 33.3874
9.463 -33.3922
9.463 33.3922
9.464 -33.3971
9.464 33.3971
9.465 -33.402
9.465 33.402
9.466 -33.4069
9.466 33.4069
9.467 -33.4117
9.467 33.4117
9.468 -33.4166
9.468 33.4166
9.469 -33.4215
9.469 33.4215
9.47 -33.4263
9.47 33.4263
9.471 -33.4312
9.471 33.4312
9.472 -33.4361
9.472 33.4361
9.473 -33.441
9.473 33.441
9.474 -33.4458
9.474 33.4458
9.475 -33.4507
9.475 33.4507
9.476 -33.4556
9.476 33.4556
9.477 -33.4605
9.477 33.4605
9.478 -33.4654
9.478 33.4654
9.479 -33.4702
9.479 33.4702
9.48 -33.4751
9.48 33.4751
9.481 -33.48
9.481 33.48
9.482 -33.4849
9.482 33.4849
9.483 -33.4897
9.483 33.4897
9.484 -33.4946
9.484 33.4946
9.485 -33.4995
9.485 33.4995
9.486 -33.5044
9.486 33.5044
9.487 -33.5092
9.487 33.5092
9.488 -33.5141
9.488 33.5141
9.489 -33.519
9.489 33.519
9.49 -33.5239
9.49 33.5239
9.491 -33.5288
9.491 33.5288
9.492 -33.5336
9.492 33.5336
9.493 -33.5385
9.493 33.5385
9.494 -33.5434
9.494 33.5434
9.495 -33.5483
9.495 33.5483
9.496 -33.5532
9.496 33.5532
9.497 -33.558
9.497 33.558
9.498 -33.5629
9.498 33.5629
9.499 -33.5678
9.499 33.5678
9.5 -33.5727
9.5 33.5727
9.501 -33.5776
9.501 33.5776
9.502 -33.5824
9.502 33.5824
9.503 -33.5873
9.503 33.5873
9.504 -33.5922
9.504 33.5922
9.505 -33.5971
9.505 33.5971
9.506 -33.602
9.506 33.602
9.507 -33.6069
9.507 33.6069
9.508 -33.6117
9.508 33.6117
9.509 -33.6166
9.509 33.6166
9.51 -33.6215
9.51 33.6215
9.511 -33.6264
9.511 33.6264
9.512 -33.6313
9.512 33.6313
9.513 -33.6362
9.513 33.6362
9.514 -33.641
9.514 33.641
9.515 -33.6459
9.515 33.6459
9.516 -33.6508
9.516 33.6508
9.517 -33.6557
9.517 33.6557
9.518 -33.6606
9.518 33.6606
9.519 -33.6655
9.519 33.6655
9.52 -33.6704
9.52 33.6704
9.521 -33.6752
9.521 33.6752
9.522 -33.6801
9.522 33.6801
9.523 -33.685
9.523 33.685
9.524 -33.6899
9.524 33.6899
9.525 -33.6948
9.525 33.6948
9.526 -33.6997
9.526 33.6997
9.527 -33.7046
9.527 33.7046
9.528 -33.7094
9.528 33.7094
9.529 -33.7143
9.529 33.7143
9.53 -33.7192
9.53 33.7192
9.531 -33.7241
9.531 33.7241
9.532 -33.729
9.532 33.729
9.533 -33.7339
9.533 33.7339
9.534 -33.7388
9.534 33.7388
9.535 -33.7437
9.535 33.7437
9.536 -33.7486
9.536 33.7486
9.537 -33.7534
9.537 33.7534
9.538 -33.7583
9.538 33.7583
9.539 -33.7632
9.539 33.7632
9.54 -33.7681
9.54 33.7681
9.541 -33.773
9.541 33.773
9.542 -33.7779
9.542 33.7779
9.543 -33.7828
9.543 33.7828
9.544 -33.7877
9.544 33.7877
9.545 -33.7926
9.545 33.7926
9.546 -33.7975
9.546 33.7975
9.547 -33.8024
9.547 33.8024
9.548 -33.8072
9.548 33.8072
9.549 -33.8121
9.549 33.8121
9.55 -33.817
9.55 33.817
9.551 -33.8219
9.551 33.8219
9.552 -33.8268
9.552 33.8268
9.553 -33.8317
9.553 33.8317
9.554 -33.8366
9.554 33.8366
9.555 -33.8415
9.555 33.8415
9.556 -33.8464
9.556 33.8464
9.557 -33.8513
9.557 33.8513
9.558 -33.8562
9.558 33.8562
9.559 -33.8611
9.559 33.8611
9.56 -33.866
9.56 33.866
9.561 -33.8709
9.561 33.8709
9.562 -33.8758
9.562 33.8758
9.563 -33.8807
9.563 33.8807
9.564 -33.8855
9.564 33.8855
9.565 -33.8904
9.565 33.8904
9.566 -33.8953
9.566 33.8953
9.567 -33.9002
9.567 33.9002
9.568 -33.9051
9.568 33.9051
9.569 -33.91
9.569 33.91
9.57 -33.9149
9.57 33.9149
9.571 -33.9198
9.571 33.9198
9.572 -33.9247
9.572 33.9247
9.573 -33.9296
9.573 33.9296
9.574 -33.9345
9.574 33.9345
9.575 -33.9394
9.575 33.9394
9.576 -33.9443
9.576 33.9443
9.577 -33.9492
9.577 33.9492
9.578 -33.9541
9.578 33.9541
9.579 -33.959
9.579 33.959
9.58 -33.9639
9.58 33.9639
9.581 -33.9688
9.581 33.9688
9.582 -33.9737
9.582 33.9737
9.583 -33.9786
9.583 33.9786
9.584 -33.9835
9.584 33.9835
9.585 -33.9884
9.585 33.9884
9.586 -33.9933
9.586 33.9933
9.587 -33.9982
9.587 33.9982
9.588 -34.0031
9.588 34.0031
9.589 -34.008
9.589 34.008
9.59 -34.0129
9.59 34.0129
9.591 -34.0178
9.591 34.0178
9.592 -34.0227
9.592 34.0227
9.593 -34.0276
9.593 34.0276
9.594 -34.0325
9.594 34.0325
9.595 -34.0374
9.595 34.0374
9.596 -34.0423
9.596 34.0423
9.597 -34.0472
9.597 34.0472
9.598 -34.0521
9.598 34.0521
9.599 -34.057
9.599 34.057
9.6 -34.0619
9.6 34.0619
9.601 -34.0668
9.601 34.0668
9.602 -34.0718
9.602 34.0718
9.603 -34.0767
9.603 34.0767
9.604 -34.0816
9.604 34.0816
9.605 -34.0865
9.605 34.0865
9.606 -34.0914
9.606 34.0914
9.607 -34.0963
9.607 34.0963
9.608 -34.1012
9.608 34.1012
9.609 -34.1061
9.609 34.1061
9.61 -34.111
9.61 34.111
9.611 -34.1159
9.611 34.1159
9.612 -34.1208
9.612 34.1208
9.613 -34.1257
9.613 34.1257
9.614 -34.1306
9.614 34.1306
9.615 -34.1355
9.615 34.1355
9.616 -34.1404
9.616 34.1404
9.617 -34.1453
9.617 34.1453
9.618 -34.1503
9.618 34.1503
9.619 -34.1552
9.619 34.1552
9.62 -34.1601
9.62 34.1601
9.621 -34.165
9.621 34.165
9.622 -34.1699
9.622 34.1699
9.623 -34.1748
9.623 34.1748
9.624 -34.1797
9.624 34.1797
9.625 -34.1846
9.625 34.1846
9.626 -34.1895
9.626 34.1895
9.627 -34.1944
9.627 34.1944
9.628 -34.1993
9.628 34.1993
9.629 -34.2043
9.629 34.2043
9.63 -34.2092
9.63 34.2092
9.631 -34.2141
9.631 34.2141
9.632 -34.219
9.632 34.219
9.633 -34.2239
9.633 34.2239
9.634 -34.2288
9.634 34.2288
9.635 -34.2337
9.635 34.2337
9.636 -34.2386
9.636 34.2386
9.637 -34.2435
9.637 34.2435
9.638 -34.2485
9.638 34.2485
9.639 -34.2534
9.639 34.2534
9.64 -34.2583
9.64 34.2583
9.641 -34.2632
9.641 34.2632
9.642 -34.2681
9.642 34.2681
9.643 -34.273
9.643 34.273
9.644 -34.2779
9.644 34.2779
9.645 -34.2829
9.645 34.2829
9.646 -34.2878
9.646 34.2878
9.647 -34.2927
9.647 34.2927
9.648 -34.2976
9.648 34.2976
9.649 -34.3025
9.649 34.3025
9.65 -34.3074
9.65 34.3074
9.651 -34.3123
9.651 34.3123
9.652 -34.3173
9.652 34.3173
9.653 -34.3222
9.653 34.3222
9.654 -34.3271
9.654 34.3271
9.655 -34.332
9.655 34.332
9.656 -34.3369
9.656 34.3369
9.657 -34.3418
9.657 34.3418
9.658 -34.3468
9.658 34.3468
9.659 -34.3517
9.659 34.3517
9.66 -34.3566
9.66 34.3566
9.661 -34.3615
9.661 34.3615
9.662 -34.3664
9.662 34.3664
9.663 -34.3713
9.663 34.3713
9.664 -34.3763
9.664 34.3763
9.665 -34.3812
9.665 34.3812
9.666 -34.3861
9.666 34.3861
9.667 -34.391
9.667 34.391
9.668 -34.3959
9.668 34.3959
9.669 -34.4009
9.669 34.4009
9.67 -34.4058
9.67 34.4058
9.671 -34.4107
9.671 34.4107
9.672 -34.4156
9.672 34.4156
9.673 -34.4205
9.673 34.4205
9.674 -34.4255
9.674 34.4255
9.675 -34.4304
9.675 34.4304
9.676 -34.4353
9.676 34.4353
9.677 -34.4402
9.677 34.4402
9.678 -34.4451
9.678 34.4451
9.679 -34.4501
9.679 34.4501
9.68 -34.455
9.68 34.455
9.681 -34.4599
9.681 34.4599
9.682 -34.4648
9.682 34.4648
9.683 -34.4698
9.683 34.4698
9.684 -34.4747
9.684 34.4747
9.685 -34.4796
9.685 34.4796
9.686 -34.4845
9.686 34.4845
9.687 -34.4895
9.687 34.4895
9.688 -34.4944
9.688 34.4944
9.689 -34.4993
9.689 34.4993
9.69 -34.5042
9.69 34.5042
9.691 -34.5091
9.691 34.5091
9.692 -34.5141
9.692 34.5141
9.693 -34.519
9.693 34.519
9.694 -34.5239
9.694 34.5239
9.695 -34.5288
9.695 34.5288
9.696 -34.5338
9.696 34.5338
9.697 -34.5387
9.697 34.5387
9.698 -34.5436
9.698 34.5436
9.699 -34.5486
9.699 34.5486
9.7 -34.5535
9.7 34.5535
9.701 -34.5584
9.701 34.5584
9.702 -34.5633
9.702 34.5633
9.703 -34.5683
9.703 34.5683
9.704 -34.5732
9.704 34.5732
9.705 -34.5781
9.705 34.5781
9.706 -34.583
9.706 34.583
9.707 -34.588
9.707 34.588
9.708 -34.5929
9.708 34.5929
9.709 -34.5978
9.709 34.5978
9.71 -34.6028
9.71 34.6028
9.711 -34.6077
9.711 34.6077
9.712 -34.6126
9.712 34.6126
9.713 -34.6175
9.713 34.6175
9.714 -34.6225
9.714 34.6225
9.715 -34.6274
9.715 34.6274
9.716 -34.6323
9.716 34.6323
9.717 -34.6373
9.717 34.6373
9.718 -34.6422
9.718 34.6422
9.719 -34.6471
9.719 34.6471
9.72 -34.6521
9.72 34.6521
9.721 -34.657
9.721 34.657
9.722 -34.6619
9.722 34.6619
9.723 -34.6669
9.723 34.6669
9.724 -34.6718
9.724 34.6718
9.725 -34.6767
9.725 34.6767
9.726 -34.6817
9.726 34.6817
9.727 -34.6866
9.727 34.6866
9.728 -34.6915
9.728 34.6915
9.729 -34.6965
9.729 34.6965
9.73 -34.7014
9.73 34.7014
9.731 -34.7063
9.731 34.7063
9.732 -34.7113
9.732 34.7113
9.733 -34.7162
9.733 34.7162
9.734 -34.7211
9.734 34.7211
9.735 -34.7261
9.735 34.7261
9.736 -34.731
9.736 34.731
9.737 -34.7359
9.737 34.7359
9.738 -34.7409
9.738 34.7409
9.739 -34.7458
9.739 34.7458
9.74 -34.7507
9.74 34.7507
9.741 -34.7557
9.741 34.7557
9.742 -34.7606
9.742 34.7606
9.743 -34.7655
9.743 34.7655
9.744 -34.7705
9.744 34.7705
9.745 -34.7754
9.745 34.7754
9.746 -34.7803
9.746 34.7803
9.747 -34.7853
9.747 34.7853
9.748 -34.7902
9.748 34.7902
9.749 -34.7952
9.749 34.7952
9.75 -34.8001
9.75 34.8001
9.751 -34.805
9.751 34.805
9.752 -34.81
9.752 34.81
9.753 -34.8149
9.753 34.8149
9.754 -34.8199
9.754 34.8199
9.755 -34.8248
9.755 34.8248
9.756 -34.8297
9.756 34.8297
9.757 -34.8347
9.757 34.8347
9.758 -34.8396
9.758 34.8396
9.759 -34.8446
9.759 34.8446
9.76 -34.8495
9.76 34.8495
9.761 -34.8544
9.761 34.8544
9.762 -34.8594
9.762 34.8594
9.763 -34.8643
9.763 34.8643
9.764 -34.8693
9.764 34.8693
9.765 -34.8742
9.765 34.8742
9.766 -34.8791
9.766 34.8791
9.767 -34.8841
9.767 34.8841
9.768 -34.889
9.768 34.889
9.769 -34.894
9.769 34.894
9.77 -34.8989
9.77 34.8989
9.771 -34.9038
9.771 34.9038
9.772 -34.9088
9.772 34.9088
9.773 -34.9137
9.773 34.9137
9.774 -34.9187
9.774 34.9187
9.775 -34.9236
9.775 34.9236
9.776 -34.9286
9.776 34.9286
9.777 -34.9335
9.777 34.9335
9.778 -34.9385
9.778 34.9385
9.779 -34.9434
9.779 34.9434
9.78 -34.9483
9.78 34.9483
9.781 -34.9533
9.781 34.9533
9.782 -34.9582
9.782 34.9582
9.783 -34.9632
9.783 34.9632
9.784 -34.9681
9.784 34.9681
9.785 -34.9731
9.785 34.9731
9.786 -34.978
9.786 34.978
9.787 -34.983
9.787 34.983
9.788 -34.9879
9.788 34.9879
9.789 -34.9929
9.789 34.9929
9.79 -34.9978
9.79 34.9978
9.791 -35.0027
9.791 35.0027
9.792 -35.0077
9.792 35.0077
9.793 -35.0126
9.793 35.0126
9.794 -35.0176
9.794 35.0176
9.795 -35.0225
9.795 35.0225
9.796 -35.0275
9.796 35.0275
9.797 -35.0324
9.797 35.0324
9.798 -35.0374
9.798 35.0374
9.799 -35.0423
9.799 35.0423
9.8 -35.0473
9.8 35.0473
9.801 -35.0522
9.801 35.0522
9.802 -35.0572
9.802 35.0572
9.803 -35.0621
9.803 35.0621
9.804 -35.0671
9.804 35.0671
9.805 -35.072
9.805 35.072
9.806 -35.077
9.806 35.077
9.807 -35.0819
9.807 35.0819
9.808 -35.0869
9.808 35.0869
9.809 -35.0918
9.809 35.0918
9.81 -35.0968
9.81 35.0968
9.811 -35.1017
9.811 35.1017
9.812 -35.1067
9.812 35.1067
9.813 -35.1116
9.813 35.1116
9.814 -35.1166
9.814 35.1166
9.815 -35.1215
9.815 35.1215
9.816 -35.1265
9.816 35.1265
9.817 -35.1315
9.817 35.1315
9.818 -35.1364
9.818 35.1364
9.819 -35.1414
9.819 35.1414
9.82 -35.1463
9.82 35.1463
9.821 -35.1513
9.821 35.1513
9.822 -35.1562
9.822 35.1562
9.823 -35.1612
9.823 35.1612
9.824 -35.1661
9.824 35.1661
9.825 -35.1711
9.825 35.1711
9.826 -35.176
9.826 35.176
9.827 -35.181
9.827 35.181
9.828 -35.186
9.828 35.186
9.829 -35.1909
9.829 35.1909
9.83 -35.1959
9.83 35.1959
9.831 -35.2008
9.831 35.2008
9.832 -35.2058
9.832 35.2058
9.833 -35.2107
9.833 35.2107
9.834 -35.2157
9.834 35.2157
9.835 -35.2206
9.835 35.2206
9.836 -35.2256
9.836 35.2256
9.837 -35.2306
9.837 35.2306
9.838 -35.2355
9.838 35.2355
9.839 -35.2405
9.839 35.2405
9.84 -35.2454
9.84 35.2454
9.841 -35.2504
9.841 35.2504
9.842 -35.2554
9.842 35.2554
9.843 -35.2603
9.843 35.2603
9.844 -35.2653
9.844 35.2653
9.845 -35.2702
9.845 35.2702
9.846 -35.2752
9.846 35.2752
9.847 -35.2801
9.847 35.2801
9.848 -35.2851
9.848 35.2851
9.849 -35.2901
9.849 35.2901
9.85 -35.295
9.85 35.295
9.851 -35.3
9.851 35.3
9.852 -35.305
9.852 35.305
9.853 -35.3099
9.853 35.3099
9.854 -35.3149
9.854 35.3149
9.855 -35.3198
9.855 35.3198
9.856 -35.3248
9.856 35.3248
9.857 -35.3298
9.857 35.3298
9.858 -35.3347
9.858 35.3347
9.859 -35.3397
9.859 35.3397
9.86 -35.3446
9.86 35.3446
9.861 -35.3496
9.861 35.3496
9.862 -35.3546
9.862 35.3546
9.863 -35.3595
9.863 35.3595
9.864 -35.3645
9.864 35.3645
9.865 -35.3695
9.865 35.3695
9.866 -35.3744
9.866 35.3744
9.867 -35.3794
9.867 35.3794
9.868 -35.3844
9.868 35.3844
9.869 -35.3893
9.869 35.3893
9.87 -35.3943
9.87 35.3943
9.871 -35.3993
9.871 35.3993
9.872 -35.4042
9.872 35.4042
9.873 -35.4092
9.873 35.4092
9.874 -35.4141
9.874 35.4141
9.875 -35.4191
9.875 35.4191
9.876 -35.4241
9.876 35.4241
9.877 -35.429
9.877 35.429
9.878 -35.434
9.878 35.434
9.879 -35.439
9.879 35.439
9.88 -35.4439
9.88 35.4439
9.881 -35.4489
9.881 35.4489
9.882 -35.4539
9.882 35.4539
9.883 -35.4589
9.883 35.4589
9.884 -35.4638
9.884 35.4638
9.885 -35.4688
9.885 35.4688
9.886 -35.4738
9.886 35.4738
9.887 -35.4787
9.887 35.4787
9.888 -35.4837
9.888 35.4837
9.889 -35.4887
9.889 35.4887
9.89 -35.4936
9.89 35.4936
9.891 -35.4986
9.891 35.4986
9.892 -35.5036
9.892 35.5036
9.893 -35.5085
9.893 35.5085
9.894 -35.5135
9.894 35.5135
9.895 -35.5185
9.895 35.5185
9.896 -35.5235
9.896 35.5235
9.897 -35.5284
9.897 35.5284
9.898 -35.5334
9.898 35.5334
9.899 -35.5384
9.899 35.5384
9.9 -35.5433
9.9 35.5433
9.901 -35.5483
9.901 35.5483
9.902 -35.5533
9.902 35.5533
9.903 -35.5583
9.903 35.5583
9.904 -35.5632
9.904 35.5632
9.905 -35.5682
9.905 35.5682
9.906 -35.5732
9.906 35.5732
9.907 -35.5781
9.907 35.5781
9.908 -35.5831
9.908 35.5831
9.909 -35.5881
9.909 35.5881
9.91 -35.5931
9.91 35.5931
9.911 -35.598
9.911 35.598
9.912 -35.603
9.912 35.603
9.913 -35.608
9.913 35.608
9.914 -35.613
9.914 35.613
9.915 -35.6179
9.915 35.6179
9.916 -35.6229
9.916 35.6229
9.917 -35.6279
9.917 35.6279
9.918 -35.6329
9.918 35.6329
9.919 -35.6378
9.919 35.6378
9.92 -35.6428
9.92 35.6428
9.921 -35.6478
9.921 35.6478
9.922 -35.6528
9.922 35.6528
9.923 -35.6578
9.923 35.6578
9.924 -35.6627
9.924 35.6627
9.925 -35.6677
9.925 35.6677
9.926 -35.6727
9.926 35.6727
9.927 -35.6777
9.927 35.6777
9.928 -35.6826
9.928 35.6826
9.929 -35.6876
9.929 35.6876
9.93 -35.6926
9.93 35.6926
9.931 -35.6976
9.931 35.6976
9.932 -35.7026
9.932 35.7026
9.933 -35.7075
9.933 35.7075
9.934 -35.7125
9.934 35.7125
9.935 -35.7175
9.935 35.7175
9.936 -35.7225
9.936 35.7225
9.937 -35.7275
9.937 35.7275
9.938 -35.7324
9.938 35.7324
9.939 -35.7374
9.939 35.7374
9.94 -35.7424
9.94 35.7424
9.941 -35.7474
9.941 35.7474
9.942 -35.7524
9.942 35.7524
9.943 -35.7573
9.943 35.7573
9.944 -35.7623
9.944 35.7623
9.945 -35.7673
9.945 35.7673
9.946 -35.7723
9.946 35.7723
9.947 -35.7773
9.947 35.7773
9.948 -35.7822
9.948 35.7822
9.949 -35.7872
9.949 35.7872
9.95 -35.7922
9.95 35.7922
9.951 -35.7972
9.951 35.7972
9.952 -35.8022
9.952 35.8022
9.953 -35.8072
9.953 35.8072
9.954 -35.8121
9.954 35.8121
9.955 -35.8171
9.955 35.8171
9.956 -35.8221
9.956 35.8221
9.957 -35.8271
9.957 35.8271
9.958 -35.8321
9.958 35.8321
9.959 -35.8371
9.959 35.8371
9.96 -35.8421
9.96 35.8421
9.961 -35.847
9.961 35.847
9.962 -35.852
9.962 35.852
9.963 -35.857
9.963 35.857
9.964 -35.862
9.964 35.862
9.965 -35.867
9.965 35.867
9.966 -35.872
9.966 35.872
9.967 -35.877
9.967 35.877
9.968 -35.8819
9.968 35.8819
9.969 -35.8869
9.969 35.8869
9.97 -35.8919
9.97 35.8919
9.971 -35.8969
9.971 35.8969
9.972 -35.9019
9.972 35.9019
9.973 -35.9069
9.973 35.9069
9.974 -35.9119
9.974 35.9119
9.975 -35.9169
9.975 35.9169
9.976 -35.9218
9.976 35.9218
9.977 -35.9268
9.977 35.9268
9.978 -35.9318
9.978 35.9318
9.979 -35.9368
9.979 35.9368
9.98 -35.9418
9.98 35.9418
9.981 -35.9468
9.981 35.9468
9.982 -35.9518
9.982 35.9518
9.983 -35.9568
9.983 35.9568
9.984 -35.9618
9.984 35.9618
9.985 -35.9668
9.985 35.9668
9.986 -35.9717
9.986 35.9717
9.987 -35.9767
9.987 35.9767
9.988 -35.9817
9.988 35.9817
9.989 -35.9867
9.989 35.9867
9.99 -35.9917
9.99 35.9917
9.991 -35.9967
9.991 35.9967
9.992 -36.0017
9.992 36.0017
9.993 -36.0067
9.993 36.0067
9.994 -36.0117
9.994 36.0117
9.995 -36.0167
9.995 36.0167
9.996 -36.0217
9.996 36.0217
9.997 -36.0267
9.997 36.0267
9.998 -36.0317
9.998 36.0317
9.999 -36.0366
9.999 36.0366
10 -36.0416
10 36.0416
10.001 -36.0466
10.001 36.0466
10.002 -36.0516
10.002 36.0516
10.003 -36.0566
10.003 36.0566
10.004 -36.0616
10.004 36.0616
10.005 -36.0666
10.005 36.0666
10.006 -36.0716
10.006 36.0716
10.007 -36.0766
10.007 36.0766
10.008 -36.0816
10.008 36.0816
10.009 -36.0866
10.009 36.0866
10.01 -36.0916
10.01 36.0916
10.011 -36.0966
10.011 36.0966
10.012 -36.1016
10.012 36.1016
10.013 -36.1066
10.013 36.1066
10.014 -36.1116
10.014 36.1116
10.015 -36.1166
10.015 36.1166
10.016 -36.1216
10.016 36.1216
10.017 -36.1266
10.017 36.1266
10.018 -36.1316
10.018 36.1316
10.019 -36.1366
10.019 36.1366
10.02 -36.1416
10.02 36.1416
10.021 -36.1466
10.021 36.1466
10.022 -36.1516
10.022 36.1516
10.023 -36.1566
10.023 36.1566
10.024 -36.1616
10.024 36.1616
10.025 -36.1666
10.025 36.1666
10.026 -36.1716
10.026 36.1716
10.027 -36.1766
10.027 36.1766
10.028 -36.1816
10.028 36.1816
10.029 -36.1866
10.029 36.1866
10.03 -36.1916
10.03 36.1916
10.031 -36.1966
10.031 36.1966
10.032 -36.2016
10.032 36.2016
10.033 -36.2066
10.033 36.2066
10.034 -36.2116
10.034 36.2116
10.035 -36.2166
10.035 36.2166
10.036 -36.2216
10.036 36.2216
10.037 -36.2266
10.037 36.2266
10.038 -36.2316
10.038 36.2316
10.039 -36.2366
10.039 36.2366
10.04 -36.2416
10.04 36.2416
10.041 -36.2466
10.041 36.2466
10.042 -36.2516
10.042 36.2516
10.043 -36.2566
10.043 36.2566
10.044 -36.2616
10.044 36.2616
10.045 -36.2666
10.045 36.2666
10.046 -36.2716
10.046 36.2716
10.047 -36.2766
10.047 36.2766
10.048 -36.2816
10.048 36.2816
10.049 -36.2866
10.049 36.2866
10.05 -36.2916
10.05 36.2916
10.051 -36.2966
10.051 36.2966
10.052 -36.3016
10.052 36.3016
10.053 -36.3067
10.053 36.3067
10.054 -36.3117
10.054 36.3117
10.055 -36.3167
10.055 36.3167
10.056 -36.3217
10.056 36.3217
10.057 -36.3267
10.057 36.3267
10.058 -36.3317
10.058 36.3317
10.059 -36.3367
10.059 36.3367
10.06 -36.3417
10.06 36.3417
10.061 -36.3467
10.061 36.3467
10.062 -36.3517
10.062 36.3517
10.063 -36.3567
10.063 36.3567
10.064 -36.3617
10.064 36.3617
10.065 -36.3667
10.065 36.3667
10.066 -36.3717
10.066 36.3717
10.067 -36.3768
10.067 36.3768
10.068 -36.3818
10.068 36.3818
10.069 -36.3868
10.069 36.3868
10.07 -36.3918
10.07 36.3918
10.071 -36.3968
10.071 36.3968
10.072 -36.4018
10.072 36.4018
10.073 -36.4068
10.073 36.4068
10.074 -36.4118
10.074 36.4118
10.075 -36.4168
10.075 36.4168
10.076 -36.4218
10.076 36.4218
10.077 -36.4269
10.077 36.4269
10.078 -36.4319
10.078 36.4319
10.079 -36.4369
10.079 36.4369
10.08 -36.4419
10.08 36.4419
10.081 -36.4469
10.081 36.4469
10.082 -36.4519
10.082 36.4519
10.083 -36.4569
10.083 36.4569
10.084 -36.4619
10.084 36.4619
10.085 -36.467
10.085 36.467
10.086 -36.472
10.086 36.472
10.087 -36.477
10.087 36.477
10.088 -36.482
10.088 36.482
10.089 -36.487
10.089 36.487
10.09 -36.492
10.09 36.492
10.091 -36.497
10.091 36.497
10.092 -36.5021
10.092 36.5021
10.093 -36.5071
10.093 36.5071
10.094 -36.5121
10.094 36.5121
10.095 -36.5171
10.095 36.5171
10.096 -36.5221
10.096 36.5221
10.097 -36.5271
10.097 36.5271
10.098 -36.5321
10.098 36.5321
10.099 -36.5372
10.099 36.5372
10.1 -36.5422
10.1 36.5422
10.101 -36.5472
10.101 36.5472
10.102 -36.5522
10.102 36.5522
10.103 -36.5572
10.103 36.5572
10.104 -36.5622
10.104 36.5622
10.105 -36.5673
10.105 36.5673
10.106 -36.5723
10.106 36.5723
10.107 -36.5773
10.107 36.5773
10.108 -36.5823
10.108 36.5823
10.109 -36.5873
10.109 36.5873
10.11 -36.5924
10.11 36.5924
10.111 -36.5974
10.111 36.5974
10.112 -36.6024
10.112 36.6024
10.113 -36.6074
10.113 36.6074
10.114 -36.6124
10.114 36.6124
10.115 -36.6175
10.115 36.6175
10.116 -36.6225
10.116 36.6225
10.117 -36.6275
10.117 36.6275
10.118 -36.6325
10.118 36.6325
10.119 -36.6375
10.119 36.6375
10.12 -36.6426
10.12 36.6426
10.121 -36.6476
10.121 36.6476
10.122 -36.6526
10.122 36.6526
10.123 -36.6576
10.123 36.6576
10.124 -36.6626
10.124 36.6626
10.125 -36.6677
10.125 36.6677
10.126 -36.6727
10.126 36.6727
10.127 -36.6777
10.127 36.6777
10.128 -36.6827
10.128 36.6827
10.129 -36.6878
10.129 36.6878
10.13 -36.6928
10.13 36.6928
10.131 -36.6978
10.131 36.6978
10.132 -36.7028
10.132 36.7028
10.133 -36.7078
10.133 36.7078
10.134 -36.7129
10.134 36.7129
10.135 -36.7179
10.135 36.7179
10.136 -36.7229
10.136 36.7229
10.137 -36.7279
10.137 36.7279
10.138 -36.733
10.138 36.733
10.139 -36.738
10.139 36.738
10.14 -36.743
10.14 36.743
10.141 -36.748
10.141 36.748
10.142 -36.7531
10.142 36.7531
10.143 -36.7581
10.143 36.7581
10.144 -36.7631
10.144 36.7631
10.145 -36.7682
10.145 36.7682
10.146 -36.7732
10.146 36.7732
10.147 -36.7782
10.147 36.7782
10.148 -36.7832
10.148 36.7832
10.149 -36.7883
10.149 36.7883
10.15 -36.7933
10.15 36.7933
10.151 -36.7983
10.151 36.7983
10.152 -36.8033
10.152 36.8033
10.153 -36.8084
10.153 36.8084
10.154 -36.8134
10.154 36.8134
10.155 -36.8184
10.155 36.8184
10.156 -36.8235
10.156 36.8235
10.157 -36.8285
10.157 36.8285
10.158 -36.8335
10.158 36.8335
10.159 -36.8385
10.159 36.8385
10.16 -36.8436
10.16 36.8436
10.161 -36.8486
10.161 36.8486
10.162 -36.8536
10.162 36.8536
10.163 -36.8587
10.163 36.8587
10.164 -36.8637
10.164 36.8637
10.165 -36.8687
10.165 36.8687
10.166 -36.8738
10.166 36.8738
10.167 -36.8788
10.167 36.8788
10.168 -36.8838
10.168 36.8838
10.169 -36.8889
10.169 36.8889
10.17 -36.8939
10.17 36.8939
10.171 -36.8989
10.171 36.8989
10.172 -36.9039
10.172 36.9039
10.173 -36.909
10.173 36.909
10.174 -36.914
10.174 36.914
10.175 -36.919
10.175 36.919
10.176 -36.9241
10.176 36.9241
10.177 -36.9291
10.177 36.9291
10.178 -36.9341
10.178 36.9341
10.179 -36.9392
10.179 36.9392
10.18 -36.9442
10.18 36.9442
10.181 -36.9492
10.181 36.9492
10.182 -36.9543
10.182 36.9543
10.183 -36.9593
10.183 36.9593
10.184 -36.9644
10.184 36.9644
10.185 -36.9694
10.185 36.9694
10.186 -36.9744
10.186 36.9744
10.187 -36.9795
10.187 36.9795
10.188 -36.9845
10.188 36.9845
10.189 -36.9895
10.189 36.9895
10.19 -36.9946
10.19 36.9946
10.191 -36.9996
10.191 36.9996
10.192 -37.0046
10.192 37.0046
10.193 -37.0097
10.193 37.0097
10.194 -37.0147
10.194 37.0147
10.195 -37.0198
10.195 37.0198
10.196 -37.0248
10.196 37.0248
10.197 -37.0298
10.197 37.0298
10.198 -37.0349
10.198 37.0349
10.199 -37.0399
10.199 37.0399
10.2 -37.0449
10.2 37.0449
10.201 -37.05
10.201 37.05
10.202 -37.055
10.202 37.055
10.203 -37.0601
10.203 37.0601
10.204 -37.0651
10.204 37.0651
10.205 -37.0701
10.205 37.0701
10.206 -37.0752
10.206 37.0752
10.207 -37.0802
10.207 37.0802
10.208 -37.0853
10.208 37.0853
10.209 -37.0903
10.209 37.0903
10.21 -37.0953
10.21 37.0953
10.211 -37.1004
10.211 37.1004
10.212 -37.1054
10.212 37.1054
10.213 -37.1105
10.213 37.1105
10.214 -37.1155
10.214 37.1155
10.215 -37.1206
10.215 37.1206
10.216 -37.1256
10.216 37.1256
10.217 -37.1306
10.217 37.1306
10.218 -37.1357
10.218 37.1357
10.219 -37.1407
10.219 37.1407
10.22 -37.1458
10.22 37.1458
10.221 -37.1508
10.221 37.1508
10.222 -37.1559
10.222 37.1559
10.223 -37.1609
10.223 37.1609
10.224 -37.1659
10.224 37.1659
10.225 -37.171
10.225 37.171
10.226 -37.176
10.226 37.176
10.227 -37.1811
10.227 37.1811
10.228 -37.1861
10.228 37.1861
10.229 -37.1912
10.229 37.1912
10.23 -37.1962
10.23 37.1962
10.231 -37.2013
10.231 37.2013
10.232 -37.2063
10.232 37.2063
10.233 -37.2113
10.233 37.2113
10.234 -37.2164
10.234 37.2164
10.235 -37.2214
10.235 37.2214
10.236 -37.2265
10.236 37.2265
10.237 -37.2315
10.237 37.2315
10.238 -37.2366
10.238 37.2366
10.239 -37.2416
10.239 37.2416
10.24 -37.2467
10.24 37.2467
10.241 -37.2517
10.241 37.2517
10.242 -37.2568
10.242 37.2568
10.243 -37.2618
10.243 37.2618
10.244 -37.2669
10.244 37.2669
10.245 -37.2719
10.245 37.2719
10.246 -37.277
10.246 37.277
10.247 -37.282
10.247 37.282
10.248 -37.2871
10.248 37.2871
10.249 -37.2921
10.249 37.2921
10.25 -37.2972
10.25 37.2972
10.251 -37.3022
10.251 37.3022
10.252 -37.3073
10.252 37.3073
10.253 -37.3123
10.253 37.3123
10.254 -37.3174
10.254 37.3174
10.255 -37.3224
10.255 37.3224
10.256 -37.3275
10.256 37.3275
10.257 -37.3325
10.257 37.3325
10.258 -37.3376
10.258 37.3376
10.259 -37.3426
10.259 37.3426
10.26 -37.3477
10.26 37.3477
10.261 -37.3527
10.261 37.3527
10.262 -37.3578
10.262 37.3578
10.263 -37.3628
10.263 37.3628
10.264 -37.3679
10.264 37.3679
10.265 -37.3729
10.265 37.3729
10.266 -37.378
10.266 37.378
10.267 -37.383
10.267 37.383
10.268 -37.3881
10.268 37.3881
10.269 -37.3931
10.269 37.3931
10.27 -37.3982
10.27 37.3982
10.271 -37.4033
10.271 37.4033
10.272 -37.4083
10.272 37.4083
10.273 -37.4134
10.273 37.4134
10.274 -37.4184
10.274 37.4184
10.275 -37.4235
10.275 37.4235
10.276 -37.4285
10.276 37.4285
10.277 -37.4336
10.277 37.4336
10.278 -37.4386
10.278 37.4386
10.279 -37.4437
10.279 37.4437
10.28 -37.4488
10.28 37.4488
10.281 -37.4538
10.281 37.4538
10.282 -37.4589
10.282 37.4589
10.283 -37.4639
10.283 37.4639
10.284 -37.469
10.284 37.469
10.285 -37.474
10.285 37.474
10.286 -37.4791
10.286 37.4791
10.287 -37.4842
10.287 37.4842
10.288 -37.4892
10.288 37.4892
10.289 -37.4943
10.289 37.4943
10.29 -37.4993
10.29 37.4993
10.291 -37.5044
10.291 37.5044
10.292 -37.5094
10.292 37.5094
10.293 -37.5145
10.293 37.5145
10.294 -37.5196
10.294 37.5196
10.295 -37.5246
10.295 37.5246
10.296 -37.5297
10.296 37.5297
10.297 -37.5347
10.297 37.5347
10.298 -37.5398
10.298 37.5398
10.299 -37.5449
10.299 37.5449
10.3 -37.5499
10.3 37.5499
10.301 -37.555
10.301 37.555
10.302 -37.56
10.302 37.56
10.303 -37.5651
10.303 37.5651
10.304 -37.5702
10.304 37.5702
10.305 -37.5752
10.305 37.5752
10.306 -37.5803
10.306 37.5803
10.307 -37.5854
10.307 37.5854
10.308 -37.5904
10.308 37.5904
10.309 -37.5955
10.309 37.5955
10.31 -37.6005
10.31 37.6005
10.311 -37.6056
10.311 37.6056
10.312 -37.6107
10.312 37.6107
10.313 -37.6157
10.313 37.6157
10.314 -37.6208
10.314 37.6208
10.315 -37.6259
10.315 37.6259
10.316 -37.6309
10.316 37.6309
10.317 -37.636
10.317 37.636
10.318 -37.6411
10.318 37.6411
10.319 -37.6461
10.319 37.6461
10.32 -37.6512
10.32 37.6512
10.321 -37.6563
10.321 37.6563
10.322 -37.6613
10.322 37.6613
10.323 -37.6664
10.323 37.6664
10.324 -37.6715
10.324 37.6715
10.325 -37.6765
10.325 37.6765
10.326 -37.6816
10.326 37.6816
10.327 -37.6867
10.327 37.6867
10.328 -37.6917
10.328 37.6917
10.329 -37.6968
10.329 37.6968
10.33 -37.7019
10.33 37.7019
10.331 -37.7069
10.331 37.7069
10.332 -37.712
10.332 37.712
10.333 -37.7171
10.333 37.7171
10.334 -37.7221
10.334 37.7221
10.335 -37.7272
10.335 37.7272
10.336 -37.7323
10.336 37.7323
10.337 -37.7373
10.337 37.7373
10.338 -37.7424
10.338 37.7424
10.339 -37.7475
10.339 37.7475
10.34 -37.7525
10.34 37.7525
10.341 -37.7576
10.341 37.7576
10.342 -37.7627
10.342 37.7627
10.343 -37.7677
10.343 37.7677
10.344 -37.7728
10.344 37.7728
10.345 -37.7779
10.345 37.7779
10.346 -37.783
10.346 37.783
10.347 -37.788
10.347 37.788
10.348 -37.7931
10.348 37.7931
10.349 -37.7982
10.349 37.7982
10.35 -37.8032
10.35 37.8032
10.351 -37.8083
10.351 37.8083
10.352 -37.8134
10.352 37.8134
10.353 -37.8185
10.353 37.8185
10.354 -37.8235
10.354 37.8235
10.355 -37.8286
10.355 37.8286
10.356 -37.8337
10.356 37.8337
10.357 -37.8388
10.357 37.8388
10.358 -37.8438
10.358 37.8438
10.359 -37.8489
10.359 37.8489
10.36 -37.854
10.36 37.854
10.361 -37.859
10.361 37.859
10.362 -37.8641
10.362 37.8641
10.363 -37.8692
10.363 37.8692
10.364 -37.8743
10.364 37.8743
10.365 -37.8793
10.365 37.8793
10.366 -37.8844
10.366 37.8844
10.367 -37.8895
10.367 37.8895
10.368 -37.8946
10.368 37.8946
10.369 -37.8997
10.369 37.8997
10.37 -37.9047
10.37 37.9047
10.371 -37.9098
10.371 37.9098
10.372 -37.9149
10.372 37.9149
10.373 -37.92
10.373 37.92
10.374 -37.925
10.374 37.925
10.375 -37.9301
10.375 37.9301
10.376 -37.9352
10.376 37.9352
10.377 -37.9403
10.377 37.9403
10.378 -37.9453
10.378 37.9453
10.379 -37.9504
10.379 37.9504
10.38 -37.9555
10.38 37.9555
10.381 -37.9606
10.381 37.9606
10.382 -37.9657
10.382 37.9657
10.383 -37.9707
10.383 37.9707
10.384 -37.9758
10.384 37.9758
10.385 -37.9809
10.385 37.9809
10.386 -37.986
10.386 37.986
10.387 -37.9911
10.387 37.9911
10.388 -37.9961
10.388 37.9961
10.389 -38.0012
10.389 38.0012
10.39 -38.0063
10.39 38.0063
10.391 -38.0114
10.391 38.0114
10.392 -38.0165
10.392 38.0165
10.393 -38.0215
10.393 38.0215
10.394 -38.0266
10.394 38.0266
10.395 -38.0317
10.395 38.0317
10.396 -38.0368
10.396 38.0368
10.397 -38.0419
10.397 38.0419
10.398 -38.0469
10.398 38.0469
10.399 -38.052
10.399 38.052
10.4 -38.0571
10.4 38.0571
10.401 -38.0622
10.401 38.0622
10.402 -38.0673
10.402 38.0673
10.403 -38.0724
10.403 38.0724
10.404 -38.0774
10.404 38.0774
10.405 -38.0825
10.405 38.0825
10.406 -38.0876
10.406 38.0876
10.407 -38.0927
10.407 38.0927
10.408 -38.0978
10.408 38.0978
10.409 -38.1029
10.409 38.1029
10.41 -38.108
10.41 38.108
10.411 -38.113
10.411 38.113
10.412 -38.1181
10.412 38.1181
10.413 -38.1232
10.413 38.1232
10.414 -38.1283
10.414 38.1283
10.415 -38.1334
10.415 38.1334
10.416 -38.1385
10.416 38.1385
10.417 -38.1436
10.417 38.1436
10.418 -38.1486
10.418 38.1486
10.419 -38.1537
10.419 38.1537
10.42 -38.1588
10.42 38.1588
10.421 -38.1639
10.421 38.1639
10.422 -38.169
10.422 38.169
10.423 -38.1741
10.423 38.1741
10.424 -38.1792
10.424 38.1792
10.425 -38.1843
10.425 38.1843
10.426 -38.1893
10.426 38.1893
10.427 -38.1944
10.427 38.1944
10.428 -38.1995
10.428 38.1995
10.429 -38.2046
10.429 38.2046
10.43 -38.2097
10.43 38.2097
10.431 -38.2148
10.431 38.2148
10.432 -38.2199
10.432 38.2199
10.433 -38.225
10.433 38.225
10.434 -38.2301
10.434 38.2301
10.435 -38.2352
10.435 38.2352
10.436 -38.2402
10.436 38.2402
10.437 -38.2453
10.437 38.2453
10.438 -38.2504
10.438 38.2504
10.439 -38.2555
10.439 38.2555
10.44 -38.2606
10.44 38.2606
10.441 -38.2657
10.441 38.2657
10.442 -38.2708
10.442 38.2708
10.443 -38.2759
10.443 38.2759
10.444 -38.281
10.444 38.281
10.445 -38.2861
10.445 38.2861
10.446 -38.2912
10.446 38.2912
10.447 -38.2963
10.447 38.2963
10.448 -38.3013
10.448 38.3013
10.449 -38.3064
10.449 38.3064
10.45 -38.3115
10.45 38.3115
10.451 -38.3166
10.451 38.3166
10.452 -38.3217
10.452 38.3217
10.453 -38.3268
10.453 38.3268
10.454 -38.3319
10.454 38.3319
10.455 -38.337
10.455 38.337
10.456 -38.3421
10.456 38.3421
10.457 -38.3472
10.457 38.3472
10.458 -38.3523
10.458 38.3523
10.459 -38.3574
10.459 38.3574
10.46 -38.3625
10.46 38.3625
10.461 -38.3676
10.461 38.3676
10.462 -38.3727
10.462 38.3727
10.463 -38.3778
10.463 38.3778
10.464 -38.3829
10.464 38.3829
10.465 -38.388
10.465 38.388
10.466 -38.3931
10.466 38.3931
10.467 -38.3982
10.467 38.3982
10.468 -38.4033
10.468 38.4033
10.469 -38.4084
10.469 38.4084
10.47 -38.4135
10.47 38.4135
10.471 -38.4186
10.471 38.4186
10.472 -38.4237
10.472 38.4237
10.473 -38.4288
10.473 38.4288
10.474 -38.4338
10.474 38.4338
10.475 -38.4389
10.475 38.4389
10.476 -38.444
10.476 38.444
10.477 -38.4491
10.477 38.4491
10.478 -38.4542
10.478 38.4542
10.479 -38.4593
10.479 38.4593
10.48 -38.4644
10.48 38.4644
10.481 -38.4695
10.481 38.4695
10.482 -38.4746
10.482 38.4746
10.483 -38.4798
10.483 38.4798
10.484 -38.4849
10.484 38.4849
10.485 -38.49
10.485 38.49
10.486 -38.4951
10.486 38.4951
10.487 -38.5002
10.487 38.5002
10.488 -38.5053
10.488 38.5053
10.489 -38.5104
10.489 38.5104
10.49 -38.5155
10.49 38.5155
10.491 -38.5206
10.491 38.5206
10.492 -38.5257
10.492 38.5257
10.493 -38.5308
10.493 38.5308
10.494 -38.5359
10.494 38.5359
10.495 -38.541
10.495 38.541
10.496 -38.5461
10.496 38.5461
10.497 -38.5512
10.497 38.5512
10.498 -38.5563
10.498 38.5563
10.499 -38.5614
10.499 38.5614
10.5 -38.5665
10.5 38.5665
10.501 -38.5716
10.501 38.5716
10.502 -38.5767
10.502 38.5767
10.503 -38.5818
10.503 38.5818
10.504 -38.5869
10.504 38.5869
10.505 -38.592
10.505 38.592
10.506 -38.5971
10.506 38.5971
10.507 -38.6022
10.507 38.6022
10.508 -38.6073
10.508 38.6073
10.509 -38.6125
10.509 38.6125
10.51 -38.6176
10.51 38.6176
10.511 -38.6227
10.511 38.6227
10.512 -38.6278
10.512 38.6278
10.513 -38.6329
10.513 38.6329
10.514 -38.638
10.514 38.638
10.515 -38.6431
10.515 38.6431
10.516 -38.6482
10.516 38.6482
10.517 -38.6533
10.517 38.6533
10.518 -38.6584
10.518 38.6584
10.519 -38.6635
10.519 38.6635
10.52 -38.6686
10.52 38.6686
10.521 -38.6738
10.521 38.6738
10.522 -38.6789
10.522 38.6789
10.523 -38.684
10.523 38.684
10.524 -38.6891
10.524 38.6891
10.525 -38.6942
10.525 38.6942
10.526 -38.6993
10.526 38.6993
10.527 -38.7044
10.527 38.7044
10.528 -38.7095
10.528 38.7095
10.529 -38.7146
10.529 38.7146
10.53 -38.7197
10.53 38.7197
10.531 -38.7249
10.531 38.7249
10.532 -38.73
10.532 38.73
10.533 -38.7351
10.533 38.7351
10.534 -38.7402
10.534 38.7402
10.535 -38.7453
10.535 38.7453
10.536 -38.7504
10.536 38.7504
10.537 -38.7555
10.537 38.7555
10.538 -38.7606
10.538 38.7606
10.539 -38.7658
10.539 38.7658
10.54 -38.7709
10.54 38.7709
10.541 -38.776
10.541 38.776
10.542 -38.7811
10.542 38.7811
10.543 -38.7862
10.543 38.7862
10.544 -38.7913
10.544 38.7913
10.545 -38.7964
10.545 38.7964
10.546 -38.8016
10.546 38.8016
10.547 -38.8067
10.547 38.8067
10.548 -38.8118
10.548 38.8118
10.549 -38.8169
10.549 38.8169
10.55 -38.822
10.55 38.822
10.551 -38.8271
10.551 38.8271
10.552 -38.8322
10.552 38.8322
10.553 -38.8374
10.553 38.8374
10.554 -38.8425
10.554 38.8425
10.555 -38.8476
10.555 38.8476
10.556 -38.8527
10.556 38.8527
10.557 -38.8578
10.557 38.8578
10.558 -38.8629
10.558 38.8629
10.559 -38.8681
10.559 38.8681
10.56 -38.8732
10.56 38.8732
10.561 -38.8783
10.561 38.8783
10.562 -38.8834
10.562 38.8834
10.563 -38.8885
10.563 38.8885
10.564 -38.8937
10.564 38.8937
10.565 -38.8988
10.565 38.8988
10.566 -38.9039
10.566 38.9039
10.567 -38.909
10.567 38.909
10.568 -38.9141
10.568 38.9141
10.569 -38.9193
10.569 38.9193
10.57 -38.9244
10.57 38.9244
10.571 -38.9295
10.571 38.9295
10.572 -38.9346
10.572 38.9346
10.573 -38.9397
10.573 38.9397
10.574 -38.9449
10.574 38.9449
10.575 -38.95
10.575 38.95
10.576 -38.9551
10.576 38.9551
10.577 -38.9602
10.577 38.9602
10.578 -38.9653
10.578 38.9653
10.579 -38.9705
10.579 38.9705
10.58 -38.9756
10.58 38.9756
10.581 -38.9807
10.581 38.9807
10.582 -38.9858
10.582 38.9858
10.583 -38.991
10.583 38.991
10.584 -38.9961
10.584 38.9961
10.585 -39.0012
10.585 39.0012
10.586 -39.0063
10.586 39.0063
10.587 -39.0114
10.587 39.0114
10.588 -39.0166
10.588 39.0166
10.589 -39.0217
10.589 39.0217
10.59 -39.0268
10.59 39.0268
10.591 -39.0319
10.591 39.0319
10.592 -39.0371
10.592 39.0371
10.593 -39.0422
10.593 39.0422
10.594 -39.0473
10.594 39.0473
10.595 -39.0524
10.595 39.0524
10.596 -39.0576
10.596 39.0576
10.597 -39.0627
10.597 39.0627
10.598 -39.0678
10.598 39.0678
10.599 -39.0729
10.599 39.0729
10.6 -39.0781
10.6 39.0781
10.601 -39.0832
10.601 39.0832
10.602 -39.0883
10.602 39.0883
10.603 -39.0935
10.603 39.0935
10.604 -39.0986
10.604 39.0986
10.605 -39.1037
10.605 39.1037
10.606 -39.1088
10.606 39.1088
10.607 -39.114
10.607 39.114
10.608 -39.1191
10.608 39.1191
10.609 -39.1242
10.609 39.1242
10.61 -39.1294
10.61 39.1294
10.611 -39.1345
10.611 39.1345
10.612 -39.1396
10.612 39.1396
10.613 -39.1447
10.613 39.1447
10.614 -39.1499
10.614 39.1499
10.615 -39.155
10.615 39.155
10.616 -39.1601
10.616 39.1601
10.617 -39.1653
10.617 39.1653
10.618 -39.1704
10.618 39.1704
10.619 -39.1755
10.619 39.1755
10.62 -39.1807
10.62 39.1807
10.621 -39.1858
10.621 39.1858
10.622 -39.1909
10.622 39.1909
10.623 -39.196
10.623 39.196
10.624 -39.2012
10.624 39.2012
10.625 -39.2063
10.625 39.2063
10.626 -39.2114
10.626 39.2114
10.627 -39.2166
10.627 39.2166
10.628 -39.2217
10.628 39.2217
10.629 -39.2268
10.629 39.2268
10.63 -39.232
10.63 39.232
10.631 -39.2371
10.631 39.2371
10.632 -39.2422
10.632 39.2422
10.633 -39.2474
10.633 39.2474
10.634 -39.2525
10.634 39.2525
10.635 -39.2576
10.635 39.2576
10.636 -39.2628
10.636 39.2628
10.637 -39.2679
10.637 39.2679
10.638 -39.273
10.638 39.273
10.639 -39.2782
10.639 39.2782
10.64 -39.2833
10.64 39.2833
10.641 -39.2885
10.641 39.2885
10.642 -39.2936
10.642 39.2936
10.643 -39.2987
10.643 39.2987
10.644 -39.3039
10.644 39.3039
10.645 -39.309
10.645 39.309
10.646 -39.3141
10.646 39.3141
10.647 -39.3193
10.647 39.3193
10.648 -39.3244
10.648 39.3244
10.649 -39.3295
10.649 39.3295
10.65 -39.3347
10.65 39.3347
10.651 -39.3398
10.651 39.3398
10.652 -39.345
10.652 39.345
10.653 -39.3501
10.653 39.3501
10.654 -39.3552
10.654 39.3552
10.655 -39.3604
10.655 39.3604
10.656 -39.3655
10.656 39.3655
10.657 -39.3706
10.657 39.3706
10.658 -39.3758
10.658 39.3758
10.659 -39.3809
10.659 39.3809
10.66 -39.3861
10.66 39.3861
10.661 -39.3912
10.661 39.3912
10.662 -39.3963
10.662 39.3963
10.663 -39.4015
10.663 39.4015
10.664 -39.4066
10.664 39.4066
10.665 -39.4118
10.665 39.4118
10.666 -39.4169
10.666 39.4169
10.667 -39.4221
10.667 39.4221
10.668 -39.4272
10.668 39.4272
10.669 -39.4323
10.669 39.4323
10.67 -39.4375
10.67 39.4375
10.671 -39.4426
10.671 39.4426
10.672 -39.4478
10.672 39.4478
10.673 -39.4529
10.673 39.4529
10.674 -39.458
10.674 39.458
10.675 -39.4632
10.675 39.4632
10.676 -39.4683
10.676 39.4683
10.677 -39.4735
10.677 39.4735
10.678 -39.4786
10.678 39.4786
10.679 -39.4838
10.679 39.4838
10.68 -39.4889
10.68 39.4889
10.681 -39.494
10.681 39.494
10.682 -39.4992
10.682 39.4992
10.683 -39.5043
10.683 39.5043
10.684 -39.5095
10.684 39.5095
10.685 -39.5146
10.685 39.5146
10.686 -39.5198
10.686 39.5198
10.687 -39.5249
10.687 39.5249
10.688 -39.5301
10.688 39.5301
10.689 -39.5352
10.689 39.5352
10.69 -39.5404
10.69 39.5404
10.691 -39.5455
10.691 39.5455
10.692 -39.5506
10.692 39.5506
10.693 -39.5558
10.693 39.5558
10.694 -39.5609
10.694 39.5609
10.695 -39.5661
10.695 39.5661
10.696 -39.5712
10.696 39.5712
10.697 -39.5764
10.697 39.5764
10.698 -39.5815
10.698 39.5815
10.699 -39.5867
10.699 39.5867
10.7 -39.5918
10.7 39.5918
10.701 -39.597
10.701 39.597
10.702 -39.6021
10.702 39.6021
10.703 -39.6073
10.703 39.6073
10.704 -39.6124
10.704 39.6124
10.705 -39.6176
10.705 39.6176
10.706 -39.6227
10.706 39.6227
10.707 -39.6279
10.707 39.6279
10.708 -39.633
10.708 39.633
10.709 -39.6382
10.709 39.6382
10.71 -39.6433
10.71 39.6433
10.711 -39.6485
10.711 39.6485
10.712 -39.6536
10.712 39.6536
10.713 -39.6588
10.713 39.6588
10.714 -39.6639
10.714 39.6639
10.715 -39.6691
10.715 39.6691
10.716 -39.6742
10.716 39.6742
10.717 -39.6794
10.717 39.6794
10.718 -39.6845
10.718 39.6845
10.719 -39.6897
10.719 39.6897
10.72 -39.6948
10.72 39.6948
10.721 -39.7
10.721 39.7
10.722 -39.7051
10.722 39.7051
10.723 -39.7103
10.723 39.7103
10.724 -39.7155
10.724 39.7155
10.725 -39.7206
10.725 39.7206
10.726 -39.7258
10.726 39.7258
10.727 -39.7309
10.727 39.7309
10.728 -39.7361
10.728 39.7361
10.729 -39.7412
10.729 39.7412
10.73 -39.7464
10.73 39.7464
10.731 -39.7515
10.731 39.7515
10.732 -39.7567
10.732 39.7567
10.733 -39.7618
10.733 39.7618
10.734 -39.767
10.734 39.767
10.735 -39.7722
10.735 39.7722
10.736 -39.7773
10.736 39.7773
10.737 -39.7825
10.737 39.7825
10.738 -39.7876
10.738 39.7876
10.739 -39.7928
10.739 39.7928
10.74 -39.7979
10.74 39.7979
10.741 -39.8031
10.741 39.8031
10.742 -39.8083
10.742 39.8083
10.743 -39.8134
10.743 39.8134
10.744 -39.8186
10.744 39.8186
10.745 -39.8237
10.745 39.8237
10.746 -39.8289
10.746 39.8289
10.747 -39.834
10.747 39.834
10.748 -39.8392
10.748 39.8392
10.749 -39.8444
10.749 39.8444
10.75 -39.8495
10.75 39.8495
10.751 -39.8547
10.751 39.8547
10.752 -39.8598
10.752 39.8598
10.753 -39.865
10.753 39.865
10.754 -39.8702
10.754 39.8702
10.755 -39.8753
10.755 39.8753
10.756 -39.8805
10.756 39.8805
10.757 -39.8856
10.757 39.8856
10.758 -39.8908
10.758 39.8908
10.759 -39.896
10.759 39.896
10.76 -39.9011
10.76 39.9011
10.761 -39.9063
10.761 39.9063
10.762 -39.9114
10.762 39.9114
10.763 -39.9166
10.763 39.9166
10.764 -39.9218
10.764 39.9218
10.765 -39.9269
10.765 39.9269
10.766 -39.9321
10.766 39.9321
10.767 -39.9373
10.767 39.9373
10.768 -39.9424
10.768 39.9424
10.769 -39.9476
10.769 39.9476
10.77 -39.9528
10.77 39.9528
10.771 -39.9579
10.771 39.9579
10.772 -39.9631
10.772 39.9631
10.773 -39.9682
10.773 39.9682
10.774 -39.9734
10.774 39.9734
10.775 -39.9786
10.775 39.9786
10.776 -39.9837
10.776 39.9837
10.777 -39.9889
10.777 39.9889
10.778 -39.9941
10.778 39.9941
10.779 -39.9992
10.779 39.9992
10.78 -40.0044
10.78 40.0044
10.781 -40.0096
10.781 40.0096
10.782 -40.0147
10.782 40.0147
10.783 -40.0199
10.783 40.0199
10.784 -40.0251
10.784 40.0251
10.785 -40.0302
10.785 40.0302
10.786 -40.0354
10.786 40.0354
10.787 -40.0406
10.787 40.0406
10.788 -40.0457
10.788 40.0457
10.789 -40.0509
10.789 40.0509
10.79 -40.0561
10.79 40.0561
10.791 -40.0612
10.791 40.0612
10.792 -40.0664
10.792 40.0664
10.793 -40.0716
10.793 40.0716
10.794 -40.0767
10.794 40.0767
10.795 -40.0819
10.795 40.0819
10.796 -40.0871
10.796 40.0871
10.797 -40.0922
10.797 40.0922
10.798 -40.0974
10.798 40.0974
10.799 -40.1026
10.799 40.1026
10.8 -40.1078
10.8 40.1078
10.801 -40.1129
10.801 40.1129
10.802 -40.1181
10.802 40.1181
10.803 -40.1233
10.803 40.1233
10.804 -40.1284
10.804 40.1284
10.805 -40.1336
10.805 40.1336
10.806 -40.1388
10.806 40.1388
10.807 -40.144
10.807 40.144
10.808 -40.1491
10.808 40.1491
10.809 -40.1543
10.809 40.1543
10.81 -40.1595
10.81 40.1595
10.811 -40.1646
10.811 40.1646
10.812 -40.1698
10.812 40.1698
10.813 -40.175
10.813 40.175
10.814 -40.1802
10.814 40.1802
10.815 -40.1853
10.815 40.1853
10.816 -40.1905
10.816 40.1905
10.817 -40.1957
10.817 40.1957
10.818 -40.2009
10.818 40.2009
10.819 -40.206
10.819 40.206
10.82 -40.2112
10.82 40.2112
10.821 -40.2164
10.821 40.2164
10.822 -40.2215
10.822 40.2215
10.823 -40.2267
10.823 40.2267
10.824 -40.2319
10.824 40.2319
10.825 -40.2371
10.825 40.2371
10.826 -40.2422
10.826 40.2422
10.827 -40.2474
10.827 40.2474
10.828 -40.2526
10.828 40.2526
10.829 -40.2578
10.829 40.2578
10.83 -40.263
10.83 40.263
10.831 -40.2681
10.831 40.2681
10.832 -40.2733
10.832 40.2733
10.833 -40.2785
10.833 40.2785
10.834 -40.2837
10.834 40.2837
10.835 -40.2888
10.835 40.2888
10.836 -40.294
10.836 40.294
10.837 -40.2992
10.837 40.2992
10.838 -40.3044
10.838 40.3044
10.839 -40.3096
10.839 40.3096
10.84 -40.3147
10.84 40.3147
10.841 -40.3199
10.841 40.3199
10.842 -40.3251
10.842 40.3251
10.843 -40.3303
10.843 40.3303
10.844 -40.3354
10.844 40.3354
10.845 -40.3406
10.845 40.3406
10.846 -40.3458
10.846 40.3458
10.847 -40.351
10.847 40.351
10.848 -40.3562
10.848 40.3562
10.849 -40.3613
10.849 40.3613
10.85 -40.3665
10.85 40.3665
10.851 -40.3717
10.851 40.3717
10.852 -40.3769
10.852 40.3769
10.853 -40.3821
10.853 40.3821
10.854 -40.3873
10.854 40.3873
10.855 -40.3924
10.855 40.3924
10.856 -40.3976
10.856 40.3976
10.857 -40.4028
10.857 40.4028
10.858 -40.408
10.858 40.408
10.859 -40.4132
10.859 40.4132
10.86 -40.4183
10.86 40.4183
10.861 -40.4235
10.861 40.4235
10.862 -40.4287
10.862 40.4287
10.863 -40.4339
10.863 40.4339
10.864 -40.4391
10.864 40.4391
10.865 -40.4443
10.865 40.4443
10.866 -40.4495
10.866 40.4495
10.867 -40.4546
10.867 40.4546
10.868 -40.4598
10.868 40.4598
10.869 -40.465
10.869 40.465
10.87 -40.4702
10.87 40.4702
10.871 -40.4754
10.871 40.4754
10.872 -40.4806
10.872 40.4806
10.873 -40.4857
10.873 40.4857
10.874 -40.4909
10.874 40.4909
10.875 -40.4961
10.875 40.4961
10.876 -40.5013
10.876 40.5013
10.877 -40.5065
10.877 40.5065
10.878 -40.5117
10.878 40.5117
10.879 -40.5169
10.879 40.5169
10.88 -40.5221
10.88 40.5221
10.881 -40.5272
10.881 40.5272
10.882 -40.5324
10.882 40.5324
10.883 -40.5376
10.883 40.5376
10.884 -40.5428
10.884 40.5428
10.885 -40.548
10.885 40.548
10.886 -40.5532
10.886 40.5532
10.887 -40.5584
10.887 40.5584
10.888 -40.5636
10.888 40.5636
10.889 -40.5687
10.889 40.5687
10.89 -40.5739
10.89 40.5739
10.891 -40.5791
10.891 40.5791
10.892 -40.5843
10.892 40.5843
10.893 -40.5895
10.893 40.5895
10.894 -40.5947
10.894 40.5947
10.895 -40.5999
10.895 40.5999
10.896 -40.6051
10.896 40.6051
10.897 -40.6103
10.897 40.6103
10.898 -40.6155
10.898 40.6155
10.899 -40.6206
10.899 40.6206
10.9 -40.6258
10.9 40.6258
10.901 -40.631
10.901 40.631
10.902 -40.6362
10.902 40.6362
10.903 -40.6414
10.903 40.6414
10.904 -40.6466
10.904 40.6466
10.905 -40.6518
10.905 40.6518
10.906 -40.657
10.906 40.657
10.907 -40.6622
10.907 40.6622
10.908 -40.6674
10.908 40.6674
10.909 -40.6726
10.909 40.6726
10.91 -40.6778
10.91 40.6778
10.911 -40.683
10.911 40.683
10.912 -40.6882
10.912 40.6882
10.913 -40.6934
10.913 40.6934
10.914 -40.6985
10.914 40.6985
10.915 -40.7037
10.915 40.7037
10.916 -40.7089
10.916 40.7089
10.917 -40.7141
10.917 40.7141
10.918 -40.7193
10.918 40.7193
10.919 -40.7245
10.919 40.7245
10.92 -40.7297
10.92 40.7297
10.921 -40.7349
10.921 40.7349
10.922 -40.7401
10.922 40.7401
10.923 -40.7453
10.923 40.7453
10.924 -40.7505
10.924 40.7505
10.925 -40.7557
10.925 40.7557
10.926 -40.7609
10.926 40.7609
10.927 -40.7661
10.927 40.7661
10.928 -40.7713
10.928 40.7713
10.929 -40.7765
10.929 40.7765
10.93 -40.7817
10.93 40.7817
10.931 -40.7869
10.931 40.7869
10.932 -40.7921
10.932 40.7921
10.933 -40.7973
10.933 40.7973
10.934 -40.8025
10.934 40.8025
10.935 -40.8077
10.935 40.8077
10.936 -40.8129
10.936 40.8129
10.937 -40.8181
10.937 40.8181
10.938 -40.8233
10.938 40.8233
10.939 -40.8285
10.939 40.8285
10.94 -40.8337
10.94 40.8337
10.941 -40.8389
10.941 40.8389
10.942 -40.8441
10.942 40.8441
10.943 -40.8493
10.943 40.8493
10.944 -40.8545
10.944 40.8545
10.945 -40.8597
10.945 40.8597
10.946 -40.8649
10.946 40.8649
10.947 -40.8701
10.947 40.8701
10.948 -40.8753
10.948 40.8753
10.949 -40.8805
10.949 40.8805
10.95 -40.8857
10.95 40.8857
10.951 -40.8909
10.951 40.8909
10.952 -40.8961
10.952 40.8961
10.953 -40.9013
10.953 40.9013
10.954 -40.9065
10.954 40.9065
10.955 -40.9117
10.955 40.9117
10.956 -40.9169
10.956 40.9169
10.957 -40.9221
10.957 40.9221
10.958 -40.9273
10.958 40.9273
10.959 -40.9325
10.959 40.9325
10.96 -40.9377
10.96 40.9377
10.961 -40.9429
10.961 40.9429
10.962 -40.9481
10.962 40.9481
10.963 -40.9533
10.963 40.9533
10.964 -40.9585
10.964 40.9585
10.965 -40.9638
10.965 40.9638
10.966 -40.969
10.966 40.969
10.967 -40.9742
10.967 40.9742
10.968 -40.9794
10.968 40.9794
10.969 -40.9846
10.969 40.9846
10.97 -40.9898
10.97 40.9898
10.971 -40.995
10.971 40.995
10.972 -41.0002
10.972 41.0002
10.973 -41.0054
10.973 41.0054
10.974 -41.0106
10.974 41.0106
10.975 -41.0158
10.975 41.0158
10.976 -41.021
10.976 41.021
10.977 -41.0262
10.977 41.0262
10.978 -41.0314
10.978 41.0314
10.979 -41.0367
10.979 41.0367
10.98 -41.0419
10.98 41.0419
10.981 -41.0471
10.981 41.0471
10.982 -41.0523
10.982 41.0523
10.983 -41.0575
10.983 41.0575
10.984 -41.0627
10.984 41.0627
10.985 -41.0679
10.985 41.0679
10.986 -41.0731
10.986 41.0731
10.987 -41.0783
10.987 41.0783
10.988 -41.0835
10.988 41.0835
10.989 -41.0887
10.989 41.0887
10.99 -41.094
10.99 41.094
10.991 -41.0992
10.991 41.0992
10.992 -41.1044
10.992 41.1044
10.993 -41.1096
10.993 41.1096
10.994 -41.1148
10.994 41.1148
10.995 -41.12
10.995 41.12
10.996 -41.1252
10.996 41.1252
10.997 -41.1304
10.997 41.1304
10.998 -41.1357
10.998 41.1357
10.999 -41.1409
10.999 41.1409
11 -41.1461
11 41.1461
11.001 -41.1513
11.001 41.1513
11.002 -41.1565
11.002 41.1565
11.003 -41.1617
11.003 41.1617
11.004 -41.1669
11.004 41.1669
11.005 -41.1721
11.005 41.1721
11.006 -41.1774
11.006 41.1774
11.007 -41.1826
11.007 41.1826
11.008 -41.1878
11.008 41.1878
11.009 -41.193
11.009 41.193
11.01 -41.1982
11.01 41.1982
11.011 -41.2034
11.011 41.2034
11.012 -41.2087
11.012 41.2087
11.013 -41.2139
11.013 41.2139
11.014 -41.2191
11.014 41.2191
11.015 -41.2243
11.015 41.2243
11.016 -41.2295
11.016 41.2295
11.017 -41.2347
11.017 41.2347
11.018 -41.24
11.018 41.24
11.019 -41.2452
11.019 41.2452
11.02 -41.2504
11.02 41.2504
11.021 -41.2556
11.021 41.2556
11.022 -41.2608
11.022 41.2608
11.023 -41.266
11.023 41.266
11.024 -41.2713
11.024 41.2713
11.025 -41.2765
11.025 41.2765
11.026 -41.2817
11.026 41.2817
11.027 -41.2869
11.027 41.2869
11.028 -41.2921
11.028 41.2921
11.029 -41.2974
11.029 41.2974
11.03 -41.3026
11.03 41.3026
11.031 -41.3078
11.031 41.3078
11.032 -41.313
11.032 41.313
11.033 -41.3182
11.033 41.3182
11.034 -41.3235
11.034 41.3235
11.035 -41.3287
11.035 41.3287
11.036 -41.3339
11.036 41.3339
11.037 -41.3391
11.037 41.3391
11.038 -41.3443
11.038 41.3443
11.039 -41.3496
11.039 41.3496
11.04 -41.3548
11.04 41.3548
11.041 -41.36
11.041 41.36
11.042 -41.3652
11.042 41.3652
11.043 -41.3704
11.043 41.3704
11.044 -41.3757
11.044 41.3757
11.045 -41.3809
11.045 41.3809
11.046 -41.3861
11.046 41.3861
11.047 -41.3913
11.047 41.3913
11.048 -41.3966
11.048 41.3966
11.049 -41.4018
11.049 41.4018
11.05 -41.407
11.05 41.407
11.051 -41.4122
11.051 41.4122
11.052 -41.4175
11.052 41.4175
11.053 -41.4227
11.053 41.4227
11.054 -41.4279
11.054 41.4279
11.055 -41.4331
11.055 41.4331
11.056 -41.4384
11.056 41.4384
11.057 -41.4436
11.057 41.4436
11.058 -41.4488
11.058 41.4488
11.059 -41.454
11.059 41.454
11.06 -41.4593
11.06 41.4593
11.061 -41.4645
11.061 41.4645
11.062 -41.4697
11.062 41.4697
11.063 -41.4749
11.063 41.4749
11.064 -41.4802
11.064 41.4802
11.065 -41.4854
11.065 41.4854
11.066 -41.4906
11.066 41.4906
11.067 -41.4958
11.067 41.4958
11.068 -41.5011
11.068 41.5011
11.069 -41.5063
11.069 41.5063
11.07 -41.5115
11.07 41.5115
11.071 -41.5168
11.071 41.5168
11.072 -41.522
11.072 41.522
11.073 -41.5272
11.073 41.5272
11.074 -41.5324
11.074 41.5324
11.075 -41.5377
11.075 41.5377
11.076 -41.5429
11.076 41.5429
11.077 -41.5481
11.077 41.5481
11.078 -41.5534
11.078 41.5534
11.079 -41.5586
11.079 41.5586
11.08 -41.5638
11.08 41.5638
11.081 -41.569
11.081 41.569
11.082 -41.5743
11.082 41.5743
11.083 -41.5795
11.083 41.5795
11.084 -41.5847
11.084 41.5847
11.085 -41.59
11.085 41.59
11.086 -41.5952
11.086 41.5952
11.087 -41.6004
11.087 41.6004
11.088 -41.6057
11.088 41.6057
11.089 -41.6109
11.089 41.6109
11.09 -41.6161
11.09 41.6161
11.091 -41.6214
11.091 41.6214
11.092 -41.6266
11.092 41.6266
11.093 -41.6318
11.093 41.6318
11.094 -41.6371
11.094 41.6371
11.095 -41.6423
11.095 41.6423
11.096 -41.6475
11.096 41.6475
11.097 -41.6528
11.097 41.6528
11.098 -41.658
11.098 41.658
11.099 -41.6632
11.099 41.6632
11.1 -41.6685
11.1 41.6685
11.101 -41.6737
11.101 41.6737
11.102 -41.6789
11.102 41.6789
11.103 -41.6842
11.103 41.6842
11.104 -41.6894
11.104 41.6894
11.105 -41.6946
11.105 41.6946
11.106 -41.6999
11.106 41.6999
11.107 -41.7051
11.107 41.7051
11.108 -41.7103
11.108 41.7103
11.109 -41.7156
11.109 41.7156
11.11 -41.7208
11.11 41.7208
11.111 -41.7261
11.111 41.7261
11.112 -41.7313
11.112 41.7313
11.113 -41.7365
11.113 41.7365
11.114 -41.7418
11.114 41.7418
11.115 -41.747
11.115 41.747
11.116 -41.7522
11.116 41.7522
11.117 -41.7575
11.117 41.7575
11.118 -41.7627
11.118 41.7627
11.119 -41.768
11.119 41.768
11.12 -41.7732
11.12 41.7732
11.121 -41.7784
11.121 41.7784
11.122 -41.7837
11.122 41.7837
11.123 -41.7889
11.123 41.7889
11.124 -41.7942
11.124 41.7942
11.125 -41.7994
11.125 41.7994
11.126 -41.8046
11.126 41.8046
11.127 -41.8099
11.127 41.8099
11.128 -41.8151
11.128 41.8151
11.129 -41.8204
11.129 41.8204
11.13 -41.8256
11.13 41.8256
11.131 -41.8308
11.131 41.8308
11.132 -41.8361
11.132 41.8361
11.133 -41.8413
11.133 41.8413
11.134 -41.8466
11.134 41.8466
11.135 -41.8518
11.135 41.8518
11.136 -41.857
11.136 41.857
11.137 -41.8623
11.137 41.8623
11.138 -41.8675
11.138 41.8675
11.139 -41.8728
11.139 41.8728
11.14 -41.878
11.14 41.878
11.141 -41.8833
11.141 41.8833
11.142 -41.8885
11.142 41.8885
11.143 -41.8937
11.143 41.8937
11.144 -41.899
11.144 41.899
11.145 -41.9042
11.145 41.9042
11.146 -41.9095
11.146 41.9095
11.147 -41.9147
11.147 41.9147
11.148 -41.92
11.148 41.92
11.149 -41.9252
11.149 41.9252
11.15 -41.9305
11.15 41.9305
11.151 -41.9357
11.151 41.9357
11.152 -41.9409
11.152 41.9409
11.153 -41.9462
11.153 41.9462
11.154 -41.9514
11.154 41.9514
11.155 -41.9567
11.155 41.9567
11.156 -41.9619
11.156 41.9619
11.157 -41.9672
11.157 41.9672
11.158 -41.9724
11.158 41.9724
11.159 -41.9777
11.159 41.9777
11.16 -41.9829
11.16 41.9829
11.161 -41.9882
11.161 41.9882
11.162 -41.9934
11.162 41.9934
11.163 -41.9987
11.163 41.9987
11.164 -42.0039
11.164 42.0039
11.165 -42.0092
11.165 42.0092
11.166 -42.0144
11.166 42.0144
11.167 -42.0197
11.167 42.0197
11.168 -42.0249
11.168 42.0249
11.169 -42.0302
11.169 42.0302
11.17 -42.0354
11.17 42.0354
11.171 -42.0407
11.171 42.0407
11.172 -42.0459
11.172 42.0459
11.173 -42.0512
11.173 42.0512
11.174 -42.0564
11.174 42.0564
11.175 -42.0617
11.175 42.0617
11.176 -42.0669
11.176 42.0669
11.177 -42.0722
11.177 42.0722
11.178 -42.0774
11.178 42.0774
11.179 -42.0827
11.179 42.0827
11.18 -42.0879
11.18 42.0879
11.181 -42.0932
11.181 42.0932
11.182 -42.0984
11.182 42.0984
11.183 -42.1037
11.183 42.1037
11.184 -42.1089
11.184 42.1089
11.185 -42.1142
11.185 42.1142
11.186 -42.1194
11.186 42.1194
11.187 -42.1247
11.187 42.1247
11.188 -42.1299
11.188 42.1299
11.189 -42.1352
11.189 42.1352
11.19 -42.1404
11.19 42.1404
11.191 -42.1457
11.191 42.1457
11.192 -42.1509
11.192 42.1509
11.193 -42.1562
11.193 42.1562
11.194 -42.1615
11.194 42.1615
11.195 -42.1667
11.195 42.1667
11.196 -42.172
11.196 42.172
11.197 -42.1772
11.197 42.1772
11.198 -42.1825
11.198 42.1825
11.199 -42.1877
11.199 42.1877
11.2 -42.193
11.2 42.193
11.201 -42.1982
11.201 42.1982
11.202 -42.2035
11.202 42.2035
11.203 -42.2088
11.203 42.2088
11.204 -42.214
11.204 42.214
11.205 -42.2193
11.205 42.2193
11.206 -42.2245
11.206 42.2245
11.207 -42.2298
11.207 42.2298
11.208 -42.235
11.208 42.235
11.209 -42.2403
11.209 42.2403
11.21 -42.2456
11.21 42.2456
11.211 -42.2508
11.211 42.2508
11.212 -42.2561
11.212 42.2561
11.213 -42.2613
11.213 42.2613
11.214 -42.2666
11.214 42.2666
11.215 -42.2718
11.215 42.2718
11.216 -42.2771
11.216 42.2771
11.217 -42.2824
11.217 42.2824
11.218 -42.2876
11.218 42.2876
11.219 -42.2929
11.219 42.2929
11.22 -42.2981
11.22 42.2981
11.221 -42.3034
11.221 42.3034
11.222 -42.3087
11.222 42.3087
11.223 -42.3139
11.223 42.3139
11.224 -42.3192
11.224 42.3192
11.225 -42.3244
11.225 42.3244
11.226 -42.3297
11.226 42.3297
11.227 -42.335
11.227 42.335
11.228 -42.3402
11.228 42.3402
11.229 -42.3455
11.229 42.3455
11.23 -42.3508
11.23 42.3508
11.231 -42.356
11.231 42.356
11.232 -42.3613
11.232 42.3613
11.233 -42.3665
11.233 42.3665
11.234 -42.3718
11.234 42.3718
11.235 -42.3771
11.235 42.3771
11.236 -42.3823
11.236 42.3823
11.237 -42.3876
11.237 42.3876
11.238 -42.3929
11.238 42.3929
11.239 -42.3981
11.239 42.3981
11.24 -42.4034
11.24 42.4034
11.241 -42.4087
11.241 42.4087
11.242 -42.4139
11.242 42.4139
11.243 -42.4192
11.243 42.4192
11.244 -42.4244
11.244 42.4244
11.245 -42.4297
11.245 42.4297
11.246 -42.435
11.246 42.435
11.247 -42.4402
11.247 42.4402
11.248 -42.4455
11.248 42.4455
11.249 -42.4508
11.249 42.4508
11.25 -42.456
11.25 42.456
11.251 -42.4613
11.251 42.4613
11.252 -42.4666
11.252 42.4666
11.253 -42.4718
11.253 42.4718
11.254 -42.4771
11.254 42.4771
11.255 -42.4824
11.255 42.4824
11.256 -42.4876
11.256 42.4876
11.257 -42.4929
11.257 42.4929
11.258 -42.4982
11.258 42.4982
11.259 -42.5035
11.259 42.5035
11.26 -42.5087
11.26 42.5087
11.261 -42.514
11.261 42.514
11.262 -42.5193
11.262 42.5193
11.263 -42.5245
11.263 42.5245
11.264 -42.5298
11.264 42.5298
11.265 -42.5351
11.265 42.5351
11.266 -42.5403
11.266 42.5403
11.267 -42.5456
11.267 42.5456
11.268 -42.5509
11.268 42.5509
11.269 -42.5561
11.269 42.5561
11.27 -42.5614
11.27 42.5614
11.271 -42.5667
11.271 42.5667
11.272 -42.572
11.272 42.572
11.273 -42.5772
11.273 42.5772
11.274 -42.5825
11.274 42.5825
11.275 -42.5878
11.275 42.5878
11.276 -42.593
11.276 42.593
11.277 -42.5983
11.277 42.5983
11.278 -42.6036
11.278 42.6036
11.279 -42.6089
11.279 42.6089
11.28 -42.6141
11.28 42.6141
11.281 -42.6194
11.281 42.6194
11.282 -42.6247
11.282 42.6247
11.283 -42.63
11.283 42.63
11.284 -42.6352
11.284 42.6352
11.285 -42.6405
11.285 42.6405
11.286 -42.6458
11.286 42.6458
11.287 -42.651
11.287 42.651
11.288 -42.6563
11.288 42.6563
11.289 -42.6616
11.289 42.6616
11.29 -42.6669
11.29 42.6669
11.291 -42.6721
11.291 42.6721
11.292 -42.6774
11.292 42.6774
11.293 -42.6827
11.293 42.6827
11.294 -42.688
11.294 42.688
11.295 -42.6932
11.295 42.6932
11.296 -42.6985
11.296 42.6985
11.297 -42.7038
11.297 42.7038
11.298 -42.7091
11.298 42.7091
11.299 -42.7144
11.299 42.7144
11.3 -42.7196
11.3 42.7196
11.301 -42.7249
11.301 42.7249
11.302 -42.7302
11.302 42.7302
11.303 -42.7355
11.303 42.7355
11.304 -42.7407
11.304 42.7407
11.305 -42.746
11.305 42.746
11.306 -42.7513
11.306 42.7513
11.307 -42.7566
11.307 42.7566
11.308 -42.7619
11.308 42.7619
11.309 -42.7671
11.309 42.7671
11.31 -42.7724
11.31 42.7724
11.311 -42.7777
11.311 42.7777
11.312 -42.783
11.312 42.783
11.313 -42.7883
11.313 42.7883
11.314 -42.7935
11.314 42.7935
11.315 -42.7988
11.315 42.7988
11.316 -42.8041
11.316 42.8041
11.317 -42.8094
11.317 42.8094
11.318 -42.8147
11.318 42.8147
11.319 -42.8199
11.319 42.8199
11.32 -42.8252
11.32 42.8252
11.321 -42.8305
11.321 42.8305
11.322 -42.8358
11.322 42.8358
11.323 -42.8411
11.323 42.8411
11.324 -42.8463
11.324 42.8463
11.325 -42.8516
11.325 42.8516
11.326 -42.8569
11.326 42.8569
11.327 -42.8622
11.327 42.8622
11.328 -42.8675
11.328 42.8675
11.329 -42.8728
11.329 42.8728
11.33 -42.878
11.33 42.878
11.331 -42.8833
11.331 42.8833
11.332 -42.8886
11.332 42.8886
11.333 -42.8939
11.333 42.8939
11.334 -42.8992
11.334 42.8992
11.335 -42.9045
11.335 42.9045
11.336 -42.9097
11.336 42.9097
11.337 -42.915
11.337 42.915
11.338 -42.9203
11.338 42.9203
11.339 -42.9256
11.339 42.9256
11.34 -42.9309
11.34 42.9309
11.341 -42.9362
11.341 42.9362
11.342 -42.9415
11.342 42.9415
11.343 -42.9467
11.343 42.9467
11.344 -42.952
11.344 42.952
11.345 -42.9573
11.345 42.9573
11.346 -42.9626
11.346 42.9626
11.347 -42.9679
11.347 42.9679
11.348 -42.9732
11.348 42.9732
11.349 -42.9785
11.349 42.9785
11.35 -42.9838
11.35 42.9838
11.351 -42.989
11.351 42.989
11.352 -42.9943
11.352 42.9943
11.353 -42.9996
11.353 42.9996
11.354 -43.0049
11.354 43.0049
11.355 -43.0102
11.355 43.0102
11.356 -43.0155
11.356 43.0155
11.357 -43.0208
11.357 43.0208
11.358 -43.0261
11.358 43.0261
11.359 -43.0313
11.359 43.0313
11.36 -43.0366
11.36 43.0366
11.361 -43.0419
11.361 43.0419
11.362 -43.0472
11.362 43.0472
11.363 -43.0525
11.363 43.0525
11.364 -43.0578
11.364 43.0578
11.365 -43.0631
11.365 43.0631
11.366 -43.0684
11.366 43.0684
11.367 -43.0737
11.367 43.0737
11.368 -43.079
11.368 43.079
11.369 -43.0843
11.369 43.0843
11.37 -43.0895
11.37 43.0895
11.371 -43.0948
11.371 43.0948
11.372 -43.1001
11.372 43.1001
11.373 -43.1054
11.373 43.1054
11.374 -43.1107
11.374 43.1107
11.375 -43.116
11.375 43.116
11.376 -43.1213
11.376 43.1213
11.377 -43.1266
11.377 43.1266
11.378 -43.1319
11.378 43.1319
11.379 -43.1372
11.379 43.1372
11.38 -43.1425
11.38 43.1425
11.381 -43.1478
11.381 43.1478
11.382 -43.1531
11.382 43.1531
11.383 -43.1584
11.383 43.1584
11.384 -43.1637
11.384 43.1637
11.385 -43.1689
11.385 43.1689
11.386 -43.1742
11.386 43.1742
11.387 -43.1795
11.387 43.1795
11.388 -43.1848
11.388 43.1848
11.389 -43.1901
11.389 43.1901
11.39 -43.1954
11.39 43.1954
11.391 -43.2007
11.391 43.2007
11.392 -43.206
11.392 43.206
11.393 -43.2113
11.393 43.2113
11.394 -43.2166
11.394 43.2166
11.395 -43.2219
11.395 43.2219
11.396 -43.2272
11.396 43.2272
11.397 -43.2325
11.397 43.2325
11.398 -43.2378
11.398 43.2378
11.399 -43.2431
11.399 43.2431
11.4 -43.2484
11.4 43.2484
11.401 -43.2537
11.401 43.2537
11.402 -43.259
11.402 43.259
11.403 -43.2643
11.403 43.2643
11.404 -43.2696
11.404 43.2696
11.405 -43.2749
11.405 43.2749
11.406 -43.2802
11.406 43.2802
11.407 -43.2855
11.407 43.2855
11.408 -43.2908
11.408 43.2908
11.409 -43.2961
11.409 43.2961
11.41 -43.3014
11.41 43.3014
11.411 -43.3067
11.411 43.3067
11.412 -43.312
11.412 43.312
11.413 -43.3173
11.413 43.3173
11.414 -43.3226
11.414 43.3226
11.415 -43.3279
11.415 43.3279
11.416 -43.3332
11.416 43.3332
11.417 -43.3385
11.417 43.3385
11.418 -43.3438
11.418 43.3438
11.419 -43.3491
11.419 43.3491
11.42 -43.3544
11.42 43.3544
11.421 -43.3597
11.421 43.3597
11.422 -43.365
11.422 43.365
11.423 -43.3703
11.423 43.3703
11.424 -43.3756
11.424 43.3756
11.425 -43.3809
11.425 43.3809
11.426 -43.3862
11.426 43.3862
11.427 -43.3915
11.427 43.3915
11.428 -43.3968
11.428 43.3968
11.429 -43.4021
11.429 43.4021
11.43 -43.4074
11.43 43.4074
11.431 -43.4127
11.431 43.4127
11.432 -43.4181
11.432 43.4181
11.433 -43.4234
11.433 43.4234
11.434 -43.4287
11.434 43.4287
11.435 -43.434
11.435 43.434
11.436 -43.4393
11.436 43.4393
11.437 -43.4446
11.437 43.4446
11.438 -43.4499
11.438 43.4499
11.439 -43.4552
11.439 43.4552
11.44 -43.4605
11.44 43.4605
11.441 -43.4658
11.441 43.4658
11.442 -43.4711
11.442 43.4711
11.443 -43.4764
11.443 43.4764
11.444 -43.4817
11.444 43.4817
11.445 -43.487
11.445 43.487
11.446 -43.4923
11.446 43.4923
11.447 -43.4976
11.447 43.4976
11.448 -43.503
11.448 43.503
11.449 -43.5083
11.449 43.5083
11.45 -43.5136
11.45 43.5136
11.451 -43.5189
11.451 43.5189
11.452 -43.5242
11.452 43.5242
11.453 -43.5295
11.453 43.5295
11.454 -43.5348
11.454 43.5348
11.455 -43.5401
11.455 43.5401
11.456 -43.5454
11.456 43.5454
11.457 -43.5507
11.457 43.5507
11.458 -43.5561
11.458 43.5561
11.459 -43.5614
11.459 43.5614
11.46 -43.5667
11.46 43.5667
11.461 -43.572
11.461 43.572
11.462 -43.5773
11.462 43.5773
11.463 -43.5826
11.463 43.5826
11.464 -43.5879
11.464 43.5879
11.465 -43.5932
11.465 43.5932
11.466 -43.5985
11.466 43.5985
11.467 -43.6039
11.467 43.6039
11.468 -43.6092
11.468 43.6092
11.469 -43.6145
11.469 43.6145
11.47 -43.6198
11.47 43.6198
11.471 -43.6251
11.471 43.6251
11.472 -43.6304
11.472 43.6304
11.473 -43.6357
11.473 43.6357
11.474 -43.641
11.474 43.641
11.475 -43.6464
11.475 43.6464
11.476 -43.6517
11.476 43.6517
11.477 -43.657
11.477 43.657
11.478 -43.6623
11.478 43.6623
11.479 -43.6676
11.479 43.6676
11.48 -43.6729
11.48 43.6729
11.481 -43.6782
11.481 43.6782
11.482 -43.6836
11.482 43.6836
11.483 -43.6889
11.483 43.6889
11.484 -43.6942
11.484 43.6942
11.485 -43.6995
11.485 43.6995
11.486 -43.7048
11.486 43.7048
11.487 -43.7101
11.487 43.7101
11.488 -43.7155
11.488 43.7155
11.489 -43.7208
11.489 43.7208
11.49 -43.7261
11.49 43.7261
11.491 -43.7314
11.491 43.7314
11.492 -43.7367
11.492 43.7367
11.493 -43.742
11.493 43.742
11.494 -43.7474
11.494 43.7474
11.495 -43.7527
11.495 43.7527
11.496 -43.758
11.496 43.758
11.497 -43.7633
11.497 43.7633
11.498 -43.7686
11.498 43.7686
11.499 -43.774
11.499 43.774
11.5 -43.7793
11.5 43.7793
11.501 -43.7846
11.501 43.7846
11.502 -43.7899
11.502 43.7899
11.503 -43.7952
11.503 43.7952
11.504 -43.8006
11.504 43.8006
11.505 -43.8059
11.505 43.8059
11.506 -43.8112
11.506 43.8112
11.507 -43.8165
11.507 43.8165
11.508 -43.8218
11.508 43.8218
11.509 -43.8272
11.509 43.8272
11.51 -43.8325
11.51 43.8325
11.511 -43.8378
11.511 43.8378
11.512 -43.8431
11.512 43.8431
11.513 -43.8484
11.513 43.8484
11.514 -43.8538
11.514 43.8538
11.515 -43.8591
11.515 43.8591
11.516 -43.8644
11.516 43.8644
11.517 -43.8697
11.517 43.8697
11.518 -43.8751
11.518 43.8751
11.519 -43.8804
11.519 43.8804
11.52 -43.8857
11.52 43.8857
11.521 -43.891
11.521 43.891
11.522 -43.8964
11.522 43.8964
11.523 -43.9017
11.523 43.9017
11.524 -43.907
11.524 43.907
11.525 -43.9123
11.525 43.9123
11.526 -43.9176
11.526 43.9176
11.527 -43.923
11.527 43.923
11.528 -43.9283
11.528 43.9283
11.529 -43.9336
11.529 43.9336
11.53 -43.9389
11.53 43.9389
11.531 -43.9443
11.531 43.9443
11.532 -43.9496
11.532 43.9496
11.533 -43.9549
11.533 43.9549
11.534 -43.9603
11.534 43.9603
11.535 -43.9656
11.535 43.9656
11.536 -43.9709
11.536 43.9709
11.537 -43.9762
11.537 43.9762
11.538 -43.9816
11.538 43.9816
11.539 -43.9869
11.539 43.9869
11.54 -43.9922
11.54 43.9922
11.541 -43.9975
11.541 43.9975
11.542 -44.0029
11.542 44.0029
11.543 -44.0082
11.543 44.0082
11.544 -44.0135
11.544 44.0135
11.545 -44.0189
11.545 44.0189
11.546 -44.0242
11.546 44.0242
11.547 -44.0295
11.547 44.0295
11.548 -44.0348
11.548 44.0348
11.549 -44.0402
11.549 44.0402
11.55 -44.0455
11.55 44.0455
11.551 -44.0508
11.551 44.0508
11.552 -44.0562
11.552 44.0562
11.553 -44.0615
11.553 44.0615
11.554 -44.0668
11.554 44.0668
11.555 -44.0722
11.555 44.0722
11.556 -44.0775
11.556 44.0775
11.557 -44.0828
11.557 44.0828
11.558 -44.0881
11.558 44.0881
11.559 -44.0935
11.559 44.0935
11.56 -44.0988
11.56 44.0988
11.561 -44.1041
11.561 44.1041
11.562 -44.1095
11.562 44.1095
11.563 -44.1148
11.563 44.1148
11.564 -44.1201
11.564 44.1201
11.565 -44.1255
11.565 44.1255
11.566 -44.1308
11.566 44.1308
11.567 -44.1361
11.567 44.1361
11.568 -44.1415
11.568 44.1415
11.569 -44.1468
11.569 44.1468
11.57 -44.1521
11.57 44.1521
11.571 -44.1575
11.571 44.1575
11.572 -44.1628
11.572 44.1628
11.573 -44.1681
11.573 44.1681
11.574 -44.1735
11.574 44.1735
11.575 -44.1788
11.575 44.1788
11.576 -44.1841
11.576 44.1841
11.577 -44.1895
11.577 44.1895
11.578 -44.1948
11.578 44.1948
11.579 -44.2002
11.579 44.2002
11.58 -44.2055
11.58 44.2055
11.581 -44.2108
11.581 44.2108
11.582 -44.2162
11.582 44.2162
11.583 -44.2215
11.583 44.2215
11.584 -44.2268
11.584 44.2268
11.585 -44.2322
11.585 44.2322
11.586 -44.2375
11.586 44.2375
11.587 -44.2428
11.587 44.2428
11.588 -44.2482
11.588 44.2482
11.589 -44.2535
11.589 44.2535
11.59 -44.2589
11.59 44.2589
11.591 -44.2642
11.591 44.2642
11.592 -44.2695
11.592 44.2695
11.593 -44.2749
11.593 44.2749
11.594 -44.2802
11.594 44.2802
11.595 -44.2856
11.595 44.2856
11.596 -44.2909
11.596 44.2909
11.597 -44.2962
11.597 44.2962
11.598 -44.3016
11.598 44.3016
11.599 -44.3069
11.599 44.3069
11.6 -44.3123
11.6 44.3123
11.601 -44.3176
11.601 44.3176
11.602 -44.3229
11.602 44.3229
11.603 -44.3283
11.603 44.3283
11.604 -44.3336
11.604 44.3336
11.605 -44.339
11.605 44.339
11.606 -44.3443
11.606 44.3443
11.607 -44.3496
11.607 44.3496
11.608 -44.355
11.608 44.355
11.609 -44.3603
11.609 44.3603
11.61 -44.3657
11.61 44.3657
11.611 -44.371
11.611 44.371
11.612 -44.3764
11.612 44.3764
11.613 -44.3817
11.613 44.3817
11.614 -44.387
11.614 44.387
11.615 -44.3924
11.615 44.3924
11.616 -44.3977
11.616 44.3977
11.617 -44.4031
11.617 44.4031
11.618 -44.4084
11.618 44.4084
11.619 -44.4138
11.619 44.4138
11.62 -44.4191
11.62 44.4191
11.621 -44.4244
11.621 44.4244
11.622 -44.4298
11.622 44.4298
11.623 -44.4351
11.623 44.4351
11.624 -44.4405
11.624 44.4405
11.625 -44.4458
11.625 44.4458
11.626 -44.4512
11.626 44.4512
11.627 -44.4565
11.627 44.4565
11.628 -44.4619
11.628 44.4619
11.629 -44.4672
11.629 44.4672
11.63 -44.4726
11.63 44.4726
11.631 -44.4779
11.631 44.4779
11.632 -44.4833
11.632 44.4833
11.633 -44.4886
11.633 44.4886
11.634 -44.4939
11.634 44.4939
11.635 -44.4993
11.635 44.4993
11.636 -44.5046
11.636 44.5046
11.637 -44.51
11.637 44.51
11.638 -44.5153
11.638 44.5153
11.639 -44.5207
11.639 44.5207
11.64 -44.526
11.64 44.526
11.641 -44.5314
11.641 44.5314
11.642 -44.5367
11.642 44.5367
11.643 -44.5421
11.643 44.5421
11.644 -44.5474
11.644 44.5474
11.645 -44.5528
11.645 44.5528
11.646 -44.5581
11.646 44.5581
11.647 -44.5635
11.647 44.5635
11.648 -44.5688
11.648 44.5688
11.649 -44.5742
11.649 44.5742
11.65 -44.5795
11.65 44.5795
11.651 -44.5849
11.651 44.5849
11.652 -44.5902
11.652 44.5902
11.653 -44.5956
11.653 44.5956
11.654 -44.6009
11.654 44.6009
11.655 -44.6063
11.655 44.6063
11.656 -44.6116
11.656 44.6116
11.657 -44.617
11.657 44.617
11.658 -44.6223
11.658 44.6223
11.659 -44.6277
11.659 44.6277
11.66 -44.633
11.66 44.633
11.661 -44.6384
11.661 44.6384
11.662 -44.6438
11.662 44.6438
11.663 -44.6491
11.663 44.6491
11.664 -44.6545
11.664 44.6545
11.665 -44.6598
11.665 44.6598
11.666 -44.6652
11.666 44.6652
11.667 -44.6705
11.667 44.6705
11.668 -44.6759
11.668 44.6759
11.669 -44.6812
11.669 44.6812
11.67 -44.6866
11.67 44.6866
11.671 -44.6919
11.671 44.6919
11.672 -44.6973
11.672 44.6973
11.673 -44.7027
11.673 44.7027
11.674 -44.708
11.674 44.708
11.675 -44.7134
11.675 44.7134
11.676 -44.7187
11.676 44.7187
11.677 -44.7241
11.677 44.7241
11.678 -44.7294
11.678 44.7294
11.679 -44.7348
11.679 44.7348
11.68 -44.7401
11.68 44.7401
11.681 -44.7455
11.681 44.7455
11.682 -44.7509
11.682 44.7509
11.683 -44.7562
11.683 44.7562
11.684 -44.7616
11.684 44.7616
11.685 -44.7669
11.685 44.7669
11.686 -44.7723
11.686 44.7723
11.687 -44.7777
11.687 44.7777
11.688 -44.783
11.688 44.783
11.689 -44.7884
11.689 44.7884
11.69 -44.7937
11.69 44.7937
11.691 -44.7991
11.691 44.7991
11.692 -44.8044
11.692 44.8044
11.693 -44.8098
11.693 44.8098
11.694 -44.8152
11.694 44.8152
11.695 -44.8205
11.695 44.8205
11.696 -44.8259
11.696 44.8259
11.697 -44.8312
11.697 44.8312
11.698 -44.8366
11.698 44.8366
11.699 -44.842
11.699 44.842
11.7 -44.8473
11.7 44.8473
11.701 -44.8527
11.701 44.8527
11.702 -44.8581
11.702 44.8581
11.703 -44.8634
11.703 44.8634
11.704 -44.8688
11.704 44.8688
11.705 -44.8741
11.705 44.8741
11.706 -44.8795
11.706 44.8795
11.707 -44.8849
11.707 44.8849
11.708 -44.8902
11.708 44.8902
11.709 -44.8956
11.709 44.8956
11.71 -44.901
11.71 44.901
11.711 -44.9063
11.711 44.9063
11.712 -44.9117
11.712 44.9117
11.713 -44.917
11.713 44.917
11.714 -44.9224
11.714 44.9224
11.715 -44.9278
11.715 44.9278
11.716 -44.9331
11.716 44.9331
11.717 -44.9385
11.717 44.9385
11.718 -44.9439
11.718 44.9439
11.719 -44.9492
11.719 44.9492
11.72 -44.9546
11.72 44.9546
11.721 -44.96
11.721 44.96
11.722 -44.9653
11.722 44.9653
11.723 -44.9707
11.723 44.9707
11.724 -44.9761
11.724 44.9761
11.725 -44.9814
11.725 44.9814
11.726 -44.9868
11.726 44.9868
11.727 -44.9922
11.727 44.9922
11.728 -44.9975
11.728 44.9975
11.729 -45.0029
11.729 45.0029
11.73 -45.0083
11.73 45.0083
11.731 -45.0136
11.731 45.0136
11.732 -45.019
11.732 45.019
11.733 -45.0244
11.733 45.0244
11.734 -45.0297
11.734 45.0297
11.735 -45.0351
11.735 45.0351
11.736 -45.0405
11.736 45.0405
11.737 -45.0458
11.737 45.0458
11.738 -45.0512
11.738 45.0512
11.739 -45.0566
11.739 45.0566
11.74 -45.0619
11.74 45.0619
11.741 -45.0673
11.741 45.0673
11.742 -45.0727
11.742 45.0727
11.743 -45.0781
11.743 45.0781
11.744 -45.0834
11.744 45.0834
11.745 -45.0888
11.745 45.0888
11.746 -45.0942
11.746 45.0942
11.747 -45.0995
11.747 45.0995
11.748 -45.1049
11.748 45.1049
11.749 -45.1103
11.749 45.1103
11.75 -45.1157
11.75 45.1157
11.751 -45.121
11.751 45.121
11.752 -45.1264
11.752 45.1264
11.753 -45.1318
11.753 45.1318
11.754 -45.1371
11.754 45.1371
11.755 -45.1425
11.755 45.1425
11.756 -45.1479
11.756 45.1479
11.757 -45.1533
11.757 45.1533
11.758 -45.1586
11.758 45.1586
11.759 -45.164
11.759 45.164
11.76 -45.1694
11.76 45.1694
11.761 -45.1748
11.761 45.1748
11.762 -45.1801
11.762 45.1801
11.763 -45.1855
11.763 45.1855
11.764 -45.1909
11.764 45.1909
11.765 -45.1962
11.765 45.1962
11.766 -45.2016
11.766 45.2016
11.767 -45.207
11.767 45.207
11.768 -45.2124
11.768 45.2124
11.769 -45.2177
11.769 45.2177
11.77 -45.2231
11.77 45.2231
11.771 -45.2285
11.771 45.2285
11.772 -45.2339
11.772 45.2339
11.773 -45.2393
11.773 45.2393
11.774 -45.2446
11.774 45.2446
11.775 -45.25
11.775 45.25
11.776 -45.2554
11.776 45.2554
11.777 -45.2608
11.777 45.2608
11.778 -45.2661
11.778 45.2661
11.779 -45.2715
11.779 45.2715
11.78 -45.2769
11.78 45.2769
11.781 -45.2823
11.781 45.2823
11.782 -45.2876
11.782 45.2876
11.783 -45.293
11.783 45.293
11.784 -45.2984
11.784 45.2984
11.785 -45.3038
11.785 45.3038
11.786 -45.3092
11.786 45.3092
11.787 -45.3145
11.787 45.3145
11.788 -45.3199
11.788 45.3199
11.789 -45.3253
11.789 45.3253
11.79 -45.3307
11.79 45.3307
11.791 -45.3361
11.791 45.3361
11.792 -45.3414
11.792 45.3414
11.793 -45.3468
11.793 45.3468
11.794 -45.3522
11.794 45.3522
11.795 -45.3576
11.795 45.3576
11.796 -45.363
11.796 45.363
11.797 -45.3683
11.797 45.3683
11.798 -45.3737
11.798 45.3737
11.799 -45.3791
11.799 45.3791
11.8 -45.3845
11.8 45.3845
11.801 -45.3899
11.801 45.3899
11.802 -45.3953
11.802 45.3953
11.803 -45.4006
11.803 45.4006
11.804 -45.406
11.804 45.406
11.805 -45.4114
11.805 45.4114
11.806 -45.4168
11.806 45.4168
11.807 -45.4222
11.807 45.4222
11.808 -45.4276
11.808 45.4276
11.809 -45.4329
11.809 45.4329
11.81 -45.4383
11.81 45.4383
11.811 -45.4437
11.811 45.4437
11.812 -45.4491
11.812 45.4491
11.813 -45.4545
11.813 45.4545
11.814 -45.4599
11.814 45.4599
11.815 -45.4652
11.815 45.4652
11.816 -45.4706
11.816 45.4706
11.817 -45.476
11.817 45.476
11.818 -45.4814
11.818 45.4814
11.819 -45.4868
11.819 45.4868
11.82 -45.4922
11.82 45.4922
11.821 -45.4976
11.821 45.4976
11.822 -45.5029
11.822 45.5029
11.823 -45.5083
11.823 45.5083
11.824 -45.5137
11.824 45.5137
11.825 -45.5191
11.825 45.5191
11.826 -45.5245
11.826 45.5245
11.827 -45.5299
11.827 45.5299
11.828 -45.5353
11.828 45.5353
11.829 -45.5407
11.829 45.5407
11.83 -45.546
11.83 45.546
11.831 -45.5514
11.831 45.5514
11.832 -45.5568
11.832 45.5568
11.833 -45.5622
11.833 45.5622
11.834 -45.5676
11.834 45.5676
11.835 -45.573
11.835 45.573
11.836 -45.5784
11.836 45.5784
11.837 -45.5838
11.837 45.5838
11.838 -45.5892
11.838 45.5892
11.839 -45.5945
11.839 45.5945
11.84 -45.5999
11.84 45.5999
11.841 -45.6053
11.841 45.6053
11.842 -45.6107
11.842 45.6107
11.843 -45.6161
11.843 45.6161
11.844 -45.6215
11.844 45.6215
11.845 -45.6269
11.845 45.6269
11.846 -45.6323
11.846 45.6323
11.847 -45.6377
11.847 45.6377
11.848 -45.6431
11.848 45.6431
11.849 -45.6485
11.849 45.6485
11.85 -45.6539
11.85 45.6539
11.851 -45.6592
11.851 45.6592
11.852 -45.6646
11.852 45.6646
11.853 -45.67
11.853 45.67
11.854 -45.6754
11.854 45.6754
11.855 -45.6808
11.855 45.6808
11.856 -45.6862
11.856 45.6862
11.857 -45.6916
11.857 45.6916
11.858 -45.697
11.858 45.697
11.859 -45.7024
11.859 45.7024
11.86 -45.7078
11.86 45.7078
11.861 -45.7132
11.861 45.7132
11.862 -45.7186
11.862 45.7186
11.863 -45.724
11.863 45.724
11.864 -45.7294
11.864 45.7294
11.865 -45.7348
11.865 45.7348
11.866 -45.7402
11.866 45.7402
11.867 -45.7456
11.867 45.7456
11.868 -45.7509
11.868 45.7509
11.869 -45.7563
11.869 45.7563
11.87 -45.7617
11.87 45.7617
11.871 -45.7671
11.871 45.7671
11.872 -45.7725
11.872 45.7725
11.873 -45.7779
11.873 45.7779
11.874 -45.7833
11.874 45.7833
11.875 -45.7887
11.875 45.7887
11.876 -45.7941
11.876 45.7941
11.877 -45.7995
11.877 45.7995
11.878 -45.8049
11.878 45.8049
11.879 -45.8103
11.879 45.8103
11.88 -45.8157
11.88 45.8157
11.881 -45.8211
11.881 45.8211
11.882 -45.8265
11.882 45.8265
11.883 -45.8319
11.883 45.8319
11.884 -45.8373
11.884 45.8373
11.885 -45.8427
11.885 45.8427
11.886 -45.8481
11.886 45.8481
11.887 -45.8535
11.887 45.8535
11.888 -45.8589
11.888 45.8589
11.889 -45.8643
11.889 45.8643
11.89 -45.8697
11.89 45.8697
11.891 -45.8751
11.891 45.8751
11.892 -45.8805
11.892 45.8805
11.893 -45.8859
11.893 45.8859
11.894 -45.8913
11.894 45.8913
11.895 -45.8967
11.895 45.8967
11.896 -45.9021
11.896 45.9021
11.897 -45.9075
11.897 45.9075
11.898 -45.9129
11.898 45.9129
11.899 -45.9183
11.899 45.9183
11.9 -45.9237
11.9 45.9237
11.901 -45.9291
11.901 45.9291
11.902 -45.9345
11.902 45.9345
11.903 -45.9399
11.903 45.9399
11.904 -45.9453
11.904 45.9453
11.905 -45.9507
11.905 45.9507
11.906 -45.9562
11.906 45.9562
11.907 -45.9616
11.907 45.9616
11.908 -45.967
11.908 45.967
11.909 -45.9724
11.909 45.9724
11.91 -45.9778
11.91 45.9778
11.911 -45.9832
11.911 45.9832
11.912 -45.9886
11.912 45.9886
11.913 -45.994
11.913 45.994
11.914 -45.9994
11.914 45.9994
11.915 -46.0048
11.915 46.0048
11.916 -46.0102
11.916 46.0102
11.917 -46.0156
11.917 46.0156
11.918 -46.021
11.918 46.021
11.919 -46.0264
11.919 46.0264
11.92 -46.0318
11.92 46.0318
11.921 -46.0372
11.921 46.0372
11.922 -46.0426
11.922 46.0426
11.923 -46.048
11.923 46.048
11.924 -46.0535
11.924 46.0535
11.925 -46.0589
11.925 46.0589
11.926 -46.0643
11.926 46.0643
11.927 -46.0697
11.927 46.0697
11.928 -46.0751
11.928 46.0751
11.929 -46.0805
11.929 46.0805
11.93 -46.0859
11.93 46.0859
11.931 -46.0913
11.931 46.0913
11.932 -46.0967
11.932 46.0967
11.933 -46.1021
11.933 46.1021
11.934 -46.1075
11.934 46.1075
11.935 -46.113
11.935 46.113
11.936 -46.1184
11.936 46.1184
11.937 -46.1238
11.937 46.1238
11.938 -46.1292
11.938 46.1292
11.939 -46.1346
11.939 46.1346
11.94 -46.14
11.94 46.14
11.941 -46.1454
11.941 46.1454
11.942 -46.1508
11.942 46.1508
11.943 -46.1562
11.943 46.1562
11.944 -46.1617
11.944 46.1617
11.945 -46.1671
11.945 46.1671
11.946 -46.1725
11.946 46.1725
11.947 -46.1779
11.947 46.1779
11.948 -46.1833
11.948 46.1833
11.949 -46.1887
11.949 46.1887
11.95 -46.1941
11.95 46.1941
11.951 -46.1995
11.951 46.1995
11.952 -46.205
11.952 46.205
11.953 -46.2104
11.953 46.2104
11.954 -46.2158
11.954 46.2158
11.955 -46.2212
11.955 46.2212
11.956 -46.2266
11.956 46.2266
11.957 -46.232
11.957 46.232
11.958 -46.2374
11.958 46.2374
11.959 -46.2429
11.959 46.2429
11.96 -46.2483
11.96 46.2483
11.961 -46.2537
11.961 46.2537
11.962 -46.2591
11.962 46.2591
11.963 -46.2645
11.963 46.2645
11.964 -46.2699
11.964 46.2699
11.965 -46.2753
11.965 46.2753
11.966 -46.2808
11.966 46.2808
11.967 -46.2862
11.967 46.2862
11.968 -46.2916
11.968 46.2916
11.969 -46.297
11.969 46.297
11.97 -46.3024
11.97 46.3024
11.971 -46.3078
11.971 46.3078
11.972 -46.3133
11.972 46.3133
11.973 -46.3187
11.973 46.3187
11.974 -46.3241
11.974 46.3241
11.975 -46.3295
11.975 46.3295
11.976 -46.3349
11.976 46.3349
11.977 -46.3404
11.977 46.3404
11.978 -46.3458
11.978 46.3458
11.979 -46.3512
11.979 46.3512
11.98 -46.3566
11.98 46.3566
11.981 -46.362
11.981 46.362
11.982 -46.3675
11.982 46.3675
11.983 -46.3729
11.983 46.3729
11.984 -46.3783
11.984 46.3783
11.985 -46.3837
11.985 46.3837
11.986 -46.3891
11.986 46.3891
11.987 -46.3946
11.987 46.3946
11.988 -46.4
11.988 46.4
11.989 -46.4054
11.989 46.4054
11.99 -46.4108
11.99 46.4108
11.991 -46.4162
11.991 46.4162
11.992 -46.4217
11.992 46.4217
11.993 -46.4271
11.993 46.4271
11.994 -46.4325
11.994 46.4325
11.995 -46.4379
11.995 46.4379
11.996 -46.4433
11.996 46.4433
11.997 -46.4488
11.997 46.4488
11.998 -46.4542
11.998 46.4542
11.999 -46.4596
11.999 46.4596
12 -46.465
12 46.465
12.001 -46.4705
12.001 46.4705
12.002 -46.4759
12.002 46.4759
12.003 -46.4813
12.003 46.4813
12.004 -46.4867
12.004 46.4867
12.005 -46.4922
12.005 46.4922
12.006 -46.4976
12.006 46.4976
12.007 -46.503
12.007 46.503
12.008 -46.5084
12.008 46.5084
12.009 -46.5139
12.009 46.5139
12.01 -46.5193
12.01 46.5193
12.011 -46.5247
12.011 46.5247
12.012 -46.5301
12.012 46.5301
12.013 -46.5356
12.013 46.5356
12.014 -46.541
12.014 46.541
12.015 -46.5464
12.015 46.5464
12.016 -46.5518
12.016 46.5518
12.017 -46.5573
12.017 46.5573
12.018 -46.5627
12.018 46.5627
12.019 -46.5681
12.019 46.5681
12.02 -46.5736
12.02 46.5736
12.021 -46.579
12.021 46.579
12.022 -46.5844
12.022 46.5844
12.023 -46.5898
12.023 46.5898
12.024 -46.5953
12.024 46.5953
12.025 -46.6007
12.025 46.6007
12.026 -46.6061
12.026 46.6061
12.027 -46.6115
12.027 46.6115
12.028 -46.617
12.028 46.617
12.029 -46.6224
12.029 46.6224
12.03 -46.6278
12.03 46.6278
12.031 -46.6333
12.031 46.6333
12.032 -46.6387
12.032 46.6387
12.033 -46.6441
12.033 46.6441
12.034 -46.6496
12.034 46.6496
12.035 -46.655
12.035 46.655
12.036 -46.6604
12.036 46.6604
12.037 -46.6658
12.037 46.6658
12.038 -46.6713
12.038 46.6713
12.039 -46.6767
12.039 46.6767
12.04 -46.6821
12.04 46.6821
12.041 -46.6876
12.041 46.6876
12.042 -46.693
12.042 46.693
12.043 -46.6984
12.043 46.6984
12.044 -46.7039
12.044 46.7039
12.045 -46.7093
12.045 46.7093
12.046 -46.7147
12.046 46.7147
12.047 -46.7202
12.047 46.7202
12.048 -46.7256
12.048 46.7256
12.049 -46.731
12.049 46.731
12.05 -46.7365
12.05 46.7365
12.051 -46.7419
12.051 46.7419
12.052 -46.7473
12.052 46.7473
12.053 -46.7528
12.053 46.7528
12.054 -46.7582
12.054 46.7582
12.055 -46.7636
12.055 46.7636
12.056 -46.7691
12.056 46.7691
12.057 -46.7745
12.057 46.7745
12.058 -46.7799
12.058 46.7799
12.059 -46.7854
12.059 46.7854
12.06 -46.7908
12.06 46.7908
12.061 -46.7963
12.061 46.7963
12.062 -46.8017
12.062 46.8017
12.063 -46.8071
12.063 46.8071
12.064 -46.8126
12.064 46.8126
12.065 -46.818
12.065 46.818
12.066 -46.8234
12.066 46.8234
12.067 -46.8289
12.067 46.8289
12.068 -46.8343
12.068 46.8343
12.069 -46.8397
12.069 46.8397
12.07 -46.8452
12.07 46.8452
12.071 -46.8506
12.071 46.8506
12.072 -46.8561
12.072 46.8561
12.073 -46.8615
12.073 46.8615
12.074 -46.8669
12.074 46.8669
12.075 -46.8724
12.075 46.8724
12.076 -46.8778
12.076 46.8778
12.077 -46.8833
12.077 46.8833
12.078 -46.8887
12.078 46.8887
12.079 -46.8941
12.079 46.8941
12.08 -46.8996
12.08 46.8996
12.081 -46.905
12.081 46.905
12.082 -46.9105
12.082 46.9105
12.083 -46.9159
12.083 46.9159
12.084 -46.9213
12.084 46.9213
12.085 -46.9268
12.085 46.9268
12.086 -46.9322
12.086 46.9322
12.087 -46.9377
12.087 46.9377
12.088 -46.9431
12.088 46.9431
12.089 -46.9485
12.089 46.9485
12.09 -46.954
12.09 46.954
12.091 -46.9594
12.091 46.9594
12.092 -46.9649
12.092 46.9649
12.093 -46.9703
12.093 46.9703
12.094 -46.9758
12.094 46.9758
12.095 -46.9812
12.095 46.9812
12.096 -46.9866
12.096 46.9866
12.097 -46.9921
12.097 46.9921
12.098 -46.9975
12.098 46.9975
12.099 -47.003
12.099 47.003
12.1 -47.0084
12.1 47.0084
12.101 -47.0139
12.101 47.0139
12.102 -47.0193
12.102 47.0193
12.103 -47.0247
12.103 47.0247
12.104 -47.0302
12.104 47.0302
12.105 -47.0356
12.105 47.0356
12.106 -47.0411
12.106 47.0411
12.107 -47.0465
12.107 47.0465
12.108 -47.052
12.108 47.052
12.109 -47.0574
12.109 47.0574
12.11 -47.0629
12.11 47.0629
12.111 -47.0683
12.111 47.0683
12.112 -47.0738
12.112 47.0738
12.113 -47.0792
12.113 47.0792
12.114 -47.0847
12.114 47.0847
12.115 -47.0901
12.115 47.0901
12.116 -47.0955
12.116 47.0955
12.117 -47.101
12.117 47.101
12.118 -47.1064
12.118 47.1064
12.119 -47.1119
12.119 47.1119
12.12 -47.1173
12.12 47.1173
12.121 -47.1228
12.121 47.1228
12.122 -47.1282
12.122 47.1282
12.123 -47.1337
12.123 47.1337
12.124 -47.1391
12.124 47.1391
12.125 -47.1446
12.125 47.1446
12.126 -47.15
12.126 47.15
12.127 -47.1555
12.127 47.1555
12.128 -47.1609
12.128 47.1609
12.129 -47.1664
12.129 47.1664
12.13 -47.1718
12.13 47.1718
12.131 -47.1773
12.131 47.1773
12.132 -47.1827
12.132 47.1827
12.133 -47.1882
12.133 47.1882
12.134 -47.1936
12.134 47.1936
12.135 -47.1991
12.135 47.1991
12.136 -47.2045
12.136 47.2045
12.137 -47.21
12.137 47.21
12.138 -47.2154
12.138 47.2154
12.139 -47.2209
12.139 47.2209
12.14 -47.2263
12.14 47.2263
12.141 -47.2318
12.141 47.2318
12.142 -47.2372
12.142 47.2372
12.143 -47.2427
12.143 47.2427
12.144 -47.2482
12.144 47.2482
12.145 -47.2536
12.145 47.2536
12.146 -47.2591
12.146 47.2591
12.147 -47.2645
12.147 47.2645
12.148 -47.27
12.148 47.27
12.149 -47.2754
12.149 47.2754
12.15 -47.2809
12.15 47.2809
12.151 -47.2863
12.151 47.2863
12.152 -47.2918
12.152 47.2918
12.153 -47.2972
12.153 47.2972
12.154 -47.3027
12.154 47.3027
12.155 -47.3081
12.155 47.3081
12.156 -47.3136
12.156 47.3136
12.157 -47.3191
12.157 47.3191
12.158 -47.3245
12.158 47.3245
12.159 -47.33
12.159 47.33
12.16 -47.3354
12.16 47.3354
12.161 -47.3409
12.161 47.3409
12.162 -47.3463
12.162 47.3463
12.163 -47.3518
12.163 47.3518
12.164 -47.3573
12.164 47.3573
12.165 -47.3627
12.165 47.3627
12.166 -47.3682
12.166 47.3682
12.167 -47.3736
12.167 47.3736
12.168 -47.3791
12.168 47.3791
12.169 -47.3845
12.169 47.3845
12.17 -47.39
12.17 47.39
12.171 -47.3955
12.171 47.3955
12.172 -47.4009
12.172 47.4009
12.173 -47.4064
12.173 47.4064
12.174 -47.4118
12.174 47.4118
12.175 -47.4173
12.175 47.4173
12.176 -47.4228
12.176 47.4228
12.177 -47.4282
12.177 47.4282
12.178 -47.4337
12.178 47.4337
12.179 -47.4391
12.179 47.4391
12.18 -47.4446
12.18 47.4446
12.181 -47.4501
12.181 47.4501
12.182 -47.4555
12.182 47.4555
12.183 -47.461
12.183 47.461
12.184 -47.4664
12.184 47.4664
12.185 -47.4719
12.185 47.4719
12.186 -47.4774
12.186 47.4774
12.187 -47.4828
12.187 47.4828
12.188 -47.4883
12.188 47.4883
12.189 -47.4937
12.189 47.4937
12.19 -47.4992
12.19 47.4992
12.191 -47.5047
12.191 47.5047
12.192 -47.5101
12.192 47.5101
12.193 -47.5156
12.193 47.5156
12.194 -47.5211
12.194 47.5211
12.195 -47.5265
12.195 47.5265
12.196 -47.532
12.196 47.532
12.197 -47.5375
12.197 47.5375
12.198 -47.5429
12.198 47.5429
12.199 -47.5484
12.199 47.5484
12.2 -47.5538
12.2 47.5538
12.201 -47.5593
12.201 47.5593
12.202 -47.5648
12.202 47.5648
12.203 -47.5702
12.203 47.5702
12.204 -47.5757
12.204 47.5757
12.205 -47.5812
12.205 47.5812
12.206 -47.5866
12.206 47.5866
12.207 -47.5921
12.207 47.5921
12.208 -47.5976
12.208 47.5976
12.209 -47.603
12.209 47.603
12.21 -47.6085
12.21 47.6085
12.211 -47.614
12.211 47.614
12.212 -47.6194
12.212 47.6194
12.213 -47.6249
12.213 47.6249
12.214 -47.6304
12.214 47.6304
12.215 -47.6358
12.215 47.6358
12.216 -47.6413
12.216 47.6413
12.217 -47.6468
12.217 47.6468
12.218 -47.6522
12.218 47.6522
12.219 -47.6577
12.219 47.6577
12.22 -47.6632
12.22 47.6632
12.221 -47.6686
12.221 47.6686
12.222 -47.6741
12.222 47.6741
12.223 -47.6796
12.223 47.6796
12.224 -47.6851
12.224 47.6851
12.225 -47.6905
12.225 47.6905
12.226 -47.696
12.226 47.696
12.227 -47.7015
12.227 47.7015
12.228 -47.7069
12.228 47.7069
12.229 -47.7124
12.229 47.7124
12.23 -47.7179
12.23 47.7179
12.231 -47.7233
12.231 47.7233
12.232 -47.7288
12.232 47.7288
12.233 -47.7343
12.233 47.7343
12.234 -47.7398
12.234 47.7398
12.235 -47.7452
12.235 47.7452
12.236 -47.7507
12.236 47.7507
12.237 -47.7562
12.237 47.7562
12.238 -47.7616
12.238 47.7616
12.239 -47.7671
12.239 47.7671
12.24 -47.7726
12.24 47.7726
12.241 -47.7781
12.241 47.7781
12.242 -47.7835
12.242 47.7835
12.243 -47.789
12.243 47.789
12.244 -47.7945
12.244 47.7945
12.245 -47.8
12.245 47.8
12.246 -47.8054
12.246 47.8054
12.247 -47.8109
12.247 47.8109
12.248 -47.8164
12.248 47.8164
12.249 -47.8219
12.249 47.8219
12.25 -47.8273
12.25 47.8273
12.251 -47.8328
12.251 47.8328
12.252 -47.8383
12.252 47.8383
12.253 -47.8438
12.253 47.8438
12.254 -47.8492
12.254 47.8492
12.255 -47.8547
12.255 47.8547
12.256 -47.8602
12.256 47.8602
12.257 -47.8657
12.257 47.8657
12.258 -47.8711
12.258 47.8711
12.259 -47.8766
12.259 47.8766
12.26 -47.8821
12.26 47.8821
12.261 -47.8876
12.261 47.8876
12.262 -47.893
12.262 47.893
12.263 -47.8985
12.263 47.8985
12.264 -47.904
12.264 47.904
12.265 -47.9095
12.265 47.9095
12.266 -47.9149
12.266 47.9149
12.267 -47.9204
12.267 47.9204
12.268 -47.9259
12.268 47.9259
12.269 -47.9314
12.269 47.9314
12.27 -47.9369
12.27 47.9369
12.271 -47.9423
12.271 47.9423
12.272 -47.9478
12.272 47.9478
12.273 -47.9533
12.273 47.9533
12.274 -47.9588
12.274 47.9588
12.275 -47.9643
12.275 47.9643
12.276 -47.9697
12.276 47.9697
12.277 -47.9752
12.277 47.9752
12.278 -47.9807
12.278 47.9807
12.279 -47.9862
12.279 47.9862
12.28 -47.9917
12.28 47.9917
12.281 -47.9971
12.281 47.9971
12.282 -48.0026
12.282 48.0026
12.283 -48.0081
12.283 48.0081
12.284 -48.0136
12.284 48.0136
12.285 -48.0191
12.285 48.0191
12.286 -48.0246
12.286 48.0246
12.287 -48.03
12.287 48.03
12.288 -48.0355
12.288 48.0355
12.289 -48.041
12.289 48.041
12.29 -48.0465
12.29 48.0465
12.291 -48.052
12.291 48.052
12.292 -48.0574
12.292 48.0574
12.293 -48.0629
12.293 48.0629
12.294 -48.0684
12.294 48.0684
12.295 -48.0739
12.295 48.0739
12.296 -48.0794
12.296 48.0794
12.297 -48.0849
12.297 48.0849
12.298 -48.0904
12.298 48.0904
12.299 -48.0958
12.299 48.0958
12.3 -48.1013
12.3 48.1013
12.301 -48.1068
12.301 48.1068
12.302 -48.1123
12.302 48.1123
12.303 -48.1178
12.303 48.1178
12.304 -48.1233
12.304 48.1233
12.305 -48.1287
12.305 48.1287
12.306 -48.1342
12.306 48.1342
12.307 -48.1397
12.307 48.1397
12.308 -48.1452
12.308 48.1452
12.309 -48.1507
12.309 48.1507
12.31 -48.1562
12.31 48.1562
12.311 -48.1617
12.311 48.1617
12.312 -48.1672
12.312 48.1672
12.313 -48.1726
12.313 48.1726
12.314 -48.1781
12.314 48.1781
12.315 -48.1836
12.315 48.1836
12.316 -48.1891
12.316 48.1891
12.317 -48.1946
12.317 48.1946
12.318 -48.2001
12.318 48.2001
12.319 -48.2056
12.319 48.2056
12.32 -48.2111
12.32 48.2111
12.321 -48.2165
12.321 48.2165
12.322 -48.222
12.322 48.222
12.323 -48.2275
12.323 48.2275
12.324 -48.233
12.324 48.233
12.325 -48.2385
12.325 48.2385
12.326 -48.244
12.326 48.244
12.327 -48.2495
12.327 48.2495
12.328 -48.255
12.328 48.255
12.329 -48.2605
12.329 48.2605
12.33 -48.266
12.33 48.266
12.331 -48.2715
12.331 48.2715
12.332 -48.2769
12.332 48.2769
12.333 -48.2824
12.333 48.2824
12.334 -48.2879
12.334 48.2879
12.335 -48.2934
12.335 48.2934
12.336 -48.2989
12.336 48.2989
12.337 -48.3044
12.337 48.3044
12.338 -48.3099
12.338 48.3099
12.339 -48.3154
12.339 48.3154
12.34 -48.3209
12.34 48.3209
12.341 -48.3264
12.341 48.3264
12.342 -48.3319
12.342 48.3319
12.343 -48.3374
12.343 48.3374
12.344 -48.3429
12.344 48.3429
12.345 -48.3484
12.345 48.3484
12.346 -48.3538
12.346 48.3538
12.347 -48.3593
12.347 48.3593
12.348 -48.3648
12.348 48.3648
12.349 -48.3703
12.349 48.3703
12.35 -48.3758
12.35 48.3758
12.351 -48.3813
12.351 48.3813
12.352 -48.3868
12.352 48.3868
12.353 -48.3923
12.353 48.3923
12.354 -48.3978
12.354 48.3978
12.355 -48.4033
12.355 48.4033
12.356 -48.4088
12.356 48.4088
12.357 -48.4143
12.357 48.4143
12.358 -48.4198
12.358 48.4198
12.359 -48.4253
12.359 48.4253
12.36 -48.4308
12.36 48.4308
12.361 -48.4363
12.361 48.4363
12.362 -48.4418
12.362 48.4418
12.363 -48.4473
12.363 48.4473
12.364 -48.4528
12.364 48.4528
12.365 -48.4583
12.365 48.4583
12.366 -48.4638
12.366 48.4638
12.367 -48.4693
12.367 48.4693
12.368 -48.4748
12.368 48.4748
12.369 -48.4803
12.369 48.4803
12.37 -48.4858
12.37 48.4858
12.371 -48.4913
12.371 48.4913
12.372 -48.4968
12.372 48.4968
12.373 -48.5023
12.373 48.5023
12.374 -48.5078
12.374 48.5078
12.375 -48.5133
12.375 48.5133
12.376 -48.5188
12.376 48.5188
12.377 -48.5243
12.377 48.5243
12.378 -48.5298
12.378 48.5298
12.379 -48.5353
12.379 48.5353
12.38 -48.5408
12.38 48.5408
12.381 -48.5463
12.381 48.5463
12.382 -48.5518
12.382 48.5518
12.383 -48.5573
12.383 48.5573
12.384 -48.5628
12.384 48.5628
12.385 -48.5683
12.385 48.5683
12.386 -48.5738
12.386 48.5738
12.387 -48.5793
12.387 48.5793
12.388 -48.5848
12.388 48.5848
12.389 -48.5903
12.389 48.5903
12.39 -48.5958
12.39 48.5958
12.391 -48.6013
12.391 48.6013
12.392 -48.6068
12.392 48.6068
12.393 -48.6123
12.393 48.6123
12.394 -48.6178
12.394 48.6178
12.395 -48.6233
12.395 48.6233
12.396 -48.6288
12.396 48.6288
12.397 -48.6343
12.397 48.6343
12.398 -48.6398
12.398 48.6398
12.399 -48.6453
12.399 48.6453
12.4 -48.6508
12.4 48.6508
12.401 -48.6563
12.401 48.6563
12.402 -48.6618
12.402 48.6618
12.403 -48.6674
12.403 48.6674
12.404 -48.6729
12.404 48.6729
12.405 -48.6784
12.405 48.6784
12.406 -48.6839
12.406 48.6839
12.407 -48.6894
12.407 48.6894
12.408 -48.6949
12.408 48.6949
12.409 -48.7004
12.409 48.7004
12.41 -48.7059
12.41 48.7059
12.411 -48.7114
12.411 48.7114
12.412 -48.7169
12.412 48.7169
12.413 -48.7224
12.413 48.7224
12.414 -48.7279
12.414 48.7279
12.415 -48.7334
12.415 48.7334
12.416 -48.7389
12.416 48.7389
12.417 -48.7445
12.417 48.7445
12.418 -48.75
12.418 48.75
12.419 -48.7555
12.419 48.7555
12.42 -48.761
12.42 48.761
12.421 -48.7665
12.421 48.7665
12.422 -48.772
12.422 48.772
12.423 -48.7775
12.423 48.7775
12.424 -48.783
12.424 48.783
12.425 -48.7885
12.425 48.7885
12.426 -48.794
12.426 48.794
12.427 -48.7996
12.427 48.7996
12.428 -48.8051
12.428 48.8051
12.429 -48.8106
12.429 48.8106
12.43 -48.8161
12.43 48.8161
12.431 -48.8216
12.431 48.8216
12.432 -48.8271
12.432 48.8271
12.433 -48.8326
12.433 48.8326
12.434 -48.8381
12.434 48.8381
12.435 -48.8436
12.435 48.8436
12.436 -48.8492
12.436 48.8492
12.437 -48.8547
12.437 48.8547
12.438 -48.8602
12.438 48.8602
12.439 -48.8657
12.439 48.8657
12.44 -48.8712
12.44 48.8712
12.441 -48.8767
12.441 48.8767
12.442 -48.8822
12.442 48.8822
12.443 -48.8878
12.443 48.8878
12.444 -48.8933
12.444 48.8933
12.445 -48.8988
12.445 48.8988
12.446 -48.9043
12.446 48.9043
12.447 -48.9098
12.447 48.9098
12.448 -48.9153
12.448 48.9153
12.449 -48.9208
12.449 48.9208
12.45 -48.9264
12.45 48.9264
12.451 -48.9319
12.451 48.9319
12.452 -48.9374
12.452 48.9374
12.453 -48.9429
12.453 48.9429
12.454 -48.9484
12.454 48.9484
12.455 -48.9539
12.455 48.9539
12.456 -48.9595
12.456 48.9595
12.457 -48.965
12.457 48.965
12.458 -48.9705
12.458 48.9705
12.459 -48.976
12.459 48.976
12.46 -48.9815
12.46 48.9815
12.461 -48.987
12.461 48.987
12.462 -48.9926
12.462 48.9926
12.463 -48.9981
12.463 48.9981
12.464 -49.0036
12.464 49.0036
12.465 -49.0091
12.465 49.0091
12.466 -49.0146
12.466 49.0146
12.467 -49.0202
12.467 49.0202
12.468 -49.0257
12.468 49.0257
12.469 -49.0312
12.469 49.0312
12.47 -49.0367
12.47 49.0367
12.471 -49.0422
12.471 49.0422
12.472 -49.0477
12.472 49.0477
12.473 -49.0533
12.473 49.0533
12.474 -49.0588
12.474 49.0588
12.475 -49.0643
12.475 49.0643
12.476 -49.0698
12.476 49.0698
12.477 -49.0754
12.477 49.0754
12.478 -49.0809
12.478 49.0809
12.479 -49.0864
12.479 49.0864
12.48 -49.0919
12.48 49.0919
12.481 -49.0974
12.481 49.0974
12.482 -49.103
12.482 49.103
12.483 -49.1085
12.483 49.1085
12.484 -49.114
12.484 49.114
12.485 -49.1195
12.485 49.1195
12.486 -49.125
12.486 49.125
12.487 -49.1306
12.487 49.1306
12.488 -49.1361
12.488 49.1361
12.489 -49.1416
12.489 49.1416
12.49 -49.1471
12.49 49.1471
12.491 -49.1527
12.491 49.1527
12.492 -49.1582
12.492 49.1582
12.493 -49.1637
12.493 49.1637
12.494 -49.1692
12.494 49.1692
12.495 -49.1748
12.495 49.1748
12.496 -49.1803
12.496 49.1803
12.497 -49.1858
12.497 49.1858
12.498 -49.1913
12.498 49.1913
12.499 -49.1969
12.499 49.1969
12.5 -49.2024
12.5 49.2024
12.501 -49.2079
12.501 49.2079
12.502 -49.2134
12.502 49.2134
12.503 -49.219
12.503 49.219
12.504 -49.2245
12.504 49.2245
12.505 -49.23
12.505 49.23
12.506 -49.2355
12.506 49.2355
12.507 -49.2411
12.507 49.2411
12.508 -49.2466
12.508 49.2466
12.509 -49.2521
12.509 49.2521
12.51 -49.2577
12.51 49.2577
12.511 -49.2632
12.511 49.2632
12.512 -49.2687
12.512 49.2687
12.513 -49.2742
12.513 49.2742
12.514 -49.2798
12.514 49.2798
12.515 -49.2853
12.515 49.2853
12.516 -49.2908
12.516 49.2908
12.517 -49.2964
12.517 49.2964
12.518 -49.3019
12.518 49.3019
12.519 -49.3074
12.519 49.3074
12.52 -49.3129
12.52 49.3129
12.521 -49.3185
12.521 49.3185
12.522 -49.324
12.522 49.324
12.523 -49.3295
12.523 49.3295
12.524 -49.3351
12.524 49.3351
12.525 -49.3406
12.525 49.3406
12.526 -49.3461
12.526 49.3461
12.527 -49.3517
12.527 49.3517
12.528 -49.3572
12.528 49.3572
12.529 -49.3627
12.529 49.3627
12.53 -49.3682
12.53 49.3682
12.531 -49.3738
12.531 49.3738
12.532 -49.3793
12.532 49.3793
12.533 -49.3848
12.533 49.3848
12.534 -49.3904
12.534 49.3904
12.535 -49.3959
12.535 49.3959
12.536 -49.4014
12.536 49.4014
12.537 -49.407
12.537 49.407
12.538 -49.4125
12.538 49.4125
12.539 -49.418
12.539 49.418
12.54 -49.4236
12.54 49.4236
12.541 -49.4291
12.541 49.4291
12.542 -49.4346
12.542 49.4346
12.543 -49.4402
12.543 49.4402
12.544 -49.4457
12.544 49.4457
12.545 -49.4512
12.545 49.4512
12.546 -49.4568
12.546 49.4568
12.547 -49.4623
12.547 49.4623
12.548 -49.4679
12.548 49.4679
12.549 -49.4734
12.549 49.4734
12.55 -49.4789
12.55 49.4789
12.551 -49.4845
12.551 49.4845
12.552 -49.49
12.552 49.49
12.553 -49.4955
12.553 49.4955
12.554 -49.5011
12.554 49.5011
12.555 -49.5066
12.555 49.5066
12.556 -49.5121
12.556 49.5121
12.557 -49.5177
12.557 49.5177
12.558 -49.5232
12.558 49.5232
12.559 -49.5288
12.559 49.5288
12.56 -49.5343
12.56 49.5343
12.561 -49.5398
12.561 49.5398
12.562 -49.5454
12.562 49.5454
12.563 -49.5509
12.563 49.5509
12.564 -49.5564
12.564 49.5564
12.565 -49.562
12.565 49.562
12.566 -49.5675
12.566 49.5675
12.567 -49.5731
12.567 49.5731
12.568 -49.5786
12.568 49.5786
12.569 -49.5841
12.569 49.5841
12.57 -49.5897
12.57 49.5897
12.571 -49.5952
12.571 49.5952
12.572 -49.6008
12.572 49.6008
12.573 -49.6063
12.573 49.6063
12.574 -49.6118
12.574 49.6118
12.575 -49.6174
12.575 49.6174
12.576 -49.6229
12.576 49.6229
12.577 -49.6285
12.577 49.6285
12.578 -49.634
12.578 49.634
12.579 -49.6395
12.579 49.6395
12.58 -49.6451
12.58 49.6451
12.581 -49.6506
12.581 49.6506
12.582 -49.6562
12.582 49.6562
12.583 -49.6617
12.583 49.6617
12.584 -49.6673
12.584 49.6673
12.585 -49.6728
12.585 49.6728
12.586 -49.6783
12.586 49.6783
12.587 -49.6839
12.587 49.6839
12.588 -49.6894
12.588 49.6894
12.589 -49.695
12.589 49.695
12.59 -49.7005
12.59 49.7005
12.591 -49.7061
12.591 49.7061
12.592 -49.7116
12.592 49.7116
12.593 -49.7171
12.593 49.7171
12.594 -49.7227
12.594 49.7227
12.595 -49.7282
12.595 49.7282
12.596 -49.7338
12.596 49.7338
12.597 -49.7393
12.597 49.7393
12.598 -49.7449
12.598 49.7449
12.599 -49.7504
12.599 49.7504
12.6 -49.756
12.6 49.756
12.601 -49.7615
12.601 49.7615
12.602 -49.7671
12.602 49.7671
12.603 -49.7726
12.603 49.7726
12.604 -49.7781
12.604 49.7781
12.605 -49.7837
12.605 49.7837
12.606 -49.7892
12.606 49.7892
12.607 -49.7948
12.607 49.7948
12.608 -49.8003
12.608 49.8003
12.609 -49.8059
12.609 49.8059
12.61 -49.8114
12.61 49.8114
12.611 -49.817
12.611 49.817
12.612 -49.8225
12.612 49.8225
12.613 -49.8281
12.613 49.8281
12.614 -49.8336
12.614 49.8336
12.615 -49.8392
12.615 49.8392
12.616 -49.8447
12.616 49.8447
12.617 -49.8503
12.617 49.8503
12.618 -49.8558
12.618 49.8558
12.619 -49.8614
12.619 49.8614
12.62 -49.8669
12.62 49.8669
12.621 -49.8725
12.621 49.8725
12.622 -49.878
12.622 49.878
12.623 -49.8836
12.623 49.8836
12.624 -49.8891
12.624 49.8891
12.625 -49.8947
12.625 49.8947
12.626 -49.9002
12.626 49.9002
12.627 -49.9058
12.627 49.9058
12.628 -49.9113
12.628 49.9113
12.629 -49.9169
12.629 49.9169
12.63 -49.9224
12.63 49.9224
12.631 -49.928
12.631 49.928
12.632 -49.9335
12.632 49.9335
12.633 -49.9391
12.633 49.9391
12.634 -49.9446
12.634 49.9446
12.635 -49.9502
12.635 49.9502
12.636 -49.9557
12.636 49.9557
12.637 -49.9613
12.637 49.9613
12.638 -49.9669
12.638 49.9669
12.639 -49.9724
12.639 49.9724
12.64 -49.978
12.64 49.978
12.641 -49.9835
12.641 49.9835
12.642 -49.9891
12.642 49.9891
12.643 -49.9946
12.643 49.9946
12.644 -50.0002
12.644 50.0002
12.645 -50.0057
12.645 50.0057
12.646 -50.0113
12.646 50.0113
12.647 -50.0168
12.647 50.0168
12.648 -50.0224
12.648 50.0224
12.649 -50.028
12.649 50.028
12.65 -50.0335
12.65 50.0335
12.651 -50.0391
12.651 50.0391
12.652 -50.0446
12.652 50.0446
12.653 -50.0502
12.653 50.0502
12.654 -50.0557
12.654 50.0557
12.655 -50.0613
12.655 50.0613
12.656 -50.0668
12.656 50.0668
12.657 -50.0724
12.657 50.0724
12.658 -50.078
12.658 50.078
12.659 -50.0835
12.659 50.0835
12.66 -50.0891
12.66 50.0891
12.661 -50.0946
12.661 50.0946
12.662 -50.1002
12.662 50.1002
12.663 -50.1058
12.663 50.1058
12.664 -50.1113
12.664 50.1113
12.665 -50.1169
12.665 50.1169
12.666 -50.1224
12.666 50.1224
12.667 -50.128
12.667 50.128
12.668 -50.1335
12.668 50.1335
12.669 -50.1391
12.669 50.1391
12.67 -50.1447
12.67 50.1447
12.671 -50.1502
12.671 50.1502
12.672 -50.1558
12.672 50.1558
12.673 -50.1614
12.673 50.1614
12.674 -50.1669
12.674 50.1669
12.675 -50.1725
12.675 50.1725
12.676 -50.178
12.676 50.178
12.677 -50.1836
12.677 50.1836
12.678 -50.1892
12.678 50.1892
12.679 -50.1947
12.679 50.1947
12.68 -50.2003
12.68 50.2003
12.681 -50.2058
12.681 50.2058
12.682 -50.2114
12.682 50.2114
12.683 -50.217
12.683 50.217
12.684 -50.2225
12.684 50.2225
12.685 -50.2281
12.685 50.2281
12.686 -50.2337
12.686 50.2337
12.687 -50.2392
12.687 50.2392
12.688 -50.2448
12.688 50.2448
12.689 -50.2503
12.689 50.2503
12.69 -50.2559
12.69 50.2559
12.691 -50.2615
12.691 50.2615
12.692 -50.267
12.692 50.267
12.693 -50.2726
12.693 50.2726
12.694 -50.2782
12.694 50.2782
12.695 -50.2837
12.695 50.2837
12.696 -50.2893
12.696 50.2893
12.697 -50.2949
12.697 50.2949
12.698 -50.3004
12.698 50.3004
12.699 -50.306
12.699 50.306
12.7 -50.3116
12.7 50.3116
12.701 -50.3171
12.701 50.3171
12.702 -50.3227
12.702 50.3227
12.703 -50.3283
12.703 50.3283
12.704 -50.3338
12.704 50.3338
12.705 -50.3394
12.705 50.3394
12.706 -50.345
12.706 50.345
12.707 -50.3505
12.707 50.3505
12.708 -50.3561
12.708 50.3561
12.709 -50.3617
12.709 50.3617
12.71 -50.3672
12.71 50.3672
12.711 -50.3728
12.711 50.3728
12.712 -50.3784
12.712 50.3784
12.713 -50.3839
12.713 50.3839
12.714 -50.3895
12.714 50.3895
12.715 -50.3951
12.715 50.3951
12.716 -50.4006
12.716 50.4006
12.717 -50.4062
12.717 50.4062
12.718 -50.4118
12.718 50.4118
12.719 -50.4173
12.719 50.4173
12.72 -50.4229
12.72 50.4229
12.721 -50.4285
12.721 50.4285
12.722 -50.4341
12.722 50.4341
12.723 -50.4396
12.723 50.4396
12.724 -50.4452
12.724 50.4452
12.725 -50.4508
12.725 50.4508
12.726 -50.4563
12.726 50.4563
12.727 -50.4619
12.727 50.4619
12.728 -50.4675
12.728 50.4675
12.729 -50.4731
12.729 50.4731
12.73 -50.4786
12.73 50.4786
12.731 -50.4842
12.731 50.4842
12.732 -50.4898
12.732 50.4898
12.733 -50.4953
12.733 50.4953
12.734 -50.5009
12.734 50.5009
12.735 -50.5065
12.735 50.5065
12.736 -50.5121
12.736 50.5121
12.737 -50.5176
12.737 50.5176
12.738 -50.5232
12.738 50.5232
12.739 -50.5288
12.739 50.5288
12.74 -50.5344
12.74 50.5344
12.741 -50.5399
12.741 50.5399
12.742 -50.5455
12.742 50.5455
12.743 -50.5511
12.743 50.5511
12.744 -50.5567
12.744 50.5567
12.745 -50.5622
12.745 50.5622
12.746 -50.5678
12.746 50.5678
12.747 -50.5734
12.747 50.5734
12.748 -50.579
12.748 50.579
12.749 -50.5845
12.749 50.5845
12.75 -50.5901
12.75 50.5901
12.751 -50.5957
12.751 50.5957
12.752 -50.6013
12.752 50.6013
12.753 -50.6068
12.753 50.6068
12.754 -50.6124
12.754 50.6124
12.755 -50.618
12.755 50.618
12.756 -50.6236
12.756 50.6236
12.757 -50.6291
12.757 50.6291
12.758 -50.6347
12.758 50.6347
12.759 -50.6403
12.759 50.6403
12.76 -50.6459
12.76 50.6459
12.761 -50.6515
12.761 50.6515
12.762 -50.657
12.762 50.657
12.763 -50.6626
12.763 50.6626
12.764 -50.6682
12.764 50.6682
12.765 -50.6738
12.765 50.6738
12.766 -50.6794
12.766 50.6794
12.767 -50.6849
12.767 50.6849
12.768 -50.6905
12.768 50.6905
12.769 -50.6961
12.769 50.6961
12.77 -50.7017
12.77 50.7017
12.771 -50.7073
12.771 50.7073
12.772 -50.7128
12.772 50.7128
12.773 -50.7184
12.773 50.7184
12.774 -50.724
12.774 50.724
12.775 -50.7296
12.775 50.7296
12.776 -50.7352
12.776 50.7352
12.777 -50.7407
12.777 50.7407
12.778 -50.7463
12.778 50.7463
12.779 -50.7519
12.779 50.7519
12.78 -50.7575
12.78 50.7575
12.781 -50.7631
12.781 50.7631
12.782 -50.7686
12.782 50.7686
12.783 -50.7742
12.783 50.7742
12.784 -50.7798
12.784 50.7798
12.785 -50.7854
12.785 50.7854
12.786 -50.791
12.786 50.791
12.787 -50.7966
12.787 50.7966
12.788 -50.8021
12.788 50.8021
12.789 -50.8077
12.789 50.8077
12.79 -50.8133
12.79 50.8133
12.791 -50.8189
12.791 50.8189
12.792 -50.8245
12.792 50.8245
12.793 -50.8301
12.793 50.8301
12.794 -50.8357
12.794 50.8357
12.795 -50.8412
12.795 50.8412
12.796 -50.8468
12.796 50.8468
12.797 -50.8524
12.797 50.8524
12.798 -50.858
12.798 50.858
12.799 -50.8636
12.799 50.8636
12.8 -50.8692
12.8 50.8692
12.801 -50.8748
12.801 50.8748
12.802 -50.8803
12.802 50.8803
12.803 -50.8859
12.803 50.8859
12.804 -50.8915
12.804 50.8915
12.805 -50.8971
12.805 50.8971
12.806 -50.9027
12.806 50.9027
12.807 -50.9083
12.807 50.9083
12.808 -50.9139
12.808 50.9139
12.809 -50.9194
12.809 50.9194
12.81 -50.925
12.81 50.925
12.811 -50.9306
12.811 50.9306
12.812 -50.9362
12.812 50.9362
12.813 -50.9418
12.813 50.9418
12.814 -50.9474
12.814 50.9474
12.815 -50.953
12.815 50.953
12.816 -50.9586
12.816 50.9586
12.817 -50.9642
12.817 50.9642
12.818 -50.9697
12.818 50.9697
12.819 -50.9753
12.819 50.9753
12.82 -50.9809
12.82 50.9809
12.821 -50.9865
12.821 50.9865
12.822 -50.9921
12.822 50.9921
12.823 -50.9977
12.823 50.9977
12.824 -51.0033
12.824 51.0033
12.825 -51.0089
12.825 51.0089
12.826 -51.0145
12.826 51.0145
12.827 -51.0201
12.827 51.0201
12.828 -51.0257
12.828 51.0257
12.829 -51.0312
12.829 51.0312
12.83 -51.0368
12.83 51.0368
12.831 -51.0424
12.831 51.0424
12.832 -51.048
12.832 51.048
12.833 -51.0536
12.833 51.0536
12.834 -51.0592
12.834 51.0592
12.835 -51.0648
12.835 51.0648
12.836 -51.0704
12.836 51.0704
12.837 -51.076
12.837 51.076
12.838 -51.0816
12.838 51.0816
12.839 -51.0872
12.839 51.0872
12.84 -51.0928
12.84 51.0928
12.841 -51.0984
12.841 51.0984
12.842 -51.104
12.842 51.104
12.843 -51.1096
12.843 51.1096
12.844 -51.1151
12.844 51.1151
12.845 -51.1207
12.845 51.1207
12.846 -51.1263
12.846 51.1263
12.847 -51.1319
12.847 51.1319
12.848 -51.1375
12.848 51.1375
12.849 -51.1431
12.849 51.1431
12.85 -51.1487
12.85 51.1487
12.851 -51.1543
12.851 51.1543
12.852 -51.1599
12.852 51.1599
12.853 -51.1655
12.853 51.1655
12.854 -51.1711
12.854 51.1711
12.855 -51.1767
12.855 51.1767
12.856 -51.1823
12.856 51.1823
12.857 -51.1879
12.857 51.1879
12.858 -51.1935
12.858 51.1935
12.859 -51.1991
12.859 51.1991
12.86 -51.2047
12.86 51.2047
12.861 -51.2103
12.861 51.2103
12.862 -51.2159
12.862 51.2159
12.863 -51.2215
12.863 51.2215
12.864 -51.2271
12.864 51.2271
12.865 -51.2327
12.865 51.2327
12.866 -51.2383
12.866 51.2383
12.867 -51.2439
12.867 51.2439
12.868 -51.2495
12.868 51.2495
12.869 -51.2551
12.869 51.2551
12.87 -51.2607
12.87 51.2607
12.871 -51.2663
12.871 51.2663
12.872 -51.2719
12.872 51.2719
12.873 -51.2775
12.873 51.2775
12.874 -51.2831
12.874 51.2831
12.875 -51.2887
12.875 51.2887
12.876 -51.2943
12.876 51.2943
12.877 -51.2999
12.877 51.2999
12.878 -51.3055
12.878 51.3055
12.879 -51.3111
12.879 51.3111
12.88 -51.3167
12.88 51.3167
12.881 -51.3223
12.881 51.3223
12.882 -51.3279
12.882 51.3279
12.883 -51.3335
12.883 51.3335
12.884 -51.3391
12.884 51.3391
12.885 -51.3447
12.885 51.3447
12.886 -51.3503
12.886 51.3503
12.887 -51.3559
12.887 51.3559
12.888 -51.3615
12.888 51.3615
12.889 -51.3671
12.889 51.3671
12.89 -51.3727
12.89 51.3727
12.891 -51.3783
12.891 51.3783
12.892 -51.3839
12.892 51.3839
12.893 -51.3895
12.893 51.3895
12.894 -51.3951
12.894 51.3951
12.895 -51.4007
12.895 51.4007
12.896 -51.4064
12.896 51.4064
12.897 -51.412
12.897 51.412
12.898 -51.4176
12.898 51.4176
12.899 -51.4232
12.899 51.4232
12.9 -51.4288
12.9 51.4288
12.901 -51.4344
12.901 51.4344
12.902 -51.44
12.902 51.44
12.903 -51.4456
12.903 51.4456
12.904 -51.4512
12.904 51.4512
12.905 -51.4568
12.905 51.4568
12.906 -51.4624
12.906 51.4624
12.907 -51.468
12.907 51.468
12.908 -51.4736
12.908 51.4736
12.909 -51.4792
12.909 51.4792
12.91 -51.4848
12.91 51.4848
12.911 -51.4905
12.911 51.4905
12.912 -51.4961
12.912 51.4961
12.913 -51.5017
12.913 51.5017
12.914 -51.5073
12.914 51.5073
12.915 -51.5129
12.915 51.5129
12.916 -51.5185
12.916 51.5185
12.917 -51.5241
12.917 51.5241
12.918 -51.5297
12.918 51.5297
12.919 -51.5353
12.919 51.5353
12.92 -51.5409
12.92 51.5409
12.921 -51.5465
12.921 51.5465
12.922 -51.5522
12.922 51.5522
12.923 -51.5578
12.923 51.5578
12.924 -51.5634
12.924 51.5634
12.925 -51.569
12.925 51.569
12.926 -51.5746
12.926 51.5746
12.927 -51.5802
12.927 51.5802
12.928 -51.5858
12.928 51.5858
12.929 -51.5914
12.929 51.5914
12.93 -51.597
12.93 51.597
12.931 -51.6027
12.931 51.6027
12.932 -51.6083
12.932 51.6083
12.933 -51.6139
12.933 51.6139
12.934 -51.6195
12.934 51.6195
12.935 -51.6251
12.935 51.6251
12.936 -51.6307
12.936 51.6307
12.937 -51.6363
12.937 51.6363
12.938 -51.642
12.938 51.642
12.939 -51.6476
12.939 51.6476
12.94 -51.6532
12.94 51.6532
12.941 -51.6588
12.941 51.6588
12.942 -51.6644
12.942 51.6644
12.943 -51.67
12.943 51.67
12.944 -51.6756
12.944 51.6756
12.945 -51.6813
12.945 51.6813
12.946 -51.6869
12.946 51.6869
12.947 -51.6925
12.947 51.6925
12.948 -51.6981
12.948 51.6981
12.949 -51.7037
12.949 51.7037
12.95 -51.7093
12.95 51.7093
12.951 -51.7149
12.951 51.7149
12.952 -51.7206
12.952 51.7206
12.953 -51.7262
12.953 51.7262
12.954 -51.7318
12.954 51.7318
12.955 -51.7374
12.955 51.7374
12.956 -51.743
12.956 51.743
12.957 -51.7486
12.957 51.7486
12.958 -51.7543
12.958 51.7543
12.959 -51.7599
12.959 51.7599
12.96 -51.7655
12.96 51.7655
12.961 -51.7711
12.961 51.7711
12.962 -51.7767
12.962 51.7767
12.963 -51.7824
12.963 51.7824
12.964 -51.788
12.964 51.788
12.965 -51.7936
12.965 51.7936
12.966 -51.7992
12.966 51.7992
12.967 -51.8048
12.967 51.8048
12.968 -51.8105
12.968 51.8105
12.969 -51.8161
12.969 51.8161
12.97 -51.8217
12.97 51.8217
12.971 -51.8273
12.971 51.8273
12.972 -51.8329
12.972 51.8329
12.973 -51.8386
12.973 51.8386
12.974 -51.8442
12.974 51.8442
12.975 -51.8498
12.975 51.8498
12.976 -51.8554
12.976 51.8554
12.977 -51.861
12.977 51.861
12.978 -51.8667
12.978 51.8667
12.979 -51.8723
12.979 51.8723
12.98 -51.8779
12.98 51.8779
12.981 -51.8835
12.981 51.8835
12.982 -51.8891
12.982 51.8891
12.983 -51.8948
12.983 51.8948
12.984 -51.9004
12.984 51.9004
12.985 -51.906
12.985 51.906
12.986 -51.9116
12.986 51.9116
12.987 -51.9173
12.987 51.9173
12.988 -51.9229
12.988 51.9229
12.989 -51.9285
12.989 51.9285
12.99 -51.9341
12.99 51.9341
12.991 -51.9398
12.991 51.9398
12.992 -51.9454
12.992 51.9454
12.993 -51.951
12.993 51.951
12.994 -51.9566
12.994 51.9566
12.995 -51.9623
12.995 51.9623
12.996 -51.9679
12.996 51.9679
12.997 -51.9735
12.997 51.9735
12.998 -51.9791
12.998 51.9791
12.999 -51.9848
12.999 51.9848
13 -51.9904
13 51.9904
13.001 -51.996
13.001 51.996
13.002 -52.0016
13.002 52.0016
13.003 -52.0073
13.003 52.0073
13.004 -52.0129
13.004 52.0129
13.005 -52.0185
13.005 52.0185
13.006 -52.0241
13.006 52.0241
13.007 -52.0298
13.007 52.0298
13.008 -52.0354
13.008 52.0354
13.009 -52.041
13.009 52.041
13.01 -52.0467
13.01 52.0467
13.011 -52.0523
13.011 52.0523
13.012 -52.0579
13.012 52.0579
13.013 -52.0635
13.013 52.0635
13.014 -52.0692
13.014 52.0692
13.015 -52.0748
13.015 52.0748
13.016 -52.0804
13.016 52.0804
13.017 -52.0861
13.017 52.0861
13.018 -52.0917
13.018 52.0917
13.019 -52.0973
13.019 52.0973
13.02 -52.1029
13.02 52.1029
13.021 -52.1086
13.021 52.1086
13.022 -52.1142
13.022 52.1142
13.023 -52.1198
13.023 52.1198
13.024 -52.1255
13.024 52.1255
13.025 -52.1311
13.025 52.1311
13.026 -52.1367
13.026 52.1367
13.027 -52.1424
13.027 52.1424
13.028 -52.148
13.028 52.148
13.029 -52.1536
13.029 52.1536
13.03 -52.1593
13.03 52.1593
13.031 -52.1649
13.031 52.1649
13.032 -52.1705
13.032 52.1705
13.033 -52.1762
13.033 52.1762
13.034 -52.1818
13.034 52.1818
13.035 -52.1874
13.035 52.1874
13.036 -52.1931
13.036 52.1931
13.037 -52.1987
13.037 52.1987
13.038 -52.2043
13.038 52.2043
13.039 -52.21
13.039 52.21
13.04 -52.2156
13.04 52.2156
13.041 -52.2212
13.041 52.2212
13.042 -52.2269
13.042 52.2269
13.043 -52.2325
13.043 52.2325
13.044 -52.2381
13.044 52.2381
13.045 -52.2438
13.045 52.2438
13.046 -52.2494
13.046 52.2494
13.047 -52.255
13.047 52.255
13.048 -52.2607
13.048 52.2607
13.049 -52.2663
13.049 52.2663
13.05 -52.2719
13.05 52.2719
13.051 -52.2776
13.051 52.2776
13.052 -52.2832
13.052 52.2832
13.053 -52.2888
13.053 52.2888
13.054 -52.2945
13.054 52.2945
13.055 -52.3001
13.055 52.3001
13.056 -52.3058
13.056 52.3058
13.057 -52.3114
13.057 52.3114
13.058 -52.317
13.058 52.317
13.059 -52.3227
13.059 52.3227
13.06 -52.3283
13.06 52.3283
13.061 -52.3339
13.061 52.3339
13.062 -52.3396
13.062 52.3396
13.063 -52.3452
13.063 52.3452
13.064 -52.3509
13.064 52.3509
13.065 -52.3565
13.065 52.3565
13.066 -52.3621
13.066 52.3621
13.067 -52.3678
13.067 52.3678
13.068 -52.3734
13.068 52.3734
13.069 -52.3791
13.069 52.3791
13.07 -52.3847
13.07 52.3847
13.071 -52.3903
13.071 52.3903
13.072 -52.396
13.072 52.396
13.073 -52.4016
13.073 52.4016
13.074 -52.4073
13.074 52.4073
13.075 -52.4129
13.075 52.4129
13.076 -52.4185
13.076 52.4185
13.077 -52.4242
13.077 52.4242
13.078 -52.4298
13.078 52.4298
13.079 -52.4355
13.079 52.4355
13.08 -52.4411
13.08 52.4411
13.081 -52.4467
13.081 52.4467
13.082 -52.4524
13.082 52.4524
13.083 -52.458
13.083 52.458
13.084 -52.4637
13.084 52.4637
13.085 -52.4693
13.085 52.4693
13.086 -52.475
13.086 52.475
13.087 -52.4806
13.087 52.4806
13.088 -52.4862
13.088 52.4862
13.089 -52.4919
13.089 52.4919
13.09 -52.4975
13.09 52.4975
13.091 -52.5032
13.091 52.5032
13.092 -52.5088
13.092 52.5088
13.093 -52.5145
13.093 52.5145
13.094 -52.5201
13.094 52.5201
13.095 -52.5258
13.095 52.5258
13.096 -52.5314
13.096 52.5314
13.097 -52.537
13.097 52.537
13.098 -52.5427
13.098 52.5427
13.099 -52.5483
13.099 52.5483
13.1 -52.554
13.1 52.554
13.101 -52.5596
13.101 52.5596
13.102 -52.5653
13.102 52.5653
13.103 -52.5709
13.103 52.5709
13.104 -52.5766
13.104 52.5766
13.105 -52.5822
13.105 52.5822
13.106 -52.5879
13.106 52.5879
13.107 -52.5935
13.107 52.5935
13.108 -52.5992
13.108 52.5992
13.109 -52.6048
13.109 52.6048
13.11 -52.6105
13.11 52.6105
13.111 -52.6161
13.111 52.6161
13.112 -52.6217
13.112 52.6217
13.113 -52.6274
13.113 52.6274
13.114 -52.633
13.114 52.633
13.115 -52.6387
13.115 52.6387
13.116 -52.6443
13.116 52.6443
13.117 -52.65
13.117 52.65
13.118 -52.6556
13.118 52.6556
13.119 -52.6613
13.119 52.6613
13.12 -52.6669
13.12 52.6669
13.121 -52.6726
13.121 52.6726
13.122 -52.6782
13.122 52.6782
13.123 -52.6839
13.123 52.6839
13.124 -52.6895
13.124 52.6895
13.125 -52.6952
13.125 52.6952
13.126 -52.7008
13.126 52.7008
13.127 -52.7065
13.127 52.7065
13.128 -52.7121
13.128 52.7121
13.129 -52.7178
13.129 52.7178
13.13 -52.7234
13.13 52.7234
13.131 -52.7291
13.131 52.7291
13.132 -52.7348
13.132 52.7348
13.133 -52.7404
13.133 52.7404
13.134 -52.7461
13.134 52.7461
13.135 -52.7517
13.135 52.7517
13.136 -52.7574
13.136 52.7574
13.137 -52.763
13.137 52.763
13.138 -52.7687
13.138 52.7687
13.139 -52.7743
13.139 52.7743
13.14 -52.78
13.14 52.78
13.141 -52.7856
13.141 52.7856
13.142 -52.7913
13.142 52.7913
13.143 -52.7969
13.143 52.7969
13.144 -52.8026
13.144 52.8026
13.145 -52.8082
13.145 52.8082
13.146 -52.8139
13.146 52.8139
13.147 -52.8196
13.147 52.8196
13.148 -52.8252
13.148 52.8252
13.149 -52.8309
13.149 52.8309
13.15 -52.8365
13.15 52.8365
13.151 -52.8422
13.151 52.8422
13.152 -52.8478
13.152 52.8478
13.153 -52.8535
13.153 52.8535
13.154 -52.8591
13.154 52.8591
13.155 -52.8648
13.155 52.8648
13.156 -52.8705
13.156 52.8705
13.157 -52.8761
13.157 52.8761
13.158 -52.8818
13.158 52.8818
13.159 -52.8874
13.159 52.8874
13.16 -52.8931
13.16 52.8931
13.161 -52.8988
13.161 52.8988
13.162 -52.9044
13.162 52.9044
13.163 -52.9101
13.163 52.9101
13.164 -52.9157
13.164 52.9157
13.165 -52.9214
13.165 52.9214
13.166 -52.927
13.166 52.927
13.167 -52.9327
13.167 52.9327
13.168 -52.9384
13.168 52.9384
13.169 -52.944
13.169 52.944
13.17 -52.9497
13.17 52.9497
13.171 -52.9553
13.171 52.9553
13.172 -52.961
13.172 52.961
13.173 -52.9667
13.173 52.9667
13.174 -52.9723
13.174 52.9723
13.175 -52.978
13.175 52.978
13.176 -52.9836
13.176 52.9836
13.177 -52.9893
13.177 52.9893
13.178 -52.995
13.178 52.995
13.179 -53.0006
13.179 53.0006
13.18 -53.0063
13.18 53.0063
13.181 -53.012
13.181 53.012
13.182 -53.0176
13.182 53.0176
13.183 -53.0233
13.183 53.0233
13.184 -53.0289
13.184 53.0289
13.185 -53.0346
13.185 53.0346
13.186 -53.0403
13.186 53.0403
13.187 -53.0459
13.187 53.0459
13.188 -53.0516
13.188 53.0516
13.189 -53.0573
13.189 53.0573
13.19 -53.0629
13.19 53.0629
13.191 -53.0686
13.191 53.0686
13.192 -53.0742
13.192 53.0742
13.193 -53.0799
13.193 53.0799
13.194 -53.0856
13.194 53.0856
13.195 -53.0912
13.195 53.0912
13.196 -53.0969
13.196 53.0969
13.197 -53.1026
13.197 53.1026
13.198 -53.1082
13.198 53.1082
13.199 -53.1139
13.199 53.1139
13.2 -53.1196
13.2 53.1196
13.201 -53.1252
13.201 53.1252
13.202 -53.1309
13.202 53.1309
13.203 -53.1366
13.203 53.1366
13.204 -53.1422
13.204 53.1422
13.205 -53.1479
13.205 53.1479
13.206 -53.1536
13.206 53.1536
13.207 -53.1592
13.207 53.1592
13.208 -53.1649
13.208 53.1649
13.209 -53.1706
13.209 53.1706
13.21 -53.1762
13.21 53.1762
13.211 -53.1819
13.211 53.1819
13.212 -53.1876
13.212 53.1876
13.213 -53.1932
13.213 53.1932
13.214 -53.1989
13.214 53.1989
13.215 -53.2046
13.215 53.2046
13.216 -53.2102
13.216 53.2102
13.217 -53.2159
13.217 53.2159
13.218 -53.2216
13.218 53.2216
13.219 -53.2272
13.219 53.2272
13.22 -53.2329
13.22 53.2329
13.221 -53.2386
13.221 53.2386
13.222 -53.2443
13.222 53.2443
13.223 -53.2499
13.223 53.2499
13.224 -53.2556
13.224 53.2556
13.225 -53.2613
13.225 53.2613
13.226 -53.2669
13.226 53.2669
13.227 -53.2726
13.227 53.2726
13.228 -53.2783
13.228 53.2783
13.229 -53.284
13.229 53.284
13.23 -53.2896
13.23 53.2896
13.231 -53.2953
13.231 53.2953
13.232 -53.301
13.232 53.301
13.233 -53.3066
13.233 53.3066
13.234 -53.3123
13.234 53.3123
13.235 -53.318
13.235 53.318
13.236 -53.3237
13.236 53.3237
13.237 -53.3293
13.237 53.3293
13.238 -53.335
13.238 53.335
13.239 -53.3407
13.239 53.3407
13.24 -53.3463
13.24 53.3463
13.241 -53.352
13.241 53.352
13.242 -53.3577
13.242 53.3577
13.243 -53.3634
13.243 53.3634
13.244 -53.369
13.244 53.369
13.245 -53.3747
13.245 53.3747
13.246 -53.3804
13.246 53.3804
13.247 -53.3861
13.247 53.3861
13.248 -53.3917
13.248 53.3917
13.249 -53.3974
13.249 53.3974
13.25 -53.4031
13.25 53.4031
13.251 -53.4088
13.251 53.4088
13.252 -53.4144
13.252 53.4144
13.253 -53.4201
13.253 53.4201
13.254 -53.4258
13.254 53.4258
13.255 -53.4315
13.255 53.4315
13.256 -53.4372
13.256 53.4372
13.257 -53.4428
13.257 53.4428
13.258 -53.4485
13.258 53.4485
13.259 -53.4542
13.259 53.4542
13.26 -53.4599
13.26 53.4599
13.261 -53.4655
13.261 53.4655
13.262 -53.4712
13.262 53.4712
13.263 -53.4769
13.263 53.4769
13.264 -53.4826
13.264 53.4826
13.265 -53.4883
13.265 53.4883
13.266 -53.4939
13.266 53.4939
13.267 -53.4996
13.267 53.4996
13.268 -53.5053
13.268 53.5053
13.269 -53.511
13.269 53.511
13.27 -53.5166
13.27 53.5166
13.271 -53.5223
13.271 53.5223
13.272 -53.528
13.272 53.528
13.273 -53.5337
13.273 53.5337
13.274 -53.5394
13.274 53.5394
13.275 -53.545
13.275 53.545
13.276 -53.5507
13.276 53.5507
13.277 -53.5564
13.277 53.5564
13.278 -53.5621
13.278 53.5621
13.279 -53.5678
13.279 53.5678
13.28 -53.5735
13.28 53.5735
13.281 -53.5791
13.281 53.5791
13.282 -53.5848
13.282 53.5848
13.283 -53.5905
13.283 53.5905
13.284 -53.5962
13.284 53.5962
13.285 -53.6019
13.285 53.6019
13.286 -53.6075
13.286 53.6075
13.287 -53.6132
13.287 53.6132
13.288 -53.6189
13.288 53.6189
13.289 -53.6246
13.289 53.6246
13.29 -53.6303
13.29 53.6303
13.291 -53.636
13.291 53.636
13.292 -53.6416
13.292 53.6416
13.293 -53.6473
13.293 53.6473
13.294 -53.653
13.294 53.653
13.295 -53.6587
13.295 53.6587
13.296 -53.6644
13.296 53.6644
13.297 -53.6701
13.297 53.6701
13.298 -53.6758
13.298 53.6758
13.299 -53.6814
13.299 53.6814
13.3 -53.6871
13.3 53.6871
13.301 -53.6928
13.301 53.6928
13.302 -53.6985
13.302 53.6985
13.303 -53.7042
13.303 53.7042
13.304 -53.7099
13.304 53.7099
13.305 -53.7156
13.305 53.7156
13.306 -53.7212
13.306 53.7212
13.307 -53.7269
13.307 53.7269
13.308 -53.7326
13.308 53.7326
13.309 -53.7383
13.309 53.7383
13.31 -53.744
13.31 53.744
13.311 -53.7497
13.311 53.7497
13.312 -53.7554
13.312 53.7554
13.313 -53.761
13.313 53.761
13.314 -53.7667
13.314 53.7667
13.315 -53.7724
13.315 53.7724
13.316 -53.7781
13.316 53.7781
13.317 -53.7838
13.317 53.7838
13.318 -53.7895
13.318 53.7895
13.319 -53.7952
13.319 53.7952
13.32 -53.8009
13.32 53.8009
13.321 -53.8066
13.321 53.8066
13.322 -53.8122
13.322 53.8122
13.323 -53.8179
13.323 53.8179
13.324 -53.8236
13.324 53.8236
13.325 -53.8293
13.325 53.8293
13.326 -53.835
13.326 53.835
13.327 -53.8407
13.327 53.8407
13.328 -53.8464
13.328 53.8464
13.329 -53.8521
13.329 53.8521
13.33 -53.8578
13.33 53.8578
13.331 -53.8635
13.331 53.8635
13.332 -53.8692
13.332 53.8692
13.333 -53.8748
13.333 53.8748
13.334 -53.8805
13.334 53.8805
13.335 -53.8862
13.335 53.8862
13.336 -53.8919
13.336 53.8919
13.337 -53.8976
13.337 53.8976
13.338 -53.9033
13.338 53.9033
13.339 -53.909
13.339 53.909
13.34 -53.9147
13.34 53.9147
13.341 -53.9204
13.341 53.9204
13.342 -53.9261
13.342 53.9261
13.343 -53.9318
13.343 53.9318
13.344 -53.9375
13.344 53.9375
13.345 -53.9432
13.345 53.9432
13.346 -53.9489
13.346 53.9489
13.347 -53.9546
13.347 53.9546
13.348 -53.9602
13.348 53.9602
13.349 -53.9659
13.349 53.9659
13.35 -53.9716
13.35 53.9716
13.351 -53.9773
13.351 53.9773
13.352 -53.983
13.352 53.983
13.353 -53.9887
13.353 53.9887
13.354 -53.9944
13.354 53.9944
13.355 -54.0001
13.355 54.0001
13.356 -54.0058
13.356 54.0058
13.357 -54.0115
13.357 54.0115
13.358 -54.0172
13.358 54.0172
13.359 -54.0229
13.359 54.0229
13.36 -54.0286
13.36 54.0286
13.361 -54.0343
13.361 54.0343
13.362 -54.04
13.362 54.04
13.363 -54.0457
13.363 54.0457
13.364 -54.0514
13.364 54.0514
13.365 -54.0571
13.365 54.0571
13.366 -54.0628
13.366 54.0628
13.367 -54.0685
13.367 54.0685
13.368 -54.0742
13.368 54.0742
13.369 -54.0799
13.369 54.0799
13.37 -54.0856
13.37 54.0856
13.371 -54.0913
13.371 54.0913
13.372 -54.097
13.372 54.097
13.373 -54.1027
13.373 54.1027
13.374 -54.1084
13.374 54.1084
13.375 -54.1141
13.375 54.1141
13.376 -54.1198
13.376 54.1198
13.377 -54.1255
13.377 54.1255
13.378 -54.1312
13.378 54.1312
13.379 -54.1369
13.379 54.1369
13.38 -54.1426
13.38 54.1426
13.381 -54.1483
13.381 54.1483
13.382 -54.154
13.382 54.154
13.383 -54.1597
13.383 54.1597
13.384 -54.1654
13.384 54.1654
13.385 -54.1711
13.385 54.1711
13.386 -54.1768
13.386 54.1768
13.387 -54.1825
13.387 54.1825
13.388 -54.1882
13.388 54.1882
13.389 -54.1939
13.389 54.1939
13.39 -54.1996
13.39 54.1996
13.391 -54.2053
13.391 54.2053
13.392 -54.211
13.392 54.211
13.393 -54.2167
13.393 54.2167
13.394 -54.2224
13.394 54.2224
13.395 -54.2281
13.395 54.2281
13.396 -54.2338
13.396 54.2338
13.397 -54.2395
13.397 54.2395
13.398 -54.2452
13.398 54.2452
13.399 -54.2509
13.399 54.2509
13.4 -54.2566
13.4 54.2566
13.401 -54.2624
13.401 54.2624
13.402 -54.2681
13.402 54.2681
13.403 -54.2738
13.403 54.2738
13.404 -54.2795
13.404 54.2795
13.405 -54.2852
13.405 54.2852
13.406 -54.2909
13.406 54.2909
13.407 -54.2966
13.407 54.2966
13.408 -54.3023
13.408 54.3023
13.409 -54.308
13.409 54.308
13.41 -54.3137
13.41 54.3137
13.411 -54.3194
13.411 54.3194
13.412 -54.3251
13.412 54.3251
13.413 -54.3308
13.413 54.3308
13.414 -54.3365
13.414 54.3365
13.415 -54.3422
13.415 54.3422
13.416 -54.348
13.416 54.348
13.417 -54.3537
13.417 54.3537
13.418 -54.3594
13.418 54.3594
13.419 -54.3651
13.419 54.3651
13.42 -54.3708
13.42 54.3708
13.421 -54.3765
13.421 54.3765
13.422 -54.3822
13.422 54.3822
13.423 -54.3879
13.423 54.3879
13.424 -54.3936
13.424 54.3936
13.425 -54.3993
13.425 54.3993
13.426 -54.405
13.426 54.405
13.427 -54.4108
13.427 54.4108
13.428 -54.4165
13.428 54.4165
13.429 -54.4222
13.429 54.4222
13.43 -54.4279
13.43 54.4279
13.431 -54.4336
13.431 54.4336
13.432 -54.4393
13.432 54.4393
13.433 -54.445
13.433 54.445
13.434 -54.4507
13.434 54.4507
13.435 -54.4564
13.435 54.4564
13.436 -54.4622
13.436 54.4622
13.437 -54.4679
13.437 54.4679
13.438 -54.4736
13.438 54.4736
13.439 -54.4793
13.439 54.4793
13.44 -54.485
13.44 54.485
13.441 -54.4907
13.441 54.4907
13.442 -54.4964
13.442 54.4964
13.443 -54.5022
13.443 54.5022
13.444 -54.5079
13.444 54.5079
13.445 -54.5136
13.445 54.5136
13.446 -54.5193
13.446 54.5193
13.447 -54.525
13.447 54.525
13.448 -54.5307
13.448 54.5307
13.449 -54.5364
13.449 54.5364
13.45 -54.5421
13.45 54.5421
13.451 -54.5479
13.451 54.5479
13.452 -54.5536
13.452 54.5536
13.453 -54.5593
13.453 54.5593
13.454 -54.565
13.454 54.565
13.455 -54.5707
13.455 54.5707
13.456 -54.5764
13.456 54.5764
13.457 -54.5822
13.457 54.5822
13.458 -54.5879
13.458 54.5879
13.459 -54.5936
13.459 54.5936
13.46 -54.5993
13.46 54.5993
13.461 -54.605
13.461 54.605
13.462 -54.6107
13.462 54.6107
13.463 -54.6165
13.463 54.6165
13.464 -54.6222
13.464 54.6222
13.465 -54.6279
13.465 54.6279
13.466 -54.6336
13.466 54.6336
13.467 -54.6393
13.467 54.6393
13.468 -54.6451
13.468 54.6451
13.469 -54.6508
13.469 54.6508
13.47 -54.6565
13.47 54.6565
13.471 -54.6622
13.471 54.6622
13.472 -54.6679
13.472 54.6679
13.473 -54.6736
13.473 54.6736
13.474 -54.6794
13.474 54.6794
13.475 -54.6851
13.475 54.6851
13.476 -54.6908
13.476 54.6908
13.477 -54.6965
13.477 54.6965
13.478 -54.7022
13.478 54.7022
13.479 -54.708
13.479 54.708
13.48 -54.7137
13.48 54.7137
13.481 -54.7194
13.481 54.7194
13.482 -54.7251
13.482 54.7251
13.483 -54.7308
13.483 54.7308
13.484 -54.7366
13.484 54.7366
13.485 -54.7423
13.485 54.7423
13.486 -54.748
13.486 54.748
13.487 -54.7537
13.487 54.7537
13.488 -54.7595
13.488 54.7595
13.489 -54.7652
13.489 54.7652
13.49 -54.7709
13.49 54.7709
13.491 -54.7766
13.491 54.7766
13.492 -54.7823
13.492 54.7823
13.493 -54.7881
13.493 54.7881
13.494 -54.7938
13.494 54.7938
13.495 -54.7995
13.495 54.7995
13.496 -54.8052
13.496 54.8052
13.497 -54.811
13.497 54.811
13.498 -54.8167
13.498 54.8167
13.499 -54.8224
13.499 54.8224
13.5 -54.8281
13.5 54.8281
13.501 -54.8339
13.501 54.8339
13.502 -54.8396
13.502 54.8396
13.503 -54.8453
13.503 54.8453
13.504 -54.851
13.504 54.851
13.505 -54.8568
13.505 54.8568
13.506 -54.8625
13.506 54.8625
13.507 -54.8682
13.507 54.8682
13.508 -54.8739
13.508 54.8739
13.509 -54.8797
13.509 54.8797
13.51 -54.8854
13.51 54.8854
13.511 -54.8911
13.511 54.8911
13.512 -54.8969
13.512 54.8969
13.513 -54.9026
13.513 54.9026
13.514 -54.9083
13.514 54.9083
13.515 -54.914
13.515 54.914
13.516 -54.9198
13.516 54.9198
13.517 -54.9255
13.517 54.9255
13.518 -54.9312
13.518 54.9312
13.519 -54.9369
13.519 54.9369
13.52 -54.9427
13.52 54.9427
13.521 -54.9484
13.521 54.9484
13.522 -54.9541
13.522 54.9541
13.523 -54.9599
13.523 54.9599
13.524 -54.9656
13.524 54.9656
13.525 -54.9713
13.525 54.9713
13.526 -54.977
13.526 54.977
13.527 -54.9828
13.527 54.9828
13.528 -54.9885
13.528 54.9885
13.529 -54.9942
13.529 54.9942
13.53 -55
13.53 55
13.531 -55.0057
13.531 55.0057
13.532 -55.0114
13.532 55.0114
13.533 -55.0172
13.533 55.0172
13.534 -55.0229
13.534 55.0229
13.535 -55.0286
13.535 55.0286
13.536 -55.0344
13.536 55.0344
13.537 -55.0401
13.537 55.0401
13.538 -55.0458
13.538 55.0458
13.539 -55.0516
13.539 55.0516
13.54 -55.0573
13.54 55.0573
13.541 -55.063
13.541 55.063
13.542 -55.0688
13.542 55.0688
13.543 -55.0745
13.543 55.0745
13.544 -55.0802
13.544 55.0802
13.545 -55.086
13.545 55.086
13.546 -55.0917
13.546 55.0917
13.547 -55.0974
13.547 55.0974
13.548 -55.1032
13.548 55.1032
13.549 -55.1089
13.549 55.1089
13.55 -55.1146
13.55 55.1146
13.551 -55.1204
13.551 55.1204
13.552 -55.1261
13.552 55.1261
13.553 -55.1318
13.553 55.1318
13.554 -55.1376
13.554 55.1376
13.555 -55.1433
13.555 55.1433
13.556 -55.149
13.556 55.149
13.557 -55.1548
13.557 55.1548
13.558 -55.1605
13.558 55.1605
13.559 -55.1662
13.559 55.1662
13.56 -55.172
13.56 55.172
13.561 -55.1777
13.561 55.1777
13.562 -55.1834
13.562 55.1834
13.563 -55.1892
13.563 55.1892
13.564 -55.1949
13.564 55.1949
13.565 -55.2007
13.565 55.2007
13.566 -55.2064
13.566 55.2064
13.567 -55.2121
13.567 55.2121
13.568 -55.2179
13.568 55.2179
13.569 -55.2236
13.569 55.2236
13.57 -55.2293
13.57 55.2293
13.571 -55.2351
13.571 55.2351
13.572 -55.2408
13.572 55.2408
13.573 -55.2466
13.573 55.2466
13.574 -55.2523
13.574 55.2523
13.575 -55.258
13.575 55.258
13.576 -55.2638
13.576 55.2638
13.577 -55.2695
13.577 55.2695
13.578 -55.2753
13.578 55.2753
13.579 -55.281
13.579 55.281
13.58 -55.2867
13.58 55.2867
13.581 -55.2925
13.581 55.2925
13.582 -55.2982
13.582 55.2982
13.583 -55.304
13.583 55.304
13.584 -55.3097
13.584 55.3097
13.585 -55.3154
13.585 55.3154
13.586 -55.3212
13.586 55.3212
13.587 -55.3269
13.587 55.3269
13.588 -55.3327
13.588 55.3327
13.589 -55.3384
13.589 55.3384
13.59 -55.3442
13.59 55.3442
13.591 -55.3499
13.591 55.3499
13.592 -55.3556
13.592 55.3556
13.593 -55.3614
13.593 55.3614
13.594 -55.3671
13.594 55.3671
13.595 -55.3729
13.595 55.3729
13.596 -55.3786
13.596 55.3786
13.597 -55.3844
13.597 55.3844
13.598 -55.3901
13.598 55.3901
13.599 -55.3958
13.599 55.3958
13.6 -55.4016
13.6 55.4016
13.601 -55.4073
13.601 55.4073
13.602 -55.4131
13.602 55.4131
13.603 -55.4188
13.603 55.4188
13.604 -55.4246
13.604 55.4246
13.605 -55.4303
13.605 55.4303
13.606 -55.4361
13.606 55.4361
13.607 -55.4418
13.607 55.4418
13.608 -55.4475
13.608 55.4475
13.609 -55.4533
13.609 55.4533
13.61 -55.459
13.61 55.459
13.611 -55.4648
13.611 55.4648
13.612 -55.4705
13.612 55.4705
13.613 -55.4763
13.613 55.4763
13.614 -55.482
13.614 55.482
13.615 -55.4878
13.615 55.4878
13.616 -55.4935
13.616 55.4935
13.617 -55.4993
13.617 55.4993
13.618 -55.505
13.618 55.505
13.619 -55.5108
13.619 55.5108
13.62 -55.5165
13.62 55.5165
13.621 -55.5223
13.621 55.5223
13.622 -55.528
13.622 55.528
13.623 -55.5338
13.623 55.5338
13.624 -55.5395
13.624 55.5395
13.625 -55.5453
13.625 55.5453
13.626 -55.551
13.626 55.551
13.627 -55.5568
13.627 55.5568
13.628 -55.5625
13.628 55.5625
13.629 -55.5683
13.629 55.5683
13.63 -55.574
13.63 55.574
13.631 -55.5798
13.631 55.5798
13.632 -55.5855
13.632 55.5855
13.633 -55.5913
13.633 55.5913
13.634 -55.597
13.634 55.597
13.635 -55.6028
13.635 55.6028
13.636 -55.6085
13.636 55.6085
13.637 -55.6143
13.637 55.6143
13.638 -55.62
13.638 55.62
13.639 -55.6258
13.639 55.6258
13.64 -55.6315
13.64 55.6315
13.641 -55.6373
13.641 55.6373
13.642 -55.643
13.642 55.643
13.643 -55.6488
13.643 55.6488
13.644 -55.6545
13.644 55.6545
13.645 -55.6603
13.645 55.6603
13.646 -55.666
13.646 55.666
13.647 -55.6718
13.647 55.6718
13.648 -55.6775
13.648 55.6775
13.649 -55.6833
13.649 55.6833
13.65 -55.689
13.65 55.689
13.651 -55.6948
13.651 55.6948
13.652 -55.7006
13.652 55.7006
13.653 -55.7063
13.653 55.7063
13.654 -55.7121
13.654 55.7121
13.655 -55.7178
13.655 55.7178
13.656 -55.7236
13.656 55.7236
13.657 -55.7293
13.657 55.7293
13.658 -55.7351
13.658 55.7351
13.659 -55.7408
13.659 55.7408
13.66 -55.7466
13.66 55.7466
13.661 -55.7523
13.661 55.7523
13.662 -55.7581
13.662 55.7581
13.663 -55.7639
13.663 55.7639
13.664 -55.7696
13.664 55.7696
13.665 -55.7754
13.665 55.7754
13.666 -55.7811
13.666 55.7811
13.667 -55.7869
13.667 55.7869
13.668 -55.7926
13.668 55.7926
13.669 -55.7984
13.669 55.7984
13.67 -55.8042
13.67 55.8042
13.671 -55.8099
13.671 55.8099
13.672 -55.8157
13.672 55.8157
13.673 -55.8214
13.673 55.8214
13.674 -55.8272
13.674 55.8272
13.675 -55.833
13.675 55.833
13.676 -55.8387
13.676 55.8387
13.677 -55.8445
13.677 55.8445
13.678 -55.8502
13.678 55.8502
13.679 -55.856
13.679 55.856
13.68 -55.8618
13.68 55.8618
13.681 -55.8675
13.681 55.8675
13.682 -55.8733
13.682 55.8733
13.683 -55.879
13.683 55.879
13.684 -55.8848
13.684 55.8848
13.685 -55.8906
13.685 55.8906
13.686 -55.8963
13.686 55.8963
13.687 -55.9021
13.687 55.9021
13.688 -55.9078
13.688 55.9078
13.689 -55.9136
13.689 55.9136
13.69 -55.9194
13.69 55.9194
13.691 -55.9251
13.691 55.9251
13.692 -55.9309
13.692 55.9309
13.693 -55.9366
13.693 55.9366
13.694 -55.9424
13.694 55.9424
13.695 -55.9482
13.695 55.9482
13.696 -55.9539
13.696 55.9539
13.697 -55.9597
13.697 55.9597
13.698 -55.9655
13.698 55.9655
13.699 -55.9712
13.699 55.9712
13.7 -55.977
13.7 55.977
13.701 -55.9828
13.701 55.9828
13.702 -55.9885
13.702 55.9885
13.703 -55.9943
13.703 55.9943
13.704 -56
13.704 56
13.705 -56.0058
13.705 56.0058
13.706 -56.0116
13.706 56.0116
13.707 -56.0173
13.707 56.0173
13.708 -56.0231
13.708 56.0231
13.709 -56.0289
13.709 56.0289
13.71 -56.0346
13.71 56.0346
13.711 -56.0404
13.711 56.0404
13.712 -56.0462
13.712 56.0462
13.713 -56.0519
13.713 56.0519
13.714 -56.0577
13.714 56.0577
13.715 -56.0635
13.715 56.0635
13.716 -56.0692
13.716 56.0692
13.717 -56.075
13.717 56.075
13.718 -56.0808
13.718 56.0808
13.719 -56.0865
13.719 56.0865
13.72 -56.0923
13.72 56.0923
13.721 -56.0981
13.721 56.0981
13.722 -56.1038
13.722 56.1038
13.723 -56.1096
13.723 56.1096
13.724 -56.1154
13.724 56.1154
13.725 -56.1211
13.725 56.1211
13.726 -56.1269
13.726 56.1269
13.727 -56.1327
13.727 56.1327
13.728 -56.1384
13.728 56.1384
13.729 -56.1442
13.729 56.1442
13.73 -56.15
13.73 56.15
13.731 -56.1558
13.731 56.1558
13.732 -56.1615
13.732 56.1615
13.733 -56.1673
13.733 56.1673
13.734 -56.1731
13.734 56.1731
13.735 -56.1788
13.735 56.1788
13.736 -56.1846
13.736 56.1846
13.737 -56.1904
13.737 56.1904
13.738 -56.1961
13.738 56.1961
13.739 -56.2019
13.739 56.2019
13.74 -56.2077
13.74 56.2077
13.741 -56.2135
13.741 56.2135
13.742 -56.2192
13.742 56.2192
13.743 -56.225
13.743 56.225
13.744 -56.2308
13.744 56.2308
13.745 -56.2365
13.745 56.2365
13.746 -56.2423
13.746 56.2423
13.747 -56.2481
13.747 56.2481
13.748 -56.2539
13.748 56.2539
13.749 -56.2596
13.749 56.2596
13.75 -56.2654
13.75 56.2654
13.751 -56.2712
13.751 56.2712
13.752 -56.277
13.752 56.277
13.753 -56.2827
13.753 56.2827
13.754 -56.2885
13.754 56.2885
13.755 -56.2943
13.755 56.2943
13.756 -56.3001
13.756 56.3001
13.757 -56.3058
13.757 56.3058
13.758 -56.3116
13.758 56.3116
13.759 -56.3174
13.759 56.3174
13.76 -56.3232
13.76 56.3232
13.761 -56.3289
13.761 56.3289
13.762 -56.3347
13.762 56.3347
13.763 -56.3405
13.763 56.3405
13.764 -56.3463
13.764 56.3463
13.765 -56.352
13.765 56.352
13.766 -56.3578
13.766 56.3578
13.767 -56.3636
13.767 56.3636
13.768 -56.3694
13.768 56.3694
13.769 -56.3751
13.769 56.3751
13.77 -56.3809
13.77 56.3809
13.771 -56.3867
13.771 56.3867
13.772 -56.3925
13.772 56.3925
13.773 -56.3983
13.773 56.3983
13.774 -56.404
13.774 56.404
13.775 -56.4098
13.775 56.4098
13.776 -56.4156
13.776 56.4156
13.777 -56.4214
13.777 56.4214
13.778 -56.4271
13.778 56.4271
13.779 -56.4329
13.779 56.4329
13.78 -56.4387
13.78 56.4387
13.781 -56.4445
13.781 56.4445
13.782 -56.4503
13.782 56.4503
13.783 -56.456
13.783 56.456
13.784 -56.4618
13.784 56.4618
13.785 -56.4676
13.785 56.4676
13.786 -56.4734
13.786 56.4734
13.787 -56.4792
13.787 56.4792
13.788 -56.4849
13.788 56.4849
13.789 -56.4907
13.789 56.4907
13.79 -56.4965
13.79 56.4965
13.791 -56.5023
13.791 56.5023
13.792 -56.5081
13.792 56.5081
13.793 -56.5139
13.793 56.5139
13.794 -56.5196
13.794 56.5196
13.795 -56.5254
13.795 56.5254
13.796 -56.5312
13.796 56.5312
13.797 -56.537
13.797 56.537
13.798 -56.5428
13.798 56.5428
13.799 -56.5485
13.799 56.5485
13.8 -56.5543
13.8 56.5543
13.801 -56.5601
13.801 56.5601
13.802 -56.5659
13.802 56.5659
13.803 -56.5717
13.803 56.5717
13.804 -56.5775
13.804 56.5775
13.805 -56.5832
13.805 56.5832
13.806 -56.589
13.806 56.589
13.807 -56.5948
13.807 56.5948
13.808 -56.6006
13.808 56.6006
13.809 -56.6064
13.809 56.6064
13.81 -56.6122
13.81 56.6122
13.811 -56.618
13.811 56.618
13.812 -56.6237
13.812 56.6237
13.813 -56.6295
13.813 56.6295
13.814 -56.6353
13.814 56.6353
13.815 -56.6411
13.815 56.6411
13.816 -56.6469
13.816 56.6469
13.817 -56.6527
13.817 56.6527
13.818 -56.6585
13.818 56.6585
13.819 -56.6642
13.819 56.6642
13.82 -56.67
13.82 56.67
13.821 -56.6758
13.821 56.6758
13.822 -56.6816
13.822 56.6816
13.823 -56.6874
13.823 56.6874
13.824 -56.6932
13.824 56.6932
13.825 -56.699
13.825 56.699
13.826 -56.7048
13.826 56.7048
13.827 -56.7105
13.827 56.7105
13.828 -56.7163
13.828 56.7163
13.829 -56.7221
13.829 56.7221
13.83 -56.7279
13.83 56.7279
13.831 -56.7337
13.831 56.7337
13.832 -56.7395
13.832 56.7395
13.833 -56.7453
13.833 56.7453
13.834 -56.7511
13.834 56.7511
13.835 -56.7569
13.835 56.7569
13.836 -56.7626
13.836 56.7626
13.837 -56.7684
13.837 56.7684
13.838 -56.7742
13.838 56.7742
13.839 -56.78
13.839 56.78
13.84 -56.7858
13.84 56.7858
13.841 -56.7916
13.841 56.7916
13.842 -56.7974
13.842 56.7974
13.843 -56.8032
13.843 56.8032
13.844 -56.809
13.844 56.809
13.845 -56.8148
13.845 56.8148
13.846 -56.8206
13.846 56.8206
13.847 -56.8263
13.847 56.8263
13.848 -56.8321
13.848 56.8321
13.849 -56.8379
13.849 56.8379
13.85 -56.8437
13.85 56.8437
13.851 -56.8495
13.851 56.8495
13.852 -56.8553
13.852 56.8553
13.853 -56.8611
13.853 56.8611
13.854 -56.8669
13.854 56.8669
13.855 -56.8727
13.855 56.8727
13.856 -56.8785
13.856 56.8785
13.857 -56.8843
13.857 56.8843
13.858 -56.8901
13.858 56.8901
13.859 -56.8959
13.859 56.8959
13.86 -56.9017
13.86 56.9017
13.861 -56.9075
13.861 56.9075
13.862 -56.9133
13.862 56.9133
13.863 -56.919
13.863 56.919
13.864 -56.9248
13.864 56.9248
13.865 -56.9306
13.865 56.9306
13.866 -56.9364
13.866 56.9364
13.867 -56.9422
13.867 56.9422
13.868 -56.948
13.868 56.948
13.869 -56.9538
13.869 56.9538
13.87 -56.9596
13.87 56.9596
13.871 -56.9654
13.871 56.9654
13.872 -56.9712
13.872 56.9712
13.873 -56.977
13.873 56.977
13.874 -56.9828
13.874 56.9828
13.875 -56.9886
13.875 56.9886
13.876 -56.9944
13.876 56.9944
13.877 -57.0002
13.877 57.0002
13.878 -57.006
13.878 57.006
13.879 -57.0118
13.879 57.0118
13.88 -57.0176
13.88 57.0176
13.881 -57.0234
13.881 57.0234
13.882 -57.0292
13.882 57.0292
13.883 -57.035
13.883 57.035
13.884 -57.0408
13.884 57.0408
13.885 -57.0466
13.885 57.0466
13.886 -57.0524
13.886 57.0524
13.887 -57.0582
13.887 57.0582
13.888 -57.064
13.888 57.064
13.889 -57.0698
13.889 57.0698
13.89 -57.0756
13.89 57.0756
13.891 -57.0814
13.891 57.0814
13.892 -57.0872
13.892 57.0872
13.893 -57.093
13.893 57.093
13.894 -57.0988
13.894 57.0988
13.895 -57.1046
13.895 57.1046
13.896 -57.1104
13.896 57.1104
13.897 -57.1162
13.897 57.1162
13.898 -57.122
13.898 57.122
13.899 -57.1278
13.899 57.1278
13.9 -57.1336
13.9 57.1336
13.901 -57.1394
13.901 57.1394
13.902 -57.1452
13.902 57.1452
13.903 -57.151
13.903 57.151
13.904 -57.1568
13.904 57.1568
13.905 -57.1626
13.905 57.1626
13.906 -57.1684
13.906 57.1684
13.907 -57.1742
13.907 57.1742
13.908 -57.18
13.908 57.18
13.909 -57.1858
13.909 57.1858
13.91 -57.1916
13.91 57.1916
13.911 -57.1974
13.911 57.1974
13.912 -57.2032
13.912 57.2032
13.913 -57.2091
13.913 57.2091
13.914 -57.2149
13.914 57.2149
13.915 -57.2207
13.915 57.2207
13.916 -57.2265
13.916 57.2265
13.917 -57.2323
13.917 57.2323
13.918 -57.2381
13.918 57.2381
13.919 -57.2439
13.919 57.2439
13.92 -57.2497
13.92 57.2497
13.921 -57.2555
13.921 57.2555
13.922 -57.2613
13.922 57.2613
13.923 -57.2671
13.923 57.2671
13.924 -57.2729
13.924 57.2729
13.925 -57.2787
13.925 57.2787
13.926 -57.2845
13.926 57.2845
13.927 -57.2903
13.927 57.2903
13.928 -57.2962
13.928 57.2962
13.929 -57.302
13.929 57.302
13.93 -57.3078
13.93 57.3078
13.931 -57.3136
13.931 57.3136
13.932 -57.3194
13.932 57.3194
13.933 -57.3252
13.933 57.3252
13.934 -57.331
13.934 57.331
13.935 -57.3368
13.935 57.3368
13.936 -57.3426
13.936 57.3426
13.937 -57.3484
13.937 57.3484
13.938 -57.3542
13.938 57.3542
13.939 -57.36
13.939 57.36
13.94 -57.3659
13.94 57.3659
13.941 -57.3717
13.941 57.3717
13.942 -57.3775
13.942 57.3775
13.943 -57.3833
13.943 57.3833
13.944 -57.3891
13.944 57.3891
13.945 -57.3949
13.945 57.3949
13.946 -57.4007
13.946 57.4007
13.947 -57.4065
13.947 57.4065
13.948 -57.4123
13.948 57.4123
13.949 -57.4182
13.949 57.4182
13.95 -57.424
13.95 57.424
13.951 -57.4298
13.951 57.4298
13.952 -57.4356
13.952 57.4356
13.953 -57.4414
13.953 57.4414
13.954 -57.4472
13.954 57.4472
13.955 -57.453
13.955 57.453
13.956 -57.4588
13.956 57.4588
13.957 -57.4647
13.957 57.4647
13.958 -57.4705
13.958 57.4705
13.959 -57.4763
13.959 57.4763
13.96 -57.4821
13.96 57.4821
13.961 -57.4879
13.961 57.4879
13.962 -57.4937
13.962 57.4937
13.963 -57.4995
13.963 57.4995
13.964 -57.5054
13.964 57.5054
13.965 -57.5112
13.965 57.5112
13.966 -57.517
13.966 57.517
13.967 -57.5228
13.967 57.5228
13.968 -57.5286
13.968 57.5286
13.969 -57.5344
13.969 57.5344
13.97 -57.5403
13.97 57.5403
13.971 -57.5461
13.971 57.5461
13.972 -57.5519
13.972 57.5519
13.973 -57.5577
13.973 57.5577
13.974 -57.5635
13.974 57.5635
13.975 -57.5693
13.975 57.5693
13.976 -57.5752
13.976 57.5752
13.977 -57.581
13.977 57.581
13.978 -57.5868
13.978 57.5868
13.979 -57.5926
13.979 57.5926
13.98 -57.5984
13.98 57.5984
13.981 -57.6042
13.981 57.6042
13.982 -57.6101
13.982 57.6101
13.983 -57.6159
13.983 57.6159
13.984 -57.6217
13.984 57.6217
13.985 -57.6275
13.985 57.6275
13.986 -57.6333
13.986 57.6333
13.987 -57.6391
13.987 57.6391
13.988 -57.645
13.988 57.645
13.989 -57.6508
13.989 57.6508
13.99 -57.6566
13.99 57.6566
13.991 -57.6624
13.991 57.6624
13.992 -57.6682
13.992 57.6682
13.993 -57.6741
13.993 57.6741
13.994 -57.6799
13.994 57.6799
13.995 -57.6857
13.995 57.6857
13.996 -57.6915
13.996 57.6915
13.997 -57.6974
13.997 57.6974
13.998 -57.7032
13.998 57.7032
13.999 -57.709
13.999 57.709
14 -57.7148
14 57.7148
14.001 -57.7206
14.001 57.7206
14.002 -57.7265
14.002 57.7265
14.003 -57.7323
14.003 57.7323
14.004 -57.7381
14.004 57.7381
14.005 -57.7439
14.005 57.7439
14.006 -57.7497
14.006 57.7497
14.007 -57.7556
14.007 57.7556
14.008 -57.7614
14.008 57.7614
14.009 -57.7672
14.009 57.7672
14.01 -57.773
14.01 57.773
14.011 -57.7789
14.011 57.7789
14.012 -57.7847
14.012 57.7847
14.013 -57.7905
14.013 57.7905
14.014 -57.7963
14.014 57.7963
14.015 -57.8022
14.015 57.8022
14.016 -57.808
14.016 57.808
14.017 -57.8138
14.017 57.8138
14.018 -57.8196
14.018 57.8196
14.019 -57.8255
14.019 57.8255
14.02 -57.8313
14.02 57.8313
14.021 -57.8371
14.021 57.8371
14.022 -57.8429
14.022 57.8429
14.023 -57.8488
14.023 57.8488
14.024 -57.8546
14.024 57.8546
14.025 -57.8604
14.025 57.8604
14.026 -57.8662
14.026 57.8662
14.027 -57.8721
14.027 57.8721
14.028 -57.8779
14.028 57.8779
14.029 -57.8837
14.029 57.8837
14.03 -57.8896
14.03 57.8896
14.031 -57.8954
14.031 57.8954
14.032 -57.9012
14.032 57.9012
14.033 -57.907
14.033 57.907
14.034 -57.9129
14.034 57.9129
14.035 -57.9187
14.035 57.9187
14.036 -57.9245
14.036 57.9245
14.037 -57.9304
14.037 57.9304
14.038 -57.9362
14.038 57.9362
14.039 -57.942
14.039 57.942
14.04 -57.9478
14.04 57.9478
14.041 -57.9537
14.041 57.9537
14.042 -57.9595
14.042 57.9595
14.043 -57.9653
14.043 57.9653
14.044 -57.9712
14.044 57.9712
14.045 -57.977
14.045 57.977
14.046 -57.9828
14.046 57.9828
14.047 -57.9886
14.047 57.9886
14.048 -57.9945
14.048 57.9945
14.049 -58.0003
14.049 58.0003
14.05 -58.0061
14.05 58.0061
14.051 -58.012
14.051 58.012
14.052 -58.0178
14.052 58.0178
14.053 -58.0236
14.053 58.0236
14.054 -58.0295
14.054 58.0295
14.055 -58.0353
14.055 58.0353
14.056 -58.0411
14.056 58.0411
14.057 -58.047
14.057 58.047
14.058 -58.0528
14.058 58.0528
14.059 -58.0586
14.059 58.0586
14.06 -58.0645
14.06 58.0645
14.061 -58.0703
14.061 58.0703
14.062 -58.0761
14.062 58.0761
14.063 -58.082
14.063 58.082
14.064 -58.0878
14.064 58.0878
14.065 -58.0936
14.065 58.0936
14.066 -58.0995
14.066 58.0995
14.067 -58.1053
14.067 58.1053
14.068 -58.1111
14.068 58.1111
14.069 -58.117
14.069 58.117
14.07 -58.1228
14.07 58.1228
14.071 -58.1286
14.071 58.1286
14.072 -58.1345
14.072 58.1345
14.073 -58.1403
14.073 58.1403
14.074 -58.1462
14.074 58.1462
14.075 -58.152
14.075 58.152
14.076 -58.1578
14.076 58.1578
14.077 -58.1637
14.077 58.1637
14.078 -58.1695
14.078 58.1695
14.079 -58.1753
14.079 58.1753
14.08 -58.1812
14.08 58.1812
14.081 -58.187
14.081 58.187
14.082 -58.1928
14.082 58.1928
14.083 -58.1987
14.083 58.1987
14.084 -58.2045
14.084 58.2045
14.085 -58.2104
14.085 58.2104
14.086 -58.2162
14.086 58.2162
14.087 -58.222
14.087 58.222
14.088 -58.2279
14.088 58.2279
14.089 -58.2337
14.089 58.2337
14.09 -58.2396
14.09 58.2396
14.091 -58.2454
14.091 58.2454
14.092 -58.2512
14.092 58.2512
14.093 -58.2571
14.093 58.2571
14.094 -58.2629
14.094 58.2629
14.095 -58.2687
14.095 58.2687
14.096 -58.2746
14.096 58.2746
14.097 -58.2804
14.097 58.2804
14.098 -58.2863
14.098 58.2863
14.099 -58.2921
14.099 58.2921
14.1 -58.298
14.1 58.298
14.101 -58.3038
14.101 58.3038
14.102 -58.3096
14.102 58.3096
14.103 -58.3155
14.103 58.3155
14.104 -58.3213
14.104 58.3213
14.105 -58.3272
14.105 58.3272
14.106 -58.333
14.106 58.333
14.107 -58.3388
14.107 58.3388
14.108 -58.3447
14.108 58.3447
14.109 -58.3505
14.109 58.3505
14.11 -58.3564
14.11 58.3564
14.111 -58.3622
14.111 58.3622
14.112 -58.3681
14.112 58.3681
14.113 -58.3739
14.113 58.3739
14.114 -58.3797
14.114 58.3797
14.115 -58.3856
14.115 58.3856
14.116 -58.3914
14.116 58.3914
14.117 -58.3973
14.117 58.3973
14.118 -58.4031
14.118 58.4031
14.119 -58.409
14.119 58.409
14.12 -58.4148
14.12 58.4148
14.121 -58.4207
14.121 58.4207
14.122 -58.4265
14.122 58.4265
14.123 -58.4323
14.123 58.4323
14.124 -58.4382
14.124 58.4382
14.125 -58.444
14.125 58.444
14.126 -58.4499
14.126 58.4499
14.127 -58.4557
14.127 58.4557
14.128 -58.4616
14.128 58.4616
14.129 -58.4674
14.129 58.4674
14.13 -58.4733
14.13 58.4733
14.131 -58.4791
14.131 58.4791
14.132 -58.485
14.132 58.485
14.133 -58.4908
14.133 58.4908
14.134 -58.4967
14.134 58.4967
14.135 -58.5025
14.135 58.5025
14.136 -58.5083
14.136 58.5083
14.137 -58.5142
14.137 58.5142
14.138 -58.52
14.138 58.52
14.139 -58.5259
14.139 58.5259
14.14 -58.5317
14.14 58.5317
14.141 -58.5376
14.141 58.5376
14.142 -58.5434
14.142 58.5434
14.143 -58.5493
14.143 58.5493
14.144 -58.5551
14.144 58.5551
14.145 -58.561
14.145 58.561
14.146 -58.5668
14.146 58.5668
14.147 -58.5727
14.147 58.5727
14.148 -58.5785
14.148 58.5785
14.149 -58.5844
14.149 58.5844
14.15 -58.5902
14.15 58.5902
14.151 -58.5961
14.151 58.5961
14.152 -58.6019
14.152 58.6019
14.153 -58.6078
14.153 58.6078
14.154 -58.6136
14.154 58.6136
14.155 -58.6195
14.155 58.6195
14.156 -58.6253
14.156 58.6253
14.157 -58.6312
14.157 58.6312
14.158 -58.637
14.158 58.637
14.159 -58.6429
14.159 58.6429
14.16 -58.6488
14.16 58.6488
14.161 -58.6546
14.161 58.6546
14.162 -58.6605
14.162 58.6605
14.163 -58.6663
14.163 58.6663
14.164 -58.6722
14.164 58.6722
14.165 -58.678
14.165 58.678
14.166 -58.6839
14.166 58.6839
14.167 -58.6897
14.167 58.6897
14.168 -58.6956
14.168 58.6956
14.169 -58.7014
14.169 58.7014
14.17 -58.7073
14.17 58.7073
14.171 -58.7131
14.171 58.7131
14.172 -58.719
14.172 58.719
14.173 -58.7248
14.173 58.7248
14.174 -58.7307
14.174 58.7307
14.175 -58.7366
14.175 58.7366
14.176 -58.7424
14.176 58.7424
14.177 -58.7483
14.177 58.7483
14.178 -58.7541
14.178 58.7541
14.179 -58.76
14.179 58.76
14.18 -58.7658
14.18 58.7658
14.181 -58.7717
14.181 58.7717
14.182 -58.7776
14.182 58.7776
14.183 -58.7834
14.183 58.7834
14.184 -58.7893
14.184 58.7893
14.185 -58.7951
14.185 58.7951
14.186 -58.801
14.186 58.801
14.187 -58.8068
14.187 58.8068
14.188 -58.8127
14.188 58.8127
14.189 -58.8186
14.189 58.8186
14.19 -58.8244
14.19 58.8244
14.191 -58.8303
14.191 58.8303
14.192 -58.8361
14.192 58.8361
14.193 -58.842
14.193 58.842
14.194 -58.8478
14.194 58.8478
14.195 -58.8537
14.195 58.8537
14.196 -58.8596
14.196 58.8596
14.197 -58.8654
14.197 58.8654
14.198 -58.8713
14.198 58.8713
14.199 -58.8771
14.199 58.8771
14.2 -58.883
14.2 58.883
14.201 -58.8889
14.201 58.8889
14.202 -58.8947
14.202 58.8947
14.203 -58.9006
14.203 58.9006
14.204 -58.9064
14.204 58.9064
14.205 -58.9123
14.205 58.9123
14.206 -58.9182
14.206 58.9182
14.207 -58.924
14.207 58.924
14.208 -58.9299
14.208 58.9299
14.209 -58.9358
14.209 58.9358
14.21 -58.9416
14.21 58.9416
14.211 -58.9475
14.211 58.9475
14.212 -58.9533
14.212 58.9533
14.213 -58.9592
14.213 58.9592
14.214 -58.9651
14.214 58.9651
14.215 -58.9709
14.215 58.9709
14.216 -58.9768
14.216 58.9768
14.217 -58.9827
14.217 58.9827
14.218 -58.9885
14.218 58.9885
14.219 -58.9944
14.219 58.9944
14.22 -59.0002
14.22 59.0002
14.221 -59.0061
14.221 59.0061
14.222 -59.012
14.222 59.012
14.223 -59.0178
14.223 59.0178
14.224 -59.0237
14.224 59.0237
14.225 -59.0296
14.225 59.0296
14.226 -59.0354
14.226 59.0354
14.227 -59.0413
14.227 59.0413
14.228 -59.0472
14.228 59.0472
14.229 -59.053
14.229 59.053
14.23 -59.0589
14.23 59.0589
14.231 -59.0648
14.231 59.0648
14.232 -59.0706
14.232 59.0706
14.233 -59.0765
14.233 59.0765
14.234 -59.0824
14.234 59.0824
14.235 -59.0882
14.235 59.0882
14.236 -59.0941
14.236 59.0941
14.237 -59.1
14.237 59.1
14.238 -59.1058
14.238 59.1058
14.239 -59.1117
14.239 59.1117
14.24 -59.1176
14.24 59.1176
14.241 -59.1234
14.241 59.1234
14.242 -59.1293
14.242 59.1293
14.243 -59.1352
14.243 59.1352
14.244 -59.141
14.244 59.141
14.245 -59.1469
14.245 59.1469
14.246 -59.1528
14.246 59.1528
14.247 -59.1586
14.247 59.1586
14.248 -59.1645
14.248 59.1645
14.249 -59.1704
14.249 59.1704
14.25 -59.1762
14.25 59.1762
14.251 -59.1821
14.251 59.1821
14.252 -59.188
14.252 59.188
14.253 -59.1939
14.253 59.1939
14.254 -59.1997
14.254 59.1997
14.255 -59.2056
14.255 59.2056
14.256 -59.2115
14.256 59.2115
14.257 -59.2173
14.257 59.2173
14.258 -59.2232
14.258 59.2232
14.259 -59.2291
14.259 59.2291
14.26 -59.235
14.26 59.235
14.261 -59.2408
14.261 59.2408
14.262 -59.2467
14.262 59.2467
14.263 -59.2526
14.263 59.2526
14.264 -59.2584
14.264 59.2584
14.265 -59.2643
14.265 59.2643
14.266 -59.2702
14.266 59.2702
14.267 -59.2761
14.267 59.2761
14.268 -59.2819
14.268 59.2819
14.269 -59.2878
14.269 59.2878
14.27 -59.2937
14.27 59.2937
14.271 -59.2996
14.271 59.2996
14.272 -59.3054
14.272 59.3054
14.273 -59.3113
14.273 59.3113
14.274 -59.3172
14.274 59.3172
14.275 -59.323
14.275 59.323
14.276 -59.3289
14.276 59.3289
14.277 -59.3348
14.277 59.3348
14.278 -59.3407
14.278 59.3407
14.279 -59.3465
14.279 59.3465
14.28 -59.3524
14.28 59.3524
14.281 -59.3583
14.281 59.3583
14.282 -59.3642
14.282 59.3642
14.283 -59.37
14.283 59.37
14.284 -59.3759
14.284 59.3759
14.285 -59.3818
14.285 59.3818
14.286 -59.3877
14.286 59.3877
14.287 -59.3936
14.287 59.3936
14.288 -59.3994
14.288 59.3994
14.289 -59.4053
14.289 59.4053
14.29 -59.4112
14.29 59.4112
14.291 -59.4171
14.291 59.4171
14.292 -59.4229
14.292 59.4229
14.293 -59.4288
14.293 59.4288
14.294 -59.4347
14.294 59.4347
14.295 -59.4406
14.295 59.4406
14.296 -59.4465
14.296 59.4465
14.297 -59.4523
14.297 59.4523
14.298 -59.4582
14.298 59.4582
14.299 -59.4641
14.299 59.4641
14.3 -59.47
14.3 59.47
14.301 -59.4758
14.301 59.4758
14.302 -59.4817
14.302 59.4817
14.303 -59.4876
14.303 59.4876
14.304 -59.4935
14.304 59.4935
14.305 -59.4994
14.305 59.4994
14.306 -59.5052
14.306 59.5052
14.307 -59.5111
14.307 59.5111
14.308 -59.517
14.308 59.517
14.309 -59.5229
14.309 59.5229
14.31 -59.5288
14.31 59.5288
14.311 -59.5346
14.311 59.5346
14.312 -59.5405
14.312 59.5405
14.313 -59.5464
14.313 59.5464
14.314 -59.5523
14.314 59.5523
14.315 -59.5582
14.315 59.5582
14.316 -59.5641
14.316 59.5641
14.317 -59.5699
14.317 59.5699
14.318 -59.5758
14.318 59.5758
14.319 -59.5817
14.319 59.5817
14.32 -59.5876
14.32 59.5876
14.321 -59.5935
14.321 59.5935
14.322 -59.5994
14.322 59.5994
14.323 -59.6052
14.323 59.6052
14.324 -59.6111
14.324 59.6111
14.325 -59.617
14.325 59.617
14.326 -59.6229
14.326 59.6229
14.327 -59.6288
14.327 59.6288
14.328 -59.6347
14.328 59.6347
14.329 -59.6405
14.329 59.6405
14.33 -59.6464
14.33 59.6464
14.331 -59.6523
14.331 59.6523
14.332 -59.6582
14.332 59.6582
14.333 -59.6641
14.333 59.6641
14.334 -59.67
14.334 59.67
14.335 -59.6759
14.335 59.6759
14.336 -59.6817
14.336 59.6817
14.337 -59.6876
14.337 59.6876
14.338 -59.6935
14.338 59.6935
14.339 -59.6994
14.339 59.6994
14.34 -59.7053
14.34 59.7053
14.341 -59.7112
14.341 59.7112
14.342 -59.7171
14.342 59.7171
14.343 -59.7229
14.343 59.7229
14.344 -59.7288
14.344 59.7288
14.345 -59.7347
14.345 59.7347
14.346 -59.7406
14.346 59.7406
14.347 -59.7465
14.347 59.7465
14.348 -59.7524
14.348 59.7524
14.349 -59.7583
14.349 59.7583
14.35 -59.7642
14.35 59.7642
14.351 -59.7701
14.351 59.7701
14.352 -59.7759
14.352 59.7759
14.353 -59.7818
14.353 59.7818
14.354 -59.7877
14.354 59.7877
14.355 -59.7936
14.355 59.7936
14.356 -59.7995
14.356 59.7995
14.357 -59.8054
14.357 59.8054
14.358 -59.8113
14.358 59.8113
14.359 -59.8172
14.359 59.8172
14.36 -59.8231
14.36 59.8231
14.361 -59.829
14.361 59.829
14.362 -59.8348
14.362 59.8348
14.363 -59.8407
14.363 59.8407
14.364 -59.8466
14.364 59.8466
14.365 -59.8525
14.365 59.8525
14.366 -59.8584
14.366 59.8584
14.367 -59.8643
14.367 59.8643
14.368 -59.8702
14.368 59.8702
14.369 -59.8761
14.369 59.8761
14.37 -59.882
14.37 59.882
14.371 -59.8879
14.371 59.8879
14.372 -59.8938
14.372 59.8938
14.373 -59.8997
14.373 59.8997
14.374 -59.9055
14.374 59.9055
14.375 -59.9114
14.375 59.9114
14.376 -59.9173
14.376 59.9173
14.377 -59.9232
14.377 59.9232
14.378 -59.9291
14.378 59.9291
14.379 -59.935
14.379 59.935
14.38 -59.9409
14.38 59.9409
14.381 -59.9468
14.381 59.9468
14.382 -59.9527
14.382 59.9527
14.383 -59.9586
14.383 59.9586
14.384 -59.9645
14.384 59.9645
14.385 -59.9704
14.385 59.9704
14.386 -59.9763
14.386 59.9763
14.387 -59.9822
14.387 59.9822
14.388 -59.9881
14.388 59.9881
14.389 -59.994
14.389 59.994
14.39 -59.9999
14.39 59.9999
14.391 -60.0058
14.391 60.0058
14.392 -60.0117
14.392 60.0117
14.393 -60.0176
14.393 60.0176
14.394 -60.0235
14.394 60.0235
14.395 -60.0293
14.395 60.0293
14.396 -60.0352
14.396 60.0352
14.397 -60.0411
14.397 60.0411
14.398 -60.047
14.398 60.047
14.399 -60.0529
14.399 60.0529
14.4 -60.0588
14.4 60.0588
14.401 -60.0647
14.401 60.0647
14.402 -60.0706
14.402 60.0706
14.403 -60.0765
14.403 60.0765
14.404 -60.0824
14.404 60.0824
14.405 -60.0883
14.405 60.0883
14.406 -60.0942
14.406 60.0942
14.407 -60.1001
14.407 60.1001
14.408 -60.106
14.408 60.106
14.409 -60.1119
14.409 60.1119
14.41 -60.1178
14.41 60.1178
14.411 -60.1237
14.411 60.1237
14.412 -60.1296
14.412 60.1296
14.413 -60.1355
14.413 60.1355
14.414 -60.1414
14.414 60.1414
14.415 -60.1473
14.415 60.1473
14.416 -60.1532
14.416 60.1532
14.417 -60.1591
14.417 60.1591
14.418 -60.165
14.418 60.165
14.419 -60.1709
14.419 60.1709
14.42 -60.1768
14.42 60.1768
14.421 -60.1827
14.421 60.1827
14.422 -60.1886
14.422 60.1886
14.423 -60.1945
14.423 60.1945
14.424 -60.2004
14.424 60.2004
14.425 -60.2064
14.425 60.2064
14.426 -60.2123
14.426 60.2123
14.427 -60.2182
14.427 60.2182
14.428 -60.2241
14.428 60.2241
14.429 -60.23
14.429 60.23
14.43 -60.2359
14.43 60.2359
14.431 -60.2418
14.431 60.2418
14.432 -60.2477
14.432 60.2477
14.433 -60.2536
14.433 60.2536
14.434 -60.2595
14.434 60.2595
14.435 -60.2654
14.435 60.2654
14.436 -60.2713
14.436 60.2713
14.437 -60.2772
14.437 60.2772
14.438 -60.2831
14.438 60.2831
14.439 -60.289
14.439 60.289
14.44 -60.2949
14.44 60.2949
14.441 -60.3008
14.441 60.3008
14.442 -60.3067
14.442 60.3067
14.443 -60.3126
14.443 60.3126
14.444 -60.3185
14.444 60.3185
14.445 -60.3244
14.445 60.3244
14.446 -60.3304
14.446 60.3304
14.447 -60.3363
14.447 60.3363
14.448 -60.3422
14.448 60.3422
14.449 -60.3481
14.449 60.3481
14.45 -60.354
14.45 60.354
14.451 -60.3599
14.451 60.3599
14.452 -60.3658
14.452 60.3658
14.453 -60.3717
14.453 60.3717
14.454 -60.3776
14.454 60.3776
14.455 -60.3835
14.455 60.3835
14.456 -60.3894
14.456 60.3894
14.457 -60.3953
14.457 60.3953
14.458 -60.4013
14.458 60.4013
14.459 -60.4072
14.459 60.4072
14.46 -60.4131
14.46 60.4131
14.461 -60.419
14.461 60.419
14.462 -60.4249
14.462 60.4249
14.463 -60.4308
14.463 60.4308
14.464 -60.4367
14.464 60.4367
14.465 -60.4426
14.465 60.4426
14.466 -60.4485
14.466 60.4485
14.467 -60.4544
14.467 60.4544
14.468 -60.4604
14.468 60.4604
14.469 -60.4663
14.469 60.4663
14.47 -60.4722
14.47 60.4722
14.471 -60.4781
14.471 60.4781
14.472 -60.484
14.472 60.484
14.473 -60.4899
14.473 60.4899
14.474 -60.4958
14.474 60.4958
14.475 -60.5017
14.475 60.5017
14.476 -60.5077
14.476 60.5077
14.477 -60.5136
14.477 60.5136
14.478 -60.5195
14.478 60.5195
14.479 -60.5254
14.479 60.5254
14.48 -60.5313
14.48 60.5313
14.481 -60.5372
14.481 60.5372
14.482 -60.5431
14.482 60.5431
14.483 -60.549
14.483 60.549
14.484 -60.555
14.484 60.555
14.485 -60.5609
14.485 60.5609
14.486 -60.5668
14.486 60.5668
14.487 -60.5727
14.487 60.5727
14.488 -60.5786
14.488 60.5786
14.489 -60.5845
14.489 60.5845
14.49 -60.5904
14.49 60.5904
14.491 -60.5964
14.491 60.5964
14.492 -60.6023
14.492 60.6023
14.493 -60.6082
14.493 60.6082
14.494 -60.6141
14.494 60.6141
14.495 -60.62
14.495 60.62
14.496 -60.6259
14.496 60.6259
14.497 -60.6319
14.497 60.6319
14.498 -60.6378
14.498 60.6378
14.499 -60.6437
14.499 60.6437
14.5 -60.6496
14.5 60.6496
14.501 -60.6555
14.501 60.6555
14.502 -60.6614
14.502 60.6614
14.503 -60.6674
14.503 60.6674
14.504 -60.6733
14.504 60.6733
14.505 -60.6792
14.505 60.6792
14.506 -60.6851
14.506 60.6851
14.507 -60.691
14.507 60.691
14.508 -60.697
14.508 60.697
14.509 -60.7029
14.509 60.7029
14.51 -60.7088
14.51 60.7088
14.511 -60.7147
14.511 60.7147
14.512 -60.7206
14.512 60.7206
14.513 -60.7265
14.513 60.7265
14.514 -60.7325
14.514 60.7325
14.515 -60.7384
14.515 60.7384
14.516 -60.7443
14.516 60.7443
14.517 -60.7502
14.517 60.7502
14.518 -60.7561
14.518 60.7561
14.519 -60.7621
14.519 60.7621
14.52 -60.768
14.52 60.768
14.521 -60.7739
14.521 60.7739
14.522 -60.7798
14.522 60.7798
14.523 -60.7858
14.523 60.7858
14.524 -60.7917
14.524 60.7917
14.525 -60.7976
14.525 60.7976
14.526 -60.8035
14.526 60.8035
14.527 -60.8094
14.527 60.8094
14.528 -60.8154
14.528 60.8154
14.529 -60.8213
14.529 60.8213
14.53 -60.8272
14.53 60.8272
14.531 -60.8331
14.531 60.8331
14.532 -60.8391
14.532 60.8391
14.533 -60.845
14.533 60.845
14.534 -60.8509
14.534 60.8509
14.535 -60.8568
14.535 60.8568
14.536 -60.8627
14.536 60.8627
14.537 -60.8687
14.537 60.8687
14.538 -60.8746
14.538 60.8746
14.539 -60.8805
14.539 60.8805
14.54 -60.8864
14.54 60.8864
14.541 -60.8924
14.541 60.8924
14.542 -60.8983
14.542 60.8983
14.543 -60.9042
14.543 60.9042
14.544 -60.9101
14.544 60.9101
14.545 -60.9161
14.545 60.9161
14.546 -60.922
14.546 60.922
14.547 -60.9279
14.547 60.9279
14.548 -60.9339
14.548 60.9339
14.549 -60.9398
14.549 60.9398
14.55 -60.9457
14.55 60.9457
14.551 -60.9516
14.551 60.9516
14.552 -60.9576
14.552 60.9576
14.553 -60.9635
14.553 60.9635
14.554 -60.9694
14.554 60.9694
14.555 -60.9753
14.555 60.9753
14.556 -60.9813
14.556 60.9813
14.557 -60.9872
14.557 60.9872
14.558 -60.9931
14.558 60.9931
14.559 -60.9991
14.559 60.9991
14.56 -61.005
14.56 61.005
14.561 -61.0109
14.561 61.0109
14.562 -61.0168
14.562 61.0168
14.563 -61.0228
14.563 61.0228
14.564 -61.0287
14.564 61.0287
14.565 -61.0346
14.565 61.0346
14.566 -61.0406
14.566 61.0406
14.567 -61.0465
14.567 61.0465
14.568 -61.0524
14.568 61.0524
14.569 -61.0583
14.569 61.0583
14.57 -61.0643
14.57 61.0643
14.571 -61.0702
14.571 61.0702
14.572 -61.0761
14.572 61.0761
14.573 -61.0821
14.573 61.0821
14.574 -61.088
14.574 61.088
14.575 -61.0939
14.575 61.0939
14.576 -61.0999
14.576 61.0999
14.577 -61.1058
14.577 61.1058
14.578 -61.1117
14.578 61.1117
14.579 -61.1177
14.579 61.1177
14.58 -61.1236
14.58 61.1236
14.581 -61.1295
14.581 61.1295
14.582 -61.1355
14.582 61.1355
14.583 -61.1414
14.583 61.1414
14.584 -61.1473
14.584 61.1473
14.585 -61.1533
14.585 61.1533
14.586 -61.1592
14.586 61.1592
14.587 -61.1651
14.587 61.1651
14.588 -61.1711
14.588 61.1711
14.589 -61.177
14.589 61.177
14.59 -61.1829
14.59 61.1829
14.591 -61.1889
14.591 61.1889
14.592 -61.1948
14.592 61.1948
14.593 -61.2007
14.593 61.2007
14.594 -61.2067
14.594 61.2067
14.595 -61.2126
14.595 61.2126
14.596 -61.2185
14.596 61.2185
14.597 -61.2245
14.597 61.2245
14.598 -61.2304
14.598 61.2304
14.599 -61.2363
14.599 61.2363
14.6 -61.2423
14.6 61.2423
14.601 -61.2482
14.601 61.2482
14.602 -61.2541
14.602 61.2541
14.603 -61.2601
14.603 61.2601
14.604 -61.266
14.604 61.266
14.605 -61.272
14.605 61.272
14.606 -61.2779
14.606 61.2779
14.607 -61.2838
14.607 61.2838
14.608 -61.2898
14.608 61.2898
14.609 -61.2957
14.609 61.2957
14.61 -61.3016
14.61 61.3016
14.611 -61.3076
14.611 61.3076
14.612 -61.3135
14.612 61.3135
14.613 -61.3195
14.613 61.3195
14.614 -61.3254
14.614 61.3254
14.615 -61.3313
14.615 61.3313
14.616 -61.3373
14.616 61.3373
14.617 -61.3432
14.617 61.3432
14.618 -61.3492
14.618 61.3492
14.619 -61.3551
14.619 61.3551
14.62 -61.361
14.62 61.361
14.621 -61.367
14.621 61.367
14.622 -61.3729
14.622 61.3729
14.623 -61.3789
14.623 61.3789
14.624 -61.3848
14.624 61.3848
14.625 -61.3907
14.625 61.3907
14.626 -61.3967
14.626 61.3967
14.627 -61.4026
14.627 61.4026
14.628 -61.4086
14.628 61.4086
14.629 -61.4145
14.629 61.4145
14.63 -61.4204
14.63 61.4204
14.631 -61.4264
14.631 61.4264
14.632 -61.4323
14.632 61.4323
14.633 -61.4383
14.633 61.4383
14.634 -61.4442
14.634 61.4442
14.635 -61.4502
14.635 61.4502
14.636 -61.4561
14.636 61.4561
14.637 -61.462
14.637 61.462
14.638 -61.468
14.638 61.468
14.639 -61.4739
14.639 61.4739
14.64 -61.4799
14.64 61.4799
14.641 -61.4858
14.641 61.4858
14.642 -61.4918
14.642 61.4918
14.643 -61.4977
14.643 61.4977
14.644 -61.5036
14.644 61.5036
14.645 -61.5096
14.645 61.5096
14.646 -61.5155
14.646 61.5155
14.647 -61.5215
14.647 61.5215
14.648 -61.5274
14.648 61.5274
14.649 -61.5334
14.649 61.5334
14.65 -61.5393
14.65 61.5393
14.651 -61.5453
14.651 61.5453
14.652 -61.5512
14.652 61.5512
14.653 -61.5572
14.653 61.5572
14.654 -61.5631
14.654 61.5631
14.655 -61.569
14.655 61.569
14.656 -61.575
14.656 61.575
14.657 -61.5809
14.657 61.5809
14.658 -61.5869
14.658 61.5869
14.659 -61.5928
14.659 61.5928
14.66 -61.5988
14.66 61.5988
14.661 -61.6047
14.661 61.6047
14.662 -61.6107
14.662 61.6107
14.663 -61.6166
14.663 61.6166
14.664 -61.6226
14.664 61.6226
14.665 -61.6285
14.665 61.6285
14.666 -61.6345
14.666 61.6345
14.667 -61.6404
14.667 61.6404
14.668 -61.6464
14.668 61.6464
14.669 -61.6523
14.669 61.6523
14.67 -61.6583
14.67 61.6583
14.671 -61.6642
14.671 61.6642
14.672 -61.6702
14.672 61.6702
14.673 -61.6761
14.673 61.6761
14.674 -61.6821
14.674 61.6821
14.675 -61.688
14.675 61.688
14.676 -61.694
14.676 61.694
14.677 -61.6999
14.677 61.6999
14.678 -61.7059
14.678 61.7059
14.679 -61.7118
14.679 61.7118
14.68 -61.7178
14.68 61.7178
14.681 -61.7237
14.681 61.7237
14.682 -61.7297
14.682 61.7297
14.683 -61.7356
14.683 61.7356
14.684 -61.7416
14.684 61.7416
14.685 -61.7475
14.685 61.7475
14.686 -61.7535
14.686 61.7535
14.687 -61.7594
14.687 61.7594
14.688 -61.7654
14.688 61.7654
14.689 -61.7713
14.689 61.7713
14.69 -61.7773
14.69 61.7773
14.691 -61.7832
14.691 61.7832
14.692 -61.7892
14.692 61.7892
14.693 -61.7951
14.693 61.7951
14.694 -61.8011
14.694 61.8011
14.695 -61.8071
14.695 61.8071
14.696 -61.813
14.696 61.813
14.697 -61.819
14.697 61.819
14.698 -61.8249
14.698 61.8249
14.699 -61.8309
14.699 61.8309
14.7 -61.8368
14.7 61.8368
14.701 -61.8428
14.701 61.8428
14.702 -61.8487
14.702 61.8487
14.703 -61.8547
14.703 61.8547
14.704 -61.8606
14.704 61.8606
14.705 -61.8666
14.705 61.8666
14.706 -61.8726
14.706 61.8726
14.707 -61.8785
14.707 61.8785
14.708 -61.8845
14.708 61.8845
14.709 -61.8904
14.709 61.8904
14.71 -61.8964
14.71 61.8964
14.711 -61.9023
14.711 61.9023
14.712 -61.9083
14.712 61.9083
14.713 -61.9143
14.713 61.9143
14.714 -61.9202
14.714 61.9202
14.715 -61.9262
14.715 61.9262
14.716 -61.9321
14.716 61.9321
14.717 -61.9381
14.717 61.9381
14.718 -61.944
14.718 61.944
14.719 -61.95
14.719 61.95
14.72 -61.956
14.72 61.956
14.721 -61.9619
14.721 61.9619
14.722 -61.9679
14.722 61.9679
14.723 -61.9738
14.723 61.9738
14.724 -61.9798
14.724 61.9798
14.725 -61.9858
14.725 61.9858
14.726 -61.9917
14.726 61.9917
14.727 -61.9977
14.727 61.9977
14.728 -62.0036
14.728 62.0036
14.729 -62.0096
14.729 62.0096
14.73 -62.0156
14.73 62.0156
14.731 -62.0215
14.731 62.0215
14.732 -62.0275
14.732 62.0275
14.733 -62.0334
14.733 62.0334
14.734 -62.0394
14.734 62.0394
14.735 -62.0454
14.735 62.0454
14.736 -62.0513
14.736 62.0513
14.737 -62.0573
14.737 62.0573
14.738 -62.0632
14.738 62.0632
14.739 -62.0692
14.739 62.0692
14.74 -62.0752
14.74 62.0752
14.741 -62.0811
14.741 62.0811
14.742 -62.0871
14.742 62.0871
14.743 -62.0931
14.743 62.0931
14.744 -62.099
14.744 62.099
14.745 -62.105
14.745 62.105
14.746 -62.111
14.746 62.111
14.747 -62.1169
14.747 62.1169
14.748 -62.1229
14.748 62.1229
14.749 -62.1288
14.749 62.1288
14.75 -62.1348
14.75 62.1348
14.751 -62.1408
14.751 62.1408
14.752 -62.1467
14.752 62.1467
14.753 -62.1527
14.753 62.1527
14.754 -62.1587
14.754 62.1587
14.755 -62.1646
14.755 62.1646
14.756 -62.1706
14.756 62.1706
14.757 -62.1766
14.757 62.1766
14.758 -62.1825
14.758 62.1825
14.759 -62.1885
14.759 62.1885
14.76 -62.1945
14.76 62.1945
14.761 -62.2004
14.761 62.2004
14.762 -62.2064
14.762 62.2064
14.763 -62.2124
14.763 62.2124
14.764 -62.2183
14.764 62.2183
14.765 -62.2243
14.765 62.2243
14.766 -62.2303
14.766 62.2303
14.767 -62.2362
14.767 62.2362
14.768 -62.2422
14.768 62.2422
14.769 -62.2482
14.769 62.2482
14.77 -62.2541
14.77 62.2541
14.771 -62.2601
14.771 62.2601
14.772 -62.2661
14.772 62.2661
14.773 -62.272
14.773 62.272
14.774 -62.278
14.774 62.278
14.775 -62.284
14.775 62.284
14.776 -62.2899
14.776 62.2899
14.777 -62.2959
14.777 62.2959
14.778 -62.3019
14.778 62.3019
14.779 -62.3079
14.779 62.3079
14.78 -62.3138
14.78 62.3138
14.781 -62.3198
14.781 62.3198
14.782 -62.3258
14.782 62.3258
14.783 -62.3317
14.783 62.3317
14.784 -62.3377
14.784 62.3377
14.785 -62.3437
14.785 62.3437
14.786 -62.3496
14.786 62.3496
14.787 -62.3556
14.787 62.3556
14.788 -62.3616
14.788 62.3616
14.789 -62.3676
14.789 62.3676
14.79 -62.3735
14.79 62.3735
14.791 -62.3795
14.791 62.3795
14.792 -62.3855
14.792 62.3855
14.793 -62.3914
14.793 62.3914
14.794 -62.3974
14.794 62.3974
14.795 -62.4034
14.795 62.4034
14.796 -62.4094
14.796 62.4094
14.797 -62.4153
14.797 62.4153
14.798 -62.4213
14.798 62.4213
14.799 -62.4273
14.799 62.4273
14.8 -62.4333
14.8 62.4333
14.801 -62.4392
14.801 62.4392
14.802 -62.4452
14.802 62.4452
14.803 -62.4512
14.803 62.4512
14.804 -62.4572
14.804 62.4572
14.805 -62.4631
14.805 62.4631
14.806 -62.4691
14.806 62.4691
14.807 -62.4751
14.807 62.4751
14.808 -62.4811
14.808 62.4811
14.809 -62.487
14.809 62.487
14.81 -62.493
14.81 62.493
14.811 -62.499
14.811 62.499
14.812 -62.505
14.812 62.505
14.813 -62.5109
14.813 62.5109
14.814 -62.5169
14.814 62.5169
14.815 -62.5229
14.815 62.5229
14.816 -62.5289
14.816 62.5289
14.817 -62.5348
14.817 62.5348
14.818 -62.5408
14.818 62.5408
14.819 -62.5468
14.819 62.5468
14.82 -62.5528
14.82 62.5528
14.821 -62.5588
14.821 62.5588
14.822 -62.5647
14.822 62.5647
14.823 -62.5707
14.823 62.5707
14.824 -62.5767
14.824 62.5767
14.825 -62.5827
14.825 62.5827
14.826 -62.5886
14.826 62.5886
14.827 -62.5946
14.827 62.5946
14.828 -62.6006
14.828 62.6006
14.829 -62.6066
14.829 62.6066
14.83 -62.6126
14.83 62.6126
14.831 -62.6185
14.831 62.6185
14.832 -62.6245
14.832 62.6245
14.833 -62.6305
14.833 62.6305
14.834 -62.6365
14.834 62.6365
14.835 -62.6425
14.835 62.6425
14.836 -62.6484
14.836 62.6484
14.837 -62.6544
14.837 62.6544
14.838 -62.6604
14.838 62.6604
14.839 -62.6664
14.839 62.6664
14.84 -62.6724
14.84 62.6724
14.841 -62.6783
14.841 62.6783
14.842 -62.6843
14.842 62.6843
14.843 -62.6903
14.843 62.6903
14.844 -62.6963
14.844 62.6963
14.845 -62.7023
14.845 62.7023
14.846 -62.7083
14.846 62.7083
14.847 -62.7142
14.847 62.7142
14.848 -62.7202
14.848 62.7202
14.849 -62.7262
14.849 62.7262
14.85 -62.7322
14.85 62.7322
14.851 -62.7382
14.851 62.7382
14.852 -62.7441
14.852 62.7441
14.853 -62.7501
14.853 62.7501
14.854 -62.7561
14.854 62.7561
14.855 -62.7621
14.855 62.7621
14.856 -62.7681
14.856 62.7681
14.857 -62.7741
14.857 62.7741
14.858 -62.7801
14.858 62.7801
14.859 -62.786
14.859 62.786
14.86 -62.792
14.86 62.792
14.861 -62.798
14.861 62.798
14.862 -62.804
14.862 62.804
14.863 -62.81
14.863 62.81
14.864 -62.816
14.864 62.816
14.865 -62.8219
14.865 62.8219
14.866 -62.8279
14.866 62.8279
14.867 -62.8339
14.867 62.8339
14.868 -62.8399
14.868 62.8399
14.869 -62.8459
14.869 62.8459
14.87 -62.8519
14.87 62.8519
14.871 -62.8579
14.871 62.8579
14.872 -62.8639
14.872 62.8639
14.873 -62.8698
14.873 62.8698
14.874 -62.8758
14.874 62.8758
14.875 -62.8818
14.875 62.8818
14.876 -62.8878
14.876 62.8878
14.877 -62.8938
14.877 62.8938
14.878 -62.8998
14.878 62.8998
14.879 -62.9058
14.879 62.9058
14.88 -62.9118
14.88 62.9118
14.881 -62.9177
14.881 62.9177
14.882 -62.9237
14.882 62.9237
14.883 -62.9297
14.883 62.9297
14.884 -62.9357
14.884 62.9357
14.885 -62.9417
14.885 62.9417
14.886 -62.9477
14.886 62.9477
14.887 -62.9537
14.887 62.9537
14.888 -62.9597
14.888 62.9597
14.889 -62.9657
14.889 62.9657
14.89 -62.9717
14.89 62.9717
14.891 -62.9776
14.891 62.9776
14.892 -62.9836
14.892 62.9836
14.893 -62.9896
14.893 62.9896
14.894 -62.9956
14.894 62.9956
14.895 -63.0016
14.895 63.0016
14.896 -63.0076
14.896 63.0076
14.897 -63.0136
14.897 63.0136
14.898 -63.0196
14.898 63.0196
14.899 -63.0256
14.899 63.0256
14.9 -63.0316
14.9 63.0316
14.901 -63.0376
14.901 63.0376
14.902 -63.0436
14.902 63.0436
14.903 -63.0495
14.903 63.0495
14.904 -63.0555
14.904 63.0555
14.905 -63.0615
14.905 63.0615
14.906 -63.0675
14.906 63.0675
14.907 -63.0735
14.907 63.0735
14.908 -63.0795
14.908 63.0795
14.909 -63.0855
14.909 63.0855
14.91 -63.0915
14.91 63.0915
14.911 -63.0975
14.911 63.0975
14.912 -63.1035
14.912 63.1035
14.913 -63.1095
14.913 63.1095
14.914 -63.1155
14.914 63.1155
14.915 -63.1215
14.915 63.1215
14.916 -63.1275
14.916 63.1275
14.917 -63.1335
14.917 63.1335
14.918 -63.1395
14.918 63.1395
14.919 -63.1455
14.919 63.1455
14.92 -63.1515
14.92 63.1515
14.921 -63.1575
14.921 63.1575
14.922 -63.1635
14.922 63.1635
14.923 -63.1694
14.923 63.1694
14.924 -63.1754
14.924 63.1754
14.925 -63.1814
14.925 63.1814
14.926 -63.1874
14.926 63.1874
14.927 -63.1934
14.927 63.1934
14.928 -63.1994
14.928 63.1994
14.929 -63.2054
14.929 63.2054
14.93 -63.2114
14.93 63.2114
14.931 -63.2174
14.931 63.2174
14.932 -63.2234
14.932 63.2234
14.933 -63.2294
14.933 63.2294
14.934 -63.2354
14.934 63.2354
14.935 -63.2414
14.935 63.2414
14.936 -63.2474
14.936 63.2474
14.937 -63.2534
14.937 63.2534
14.938 -63.2594
14.938 63.2594
14.939 -63.2654
14.939 63.2654
14.94 -63.2714
14.94 63.2714
14.941 -63.2774
14.941 63.2774
14.942 -63.2834
14.942 63.2834
14.943 -63.2894
14.943 63.2894
14.944 -63.2954
14.944 63.2954
14.945 -63.3014
14.945 63.3014
14.946 -63.3074
14.946 63.3074
14.947 -63.3134
14.947 63.3134
14.948 -63.3194
14.948 63.3194
14.949 -63.3254
14.949 63.3254
14.95 -63.3314
14.95 63.3314
14.951 -63.3374
14.951 63.3374
14.952 -63.3434
14.952 63.3434
14.953 -63.3494
14.953 63.3494
14.954 -63.3554
14.954 63.3554
14.955 -63.3614
14.955 63.3614
14.956 -63.3674
14.956 63.3674
14.957 -63.3734
14.957 63.3734
14.958 -63.3794
14.958 63.3794
14.959 -63.3855
14.959 63.3855
14.96 -63.3915
14.96 63.3915
14.961 -63.3975
14.961 63.3975
14.962 -63.4035
14.962 63.4035
14.963 -63.4095
14.963 63.4095
14.964 -63.4155
14.964 63.4155
14.965 -63.4215
14.965 63.4215
14.966 -63.4275
14.966 63.4275
14.967 -63.4335
14.967 63.4335
14.968 -63.4395
14.968 63.4395
14.969 -63.4455
14.969 63.4455
14.97 -63.4515
14.97 63.4515
14.971 -63.4575
14.971 63.4575
14.972 -63.4635
14.972 63.4635
14.973 -63.4695
14.973 63.4695
14.974 -63.4755
14.974 63.4755
14.975 -63.4815
14.975 63.4815
14.976 -63.4875
14.976 63.4875
14.977 -63.4935
14.977 63.4935
14.978 -63.4996
14.978 63.4996
14.979 -63.5056
14.979 63.5056
14.98 -63.5116
14.98 63.5116
14.981 -63.5176
14.981 63.5176
14.982 -63.5236
14.982 63.5236
14.983 -63.5296
14.983 63.5296
14.984 -63.5356
14.984 63.5356
14.985 -63.5416
14.985 63.5416
14.986 -63.5476
14.986 63.5476
14.987 -63.5536
14.987 63.5536
14.988 -63.5596
14.988 63.5596
14.989 -63.5656
14.989 63.5656
14.99 -63.5717
14.99 63.5717
14.991 -63.5777
14.991 63.5777
14.992 -63.5837
14.992 63.5837
14.993 -63.5897
14.993 63.5897
14.994 -63.5957
14.994 63.5957
14.995 -63.6017
14.995 63.6017
14.996 -63.6077
14.996 63.6077
14.997 -63.6137
14.997 63.6137
14.998 -63.6197
14.998 63.6197
14.999 -63.6257
14.999 63.6257
15 -63.6318
15 63.6318
15.001 -63.6378
15.001 63.6378
15.002 -63.6438
15.002 63.6438
15.003 -63.6498
15.003 63.6498
15.004 -63.6558
15.004 63.6558
15.005 -63.6618
15.005 63.6618
15.006 -63.6678
15.006 63.6678
15.007 -63.6738
15.007 63.6738
15.008 -63.6798
15.008 63.6798
15.009 -63.6859
15.009 63.6859
15.01 -63.6919
15.01 63.6919
15.011 -63.6979
15.011 63.6979
15.012 -63.7039
15.012 63.7039
15.013 -63.7099
15.013 63.7099
15.014 -63.7159
15.014 63.7159
15.015 -63.7219
15.015 63.7219
15.016 -63.728
15.016 63.728
15.017 -63.734
15.017 63.734
15.018 -63.74
15.018 63.74
15.019 -63.746
15.019 63.746
15.02 -63.752
15.02 63.752
15.021 -63.758
15.021 63.758
15.022 -63.764
15.022 63.764
15.023 -63.7701
15.023 63.7701
15.024 -63.7761
15.024 63.7761
15.025 -63.7821
15.025 63.7821
15.026 -63.7881
15.026 63.7881
15.027 -63.7941
15.027 63.7941
15.028 -63.8001
15.028 63.8001
15.029 -63.8062
15.029 63.8062
15.03 -63.8122
15.03 63.8122
15.031 -63.8182
15.031 63.8182
15.032 -63.8242
15.032 63.8242
15.033 -63.8302
15.033 63.8302
15.034 -63.8362
15.034 63.8362
15.035 -63.8423
15.035 63.8423
15.036 -63.8483
15.036 63.8483
15.037 -63.8543
15.037 63.8543
15.038 -63.8603
15.038 63.8603
15.039 -63.8663
15.039 63.8663
15.04 -63.8723
15.04 63.8723
15.041 -63.8784
15.041 63.8784
15.042 -63.8844
15.042 63.8844
15.043 -63.8904
15.043 63.8904
15.044 -63.8964
15.044 63.8964
15.045 -63.9024
15.045 63.9024
15.046 -63.9085
15.046 63.9085
15.047 -63.9145
15.047 63.9145
15.048 -63.9205
15.048 63.9205
15.049 -63.9265
15.049 63.9265
15.05 -63.9325
15.05 63.9325
15.051 -63.9386
15.051 63.9386
15.052 -63.9446
15.052 63.9446
15.053 -63.9506
15.053 63.9506
15.054 -63.9566
15.054 63.9566
15.055 -63.9626
15.055 63.9626
15.056 -63.9687
15.056 63.9687
15.057 -63.9747
15.057 63.9747
15.058 -63.9807
15.058 63.9807
15.059 -63.9867
15.059 63.9867
15.06 -63.9928
15.06 63.9928
15.061 -63.9988
15.061 63.9988
15.062 -64.0048
15.062 64.0048
15.063 -64.0108
15.063 64.0108
15.064 -64.0168
15.064 64.0168
15.065 -64.0229
15.065 64.0229
15.066 -64.0289
15.066 64.0289
15.067 -64.0349
15.067 64.0349
15.068 -64.0409
15.068 64.0409
15.069 -64.047
15.069 64.047
15.07 -64.053
15.07 64.053
15.071 -64.059
15.071 64.059
15.072 -64.065
15.072 64.065
15.073 -64.0711
15.073 64.0711
15.074 -64.0771
15.074 64.0771
15.075 -64.0831
15.075 64.0831
15.076 -64.0891
15.076 64.0891
15.077 -64.0952
15.077 64.0952
15.078 -64.1012
15.078 64.1012
15.079 -64.1072
15.079 64.1072
15.08 -64.1132
15.08 64.1132
15.081 -64.1193
15.081 64.1193
15.082 -64.1253
15.082 64.1253
15.083 -64.1313
15.083 64.1313
15.084 -64.1373
15.084 64.1373
15.085 -64.1434
15.085 64.1434
15.086 -64.1494
15.086 64.1494
15.087 -64.1554
15.087 64.1554
15.088 -64.1615
15.088 64.1615
15.089 -64.1675
15.089 64.1675
15.09 -64.1735
15.09 64.1735
15.091 -64.1795
15.091 64.1795
15.092 -64.1856
15.092 64.1856
15.093 -64.1916
15.093 64.1916
15.094 -64.1976
15.094 64.1976
15.095 -64.2037
15.095 64.2037
15.096 -64.2097
15.096 64.2097
15.097 -64.2157
15.097 64.2157
15.098 -64.2217
15.098 64.2217
15.099 -64.2278
15.099 64.2278
15.1 -64.2338
15.1 64.2338
15.101 -64.2398
15.101 64.2398
15.102 -64.2459
15.102 64.2459
15.103 -64.2519
15.103 64.2519
15.104 -64.2579
15.104 64.2579
15.105 -64.264
15.105 64.264
15.106 -64.27
15.106 64.27
15.107 -64.276
15.107 64.276
15.108 -64.282
15.108 64.282
15.109 -64.2881
15.109 64.2881
15.11 -64.2941
15.11 64.2941
15.111 -64.3001
15.111 64.3001
15.112 -64.3062
15.112 64.3062
15.113 -64.3122
15.113 64.3122
15.114 -64.3182
15.114 64.3182
15.115 -64.3243
15.115 64.3243
15.116 -64.3303
15.116 64.3303
15.117 -64.3363
15.117 64.3363
15.118 -64.3424
15.118 64.3424
15.119 -64.3484
15.119 64.3484
15.12 -64.3544
15.12 64.3544
15.121 -64.3605
15.121 64.3605
15.122 -64.3665
15.122 64.3665
15.123 -64.3725
15.123 64.3725
15.124 -64.3786
15.124 64.3786
15.125 -64.3846
15.125 64.3846
15.126 -64.3906
15.126 64.3906
15.127 -64.3967
15.127 64.3967
15.128 -64.4027
15.128 64.4027
15.129 -64.4087
15.129 64.4087
15.13 -64.4148
15.13 64.4148
15.131 -64.4208
15.131 64.4208
15.132 -64.4268
15.132 64.4268
15.133 -64.4329
15.133 64.4329
15.134 -64.4389
15.134 64.4389
15.135 -64.445
15.135 64.445
15.136 -64.451
15.136 64.451
15.137 -64.457
15.137 64.457
15.138 -64.4631
15.138 64.4631
15.139 -64.4691
15.139 64.4691
15.14 -64.4751
15.14 64.4751
15.141 -64.4812
15.141 64.4812
15.142 -64.4872
15.142 64.4872
15.143 -64.4933
15.143 64.4933
15.144 -64.4993
15.144 64.4993
15.145 -64.5053
15.145 64.5053
15.146 -64.5114
15.146 64.5114
15.147 -64.5174
15.147 64.5174
15.148 -64.5234
15.148 64.5234
15.149 -64.5295
15.149 64.5295
15.15 -64.5355
15.15 64.5355
15.151 -64.5416
15.151 64.5416
15.152 -64.5476
15.152 64.5476
15.153 -64.5536
15.153 64.5536
15.154 -64.5597
15.154 64.5597
15.155 -64.5657
15.155 64.5657
15.156 -64.5718
15.156 64.5718
15.157 -64.5778
15.157 64.5778
15.158 -64.5838
15.158 64.5838
15.159 -64.5899
15.159 64.5899
15.16 -64.5959
15.16 64.5959
15.161 -64.602
15.161 64.602
15.162 -64.608
15.162 64.608
15.163 -64.614
15.163 64.614
15.164 -64.6201
15.164 64.6201
15.165 -64.6261
15.165 64.6261
15.166 -64.6322
15.166 64.6322
15.167 -64.6382
15.167 64.6382
15.168 -64.6443
15.168 64.6443
15.169 -64.6503
15.169 64.6503
15.17 -64.6563
15.17 64.6563
15.171 -64.6624
15.171 64.6624
15.172 -64.6684
15.172 64.6684
15.173 -64.6745
15.173 64.6745
15.174 -64.6805
15.174 64.6805
15.175 -64.6866
15.175 64.6866
15.176 -64.6926
15.176 64.6926
15.177 -64.6986
15.177 64.6986
15.178 -64.7047
15.178 64.7047
15.179 -64.7107
15.179 64.7107
15.18 -64.7168
15.18 64.7168
15.181 -64.7228
15.181 64.7228
15.182 -64.7289
15.182 64.7289
15.183 -64.7349
15.183 64.7349
15.184 -64.741
15.184 64.741
15.185 -64.747
15.185 64.747
15.186 -64.753
15.186 64.753
15.187 -64.7591
15.187 64.7591
15.188 -64.7651
15.188 64.7651
15.189 -64.7712
15.189 64.7712
15.19 -64.7772
15.19 64.7772
15.191 -64.7833
15.191 64.7833
15.192 -64.7893
15.192 64.7893
15.193 -64.7954
15.193 64.7954
15.194 -64.8014
15.194 64.8014
15.195 -64.8075
15.195 64.8075
15.196 -64.8135
15.196 64.8135
15.197 -64.8196
15.197 64.8196
15.198 -64.8256
15.198 64.8256
15.199 -64.8317
15.199 64.8317
15.2 -64.8377
15.2 64.8377
15.201 -64.8438
15.201 64.8438
15.202 -64.8498
15.202 64.8498
15.203 -64.8559
15.203 64.8559
15.204 -64.8619
15.204 64.8619
15.205 -64.8679
15.205 64.8679
15.206 -64.874
15.206 64.874
15.207 -64.88
15.207 64.88
15.208 -64.8861
15.208 64.8861
15.209 -64.8921
15.209 64.8921
15.21 -64.8982
15.21 64.8982
15.211 -64.9042
15.211 64.9042
15.212 -64.9103
15.212 64.9103
15.213 -64.9163
15.213 64.9163
15.214 -64.9224
15.214 64.9224
15.215 -64.9285
15.215 64.9285
15.216 -64.9345
15.216 64.9345
15.217 -64.9406
15.217 64.9406
15.218 -64.9466
15.218 64.9466
15.219 -64.9527
15.219 64.9527
15.22 -64.9587
15.22 64.9587
15.221 -64.9648
15.221 64.9648
15.222 -64.9708
15.222 64.9708
15.223 -64.9769
15.223 64.9769
15.224 -64.9829
15.224 64.9829
15.225 -64.989
15.225 64.989
15.226 -64.995
15.226 64.995
15.227 -65.0011
15.227 65.0011
15.228 -65.0071
15.228 65.0071
15.229 -65.0132
15.229 65.0132
15.23 -65.0192
15.23 65.0192
15.231 -65.0253
15.231 65.0253
15.232 -65.0313
15.232 65.0313
15.233 -65.0374
15.233 65.0374
15.234 -65.0435
15.234 65.0435
15.235 -65.0495
15.235 65.0495
15.236 -65.0556
15.236 65.0556
15.237 -65.0616
15.237 65.0616
15.238 -65.0677
15.238 65.0677
15.239 -65.0737
15.239 65.0737
15.24 -65.0798
15.24 65.0798
15.241 -65.0858
15.241 65.0858
15.242 -65.0919
15.242 65.0919
15.243 -65.098
15.243 65.098
15.244 -65.104
15.244 65.104
15.245 -65.1101
15.245 65.1101
15.246 -65.1161
15.246 65.1161
15.247 -65.1222
15.247 65.1222
15.248 -65.1282
15.248 65.1282
15.249 -65.1343
15.249 65.1343
15.25 -65.1404
15.25 65.1404
15.251 -65.1464
15.251 65.1464
15.252 -65.1525
15.252 65.1525
15.253 -65.1585
15.253 65.1585
15.254 -65.1646
15.254 65.1646
15.255 -65.1706
15.255 65.1706
15.256 -65.1767
15.256 65.1767
15.257 -65.1828
15.257 65.1828
15.258 -65.1888
15.258 65.1888
15.259 -65.1949
15.259 65.1949
15.26 -65.2009
15.26 65.2009
15.261 -65.207
15.261 65.207
15.262 -65.2131
15.262 65.2131
15.263 -65.2191
15.263 65.2191
15.264 -65.2252
15.264 65.2252
15.265 -65.2312
15.265 65.2312
15.266 -65.2373
15.266 65.2373
15.267 -65.2434
15.267 65.2434
15.268 -65.2494
15.268 65.2494
15.269 -65.2555
15.269 65.2555
15.27 -65.2615
15.27 65.2615
15.271 -65.2676
15.271 65.2676
15.272 -65.2737
15.272 65.2737
15.273 -65.2797
15.273 65.2797
15.274 -65.2858
15.274 65.2858
15.275 -65.2919
15.275 65.2919
15.276 -65.2979
15.276 65.2979
15.277 -65.304
15.277 65.304
15.278 -65.31
15.278 65.31
15.279 -65.3161
15.279 65.3161
15.28 -65.3222
15.28 65.3222
15.281 -65.3282
15.281 65.3282
15.282 -65.3343
15.282 65.3343
15.283 -65.3404
15.283 65.3404
15.284 -65.3464
15.284 65.3464
15.285 -65.3525
15.285 65.3525
15.286 -65.3585
15.286 65.3585
15.287 -65.3646
15.287 65.3646
15.288 -65.3707
15.288 65.3707
15.289 -65.3767
15.289 65.3767
15.29 -65.3828
15.29 65.3828
15.291 -65.3889
15.291 65.3889
15.292 -65.3949
15.292 65.3949
15.293 -65.401
15.293 65.401
15.294 -65.4071
15.294 65.4071
15.295 -65.4131
15.295 65.4131
15.296 -65.4192
15.296 65.4192
15.297 -65.4253
15.297 65.4253
15.298 -65.4313
15.298 65.4313
15.299 -65.4374
15.299 65.4374
15.3 -65.4435
15.3 65.4435
15.301 -65.4495
15.301 65.4495
15.302 -65.4556
15.302 65.4556
15.303 -65.4617
15.303 65.4617
15.304 -65.4677
15.304 65.4677
15.305 -65.4738
15.305 65.4738
15.306 -65.4799
15.306 65.4799
15.307 -65.4859
15.307 65.4859
15.308 -65.492
15.308 65.492
15.309 -65.4981
15.309 65.4981
15.31 -65.5041
15.31 65.5041
15.311 -65.5102
15.311 65.5102
15.312 -65.5163
15.312 65.5163
15.313 -65.5223
15.313 65.5223
15.314 -65.5284
15.314 65.5284
15.315 -65.5345
15.315 65.5345
15.316 -65.5406
15.316 65.5406
15.317 -65.5466
15.317 65.5466
15.318 -65.5527
15.318 65.5527
15.319 -65.5588
15.319 65.5588
15.32 -65.5648
15.32 65.5648
15.321 -65.5709
15.321 65.5709
15.322 -65.577
15.322 65.577
15.323 -65.5831
15.323 65.5831
15.324 -65.5891
15.324 65.5891
15.325 -65.5952
15.325 65.5952
15.326 -65.6013
15.326 65.6013
15.327 -65.6073
15.327 65.6073
15.328 -65.6134
15.328 65.6134
15.329 -65.6195
15.329 65.6195
15.33 -65.6256
15.33 65.6256
15.331 -65.6316
15.331 65.6316
15.332 -65.6377
15.332 65.6377
15.333 -65.6438
15.333 65.6438
15.334 -65.6498
15.334 65.6498
15.335 -65.6559
15.335 65.6559
15.336 -65.662
15.336 65.662
15.337 -65.6681
15.337 65.6681
15.338 -65.6741
15.338 65.6741
15.339 -65.6802
15.339 65.6802
15.34 -65.6863
15.34 65.6863
15.341 -65.6924
15.341 65.6924
15.342 -65.6984
15.342 65.6984
15.343 -65.7045
15.343 65.7045
15.344 -65.7106
15.344 65.7106
15.345 -65.7167
15.345 65.7167
15.346 -65.7227
15.346 65.7227
15.347 -65.7288
15.347 65.7288
15.348 -65.7349
15.348 65.7349
15.349 -65.741
15.349 65.741
15.35 -65.747
15.35 65.747
15.351 -65.7531
15.351 65.7531
15.352 -65.7592
15.352 65.7592
15.353 -65.7653
15.353 65.7653
15.354 -65.7713
15.354 65.7713
15.355 -65.7774
15.355 65.7774
15.356 -65.7835
15.356 65.7835
15.357 -65.7896
15.357 65.7896
15.358 -65.7957
15.358 65.7957
15.359 -65.8017
15.359 65.8017
15.36 -65.8078
15.36 65.8078
15.361 -65.8139
15.361 65.8139
15.362 -65.82
15.362 65.82
15.363 -65.826
15.363 65.826
15.364 -65.8321
15.364 65.8321
15.365 -65.8382
15.365 65.8382
15.366 -65.8443
15.366 65.8443
15.367 -65.8504
15.367 65.8504
15.368 -65.8564
15.368 65.8564
15.369 -65.8625
15.369 65.8625
15.37 -65.8686
15.37 65.8686
15.371 -65.8747
15.371 65.8747
15.372 -65.8808
15.372 65.8808
15.373 -65.8868
15.373 65.8868
15.374 -65.8929
15.374 65.8929
15.375 -65.899
15.375 65.899
15.376 -65.9051
15.376 65.9051
15.377 -65.9112
15.377 65.9112
15.378 -65.9172
15.378 65.9172
15.379 -65.9233
15.379 65.9233
15.38 -65.9294
15.38 65.9294
15.381 -65.9355
15.381 65.9355
15.382 -65.9416
15.382 65.9416
15.383 -65.9476
15.383 65.9476
15.384 -65.9537
15.384 65.9537
15.385 -65.9598
15.385 65.9598
15.386 -65.9659
15.386 65.9659
15.387 -65.972
15.387 65.972
15.388 -65.9781
15.388 65.9781
15.389 -65.9841
15.389 65.9841
15.39 -65.9902
15.39 65.9902
15.391 -65.9963
15.391 65.9963
15.392 -66.0024
15.392 66.0024
15.393 -66.0085
15.393 66.0085
15.394 -66.0146
15.394 66.0146
15.395 -66.0206
15.395 66.0206
15.396 -66.0267
15.396 66.0267
15.397 -66.0328
15.397 66.0328
15.398 -66.0389
15.398 66.0389
15.399 -66.045
15.399 66.045
15.4 -66.0511
15.4 66.0511
15.401 -66.0572
15.401 66.0572
15.402 -66.0632
15.402 66.0632
15.403 -66.0693
15.403 66.0693
15.404 -66.0754
15.404 66.0754
15.405 -66.0815
15.405 66.0815
15.406 -66.0876
15.406 66.0876
15.407 -66.0937
15.407 66.0937
15.408 -66.0998
15.408 66.0998
15.409 -66.1058
15.409 66.1058
15.41 -66.1119
15.41 66.1119
15.411 -66.118
15.411 66.118
15.412 -66.1241
15.412 66.1241
15.413 -66.1302
15.413 66.1302
15.414 -66.1363
15.414 66.1363
15.415 -66.1424
15.415 66.1424
15.416 -66.1485
15.416 66.1485
15.417 -66.1545
15.417 66.1545
15.418 -66.1606
15.418 66.1606
15.419 -66.1667
15.419 66.1667
15.42 -66.1728
15.42 66.1728
15.421 -66.1789
15.421 66.1789
15.422 -66.185
15.422 66.185
15.423 -66.1911
15.423 66.1911
15.424 -66.1972
15.424 66.1972
15.425 -66.2033
15.425 66.2033
15.426 -66.2094
15.426 66.2094
15.427 -66.2154
15.427 66.2154
15.428 -66.2215
15.428 66.2215
15.429 -66.2276
15.429 66.2276
15.43 -66.2337
15.43 66.2337
15.431 -66.2398
15.431 66.2398
15.432 -66.2459
15.432 66.2459
15.433 -66.252
15.433 66.252
15.434 -66.2581
15.434 66.2581
15.435 -66.2642
15.435 66.2642
15.436 -66.2703
15.436 66.2703
15.437 -66.2764
15.437 66.2764
15.438 -66.2824
15.438 66.2824
15.439 -66.2885
15.439 66.2885
15.44 -66.2946
15.44 66.2946
15.441 -66.3007
15.441 66.3007
15.442 -66.3068
15.442 66.3068
15.443 -66.3129
15.443 66.3129
15.444 -66.319
15.444 66.319
15.445 -66.3251
15.445 66.3251
15.446 -66.3312
15.446 66.3312
15.447 -66.3373
15.447 66.3373
15.448 -66.3434
15.448 66.3434
15.449 -66.3495
15.449 66.3495
15.45 -66.3556
15.45 66.3556
15.451 -66.3617
15.451 66.3617
15.452 -66.3678
15.452 66.3678
15.453 -66.3739
15.453 66.3739
15.454 -66.3799
15.454 66.3799
15.455 -66.386
15.455 66.386
15.456 -66.3921
15.456 66.3921
15.457 -66.3982
15.457 66.3982
15.458 -66.4043
15.458 66.4043
15.459 -66.4104
15.459 66.4104
15.46 -66.4165
15.46 66.4165
15.461 -66.4226
15.461 66.4226
15.462 -66.4287
15.462 66.4287
15.463 -66.4348
15.463 66.4348
15.464 -66.4409
15.464 66.4409
15.465 -66.447
15.465 66.447
15.466 -66.4531
15.466 66.4531
15.467 -66.4592
15.467 66.4592
15.468 -66.4653
15.468 66.4653
15.469 -66.4714
15.469 66.4714
15.47 -66.4775
15.47 66.4775
15.471 -66.4836
15.471 66.4836
15.472 -66.4897
15.472 66.4897
15.473 -66.4958
15.473 66.4958
15.474 -66.5019
15.474 66.5019
15.475 -66.508
15.475 66.508
15.476 -66.5141
15.476 66.5141
15.477 -66.5202
15.477 66.5202
15.478 -66.5263
15.478 66.5263
15.479 -66.5324
15.479 66.5324
15.48 -66.5385
15.48 66.5385
15.481 -66.5446
15.481 66.5446
15.482 -66.5507
15.482 66.5507
15.483 -66.5568
15.483 66.5568
15.484 -66.5629
15.484 66.5629
15.485 -66.569
15.485 66.569
15.486 -66.5751
15.486 66.5751
15.487 -66.5812
15.487 66.5812
15.488 -66.5873
15.488 66.5873
15.489 -66.5934
15.489 66.5934
15.49 -66.5995
15.49 66.5995
15.491 -66.6056
15.491 66.6056
15.492 -66.6117
15.492 66.6117
15.493 -66.6178
15.493 66.6178
15.494 -66.6239
15.494 66.6239
15.495 -66.63
15.495 66.63
15.496 -66.6361
15.496 66.6361
15.497 -66.6422
15.497 66.6422
15.498 -66.6483
15.498 66.6483
15.499 -66.6544
15.499 66.6544
15.5 -66.6605
15.5 66.6605
15.501 -66.6666
15.501 66.6666
15.502 -66.6727
15.502 66.6727
15.503 -66.6788
15.503 66.6788
15.504 -66.6849
15.504 66.6849
15.505 -66.691
15.505 66.691
15.506 -66.6971
15.506 66.6971
15.507 -66.7033
15.507 66.7033
15.508 -66.7094
15.508 66.7094
15.509 -66.7155
15.509 66.7155
15.51 -66.7216
15.51 66.7216
15.511 -66.7277
15.511 66.7277
15.512 -66.7338
15.512 66.7338
15.513 -66.7399
15.513 66.7399
15.514 -66.746
15.514 66.746
15.515 -66.7521
15.515 66.7521
15.516 -66.7582
15.516 66.7582
15.517 -66.7643
15.517 66.7643
15.518 -66.7704
15.518 66.7704
15.519 -66.7765
15.519 66.7765
15.52 -66.7826
15.52 66.7826
15.521 -66.7887
15.521 66.7887
15.522 -66.7948
15.522 66.7948
15.523 -66.801
15.523 66.801
15.524 -66.8071
15.524 66.8071
15.525 -66.8132
15.525 66.8132
15.526 -66.8193
15.526 66.8193
15.527 -66.8254
15.527 66.8254
15.528 -66.8315
15.528 66.8315
15.529 -66.8376
15.529 66.8376
15.53 -66.8437
15.53 66.8437
15.531 -66.8498
15.531 66.8498
15.532 -66.8559
15.532 66.8559
15.533 -66.862
15.533 66.862
15.534 -66.8682
15.534 66.8682
15.535 -66.8743
15.535 66.8743
15.536 -66.8804
15.536 66.8804
15.537 -66.8865
15.537 66.8865
15.538 -66.8926
15.538 66.8926
15.539 -66.8987
15.539 66.8987
15.54 -66.9048
15.54 66.9048
15.541 -66.9109
15.541 66.9109
15.542 -66.917
15.542 66.917
15.543 -66.9231
15.543 66.9231
15.544 -66.9293
15.544 66.9293
15.545 -66.9354
15.545 66.9354
15.546 -66.9415
15.546 66.9415
15.547 -66.9476
15.547 66.9476
15.548 -66.9537
15.548 66.9537
15.549 -66.9598
15.549 66.9598
15.55 -66.9659
15.55 66.9659
15.551 -66.972
15.551 66.972
15.552 -66.9782
15.552 66.9782
15.553 -66.9843
15.553 66.9843
15.554 -66.9904
15.554 66.9904
15.555 -66.9965
15.555 66.9965
15.556 -67.0026
15.556 67.0026
15.557 -67.0087
15.557 67.0087
15.558 -67.0148
15.558 67.0148
15.559 -67.021
15.559 67.021
15.56 -67.0271
15.56 67.0271
15.561 -67.0332
15.561 67.0332
15.562 -67.0393
15.562 67.0393
15.563 -67.0454
15.563 67.0454
15.564 -67.0515
15.564 67.0515
15.565 -67.0576
15.565 67.0576
15.566 -67.0638
15.566 67.0638
15.567 -67.0699
15.567 67.0699
15.568 -67.076
15.568 67.076
15.569 -67.0821
15.569 67.0821
15.57 -67.0882
15.57 67.0882
15.571 -67.0943
15.571 67.0943
15.572 -67.1005
15.572 67.1005
15.573 -67.1066
15.573 67.1066
15.574 -67.1127
15.574 67.1127
15.575 -67.1188
15.575 67.1188
15.576 -67.1249
15.576 67.1249
15.577 -67.131
15.577 67.131
15.578 -67.1372
15.578 67.1372
15.579 -67.1433
15.579 67.1433
15.58 -67.1494
15.58 67.1494
15.581 -67.1555
15.581 67.1555
15.582 -67.1616
15.582 67.1616
15.583 -67.1678
15.583 67.1678
15.584 -67.1739
15.584 67.1739
15.585 -67.18
15.585 67.18
15.586 -67.1861
15.586 67.1861
15.587 -67.1922
15.587 67.1922
15.588 -67.1984
15.588 67.1984
15.589 -67.2045
15.589 67.2045
15.59 -67.2106
15.59 67.2106
15.591 -67.2167
15.591 67.2167
15.592 -67.2228
15.592 67.2228
15.593 -67.229
15.593 67.229
15.594 -67.2351
15.594 67.2351
15.595 -67.2412
15.595 67.2412
15.596 -67.2473
15.596 67.2473
15.597 -67.2534
15.597 67.2534
15.598 -67.2596
15.598 67.2596
15.599 -67.2657
15.599 67.2657
15.6 -67.2718
15.6 67.2718
15.601 -67.2779
15.601 67.2779
15.602 -67.2841
15.602 67.2841
15.603 -67.2902
15.603 67.2902
15.604 -67.2963
15.604 67.2963
15.605 -67.3024
15.605 67.3024
15.606 -67.3085
15.606 67.3085
15.607 -67.3147
15.607 67.3147
15.608 -67.3208
15.608 67.3208
15.609 -67.3269
15.609 67.3269
15.61 -67.333
15.61 67.333
15.611 -67.3392
15.611 67.3392
15.612 -67.3453
15.612 67.3453
15.613 -67.3514
15.613 67.3514
15.614 -67.3575
15.614 67.3575
15.615 -67.3637
15.615 67.3637
15.616 -67.3698
15.616 67.3698
15.617 -67.3759
15.617 67.3759
15.618 -67.382
15.618 67.382
15.619 -67.3882
15.619 67.3882
15.62 -67.3943
15.62 67.3943
15.621 -67.4004
15.621 67.4004
15.622 -67.4065
15.622 67.4065
15.623 -67.4127
15.623 67.4127
15.624 -67.4188
15.624 67.4188
15.625 -67.4249
15.625 67.4249
15.626 -67.431
15.626 67.431
15.627 -67.4372
15.627 67.4372
15.628 -67.4433
15.628 67.4433
15.629 -67.4494
15.629 67.4494
15.63 -67.4556
15.63 67.4556
15.631 -67.4617
15.631 67.4617
15.632 -67.4678
15.632 67.4678
15.633 -67.4739
15.633 67.4739
15.634 -67.4801
15.634 67.4801
15.635 -67.4862
15.635 67.4862
15.636 -67.4923
15.636 67.4923
15.637 -67.4984
15.637 67.4984
15.638 -67.5046
15.638 67.5046
15.639 -67.5107
15.639 67.5107
15.64 -67.5168
15.64 67.5168
15.641 -67.523
15.641 67.523
15.642 -67.5291
15.642 67.5291
15.643 -67.5352
15.643 67.5352
15.644 -67.5414
15.644 67.5414
15.645 -67.5475
15.645 67.5475
15.646 -67.5536
15.646 67.5536
15.647 -67.5597
15.647 67.5597
15.648 -67.5659
15.648 67.5659
15.649 -67.572
15.649 67.572
15.65 -67.5781
15.65 67.5781
15.651 -67.5843
15.651 67.5843
15.652 -67.5904
15.652 67.5904
15.653 -67.5965
15.653 67.5965
15.654 -67.6027
15.654 67.6027
15.655 -67.6088
15.655 67.6088
15.656 -67.6149
15.656 67.6149
15.657 -67.6211
15.657 67.6211
15.658 -67.6272
15.658 67.6272
15.659 -67.6333
15.659 67.6333
15.66 -67.6395
15.66 67.6395
15.661 -67.6456
15.661 67.6456
15.662 -67.6517
15.662 67.6517
15.663 -67.6579
15.663 67.6579
15.664 -67.664
15.664 67.664
15.665 -67.6701
15.665 67.6701
15.666 -67.6763
15.666 67.6763
15.667 -67.6824
15.667 67.6824
15.668 -67.6885
15.668 67.6885
15.669 -67.6947
15.669 67.6947
15.67 -67.7008
15.67 67.7008
15.671 -67.7069
15.671 67.7069
15.672 -67.7131
15.672 67.7131
15.673 -67.7192
15.673 67.7192
15.674 -67.7253
15.674 67.7253
15.675 -67.7315
15.675 67.7315
15.676 -67.7376
15.676 67.7376
15.677 -67.7437
15.677 67.7437
15.678 -67.7499
15.678 67.7499
15.679 -67.756
15.679 67.756
15.68 -67.7622
15.68 67.7622
15.681 -67.7683
15.681 67.7683
15.682 -67.7744
15.682 67.7744
15.683 -67.7806
15.683 67.7806
15.684 -67.7867
15.684 67.7867
15.685 -67.7928
15.685 67.7928
15.686 -67.799
15.686 67.799
15.687 -67.8051
15.687 67.8051
15.688 -67.8113
15.688 67.8113
15.689 -67.8174
15.689 67.8174
15.69 -67.8235
15.69 67.8235
15.691 -67.8297
15.691 67.8297
15.692 -67.8358
15.692 67.8358
15.693 -67.8419
15.693 67.8419
15.694 -67.8481
15.694 67.8481
15.695 -67.8542
15.695 67.8542
15.696 -67.8604
15.696 67.8604
15.697 -67.8665
15.697 67.8665
15.698 -67.8726
15.698 67.8726
15.699 -67.8788
15.699 67.8788
15.7 -67.8849
15.7 67.8849
15.701 -67.8911
15.701 67.8911
15.702 -67.8972
15.702 67.8972
15.703 -67.9033
15.703 67.9033
15.704 -67.9095
15.704 67.9095
15.705 -67.9156
15.705 67.9156
15.706 -67.9218
15.706 67.9218
15.707 -67.9279
15.707 67.9279
15.708 -67.9341
15.708 67.9341
15.709 -67.9402
15.709 67.9402
15.71 -67.9463
15.71 67.9463
15.711 -67.9525
15.711 67.9525
15.712 -67.9586
15.712 67.9586
15.713 -67.9648
15.713 67.9648
15.714 -67.9709
15.714 67.9709
15.715 -67.977
15.715 67.977
15.716 -67.9832
15.716 67.9832
15.717 -67.9893
15.717 67.9893
15.718 -67.9955
15.718 67.9955
15.719 -68.0016
15.719 68.0016
15.72 -68.0078
15.72 68.0078
15.721 -68.0139
15.721 68.0139
15.722 -68.0201
15.722 68.0201
15.723 -68.0262
15.723 68.0262
15.724 -68.0323
15.724 68.0323
15.725 -68.0385
15.725 68.0385
15.726 -68.0446
15.726 68.0446
15.727 -68.0508
15.727 68.0508
15.728 -68.0569
15.728 68.0569
15.729 -68.0631
15.729 68.0631
15.73 -68.0692
15.73 68.0692
15.731 -68.0754
15.731 68.0754
15.732 -68.0815
15.732 68.0815
15.733 -68.0877
15.733 68.0877
15.734 -68.0938
15.734 68.0938
15.735 -68.0999
15.735 68.0999
15.736 -68.1061
15.736 68.1061
15.737 -68.1122
15.737 68.1122
15.738 -68.1184
15.738 68.1184
15.739 -68.1245
15.739 68.1245
15.74 -68.1307
15.74 68.1307
15.741 -68.1368
15.741 68.1368
15.742 -68.143
15.742 68.143
15.743 -68.1491
15.743 68.1491
15.744 -68.1553
15.744 68.1553
15.745 -68.1614
15.745 68.1614
15.746 -68.1676
15.746 68.1676
15.747 -68.1737
15.747 68.1737
15.748 -68.1799
15.748 68.1799
15.749 -68.186
15.749 68.186
15.75 -68.1922
15.75 68.1922
15.751 -68.1983
15.751 68.1983
15.752 -68.2045
15.752 68.2045
15.753 -68.2106
15.753 68.2106
15.754 -68.2168
15.754 68.2168
15.755 -68.2229
15.755 68.2229
15.756 -68.2291
15.756 68.2291
15.757 -68.2352
15.757 68.2352
15.758 -68.2414
15.758 68.2414
15.759 -68.2475
15.759 68.2475
15.76 -68.2537
15.76 68.2537
15.761 -68.2598
15.761 68.2598
15.762 -68.266
15.762 68.266
15.763 -68.2721
15.763 68.2721
15.764 -68.2783
15.764 68.2783
15.765 -68.2844
15.765 68.2844
15.766 -68.2906
15.766 68.2906
15.767 -68.2967
15.767 68.2967
15.768 -68.3029
15.768 68.3029
15.769 -68.309
15.769 68.309
15.77 -68.3152
15.77 68.3152
15.771 -68.3213
15.771 68.3213
15.772 -68.3275
15.772 68.3275
15.773 -68.3337
15.773 68.3337
15.774 -68.3398
15.774 68.3398
15.775 -68.346
15.775 68.346
15.776 -68.3521
15.776 68.3521
15.777 -68.3583
15.777 68.3583
15.778 -68.3644
15.778 68.3644
15.779 -68.3706
15.779 68.3706
15.78 -68.3767
15.78 68.3767
15.781 -68.3829
15.781 68.3829
15.782 -68.389
15.782 68.389
15.783 -68.3952
15.783 68.3952
15.784 -68.4014
15.784 68.4014
15.785 -68.4075
15.785 68.4075
15.786 -68.4137
15.786 68.4137
15.787 -68.4198
15.787 68.4198
15.788 -68.426
15.788 68.426
15.789 -68.4321
15.789 68.4321
15.79 -68.4383
15.79 68.4383
15.791 -68.4444
15.791 68.4444
15.792 -68.4506
15.792 68.4506
15.793 -68.4568
15.793 68.4568
15.794 -68.4629
15.794 68.4629
15.795 -68.4691
15.795 68.4691
15.796 -68.4752
15.796 68.4752
15.797 -68.4814
15.797 68.4814
15.798 -68.4876
15.798 68.4876
15.799 -68.4937
15.799 68.4937
15.8 -68.4999
15.8 68.4999
15.801 -68.506
15.801 68.506
15.802 -68.5122
15.802 68.5122
15.803 -68.5183
15.803 68.5183
15.804 -68.5245
15.804 68.5245
15.805 -68.5307
15.805 68.5307
15.806 -68.5368
15.806 68.5368
15.807 -68.543
15.807 68.543
15.808 -68.5491
15.808 68.5491
15.809 -68.5553
15.809 68.5553
15.81 -68.5615
15.81 68.5615
15.811 -68.5676
15.811 68.5676
15.812 -68.5738
15.812 68.5738
15.813 -68.5799
15.813 68.5799
15.814 -68.5861
15.814 68.5861
15.815 -68.5923
15.815 68.5923
15.816 -68.5984
15.816 68.5984
15.817 -68.6046
15.817 68.6046
15.818 -68.6108
15.818 68.6108
15.819 -68.6169
15.819 68.6169
15.82 -68.6231
15.82 68.6231
15.821 -68.6292
15.821 68.6292
15.822 -68.6354
15.822 68.6354
15.823 -68.6416
15.823 68.6416
15.824 -68.6477
15.824 68.6477
15.825 -68.6539
15.825 68.6539
15.826 -68.6601
15.826 68.6601
15.827 -68.6662
15.827 68.6662
15.828 -68.6724
15.828 68.6724
15.829 -68.6785
15.829 68.6785
15.83 -68.6847
15.83 68.6847
15.831 -68.6909
15.831 68.6909
15.832 -68.697
15.832 68.697
15.833 -68.7032
15.833 68.7032
15.834 -68.7094
15.834 68.7094
15.835 -68.7155
15.835 68.7155
15.836 -68.7217
15.836 68.7217
15.837 -68.7279
15.837 68.7279
15.838 -68.734
15.838 68.734
15.839 -68.7402
15.839 68.7402
15.84 -68.7464
15.84 68.7464
15.841 -68.7525
15.841 68.7525
15.842 -68.7587
15.842 68.7587
15.843 -68.7649
15.843 68.7649
15.844 -68.771
15.844 68.771
15.845 -68.7772
15.845 68.7772
15.846 -68.7834
15.846 68.7834
15.847 -68.7895
15.847 68.7895
15.848 -68.7957
15.848 68.7957
15.849 -68.8019
15.849 68.8019
15.85 -68.808
15.85 68.808
15.851 -68.8142
15.851 68.8142
15.852 -68.8204
15.852 68.8204
15.853 -68.8265
15.853 68.8265
15.854 -68.8327
15.854 68.8327
15.855 -68.8389
15.855 68.8389
15.856 -68.845
15.856 68.845
15.857 -68.8512
15.857 68.8512
15.858 -68.8574
15.858 68.8574
15.859 -68.8635
15.859 68.8635
15.86 -68.8697
15.86 68.8697
15.861 -68.8759
15.861 68.8759
15.862 -68.882
15.862 68.882
15.863 -68.8882
15.863 68.8882
15.864 -68.8944
15.864 68.8944
15.865 -68.9006
15.865 68.9006
15.866 -68.9067
15.866 68.9067
15.867 -68.9129
15.867 68.9129
15.868 -68.9191
15.868 68.9191
15.869 -68.9252
15.869 68.9252
15.87 -68.9314
15.87 68.9314
15.871 -68.9376
15.871 68.9376
15.872 -68.9438
15.872 68.9438
15.873 -68.9499
15.873 68.9499
15.874 -68.9561
15.874 68.9561
15.875 -68.9623
15.875 68.9623
15.876 -68.9684
15.876 68.9684
15.877 -68.9746
15.877 68.9746
15.878 -68.9808
15.878 68.9808
15.879 -68.987
15.879 68.987
15.88 -68.9931
15.88 68.9931
15.881 -68.9993
15.881 68.9993
15.882 -69.0055
15.882 69.0055
15.883 -69.0117
15.883 69.0117
15.884 -69.0178
15.884 69.0178
15.885 -69.024
15.885 69.024
15.886 -69.0302
15.886 69.0302
15.887 -69.0364
15.887 69.0364
15.888 -69.0425
15.888 69.0425
15.889 -69.0487
15.889 69.0487
15.89 -69.0549
15.89 69.0549
15.891 -69.0611
15.891 69.0611
15.892 -69.0672
15.892 69.0672
15.893 -69.0734
15.893 69.0734
15.894 -69.0796
15.894 69.0796
15.895 -69.0858
15.895 69.0858
15.896 -69.0919
15.896 69.0919
15.897 -69.0981
15.897 69.0981
15.898 -69.1043
15.898 69.1043
15.899 -69.1105
15.899 69.1105
15.9 -69.1166
15.9 69.1166
15.901 -69.1228
15.901 69.1228
15.902 -69.129
15.902 69.129
15.903 -69.1352
15.903 69.1352
15.904 -69.1413
15.904 69.1413
15.905 -69.1475
15.905 69.1475
15.906 -69.1537
15.906 69.1537
15.907 -69.1599
15.907 69.1599
15.908 -69.1661
15.908 69.1661
15.909 -69.1722
15.909 69.1722
15.91 -69.1784
15.91 69.1784
15.911 -69.1846
15.911 69.1846
15.912 -69.1908
15.912 69.1908
15.913 -69.1969
15.913 69.1969
15.914 -69.2031
15.914 69.2031
15.915 -69.2093
15.915 69.2093
15.916 -69.2155
15.916 69.2155
15.917 -69.2217
15.917 69.2217
15.918 -69.2278
15.918 69.2278
15.919 -69.234
15.919 69.234
15.92 -69.2402
15.92 69.2402
15.921 -69.2464
15.921 69.2464
15.922 -69.2526
15.922 69.2526
15.923 -69.2587
15.923 69.2587
15.924 -69.2649
15.924 69.2649
15.925 -69.2711
15.925 69.2711
15.926 -69.2773
15.926 69.2773
15.927 -69.2835
15.927 69.2835
15.928 -69.2897
15.928 69.2897
15.929 -69.2958
15.929 69.2958
15.93 -69.302
15.93 69.302
15.931 -69.3082
15.931 69.3082
15.932 -69.3144
15.932 69.3144
15.933 -69.3206
15.933 69.3206
15.934 -69.3267
15.934 69.3267
15.935 -69.3329
15.935 69.3329
15.936 -69.3391
15.936 69.3391
15.937 -69.3453
15.937 69.3453
15.938 -69.3515
15.938 69.3515
15.939 -69.3577
15.939 69.3577
15.94 -69.3638
15.94 69.3638
15.941 -69.37
15.941 69.37
15.942 -69.3762
15.942 69.3762
15.943 -69.3824
15.943 69.3824
15.944 -69.3886
15.944 69.3886
15.945 -69.3948
15.945 69.3948
15.946 -69.401
15.946 69.401
15.947 -69.4071
15.947 69.4071
15.948 -69.4133
15.948 69.4133
15.949 -69.4195
15.949 69.4195
15.95 -69.4257
15.95 69.4257
15.951 -69.4319
15.951 69.4319
15.952 -69.4381
15.952 69.4381
15.953 -69.4443
15.953 69.4443
15.954 -69.4504
15.954 69.4504
15.955 -69.4566
15.955 69.4566
15.956 -69.4628
15.956 69.4628
15.957 -69.469
15.957 69.469
15.958 -69.4752
15.958 69.4752
15.959 -69.4814
15.959 69.4814
15.96 -69.4876
15.96 69.4876
15.961 -69.4938
15.961 69.4938
15.962 -69.4999
15.962 69.4999
15.963 -69.5061
15.963 69.5061
15.964 -69.5123
15.964 69.5123
15.965 -69.5185
15.965 69.5185
15.966 -69.5247
15.966 69.5247
15.967 -69.5309
15.967 69.5309
15.968 -69.5371
15.968 69.5371
15.969 -69.5433
15.969 69.5433
15.97 -69.5494
15.97 69.5494
15.971 -69.5556
15.971 69.5556
15.972 -69.5618
15.972 69.5618
15.973 -69.568
15.973 69.568
15.974 -69.5742
15.974 69.5742
15.975 -69.5804
15.975 69.5804
15.976 -69.5866
15.976 69.5866
15.977 -69.5928
15.977 69.5928
15.978 -69.599
15.978 69.599
15.979 -69.6052
15.979 69.6052
15.98 -69.6114
15.98 69.6114
15.981 -69.6175
15.981 69.6175
15.982 -69.6237
15.982 69.6237
15.983 -69.6299
15.983 69.6299
15.984 -69.6361
15.984 69.6361
15.985 -69.6423
15.985 69.6423
15.986 -69.6485
15.986 69.6485
15.987 -69.6547
15.987 69.6547
15.988 -69.6609
15.988 69.6609
15.989 -69.6671
15.989 69.6671
15.99 -69.6733
15.99 69.6733
15.991 -69.6795
15.991 69.6795
15.992 -69.6857
15.992 69.6857
15.993 -69.6919
15.993 69.6919
15.994 -69.698
15.994 69.698
15.995 -69.7042
15.995 69.7042
15.996 -69.7104
15.996 69.7104
15.997 -69.7166
15.997 69.7166
15.998 -69.7228
15.998 69.7228
15.999 -69.729
15.999 69.729
16 -69.7352
16 69.7352
16.001 -69.7414
16.001 69.7414
16.002 -69.7476
16.002 69.7476
16.003 -69.7538
16.003 69.7538
16.004 -69.76
16.004 69.76
16.005 -69.7662
16.005 69.7662
16.006 -69.7724
16.006 69.7724
16.007 -69.7786
16.007 69.7786
16.008 -69.7848
16.008 69.7848
16.009 -69.791
16.009 69.791
16.01 -69.7972
16.01 69.7972
16.011 -69.8034
16.011 69.8034
16.012 -69.8096
16.012 69.8096
16.013 -69.8158
16.013 69.8158
16.014 -69.822
16.014 69.822
16.015 -69.8282
16.015 69.8282
16.016 -69.8344
16.016 69.8344
16.017 -69.8406
16.017 69.8406
16.018 -69.8468
16.018 69.8468
16.019 -69.8529
16.019 69.8529
16.02 -69.8591
16.02 69.8591
16.021 -69.8653
16.021 69.8653
16.022 -69.8715
16.022 69.8715
16.023 -69.8777
16.023 69.8777
16.024 -69.8839
16.024 69.8839
16.025 -69.8901
16.025 69.8901
16.026 -69.8963
16.026 69.8963
16.027 -69.9025
16.027 69.9025
16.028 -69.9087
16.028 69.9087
16.029 -69.9149
16.029 69.9149
16.03 -69.9211
16.03 69.9211
16.031 -69.9273
16.031 69.9273
16.032 -69.9335
16.032 69.9335
16.033 -69.9397
16.033 69.9397
16.034 -69.9459
16.034 69.9459
16.035 -69.9521
16.035 69.9521
16.036 -69.9583
16.036 69.9583
16.037 -69.9645
16.037 69.9645
16.038 -69.9707
16.038 69.9707
16.039 -69.977
16.039 69.977
16.04 -69.9832
16.04 69.9832
16.041 -69.9894
16.041 69.9894
16.042 -69.9956
16.042 69.9956
16.043 -70.0018
16.043 70.0018
16.044 -70.008
16.044 70.008
16.045 -70.0142
16.045 70.0142
16.046 -70.0204
16.046 70.0204
16.047 -70.0266
16.047 70.0266
16.048 -70.0328
16.048 70.0328
16.049 -70.039
16.049 70.039
16.05 -70.0452
16.05 70.0452
16.051 -70.0514
16.051 70.0514
16.052 -70.0576
16.052 70.0576
16.053 -70.0638
16.053 70.0638
16.054 -70.07
16.054 70.07
16.055 -70.0762
16.055 70.0762
16.056 -70.0824
16.056 70.0824
16.057 -70.0886
16.057 70.0886
16.058 -70.0948
16.058 70.0948
16.059 -70.101
16.059 70.101
16.06 -70.1072
16.06 70.1072
16.061 -70.1134
16.061 70.1134
16.062 -70.1196
16.062 70.1196
16.063 -70.1258
16.063 70.1258
16.064 -70.1321
16.064 70.1321
16.065 -70.1383
16.065 70.1383
16.066 -70.1445
16.066 70.1445
16.067 -70.1507
16.067 70.1507
16.068 -70.1569
16.068 70.1569
16.069 -70.1631
16.069 70.1631
16.07 -70.1693
16.07 70.1693
16.071 -70.1755
16.071 70.1755
16.072 -70.1817
16.072 70.1817
16.073 -70.1879
16.073 70.1879
16.074 -70.1941
16.074 70.1941
16.075 -70.2003
16.075 70.2003
16.076 -70.2065
16.076 70.2065
16.077 -70.2128
16.077 70.2128
16.078 -70.219
16.078 70.219
16.079 -70.2252
16.079 70.2252
16.08 -70.2314
16.08 70.2314
16.081 -70.2376
16.081 70.2376
16.082 -70.2438
16.082 70.2438
16.083 -70.25
16.083 70.25
16.084 -70.2562
16.084 70.2562
16.085 -70.2624
16.085 70.2624
16.086 -70.2686
16.086 70.2686
16.087 -70.2749
16.087 70.2749
16.088 -70.2811
16.088 70.2811
16.089 -70.2873
16.089 70.2873
16.09 -70.2935
16.09 70.2935
16.091 -70.2997
16.091 70.2997
16.092 -70.3059
16.092 70.3059
16.093 -70.3121
16.093 70.3121
16.094 -70.3183
16.094 70.3183
16.095 -70.3245
16.095 70.3245
16.096 -70.3308
16.096 70.3308
16.097 -70.337
16.097 70.337
16.098 -70.3432
16.098 70.3432
16.099 -70.3494
16.099 70.3494
16.1 -70.3556
16.1 70.3556
16.101 -70.3618
16.101 70.3618
16.102 -70.368
16.102 70.368
16.103 -70.3742
16.103 70.3742
16.104 -70.3805
16.104 70.3805
16.105 -70.3867
16.105 70.3867
16.106 -70.3929
16.106 70.3929
16.107 -70.3991
16.107 70.3991
16.108 -70.4053
16.108 70.4053
16.109 -70.4115
16.109 70.4115
16.11 -70.4177
16.11 70.4177
16.111 -70.424
16.111 70.424
16.112 -70.4302
16.112 70.4302
16.113 -70.4364
16.113 70.4364
16.114 -70.4426
16.114 70.4426
16.115 -70.4488
16.115 70.4488
16.116 -70.455
16.116 70.455
16.117 -70.4612
16.117 70.4612
16.118 -70.4675
16.118 70.4675
16.119 -70.4737
16.119 70.4737
16.12 -70.4799
16.12 70.4799
16.121 -70.4861
16.121 70.4861
16.122 -70.4923
16.122 70.4923
16.123 -70.4985
16.123 70.4985
16.124 -70.5048
16.124 70.5048
16.125 -70.511
16.125 70.511
16.126 -70.5172
16.126 70.5172
16.127 -70.5234
16.127 70.5234
16.128 -70.5296
16.128 70.5296
16.129 -70.5359
16.129 70.5359
16.13 -70.5421
16.13 70.5421
16.131 -70.5483
16.131 70.5483
16.132 -70.5545
16.132 70.5545
16.133 -70.5607
16.133 70.5607
16.134 -70.5669
16.134 70.5669
16.135 -70.5732
16.135 70.5732
16.136 -70.5794
16.136 70.5794
16.137 -70.5856
16.137 70.5856
16.138 -70.5918
16.138 70.5918
16.139 -70.598
16.139 70.598
16.14 -70.6043
16.14 70.6043
16.141 -70.6105
16.141 70.6105
16.142 -70.6167
16.142 70.6167
16.143 -70.6229
16.143 70.6229
16.144 -70.6291
16.144 70.6291
16.145 -70.6354
16.145 70.6354
16.146 -70.6416
16.146 70.6416
16.147 -70.6478
16.147 70.6478
16.148 -70.654
16.148 70.654
16.149 -70.6603
16.149 70.6603
16.15 -70.6665
16.15 70.6665
16.151 -70.6727
16.151 70.6727
16.152 -70.6789
16.152 70.6789
16.153 -70.6851
16.153 70.6851
16.154 -70.6914
16.154 70.6914
16.155 -70.6976
16.155 70.6976
16.156 -70.7038
16.156 70.7038
16.157 -70.71
16.157 70.71
16.158 -70.7163
16.158 70.7163
16.159 -70.7225
16.159 70.7225
16.16 -70.7287
16.16 70.7287
16.161 -70.7349
16.161 70.7349
16.162 -70.7412
16.162 70.7412
16.163 -70.7474
16.163 70.7474
16.164 -70.7536
16.164 70.7536
16.165 -70.7598
16.165 70.7598
16.166 -70.7661
16.166 70.7661
16.167 -70.7723
16.167 70.7723
16.168 -70.7785
16.168 70.7785
16.169 -70.7847
16.169 70.7847
16.17 -70.791
16.17 70.791
16.171 -70.7972
16.171 70.7972
16.172 -70.8034
16.172 70.8034
16.173 -70.8096
16.173 70.8096
16.174 -70.8159
16.174 70.8159
16.175 -70.8221
16.175 70.8221
16.176 -70.8283
16.176 70.8283
16.177 -70.8345
16.177 70.8345
16.178 -70.8408
16.178 70.8408
16.179 -70.847
16.179 70.847
16.18 -70.8532
16.18 70.8532
16.181 -70.8594
16.181 70.8594
16.182 -70.8657
16.182 70.8657
16.183 -70.8719
16.183 70.8719
16.184 -70.8781
16.184 70.8781
16.185 -70.8844
16.185 70.8844
16.186 -70.8906
16.186 70.8906
16.187 -70.8968
16.187 70.8968
16.188 -70.903
16.188 70.903
16.189 -70.9093
16.189 70.9093
16.19 -70.9155
16.19 70.9155
16.191 -70.9217
16.191 70.9217
16.192 -70.928
16.192 70.928
16.193 -70.9342
16.193 70.9342
16.194 -70.9404
16.194 70.9404
16.195 -70.9466
16.195 70.9466
16.196 -70.9529
16.196 70.9529
16.197 -70.9591
16.197 70.9591
16.198 -70.9653
16.198 70.9653
16.199 -70.9716
16.199 70.9716
16.2 -70.9778
16.2 70.9778
16.201 -70.984
16.201 70.984
16.202 -70.9903
16.202 70.9903
16.203 -70.9965
16.203 70.9965
16.204 -71.0027
16.204 71.0027
16.205 -71.009
16.205 71.009
16.206 -71.0152
16.206 71.0152
16.207 -71.0214
16.207 71.0214
16.208 -71.0277
16.208 71.0277
16.209 -71.0339
16.209 71.0339
16.21 -71.0401
16.21 71.0401
16.211 -71.0464
16.211 71.0464
16.212 -71.0526
16.212 71.0526
16.213 -71.0588
16.213 71.0588
16.214 -71.0651
16.214 71.0651
16.215 -71.0713
16.215 71.0713
16.216 -71.0775
16.216 71.0775
16.217 -71.0838
16.217 71.0838
16.218 -71.09
16.218 71.09
16.219 -71.0962
16.219 71.0962
16.22 -71.1025
16.22 71.1025
16.221 -71.1087
16.221 71.1087
16.222 -71.1149
16.222 71.1149
16.223 -71.1212
16.223 71.1212
16.224 -71.1274
16.224 71.1274
16.225 -71.1336
16.225 71.1336
16.226 -71.1399
16.226 71.1399
16.227 -71.1461
16.227 71.1461
16.228 -71.1523
16.228 71.1523
16.229 -71.1586
16.229 71.1586
16.23 -71.1648
16.23 71.1648
16.231 -71.171
16.231 71.171
16.232 -71.1773
16.232 71.1773
16.233 -71.1835
16.233 71.1835
16.234 -71.1898
16.234 71.1898
16.235 -71.196
16.235 71.196
16.236 -71.2022
16.236 71.2022
16.237 -71.2085
16.237 71.2085
16.238 -71.2147
16.238 71.2147
16.239 -71.2209
16.239 71.2209
16.24 -71.2272
16.24 71.2272
16.241 -71.2334
16.241 71.2334
16.242 -71.2397
16.242 71.2397
16.243 -71.2459
16.243 71.2459
16.244 -71.2521
16.244 71.2521
16.245 -71.2584
16.245 71.2584
16.246 -71.2646
16.246 71.2646
16.247 -71.2709
16.247 71.2709
16.248 -71.2771
16.248 71.2771
16.249 -71.2833
16.249 71.2833
16.25 -71.2896
16.25 71.2896
16.251 -71.2958
16.251 71.2958
16.252 -71.3021
16.252 71.3021
16.253 -71.3083
16.253 71.3083
16.254 -71.3145
16.254 71.3145
16.255 -71.3208
16.255 71.3208
16.256 -71.327
16.256 71.327
16.257 -71.3333
16.257 71.3333
16.258 -71.3395
16.258 71.3395
16.259 -71.3457
16.259 71.3457
16.26 -71.352
16.26 71.352
16.261 -71.3582
16.261 71.3582
16.262 -71.3645
16.262 71.3645
16.263 -71.3707
16.263 71.3707
16.264 -71.3769
16.264 71.3769
16.265 -71.3832
16.265 71.3832
16.266 -71.3894
16.266 71.3894
16.267 -71.3957
16.267 71.3957
16.268 -71.4019
16.268 71.4019
16.269 -71.4082
16.269 71.4082
16.27 -71.4144
16.27 71.4144
16.271 -71.4207
16.271 71.4207
16.272 -71.4269
16.272 71.4269
16.273 -71.4331
16.273 71.4331
16.274 -71.4394
16.274 71.4394
16.275 -71.4456
16.275 71.4456
16.276 -71.4519
16.276 71.4519
16.277 -71.4581
16.277 71.4581
16.278 -71.4644
16.278 71.4644
16.279 -71.4706
16.279 71.4706
16.28 -71.4769
16.28 71.4769
16.281 -71.4831
16.281 71.4831
16.282 -71.4893
16.282 71.4893
16.283 -71.4956
16.283 71.4956
16.284 -71.5018
16.284 71.5018
16.285 -71.5081
16.285 71.5081
16.286 -71.5143
16.286 71.5143
16.287 -71.5206
16.287 71.5206
16.288 -71.5268
16.288 71.5268
16.289 -71.5331
16.289 71.5331
16.29 -71.5393
16.29 71.5393
16.291 -71.5456
16.291 71.5456
16.292 -71.5518
16.292 71.5518
16.293 -71.5581
16.293 71.5581
16.294 -71.5643
16.294 71.5643
16.295 -71.5706
16.295 71.5706
16.296 -71.5768
16.296 71.5768
16.297 -71.583
16.297 71.583
16.298 -71.5893
16.298 71.5893
16.299 -71.5955
16.299 71.5955
16.3 -71.6018
16.3 71.6018
16.301 -71.608
16.301 71.608
16.302 -71.6143
16.302 71.6143
16.303 -71.6205
16.303 71.6205
16.304 -71.6268
16.304 71.6268
16.305 -71.633
16.305 71.633
16.306 -71.6393
16.306 71.6393
16.307 -71.6455
16.307 71.6455
16.308 -71.6518
16.308 71.6518
16.309 -71.658
16.309 71.658
16.31 -71.6643
16.31 71.6643
16.311 -71.6705
16.311 71.6705
16.312 -71.6768
16.312 71.6768
16.313 -71.683
16.313 71.683
16.314 -71.6893
16.314 71.6893
16.315 -71.6955
16.315 71.6955
16.316 -71.7018
16.316 71.7018
16.317 -71.7081
16.317 71.7081
16.318 -71.7143
16.318 71.7143
16.319 -71.7206
16.319 71.7206
16.32 -71.7268
16.32 71.7268
16.321 -71.7331
16.321 71.7331
16.322 -71.7393
16.322 71.7393
16.323 -71.7456
16.323 71.7456
16.324 -71.7518
16.324 71.7518
16.325 -71.7581
16.325 71.7581
16.326 -71.7643
16.326 71.7643
16.327 -71.7706
16.327 71.7706
16.328 -71.7768
16.328 71.7768
16.329 -71.7831
16.329 71.7831
16.33 -71.7893
16.33 71.7893
16.331 -71.7956
16.331 71.7956
16.332 -71.8019
16.332 71.8019
16.333 -71.8081
16.333 71.8081
16.334 -71.8144
16.334 71.8144
16.335 -71.8206
16.335 71.8206
16.336 -71.8269
16.336 71.8269
16.337 -71.8331
16.337 71.8331
16.338 -71.8394
16.338 71.8394
16.339 -71.8456
16.339 71.8456
16.34 -71.8519
16.34 71.8519
16.341 -71.8582
16.341 71.8582
16.342 -71.8644
16.342 71.8644
16.343 -71.8707
16.343 71.8707
16.344 -71.8769
16.344 71.8769
16.345 -71.8832
16.345 71.8832
16.346 -71.8894
16.346 71.8894
16.347 -71.8957
16.347 71.8957
16.348 -71.902
16.348 71.902
16.349 -71.9082
16.349 71.9082
16.35 -71.9145
16.35 71.9145
16.351 -71.9207
16.351 71.9207
16.352 -71.927
16.352 71.927
16.353 -71.9332
16.353 71.9332
16.354 -71.9395
16.354 71.9395
16.355 -71.9458
16.355 71.9458
16.356 -71.952
16.356 71.952
16.357 -71.9583
16.357 71.9583
16.358 -71.9645
16.358 71.9645
16.359 -71.9708
16.359 71.9708
16.36 -71.9771
16.36 71.9771
16.361 -71.9833
16.361 71.9833
16.362 -71.9896
16.362 71.9896
16.363 -71.9958
16.363 71.9958
16.364 -72.0021
16.364 72.0021
16.365 -72.0084
16.365 72.0084
16.366 -72.0146
16.366 72.0146
16.367 -72.0209
16.367 72.0209
16.368 -72.0271
16.368 72.0271
16.369 -72.0334
16.369 72.0334
16.37 -72.0397
16.37 72.0397
16.371 -72.0459
16.371 72.0459
16.372 -72.0522
16.372 72.0522
16.373 -72.0584
16.373 72.0584
16.374 -72.0647
16.374 72.0647
16.375 -72.071
16.375 72.071
16.376 -72.0772
16.376 72.0772
16.377 -72.0835
16.377 72.0835
16.378 -72.0898
16.378 72.0898
16.379 -72.096
16.379 72.096
16.38 -72.1023
16.38 72.1023
16.381 -72.1085
16.381 72.1085
16.382 -72.1148
16.382 72.1148
16.383 -72.1211
16.383 72.1211
16.384 -72.1273
16.384 72.1273
16.385 -72.1336
16.385 72.1336
16.386 -72.1399
16.386 72.1399
16.387 -72.1461
16.387 72.1461
16.388 -72.1524
16.388 72.1524
16.389 -72.1587
16.389 72.1587
16.39 -72.1649
16.39 72.1649
16.391 -72.1712
16.391 72.1712
16.392 -72.1775
16.392 72.1775
16.393 -72.1837
16.393 72.1837
16.394 -72.19
16.394 72.19
16.395 -72.1963
16.395 72.1963
16.396 -72.2025
16.396 72.2025
16.397 -72.2088
16.397 72.2088
16.398 -72.2151
16.398 72.2151
16.399 -72.2213
16.399 72.2213
16.4 -72.2276
16.4 72.2276
16.401 -72.2339
16.401 72.2339
16.402 -72.2401
16.402 72.2401
16.403 -72.2464
16.403 72.2464
16.404 -72.2527
16.404 72.2527
16.405 -72.2589
16.405 72.2589
16.406 -72.2652
16.406 72.2652
16.407 -72.2715
16.407 72.2715
16.408 -72.2777
16.408 72.2777
16.409 -72.284
16.409 72.284
16.41 -72.2903
16.41 72.2903
16.411 -72.2965
16.411 72.2965
16.412 -72.3028
16.412 72.3028
16.413 -72.3091
16.413 72.3091
16.414 -72.3153
16.414 72.3153
16.415 -72.3216
16.415 72.3216
16.416 -72.3279
16.416 72.3279
16.417 -72.3341
16.417 72.3341
16.418 -72.3404
16.418 72.3404
16.419 -72.3467
16.419 72.3467
16.42 -72.353
16.42 72.353
16.421 -72.3592
16.421 72.3592
16.422 -72.3655
16.422 72.3655
16.423 -72.3718
16.423 72.3718
16.424 -72.378
16.424 72.378
16.425 -72.3843
16.425 72.3843
16.426 -72.3906
16.426 72.3906
16.427 -72.3969
16.427 72.3969
16.428 -72.4031
16.428 72.4031
16.429 -72.4094
16.429 72.4094
16.43 -72.4157
16.43 72.4157
16.431 -72.4219
16.431 72.4219
16.432 -72.4282
16.432 72.4282
16.433 -72.4345
16.433 72.4345
16.434 -72.4408
16.434 72.4408
16.435 -72.447
16.435 72.447
16.436 -72.4533
16.436 72.4533
16.437 -72.4596
16.437 72.4596
16.438 -72.4659
16.438 72.4659
16.439 -72.4721
16.439 72.4721
16.44 -72.4784
16.44 72.4784
16.441 -72.4847
16.441 72.4847
16.442 -72.491
16.442 72.491
16.443 -72.4972
16.443 72.4972
16.444 -72.5035
16.444 72.5035
16.445 -72.5098
16.445 72.5098
16.446 -72.516
16.446 72.516
16.447 -72.5223
16.447 72.5223
16.448 -72.5286
16.448 72.5286
16.449 -72.5349
16.449 72.5349
16.45 -72.5412
16.45 72.5412
16.451 -72.5474
16.451 72.5474
16.452 -72.5537
16.452 72.5537
16.453 -72.56
16.453 72.56
16.454 -72.5663
16.454 72.5663
16.455 -72.5725
16.455 72.5725
16.456 -72.5788
16.456 72.5788
16.457 -72.5851
16.457 72.5851
16.458 -72.5914
16.458 72.5914
16.459 -72.5976
16.459 72.5976
16.46 -72.6039
16.46 72.6039
16.461 -72.6102
16.461 72.6102
16.462 -72.6165
16.462 72.6165
16.463 -72.6228
16.463 72.6228
16.464 -72.629
16.464 72.629
16.465 -72.6353
16.465 72.6353
16.466 -72.6416
16.466 72.6416
16.467 -72.6479
16.467 72.6479
16.468 -72.6541
16.468 72.6541
16.469 -72.6604
16.469 72.6604
16.47 -72.6667
16.47 72.6667
16.471 -72.673
16.471 72.673
16.472 -72.6793
16.472 72.6793
16.473 -72.6855
16.473 72.6855
16.474 -72.6918
16.474 72.6918
16.475 -72.6981
16.475 72.6981
16.476 -72.7044
16.476 72.7044
16.477 -72.7107
16.477 72.7107
16.478 -72.7169
16.478 72.7169
16.479 -72.7232
16.479 72.7232
16.48 -72.7295
16.48 72.7295
16.481 -72.7358
16.481 72.7358
16.482 -72.7421
16.482 72.7421
16.483 -72.7483
16.483 72.7483
16.484 -72.7546
16.484 72.7546
16.485 -72.7609
16.485 72.7609
16.486 -72.7672
16.486 72.7672
16.487 -72.7735
16.487 72.7735
16.488 -72.7798
16.488 72.7798
16.489 -72.786
16.489 72.786
16.49 -72.7923
16.49 72.7923
16.491 -72.7986
16.491 72.7986
16.492 -72.8049
16.492 72.8049
16.493 -72.8112
16.493 72.8112
16.494 -72.8175
16.494 72.8175
16.495 -72.8237
16.495 72.8237
16.496 -72.83
16.496 72.83
16.497 -72.8363
16.497 72.8363
16.498 -72.8426
16.498 72.8426
16.499 -72.8489
16.499 72.8489
16.5 -72.8552
16.5 72.8552
16.501 -72.8614
16.501 72.8614
16.502 -72.8677
16.502 72.8677
16.503 -72.874
16.503 72.874
16.504 -72.8803
16.504 72.8803
16.505 -72.8866
16.505 72.8866
16.506 -72.8929
16.506 72.8929
16.507 -72.8992
16.507 72.8992
16.508 -72.9054
16.508 72.9054
16.509 -72.9117
16.509 72.9117
16.51 -72.918
16.51 72.918
16.511 -72.9243
16.511 72.9243
16.512 -72.9306
16.512 72.9306
16.513 -72.9369
16.513 72.9369
16.514 -72.9432
16.514 72.9432
16.515 -72.9495
16.515 72.9495
16.516 -72.9557
16.516 72.9557
16.517 -72.962
16.517 72.962
16.518 -72.9683
16.518 72.9683
16.519 -72.9746
16.519 72.9746
16.52 -72.9809
16.52 72.9809
16.521 -72.9872
16.521 72.9872
16.522 -72.9935
16.522 72.9935
16.523 -72.9998
16.523 72.9998
16.524 -73.006
16.524 73.006
16.525 -73.0123
16.525 73.0123
16.526 -73.0186
16.526 73.0186
16.527 -73.0249
16.527 73.0249
16.528 -73.0312
16.528 73.0312
16.529 -73.0375
16.529 73.0375
16.53 -73.0438
16.53 73.0438
16.531 -73.0501
16.531 73.0501
16.532 -73.0564
16.532 73.0564
16.533 -73.0627
16.533 73.0627
16.534 -73.0689
16.534 73.0689
16.535 -73.0752
16.535 73.0752
16.536 -73.0815
16.536 73.0815
16.537 -73.0878
16.537 73.0878
16.538 -73.0941
16.538 73.0941
16.539 -73.1004
16.539 73.1004
16.54 -73.1067
16.54 73.1067
16.541 -73.113
16.541 73.113
16.542 -73.1193
16.542 73.1193
16.543 -73.1256
16.543 73.1256
16.544 -73.1319
16.544 73.1319
16.545 -73.1382
16.545 73.1382
16.546 -73.1445
16.546 73.1445
16.547 -73.1507
16.547 73.1507
16.548 -73.157
16.548 73.157
16.549 -73.1633
16.549 73.1633
16.55 -73.1696
16.55 73.1696
16.551 -73.1759
16.551 73.1759
16.552 -73.1822
16.552 73.1822
16.553 -73.1885
16.553 73.1885
16.554 -73.1948
16.554 73.1948
16.555 -73.2011
16.555 73.2011
16.556 -73.2074
16.556 73.2074
16.557 -73.2137
16.557 73.2137
16.558 -73.22
16.558 73.22
16.559 -73.2263
16.559 73.2263
16.56 -73.2326
16.56 73.2326
16.561 -73.2389
16.561 73.2389
16.562 -73.2452
16.562 73.2452
16.563 -73.2515
16.563 73.2515
16.564 -73.2578
16.564 73.2578
16.565 -73.264
16.565 73.264
16.566 -73.2703
16.566 73.2703
16.567 -73.2766
16.567 73.2766
16.568 -73.2829
16.568 73.2829
16.569 -73.2892
16.569 73.2892
16.57 -73.2955
16.57 73.2955
16.571 -73.3018
16.571 73.3018
16.572 -73.3081
16.572 73.3081
16.573 -73.3144
16.573 73.3144
16.574 -73.3207
16.574 73.3207
16.575 -73.327
16.575 73.327
16.576 -73.3333
16.576 73.3333
16.577 -73.3396
16.577 73.3396
16.578 -73.3459
16.578 73.3459
16.579 -73.3522
16.579 73.3522
16.58 -73.3585
16.58 73.3585
16.581 -73.3648
16.581 73.3648
16.582 -73.3711
16.582 73.3711
16.583 -73.3774
16.583 73.3774
16.584 -73.3837
16.584 73.3837
16.585 -73.39
16.585 73.39
16.586 -73.3963
16.586 73.3963
16.587 -73.4026
16.587 73.4026
16.588 -73.4089
16.588 73.4089
16.589 -73.4152
16.589 73.4152
16.59 -73.4215
16.59 73.4215
16.591 -73.4278
16.591 73.4278
16.592 -73.4341
16.592 73.4341
16.593 -73.4404
16.593 73.4404
16.594 -73.4467
16.594 73.4467
16.595 -73.453
16.595 73.453
16.596 -73.4593
16.596 73.4593
16.597 -73.4656
16.597 73.4656
16.598 -73.4719
16.598 73.4719
16.599 -73.4782
16.599 73.4782
16.6 -73.4845
16.6 73.4845
16.601 -73.4908
16.601 73.4908
16.602 -73.4971
16.602 73.4971
16.603 -73.5034
16.603 73.5034
16.604 -73.5097
16.604 73.5097
16.605 -73.516
16.605 73.516
16.606 -73.5223
16.606 73.5223
16.607 -73.5287
16.607 73.5287
16.608 -73.535
16.608 73.535
16.609 -73.5413
16.609 73.5413
16.61 -73.5476
16.61 73.5476
16.611 -73.5539
16.611 73.5539
16.612 -73.5602
16.612 73.5602
16.613 -73.5665
16.613 73.5665
16.614 -73.5728
16.614 73.5728
16.615 -73.5791
16.615 73.5791
16.616 -73.5854
16.616 73.5854
16.617 -73.5917
16.617 73.5917
16.618 -73.598
16.618 73.598
16.619 -73.6043
16.619 73.6043
16.62 -73.6106
16.62 73.6106
16.621 -73.6169
16.621 73.6169
16.622 -73.6232
16.622 73.6232
16.623 -73.6295
16.623 73.6295
16.624 -73.6358
16.624 73.6358
16.625 -73.6421
16.625 73.6421
16.626 -73.6485
16.626 73.6485
16.627 -73.6548
16.627 73.6548
16.628 -73.6611
16.628 73.6611
16.629 -73.6674
16.629 73.6674
16.63 -73.6737
16.63 73.6737
16.631 -73.68
16.631 73.68
16.632 -73.6863
16.632 73.6863
16.633 -73.6926
16.633 73.6926
16.634 -73.6989
16.634 73.6989
16.635 -73.7052
16.635 73.7052
16.636 -73.7115
16.636 73.7115
16.637 -73.7178
16.637 73.7178
16.638 -73.7242
16.638 73.7242
16.639 -73.7305
16.639 73.7305
16.64 -73.7368
16.64 73.7368
16.641 -73.7431
16.641 73.7431
16.642 -73.7494
16.642 73.7494
16.643 -73.7557
16.643 73.7557
16.644 -73.762
16.644 73.762
16.645 -73.7683
16.645 73.7683
16.646 -73.7746
16.646 73.7746
16.647 -73.7809
16.647 73.7809
16.648 -73.7873
16.648 73.7873
16.649 -73.7936
16.649 73.7936
16.65 -73.7999
16.65 73.7999
16.651 -73.8062
16.651 73.8062
16.652 -73.8125
16.652 73.8125
16.653 -73.8188
16.653 73.8188
16.654 -73.8251
16.654 73.8251
16.655 -73.8314
16.655 73.8314
16.656 -73.8378
16.656 73.8378
16.657 -73.8441
16.657 73.8441
16.658 -73.8504
16.658 73.8504
16.659 -73.8567
16.659 73.8567
16.66 -73.863
16.66 73.863
16.661 -73.8693
16.661 73.8693
16.662 -73.8756
16.662 73.8756
16.663 -73.8819
16.663 73.8819
16.664 -73.8883
16.664 73.8883
16.665 -73.8946
16.665 73.8946
16.666 -73.9009
16.666 73.9009
16.667 -73.9072
16.667 73.9072
16.668 -73.9135
16.668 73.9135
16.669 -73.9198
16.669 73.9198
16.67 -73.9261
16.67 73.9261
16.671 -73.9325
16.671 73.9325
16.672 -73.9388
16.672 73.9388
16.673 -73.9451
16.673 73.9451
16.674 -73.9514
16.674 73.9514
16.675 -73.9577
16.675 73.9577
16.676 -73.964
16.676 73.964
16.677 -73.9704
16.677 73.9704
16.678 -73.9767
16.678 73.9767
16.679 -73.983
16.679 73.983
16.68 -73.9893
16.68 73.9893
16.681 -73.9956
16.681 73.9956
16.682 -74.0019
16.682 74.0019
16.683 -74.0083
16.683 74.0083
16.684 -74.0146
16.684 74.0146
16.685 -74.0209
16.685 74.0209
16.686 -74.0272
16.686 74.0272
16.687 -74.0335
16.687 74.0335
16.688 -74.0398
16.688 74.0398
16.689 -74.0462
16.689 74.0462
16.69 -74.0525
16.69 74.0525
16.691 -74.0588
16.691 74.0588
16.692 -74.0651
16.692 74.0651
16.693 -74.0714
16.693 74.0714
16.694 -74.0778
16.694 74.0778
16.695 -74.0841
16.695 74.0841
16.696 -74.0904
16.696 74.0904
16.697 -74.0967
16.697 74.0967
16.698 -74.103
16.698 74.103
16.699 -74.1094
16.699 74.1094
16.7 -74.1157
16.7 74.1157
16.701 -74.122
16.701 74.122
16.702 -74.1283
16.702 74.1283
16.703 -74.1346
16.703 74.1346
16.704 -74.141
16.704 74.141
16.705 -74.1473
16.705 74.1473
16.706 -74.1536
16.706 74.1536
16.707 -74.1599
16.707 74.1599
16.708 -74.1662
16.708 74.1662
16.709 -74.1726
16.709 74.1726
16.71 -74.1789
16.71 74.1789
16.711 -74.1852
16.711 74.1852
16.712 -74.1915
16.712 74.1915
16.713 -74.1979
16.713 74.1979
16.714 -74.2042
16.714 74.2042
16.715 -74.2105
16.715 74.2105
16.716 -74.2168
16.716 74.2168
16.717 -74.2231
16.717 74.2231
16.718 -74.2295
16.718 74.2295
16.719 -74.2358
16.719 74.2358
16.72 -74.2421
16.72 74.2421
16.721 -74.2484
16.721 74.2484
16.722 -74.2548
16.722 74.2548
16.723 -74.2611
16.723 74.2611
16.724 -74.2674
16.724 74.2674
16.725 -74.2737
16.725 74.2737
16.726 -74.2801
16.726 74.2801
16.727 -74.2864
16.727 74.2864
16.728 -74.2927
16.728 74.2927
16.729 -74.299
16.729 74.299
16.73 -74.3054
16.73 74.3054
16.731 -74.3117
16.731 74.3117
16.732 -74.318
16.732 74.318
16.733 -74.3243
16.733 74.3243
16.734 -74.3307
16.734 74.3307
16.735 -74.337
16.735 74.337
16.736 -74.3433
16.736 74.3433
16.737 -74.3496
16.737 74.3496
16.738 -74.356
16.738 74.356
16.739 -74.3623
16.739 74.3623
16.74 -74.3686
16.74 74.3686
16.741 -74.375
16.741 74.375
16.742 -74.3813
16.742 74.3813
16.743 -74.3876
16.743 74.3876
16.744 -74.3939
16.744 74.3939
16.745 -74.4003
16.745 74.4003
16.746 -74.4066
16.746 74.4066
16.747 -74.4129
16.747 74.4129
16.748 -74.4193
16.748 74.4193
16.749 -74.4256
16.749 74.4256
16.75 -74.4319
16.75 74.4319
16.751 -74.4382
16.751 74.4382
16.752 -74.4446
16.752 74.4446
16.753 -74.4509
16.753 74.4509
16.754 -74.4572
16.754 74.4572
16.755 -74.4636
16.755 74.4636
16.756 -74.4699
16.756 74.4699
16.757 -74.4762
16.757 74.4762
16.758 -74.4826
16.758 74.4826
16.759 -74.4889
16.759 74.4889
16.76 -74.4952
16.76 74.4952
16.761 -74.5015
16.761 74.5015
16.762 -74.5079
16.762 74.5079
16.763 -74.5142
16.763 74.5142
16.764 -74.5205
16.764 74.5205
16.765 -74.5269
16.765 74.5269
16.766 -74.5332
16.766 74.5332
16.767 -74.5395
16.767 74.5395
16.768 -74.5459
16.768 74.5459
16.769 -74.5522
16.769 74.5522
16.77 -74.5585
16.77 74.5585
16.771 -74.5649
16.771 74.5649
16.772 -74.5712
16.772 74.5712
16.773 -74.5775
16.773 74.5775
16.774 -74.5839
16.774 74.5839
16.775 -74.5902
16.775 74.5902
16.776 -74.5965
16.776 74.5965
16.777 -74.6029
16.777 74.6029
16.778 -74.6092
16.778 74.6092
16.779 -74.6155
16.779 74.6155
16.78 -74.6219
16.78 74.6219
16.781 -74.6282
16.781 74.6282
16.782 -74.6345
16.782 74.6345
16.783 -74.6409
16.783 74.6409
16.784 -74.6472
16.784 74.6472
16.785 -74.6535
16.785 74.6535
16.786 -74.6599
16.786 74.6599
16.787 -74.6662
16.787 74.6662
16.788 -74.6725
16.788 74.6725
16.789 -74.6789
16.789 74.6789
16.79 -74.6852
16.79 74.6852
16.791 -74.6916
16.791 74.6916
16.792 -74.6979
16.792 74.6979
16.793 -74.7042
16.793 74.7042
16.794 -74.7106
16.794 74.7106
16.795 -74.7169
16.795 74.7169
16.796 -74.7232
16.796 74.7232
16.797 -74.7296
16.797 74.7296
16.798 -74.7359
16.798 74.7359
16.799 -74.7423
16.799 74.7423
16.8 -74.7486
16.8 74.7486
16.801 -74.7549
16.801 74.7549
16.802 -74.7613
16.802 74.7613
16.803 -74.7676
16.803 74.7676
16.804 -74.7739
16.804 74.7739
16.805 -74.7803
16.805 74.7803
16.806 -74.7866
16.806 74.7866
16.807 -74.793
16.807 74.793
16.808 -74.7993
16.808 74.7993
16.809 -74.8056
16.809 74.8056
16.81 -74.812
16.81 74.812
16.811 -74.8183
16.811 74.8183
16.812 -74.8247
16.812 74.8247
16.813 -74.831
16.813 74.831
16.814 -74.8373
16.814 74.8373
16.815 -74.8437
16.815 74.8437
16.816 -74.85
16.816 74.85
16.817 -74.8564
16.817 74.8564
16.818 -74.8627
16.818 74.8627
16.819 -74.869
16.819 74.869
16.82 -74.8754
16.82 74.8754
16.821 -74.8817
16.821 74.8817
16.822 -74.8881
16.822 74.8881
16.823 -74.8944
16.823 74.8944
16.824 -74.9008
16.824 74.9008
16.825 -74.9071
16.825 74.9071
16.826 -74.9134
16.826 74.9134
16.827 -74.9198
16.827 74.9198
16.828 -74.9261
16.828 74.9261
16.829 -74.9325
16.829 74.9325
16.83 -74.9388
16.83 74.9388
16.831 -74.9452
16.831 74.9452
16.832 -74.9515
16.832 74.9515
16.833 -74.9578
16.833 74.9578
16.834 -74.9642
16.834 74.9642
16.835 -74.9705
16.835 74.9705
16.836 -74.9769
16.836 74.9769
16.837 -74.9832
16.837 74.9832
16.838 -74.9896
16.838 74.9896
16.839 -74.9959
16.839 74.9959
16.84 -75.0023
16.84 75.0023
16.841 -75.0086
16.841 75.0086
16.842 -75.0149
16.842 75.0149
16.843 -75.0213
16.843 75.0213
16.844 -75.0276
16.844 75.0276
16.845 -75.034
16.845 75.034
16.846 -75.0403
16.846 75.0403
16.847 -75.0467
16.847 75.0467
16.848 -75.053
16.848 75.053
16.849 -75.0594
16.849 75.0594
16.85 -75.0657
16.85 75.0657
16.851 -75.0721
16.851 75.0721
16.852 -75.0784
16.852 75.0784
16.853 -75.0848
16.853 75.0848
16.854 -75.0911
16.854 75.0911
16.855 -75.0975
16.855 75.0975
16.856 -75.1038
16.856 75.1038
16.857 -75.1101
16.857 75.1101
16.858 -75.1165
16.858 75.1165
16.859 -75.1228
16.859 75.1228
16.86 -75.1292
16.86 75.1292
16.861 -75.1355
16.861 75.1355
16.862 -75.1419
16.862 75.1419
16.863 -75.1482
16.863 75.1482
16.864 -75.1546
16.864 75.1546
16.865 -75.1609
16.865 75.1609
16.866 -75.1673
16.866 75.1673
16.867 -75.1736
16.867 75.1736
16.868 -75.18
16.868 75.18
16.869 -75.1863
16.869 75.1863
16.87 -75.1927
16.87 75.1927
16.871 -75.199
16.871 75.199
16.872 -75.2054
16.872 75.2054
16.873 -75.2117
16.873 75.2117
16.874 -75.2181
16.874 75.2181
16.875 -75.2244
16.875 75.2244
16.876 -75.2308
16.876 75.2308
16.877 -75.2371
16.877 75.2371
16.878 -75.2435
16.878 75.2435
16.879 -75.2498
16.879 75.2498
16.88 -75.2562
16.88 75.2562
16.881 -75.2626
16.881 75.2626
16.882 -75.2689
16.882 75.2689
16.883 -75.2753
16.883 75.2753
16.884 -75.2816
16.884 75.2816
16.885 -75.288
16.885 75.288
16.886 -75.2943
16.886 75.2943
16.887 -75.3007
16.887 75.3007
16.888 -75.307
16.888 75.307
16.889 -75.3134
16.889 75.3134
16.89 -75.3197
16.89 75.3197
16.891 -75.3261
16.891 75.3261
16.892 -75.3324
16.892 75.3324
16.893 -75.3388
16.893 75.3388
16.894 -75.3451
16.894 75.3451
16.895 -75.3515
16.895 75.3515
16.896 -75.3579
16.896 75.3579
16.897 -75.3642
16.897 75.3642
16.898 -75.3706
16.898 75.3706
16.899 -75.3769
16.899 75.3769
16.9 -75.3833
16.9 75.3833
16.901 -75.3896
16.901 75.3896
16.902 -75.396
16.902 75.396
16.903 -75.4023
16.903 75.4023
16.904 -75.4087
16.904 75.4087
16.905 -75.4151
16.905 75.4151
16.906 -75.4214
16.906 75.4214
16.907 -75.4278
16.907 75.4278
16.908 -75.4341
16.908 75.4341
16.909 -75.4405
16.909 75.4405
16.91 -75.4468
16.91 75.4468
16.911 -75.4532
16.911 75.4532
16.912 -75.4596
16.912 75.4596
16.913 -75.4659
16.913 75.4659
16.914 -75.4723
16.914 75.4723
16.915 -75.4786
16.915 75.4786
16.916 -75.485
16.916 75.485
16.917 -75.4914
16.917 75.4914
16.918 -75.4977
16.918 75.4977
16.919 -75.5041
16.919 75.5041
16.92 -75.5104
16.92 75.5104
16.921 -75.5168
16.921 75.5168
16.922 -75.5231
16.922 75.5231
16.923 -75.5295
16.923 75.5295
16.924 -75.5359
16.924 75.5359
16.925 -75.5422
16.925 75.5422
16.926 -75.5486
16.926 75.5486
16.927 -75.5549
16.927 75.5549
16.928 -75.5613
16.928 75.5613
16.929 -75.5677
16.929 75.5677
16.93 -75.574
16.93 75.574
16.931 -75.5804
16.931 75.5804
16.932 -75.5868
16.932 75.5868
16.933 -75.5931
16.933 75.5931
16.934 -75.5995
16.934 75.5995
16.935 -75.6058
16.935 75.6058
16.936 -75.6122
16.936 75.6122
16.937 -75.6186
16.937 75.6186
16.938 -75.6249
16.938 75.6249
16.939 -75.6313
16.939 75.6313
16.94 -75.6377
16.94 75.6377
16.941 -75.644
16.941 75.644
16.942 -75.6504
16.942 75.6504
16.943 -75.6567
16.943 75.6567
16.944 -75.6631
16.944 75.6631
16.945 -75.6695
16.945 75.6695
16.946 -75.6758
16.946 75.6758
16.947 -75.6822
16.947 75.6822
16.948 -75.6886
16.948 75.6886
16.949 -75.6949
16.949 75.6949
16.95 -75.7013
16.95 75.7013
16.951 -75.7077
16.951 75.7077
16.952 -75.714
16.952 75.714
16.953 -75.7204
16.953 75.7204
16.954 -75.7267
16.954 75.7267
16.955 -75.7331
16.955 75.7331
16.956 -75.7395
16.956 75.7395
16.957 -75.7458
16.957 75.7458
16.958 -75.7522
16.958 75.7522
16.959 -75.7586
16.959 75.7586
16.96 -75.7649
16.96 75.7649
16.961 -75.7713
16.961 75.7713
16.962 -75.7777
16.962 75.7777
16.963 -75.784
16.963 75.784
16.964 -75.7904
16.964 75.7904
16.965 -75.7968
16.965 75.7968
16.966 -75.8031
16.966 75.8031
16.967 -75.8095
16.967 75.8095
16.968 -75.8159
16.968 75.8159
16.969 -75.8222
16.969 75.8222
16.97 -75.8286
16.97 75.8286
16.971 -75.835
16.971 75.835
16.972 -75.8413
16.972 75.8413
16.973 -75.8477
16.973 75.8477
16.974 -75.8541
16.974 75.8541
16.975 -75.8605
16.975 75.8605
16.976 -75.8668
16.976 75.8668
16.977 -75.8732
16.977 75.8732
16.978 -75.8796
16.978 75.8796
16.979 -75.8859
16.979 75.8859
16.98 -75.8923
16.98 75.8923
16.981 -75.8987
16.981 75.8987
16.982 -75.905
16.982 75.905
16.983 -75.9114
16.983 75.9114
16.984 -75.9178
16.984 75.9178
16.985 -75.9242
16.985 75.9242
16.986 -75.9305
16.986 75.9305
16.987 -75.9369
16.987 75.9369
16.988 -75.9433
16.988 75.9433
16.989 -75.9496
16.989 75.9496
16.99 -75.956
16.99 75.956
16.991 -75.9624
16.991 75.9624
16.992 -75.9688
16.992 75.9688
16.993 -75.9751
16.993 75.9751
16.994 -75.9815
16.994 75.9815
16.995 -75.9879
16.995 75.9879
16.996 -75.9942
16.996 75.9942
16.997 -76.0006
16.997 76.0006
16.998 -76.007
16.998 76.007
16.999 -76.0134
16.999 76.0134
17 -76.0197
17 76.0197
17.001 -76.0261
17.001 76.0261
17.002 -76.0325
17.002 76.0325
17.003 -76.0389
17.003 76.0389
17.004 -76.0452
17.004 76.0452
17.005 -76.0516
17.005 76.0516
17.006 -76.058
17.006 76.058
17.007 -76.0644
17.007 76.0644
17.008 -76.0707
17.008 76.0707
17.009 -76.0771
17.009 76.0771
17.01 -76.0835
17.01 76.0835
17.011 -76.0899
17.011 76.0899
17.012 -76.0962
17.012 76.0962
17.013 -76.1026
17.013 76.1026
17.014 -76.109
17.014 76.109
17.015 -76.1154
17.015 76.1154
17.016 -76.1217
17.016 76.1217
17.017 -76.1281
17.017 76.1281
17.018 -76.1345
17.018 76.1345
17.019 -76.1409
17.019 76.1409
17.02 -76.1472
17.02 76.1472
17.021 -76.1536
17.021 76.1536
17.022 -76.16
17.022 76.16
17.023 -76.1664
17.023 76.1664
17.024 -76.1727
17.024 76.1727
17.025 -76.1791
17.025 76.1791
17.026 -76.1855
17.026 76.1855
17.027 -76.1919
17.027 76.1919
17.028 -76.1983
17.028 76.1983
17.029 -76.2046
17.029 76.2046
17.03 -76.211
17.03 76.211
17.031 -76.2174
17.031 76.2174
17.032 -76.2238
17.032 76.2238
17.033 -76.2302
17.033 76.2302
17.034 -76.2365
17.034 76.2365
17.035 -76.2429
17.035 76.2429
17.036 -76.2493
17.036 76.2493
17.037 -76.2557
17.037 76.2557
17.038 -76.262
17.038 76.262
17.039 -76.2684
17.039 76.2684
17.04 -76.2748
17.04 76.2748
17.041 -76.2812
17.041 76.2812
17.042 -76.2876
17.042 76.2876
17.043 -76.294
17.043 76.294
17.044 -76.3003
17.044 76.3003
17.045 -76.3067
17.045 76.3067
17.046 -76.3131
17.046 76.3131
17.047 -76.3195
17.047 76.3195
17.048 -76.3259
17.048 76.3259
17.049 -76.3322
17.049 76.3322
17.05 -76.3386
17.05 76.3386
17.051 -76.345
17.051 76.345
17.052 -76.3514
17.052 76.3514
17.053 -76.3578
17.053 76.3578
17.054 -76.3642
17.054 76.3642
17.055 -76.3705
17.055 76.3705
17.056 -76.3769
17.056 76.3769
17.057 -76.3833
17.057 76.3833
17.058 -76.3897
17.058 76.3897
17.059 -76.3961
17.059 76.3961
17.06 -76.4025
17.06 76.4025
17.061 -76.4088
17.061 76.4088
17.062 -76.4152
17.062 76.4152
17.063 -76.4216
17.063 76.4216
17.064 -76.428
17.064 76.428
17.065 -76.4344
17.065 76.4344
17.066 -76.4408
17.066 76.4408
17.067 -76.4471
17.067 76.4471
17.068 -76.4535
17.068 76.4535
17.069 -76.4599
17.069 76.4599
17.07 -76.4663
17.07 76.4663
17.071 -76.4727
17.071 76.4727
17.072 -76.4791
17.072 76.4791
17.073 -76.4855
17.073 76.4855
17.074 -76.4918
17.074 76.4918
17.075 -76.4982
17.075 76.4982
17.076 -76.5046
17.076 76.5046
17.077 -76.511
17.077 76.511
17.078 -76.5174
17.078 76.5174
17.079 -76.5238
17.079 76.5238
17.08 -76.5302
17.08 76.5302
17.081 -76.5366
17.081 76.5366
17.082 -76.5429
17.082 76.5429
17.083 -76.5493
17.083 76.5493
17.084 -76.5557
17.084 76.5557
17.085 -76.5621
17.085 76.5621
17.086 -76.5685
17.086 76.5685
17.087 -76.5749
17.087 76.5749
17.088 -76.5813
17.088 76.5813
17.089 -76.5877
17.089 76.5877
17.09 -76.594
17.09 76.594
17.091 -76.6004
17.091 76.6004
17.092 -76.6068
17.092 76.6068
17.093 -76.6132
17.093 76.6132
17.094 -76.6196
17.094 76.6196
17.095 -76.626
17.095 76.626
17.096 -76.6324
17.096 76.6324
17.097 -76.6388
17.097 76.6388
17.098 -76.6452
17.098 76.6452
17.099 -76.6516
17.099 76.6516
17.1 -76.6579
17.1 76.6579
17.101 -76.6643
17.101 76.6643
17.102 -76.6707
17.102 76.6707
17.103 -76.6771
17.103 76.6771
17.104 -76.6835
17.104 76.6835
17.105 -76.6899
17.105 76.6899
17.106 -76.6963
17.106 76.6963
17.107 -76.7027
17.107 76.7027
17.108 -76.7091
17.108 76.7091
17.109 -76.7155
17.109 76.7155
17.11 -76.7219
17.11 76.7219
17.111 -76.7283
17.111 76.7283
17.112 -76.7347
17.112 76.7347
17.113 -76.741
17.113 76.741
17.114 -76.7474
17.114 76.7474
17.115 -76.7538
17.115 76.7538
17.116 -76.7602
17.116 76.7602
17.117 -76.7666
17.117 76.7666
17.118 -76.773
17.118 76.773
17.119 -76.7794
17.119 76.7794
17.12 -76.7858
17.12 76.7858
17.121 -76.7922
17.121 76.7922
17.122 -76.7986
17.122 76.7986
17.123 -76.805
17.123 76.805
17.124 -76.8114
17.124 76.8114
17.125 -76.8178
17.125 76.8178
17.126 -76.8242
17.126 76.8242
17.127 -76.8306
17.127 76.8306
17.128 -76.837
17.128 76.837
17.129 -76.8434
17.129 76.8434
17.13 -76.8498
17.13 76.8498
17.131 -76.8562
17.131 76.8562
17.132 -76.8625
17.132 76.8625
17.133 -76.8689
17.133 76.8689
17.134 -76.8753
17.134 76.8753
17.135 -76.8817
17.135 76.8817
17.136 -76.8881
17.136 76.8881
17.137 -76.8945
17.137 76.8945
17.138 -76.9009
17.138 76.9009
17.139 -76.9073
17.139 76.9073
17.14 -76.9137
17.14 76.9137
17.141 -76.9201
17.141 76.9201
17.142 -76.9265
17.142 76.9265
17.143 -76.9329
17.143 76.9329
17.144 -76.9393
17.144 76.9393
17.145 -76.9457
17.145 76.9457
17.146 -76.9521
17.146 76.9521
17.147 -76.9585
17.147 76.9585
17.148 -76.9649
17.148 76.9649
17.149 -76.9713
17.149 76.9713
17.15 -76.9777
17.15 76.9777
17.151 -76.9841
17.151 76.9841
17.152 -76.9905
17.152 76.9905
17.153 -76.9969
17.153 76.9969
17.154 -77.0033
17.154 77.0033
17.155 -77.0097
17.155 77.0097
17.156 -77.0161
17.156 77.0161
17.157 -77.0225
17.157 77.0225
17.158 -77.0289
17.158 77.0289
17.159 -77.0353
17.159 77.0353
17.16 -77.0417
17.16 77.0417
17.161 -77.0481
17.161 77.0481
17.162 -77.0545
17.162 77.0545
17.163 -77.0609
17.163 77.0609
17.164 -77.0673
17.164 77.0673
17.165 -77.0737
17.165 77.0737
17.166 -77.0801
17.166 77.0801
17.167 -77.0865
17.167 77.0865
17.168 -77.0929
17.168 77.0929
17.169 -77.0993
17.169 77.0993
17.17 -77.1057
17.17 77.1057
17.171 -77.1121
17.171 77.1121
17.172 -77.1185
17.172 77.1185
17.173 -77.125
17.173 77.125
17.174 -77.1314
17.174 77.1314
17.175 -77.1378
17.175 77.1378
17.176 -77.1442
17.176 77.1442
17.177 -77.1506
17.177 77.1506
17.178 -77.157
17.178 77.157
17.179 -77.1634
17.179 77.1634
17.18 -77.1698
17.18 77.1698
17.181 -77.1762
17.181 77.1762
17.182 -77.1826
17.182 77.1826
17.183 -77.189
17.183 77.189
17.184 -77.1954
17.184 77.1954
17.185 -77.2018
17.185 77.2018
17.186 -77.2082
17.186 77.2082
17.187 -77.2146
17.187 77.2146
17.188 -77.221
17.188 77.221
17.189 -77.2274
17.189 77.2274
17.19 -77.2338
17.19 77.2338
17.191 -77.2402
17.191 77.2402
17.192 -77.2467
17.192 77.2467
17.193 -77.2531
17.193 77.2531
17.194 -77.2595
17.194 77.2595
17.195 -77.2659
17.195 77.2659
17.196 -77.2723
17.196 77.2723
17.197 -77.2787
17.197 77.2787
17.198 -77.2851
17.198 77.2851
17.199 -77.2915
17.199 77.2915
17.2 -77.2979
17.2 77.2979
17.201 -77.3043
17.201 77.3043
17.202 -77.3107
17.202 77.3107
17.203 -77.3171
17.203 77.3171
17.204 -77.3236
17.204 77.3236
17.205 -77.33
17.205 77.33
17.206 -77.3364
17.206 77.3364
17.207 -77.3428
17.207 77.3428
17.208 -77.3492
17.208 77.3492
17.209 -77.3556
17.209 77.3556
17.21 -77.362
17.21 77.362
17.211 -77.3684
17.211 77.3684
17.212 -77.3748
17.212 77.3748
17.213 -77.3812
17.213 77.3812
17.214 -77.3877
17.214 77.3877
17.215 -77.3941
17.215 77.3941
17.216 -77.4005
17.216 77.4005
17.217 -77.4069
17.217 77.4069
17.218 -77.4133
17.218 77.4133
17.219 -77.4197
17.219 77.4197
17.22 -77.4261
17.22 77.4261
17.221 -77.4325
17.221 77.4325
17.222 -77.4389
17.222 77.4389
17.223 -77.4454
17.223 77.4454
17.224 -77.4518
17.224 77.4518
17.225 -77.4582
17.225 77.4582
17.226 -77.4646
17.226 77.4646
17.227 -77.471
17.227 77.471
17.228 -77.4774
17.228 77.4774
17.229 -77.4838
17.229 77.4838
17.23 -77.4902
17.23 77.4902
17.231 -77.4967
17.231 77.4967
17.232 -77.5031
17.232 77.5031
17.233 -77.5095
17.233 77.5095
17.234 -77.5159
17.234 77.5159
17.235 -77.5223
17.235 77.5223
17.236 -77.5287
17.236 77.5287
17.237 -77.5351
17.237 77.5351
17.238 -77.5416
17.238 77.5416
17.239 -77.548
17.239 77.548
17.24 -77.5544
17.24 77.5544
17.241 -77.5608
17.241 77.5608
17.242 -77.5672
17.242 77.5672
17.243 -77.5736
17.243 77.5736
17.244 -77.5801
17.244 77.5801
17.245 -77.5865
17.245 77.5865
17.246 -77.5929
17.246 77.5929
17.247 -77.5993
17.247 77.5993
17.248 -77.6057
17.248 77.6057
17.249 -77.6121
17.249 77.6121
17.25 -77.6186
17.25 77.6186
17.251 -77.625
17.251 77.625
17.252 -77.6314
17.252 77.6314
17.253 -77.6378
17.253 77.6378
17.254 -77.6442
17.254 77.6442
17.255 -77.6506
17.255 77.6506
17.256 -77.6571
17.256 77.6571
17.257 -77.6635
17.257 77.6635
17.258 -77.6699
17.258 77.6699
17.259 -77.6763
17.259 77.6763
17.26 -77.6827
17.26 77.6827
17.261 -77.6892
17.261 77.6892
17.262 -77.6956
17.262 77.6956
17.263 -77.702
17.263 77.702
17.264 -77.7084
17.264 77.7084
17.265 -77.7148
17.265 77.7148
17.266 -77.7213
17.266 77.7213
17.267 -77.7277
17.267 77.7277
17.268 -77.7341
17.268 77.7341
17.269 -77.7405
17.269 77.7405
17.27 -77.7469
17.27 77.7469
17.271 -77.7534
17.271 77.7534
17.272 -77.7598
17.272 77.7598
17.273 -77.7662
17.273 77.7662
17.274 -77.7726
17.274 77.7726
17.275 -77.779
17.275 77.779
17.276 -77.7855
17.276 77.7855
17.277 -77.7919
17.277 77.7919
17.278 -77.7983
17.278 77.7983
17.279 -77.8047
17.279 77.8047
17.28 -77.8112
17.28 77.8112
17.281 -77.8176
17.281 77.8176
17.282 -77.824
17.282 77.824
17.283 -77.8304
17.283 77.8304
17.284 -77.8368
17.284 77.8368
17.285 -77.8433
17.285 77.8433
17.286 -77.8497
17.286 77.8497
17.287 -77.8561
17.287 77.8561
17.288 -77.8625
17.288 77.8625
17.289 -77.869
17.289 77.869
17.29 -77.8754
17.29 77.8754
17.291 -77.8818
17.291 77.8818
17.292 -77.8882
17.292 77.8882
17.293 -77.8947
17.293 77.8947
17.294 -77.9011
17.294 77.9011
17.295 -77.9075
17.295 77.9075
17.296 -77.9139
17.296 77.9139
17.297 -77.9204
17.297 77.9204
17.298 -77.9268
17.298 77.9268
17.299 -77.9332
17.299 77.9332
17.3 -77.9396
17.3 77.9396
17.301 -77.9461
17.301 77.9461
17.302 -77.9525
17.302 77.9525
17.303 -77.9589
17.303 77.9589
17.304 -77.9653
17.304 77.9653
17.305 -77.9718
17.305 77.9718
17.306 -77.9782
17.306 77.9782
17.307 -77.9846
17.307 77.9846
17.308 -77.991
17.308 77.991
17.309 -77.9975
17.309 77.9975
17.31 -78.0039
17.31 78.0039
17.311 -78.0103
17.311 78.0103
17.312 -78.0168
17.312 78.0168
17.313 -78.0232
17.313 78.0232
17.314 -78.0296
17.314 78.0296
17.315 -78.036
17.315 78.036
17.316 -78.0425
17.316 78.0425
17.317 -78.0489
17.317 78.0489
17.318 -78.0553
17.318 78.0553
17.319 -78.0618
17.319 78.0618
17.32 -78.0682
17.32 78.0682
17.321 -78.0746
17.321 78.0746
17.322 -78.081
17.322 78.081
17.323 -78.0875
17.323 78.0875
17.324 -78.0939
17.324 78.0939
17.325 -78.1003
17.325 78.1003
17.326 -78.1068
17.326 78.1068
17.327 -78.1132
17.327 78.1132
17.328 -78.1196
17.328 78.1196
17.329 -78.1261
17.329 78.1261
17.33 -78.1325
17.33 78.1325
17.331 -78.1389
17.331 78.1389
17.332 -78.1454
17.332 78.1454
17.333 -78.1518
17.333 78.1518
17.334 -78.1582
17.334 78.1582
17.335 -78.1647
17.335 78.1647
17.336 -78.1711
17.336 78.1711
17.337 -78.1775
17.337 78.1775
17.338 -78.1839
17.338 78.1839
17.339 -78.1904
17.339 78.1904
17.34 -78.1968
17.34 78.1968
17.341 -78.2032
17.341 78.2032
17.342 -78.2097
17.342 78.2097
17.343 -78.2161
17.343 78.2161
17.344 -78.2225
17.344 78.2225
17.345 -78.229
17.345 78.229
17.346 -78.2354
17.346 78.2354
17.347 -78.2418
17.347 78.2418
17.348 -78.2483
17.348 78.2483
17.349 -78.2547
17.349 78.2547
17.35 -78.2612
17.35 78.2612
17.351 -78.2676
17.351 78.2676
17.352 -78.274
17.352 78.274
17.353 -78.2805
17.353 78.2805
17.354 -78.2869
17.354 78.2869
17.355 -78.2933
17.355 78.2933
17.356 -78.2998
17.356 78.2998
17.357 -78.3062
17.357 78.3062
17.358 -78.3126
17.358 78.3126
17.359 -78.3191
17.359 78.3191
17.36 -78.3255
17.36 78.3255
17.361 -78.3319
17.361 78.3319
17.362 -78.3384
17.362 78.3384
17.363 -78.3448
17.363 78.3448
17.364 -78.3513
17.364 78.3513
17.365 -78.3577
17.365 78.3577
17.366 -78.3641
17.366 78.3641
17.367 -78.3706
17.367 78.3706
17.368 -78.377
17.368 78.377
17.369 -78.3834
17.369 78.3834
17.37 -78.3899
17.37 78.3899
17.371 -78.3963
17.371 78.3963
17.372 -78.4028
17.372 78.4028
17.373 -78.4092
17.373 78.4092
17.374 -78.4156
17.374 78.4156
17.375 -78.4221
17.375 78.4221
17.376 -78.4285
17.376 78.4285
17.377 -78.435
17.377 78.435
17.378 -78.4414
17.378 78.4414
17.379 -78.4478
17.379 78.4478
17.38 -78.4543
17.38 78.4543
17.381 -78.4607
17.381 78.4607
17.382 -78.4672
17.382 78.4672
17.383 -78.4736
17.383 78.4736
17.384 -78.48
17.384 78.48
17.385 -78.4865
17.385 78.4865
17.386 -78.4929
17.386 78.4929
17.387 -78.4994
17.387 78.4994
17.388 -78.5058
17.388 78.5058
17.389 -78.5122
17.389 78.5122
17.39 -78.5187
17.39 78.5187
17.391 -78.5251
17.391 78.5251
17.392 -78.5316
17.392 78.5316
17.393 -78.538
17.393 78.538
17.394 -78.5444
17.394 78.5444
17.395 -78.5509
17.395 78.5509
17.396 -78.5573
17.396 78.5573
17.397 -78.5638
17.397 78.5638
17.398 -78.5702
17.398 78.5702
17.399 -78.5767
17.399 78.5767
17.4 -78.5831
17.4 78.5831
17.401 -78.5895
17.401 78.5895
17.402 -78.596
17.402 78.596
17.403 -78.6024
17.403 78.6024
17.404 -78.6089
17.404 78.6089
17.405 -78.6153
17.405 78.6153
17.406 -78.6218
17.406 78.6218
17.407 -78.6282
17.407 78.6282
17.408 -78.6347
17.408 78.6347
17.409 -78.6411
17.409 78.6411
17.41 -78.6475
17.41 78.6475
17.411 -78.654
17.411 78.654
17.412 -78.6604
17.412 78.6604
17.413 -78.6669
17.413 78.6669
17.414 -78.6733
17.414 78.6733
17.415 -78.6798
17.415 78.6798
17.416 -78.6862
17.416 78.6862
17.417 -78.6927
17.417 78.6927
17.418 -78.6991
17.418 78.6991
17.419 -78.7056
17.419 78.7056
17.42 -78.712
17.42 78.712
17.421 -78.7185
17.421 78.7185
17.422 -78.7249
17.422 78.7249
17.423 -78.7313
17.423 78.7313
17.424 -78.7378
17.424 78.7378
17.425 -78.7442
17.425 78.7442
17.426 -78.7507
17.426 78.7507
17.427 -78.7571
17.427 78.7571
17.428 -78.7636
17.428 78.7636
17.429 -78.77
17.429 78.77
17.43 -78.7765
17.43 78.7765
17.431 -78.7829
17.431 78.7829
17.432 -78.7894
17.432 78.7894
17.433 -78.7958
17.433 78.7958
17.434 -78.8023
17.434 78.8023
17.435 -78.8087
17.435 78.8087
17.436 -78.8152
17.436 78.8152
17.437 -78.8216
17.437 78.8216
17.438 -78.8281
17.438 78.8281
17.439 -78.8345
17.439 78.8345
17.44 -78.841
17.44 78.841
17.441 -78.8474
17.441 78.8474
17.442 -78.8539
17.442 78.8539
17.443 -78.8603
17.443 78.8603
17.444 -78.8668
17.444 78.8668
17.445 -78.8732
17.445 78.8732
17.446 -78.8797
17.446 78.8797
17.447 -78.8861
17.447 78.8861
17.448 -78.8926
17.448 78.8926
17.449 -78.899
17.449 78.899
17.45 -78.9055
17.45 78.9055
17.451 -78.9119
17.451 78.9119
17.452 -78.9184
17.452 78.9184
17.453 -78.9248
17.453 78.9248
17.454 -78.9313
17.454 78.9313
17.455 -78.9378
17.455 78.9378
17.456 -78.9442
17.456 78.9442
17.457 -78.9507
17.457 78.9507
17.458 -78.9571
17.458 78.9571
17.459 -78.9636
17.459 78.9636
17.46 -78.97
17.46 78.97
17.461 -78.9765
17.461 78.9765
17.462 -78.9829
17.462 78.9829
17.463 -78.9894
17.463 78.9894
17.464 -78.9958
17.464 78.9958
17.465 -79.0023
17.465 79.0023
17.466 -79.0087
17.466 79.0087
17.467 -79.0152
17.467 79.0152
17.468 -79.0217
17.468 79.0217
17.469 -79.0281
17.469 79.0281
17.47 -79.0346
17.47 79.0346
17.471 -79.041
17.471 79.041
17.472 -79.0475
17.472 79.0475
17.473 -79.0539
17.473 79.0539
17.474 -79.0604
17.474 79.0604
17.475 -79.0668
17.475 79.0668
17.476 -79.0733
17.476 79.0733
17.477 -79.0798
17.477 79.0798
17.478 -79.0862
17.478 79.0862
17.479 -79.0927
17.479 79.0927
17.48 -79.0991
17.48 79.0991
17.481 -79.1056
17.481 79.1056
17.482 -79.112
17.482 79.112
17.483 -79.1185
17.483 79.1185
17.484 -79.125
17.484 79.125
17.485 -79.1314
17.485 79.1314
17.486 -79.1379
17.486 79.1379
17.487 -79.1443
17.487 79.1443
17.488 -79.1508
17.488 79.1508
17.489 -79.1573
17.489 79.1573
17.49 -79.1637
17.49 79.1637
17.491 -79.1702
17.491 79.1702
17.492 -79.1766
17.492 79.1766
17.493 -79.1831
17.493 79.1831
17.494 -79.1895
17.494 79.1895
17.495 -79.196
17.495 79.196
17.496 -79.2025
17.496 79.2025
17.497 -79.2089
17.497 79.2089
17.498 -79.2154
17.498 79.2154
17.499 -79.2218
17.499 79.2218
17.5 -79.2283
17.5 79.2283
17.501 -79.2348
17.501 79.2348
17.502 -79.2412
17.502 79.2412
17.503 -79.2477
17.503 79.2477
17.504 -79.2542
17.504 79.2542
17.505 -79.2606
17.505 79.2606
17.506 -79.2671
17.506 79.2671
17.507 -79.2735
17.507 79.2735
17.508 -79.28
17.508 79.28
17.509 -79.2865
17.509 79.2865
17.51 -79.2929
17.51 79.2929
17.511 -79.2994
17.511 79.2994
17.512 -79.3059
17.512 79.3059
17.513 -79.3123
17.513 79.3123
17.514 -79.3188
17.514 79.3188
17.515 -79.3252
17.515 79.3252
17.516 -79.3317
17.516 79.3317
17.517 -79.3382
17.517 79.3382
17.518 -79.3446
17.518 79.3446
17.519 -79.3511
17.519 79.3511
17.52 -79.3576
17.52 79.3576
17.521 -79.364
17.521 79.364
17.522 -79.3705
17.522 79.3705
17.523 -79.377
17.523 79.377
17.524 -79.3834
17.524 79.3834
17.525 -79.3899
17.525 79.3899
17.526 -79.3963
17.526 79.3963
17.527 -79.4028
17.527 79.4028
17.528 -79.4093
17.528 79.4093
17.529 -79.4157
17.529 79.4157
17.53 -79.4222
17.53 79.4222
17.531 -79.4287
17.531 79.4287
17.532 -79.4351
17.532 79.4351
17.533 -79.4416
17.533 79.4416
17.534 -79.4481
17.534 79.4481
17.535 -79.4545
17.535 79.4545
17.536 -79.461
17.536 79.461
17.537 -79.4675
17.537 79.4675
17.538 -79.4739
17.538 79.4739
17.539 -79.4804
17.539 79.4804
17.54 -79.4869
17.54 79.4869
17.541 -79.4933
17.541 79.4933
17.542 -79.4998
17.542 79.4998
17.543 -79.5063
17.543 79.5063
17.544 -79.5128
17.544 79.5128
17.545 -79.5192
17.545 79.5192
17.546 -79.5257
17.546 79.5257
17.547 -79.5322
17.547 79.5322
17.548 -79.5386
17.548 79.5386
17.549 -79.5451
17.549 79.5451
17.55 -79.5516
17.55 79.5516
17.551 -79.558
17.551 79.558
17.552 -79.5645
17.552 79.5645
17.553 -79.571
17.553 79.571
17.554 -79.5774
17.554 79.5774
17.555 -79.5839
17.555 79.5839
17.556 -79.5904
17.556 79.5904
17.557 -79.5969
17.557 79.5969
17.558 -79.6033
17.558 79.6033
17.559 -79.6098
17.559 79.6098
17.56 -79.6163
17.56 79.6163
17.561 -79.6227
17.561 79.6227
17.562 -79.6292
17.562 79.6292
17.563 -79.6357
17.563 79.6357
17.564 -79.6422
17.564 79.6422
17.565 -79.6486
17.565 79.6486
17.566 -79.6551
17.566 79.6551
17.567 -79.6616
17.567 79.6616
17.568 -79.668
17.568 79.668
17.569 -79.6745
17.569 79.6745
17.57 -79.681
17.57 79.681
17.571 -79.6875
17.571 79.6875
17.572 -79.6939
17.572 79.6939
17.573 -79.7004
17.573 79.7004
17.574 -79.7069
17.574 79.7069
17.575 -79.7134
17.575 79.7134
17.576 -79.7198
17.576 79.7198
17.577 -79.7263
17.577 79.7263
17.578 -79.7328
17.578 79.7328
17.579 -79.7393
17.579 79.7393
17.58 -79.7457
17.58 79.7457
17.581 -79.7522
17.581 79.7522
17.582 -79.7587
17.582 79.7587
17.583 -79.7652
17.583 79.7652
17.584 -79.7716
17.584 79.7716
17.585 -79.7781
17.585 79.7781
17.586 -79.7846
17.586 79.7846
17.587 -79.7911
17.587 79.7911
17.588 -79.7975
17.588 79.7975
17.589 -79.804
17.589 79.804
17.59 -79.8105
17.59 79.8105
17.591 -79.817
17.591 79.817
17.592 -79.8234
17.592 79.8234
17.593 -79.8299
17.593 79.8299
17.594 -79.8364
17.594 79.8364
17.595 -79.8429
17.595 79.8429
17.596 -79.8493
17.596 79.8493
17.597 -79.8558
17.597 79.8558
17.598 -79.8623
17.598 79.8623
17.599 -79.8688
17.599 79.8688
17.6 -79.8753
17.6 79.8753
17.601 -79.8817
17.601 79.8817
17.602 -79.8882
17.602 79.8882
17.603 -79.8947
17.603 79.8947
17.604 -79.9012
17.604 79.9012
17.605 -79.9076
17.605 79.9076
17.606 -79.9141
17.606 79.9141
17.607 -79.9206
17.607 79.9206
17.608 -79.9271
17.608 79.9271
17.609 -79.9336
17.609 79.9336
17.61 -79.94
17.61 79.94
17.611 -79.9465
17.611 79.9465
17.612 -79.953
17.612 79.953
17.613 -79.9595
17.613 79.9595
17.614 -79.966
17.614 79.966
17.615 -79.9724
17.615 79.9724
17.616 -79.9789
17.616 79.9789
17.617 -79.9854
17.617 79.9854
17.618 -79.9919
17.618 79.9919
17.619 -79.9984
17.619 79.9984
17.62 -80.0048
17.62 80.0048
17.621 -80.0113
17.621 80.0113
17.622 -80.0178
17.622 80.0178
17.623 -80.0243
17.623 80.0243
17.624 -80.0308
17.624 80.0308
17.625 -80.0373
17.625 80.0373
17.626 -80.0437
17.626 80.0437
17.627 -80.0502
17.627 80.0502
17.628 -80.0567
17.628 80.0567
17.629 -80.0632
17.629 80.0632
17.63 -80.0697
17.63 80.0697
17.631 -80.0762
17.631 80.0762
17.632 -80.0826
17.632 80.0826
17.633 -80.0891
17.633 80.0891
17.634 -80.0956
17.634 80.0956
17.635 -80.1021
17.635 80.1021
17.636 -80.1086
17.636 80.1086
17.637 -80.1151
17.637 80.1151
17.638 -80.1215
17.638 80.1215
17.639 -80.128
17.639 80.128
17.64 -80.1345
17.64 80.1345
17.641 -80.141
17.641 80.141
17.642 -80.1475
17.642 80.1475
17.643 -80.154
17.643 80.154
17.644 -80.1605
17.644 80.1605
17.645 -80.1669
17.645 80.1669
17.646 -80.1734
17.646 80.1734
17.647 -80.1799
17.647 80.1799
17.648 -80.1864
17.648 80.1864
17.649 -80.1929
17.649 80.1929
17.65 -80.1994
17.65 80.1994
17.651 -80.2059
17.651 80.2059
17.652 -80.2123
17.652 80.2123
17.653 -80.2188
17.653 80.2188
17.654 -80.2253
17.654 80.2253
17.655 -80.2318
17.655 80.2318
17.656 -80.2383
17.656 80.2383
17.657 -80.2448
17.657 80.2448
17.658 -80.2513
17.658 80.2513
17.659 -80.2578
17.659 80.2578
17.66 -80.2643
17.66 80.2643
17.661 -80.2707
17.661 80.2707
17.662 -80.2772
17.662 80.2772
17.663 -80.2837
17.663 80.2837
17.664 -80.2902
17.664 80.2902
17.665 -80.2967
17.665 80.2967
17.666 -80.3032
17.666 80.3032
17.667 -80.3097
17.667 80.3097
17.668 -80.3162
17.668 80.3162
17.669 -80.3227
17.669 80.3227
17.67 -80.3291
17.67 80.3291
17.671 -80.3356
17.671 80.3356
17.672 -80.3421
17.672 80.3421
17.673 -80.3486
17.673 80.3486
17.674 -80.3551
17.674 80.3551
17.675 -80.3616
17.675 80.3616
17.676 -80.3681
17.676 80.3681
17.677 -80.3746
17.677 80.3746
17.678 -80.3811
17.678 80.3811
17.679 -80.3876
17.679 80.3876
17.68 -80.3941
17.68 80.3941
17.681 -80.4005
17.681 80.4005
17.682 -80.407
17.682 80.407
17.683 -80.4135
17.683 80.4135
17.684 -80.42
17.684 80.42
17.685 -80.4265
17.685 80.4265
17.686 -80.433
17.686 80.433
17.687 -80.4395
17.687 80.4395
17.688 -80.446
17.688 80.446
17.689 -80.4525
17.689 80.4525
17.69 -80.459
17.69 80.459
17.691 -80.4655
17.691 80.4655
17.692 -80.472
17.692 80.472
17.693 -80.4785
17.693 80.4785
17.694 -80.485
17.694 80.485
17.695 -80.4915
17.695 80.4915
17.696 -80.4979
17.696 80.4979
17.697 -80.5044
17.697 80.5044
17.698 -80.5109
17.698 80.5109
17.699 -80.5174
17.699 80.5174
17.7 -80.5239
17.7 80.5239
17.701 -80.5304
17.701 80.5304
17.702 -80.5369
17.702 80.5369
17.703 -80.5434
17.703 80.5434
17.704 -80.5499
17.704 80.5499
17.705 -80.5564
17.705 80.5564
17.706 -80.5629
17.706 80.5629
17.707 -80.5694
17.707 80.5694
17.708 -80.5759
17.708 80.5759
17.709 -80.5824
17.709 80.5824
17.71 -80.5889
17.71 80.5889
17.711 -80.5954
17.711 80.5954
17.712 -80.6019
17.712 80.6019
17.713 -80.6084
17.713 80.6084
17.714 -80.6149
17.714 80.6149
17.715 -80.6214
17.715 80.6214
17.716 -80.6279
17.716 80.6279
17.717 -80.6344
17.717 80.6344
17.718 -80.6409
17.718 80.6409
17.719 -80.6474
17.719 80.6474
17.72 -80.6539
17.72 80.6539
17.721 -80.6604
17.721 80.6604
17.722 -80.6669
17.722 80.6669
17.723 -80.6734
17.723 80.6734
17.724 -80.6799
17.724 80.6799
17.725 -80.6864
17.725 80.6864
17.726 -80.6929
17.726 80.6929
17.727 -80.6994
17.727 80.6994
17.728 -80.7059
17.728 80.7059
17.729 -80.7124
17.729 80.7124
17.73 -80.7189
17.73 80.7189
17.731 -80.7254
17.731 80.7254
17.732 -80.7319
17.732 80.7319
17.733 -80.7384
17.733 80.7384
17.734 -80.7449
17.734 80.7449
17.735 -80.7514
17.735 80.7514
17.736 -80.7579
17.736 80.7579
17.737 -80.7644
17.737 80.7644
17.738 -80.7709
17.738 80.7709
17.739 -80.7774
17.739 80.7774
17.74 -80.7839
17.74 80.7839
17.741 -80.7904
17.741 80.7904
17.742 -80.7969
17.742 80.7969
17.743 -80.8034
17.743 80.8034
17.744 -80.8099
17.744 80.8099
17.745 -80.8164
17.745 80.8164
17.746 -80.8229
17.746 80.8229
17.747 -80.8294
17.747 80.8294
17.748 -80.8359
17.748 80.8359
17.749 -80.8424
17.749 80.8424
17.75 -80.8489
17.75 80.8489
17.751 -80.8554
17.751 80.8554
17.752 -80.8619
17.752 80.8619
17.753 -80.8684
17.753 80.8684
17.754 -80.8749
17.754 80.8749
17.755 -80.8814
17.755 80.8814
17.756 -80.8879
17.756 80.8879
17.757 -80.8944
17.757 80.8944
17.758 -80.901
17.758 80.901
17.759 -80.9075
17.759 80.9075
17.76 -80.914
17.76 80.914
17.761 -80.9205
17.761 80.9205
17.762 -80.927
17.762 80.927
17.763 -80.9335
17.763 80.9335
17.764 -80.94
17.764 80.94
17.765 -80.9465
17.765 80.9465
17.766 -80.953
17.766 80.953
17.767 -80.9595
17.767 80.9595
17.768 -80.966
17.768 80.966
17.769 -80.9725
17.769 80.9725
17.77 -80.979
17.77 80.979
17.771 -80.9855
17.771 80.9855
17.772 -80.992
17.772 80.992
17.773 -80.9986
17.773 80.9986
17.774 -81.0051
17.774 81.0051
17.775 -81.0116
17.775 81.0116
17.776 -81.0181
17.776 81.0181
17.777 -81.0246
17.777 81.0246
17.778 -81.0311
17.778 81.0311
17.779 -81.0376
17.779 81.0376
17.78 -81.0441
17.78 81.0441
17.781 -81.0506
17.781 81.0506
17.782 -81.0571
17.782 81.0571
17.783 -81.0636
17.783 81.0636
17.784 -81.0702
17.784 81.0702
17.785 -81.0767
17.785 81.0767
17.786 -81.0832
17.786 81.0832
17.787 -81.0897
17.787 81.0897
17.788 -81.0962
17.788 81.0962
17.789 -81.1027
17.789 81.1027
17.79 -81.1092
17.79 81.1092
17.791 -81.1157
17.791 81.1157
17.792 -81.1222
17.792 81.1222
17.793 -81.1287
17.793 81.1287
17.794 -81.1353
17.794 81.1353
17.795 -81.1418
17.795 81.1418
17.796 -81.1483
17.796 81.1483
17.797 -81.1548
17.797 81.1548
17.798 -81.1613
17.798 81.1613
17.799 -81.1678
17.799 81.1678
17.8 -81.1743
17.8 81.1743
17.801 -81.1808
17.801 81.1808
17.802 -81.1874
17.802 81.1874
17.803 -81.1939
17.803 81.1939
17.804 -81.2004
17.804 81.2004
17.805 -81.2069
17.805 81.2069
17.806 -81.2134
17.806 81.2134
17.807 -81.2199
17.807 81.2199
17.808 -81.2264
17.808 81.2264
17.809 -81.233
17.809 81.233
17.81 -81.2395
17.81 81.2395
17.811 -81.246
17.811 81.246
17.812 -81.2525
17.812 81.2525
17.813 -81.259
17.813 81.259
17.814 -81.2655
17.814 81.2655
17.815 -81.272
17.815 81.272
17.816 -81.2786
17.816 81.2786
17.817 -81.2851
17.817 81.2851
17.818 -81.2916
17.818 81.2916
17.819 -81.2981
17.819 81.2981
17.82 -81.3046
17.82 81.3046
17.821 -81.3111
17.821 81.3111
17.822 -81.3177
17.822 81.3177
17.823 -81.3242
17.823 81.3242
17.824 -81.3307
17.824 81.3307
17.825 -81.3372
17.825 81.3372
17.826 -81.3437
17.826 81.3437
17.827 -81.3502
17.827 81.3502
17.828 -81.3568
17.828 81.3568
17.829 -81.3633
17.829 81.3633
17.83 -81.3698
17.83 81.3698
17.831 -81.3763
17.831 81.3763
17.832 -81.3828
17.832 81.3828
17.833 -81.3893
17.833 81.3893
17.834 -81.3959
17.834 81.3959
17.835 -81.4024
17.835 81.4024
17.836 -81.4089
17.836 81.4089
17.837 -81.4154
17.837 81.4154
17.838 -81.4219
17.838 81.4219
17.839 -81.4285
17.839 81.4285
17.84 -81.435
17.84 81.435
17.841 -81.4415
17.841 81.4415
17.842 -81.448
17.842 81.448
17.843 -81.4545
17.843 81.4545
17.844 -81.4611
17.844 81.4611
17.845 -81.4676
17.845 81.4676
17.846 -81.4741
17.846 81.4741
17.847 -81.4806
17.847 81.4806
17.848 -81.4871
17.848 81.4871
17.849 -81.4937
17.849 81.4937
17.85 -81.5002
17.85 81.5002
17.851 -81.5067
17.851 81.5067
17.852 -81.5132
17.852 81.5132
17.853 -81.5197
17.853 81.5197
17.854 -81.5263
17.854 81.5263
17.855 -81.5328
17.855 81.5328
17.856 -81.5393
17.856 81.5393
17.857 -81.5458
17.857 81.5458
17.858 -81.5524
17.858 81.5524
17.859 -81.5589
17.859 81.5589
17.86 -81.5654
17.86 81.5654
17.861 -81.5719
17.861 81.5719
17.862 -81.5784
17.862 81.5784
17.863 -81.585
17.863 81.585
17.864 -81.5915
17.864 81.5915
17.865 -81.598
17.865 81.598
17.866 -81.6045
17.866 81.6045
17.867 -81.6111
17.867 81.6111
17.868 -81.6176
17.868 81.6176
17.869 -81.6241
17.869 81.6241
17.87 -81.6306
17.87 81.6306
17.871 -81.6372
17.871 81.6372
17.872 -81.6437
17.872 81.6437
17.873 -81.6502
17.873 81.6502
17.874 -81.6567
17.874 81.6567
17.875 -81.6633
17.875 81.6633
17.876 -81.6698
17.876 81.6698
17.877 -81.6763
17.877 81.6763
17.878 -81.6828
17.878 81.6828
17.879 -81.6894
17.879 81.6894
17.88 -81.6959
17.88 81.6959
17.881 -81.7024
17.881 81.7024
17.882 -81.7089
17.882 81.7089
17.883 -81.7155
17.883 81.7155
17.884 -81.722
17.884 81.722
17.885 -81.7285
17.885 81.7285
17.886 -81.7351
17.886 81.7351
17.887 -81.7416
17.887 81.7416
17.888 -81.7481
17.888 81.7481
17.889 -81.7546
17.889 81.7546
17.89 -81.7612
17.89 81.7612
17.891 -81.7677
17.891 81.7677
17.892 -81.7742
17.892 81.7742
17.893 -81.7808
17.893 81.7808
17.894 -81.7873
17.894 81.7873
17.895 -81.7938
17.895 81.7938
17.896 -81.8003
17.896 81.8003
17.897 -81.8069
17.897 81.8069
17.898 -81.8134
17.898 81.8134
17.899 -81.8199
17.899 81.8199
17.9 -81.8265
17.9 81.8265
17.901 -81.833
17.901 81.833
17.902 -81.8395
17.902 81.8395
17.903 -81.846
17.903 81.846
17.904 -81.8526
17.904 81.8526
17.905 -81.8591
17.905 81.8591
17.906 -81.8656
17.906 81.8656
17.907 -81.8722
17.907 81.8722
17.908 -81.8787
17.908 81.8787
17.909 -81.8852
17.909 81.8852
17.91 -81.8918
17.91 81.8918
17.911 -81.8983
17.911 81.8983
17.912 -81.9048
17.912 81.9048
17.913 -81.9114
17.913 81.9114
17.914 -81.9179
17.914 81.9179
17.915 -81.9244
17.915 81.9244
17.916 -81.931
17.916 81.931
17.917 -81.9375
17.917 81.9375
17.918 -81.944
17.918 81.944
17.919 -81.9506
17.919 81.9506
17.92 -81.9571
17.92 81.9571
17.921 -81.9636
17.921 81.9636
17.922 -81.9702
17.922 81.9702
17.923 -81.9767
17.923 81.9767
17.924 -81.9832
17.924 81.9832
17.925 -81.9898
17.925 81.9898
17.926 -81.9963
17.926 81.9963
17.927 -82.0028
17.927 82.0028
17.928 -82.0094
17.928 82.0094
17.929 -82.0159
17.929 82.0159
17.93 -82.0224
17.93 82.0224
17.931 -82.029
17.931 82.029
17.932 -82.0355
17.932 82.0355
17.933 -82.042
17.933 82.042
17.934 -82.0486
17.934 82.0486
17.935 -82.0551
17.935 82.0551
17.936 -82.0616
17.936 82.0616
17.937 -82.0682
17.937 82.0682
17.938 -82.0747
17.938 82.0747
17.939 -82.0813
17.939 82.0813
17.94 -82.0878
17.94 82.0878
17.941 -82.0943
17.941 82.0943
17.942 -82.1009
17.942 82.1009
17.943 -82.1074
17.943 82.1074
17.944 -82.1139
17.944 82.1139
17.945 -82.1205
17.945 82.1205
17.946 -82.127
17.946 82.127
17.947 -82.1335
17.947 82.1335
17.948 -82.1401
17.948 82.1401
17.949 -82.1466
17.949 82.1466
17.95 -82.1532
17.95 82.1532
17.951 -82.1597
17.951 82.1597
17.952 -82.1662
17.952 82.1662
17.953 -82.1728
17.953 82.1728
17.954 -82.1793
17.954 82.1793
17.955 -82.1859
17.955 82.1859
17.956 -82.1924
17.956 82.1924
17.957 -82.1989
17.957 82.1989
17.958 -82.2055
17.958 82.2055
17.959 -82.212
17.959 82.212
17.96 -82.2186
17.96 82.2186
17.961 -82.2251
17.961 82.2251
17.962 -82.2316
17.962 82.2316
17.963 -82.2382
17.963 82.2382
17.964 -82.2447
17.964 82.2447
17.965 -82.2513
17.965 82.2513
17.966 -82.2578
17.966 82.2578
17.967 -82.2643
17.967 82.2643
17.968 -82.2709
17.968 82.2709
17.969 -82.2774
17.969 82.2774
17.97 -82.284
17.97 82.284
17.971 -82.2905
17.971 82.2905
17.972 -82.2971
17.972 82.2971
17.973 -82.3036
17.973 82.3036
17.974 -82.3101
17.974 82.3101
17.975 -82.3167
17.975 82.3167
17.976 -82.3232
17.976 82.3232
17.977 -82.3298
17.977 82.3298
17.978 -82.3363
17.978 82.3363
17.979 -82.3429
17.979 82.3429
17.98 -82.3494
17.98 82.3494
17.981 -82.3559
17.981 82.3559
17.982 -82.3625
17.982 82.3625
17.983 -82.369
17.983 82.369
17.984 -82.3756
17.984 82.3756
17.985 -82.3821
17.985 82.3821
17.986 -82.3887
17.986 82.3887
17.987 -82.3952
17.987 82.3952
17.988 -82.4017
17.988 82.4017
17.989 -82.4083
17.989 82.4083
17.99 -82.4148
17.99 82.4148
17.991 -82.4214
17.991 82.4214
17.992 -82.4279
17.992 82.4279
17.993 -82.4345
17.993 82.4345
17.994 -82.441
17.994 82.441
17.995 -82.4476
17.995 82.4476
17.996 -82.4541
17.996 82.4541
17.997 -82.4607
17.997 82.4607
17.998 -82.4672
17.998 82.4672
17.999 -82.4738
17.999 82.4738
18 -82.4803
18 82.4803
18.001 -82.4868
18.001 82.4868
18.002 -82.4934
18.002 82.4934
18.003 -82.4999
18.003 82.4999
18.004 -82.5065
18.004 82.5065
18.005 -82.513
18.005 82.513
18.006 -82.5196
18.006 82.5196
18.007 -82.5261
18.007 82.5261
18.008 -82.5327
18.008 82.5327
18.009 -82.5392
18.009 82.5392
18.01 -82.5458
18.01 82.5458
18.011 -82.5523
18.011 82.5523
18.012 -82.5589
18.012 82.5589
18.013 -82.5654
18.013 82.5654
18.014 -82.572
18.014 82.572
18.015 -82.5785
18.015 82.5785
18.016 -82.5851
18.016 82.5851
18.017 -82.5916
18.017 82.5916
18.018 -82.5982
18.018 82.5982
18.019 -82.6047
18.019 82.6047
18.02 -82.6113
18.02 82.6113
18.021 -82.6178
18.021 82.6178
18.022 -82.6244
18.022 82.6244
18.023 -82.6309
18.023 82.6309
18.024 -82.6375
18.024 82.6375
18.025 -82.644
18.025 82.644
18.026 -82.6506
18.026 82.6506
18.027 -82.6571
18.027 82.6571
18.028 -82.6637
18.028 82.6637
18.029 -82.6702
18.029 82.6702
18.03 -82.6768
18.03 82.6768
18.031 -82.6833
18.031 82.6833
18.032 -82.6899
18.032 82.6899
18.033 -82.6964
18.033 82.6964
18.034 -82.703
18.034 82.703
18.035 -82.7096
18.035 82.7096
18.036 -82.7161
18.036 82.7161
18.037 -82.7227
18.037 82.7227
18.038 -82.7292
18.038 82.7292
18.039 -82.7358
18.039 82.7358
18.04 -82.7423
18.04 82.7423
18.041 -82.7489
18.041 82.7489
18.042 -82.7554
18.042 82.7554
18.043 -82.762
18.043 82.762
18.044 -82.7685
18.044 82.7685
18.045 -82.7751
18.045 82.7751
18.046 -82.7816
18.046 82.7816
18.047 -82.7882
18.047 82.7882
18.048 -82.7948
18.048 82.7948
18.049 -82.8013
18.049 82.8013
18.05 -82.8079
18.05 82.8079
18.051 -82.8144
18.051 82.8144
18.052 -82.821
18.052 82.821
18.053 -82.8275
18.053 82.8275
18.054 -82.8341
18.054 82.8341
18.055 -82.8406
18.055 82.8406
18.056 -82.8472
18.056 82.8472
18.057 -82.8538
18.057 82.8538
18.058 -82.8603
18.058 82.8603
18.059 -82.8669
18.059 82.8669
18.06 -82.8734
18.06 82.8734
18.061 -82.88
18.061 82.88
18.062 -82.8865
18.062 82.8865
18.063 -82.8931
18.063 82.8931
18.064 -82.8997
18.064 82.8997
18.065 -82.9062
18.065 82.9062
18.066 -82.9128
18.066 82.9128
18.067 -82.9193
18.067 82.9193
18.068 -82.9259
18.068 82.9259
18.069 -82.9325
18.069 82.9325
18.07 -82.939
18.07 82.939
18.071 -82.9456
18.071 82.9456
18.072 -82.9521
18.072 82.9521
18.073 -82.9587
18.073 82.9587
18.074 -82.9652
18.074 82.9652
18.075 -82.9718
18.075 82.9718
18.076 -82.9784
18.076 82.9784
18.077 -82.9849
18.077 82.9849
18.078 -82.9915
18.078 82.9915
18.079 -82.998
18.079 82.998
18.08 -83.0046
18.08 83.0046
18.081 -83.0112
18.081 83.0112
18.082 -83.0177
18.082 83.0177
18.083 -83.0243
18.083 83.0243
18.084 -83.0309
18.084 83.0309
18.085 -83.0374
18.085 83.0374
18.086 -83.044
18.086 83.044
18.087 -83.0505
18.087 83.0505
18.088 -83.0571
18.088 83.0571
18.089 -83.0637
18.089 83.0637
18.09 -83.0702
18.09 83.0702
18.091 -83.0768
18.091 83.0768
18.092 -83.0834
18.092 83.0834
18.093 -83.0899
18.093 83.0899
18.094 -83.0965
18.094 83.0965
18.095 -83.103
18.095 83.103
18.096 -83.1096
18.096 83.1096
18.097 -83.1162
18.097 83.1162
18.098 -83.1227
18.098 83.1227
18.099 -83.1293
18.099 83.1293
18.1 -83.1359
18.1 83.1359
18.101 -83.1424
18.101 83.1424
18.102 -83.149
18.102 83.149
18.103 -83.1556
18.103 83.1556
18.104 -83.1621
18.104 83.1621
18.105 -83.1687
18.105 83.1687
18.106 -83.1752
18.106 83.1752
18.107 -83.1818
18.107 83.1818
18.108 -83.1884
18.108 83.1884
18.109 -83.1949
18.109 83.1949
18.11 -83.2015
18.11 83.2015
18.111 -83.2081
18.111 83.2081
18.112 -83.2146
18.112 83.2146
18.113 -83.2212
18.113 83.2212
18.114 -83.2278
18.114 83.2278
18.115 -83.2343
18.115 83.2343
18.116 -83.2409
18.116 83.2409
18.117 -83.2475
18.117 83.2475
18.118 -83.254
18.118 83.254
18.119 -83.2606
18.119 83.2606
18.12 -83.2672
18.12 83.2672
18.121 -83.2737
18.121 83.2737
18.122 -83.2803
18.122 83.2803
18.123 -83.2869
18.123 83.2869
18.124 -83.2934
18.124 83.2934
18.125 -83.3
18.125 83.3
18.126 -83.3066
18.126 83.3066
18.127 -83.3132
18.127 83.3132
18.128 -83.3197
18.128 83.3197
18.129 -83.3263
18.129 83.3263
18.13 -83.3329
18.13 83.3329
18.131 -83.3394
18.131 83.3394
18.132 -83.346
18.132 83.346
18.133 -83.3526
18.133 83.3526
18.134 -83.3591
18.134 83.3591
18.135 -83.3657
18.135 83.3657
18.136 -83.3723
18.136 83.3723
18.137 -83.3788
18.137 83.3788
18.138 -83.3854
18.138 83.3854
18.139 -83.392
18.139 83.392
18.14 -83.3986
18.14 83.3986
18.141 -83.4051
18.141 83.4051
18.142 -83.4117
18.142 83.4117
18.143 -83.4183
18.143 83.4183
18.144 -83.4248
18.144 83.4248
18.145 -83.4314
18.145 83.4314
18.146 -83.438
18.146 83.438
18.147 -83.4446
18.147 83.4446
18.148 -83.4511
18.148 83.4511
18.149 -83.4577
18.149 83.4577
18.15 -83.4643
18.15 83.4643
18.151 -83.4709
18.151 83.4709
18.152 -83.4774
18.152 83.4774
18.153 -83.484
18.153 83.484
18.154 -83.4906
18.154 83.4906
18.155 -83.4971
18.155 83.4971
18.156 -83.5037
18.156 83.5037
18.157 -83.5103
18.157 83.5103
18.158 -83.5169
18.158 83.5169
18.159 -83.5234
18.159 83.5234
18.16 -83.53
18.16 83.53
18.161 -83.5366
18.161 83.5366
18.162 -83.5432
18.162 83.5432
18.163 -83.5497
18.163 83.5497
18.164 -83.5563
18.164 83.5563
18.165 -83.5629
18.165 83.5629
18.166 -83.5695
18.166 83.5695
18.167 -83.576
18.167 83.576
18.168 -83.5826
18.168 83.5826
18.169 -83.5892
18.169 83.5892
18.17 -83.5958
18.17 83.5958
18.171 -83.6023
18.171 83.6023
18.172 -83.6089
18.172 83.6089
18.173 -83.6155
18.173 83.6155
18.174 -83.6221
18.174 83.6221
18.175 -83.6286
18.175 83.6286
18.176 -83.6352
18.176 83.6352
18.177 -83.6418
18.177 83.6418
18.178 -83.6484
18.178 83.6484
18.179 -83.655
18.179 83.655
18.18 -83.6615
18.18 83.6615
18.181 -83.6681
18.181 83.6681
18.182 -83.6747
18.182 83.6747
18.183 -83.6813
18.183 83.6813
18.184 -83.6878
18.184 83.6878
18.185 -83.6944
18.185 83.6944
18.186 -83.701
18.186 83.701
18.187 -83.7076
18.187 83.7076
18.188 -83.7142
18.188 83.7142
18.189 -83.7207
18.189 83.7207
18.19 -83.7273
18.19 83.7273
18.191 -83.7339
18.191 83.7339
18.192 -83.7405
18.192 83.7405
18.193 -83.7471
18.193 83.7471
18.194 -83.7536
18.194 83.7536
18.195 -83.7602
18.195 83.7602
18.196 -83.7668
18.196 83.7668
18.197 -83.7734
18.197 83.7734
18.198 -83.78
18.198 83.78
18.199 -83.7865
18.199 83.7865
18.2 -83.7931
18.2 83.7931
18.201 -83.7997
18.201 83.7997
18.202 -83.8063
18.202 83.8063
18.203 -83.8129
18.203 83.8129
18.204 -83.8195
18.204 83.8195
18.205 -83.826
18.205 83.826
18.206 -83.8326
18.206 83.8326
18.207 -83.8392
18.207 83.8392
18.208 -83.8458
18.208 83.8458
18.209 -83.8524
18.209 83.8524
18.21 -83.8589
18.21 83.8589
18.211 -83.8655
18.211 83.8655
18.212 -83.8721
18.212 83.8721
18.213 -83.8787
18.213 83.8787
18.214 -83.8853
18.214 83.8853
18.215 -83.8919
18.215 83.8919
18.216 -83.8984
18.216 83.8984
18.217 -83.905
18.217 83.905
18.218 -83.9116
18.218 83.9116
18.219 -83.9182
18.219 83.9182
18.22 -83.9248
18.22 83.9248
18.221 -83.9314
18.221 83.9314
18.222 -83.938
18.222 83.938
18.223 -83.9445
18.223 83.9445
18.224 -83.9511
18.224 83.9511
18.225 -83.9577
18.225 83.9577
18.226 -83.9643
18.226 83.9643
18.227 -83.9709
18.227 83.9709
18.228 -83.9775
18.228 83.9775
18.229 -83.9841
18.229 83.9841
18.23 -83.9906
18.23 83.9906
18.231 -83.9972
18.231 83.9972
18.232 -84.0038
18.232 84.0038
18.233 -84.0104
18.233 84.0104
18.234 -84.017
18.234 84.017
18.235 -84.0236
18.235 84.0236
18.236 -84.0302
18.236 84.0302
18.237 -84.0367
18.237 84.0367
18.238 -84.0433
18.238 84.0433
18.239 -84.0499
18.239 84.0499
18.24 -84.0565
18.24 84.0565
18.241 -84.0631
18.241 84.0631
18.242 -84.0697
18.242 84.0697
18.243 -84.0763
18.243 84.0763
18.244 -84.0829
18.244 84.0829
18.245 -84.0895
18.245 84.0895
18.246 -84.096
18.246 84.096
18.247 -84.1026
18.247 84.1026
18.248 -84.1092
18.248 84.1092
18.249 -84.1158
18.249 84.1158
18.25 -84.1224
18.25 84.1224
18.251 -84.129
18.251 84.129
18.252 -84.1356
18.252 84.1356
18.253 -84.1422
18.253 84.1422
18.254 -84.1488
18.254 84.1488
18.255 -84.1554
18.255 84.1554
18.256 -84.1619
18.256 84.1619
18.257 -84.1685
18.257 84.1685
18.258 -84.1751
18.258 84.1751
18.259 -84.1817
18.259 84.1817
18.26 -84.1883
18.26 84.1883
18.261 -84.1949
18.261 84.1949
18.262 -84.2015
18.262 84.2015
18.263 -84.2081
18.263 84.2081
18.264 -84.2147
18.264 84.2147
18.265 -84.2213
18.265 84.2213
18.266 -84.2279
18.266 84.2279
18.267 -84.2344
18.267 84.2344
18.268 -84.241
18.268 84.241
18.269 -84.2476
18.269 84.2476
18.27 -84.2542
18.27 84.2542
18.271 -84.2608
18.271 84.2608
18.272 -84.2674
18.272 84.2674
18.273 -84.274
18.273 84.274
18.274 -84.2806
18.274 84.2806
18.275 -84.2872
18.275 84.2872
18.276 -84.2938
18.276 84.2938
18.277 -84.3004
18.277 84.3004
18.278 -84.307
18.278 84.307
18.279 -84.3136
18.279 84.3136
18.28 -84.3202
18.28 84.3202
18.281 -84.3268
18.281 84.3268
18.282 -84.3334
18.282 84.3334
18.283 -84.34
18.283 84.34
18.284 -84.3465
18.284 84.3465
18.285 -84.3531
18.285 84.3531
18.286 -84.3597
18.286 84.3597
18.287 -84.3663
18.287 84.3663
18.288 -84.3729
18.288 84.3729
18.289 -84.3795
18.289 84.3795
18.29 -84.3861
18.29 84.3861
18.291 -84.3927
18.291 84.3927
18.292 -84.3993
18.292 84.3993
18.293 -84.4059
18.293 84.4059
18.294 -84.4125
18.294 84.4125
18.295 -84.4191
18.295 84.4191
18.296 -84.4257
18.296 84.4257
18.297 -84.4323
18.297 84.4323
18.298 -84.4389
18.298 84.4389
18.299 -84.4455
18.299 84.4455
18.3 -84.4521
18.3 84.4521
18.301 -84.4587
18.301 84.4587
18.302 -84.4653
18.302 84.4653
18.303 -84.4719
18.303 84.4719
18.304 -84.4785
18.304 84.4785
18.305 -84.4851
18.305 84.4851
18.306 -84.4917
18.306 84.4917
18.307 -84.4983
18.307 84.4983
18.308 -84.5049
18.308 84.5049
18.309 -84.5115
18.309 84.5115
18.31 -84.5181
18.31 84.5181
18.311 -84.5247
18.311 84.5247
18.312 -84.5313
18.312 84.5313
18.313 -84.5379
18.313 84.5379
18.314 -84.5445
18.314 84.5445
18.315 -84.5511
18.315 84.5511
18.316 -84.5577
18.316 84.5577
18.317 -84.5643
18.317 84.5643
18.318 -84.5709
18.318 84.5709
18.319 -84.5775
18.319 84.5775
18.32 -84.5841
18.32 84.5841
18.321 -84.5907
18.321 84.5907
18.322 -84.5973
18.322 84.5973
18.323 -84.6039
18.323 84.6039
18.324 -84.6105
18.324 84.6105
18.325 -84.6171
18.325 84.6171
18.326 -84.6237
18.326 84.6237
18.327 -84.6303
18.327 84.6303
18.328 -84.6369
18.328 84.6369
18.329 -84.6435
18.329 84.6435
18.33 -84.6501
18.33 84.6501
18.331 -84.6567
18.331 84.6567
18.332 -84.6633
18.332 84.6633
18.333 -84.6699
18.333 84.6699
18.334 -84.6765
18.334 84.6765
18.335 -84.6831
18.335 84.6831
18.336 -84.6897
18.336 84.6897
18.337 -84.6964
18.337 84.6964
18.338 -84.703
18.338 84.703
18.339 -84.7096
18.339 84.7096
18.34 -84.7162
18.34 84.7162
18.341 -84.7228
18.341 84.7228
18.342 -84.7294
18.342 84.7294
18.343 -84.736
18.343 84.736
18.344 -84.7426
18.344 84.7426
18.345 -84.7492
18.345 84.7492
18.346 -84.7558
18.346 84.7558
18.347 -84.7624
18.347 84.7624
18.348 -84.769
18.348 84.769
18.349 -84.7756
18.349 84.7756
18.35 -84.7822
18.35 84.7822
18.351 -84.7888
18.351 84.7888
18.352 -84.7954
18.352 84.7954
18.353 -84.802
18.353 84.802
18.354 -84.8087
18.354 84.8087
18.355 -84.8153
18.355 84.8153
18.356 -84.8219
18.356 84.8219
18.357 -84.8285
18.357 84.8285
18.358 -84.8351
18.358 84.8351
18.359 -84.8417
18.359 84.8417
18.36 -84.8483
18.36 84.8483
18.361 -84.8549
18.361 84.8549
18.362 -84.8615
18.362 84.8615
18.363 -84.8681
18.363 84.8681
18.364 -84.8747
18.364 84.8747
18.365 -84.8813
18.365 84.8813
18.366 -84.888
18.366 84.888
18.367 -84.8946
18.367 84.8946
18.368 -84.9012
18.368 84.9012
18.369 -84.9078
18.369 84.9078
18.37 -84.9144
18.37 84.9144
18.371 -84.921
18.371 84.921
18.372 -84.9276
18.372 84.9276
18.373 -84.9342
18.373 84.9342
18.374 -84.9408
18.374 84.9408
18.375 -84.9474
18.375 84.9474
18.376 -84.9541
18.376 84.9541
18.377 -84.9607
18.377 84.9607
18.378 -84.9673
18.378 84.9673
18.379 -84.9739
18.379 84.9739
18.38 -84.9805
18.38 84.9805
18.381 -84.9871
18.381 84.9871
18.382 -84.9937
18.382 84.9937
18.383 -85.0003
18.383 85.0003
18.384 -85.007
18.384 85.007
18.385 -85.0136
18.385 85.0136
18.386 -85.0202
18.386 85.0202
18.387 -85.0268
18.387 85.0268
18.388 -85.0334
18.388 85.0334
18.389 -85.04
18.389 85.04
18.39 -85.0466
18.39 85.0466
18.391 -85.0532
18.391 85.0532
18.392 -85.0599
18.392 85.0599
18.393 -85.0665
18.393 85.0665
18.394 -85.0731
18.394 85.0731
18.395 -85.0797
18.395 85.0797
18.396 -85.0863
18.396 85.0863
18.397 -85.0929
18.397 85.0929
18.398 -85.0995
18.398 85.0995
18.399 -85.1062
18.399 85.1062
18.4 -85.1128
18.4 85.1128
18.401 -85.1194
18.401 85.1194
18.402 -85.126
18.402 85.126
18.403 -85.1326
18.403 85.1326
18.404 -85.1392
18.404 85.1392
18.405 -85.1459
18.405 85.1459
18.406 -85.1525
18.406 85.1525
18.407 -85.1591
18.407 85.1591
18.408 -85.1657
18.408 85.1657
18.409 -85.1723
18.409 85.1723
18.41 -85.1789
18.41 85.1789
18.411 -85.1855
18.411 85.1855
18.412 -85.1922
18.412 85.1922
18.413 -85.1988
18.413 85.1988
18.414 -85.2054
18.414 85.2054
18.415 -85.212
18.415 85.212
18.416 -85.2186
18.416 85.2186
18.417 -85.2253
18.417 85.2253
18.418 -85.2319
18.418 85.2319
18.419 -85.2385
18.419 85.2385
18.42 -85.2451
18.42 85.2451
18.421 -85.2517
18.421 85.2517
18.422 -85.2583
18.422 85.2583
18.423 -85.265
18.423 85.265
18.424 -85.2716
18.424 85.2716
18.425 -85.2782
18.425 85.2782
18.426 -85.2848
18.426 85.2848
18.427 -85.2914
18.427 85.2914
18.428 -85.2981
18.428 85.2981
18.429 -85.3047
18.429 85.3047
18.43 -85.3113
18.43 85.3113
18.431 -85.3179
18.431 85.3179
18.432 -85.3245
18.432 85.3245
18.433 -85.3312
18.433 85.3312
18.434 -85.3378
18.434 85.3378
18.435 -85.3444
18.435 85.3444
18.436 -85.351
18.436 85.351
18.437 -85.3577
18.437 85.3577
18.438 -85.3643
18.438 85.3643
18.439 -85.3709
18.439 85.3709
18.44 -85.3775
18.44 85.3775
18.441 -85.3841
18.441 85.3841
18.442 -85.3908
18.442 85.3908
18.443 -85.3974
18.443 85.3974
18.444 -85.404
18.444 85.404
18.445 -85.4106
18.445 85.4106
18.446 -85.4173
18.446 85.4173
18.447 -85.4239
18.447 85.4239
18.448 -85.4305
18.448 85.4305
18.449 -85.4371
18.449 85.4371
18.45 -85.4437
18.45 85.4437
18.451 -85.4504
18.451 85.4504
18.452 -85.457
18.452 85.457
18.453 -85.4636
18.453 85.4636
18.454 -85.4702
18.454 85.4702
18.455 -85.4769
18.455 85.4769
18.456 -85.4835
18.456 85.4835
18.457 -85.4901
18.457 85.4901
18.458 -85.4967
18.458 85.4967
18.459 -85.5034
18.459 85.5034
18.46 -85.51
18.46 85.51
18.461 -85.5166
18.461 85.5166
18.462 -85.5232
18.462 85.5232
18.463 -85.5299
18.463 85.5299
18.464 -85.5365
18.464 85.5365
18.465 -85.5431
18.465 85.5431
18.466 -85.5497
18.466 85.5497
18.467 -85.5564
18.467 85.5564
18.468 -85.563
18.468 85.563
18.469 -85.5696
18.469 85.5696
18.47 -85.5763
18.47 85.5763
18.471 -85.5829
18.471 85.5829
18.472 -85.5895
18.472 85.5895
18.473 -85.5961
18.473 85.5961
18.474 -85.6028
18.474 85.6028
18.475 -85.6094
18.475 85.6094
18.476 -85.616
18.476 85.616
18.477 -85.6226
18.477 85.6226
18.478 -85.6293
18.478 85.6293
18.479 -85.6359
18.479 85.6359
18.48 -85.6425
18.48 85.6425
18.481 -85.6492
18.481 85.6492
18.482 -85.6558
18.482 85.6558
18.483 -85.6624
18.483 85.6624
18.484 -85.669
18.484 85.669
18.485 -85.6757
18.485 85.6757
18.486 -85.6823
18.486 85.6823
18.487 -85.6889
18.487 85.6889
18.488 -85.6956
18.488 85.6956
18.489 -85.7022
18.489 85.7022
18.49 -85.7088
18.49 85.7088
18.491 -85.7155
18.491 85.7155
18.492 -85.7221
18.492 85.7221
18.493 -85.7287
18.493 85.7287
18.494 -85.7354
18.494 85.7354
18.495 -85.742
18.495 85.742
18.496 -85.7486
18.496 85.7486
18.497 -85.7552
18.497 85.7552
18.498 -85.7619
18.498 85.7619
18.499 -85.7685
18.499 85.7685
18.5 -85.7751
18.5 85.7751
18.501 -85.7818
18.501 85.7818
18.502 -85.7884
18.502 85.7884
18.503 -85.795
18.503 85.795
18.504 -85.8017
18.504 85.8017
18.505 -85.8083
18.505 85.8083
18.506 -85.8149
18.506 85.8149
18.507 -85.8216
18.507 85.8216
18.508 -85.8282
18.508 85.8282
18.509 -85.8348
18.509 85.8348
18.51 -85.8415
18.51 85.8415
18.511 -85.8481
18.511 85.8481
18.512 -85.8547
18.512 85.8547
18.513 -85.8614
18.513 85.8614
18.514 -85.868
18.514 85.868
18.515 -85.8746
18.515 85.8746
18.516 -85.8813
18.516 85.8813
18.517 -85.8879
18.517 85.8879
18.518 -85.8945
18.518 85.8945
18.519 -85.9012
18.519 85.9012
18.52 -85.9078
18.52 85.9078
18.521 -85.9145
18.521 85.9145
18.522 -85.9211
18.522 85.9211
18.523 -85.9277
18.523 85.9277
18.524 -85.9344
18.524 85.9344
18.525 -85.941
18.525 85.941
18.526 -85.9476
18.526 85.9476
18.527 -85.9543
18.527 85.9543
18.528 -85.9609
18.528 85.9609
18.529 -85.9675
18.529 85.9675
18.53 -85.9742
18.53 85.9742
18.531 -85.9808
18.531 85.9808
18.532 -85.9875
18.532 85.9875
18.533 -85.9941
18.533 85.9941
18.534 -86.0007
18.534 86.0007
18.535 -86.0074
18.535 86.0074
18.536 -86.014
18.536 86.014
18.537 -86.0206
18.537 86.0206
18.538 -86.0273
18.538 86.0273
18.539 -86.0339
18.539 86.0339
18.54 -86.0406
18.54 86.0406
18.541 -86.0472
18.541 86.0472
18.542 -86.0538
18.542 86.0538
18.543 -86.0605
18.543 86.0605
18.544 -86.0671
18.544 86.0671
18.545 -86.0738
18.545 86.0738
18.546 -86.0804
18.546 86.0804
18.547 -86.087
18.547 86.087
18.548 -86.0937
18.548 86.0937
18.549 -86.1003
18.549 86.1003
18.55 -86.107
18.55 86.107
18.551 -86.1136
18.551 86.1136
18.552 -86.1202
18.552 86.1202
18.553 -86.1269
18.553 86.1269
18.554 -86.1335
18.554 86.1335
18.555 -86.1402
18.555 86.1402
18.556 -86.1468
18.556 86.1468
18.557 -86.1535
18.557 86.1535
18.558 -86.1601
18.558 86.1601
18.559 -86.1667
18.559 86.1667
18.56 -86.1734
18.56 86.1734
18.561 -86.18
18.561 86.18
18.562 -86.1867
18.562 86.1867
18.563 -86.1933
18.563 86.1933
18.564 -86.1999
18.564 86.1999
18.565 -86.2066
18.565 86.2066
18.566 -86.2132
18.566 86.2132
18.567 -86.2199
18.567 86.2199
18.568 -86.2265
18.568 86.2265
18.569 -86.2332
18.569 86.2332
18.57 -86.2398
18.57 86.2398
18.571 -86.2465
18.571 86.2465
18.572 -86.2531
18.572 86.2531
18.573 -86.2597
18.573 86.2597
18.574 -86.2664
18.574 86.2664
18.575 -86.273
18.575 86.273
18.576 -86.2797
18.576 86.2797
18.577 -86.2863
18.577 86.2863
18.578 -86.293
18.578 86.293
18.579 -86.2996
18.579 86.2996
18.58 -86.3063
18.58 86.3063
18.581 -86.3129
18.581 86.3129
18.582 -86.3195
18.582 86.3195
18.583 -86.3262
18.583 86.3262
18.584 -86.3328
18.584 86.3328
18.585 -86.3395
18.585 86.3395
18.586 -86.3461
18.586 86.3461
18.587 -86.3528
18.587 86.3528
18.588 -86.3594
18.588 86.3594
18.589 -86.3661
18.589 86.3661
18.59 -86.3727
18.59 86.3727
18.591 -86.3794
18.591 86.3794
18.592 -86.386
18.592 86.386
18.593 -86.3927
18.593 86.3927
18.594 -86.3993
18.594 86.3993
18.595 -86.406
18.595 86.406
18.596 -86.4126
18.596 86.4126
18.597 -86.4193
18.597 86.4193
18.598 -86.4259
18.598 86.4259
18.599 -86.4326
18.599 86.4326
18.6 -86.4392
18.6 86.4392
18.601 -86.4459
18.601 86.4459
18.602 -86.4525
18.602 86.4525
18.603 -86.4592
18.603 86.4592
18.604 -86.4658
18.604 86.4658
18.605 -86.4725
18.605 86.4725
18.606 -86.4791
18.606 86.4791
18.607 -86.4858
18.607 86.4858
18.608 -86.4924
18.608 86.4924
18.609 -86.4991
18.609 86.4991
18.61 -86.5057
18.61 86.5057
18.611 -86.5124
18.611 86.5124
18.612 -86.519
18.612 86.519
18.613 -86.5257
18.613 86.5257
18.614 -86.5323
18.614 86.5323
18.615 -86.539
18.615 86.539
18.616 -86.5456
18.616 86.5456
18.617 -86.5523
18.617 86.5523
18.618 -86.5589
18.618 86.5589
18.619 -86.5656
18.619 86.5656
18.62 -86.5722
18.62 86.5722
18.621 -86.5789
18.621 86.5789
18.622 -86.5855
18.622 86.5855
18.623 -86.5922
18.623 86.5922
18.624 -86.5988
18.624 86.5988
18.625 -86.6055
18.625 86.6055
18.626 -86.6121
18.626 86.6121
18.627 -86.6188
18.627 86.6188
18.628 -86.6254
18.628 86.6254
18.629 -86.6321
18.629 86.6321
18.63 -86.6388
18.63 86.6388
18.631 -86.6454
18.631 86.6454
18.632 -86.6521
18.632 86.6521
18.633 -86.6587
18.633 86.6587
18.634 -86.6654
18.634 86.6654
18.635 -86.672
18.635 86.672
18.636 -86.6787
18.636 86.6787
18.637 -86.6853
18.637 86.6853
18.638 -86.692
18.638 86.692
18.639 -86.6986
18.639 86.6986
18.64 -86.7053
18.64 86.7053
18.641 -86.712
18.641 86.712
18.642 -86.7186
18.642 86.7186
18.643 -86.7253
18.643 86.7253
18.644 -86.7319
18.644 86.7319
18.645 -86.7386
18.645 86.7386
18.646 -86.7452
18.646 86.7452
18.647 -86.7519
18.647 86.7519
18.648 -86.7586
18.648 86.7586
18.649 -86.7652
18.649 86.7652
18.65 -86.7719
18.65 86.7719
18.651 -86.7785
18.651 86.7785
18.652 -86.7852
18.652 86.7852
18.653 -86.7918
18.653 86.7918
18.654 -86.7985
18.654 86.7985
18.655 -86.8052
18.655 86.8052
18.656 -86.8118
18.656 86.8118
18.657 -86.8185
18.657 86.8185
18.658 -86.8251
18.658 86.8251
18.659 -86.8318
18.659 86.8318
18.66 -86.8385
18.66 86.8385
18.661 -86.8451
18.661 86.8451
18.662 -86.8518
18.662 86.8518
18.663 -86.8584
18.663 86.8584
18.664 -86.8651
18.664 86.8651
18.665 -86.8717
18.665 86.8717
18.666 -86.8784
18.666 86.8784
18.667 -86.8851
18.667 86.8851
18.668 -86.8917
18.668 86.8917
18.669 -86.8984
18.669 86.8984
18.67 -86.9051
18.67 86.9051
18.671 -86.9117
18.671 86.9117
18.672 -86.9184
18.672 86.9184
18.673 -86.925
18.673 86.925
18.674 -86.9317
18.674 86.9317
18.675 -86.9384
18.675 86.9384
18.676 -86.945
18.676 86.945
18.677 -86.9517
18.677 86.9517
18.678 -86.9583
18.678 86.9583
18.679 -86.965
18.679 86.965
18.68 -86.9717
18.68 86.9717
18.681 -86.9783
18.681 86.9783
18.682 -86.985
18.682 86.985
18.683 -86.9917
18.683 86.9917
18.684 -86.9983
18.684 86.9983
18.685 -87.005
18.685 87.005
18.686 -87.0116
18.686 87.0116
18.687 -87.0183
18.687 87.0183
18.688 -87.025
18.688 87.025
18.689 -87.0316
18.689 87.0316
18.69 -87.0383
18.69 87.0383
18.691 -87.045
18.691 87.045
18.692 -87.0516
18.692 87.0516
18.693 -87.0583
18.693 87.0583
18.694 -87.065
18.694 87.065
18.695 -87.0716
18.695 87.0716
18.696 -87.0783
18.696 87.0783
18.697 -87.085
18.697 87.085
18.698 -87.0916
18.698 87.0916
18.699 -87.0983
18.699 87.0983
18.7 -87.105
18.7 87.105
18.701 -87.1116
18.701 87.1116
18.702 -87.1183
18.702 87.1183
18.703 -87.125
18.703 87.125
18.704 -87.1316
18.704 87.1316
18.705 -87.1383
18.705 87.1383
18.706 -87.145
18.706 87.145
18.707 -87.1516
18.707 87.1516
18.708 -87.1583
18.708 87.1583
18.709 -87.165
18.709 87.165
18.71 -87.1716
18.71 87.1716
18.711 -87.1783
18.711 87.1783
18.712 -87.185
18.712 87.185
18.713 -87.1916
18.713 87.1916
18.714 -87.1983
18.714 87.1983
18.715 -87.205
18.715 87.205
18.716 -87.2116
18.716 87.2116
18.717 -87.2183
18.717 87.2183
18.718 -87.225
18.718 87.225
18.719 -87.2316
18.719 87.2316
18.72 -87.2383
18.72 87.2383
18.721 -87.245
18.721 87.245
18.722 -87.2516
18.722 87.2516
18.723 -87.2583
18.723 87.2583
18.724 -87.265
18.724 87.265
18.725 -87.2717
18.725 87.2717
18.726 -87.2783
18.726 87.2783
18.727 -87.285
18.727 87.285
18.728 -87.2917
18.728 87.2917
18.729 -87.2983
18.729 87.2983
18.73 -87.305
18.73 87.305
18.731 -87.3117
18.731 87.3117
18.732 -87.3183
18.732 87.3183
18.733 -87.325
18.733 87.325
18.734 -87.3317
18.734 87.3317
18.735 -87.3384
18.735 87.3384
18.736 -87.345
18.736 87.345
18.737 -87.3517
18.737 87.3517
18.738 -87.3584
18.738 87.3584
18.739 -87.3651
18.739 87.3651
18.74 -87.3717
18.74 87.3717
18.741 -87.3784
18.741 87.3784
18.742 -87.3851
18.742 87.3851
18.743 -87.3917
18.743 87.3917
18.744 -87.3984
18.744 87.3984
18.745 -87.4051
18.745 87.4051
18.746 -87.4118
18.746 87.4118
18.747 -87.4184
18.747 87.4184
18.748 -87.4251
18.748 87.4251
18.749 -87.4318
18.749 87.4318
18.75 -87.4385
18.75 87.4385
18.751 -87.4451
18.751 87.4451
18.752 -87.4518
18.752 87.4518
18.753 -87.4585
18.753 87.4585
18.754 -87.4652
18.754 87.4652
18.755 -87.4718
18.755 87.4718
18.756 -87.4785
18.756 87.4785
18.757 -87.4852
18.757 87.4852
18.758 -87.4919
18.758 87.4919
18.759 -87.4985
18.759 87.4985
18.76 -87.5052
18.76 87.5052
18.761 -87.5119
18.761 87.5119
18.762 -87.5186
18.762 87.5186
18.763 -87.5252
18.763 87.5252
18.764 -87.5319
18.764 87.5319
18.765 -87.5386
18.765 87.5386
18.766 -87.5453
18.766 87.5453
18.767 -87.5519
18.767 87.5519
18.768 -87.5586
18.768 87.5586
18.769 -87.5653
18.769 87.5653
18.77 -87.572
18.77 87.572
18.771 -87.5787
18.771 87.5787
18.772 -87.5853
18.772 87.5853
18.773 -87.592
18.773 87.592
18.774 -87.5987
18.774 87.5987
18.775 -87.6054
18.775 87.6054
18.776 -87.6121
18.776 87.6121
18.777 -87.6187
18.777 87.6187
18.778 -87.6254
18.778 87.6254
18.779 -87.6321
18.779 87.6321
18.78 -87.6388
18.78 87.6388
18.781 -87.6454
18.781 87.6454
18.782 -87.6521
18.782 87.6521
18.783 -87.6588
18.783 87.6588
18.784 -87.6655
18.784 87.6655
18.785 -87.6722
18.785 87.6722
18.786 -87.6788
18.786 87.6788
18.787 -87.6855
18.787 87.6855
18.788 -87.6922
18.788 87.6922
18.789 -87.6989
18.789 87.6989
18.79 -87.7056
18.79 87.7056
18.791 -87.7122
18.791 87.7122
18.792 -87.7189
18.792 87.7189
18.793 -87.7256
18.793 87.7256
18.794 -87.7323
18.794 87.7323
18.795 -87.739
18.795 87.739
18.796 -87.7457
18.796 87.7457
18.797 -87.7523
18.797 87.7523
18.798 -87.759
18.798 87.759
18.799 -87.7657
18.799 87.7657
18.8 -87.7724
18.8 87.7724
18.801 -87.7791
18.801 87.7791
18.802 -87.7858
18.802 87.7858
18.803 -87.7924
18.803 87.7924
18.804 -87.7991
18.804 87.7991
18.805 -87.8058
18.805 87.8058
18.806 -87.8125
18.806 87.8125
18.807 -87.8192
18.807 87.8192
18.808 -87.8259
18.808 87.8259
18.809 -87.8325
18.809 87.8325
18.81 -87.8392
18.81 87.8392
18.811 -87.8459
18.811 87.8459
18.812 -87.8526
18.812 87.8526
18.813 -87.8593
18.813 87.8593
18.814 -87.866
18.814 87.866
18.815 -87.8726
18.815 87.8726
18.816 -87.8793
18.816 87.8793
18.817 -87.886
18.817 87.886
18.818 -87.8927
18.818 87.8927
18.819 -87.8994
18.819 87.8994
18.82 -87.9061
18.82 87.9061
18.821 -87.9128
18.821 87.9128
18.822 -87.9194
18.822 87.9194
18.823 -87.9261
18.823 87.9261
18.824 -87.9328
18.824 87.9328
18.825 -87.9395
18.825 87.9395
18.826 -87.9462
18.826 87.9462
18.827 -87.9529
18.827 87.9529
18.828 -87.9596
18.828 87.9596
18.829 -87.9663
18.829 87.9663
18.83 -87.9729
18.83 87.9729
18.831 -87.9796
18.831 87.9796
18.832 -87.9863
18.832 87.9863
18.833 -87.993
18.833 87.993
18.834 -87.9997
18.834 87.9997
18.835 -88.0064
18.835 88.0064
18.836 -88.0131
18.836 88.0131
18.837 -88.0198
18.837 88.0198
18.838 -88.0265
18.838 88.0265
18.839 -88.0331
18.839 88.0331
18.84 -88.0398
18.84 88.0398
18.841 -88.0465
18.841 88.0465
18.842 -88.0532
18.842 88.0532
18.843 -88.0599
18.843 88.0599
18.844 -88.0666
18.844 88.0666
18.845 -88.0733
18.845 88.0733
18.846 -88.08
18.846 88.08
18.847 -88.0867
18.847 88.0867
18.848 -88.0934
18.848 88.0934
18.849 -88.1
18.849 88.1
18.85 -88.1067
18.85 88.1067
18.851 -88.1134
18.851 88.1134
18.852 -88.1201
18.852 88.1201
18.853 -88.1268
18.853 88.1268
18.854 -88.1335
18.854 88.1335
18.855 -88.1402
18.855 88.1402
18.856 -88.1469
18.856 88.1469
18.857 -88.1536
18.857 88.1536
18.858 -88.1603
18.858 88.1603
18.859 -88.167
18.859 88.167
18.86 -88.1737
18.86 88.1737
18.861 -88.1803
18.861 88.1803
18.862 -88.187
18.862 88.187
18.863 -88.1937
18.863 88.1937
18.864 -88.2004
18.864 88.2004
18.865 -88.2071
18.865 88.2071
18.866 -88.2138
18.866 88.2138
18.867 -88.2205
18.867 88.2205
18.868 -88.2272
18.868 88.2272
18.869 -88.2339
18.869 88.2339
18.87 -88.2406
18.87 88.2406
18.871 -88.2473
18.871 88.2473
18.872 -88.254
18.872 88.254
18.873 -88.2607
18.873 88.2607
18.874 -88.2674
18.874 88.2674
18.875 -88.2741
18.875 88.2741
18.876 -88.2808
18.876 88.2808
18.877 -88.2875
18.877 88.2875
18.878 -88.2942
18.878 88.2942
18.879 -88.3008
18.879 88.3008
18.88 -88.3075
18.88 88.3075
18.881 -88.3142
18.881 88.3142
18.882 -88.3209
18.882 88.3209
18.883 -88.3276
18.883 88.3276
18.884 -88.3343
18.884 88.3343
18.885 -88.341
18.885 88.341
18.886 -88.3477
18.886 88.3477
18.887 -88.3544
18.887 88.3544
18.888 -88.3611
18.888 88.3611
18.889 -88.3678
18.889 88.3678
18.89 -88.3745
18.89 88.3745
18.891 -88.3812
18.891 88.3812
18.892 -88.3879
18.892 88.3879
18.893 -88.3946
18.893 88.3946
18.894 -88.4013
18.894 88.4013
18.895 -88.408
18.895 88.408
18.896 -88.4147
18.896 88.4147
18.897 -88.4214
18.897 88.4214
18.898 -88.4281
18.898 88.4281
18.899 -88.4348
18.899 88.4348
18.9 -88.4415
18.9 88.4415
18.901 -88.4482
18.901 88.4482
18.902 -88.4549
18.902 88.4549
18.903 -88.4616
18.903 88.4616
18.904 -88.4683
18.904 88.4683
18.905 -88.475
18.905 88.475
18.906 -88.4817
18.906 88.4817
18.907 -88.4884
18.907 88.4884
18.908 -88.4951
18.908 88.4951
18.909 -88.5018
18.909 88.5018
18.91 -88.5085
18.91 88.5085
18.911 -88.5152
18.911 88.5152
18.912 -88.5219
18.912 88.5219
18.913 -88.5286
18.913 88.5286
18.914 -88.5353
18.914 88.5353
18.915 -88.542
18.915 88.542
18.916 -88.5487
18.916 88.5487
18.917 -88.5554
18.917 88.5554
18.918 -88.5621
18.918 88.5621
18.919 -88.5688
18.919 88.5688
18.92 -88.5755
18.92 88.5755
18.921 -88.5822
18.921 88.5822
18.922 -88.5889
18.922 88.5889
18.923 -88.5956
18.923 88.5956
18.924 -88.6023
18.924 88.6023
18.925 -88.609
18.925 88.609
18.926 -88.6157
18.926 88.6157
18.927 -88.6224
18.927 88.6224
18.928 -88.6292
18.928 88.6292
18.929 -88.6359
18.929 88.6359
18.93 -88.6426
18.93 88.6426
18.931 -88.6493
18.931 88.6493
18.932 -88.656
18.932 88.656
18.933 -88.6627
18.933 88.6627
18.934 -88.6694
18.934 88.6694
18.935 -88.6761
18.935 88.6761
18.936 -88.6828
18.936 88.6828
18.937 -88.6895
18.937 88.6895
18.938 -88.6962
18.938 88.6962
18.939 -88.7029
18.939 88.7029
18.94 -88.7096
18.94 88.7096
18.941 -88.7163
18.941 88.7163
18.942 -88.723
18.942 88.723
18.943 -88.7297
18.943 88.7297
18.944 -88.7364
18.944 88.7364
18.945 -88.7431
18.945 88.7431
18.946 -88.7499
18.946 88.7499
18.947 -88.7566
18.947 88.7566
18.948 -88.7633
18.948 88.7633
18.949 -88.77
18.949 88.77
18.95 -88.7767
18.95 88.7767
18.951 -88.7834
18.951 88.7834
18.952 -88.7901
18.952 88.7901
18.953 -88.7968
18.953 88.7968
18.954 -88.8035
18.954 88.8035
18.955 -88.8102
18.955 88.8102
18.956 -88.8169
18.956 88.8169
18.957 -88.8236
18.957 88.8236
18.958 -88.8304
18.958 88.8304
18.959 -88.8371
18.959 88.8371
18.96 -88.8438
18.96 88.8438
18.961 -88.8505
18.961 88.8505
18.962 -88.8572
18.962 88.8572
18.963 -88.8639
18.963 88.8639
18.964 -88.8706
18.964 88.8706
18.965 -88.8773
18.965 88.8773
18.966 -88.884
18.966 88.884
18.967 -88.8907
18.967 88.8907
18.968 -88.8975
18.968 88.8975
18.969 -88.9042
18.969 88.9042
18.97 -88.9109
18.97 88.9109
18.971 -88.9176
18.971 88.9176
18.972 -88.9243
18.972 88.9243
18.973 -88.931
18.973 88.931
18.974 -88.9377
18.974 88.9377
18.975 -88.9444
18.975 88.9444
18.976 -88.9511
18.976 88.9511
18.977 -88.9579
18.977 88.9579
18.978 -88.9646
18.978 88.9646
18.979 -88.9713
18.979 88.9713
18.98 -88.978
18.98 88.978
18.981 -88.9847
18.981 88.9847
18.982 -88.9914
18.982 88.9914
18.983 -88.9981
18.983 88.9981
18.984 -89.0049
18.984 89.0049
18.985 -89.0116
18.985 89.0116
18.986 -89.0183
18.986 89.0183
18.987 -89.025
18.987 89.025
18.988 -89.0317
18.988 89.0317
18.989 -89.0384
18.989 89.0384
18.99 -89.0451
18.99 89.0451
18.991 -89.0518
18.991 89.0518
18.992 -89.0586
18.992 89.0586
18.993 -89.0653
18.993 89.0653
18.994 -89.072
18.994 89.072
18.995 -89.0787
18.995 89.0787
18.996 -89.0854
18.996 89.0854
18.997 -89.0921
18.997 89.0921
18.998 -89.0989
18.998 89.0989
18.999 -89.1056
18.999 89.1056
19 -89.1123
19 89.1123
19.001 -89.119
19.001 89.119
19.002 -89.1257
19.002 89.1257
19.003 -89.1324
19.003 89.1324
19.004 -89.1392
19.004 89.1392
19.005 -89.1459
19.005 89.1459
19.006 -89.1526
19.006 89.1526
19.007 -89.1593
19.007 89.1593
19.008 -89.166
19.008 89.166
19.009 -89.1727
19.009 89.1727
19.01 -89.1795
19.01 89.1795
19.011 -89.1862
19.011 89.1862
19.012 -89.1929
19.012 89.1929
19.013 -89.1996
19.013 89.1996
19.014 -89.2063
19.014 89.2063
19.015 -89.2131
19.015 89.2131
19.016 -89.2198
19.016 89.2198
19.017 -89.2265
19.017 89.2265
19.018 -89.2332
19.018 89.2332
19.019 -89.2399
19.019 89.2399
19.02 -89.2466
19.02 89.2466
19.021 -89.2534
19.021 89.2534
19.022 -89.2601
19.022 89.2601
19.023 -89.2668
19.023 89.2668
19.024 -89.2735
19.024 89.2735
19.025 -89.2802
19.025 89.2802
19.026 -89.287
19.026 89.287
19.027 -89.2937
19.027 89.2937
19.028 -89.3004
19.028 89.3004
19.029 -89.3071
19.029 89.3071
19.03 -89.3139
19.03 89.3139
19.031 -89.3206
19.031 89.3206
19.032 -89.3273
19.032 89.3273
19.033 -89.334
19.033 89.334
19.034 -89.3407
19.034 89.3407
19.035 -89.3475
19.035 89.3475
19.036 -89.3542
19.036 89.3542
19.037 -89.3609
19.037 89.3609
19.038 -89.3676
19.038 89.3676
19.039 -89.3743
19.039 89.3743
19.04 -89.3811
19.04 89.3811
19.041 -89.3878
19.041 89.3878
19.042 -89.3945
19.042 89.3945
19.043 -89.4012
19.043 89.4012
19.044 -89.408
19.044 89.408
19.045 -89.4147
19.045 89.4147
19.046 -89.4214
19.046 89.4214
19.047 -89.4281
19.047 89.4281
19.048 -89.4349
19.048 89.4349
19.049 -89.4416
19.049 89.4416
19.05 -89.4483
19.05 89.4483
19.051 -89.455
19.051 89.455
19.052 -89.4618
19.052 89.4618
19.053 -89.4685
19.053 89.4685
19.054 -89.4752
19.054 89.4752
19.055 -89.4819
19.055 89.4819
19.056 -89.4887
19.056 89.4887
19.057 -89.4954
19.057 89.4954
19.058 -89.5021
19.058 89.5021
19.059 -89.5088
19.059 89.5088
19.06 -89.5156
19.06 89.5156
19.061 -89.5223
19.061 89.5223
19.062 -89.529
19.062 89.529
19.063 -89.5357
19.063 89.5357
19.064 -89.5425
19.064 89.5425
19.065 -89.5492
19.065 89.5492
19.066 -89.5559
19.066 89.5559
19.067 -89.5627
19.067 89.5627
19.068 -89.5694
19.068 89.5694
19.069 -89.5761
19.069 89.5761
19.07 -89.5828
19.07 89.5828
19.071 -89.5896
19.071 89.5896
19.072 -89.5963
19.072 89.5963
19.073 -89.603
19.073 89.603
19.074 -89.6097
19.074 89.6097
19.075 -89.6165
19.075 89.6165
19.076 -89.6232
19.076 89.6232
19.077 -89.6299
19.077 89.6299
19.078 -89.6367
19.078 89.6367
19.079 -89.6434
19.079 89.6434
19.08 -89.6501
19.08 89.6501
19.081 -89.6569
19.081 89.6569
19.082 -89.6636
19.082 89.6636
19.083 -89.6703
19.083 89.6703
19.084 -89.677
19.084 89.677
19.085 -89.6838
19.085 89.6838
19.086 -89.6905
19.086 89.6905
19.087 -89.6972
19.087 89.6972
19.088 -89.704
19.088 89.704
19.089 -89.7107
19.089 89.7107
19.09 -89.7174
19.09 89.7174
19.091 -89.7242
19.091 89.7242
19.092 -89.7309
19.092 89.7309
19.093 -89.7376
19.093 89.7376
19.094 -89.7444
19.094 89.7444
19.095 -89.7511
19.095 89.7511
19.096 -89.7578
19.096 89.7578
19.097 -89.7646
19.097 89.7646
19.098 -89.7713
19.098 89.7713
19.099 -89.778
19.099 89.778
19.1 -89.7847
19.1 89.7847
19.101 -89.7915
19.101 89.7915
19.102 -89.7982
19.102 89.7982
19.103 -89.8049
19.103 89.8049
19.104 -89.8117
19.104 89.8117
19.105 -89.8184
19.105 89.8184
19.106 -89.8251
19.106 89.8251
19.107 -89.8319
19.107 89.8319
19.108 -89.8386
19.108 89.8386
19.109 -89.8454
19.109 89.8454
19.11 -89.8521
19.11 89.8521
19.111 -89.8588
19.111 89.8588
19.112 -89.8656
19.112 89.8656
19.113 -89.8723
19.113 89.8723
19.114 -89.879
19.114 89.879
19.115 -89.8858
19.115 89.8858
19.116 -89.8925
19.116 89.8925
19.117 -89.8992
19.117 89.8992
19.118 -89.906
19.118 89.906
19.119 -89.9127
19.119 89.9127
19.12 -89.9194
19.12 89.9194
19.121 -89.9262
19.121 89.9262
19.122 -89.9329
19.122 89.9329
19.123 -89.9396
19.123 89.9396
19.124 -89.9464
19.124 89.9464
19.125 -89.9531
19.125 89.9531
19.126 -89.9599
19.126 89.9599
19.127 -89.9666
19.127 89.9666
19.128 -89.9733
19.128 89.9733
19.129 -89.9801
19.129 89.9801
19.13 -89.9868
19.13 89.9868
19.131 -89.9935
19.131 89.9935
19.132 -90.0003
19.132 90.0003
19.133 -90.007
19.133 90.007
19.134 -90.0138
19.134 90.0138
19.135 -90.0205
19.135 90.0205
19.136 -90.0272
19.136 90.0272
19.137 -90.034
19.137 90.034
19.138 -90.0407
19.138 90.0407
19.139 -90.0475
19.139 90.0475
19.14 -90.0542
19.14 90.0542
19.141 -90.0609
19.141 90.0609
19.142 -90.0677
19.142 90.0677
19.143 -90.0744
19.143 90.0744
19.144 -90.0812
19.144 90.0812
19.145 -90.0879
19.145 90.0879
19.146 -90.0946
19.146 90.0946
19.147 -90.1014
19.147 90.1014
19.148 -90.1081
19.148 90.1081
19.149 -90.1149
19.149 90.1149
19.15 -90.1216
19.15 90.1216
19.151 -90.1283
19.151 90.1283
19.152 -90.1351
19.152 90.1351
19.153 -90.1418
19.153 90.1418
19.154 -90.1486
19.154 90.1486
19.155 -90.1553
19.155 90.1553
19.156 -90.1621
19.156 90.1621
19.157 -90.1688
19.157 90.1688
19.158 -90.1755
19.158 90.1755
19.159 -90.1823
19.159 90.1823
19.16 -90.189
19.16 90.189
19.161 -90.1958
19.161 90.1958
19.162 -90.2025
19.162 90.2025
19.163 -90.2093
19.163 90.2093
19.164 -90.216
19.164 90.216
19.165 -90.2227
19.165 90.2227
19.166 -90.2295
19.166 90.2295
19.167 -90.2362
19.167 90.2362
19.168 -90.243
19.168 90.243
19.169 -90.2497
19.169 90.2497
19.17 -90.2565
19.17 90.2565
19.171 -90.2632
19.171 90.2632
19.172 -90.27
19.172 90.27
19.173 -90.2767
19.173 90.2767
19.174 -90.2834
19.174 90.2834
19.175 -90.2902
19.175 90.2902
19.176 -90.2969
19.176 90.2969
19.177 -90.3037
19.177 90.3037
19.178 -90.3104
19.178 90.3104
19.179 -90.3172
19.179 90.3172
19.18 -90.3239
19.18 90.3239
19.181 -90.3307
19.181 90.3307
19.182 -90.3374
19.182 90.3374
19.183 -90.3442
19.183 90.3442
19.184 -90.3509
19.184 90.3509
19.185 -90.3576
19.185 90.3576
19.186 -90.3644
19.186 90.3644
19.187 -90.3711
19.187 90.3711
19.188 -90.3779
19.188 90.3779
19.189 -90.3846
19.189 90.3846
19.19 -90.3914
19.19 90.3914
19.191 -90.3981
19.191 90.3981
19.192 -90.4049
19.192 90.4049
19.193 -90.4116
19.193 90.4116
19.194 -90.4184
19.194 90.4184
19.195 -90.4251
19.195 90.4251
19.196 -90.4319
19.196 90.4319
19.197 -90.4386
19.197 90.4386
19.198 -90.4454
19.198 90.4454
19.199 -90.4521
19.199 90.4521
19.2 -90.4589
19.2 90.4589
19.201 -90.4656
19.201 90.4656
19.202 -90.4724
19.202 90.4724
19.203 -90.4791
19.203 90.4791
19.204 -90.4859
19.204 90.4859
19.205 -90.4926
19.205 90.4926
19.206 -90.4994
19.206 90.4994
19.207 -90.5061
19.207 90.5061
19.208 -90.5129
19.208 90.5129
19.209 -90.5196
19.209 90.5196
19.21 -90.5264
19.21 90.5264
19.211 -90.5331
19.211 90.5331
19.212 -90.5399
19.212 90.5399
19.213 -90.5466
19.213 90.5466
19.214 -90.5534
19.214 90.5534
19.215 -90.5601
19.215 90.5601
19.216 -90.5669
19.216 90.5669
19.217 -90.5736
19.217 90.5736
19.218 -90.5804
19.218 90.5804
19.219 -90.5871
19.219 90.5871
19.22 -90.5939
19.22 90.5939
19.221 -90.6007
19.221 90.6007
19.222 -90.6074
19.222 90.6074
19.223 -90.6142
19.223 90.6142
19.224 -90.6209
19.224 90.6209
19.225 -90.6277
19.225 90.6277
19.226 -90.6344
19.226 90.6344
19.227 -90.6412
19.227 90.6412
19.228 -90.6479
19.228 90.6479
19.229 -90.6547
19.229 90.6547
19.23 -90.6614
19.23 90.6614
19.231 -90.6682
19.231 90.6682
19.232 -90.6749
19.232 90.6749
19.233 -90.6817
19.233 90.6817
19.234 -90.6885
19.234 90.6885
19.235 -90.6952
19.235 90.6952
19.236 -90.702
19.236 90.702
19.237 -90.7087
19.237 90.7087
19.238 -90.7155
19.238 90.7155
19.239 -90.7222
19.239 90.7222
19.24 -90.729
19.24 90.729
19.241 -90.7357
19.241 90.7357
19.242 -90.7425
19.242 90.7425
19.243 -90.7493
19.243 90.7493
19.244 -90.756
19.244 90.756
19.245 -90.7628
19.245 90.7628
19.246 -90.7695
19.246 90.7695
19.247 -90.7763
19.247 90.7763
19.248 -90.783
19.248 90.783
19.249 -90.7898
19.249 90.7898
19.25 -90.7966
19.25 90.7966
19.251 -90.8033
19.251 90.8033
19.252 -90.8101
19.252 90.8101
19.253 -90.8168
19.253 90.8168
19.254 -90.8236
19.254 90.8236
19.255 -90.8304
19.255 90.8304
19.256 -90.8371
19.256 90.8371
19.257 -90.8439
19.257 90.8439
19.258 -90.8506
19.258 90.8506
19.259 -90.8574
19.259 90.8574
19.26 -90.8641
19.26 90.8641
19.261 -90.8709
19.261 90.8709
19.262 -90.8777
19.262 90.8777
19.263 -90.8844
19.263 90.8844
19.264 -90.8912
19.264 90.8912
19.265 -90.8979
19.265 90.8979
19.266 -90.9047
19.266 90.9047
19.267 -90.9115
19.267 90.9115
19.268 -90.9182
19.268 90.9182
19.269 -90.925
19.269 90.925
19.27 -90.9318
19.27 90.9318
19.271 -90.9385
19.271 90.9385
19.272 -90.9453
19.272 90.9453
19.273 -90.952
19.273 90.952
19.274 -90.9588
19.274 90.9588
19.275 -90.9656
19.275 90.9656
19.276 -90.9723
19.276 90.9723
19.277 -90.9791
19.277 90.9791
19.278 -90.9858
19.278 90.9858
19.279 -90.9926
19.279 90.9926
19.28 -90.9994
19.28 90.9994
19.281 -91.0061
19.281 91.0061
19.282 -91.0129
19.282 91.0129
19.283 -91.0197
19.283 91.0197
19.284 -91.0264
19.284 91.0264
19.285 -91.0332
19.285 91.0332
19.286 -91.04
19.286 91.04
19.287 -91.0467
19.287 91.0467
19.288 -91.0535
19.288 91.0535
19.289 -91.0602
19.289 91.0602
19.29 -91.067
19.29 91.067
19.291 -91.0738
19.291 91.0738
19.292 -91.0805
19.292 91.0805
19.293 -91.0873
19.293 91.0873
19.294 -91.0941
19.294 91.0941
19.295 -91.1008
19.295 91.1008
19.296 -91.1076
19.296 91.1076
19.297 -91.1144
19.297 91.1144
19.298 -91.1211
19.298 91.1211
19.299 -91.1279
19.299 91.1279
19.3 -91.1347
19.3 91.1347
19.301 -91.1414
19.301 91.1414
19.302 -91.1482
19.302 91.1482
19.303 -91.155
19.303 91.155
19.304 -91.1617
19.304 91.1617
19.305 -91.1685
19.305 91.1685
19.306 -91.1753
19.306 91.1753
19.307 -91.182
19.307 91.182
19.308 -91.1888
19.308 91.1888
19.309 -91.1956
19.309 91.1956
19.31 -91.2023
19.31 91.2023
19.311 -91.2091
19.311 91.2091
19.312 -91.2159
19.312 91.2159
19.313 -91.2226
19.313 91.2226
19.314 -91.2294
19.314 91.2294
19.315 -91.2362
19.315 91.2362
19.316 -91.2429
19.316 91.2429
19.317 -91.2497
19.317 91.2497
19.318 -91.2565
19.318 91.2565
19.319 -91.2633
19.319 91.2633
19.32 -91.27
19.32 91.27
19.321 -91.2768
19.321 91.2768
19.322 -91.2836
19.322 91.2836
19.323 -91.2903
19.323 91.2903
19.324 -91.2971
19.324 91.2971
19.325 -91.3039
19.325 91.3039
19.326 -91.3106
19.326 91.3106
19.327 -91.3174
19.327 91.3174
19.328 -91.3242
19.328 91.3242
19.329 -91.331
19.329 91.331
19.33 -91.3377
19.33 91.3377
19.331 -91.3445
19.331 91.3445
19.332 -91.3513
19.332 91.3513
19.333 -91.358
19.333 91.358
19.334 -91.3648
19.334 91.3648
19.335 -91.3716
19.335 91.3716
19.336 -91.3784
19.336 91.3784
19.337 -91.3851
19.337 91.3851
19.338 -91.3919
19.338 91.3919
19.339 -91.3987
19.339 91.3987
19.34 -91.4054
19.34 91.4054
19.341 -91.4122
19.341 91.4122
19.342 -91.419
19.342 91.419
19.343 -91.4258
19.343 91.4258
19.344 -91.4325
19.344 91.4325
19.345 -91.4393
19.345 91.4393
19.346 -91.4461
19.346 91.4461
19.347 -91.4529
19.347 91.4529
19.348 -91.4596
19.348 91.4596
19.349 -91.4664
19.349 91.4664
19.35 -91.4732
19.35 91.4732
19.351 -91.48
19.351 91.48
19.352 -91.4867
19.352 91.4867
19.353 -91.4935
19.353 91.4935
19.354 -91.5003
19.354 91.5003
19.355 -91.5071
19.355 91.5071
19.356 -91.5138
19.356 91.5138
19.357 -91.5206
19.357 91.5206
19.358 -91.5274
19.358 91.5274
19.359 -91.5342
19.359 91.5342
19.36 -91.5409
19.36 91.5409
19.361 -91.5477
19.361 91.5477
19.362 -91.5545
19.362 91.5545
19.363 -91.5613
19.363 91.5613
19.364 -91.568
19.364 91.568
19.365 -91.5748
19.365 91.5748
19.366 -91.5816
19.366 91.5816
19.367 -91.5884
19.367 91.5884
19.368 -91.5951
19.368 91.5951
19.369 -91.6019
19.369 91.6019
19.37 -91.6087
19.37 91.6087
19.371 -91.6155
19.371 91.6155
19.372 -91.6223
19.372 91.6223
19.373 -91.629
19.373 91.629
19.374 -91.6358
19.374 91.6358
19.375 -91.6426
19.375 91.6426
19.376 -91.6494
19.376 91.6494
19.377 -91.6562
19.377 91.6562
19.378 -91.6629
19.378 91.6629
19.379 -91.6697
19.379 91.6697
19.38 -91.6765
19.38 91.6765
19.381 -91.6833
19.381 91.6833
19.382 -91.69
19.382 91.69
19.383 -91.6968
19.383 91.6968
19.384 -91.7036
19.384 91.7036
19.385 -91.7104
19.385 91.7104
19.386 -91.7172
19.386 91.7172
19.387 -91.724
19.387 91.724
19.388 -91.7307
19.388 91.7307
19.389 -91.7375
19.389 91.7375
19.39 -91.7443
19.39 91.7443
19.391 -91.7511
19.391 91.7511
19.392 -91.7579
19.392 91.7579
19.393 -91.7646
19.393 91.7646
19.394 -91.7714
19.394 91.7714
19.395 -91.7782
19.395 91.7782
19.396 -91.785
19.396 91.785
19.397 -91.7918
19.397 91.7918
19.398 -91.7985
19.398 91.7985
19.399 -91.8053
19.399 91.8053
19.4 -91.8121
19.4 91.8121
19.401 -91.8189
19.401 91.8189
19.402 -91.8257
19.402 91.8257
19.403 -91.8325
19.403 91.8325
19.404 -91.8392
19.404 91.8392
19.405 -91.846
19.405 91.846
19.406 -91.8528
19.406 91.8528
19.407 -91.8596
19.407 91.8596
19.408 -91.8664
19.408 91.8664
19.409 -91.8732
19.409 91.8732
19.41 -91.8799
19.41 91.8799
19.411 -91.8867
19.411 91.8867
19.412 -91.8935
19.412 91.8935
19.413 -91.9003
19.413 91.9003
19.414 -91.9071
19.414 91.9071
19.415 -91.9139
19.415 91.9139
19.416 -91.9207
19.416 91.9207
19.417 -91.9274
19.417 91.9274
19.418 -91.9342
19.418 91.9342
19.419 -91.941
19.419 91.941
19.42 -91.9478
19.42 91.9478
19.421 -91.9546
19.421 91.9546
19.422 -91.9614
19.422 91.9614
19.423 -91.9682
19.423 91.9682
19.424 -91.9749
19.424 91.9749
19.425 -91.9817
19.425 91.9817
19.426 -91.9885
19.426 91.9885
19.427 -91.9953
19.427 91.9953
19.428 -92.0021
19.428 92.0021
19.429 -92.0089
19.429 92.0089
19.43 -92.0157
19.43 92.0157
19.431 -92.0225
19.431 92.0225
19.432 -92.0292
19.432 92.0292
19.433 -92.036
19.433 92.036
19.434 -92.0428
19.434 92.0428
19.435 -92.0496
19.435 92.0496
19.436 -92.0564
19.436 92.0564
19.437 -92.0632
19.437 92.0632
19.438 -92.07
19.438 92.07
19.439 -92.0768
19.439 92.0768
19.44 -92.0836
19.44 92.0836
19.441 -92.0903
19.441 92.0903
19.442 -92.0971
19.442 92.0971
19.443 -92.1039
19.443 92.1039
19.444 -92.1107
19.444 92.1107
19.445 -92.1175
19.445 92.1175
19.446 -92.1243
19.446 92.1243
19.447 -92.1311
19.447 92.1311
19.448 -92.1379
19.448 92.1379
19.449 -92.1447
19.449 92.1447
19.45 -92.1515
19.45 92.1515
19.451 -92.1582
19.451 92.1582
19.452 -92.165
19.452 92.165
19.453 -92.1718
19.453 92.1718
19.454 -92.1786
19.454 92.1786
19.455 -92.1854
19.455 92.1854
19.456 -92.1922
19.456 92.1922
19.457 -92.199
19.457 92.199
19.458 -92.2058
19.458 92.2058
19.459 -92.2126
19.459 92.2126
19.46 -92.2194
19.46 92.2194
19.461 -92.2262
19.461 92.2262
19.462 -92.233
19.462 92.233
19.463 -92.2398
19.463 92.2398
19.464 -92.2465
19.464 92.2465
19.465 -92.2533
19.465 92.2533
19.466 -92.2601
19.466 92.2601
19.467 -92.2669
19.467 92.2669
19.468 -92.2737
19.468 92.2737
19.469 -92.2805
19.469 92.2805
19.47 -92.2873
19.47 92.2873
19.471 -92.2941
19.471 92.2941
19.472 -92.3009
19.472 92.3009
19.473 -92.3077
19.473 92.3077
19.474 -92.3145
19.474 92.3145
19.475 -92.3213
19.475 92.3213
19.476 -92.3281
19.476 92.3281
19.477 -92.3349
19.477 92.3349
19.478 -92.3417
19.478 92.3417
19.479 -92.3485
19.479 92.3485
19.48 -92.3553
19.48 92.3553
19.481 -92.3621
19.481 92.3621
19.482 -92.3689
19.482 92.3689
19.483 -92.3757
19.483 92.3757
19.484 -92.3824
19.484 92.3824
19.485 -92.3892
19.485 92.3892
19.486 -92.396
19.486 92.396
19.487 -92.4028
19.487 92.4028
19.488 -92.4096
19.488 92.4096
19.489 -92.4164
19.489 92.4164
19.49 -92.4232
19.49 92.4232
19.491 -92.43
19.491 92.43
19.492 -92.4368
19.492 92.4368
19.493 -92.4436
19.493 92.4436
19.494 -92.4504
19.494 92.4504
19.495 -92.4572
19.495 92.4572
19.496 -92.464
19.496 92.464
19.497 -92.4708
19.497 92.4708
19.498 -92.4776
19.498 92.4776
19.499 -92.4844
19.499 92.4844
19.5 -92.4912
19.5 92.4912
19.501 -92.498
19.501 92.498
19.502 -92.5048
19.502 92.5048
19.503 -92.5116
19.503 92.5116
19.504 -92.5184
19.504 92.5184
19.505 -92.5252
19.505 92.5252
19.506 -92.532
19.506 92.532
19.507 -92.5388
19.507 92.5388
19.508 -92.5456
19.508 92.5456
19.509 -92.5524
19.509 92.5524
19.51 -92.5592
19.51 92.5592
19.511 -92.566
19.511 92.566
19.512 -92.5728
19.512 92.5728
19.513 -92.5796
19.513 92.5796
19.514 -92.5864
19.514 92.5864
19.515 -92.5932
19.515 92.5932
19.516 -92.6
19.516 92.6
19.517 -92.6068
19.517 92.6068
19.518 -92.6136
19.518 92.6136
19.519 -92.6204
19.519 92.6204
19.52 -92.6272
19.52 92.6272
19.521 -92.634
19.521 92.634
19.522 -92.6408
19.522 92.6408
19.523 -92.6476
19.523 92.6476
19.524 -92.6544
19.524 92.6544
19.525 -92.6612
19.525 92.6612
19.526 -92.6681
19.526 92.6681
19.527 -92.6749
19.527 92.6749
19.528 -92.6817
19.528 92.6817
19.529 -92.6885
19.529 92.6885
19.53 -92.6953
19.53 92.6953
19.531 -92.7021
19.531 92.7021
19.532 -92.7089
19.532 92.7089
19.533 -92.7157
19.533 92.7157
19.534 -92.7225
19.534 92.7225
19.535 -92.7293
19.535 92.7293
19.536 -92.7361
19.536 92.7361
19.537 -92.7429
19.537 92.7429
19.538 -92.7497
19.538 92.7497
19.539 -92.7565
19.539 92.7565
19.54 -92.7633
19.54 92.7633
19.541 -92.7701
19.541 92.7701
19.542 -92.7769
19.542 92.7769
19.543 -92.7837
19.543 92.7837
19.544 -92.7905
19.544 92.7905
19.545 -92.7974
19.545 92.7974
19.546 -92.8042
19.546 92.8042
19.547 -92.811
19.547 92.811
19.548 -92.8178
19.548 92.8178
19.549 -92.8246
19.549 92.8246
19.55 -92.8314
19.55 92.8314
19.551 -92.8382
19.551 92.8382
19.552 -92.845
19.552 92.845
19.553 -92.8518
19.553 92.8518
19.554 -92.8586
19.554 92.8586
19.555 -92.8654
19.555 92.8654
19.556 -92.8722
19.556 92.8722
19.557 -92.879
19.557 92.879
19.558 -92.8859
19.558 92.8859
19.559 -92.8927
19.559 92.8927
19.56 -92.8995
19.56 92.8995
19.561 -92.9063
19.561 92.9063
19.562 -92.9131
19.562 92.9131
19.563 -92.9199
19.563 92.9199
19.564 -92.9267
19.564 92.9267
19.565 -92.9335
19.565 92.9335
19.566 -92.9403
19.566 92.9403
19.567 -92.9471
19.567 92.9471
19.568 -92.9539
19.568 92.9539
19.569 -92.9608
19.569 92.9608
19.57 -92.9676
19.57 92.9676
19.571 -92.9744
19.571 92.9744
19.572 -92.9812
19.572 92.9812
19.573 -92.988
19.573 92.988
19.574 -92.9948
19.574 92.9948
19.575 -93.0016
19.575 93.0016
19.576 -93.0084
19.576 93.0084
19.577 -93.0153
19.577 93.0153
19.578 -93.0221
19.578 93.0221
19.579 -93.0289
19.579 93.0289
19.58 -93.0357
19.58 93.0357
19.581 -93.0425
19.581 93.0425
19.582 -93.0493
19.582 93.0493
19.583 -93.0561
19.583 93.0561
19.584 -93.0629
19.584 93.0629
19.585 -93.0698
19.585 93.0698
19.586 -93.0766
19.586 93.0766
19.587 -93.0834
19.587 93.0834
19.588 -93.0902
19.588 93.0902
19.589 -93.097
19.589 93.097
19.59 -93.1038
19.59 93.1038
19.591 -93.1106
19.591 93.1106
19.592 -93.1174
19.592 93.1174
19.593 -93.1243
19.593 93.1243
19.594 -93.1311
19.594 93.1311
19.595 -93.1379
19.595 93.1379
19.596 -93.1447
19.596 93.1447
19.597 -93.1515
19.597 93.1515
19.598 -93.1583
19.598 93.1583
19.599 -93.1652
19.599 93.1652
19.6 -93.172
19.6 93.172
19.601 -93.1788
19.601 93.1788
19.602 -93.1856
19.602 93.1856
19.603 -93.1924
19.603 93.1924
19.604 -93.1992
19.604 93.1992
19.605 -93.2061
19.605 93.2061
19.606 -93.2129
19.606 93.2129
19.607 -93.2197
19.607 93.2197
19.608 -93.2265
19.608 93.2265
19.609 -93.2333
19.609 93.2333
19.61 -93.2401
19.61 93.2401
19.611 -93.247
19.611 93.247
19.612 -93.2538
19.612 93.2538
19.613 -93.2606
19.613 93.2606
19.614 -93.2674
19.614 93.2674
19.615 -93.2742
19.615 93.2742
19.616 -93.281
19.616 93.281
19.617 -93.2879
19.617 93.2879
19.618 -93.2947
19.618 93.2947
19.619 -93.3015
19.619 93.3015
19.62 -93.3083
19.62 93.3083
19.621 -93.3151
19.621 93.3151
19.622 -93.322
19.622 93.322
19.623 -93.3288
19.623 93.3288
19.624 -93.3356
19.624 93.3356
19.625 -93.3424
19.625 93.3424
19.626 -93.3492
19.626 93.3492
19.627 -93.3561
19.627 93.3561
19.628 -93.3629
19.628 93.3629
19.629 -93.3697
19.629 93.3697
19.63 -93.3765
19.63 93.3765
19.631 -93.3833
19.631 93.3833
19.632 -93.3902
19.632 93.3902
19.633 -93.397
19.633 93.397
19.634 -93.4038
19.634 93.4038
19.635 -93.4106
19.635 93.4106
19.636 -93.4174
19.636 93.4174
19.637 -93.4243
19.637 93.4243
19.638 -93.4311
19.638 93.4311
19.639 -93.4379
19.639 93.4379
19.64 -93.4447
19.64 93.4447
19.641 -93.4516
19.641 93.4516
19.642 -93.4584
19.642 93.4584
19.643 -93.4652
19.643 93.4652
19.644 -93.472
19.644 93.472
19.645 -93.4788
19.645 93.4788
19.646 -93.4857
19.646 93.4857
19.647 -93.4925
19.647 93.4925
19.648 -93.4993
19.648 93.4993
19.649 -93.5061
19.649 93.5061
19.65 -93.513
19.65 93.513
19.651 -93.5198
19.651 93.5198
19.652 -93.5266
19.652 93.5266
19.653 -93.5334
19.653 93.5334
19.654 -93.5403
19.654 93.5403
19.655 -93.5471
19.655 93.5471
19.656 -93.5539
19.656 93.5539
19.657 -93.5607
19.657 93.5607
19.658 -93.5676
19.658 93.5676
19.659 -93.5744
19.659 93.5744
19.66 -93.5812
19.66 93.5812
19.661 -93.588
19.661 93.588
19.662 -93.5949
19.662 93.5949
19.663 -93.6017
19.663 93.6017
19.664 -93.6085
19.664 93.6085
19.665 -93.6153
19.665 93.6153
19.666 -93.6222
19.666 93.6222
19.667 -93.629
19.667 93.629
19.668 -93.6358
19.668 93.6358
19.669 -93.6427
19.669 93.6427
19.67 -93.6495
19.67 93.6495
19.671 -93.6563
19.671 93.6563
19.672 -93.6631
19.672 93.6631
19.673 -93.67
19.673 93.67
19.674 -93.6768
19.674 93.6768
19.675 -93.6836
19.675 93.6836
19.676 -93.6904
19.676 93.6904
19.677 -93.6973
19.677 93.6973
19.678 -93.7041
19.678 93.7041
19.679 -93.7109
19.679 93.7109
19.68 -93.7178
19.68 93.7178
19.681 -93.7246
19.681 93.7246
19.682 -93.7314
19.682 93.7314
19.683 -93.7382
19.683 93.7382
19.684 -93.7451
19.684 93.7451
19.685 -93.7519
19.685 93.7519
19.686 -93.7587
19.686 93.7587
19.687 -93.7656
19.687 93.7656
19.688 -93.7724
19.688 93.7724
19.689 -93.7792
19.689 93.7792
19.69 -93.7861
19.69 93.7861
19.691 -93.7929
19.691 93.7929
19.692 -93.7997
19.692 93.7997
19.693 -93.8065
19.693 93.8065
19.694 -93.8134
19.694 93.8134
19.695 -93.8202
19.695 93.8202
19.696 -93.827
19.696 93.827
19.697 -93.8339
19.697 93.8339
19.698 -93.8407
19.698 93.8407
19.699 -93.8475
19.699 93.8475
19.7 -93.8544
19.7 93.8544
19.701 -93.8612
19.701 93.8612
19.702 -93.868
19.702 93.868
19.703 -93.8749
19.703 93.8749
19.704 -93.8817
19.704 93.8817
19.705 -93.8885
19.705 93.8885
19.706 -93.8954
19.706 93.8954
19.707 -93.9022
19.707 93.9022
19.708 -93.909
19.708 93.909
19.709 -93.9159
19.709 93.9159
19.71 -93.9227
19.71 93.9227
19.711 -93.9295
19.711 93.9295
19.712 -93.9364
19.712 93.9364
19.713 -93.9432
19.713 93.9432
19.714 -93.95
19.714 93.95
19.715 -93.9569
19.715 93.9569
19.716 -93.9637
19.716 93.9637
19.717 -93.9705
19.717 93.9705
19.718 -93.9774
19.718 93.9774
19.719 -93.9842
19.719 93.9842
19.72 -93.991
19.72 93.991
19.721 -93.9979
19.721 93.9979
19.722 -94.0047
19.722 94.0047
19.723 -94.0116
19.723 94.0116
19.724 -94.0184
19.724 94.0184
19.725 -94.0252
19.725 94.0252
19.726 -94.0321
19.726 94.0321
19.727 -94.0389
19.727 94.0389
19.728 -94.0457
19.728 94.0457
19.729 -94.0526
19.729 94.0526
19.73 -94.0594
19.73 94.0594
19.731 -94.0662
19.731 94.0662
19.732 -94.0731
19.732 94.0731
19.733 -94.0799
19.733 94.0799
19.734 -94.0868
19.734 94.0868
19.735 -94.0936
19.735 94.0936
19.736 -94.1004
19.736 94.1004
19.737 -94.1073
19.737 94.1073
19.738 -94.1141
19.738 94.1141
19.739 -94.121
19.739 94.121
19.74 -94.1278
19.74 94.1278
19.741 -94.1346
19.741 94.1346
19.742 -94.1415
19.742 94.1415
19.743 -94.1483
19.743 94.1483
19.744 -94.1551
19.744 94.1551
19.745 -94.162
19.745 94.162
19.746 -94.1688
19.746 94.1688
19.747 -94.1757
19.747 94.1757
19.748 -94.1825
19.748 94.1825
19.749 -94.1893
19.749 94.1893
19.75 -94.1962
19.75 94.1962
19.751 -94.203
19.751 94.203
19.752 -94.2099
19.752 94.2099
19.753 -94.2167
19.753 94.2167
19.754 -94.2236
19.754 94.2236
19.755 -94.2304
19.755 94.2304
19.756 -94.2372
19.756 94.2372
19.757 -94.2441
19.757 94.2441
19.758 -94.2509
19.758 94.2509
19.759 -94.2578
19.759 94.2578
19.76 -94.2646
19.76 94.2646
19.761 -94.2714
19.761 94.2714
19.762 -94.2783
19.762 94.2783
19.763 -94.2851
19.763 94.2851
19.764 -94.292
19.764 94.292
19.765 -94.2988
19.765 94.2988
19.766 -94.3057
19.766 94.3057
19.767 -94.3125
19.767 94.3125
19.768 -94.3193
19.768 94.3193
19.769 -94.3262
19.769 94.3262
19.77 -94.333
19.77 94.333
19.771 -94.3399
19.771 94.3399
19.772 -94.3467
19.772 94.3467
19.773 -94.3536
19.773 94.3536
19.774 -94.3604
19.774 94.3604
19.775 -94.3673
19.775 94.3673
19.776 -94.3741
19.776 94.3741
19.777 -94.3809
19.777 94.3809
19.778 -94.3878
19.778 94.3878
19.779 -94.3946
19.779 94.3946
19.78 -94.4015
19.78 94.4015
19.781 -94.4083
19.781 94.4083
19.782 -94.4152
19.782 94.4152
19.783 -94.422
19.783 94.422
19.784 -94.4289
19.784 94.4289
19.785 -94.4357
19.785 94.4357
19.786 -94.4426
19.786 94.4426
19.787 -94.4494
19.787 94.4494
19.788 -94.4562
19.788 94.4562
19.789 -94.4631
19.789 94.4631
19.79 -94.4699
19.79 94.4699
19.791 -94.4768
19.791 94.4768
19.792 -94.4836
19.792 94.4836
19.793 -94.4905
19.793 94.4905
19.794 -94.4973
19.794 94.4973
19.795 -94.5042
19.795 94.5042
19.796 -94.511
19.796 94.511
19.797 -94.5179
19.797 94.5179
19.798 -94.5247
19.798 94.5247
19.799 -94.5316
19.799 94.5316
19.8 -94.5384
19.8 94.5384
19.801 -94.5453
19.801 94.5453
19.802 -94.5521
19.802 94.5521
19.803 -94.559
19.803 94.559
19.804 -94.5658
19.804 94.5658
19.805 -94.5727
19.805 94.5727
19.806 -94.5795
19.806 94.5795
19.807 -94.5864
19.807 94.5864
19.808 -94.5932
19.808 94.5932
19.809 -94.6001
19.809 94.6001
19.81 -94.6069
19.81 94.6069
19.811 -94.6138
19.811 94.6138
19.812 -94.6206
19.812 94.6206
19.813 -94.6275
19.813 94.6275
19.814 -94.6343
19.814 94.6343
19.815 -94.6412
19.815 94.6412
19.816 -94.648
19.816 94.648
19.817 -94.6549
19.817 94.6549
19.818 -94.6617
19.818 94.6617
19.819 -94.6686
19.819 94.6686
19.82 -94.6754
19.82 94.6754
19.821 -94.6823
19.821 94.6823
19.822 -94.6891
19.822 94.6891
19.823 -94.696
19.823 94.696
19.824 -94.7028
19.824 94.7028
19.825 -94.7097
19.825 94.7097
19.826 -94.7165
19.826 94.7165
19.827 -94.7234
19.827 94.7234
19.828 -94.7302
19.828 94.7302
19.829 -94.7371
19.829 94.7371
19.83 -94.7439
19.83 94.7439
19.831 -94.7508
19.831 94.7508
19.832 -94.7577
19.832 94.7577
19.833 -94.7645
19.833 94.7645
19.834 -94.7714
19.834 94.7714
19.835 -94.7782
19.835 94.7782
19.836 -94.7851
19.836 94.7851
19.837 -94.7919
19.837 94.7919
19.838 -94.7988
19.838 94.7988
19.839 -94.8056
19.839 94.8056
19.84 -94.8125
19.84 94.8125
19.841 -94.8193
19.841 94.8193
19.842 -94.8262
19.842 94.8262
19.843 -94.8331
19.843 94.8331
19.844 -94.8399
19.844 94.8399
19.845 -94.8468
19.845 94.8468
19.846 -94.8536
19.846 94.8536
19.847 -94.8605
19.847 94.8605
19.848 -94.8673
19.848 94.8673
19.849 -94.8742
19.849 94.8742
19.85 -94.8811
19.85 94.8811
19.851 -94.8879
19.851 94.8879
19.852 -94.8948
19.852 94.8948
19.853 -94.9016
19.853 94.9016
19.854 -94.9085
19.854 94.9085
19.855 -94.9153
19.855 94.9153
19.856 -94.9222
19.856 94.9222
19.857 -94.9291
19.857 94.9291
19.858 -94.9359
19.858 94.9359
19.859 -94.9428
19.859 94.9428
19.86 -94.9496
19.86 94.9496
19.861 -94.9565
19.861 94.9565
19.862 -94.9633
19.862 94.9633
19.863 -94.9702
19.863 94.9702
19.864 -94.9771
19.864 94.9771
19.865 -94.9839
19.865 94.9839
19.866 -94.9908
19.866 94.9908
19.867 -94.9976
19.867 94.9976
19.868 -95.0045
19.868 95.0045
19.869 -95.0114
19.869 95.0114
19.87 -95.0182
19.87 95.0182
19.871 -95.0251
19.871 95.0251
19.872 -95.0319
19.872 95.0319
19.873 -95.0388
19.873 95.0388
19.874 -95.0457
19.874 95.0457
19.875 -95.0525
19.875 95.0525
19.876 -95.0594
19.876 95.0594
19.877 -95.0662
19.877 95.0662
19.878 -95.0731
19.878 95.0731
19.879 -95.08
19.879 95.08
19.88 -95.0868
19.88 95.0868
19.881 -95.0937
19.881 95.0937
19.882 -95.1006
19.882 95.1006
19.883 -95.1074
19.883 95.1074
19.884 -95.1143
19.884 95.1143
19.885 -95.1211
19.885 95.1211
19.886 -95.128
19.886 95.128
19.887 -95.1349
19.887 95.1349
19.888 -95.1417
19.888 95.1417
19.889 -95.1486
19.889 95.1486
19.89 -95.1555
19.89 95.1555
19.891 -95.1623
19.891 95.1623
19.892 -95.1692
19.892 95.1692
19.893 -95.176
19.893 95.176
19.894 -95.1829
19.894 95.1829
19.895 -95.1898
19.895 95.1898
19.896 -95.1966
19.896 95.1966
19.897 -95.2035
19.897 95.2035
19.898 -95.2104
19.898 95.2104
19.899 -95.2172
19.899 95.2172
19.9 -95.2241
19.9 95.2241
19.901 -95.231
19.901 95.231
19.902 -95.2378
19.902 95.2378
19.903 -95.2447
19.903 95.2447
19.904 -95.2516
19.904 95.2516
19.905 -95.2584
19.905 95.2584
19.906 -95.2653
19.906 95.2653
19.907 -95.2722
19.907 95.2722
19.908 -95.279
19.908 95.279
19.909 -95.2859
19.909 95.2859
19.91 -95.2928
19.91 95.2928
19.911 -95.2996
19.911 95.2996
19.912 -95.3065
19.912 95.3065
19.913 -95.3134
19.913 95.3134
19.914 -95.3202
19.914 95.3202
19.915 -95.3271
19.915 95.3271
19.916 -95.334
19.916 95.334
19.917 -95.3408
19.917 95.3408
19.918 -95.3477
19.918 95.3477
19.919 -95.3546
19.919 95.3546
19.92 -95.3614
19.92 95.3614
19.921 -95.3683
19.921 95.3683
19.922 -95.3752
19.922 95.3752
19.923 -95.382
19.923 95.382
19.924 -95.3889
19.924 95.3889
19.925 -95.3958
19.925 95.3958
19.926 -95.4026
19.926 95.4026
19.927 -95.4095
19.927 95.4095
19.928 -95.4164
19.928 95.4164
19.929 -95.4233
19.929 95.4233
19.93 -95.4301
19.93 95.4301
19.931 -95.437
19.931 95.437
19.932 -95.4439
19.932 95.4439
19.933 -95.4507
19.933 95.4507
19.934 -95.4576
19.934 95.4576
19.935 -95.4645
19.935 95.4645
19.936 -95.4713
19.936 95.4713
19.937 -95.4782
19.937 95.4782
19.938 -95.4851
19.938 95.4851
19.939 -95.492
19.939 95.492
19.94 -95.4988
19.94 95.4988
19.941 -95.5057
19.941 95.5057
19.942 -95.5126
19.942 95.5126
19.943 -95.5194
19.943 95.5194
19.944 -95.5263
19.944 95.5263
19.945 -95.5332
19.945 95.5332
19.946 -95.5401
19.946 95.5401
19.947 -95.5469
19.947 95.5469
19.948 -95.5538
19.948 95.5538
19.949 -95.5607
19.949 95.5607
19.95 -95.5676
19.95 95.5676
19.951 -95.5744
19.951 95.5744
19.952 -95.5813
19.952 95.5813
19.953 -95.5882
19.953 95.5882
19.954 -95.595
19.954 95.595
19.955 -95.6019
19.955 95.6019
19.956 -95.6088
19.956 95.6088
19.957 -95.6157
19.957 95.6157
19.958 -95.6225
19.958 95.6225
19.959 -95.6294
19.959 95.6294
19.96 -95.6363
19.96 95.6363
19.961 -95.6432
19.961 95.6432
19.962 -95.65
19.962 95.65
19.963 -95.6569
19.963 95.6569
19.964 -95.6638
19.964 95.6638
19.965 -95.6707
19.965 95.6707
19.966 -95.6775
19.966 95.6775
19.967 -95.6844
19.967 95.6844
19.968 -95.6913
19.968 95.6913
19.969 -95.6982
19.969 95.6982
19.97 -95.7051
19.97 95.7051
19.971 -95.7119
19.971 95.7119
19.972 -95.7188
19.972 95.7188
19.973 -95.7257
19.973 95.7257
19.974 -95.7326
19.974 95.7326
19.975 -95.7394
19.975 95.7394
19.976 -95.7463
19.976 95.7463
19.977 -95.7532
19.977 95.7532
19.978 -95.7601
19.978 95.7601
19.979 -95.7669
19.979 95.7669
19.98 -95.7738
19.98 95.7738
19.981 -95.7807
19.981 95.7807
19.982 -95.7876
19.982 95.7876
19.983 -95.7945
19.983 95.7945
19.984 -95.8013
19.984 95.8013
19.985 -95.8082
19.985 95.8082
19.986 -95.8151
19.986 95.8151
19.987 -95.822
19.987 95.822
19.988 -95.8289
19.988 95.8289
19.989 -95.8357
19.989 95.8357
19.99 -95.8426
19.99 95.8426
19.991 -95.8495
19.991 95.8495
19.992 -95.8564
19.992 95.8564
19.993 -95.8633
19.993 95.8633
19.994 -95.8701
19.994 95.8701
19.995 -95.877
19.995 95.877
19.996 -95.8839
19.996 95.8839
19.997 -95.8908
19.997 95.8908
19.998 -95.8977
19.998 95.8977
19.999 -95.9045
19.999 95.9045
20 -95.9114
20 95.9114
20.001 -95.9183
20.001 95.9183
20.002 -95.9252
20.002 95.9252
20.003 -95.9321
20.003 95.9321
20.004 -95.9389
20.004 95.9389
20.005 -95.9458
20.005 95.9458
20.006 -95.9527
20.006 95.9527
20.007 -95.9596
20.007 95.9596
20.008 -95.9665
20.008 95.9665
20.009 -95.9734
20.009 95.9734
20.01 -95.9802
20.01 95.9802
20.011 -95.9871
20.011 95.9871
20.012 -95.994
20.012 95.994
20.013 -96.0009
20.013 96.0009
20.014 -96.0078
20.014 96.0078
20.015 -96.0147
20.015 96.0147
20.016 -96.0215
20.016 96.0215
20.017 -96.0284
20.017 96.0284
20.018 -96.0353
20.018 96.0353
20.019 -96.0422
20.019 96.0422
20.02 -96.0491
20.02 96.0491
20.021 -96.056
20.021 96.056
20.022 -96.0628
20.022 96.0628
20.023 -96.0697
20.023 96.0697
20.024 -96.0766
20.024 96.0766
20.025 -96.0835
20.025 96.0835
20.026 -96.0904
20.026 96.0904
20.027 -96.0973
20.027 96.0973
20.028 -96.1042
20.028 96.1042
20.029 -96.111
20.029 96.111
20.03 -96.1179
20.03 96.1179
20.031 -96.1248
20.031 96.1248
20.032 -96.1317
20.032 96.1317
20.033 -96.1386
20.033 96.1386
20.034 -96.1455
20.034 96.1455
20.035 -96.1524
20.035 96.1524
20.036 -96.1593
20.036 96.1593
20.037 -96.1661
20.037 96.1661
20.038 -96.173
20.038 96.173
20.039 -96.1799
20.039 96.1799
20.04 -96.1868
20.04 96.1868
20.041 -96.1937
20.041 96.1937
20.042 -96.2006
20.042 96.2006
20.043 -96.2075
20.043 96.2075
20.044 -96.2144
20.044 96.2144
20.045 -96.2212
20.045 96.2212
20.046 -96.2281
20.046 96.2281
20.047 -96.235
20.047 96.235
20.048 -96.2419
20.048 96.2419
20.049 -96.2488
20.049 96.2488
20.05 -96.2557
20.05 96.2557
20.051 -96.2626
20.051 96.2626
20.052 -96.2695
20.052 96.2695
20.053 -96.2764
20.053 96.2764
20.054 -96.2832
20.054 96.2832
20.055 -96.2901
20.055 96.2901
20.056 -96.297
20.056 96.297
20.057 -96.3039
20.057 96.3039
20.058 -96.3108
20.058 96.3108
20.059 -96.3177
20.059 96.3177
20.06 -96.3246
20.06 96.3246
20.061 -96.3315
20.061 96.3315
20.062 -96.3384
20.062 96.3384
20.063 -96.3453
20.063 96.3453
20.064 -96.3522
20.064 96.3522
20.065 -96.359
20.065 96.359
20.066 -96.3659
20.066 96.3659
20.067 -96.3728
20.067 96.3728
20.068 -96.3797
20.068 96.3797
20.069 -96.3866
20.069 96.3866
20.07 -96.3935
20.07 96.3935
20.071 -96.4004
20.071 96.4004
20.072 -96.4073
20.072 96.4073
20.073 -96.4142
20.073 96.4142
20.074 -96.4211
20.074 96.4211
20.075 -96.428
20.075 96.428
20.076 -96.4349
20.076 96.4349
20.077 -96.4418
20.077 96.4418
20.078 -96.4487
20.078 96.4487
20.079 -96.4556
20.079 96.4556
20.08 -96.4624
20.08 96.4624
20.081 -96.4693
20.081 96.4693
20.082 -96.4762
20.082 96.4762
20.083 -96.4831
20.083 96.4831
20.084 -96.49
20.084 96.49
20.085 -96.4969
20.085 96.4969
20.086 -96.5038
20.086 96.5038
20.087 -96.5107
20.087 96.5107
20.088 -96.5176
20.088 96.5176
20.089 -96.5245
20.089 96.5245
20.09 -96.5314
20.09 96.5314
20.091 -96.5383
20.091 96.5383
20.092 -96.5452
20.092 96.5452
20.093 -96.5521
20.093 96.5521
20.094 -96.559
20.094 96.559
20.095 -96.5659
20.095 96.5659
20.096 -96.5728
20.096 96.5728
20.097 -96.5797
20.097 96.5797
20.098 -96.5866
20.098 96.5866
20.099 -96.5935
20.099 96.5935
20.1 -96.6004
20.1 96.6004
20.101 -96.6073
20.101 96.6073
20.102 -96.6142
20.102 96.6142
20.103 -96.6211
20.103 96.6211
20.104 -96.628
20.104 96.628
20.105 -96.6349
20.105 96.6349
20.106 -96.6418
20.106 96.6418
20.107 -96.6487
20.107 96.6487
20.108 -96.6556
20.108 96.6556
20.109 -96.6625
20.109 96.6625
20.11 -96.6694
20.11 96.6694
20.111 -96.6763
20.111 96.6763
20.112 -96.6832
20.112 96.6832
20.113 -96.6901
20.113 96.6901
20.114 -96.697
20.114 96.697
20.115 -96.7039
20.115 96.7039
20.116 -96.7108
20.116 96.7108
20.117 -96.7177
20.117 96.7177
20.118 -96.7246
20.118 96.7246
20.119 -96.7315
20.119 96.7315
20.12 -96.7384
20.12 96.7384
20.121 -96.7453
20.121 96.7453
20.122 -96.7522
20.122 96.7522
20.123 -96.7591
20.123 96.7591
20.124 -96.766
20.124 96.766
20.125 -96.7729
20.125 96.7729
20.126 -96.7798
20.126 96.7798
20.127 -96.7867
20.127 96.7867
20.128 -96.7936
20.128 96.7936
20.129 -96.8005
20.129 96.8005
20.13 -96.8074
20.13 96.8074
20.131 -96.8143
20.131 96.8143
20.132 -96.8212
20.132 96.8212
20.133 -96.8281
20.133 96.8281
20.134 -96.835
20.134 96.835
20.135 -96.8419
20.135 96.8419
20.136 -96.8488
20.136 96.8488
20.137 -96.8557
20.137 96.8557
20.138 -96.8626
20.138 96.8626
20.139 -96.8695
20.139 96.8695
20.14 -96.8764
20.14 96.8764
20.141 -96.8833
20.141 96.8833
20.142 -96.8902
20.142 96.8902
20.143 -96.8971
20.143 96.8971
20.144 -96.904
20.144 96.904
20.145 -96.9109
20.145 96.9109
20.146 -96.9178
20.146 96.9178
20.147 -96.9247
20.147 96.9247
20.148 -96.9316
20.148 96.9316
20.149 -96.9385
20.149 96.9385
20.15 -96.9455
20.15 96.9455
20.151 -96.9524
20.151 96.9524
20.152 -96.9593
20.152 96.9593
20.153 -96.9662
20.153 96.9662
20.154 -96.9731
20.154 96.9731
20.155 -96.98
20.155 96.98
20.156 -96.9869
20.156 96.9869
20.157 -96.9938
20.157 96.9938
20.158 -97.0007
20.158 97.0007
20.159 -97.0076
20.159 97.0076
20.16 -97.0145
20.16 97.0145
20.161 -97.0214
20.161 97.0214
20.162 -97.0283
20.162 97.0283
20.163 -97.0352
20.163 97.0352
20.164 -97.0421
20.164 97.0421
20.165 -97.0491
20.165 97.0491
20.166 -97.056
20.166 97.056
20.167 -97.0629
20.167 97.0629
20.168 -97.0698
20.168 97.0698
20.169 -97.0767
20.169 97.0767
20.17 -97.0836
20.17 97.0836
20.171 -97.0905
20.171 97.0905
20.172 -97.0974
20.172 97.0974
20.173 -97.1043
20.173 97.1043
20.174 -97.1112
20.174 97.1112
20.175 -97.1181
20.175 97.1181
20.176 -97.1251
20.176 97.1251
20.177 -97.132
20.177 97.132
20.178 -97.1389
20.178 97.1389
20.179 -97.1458
20.179 97.1458
20.18 -97.1527
20.18 97.1527
20.181 -97.1596
20.181 97.1596
20.182 -97.1665
20.182 97.1665
20.183 -97.1734
20.183 97.1734
20.184 -97.1803
20.184 97.1803
20.185 -97.1873
20.185 97.1873
20.186 -97.1942
20.186 97.1942
20.187 -97.2011
20.187 97.2011
20.188 -97.208
20.188 97.208
20.189 -97.2149
20.189 97.2149
20.19 -97.2218
20.19 97.2218
20.191 -97.2287
20.191 97.2287
20.192 -97.2356
20.192 97.2356
20.193 -97.2426
20.193 97.2426
20.194 -97.2495
20.194 97.2495
20.195 -97.2564
20.195 97.2564
20.196 -97.2633
20.196 97.2633
20.197 -97.2702
20.197 97.2702
20.198 -97.2771
20.198 97.2771
20.199 -97.284
20.199 97.284
20.2 -97.2909
20.2 97.2909
20.201 -97.2979
20.201 97.2979
20.202 -97.3048
20.202 97.3048
20.203 -97.3117
20.203 97.3117
20.204 -97.3186
20.204 97.3186
20.205 -97.3255
20.205 97.3255
20.206 -97.3324
20.206 97.3324
20.207 -97.3393
20.207 97.3393
20.208 -97.3463
20.208 97.3463
20.209 -97.3532
20.209 97.3532
20.21 -97.3601
20.21 97.3601
20.211 -97.367
20.211 97.367
20.212 -97.3739
20.212 97.3739
20.213 -97.3808
20.213 97.3808
20.214 -97.3878
20.214 97.3878
20.215 -97.3947
20.215 97.3947
20.216 -97.4016
20.216 97.4016
20.217 -97.4085
20.217 97.4085
20.218 -97.4154
20.218 97.4154
20.219 -97.4223
20.219 97.4223
20.22 -97.4293
20.22 97.4293
20.221 -97.4362
20.221 97.4362
20.222 -97.4431
20.222 97.4431
20.223 -97.45
20.223 97.45
20.224 -97.4569
20.224 97.4569
20.225 -97.4638
20.225 97.4638
20.226 -97.4708
20.226 97.4708
20.227 -97.4777
20.227 97.4777
20.228 -97.4846
20.228 97.4846
20.229 -97.4915
20.229 97.4915
20.23 -97.4984
20.23 97.4984
20.231 -97.5054
20.231 97.5054
20.232 -97.5123
20.232 97.5123
20.233 -97.5192
20.233 97.5192
20.234 -97.5261
20.234 97.5261
20.235 -97.533
20.235 97.533
20.236 -97.54
20.236 97.54
20.237 -97.5469
20.237 97.5469
20.238 -97.5538
20.238 97.5538
20.239 -97.5607
20.239 97.5607
20.24 -97.5676
20.24 97.5676
20.241 -97.5746
20.241 97.5746
20.242 -97.5815
20.242 97.5815
20.243 -97.5884
20.243 97.5884
20.244 -97.5953
20.244 97.5953
20.245 -97.6022
20.245 97.6022
20.246 -97.6092
20.246 97.6092
20.247 -97.6161
20.247 97.6161
20.248 -97.623
20.248 97.623
20.249 -97.6299
20.249 97.6299
20.25 -97.6368
20.25 97.6368
20.251 -97.6438
20.251 97.6438
20.252 -97.6507
20.252 97.6507
20.253 -97.6576
20.253 97.6576
20.254 -97.6645
20.254 97.6645
20.255 -97.6715
20.255 97.6715
20.256 -97.6784
20.256 97.6784
20.257 -97.6853
20.257 97.6853
20.258 -97.6922
20.258 97.6922
20.259 -97.6991
20.259 97.6991
20.26 -97.7061
20.26 97.7061
20.261 -97.713
20.261 97.713
20.262 -97.7199
20.262 97.7199
20.263 -97.7268
20.263 97.7268
20.264 -97.7338
20.264 97.7338
20.265 -97.7407
20.265 97.7407
20.266 -97.7476
20.266 97.7476
20.267 -97.7545
20.267 97.7545
20.268 -97.7615
20.268 97.7615
20.269 -97.7684
20.269 97.7684
20.27 -97.7753
20.27 97.7753
20.271 -97.7822
20.271 97.7822
20.272 -97.7892
20.272 97.7892
20.273 -97.7961
20.273 97.7961
20.274 -97.803
20.274 97.803
20.275 -97.8099
20.275 97.8099
20.276 -97.8169
20.276 97.8169
20.277 -97.8238
20.277 97.8238
20.278 -97.8307
20.278 97.8307
20.279 -97.8376
20.279 97.8376
20.28 -97.8446
20.28 97.8446
20.281 -97.8515
20.281 97.8515
20.282 -97.8584
20.282 97.8584
20.283 -97.8654
20.283 97.8654
20.284 -97.8723
20.284 97.8723
20.285 -97.8792
20.285 97.8792
20.286 -97.8861
20.286 97.8861
20.287 -97.8931
20.287 97.8931
20.288 -97.9
20.288 97.9
20.289 -97.9069
20.289 97.9069
20.29 -97.9139
20.29 97.9139
20.291 -97.9208
20.291 97.9208
20.292 -97.9277
20.292 97.9277
20.293 -97.9346
20.293 97.9346
20.294 -97.9416
20.294 97.9416
20.295 -97.9485
20.295 97.9485
20.296 -97.9554
20.296 97.9554
20.297 -97.9624
20.297 97.9624
20.298 -97.9693
20.298 97.9693
20.299 -97.9762
20.299 97.9762
20.3 -97.9831
20.3 97.9831
20.301 -97.9901
20.301 97.9901
20.302 -97.997
20.302 97.997
20.303 -98.0039
20.303 98.0039
20.304 -98.0109
20.304 98.0109
20.305 -98.0178
20.305 98.0178
20.306 -98.0247
20.306 98.0247
20.307 -98.0317
20.307 98.0317
20.308 -98.0386
20.308 98.0386
20.309 -98.0455
20.309 98.0455
20.31 -98.0525
20.31 98.0525
20.311 -98.0594
20.311 98.0594
20.312 -98.0663
20.312 98.0663
20.313 -98.0733
20.313 98.0733
20.314 -98.0802
20.314 98.0802
20.315 -98.0871
20.315 98.0871
20.316 -98.094
20.316 98.094
20.317 -98.101
20.317 98.101
20.318 -98.1079
20.318 98.1079
20.319 -98.1148
20.319 98.1148
20.32 -98.1218
20.32 98.1218
20.321 -98.1287
20.321 98.1287
20.322 -98.1356
20.322 98.1356
20.323 -98.1426
20.323 98.1426
20.324 -98.1495
20.324 98.1495
20.325 -98.1565
20.325 98.1565
20.326 -98.1634
20.326 98.1634
20.327 -98.1703
20.327 98.1703
20.328 -98.1773
20.328 98.1773
20.329 -98.1842
20.329 98.1842
20.33 -98.1911
20.33 98.1911
20.331 -98.1981
20.331 98.1981
20.332 -98.205
20.332 98.205
20.333 -98.2119
20.333 98.2119
20.334 -98.2189
20.334 98.2189
20.335 -98.2258
20.335 98.2258
20.336 -98.2327
20.336 98.2327
20.337 -98.2397
20.337 98.2397
20.338 -98.2466
20.338 98.2466
20.339 -98.2535
20.339 98.2535
20.34 -98.2605
20.34 98.2605
20.341 -98.2674
20.341 98.2674
20.342 -98.2744
20.342 98.2744
20.343 -98.2813
20.343 98.2813
20.344 -98.2882
20.344 98.2882
20.345 -98.2952
20.345 98.2952
20.346 -98.3021
20.346 98.3021
20.347 -98.309
20.347 98.309
20.348 -98.316
20.348 98.316
20.349 -98.3229
20.349 98.3229
20.35 -98.3299
20.35 98.3299
20.351 -98.3368
20.351 98.3368
20.352 -98.3437
20.352 98.3437
20.353 -98.3507
20.353 98.3507
20.354 -98.3576
20.354 98.3576
20.355 -98.3645
20.355 98.3645
20.356 -98.3715
20.356 98.3715
20.357 -98.3784
20.357 98.3784
20.358 -98.3854
20.358 98.3854
20.359 -98.3923
20.359 98.3923
20.36 -98.3992
20.36 98.3992
20.361 -98.4062
20.361 98.4062
20.362 -98.4131
20.362 98.4131
20.363 -98.4201
20.363 98.4201
20.364 -98.427
20.364 98.427
20.365 -98.4339
20.365 98.4339
20.366 -98.4409
20.366 98.4409
20.367 -98.4478
20.367 98.4478
20.368 -98.4548
20.368 98.4548
20.369 -98.4617
20.369 98.4617
20.37 -98.4687
20.37 98.4687
20.371 -98.4756
20.371 98.4756
20.372 -98.4825
20.372 98.4825
20.373 -98.4895
20.373 98.4895
20.374 -98.4964
20.374 98.4964
20.375 -98.5034
20.375 98.5034
20.376 -98.5103
20.376 98.5103
20.377 -98.5172
20.377 98.5172
20.378 -98.5242
20.378 98.5242
20.379 -98.5311
20.379 98.5311
20.38 -98.5381
20.38 98.5381
20.381 -98.545
20.381 98.545
20.382 -98.552
20.382 98.552
20.383 -98.5589
20.383 98.5589
20.384 -98.5658
20.384 98.5658
20.385 -98.5728
20.385 98.5728
20.386 -98.5797
20.386 98.5797
20.387 -98.5867
20.387 98.5867
20.388 -98.5936
20.388 98.5936
20.389 -98.6006
20.389 98.6006
20.39 -98.6075
20.39 98.6075
20.391 -98.6145
20.391 98.6145
20.392 -98.6214
20.392 98.6214
20.393 -98.6283
20.393 98.6283
20.394 -98.6353
20.394 98.6353
20.395 -98.6422
20.395 98.6422
20.396 -98.6492
20.396 98.6492
20.397 -98.6561
20.397 98.6561
20.398 -98.6631
20.398 98.6631
20.399 -98.67
20.399 98.67
20.4 -98.677
20.4 98.677
20.401 -98.6839
20.401 98.6839
20.402 -98.6909
20.402 98.6909
20.403 -98.6978
20.403 98.6978
20.404 -98.7048
20.404 98.7048
20.405 -98.7117
20.405 98.7117
20.406 -98.7186
20.406 98.7186
20.407 -98.7256
20.407 98.7256
20.408 -98.7325
20.408 98.7325
20.409 -98.7395
20.409 98.7395
20.41 -98.7464
20.41 98.7464
20.411 -98.7534
20.411 98.7534
20.412 -98.7603
20.412 98.7603
20.413 -98.7673
20.413 98.7673
20.414 -98.7742
20.414 98.7742
20.415 -98.7812
20.415 98.7812
20.416 -98.7881
20.416 98.7881
20.417 -98.7951
20.417 98.7951
20.418 -98.802
20.418 98.802
20.419 -98.809
20.419 98.809
20.42 -98.8159
20.42 98.8159
20.421 -98.8229
20.421 98.8229
20.422 -98.8298
20.422 98.8298
20.423 -98.8368
20.423 98.8368
20.424 -98.8437
20.424 98.8437
20.425 -98.8507
20.425 98.8507
20.426 -98.8576
20.426 98.8576
20.427 -98.8646
20.427 98.8646
20.428 -98.8715
20.428 98.8715
20.429 -98.8785
20.429 98.8785
20.43 -98.8854
20.43 98.8854
20.431 -98.8924
20.431 98.8924
20.432 -98.8993
20.432 98.8993
20.433 -98.9063
20.433 98.9063
20.434 -98.9132
20.434 98.9132
20.435 -98.9202
20.435 98.9202
20.436 -98.9271
20.436 98.9271
20.437 -98.9341
20.437 98.9341
20.438 -98.941
20.438 98.941
20.439 -98.948
20.439 98.948
20.44 -98.9549
20.44 98.9549
20.441 -98.9619
20.441 98.9619
20.442 -98.9689
20.442 98.9689
20.443 -98.9758
20.443 98.9758
20.444 -98.9828
20.444 98.9828
20.445 -98.9897
20.445 98.9897
20.446 -98.9967
20.446 98.9967
20.447 -99.0036
20.447 99.0036
20.448 -99.0106
20.448 99.0106
20.449 -99.0175
20.449 99.0175
20.45 -99.0245
20.45 99.0245
20.451 -99.0314
20.451 99.0314
20.452 -99.0384
20.452 99.0384
20.453 -99.0453
20.453 99.0453
20.454 -99.0523
20.454 99.0523
20.455 -99.0593
20.455 99.0593
20.456 -99.0662
20.456 99.0662
20.457 -99.0732
20.457 99.0732
20.458 -99.0801
20.458 99.0801
20.459 -99.0871
20.459 99.0871
20.46 -99.094
20.46 99.094
20.461 -99.101
20.461 99.101
20.462 -99.1079
20.462 99.1079
20.463 -99.1149
20.463 99.1149
20.464 -99.1219
20.464 99.1219
20.465 -99.1288
20.465 99.1288
20.466 -99.1358
20.466 99.1358
20.467 -99.1427
20.467 99.1427
20.468 -99.1497
20.468 99.1497
20.469 -99.1566
20.469 99.1566
20.47 -99.1636
20.47 99.1636
20.471 -99.1706
20.471 99.1706
20.472 -99.1775
20.472 99.1775
20.473 -99.1845
20.473 99.1845
20.474 -99.1914
20.474 99.1914
20.475 -99.1984
20.475 99.1984
20.476 -99.2054
20.476 99.2054
20.477 -99.2123
20.477 99.2123
20.478 -99.2193
20.478 99.2193
20.479 -99.2262
20.479 99.2262
20.48 -99.2332
20.48 99.2332
20.481 -99.2401
20.481 99.2401
20.482 -99.2471
20.482 99.2471
20.483 -99.2541
20.483 99.2541
20.484 -99.261
20.484 99.261
20.485 -99.268
20.485 99.268
20.486 -99.2749
20.486 99.2749
20.487 -99.2819
20.487 99.2819
20.488 -99.2889
20.488 99.2889
20.489 -99.2958
20.489 99.2958
20.49 -99.3028
20.49 99.3028
20.491 -99.3098
20.491 99.3098
20.492 -99.3167
20.492 99.3167
20.493 -99.3237
20.493 99.3237
20.494 -99.3306
20.494 99.3306
20.495 -99.3376
20.495 99.3376
20.496 -99.3446
20.496 99.3446
20.497 -99.3515
20.497 99.3515
20.498 -99.3585
20.498 99.3585
20.499 -99.3654
20.499 99.3654
20.5 -99.3724
20.5 99.3724
20.501 -99.3794
20.501 99.3794
20.502 -99.3863
20.502 99.3863
20.503 -99.3933
20.503 99.3933
20.504 -99.4003
20.504 99.4003
20.505 -99.4072
20.505 99.4072
20.506 -99.4142
20.506 99.4142
20.507 -99.4211
20.507 99.4211
20.508 -99.4281
20.508 99.4281
20.509 -99.4351
20.509 99.4351
20.51 -99.442
20.51 99.442
20.511 -99.449
20.511 99.449
20.512 -99.456
20.512 99.456
20.513 -99.4629
20.513 99.4629
20.514 -99.4699
20.514 99.4699
20.515 -99.4769
20.515 99.4769
20.516 -99.4838
20.516 99.4838
20.517 -99.4908
20.517 99.4908
20.518 -99.4978
20.518 99.4978
20.519 -99.5047
20.519 99.5047
20.52 -99.5117
20.52 99.5117
20.521 -99.5187
20.521 99.5187
20.522 -99.5256
20.522 99.5256
20.523 -99.5326
20.523 99.5326
20.524 -99.5396
20.524 99.5396
20.525 -99.5465
20.525 99.5465
20.526 -99.5535
20.526 99.5535
20.527 -99.5605
20.527 99.5605
20.528 -99.5674
20.528 99.5674
20.529 -99.5744
20.529 99.5744
20.53 -99.5814
20.53 99.5814
20.531 -99.5883
20.531 99.5883
20.532 -99.5953
20.532 99.5953
20.533 -99.6023
20.533 99.6023
20.534 -99.6092
20.534 99.6092
20.535 -99.6162
20.535 99.6162
20.536 -99.6232
20.536 99.6232
20.537 -99.6301
20.537 99.6301
20.538 -99.6371
20.538 99.6371
20.539 -99.6441
20.539 99.6441
20.54 -99.651
20.54 99.651
20.541 -99.658
20.541 99.658
20.542 -99.665
20.542 99.665
20.543 -99.6719
20.543 99.6719
20.544 -99.6789
20.544 99.6789
20.545 -99.6859
20.545 99.6859
20.546 -99.6928
20.546 99.6928
20.547 -99.6998
20.547 99.6998
20.548 -99.7068
20.548 99.7068
20.549 -99.7138
20.549 99.7138
20.55 -99.7207
20.55 99.7207
20.551 -99.7277
20.551 99.7277
20.552 -99.7347
20.552 99.7347
20.553 -99.7416
20.553 99.7416
20.554 -99.7486
20.554 99.7486
20.555 -99.7556
20.555 99.7556
20.556 -99.7626
20.556 99.7626
20.557 -99.7695
20.557 99.7695
20.558 -99.7765
20.558 99.7765
20.559 -99.7835
20.559 99.7835
20.56 -99.7904
20.56 99.7904
20.561 -99.7974
20.561 99.7974
20.562 -99.8044
20.562 99.8044
20.563 -99.8114
20.563 99.8114
20.564 -99.8183
20.564 99.8183
20.565 -99.8253
20.565 99.8253
20.566 -99.8323
20.566 99.8323
20.567 -99.8393
20.567 99.8393
20.568 -99.8462
20.568 99.8462
20.569 -99.8532
20.569 99.8532
20.57 -99.8602
20.57 99.8602
20.571 -99.8671
20.571 99.8671
20.572 -99.8741
20.572 99.8741
20.573 -99.8811
20.573 99.8811
20.574 -99.8881
20.574 99.8881
20.575 -99.895
20.575 99.895
20.576 -99.902
20.576 99.902
20.577 -99.909
20.577 99.909
20.578 -99.916
20.578 99.916
20.579 -99.9229
20.579 99.9229
20.58 -99.9299
20.58 99.9299
20.581 -99.9369
20.581 99.9369
20.582 -99.9439
20.582 99.9439
20.583 -99.9508
20.583 99.9508
20.584 -99.9578
20.584 99.9578
20.585 -99.9648
20.585 99.9648
20.586 -99.9718
20.586 99.9718
20.587 -99.9787
20.587 99.9787
20.588 -99.9857
20.588 99.9857
20.589 -99.9927
20.589 99.9927
20.59 -99.9997
20.59 99.9997
20.591 -100.007
20.591 100.007
20.592 -100.014
20.592 100.014
20.593 -100.021
20.593 100.021
20.594 -100.028
20.594 100.028
20.595 -100.035
20.595 100.035
20.596 -100.042
20.596 100.042
20.597 -100.049
20.597 100.049
20.598 -100.055
20.598 100.055
20.599 -100.062
20.599 100.062
20.6 -100.069
20.6 100.069
20.601 -100.076
20.601 100.076
20.602 -100.083
20.602 100.083
20.603 -100.09
20.603 100.09
20.604 -100.097
20.604 100.097
20.605 -100.104
20.605 100.104
20.606 -100.111
20.606 100.111
20.607 -100.118
20.607 100.118
20.608 -100.125
20.608 100.125
20.609 -100.132
20.609 100.132
20.61 -100.139
20.61 100.139
20.611 -100.146
20.611 100.146
20.612 -100.153
20.612 100.153
20.613 -100.16
20.613 100.16
20.614 -100.167
20.614 100.167
20.615 -100.174
20.615 100.174
20.616 -100.181
20.616 100.181
20.617 -100.188
20.617 100.188
20.618 -100.195
20.618 100.195
20.619 -100.202
20.619 100.202
20.62 -100.209
20.62 100.209
20.621 -100.216
20.621 100.216
20.622 -100.223
20.622 100.223
20.623 -100.23
20.623 100.23
20.624 -100.237
20.624 100.237
20.625 -100.244
20.625 100.244
20.626 -100.251
20.626 100.251
20.627 -100.258
20.627 100.258
20.628 -100.265
20.628 100.265
20.629 -100.272
20.629 100.272
20.63 -100.279
20.63 100.279
20.631 -100.286
20.631 100.286
20.632 -100.293
20.632 100.293
20.633 -100.3
20.633 100.3
20.634 -100.307
20.634 100.307
20.635 -100.314
20.635 100.314
20.636 -100.321
20.636 100.321
20.637 -100.328
20.637 100.328
20.638 -100.335
20.638 100.335
20.639 -100.342
20.639 100.342
20.64 -100.349
20.64 100.349
20.641 -100.356
20.641 100.356
20.642 -100.363
20.642 100.363
20.643 -100.37
20.643 100.37
20.644 -100.377
20.644 100.377
20.645 -100.384
20.645 100.384
20.646 -100.391
20.646 100.391
20.647 -100.398
20.647 100.398
20.648 -100.405
20.648 100.405
20.649 -100.412
20.649 100.412
20.65 -100.419
20.65 100.419
20.651 -100.426
20.651 100.426
20.652 -100.433
20.652 100.433
20.653 -100.44
20.653 100.44
20.654 -100.447
20.654 100.447
20.655 -100.454
20.655 100.454
20.656 -100.461
20.656 100.461
20.657 -100.467
20.657 100.467
20.658 -100.474
20.658 100.474
20.659 -100.481
20.659 100.481
20.66 -100.488
20.66 100.488
20.661 -100.495
20.661 100.495
20.662 -100.502
20.662 100.502
20.663 -100.509
20.663 100.509
20.664 -100.516
20.664 100.516
20.665 -100.523
20.665 100.523
20.666 -100.53
20.666 100.53
20.667 -100.537
20.667 100.537
20.668 -100.544
20.668 100.544
20.669 -100.551
20.669 100.551
20.67 -100.558
20.67 100.558
20.671 -100.565
20.671 100.565
20.672 -100.572
20.672 100.572
20.673 -100.579
20.673 100.579
20.674 -100.586
20.674 100.586
20.675 -100.593
20.675 100.593
20.676 -100.6
20.676 100.6
20.677 -100.607
20.677 100.607
20.678 -100.614
20.678 100.614
20.679 -100.621
20.679 100.621
20.68 -100.628
20.68 100.628
20.681 -100.635
20.681 100.635
20.682 -100.642
20.682 100.642
20.683 -100.649
20.683 100.649
20.684 -100.656
20.684 100.656
20.685 -100.663
20.685 100.663
20.686 -100.67
20.686 100.67
20.687 -100.677
20.687 100.677
20.688 -100.684
20.688 100.684
20.689 -100.691
20.689 100.691
20.69 -100.698
20.69 100.698
20.691 -100.705
20.691 100.705
20.692 -100.712
20.692 100.712
20.693 -100.719
20.693 100.719
20.694 -100.726
20.694 100.726
20.695 -100.733
20.695 100.733
20.696 -100.74
20.696 100.74
20.697 -100.747
20.697 100.747
20.698 -100.754
20.698 100.754
20.699 -100.761
20.699 100.761
20.7 -100.768
20.7 100.768
20.701 -100.775
20.701 100.775
20.702 -100.782
20.702 100.782
20.703 -100.789
20.703 100.789
20.704 -100.796
20.704 100.796
20.705 -100.803
20.705 100.803
20.706 -100.81
20.706 100.81
20.707 -100.817
20.707 100.817
20.708 -100.824
20.708 100.824
20.709 -100.831
20.709 100.831
20.71 -100.838
20.71 100.838
20.711 -100.845
20.711 100.845
20.712 -100.852
20.712 100.852
20.713 -100.859
20.713 100.859
20.714 -100.866
20.714 100.866
20.715 -100.873
20.715 100.873
20.716 -100.88
20.716 100.88
20.717 -100.887
20.717 100.887
20.718 -100.894
20.718 100.894
20.719 -100.901
20.719 100.901
20.72 -100.908
20.72 100.908
20.721 -100.915
20.721 100.915
20.722 -100.922
20.722 100.922
20.723 -100.929
20.723 100.929
20.724 -100.936
20.724 100.936
20.725 -100.943
20.725 100.943
20.726 -100.95
20.726 100.95
20.727 -100.957
20.727 100.957
20.728 -100.964
20.728 100.964
20.729 -100.971
20.729 100.971
20.73 -100.978
20.73 100.978
20.731 -100.985
20.731 100.985
20.732 -100.992
20.732 100.992
20.733 -100.999
20.733 100.999
20.734 -101.006
20.734 101.006
20.735 -101.013
20.735 101.013
20.736 -101.02
20.736 101.02
20.737 -101.027
20.737 101.027
20.738 -101.034
20.738 101.034
20.739 -101.041
20.739 101.041
20.74 -101.048
20.74 101.048
20.741 -101.055
20.741 101.055
20.742 -101.062
20.742 101.062
20.743 -101.069
20.743 101.069
20.744 -101.076
20.744 101.076
20.745 -101.083
20.745 101.083
20.746 -101.09
20.746 101.09
20.747 -101.097
20.747 101.097
20.748 -101.104
20.748 101.104
20.749 -101.111
20.749 101.111
20.75 -101.118
20.75 101.118
20.751 -101.125
20.751 101.125
20.752 -101.132
20.752 101.132
20.753 -101.139
20.753 101.139
20.754 -101.146
20.754 101.146
20.755 -101.153
20.755 101.153
20.756 -101.16
20.756 101.16
20.757 -101.167
20.757 101.167
20.758 -101.174
20.758 101.174
20.759 -101.181
20.759 101.181
20.76 -101.188
20.76 101.188
20.761 -101.195
20.761 101.195
20.762 -101.202
20.762 101.202
20.763 -101.209
20.763 101.209
20.764 -101.216
20.764 101.216
20.765 -101.223
20.765 101.223
20.766 -101.23
20.766 101.23
20.767 -101.237
20.767 101.237
20.768 -101.244
20.768 101.244
20.769 -101.251
20.769 101.251
20.77 -101.258
20.77 101.258
20.771 -101.265
20.771 101.265
20.772 -101.272
20.772 101.272
20.773 -101.279
20.773 101.279
20.774 -101.286
20.774 101.286
20.775 -101.293
20.775 101.293
20.776 -101.3
20.776 101.3
20.777 -101.307
20.777 101.307
20.778 -101.314
20.778 101.314
20.779 -101.321
20.779 101.321
20.78 -101.328
20.78 101.328
20.781 -101.335
20.781 101.335
20.782 -101.342
20.782 101.342
20.783 -101.349
20.783 101.349
20.784 -101.356
20.784 101.356
20.785 -101.363
20.785 101.363
20.786 -101.37
20.786 101.37
20.787 -101.377
20.787 101.377
20.788 -101.384
20.788 101.384
20.789 -101.391
20.789 101.391
20.79 -101.398
20.79 101.398
20.791 -101.405
20.791 101.405
20.792 -101.412
20.792 101.412
20.793 -101.419
20.793 101.419
20.794 -101.426
20.794 101.426
20.795 -101.433
20.795 101.433
20.796 -101.44
20.796 101.44
20.797 -101.447
20.797 101.447
20.798 -101.454
20.798 101.454
20.799 -101.461
20.799 101.461
20.8 -101.468
20.8 101.468
20.801 -101.475
20.801 101.475
20.802 -101.482
20.802 101.482
20.803 -101.489
20.803 101.489
20.804 -101.496
20.804 101.496
20.805 -101.503
20.805 101.503
20.806 -101.51
20.806 101.51
20.807 -101.517
20.807 101.517
20.808 -101.524
20.808 101.524
20.809 -101.531
20.809 101.531
20.81 -101.538
20.81 101.538
20.811 -101.546
20.811 101.546
20.812 -101.553
20.812 101.553
20.813 -101.56
20.813 101.56
20.814 -101.567
20.814 101.567
20.815 -101.574
20.815 101.574
20.816 -101.581
20.816 101.581
20.817 -101.588
20.817 101.588
20.818 -101.595
20.818 101.595
20.819 -101.602
20.819 101.602
20.82 -101.609
20.82 101.609
20.821 -101.616
20.821 101.616
20.822 -101.623
20.822 101.623
20.823 -101.63
20.823 101.63
20.824 -101.637
20.824 101.637
20.825 -101.644
20.825 101.644
20.826 -101.651
20.826 101.651
20.827 -101.658
20.827 101.658
20.828 -101.665
20.828 101.665
20.829 -101.672
20.829 101.672
20.83 -101.679
20.83 101.679
20.831 -101.686
20.831 101.686
20.832 -101.693
20.832 101.693
20.833 -101.7
20.833 101.7
20.834 -101.707
20.834 101.707
20.835 -101.714
20.835 101.714
20.836 -101.721
20.836 101.721
20.837 -101.728
20.837 101.728
20.838 -101.735
20.838 101.735
20.839 -101.742
20.839 101.742
20.84 -101.749
20.84 101.749
20.841 -101.756
20.841 101.756
20.842 -101.763
20.842 101.763
20.843 -101.77
20.843 101.77
20.844 -101.777
20.844 101.777
20.845 -101.784
20.845 101.784
20.846 -101.791
20.846 101.791
20.847 -101.798
20.847 101.798
20.848 -101.805
20.848 101.805
20.849 -101.812
20.849 101.812
20.85 -101.819
20.85 101.819
20.851 -101.826
20.851 101.826
20.852 -101.833
20.852 101.833
20.853 -101.84
20.853 101.84
20.854 -101.847
20.854 101.847
20.855 -101.854
20.855 101.854
20.856 -101.861
20.856 101.861
20.857 -101.868
20.857 101.868
20.858 -101.875
20.858 101.875
20.859 -101.882
20.859 101.882
20.86 -101.889
20.86 101.889
20.861 -101.896
20.861 101.896
20.862 -101.903
20.862 101.903
20.863 -101.91
20.863 101.91
20.864 -101.917
20.864 101.917
20.865 -101.924
20.865 101.924
20.866 -101.931
20.866 101.931
20.867 -101.938
20.867 101.938
20.868 -101.945
20.868 101.945
20.869 -101.952
20.869 101.952
20.87 -101.96
20.87 101.96
20.871 -101.967
20.871 101.967
20.872 -101.974
20.872 101.974
20.873 -101.981
20.873 101.981
20.874 -101.988
20.874 101.988
20.875 -101.995
20.875 101.995
20.876 -102.002
20.876 102.002
20.877 -102.009
20.877 102.009
20.878 -102.016
20.878 102.016
20.879 -102.023
20.879 102.023
20.88 -102.03
20.88 102.03
20.881 -102.037
20.881 102.037
20.882 -102.044
20.882 102.044
20.883 -102.051
20.883 102.051
20.884 -102.058
20.884 102.058
20.885 -102.065
20.885 102.065
20.886 -102.072
20.886 102.072
20.887 -102.079
20.887 102.079
20.888 -102.086
20.888 102.086
20.889 -102.093
20.889 102.093
20.89 -102.1
20.89 102.1
20.891 -102.107
20.891 102.107
20.892 -102.114
20.892 102.114
20.893 -102.121
20.893 102.121
20.894 -102.128
20.894 102.128
20.895 -102.135
20.895 102.135
20.896 -102.142
20.896 102.142
20.897 -102.149
20.897 102.149
20.898 -102.156
20.898 102.156
20.899 -102.163
20.899 102.163
20.9 -102.17
20.9 102.17
20.901 -102.177
20.901 102.177
20.902 -102.184
20.902 102.184
20.903 -102.191
20.903 102.191
20.904 -102.198
20.904 102.198
20.905 -102.205
20.905 102.205
20.906 -102.212
20.906 102.212
20.907 -102.219
20.907 102.219
20.908 -102.226
20.908 102.226
20.909 -102.233
20.909 102.233
20.91 -102.241
20.91 102.241
20.911 -102.248
20.911 102.248
20.912 -102.255
20.912 102.255
20.913 -102.262
20.913 102.262
20.914 -102.269
20.914 102.269
20.915 -102.276
20.915 102.276
20.916 -102.283
20.916 102.283
20.917 -102.29
20.917 102.29
20.918 -102.297
20.918 102.297
20.919 -102.304
20.919 102.304
20.92 -102.311
20.92 102.311
20.921 -102.318
20.921 102.318
20.922 -102.325
20.922 102.325
20.923 -102.332
20.923 102.332
20.924 -102.339
20.924 102.339
20.925 -102.346
20.925 102.346
20.926 -102.353
20.926 102.353
20.927 -102.36
20.927 102.36
20.928 -102.367
20.928 102.367
20.929 -102.374
20.929 102.374
20.93 -102.381
20.93 102.381
20.931 -102.388
20.931 102.388
20.932 -102.395
20.932 102.395
20.933 -102.402
20.933 102.402
20.934 -102.409
20.934 102.409
20.935 -102.416
20.935 102.416
20.936 -102.423
20.936 102.423
20.937 -102.43
20.937 102.43
20.938 -102.437
20.938 102.437
20.939 -102.444
20.939 102.444
20.94 -102.451
20.94 102.451
20.941 -102.458
20.941 102.458
20.942 -102.466
20.942 102.466
20.943 -102.473
20.943 102.473
20.944 -102.48
20.944 102.48
20.945 -102.487
20.945 102.487
20.946 -102.494
20.946 102.494
20.947 -102.501
20.947 102.501
20.948 -102.508
20.948 102.508
20.949 -102.515
20.949 102.515
20.95 -102.522
20.95 102.522
20.951 -102.529
20.951 102.529
20.952 -102.536
20.952 102.536
20.953 -102.543
20.953 102.543
20.954 -102.55
20.954 102.55
20.955 -102.557
20.955 102.557
20.956 -102.564
20.956 102.564
20.957 -102.571
20.957 102.571
20.958 -102.578
20.958 102.578
20.959 -102.585
20.959 102.585
20.96 -102.592
20.96 102.592
20.961 -102.599
20.961 102.599
20.962 -102.606
20.962 102.606
20.963 -102.613
20.963 102.613
20.964 -102.62
20.964 102.62
20.965 -102.627
20.965 102.627
20.966 -102.634
20.966 102.634
20.967 -102.641
20.967 102.641
20.968 -102.648
20.968 102.648
20.969 -102.655
20.969 102.655
20.97 -102.663
20.97 102.663
20.971 -102.67
20.971 102.67
20.972 -102.677
20.972 102.677
20.973 -102.684
20.973 102.684
20.974 -102.691
20.974 102.691
20.975 -102.698
20.975 102.698
20.976 -102.705
20.976 102.705
20.977 -102.712
20.977 102.712
20.978 -102.719
20.978 102.719
20.979 -102.726
20.979 102.726
20.98 -102.733
20.98 102.733
20.981 -102.74
20.981 102.74
20.982 -102.747
20.982 102.747
20.983 -102.754
20.983 102.754
20.984 -102.761
20.984 102.761
20.985 -102.768
20.985 102.768
20.986 -102.775
20.986 102.775
20.987 -102.782
20.987 102.782
20.988 -102.789
20.988 102.789
20.989 -102.796
20.989 102.796
20.99 -102.803
20.99 102.803
20.991 -102.81
20.991 102.81
20.992 -102.817
20.992 102.817
20.993 -102.824
20.993 102.824
20.994 -102.831
20.994 102.831
20.995 -102.838
20.995 102.838
20.996 -102.846
20.996 102.846
20.997 -102.853
20.997 102.853
20.998 -102.86
20.998 102.86
20.999 -102.867
20.999 102.867
21 -102.874
21 102.874
21.001 -102.881
21.001 102.881
21.002 -102.888
21.002 102.888
21.003 -102.895
21.003 102.895
21.004 -102.902
21.004 102.902
21.005 -102.909
21.005 102.909
21.006 -102.916
21.006 102.916
21.007 -102.923
21.007 102.923
21.008 -102.93
21.008 102.93
21.009 -102.937
21.009 102.937
21.01 -102.944
21.01 102.944
21.011 -102.951
21.011 102.951
21.012 -102.958
21.012 102.958
21.013 -102.965
21.013 102.965
21.014 -102.972
21.014 102.972
21.015 -102.979
21.015 102.979
21.016 -102.986
21.016 102.986
21.017 -102.993
21.017 102.993
21.018 -103.001
21.018 103.001
21.019 -103.008
21.019 103.008
21.02 -103.015
21.02 103.015
21.021 -103.022
21.021 103.022
21.022 -103.029
21.022 103.029
21.023 -103.036
21.023 103.036
21.024 -103.043
21.024 103.043
21.025 -103.05
21.025 103.05
21.026 -103.057
21.026 103.057
21.027 -103.064
21.027 103.064
21.028 -103.071
21.028 103.071
21.029 -103.078
21.029 103.078
21.03 -103.085
21.03 103.085
21.031 -103.092
21.031 103.092
21.032 -103.099
21.032 103.099
21.033 -103.106
21.033 103.106
21.034 -103.113
21.034 103.113
21.035 -103.12
21.035 103.12
21.036 -103.127
21.036 103.127
21.037 -103.134
21.037 103.134
21.038 -103.141
21.038 103.141
21.039 -103.148
21.039 103.148
21.04 -103.156
21.04 103.156
21.041 -103.163
21.041 103.163
21.042 -103.17
21.042 103.17
21.043 -103.177
21.043 103.177
21.044 -103.184
21.044 103.184
21.045 -103.191
21.045 103.191
21.046 -103.198
21.046 103.198
21.047 -103.205
21.047 103.205
21.048 -103.212
21.048 103.212
21.049 -103.219
21.049 103.219
21.05 -103.226
21.05 103.226
21.051 -103.233
21.051 103.233
21.052 -103.24
21.052 103.24
21.053 -103.247
21.053 103.247
21.054 -103.254
21.054 103.254
21.055 -103.261
21.055 103.261
21.056 -103.268
21.056 103.268
21.057 -103.275
21.057 103.275
21.058 -103.282
21.058 103.282
21.059 -103.29
21.059 103.29
21.06 -103.297
21.06 103.297
21.061 -103.304
21.061 103.304
21.062 -103.311
21.062 103.311
21.063 -103.318
21.063 103.318
21.064 -103.325
21.064 103.325
21.065 -103.332
21.065 103.332
21.066 -103.339
21.066 103.339
21.067 -103.346
21.067 103.346
21.068 -103.353
21.068 103.353
21.069 -103.36
21.069 103.36
21.07 -103.367
21.07 103.367
21.071 -103.374
21.071 103.374
21.072 -103.381
21.072 103.381
21.073 -103.388
21.073 103.388
21.074 -103.395
21.074 103.395
21.075 -103.402
21.075 103.402
21.076 -103.409
21.076 103.409
21.077 -103.416
21.077 103.416
21.078 -103.424
21.078 103.424
21.079 -103.431
21.079 103.431
21.08 -103.438
21.08 103.438
21.081 -103.445
21.081 103.445
21.082 -103.452
21.082 103.452
21.083 -103.459
21.083 103.459
21.084 -103.466
21.084 103.466
21.085 -103.473
21.085 103.473
21.086 -103.48
21.086 103.48
21.087 -103.487
21.087 103.487
21.088 -103.494
21.088 103.494
21.089 -103.501
21.089 103.501
21.09 -103.508
21.09 103.508
21.091 -103.515
21.091 103.515
21.092 -103.522
21.092 103.522
21.093 -103.529
21.093 103.529
21.094 -103.536
21.094 103.536
21.095 -103.543
21.095 103.543
21.096 -103.551
21.096 103.551
21.097 -103.558
21.097 103.558
21.098 -103.565
21.098 103.565
21.099 -103.572
21.099 103.572
21.1 -103.579
21.1 103.579
21.101 -103.586
21.101 103.586
21.102 -103.593
21.102 103.593
21.103 -103.6
21.103 103.6
21.104 -103.607
21.104 103.607
21.105 -103.614
21.105 103.614
21.106 -103.621
21.106 103.621
21.107 -103.628
21.107 103.628
21.108 -103.635
21.108 103.635
21.109 -103.642
21.109 103.642
21.11 -103.649
21.11 103.649
21.111 -103.656
21.111 103.656
21.112 -103.663
21.112 103.663
21.113 -103.671
21.113 103.671
21.114 -103.678
21.114 103.678
21.115 -103.685
21.115 103.685
21.116 -103.692
21.116 103.692
21.117 -103.699
21.117 103.699
21.118 -103.706
21.118 103.706
21.119 -103.713
21.119 103.713
21.12 -103.72
21.12 103.72
21.121 -103.727
21.121 103.727
21.122 -103.734
21.122 103.734
21.123 -103.741
21.123 103.741
21.124 -103.748
21.124 103.748
21.125 -103.755
21.125 103.755
21.126 -103.762
21.126 103.762
21.127 -103.769
21.127 103.769
21.128 -103.776
21.128 103.776
21.129 -103.784
21.129 103.784
21.13 -103.791
21.13 103.791
21.131 -103.798
21.131 103.798
21.132 -103.805
21.132 103.805
21.133 -103.812
21.133 103.812
21.134 -103.819
21.134 103.819
21.135 -103.826
21.135 103.826
21.136 -103.833
21.136 103.833
21.137 -103.84
21.137 103.84
21.138 -103.847
21.138 103.847
21.139 -103.854
21.139 103.854
21.14 -103.861
21.14 103.861
21.141 -103.868
21.141 103.868
21.142 -103.875
21.142 103.875
21.143 -103.882
21.143 103.882
21.144 -103.889
21.144 103.889
21.145 -103.897
21.145 103.897
21.146 -103.904
21.146 103.904
21.147 -103.911
21.147 103.911
21.148 -103.918
21.148 103.918
21.149 -103.925
21.149 103.925
21.15 -103.932
21.15 103.932
21.151 -103.939
21.151 103.939
21.152 -103.946
21.152 103.946
21.153 -103.953
21.153 103.953
21.154 -103.96
21.154 103.96
21.155 -103.967
21.155 103.967
21.156 -103.974
21.156 103.974
21.157 -103.981
21.157 103.981
21.158 -103.988
21.158 103.988
21.159 -103.995
21.159 103.995
21.16 -104.003
21.16 104.003
21.161 -104.01
21.161 104.01
21.162 -104.017
21.162 104.017
21.163 -104.024
21.163 104.024
21.164 -104.031
21.164 104.031
21.165 -104.038
21.165 104.038
21.166 -104.045
21.166 104.045
21.167 -104.052
21.167 104.052
21.168 -104.059
21.168 104.059
21.169 -104.066
21.169 104.066
21.17 -104.073
21.17 104.073
21.171 -104.08
21.171 104.08
21.172 -104.087
21.172 104.087
21.173 -104.094
21.173 104.094
21.174 -104.102
21.174 104.102
21.175 -104.109
21.175 104.109
21.176 -104.116
21.176 104.116
21.177 -104.123
21.177 104.123
21.178 -104.13
21.178 104.13
21.179 -104.137
21.179 104.137
21.18 -104.144
21.18 104.144
21.181 -104.151
21.181 104.151
21.182 -104.158
21.182 104.158
21.183 -104.165
21.183 104.165
21.184 -104.172
21.184 104.172
21.185 -104.179
21.185 104.179
21.186 -104.186
21.186 104.186
21.187 -104.193
21.187 104.193
21.188 -104.201
21.188 104.201
21.189 -104.208
21.189 104.208
21.19 -104.215
21.19 104.215
21.191 -104.222
21.191 104.222
21.192 -104.229
21.192 104.229
21.193 -104.236
21.193 104.236
21.194 -104.243
21.194 104.243
21.195 -104.25
21.195 104.25
21.196 -104.257
21.196 104.257
21.197 -104.264
21.197 104.264
21.198 -104.271
21.198 104.271
21.199 -104.278
21.199 104.278
21.2 -104.285
21.2 104.285
21.201 -104.292
21.201 104.292
21.202 -104.3
21.202 104.3
21.203 -104.307
21.203 104.307
21.204 -104.314
21.204 104.314
21.205 -104.321
21.205 104.321
21.206 -104.328
21.206 104.328
21.207 -104.335
21.207 104.335
21.208 -104.342
21.208 104.342
21.209 -104.349
21.209 104.349
21.21 -104.356
21.21 104.356
21.211 -104.363
21.211 104.363
21.212 -104.37
21.212 104.37
21.213 -104.377
21.213 104.377
21.214 -104.384
21.214 104.384
21.215 -104.392
21.215 104.392
21.216 -104.399
21.216 104.399
21.217 -104.406
21.217 104.406
21.218 -104.413
21.218 104.413
21.219 -104.42
21.219 104.42
21.22 -104.427
21.22 104.427
21.221 -104.434
21.221 104.434
21.222 -104.441
21.222 104.441
21.223 -104.448
21.223 104.448
21.224 -104.455
21.224 104.455
21.225 -104.462
21.225 104.462
21.226 -104.469
21.226 104.469
21.227 -104.476
21.227 104.476
21.228 -104.484
21.228 104.484
21.229 -104.491
21.229 104.491
21.23 -104.498
21.23 104.498
21.231 -104.505
21.231 104.505
21.232 -104.512
21.232 104.512
21.233 -104.519
21.233 104.519
21.234 -104.526
21.234 104.526
21.235 -104.533
21.235 104.533
21.236 -104.54
21.236 104.54
21.237 -104.547
21.237 104.547
21.238 -104.554
21.238 104.554
21.239 -104.561
21.239 104.561
21.24 -104.569
21.24 104.569
21.241 -104.576
21.241 104.576
21.242 -104.583
21.242 104.583
21.243 -104.59
21.243 104.59
21.244 -104.597
21.244 104.597
21.245 -104.604
21.245 104.604
21.246 -104.611
21.246 104.611
21.247 -104.618
21.247 104.618
21.248 -104.625
21.248 104.625
21.249 -104.632
21.249 104.632
21.25 -104.639
21.25 104.639
21.251 -104.646
21.251 104.646
21.252 -104.654
21.252 104.654
21.253 -104.661
21.253 104.661
21.254 -104.668
21.254 104.668
21.255 -104.675
21.255 104.675
21.256 -104.682
21.256 104.682
21.257 -104.689
21.257 104.689
21.258 -104.696
21.258 104.696
21.259 -104.703
21.259 104.703
21.26 -104.71
21.26 104.71
21.261 -104.717
21.261 104.717
21.262 -104.724
21.262 104.724
21.263 -104.731
21.263 104.731
21.264 -104.739
21.264 104.739
21.265 -104.746
21.265 104.746
21.266 -104.753
21.266 104.753
21.267 -104.76
21.267 104.76
21.268 -104.767
21.268 104.767
21.269 -104.774
21.269 104.774
21.27 -104.781
21.27 104.781
21.271 -104.788
21.271 104.788
21.272 -104.795
21.272 104.795
21.273 -104.802
21.273 104.802
21.274 -104.809
21.274 104.809
21.275 -104.816
21.275 104.816
21.276 -104.824
21.276 104.824
21.277 -104.831
21.277 104.831
21.278 -104.838
21.278 104.838
21.279 -104.845
21.279 104.845
21.28 -104.852
21.28 104.852
21.281 -104.859
21.281 104.859
21.282 -104.866
21.282 104.866
21.283 -104.873
21.283 104.873
21.284 -104.88
21.284 104.88
21.285 -104.887
21.285 104.887
21.286 -104.894
21.286 104.894
21.287 -104.901
21.287 104.901
21.288 -104.909
21.288 104.909
21.289 -104.916
21.289 104.916
21.29 -104.923
21.29 104.923
21.291 -104.93
21.291 104.93
21.292 -104.937
21.292 104.937
21.293 -104.944
21.293 104.944
21.294 -104.951
21.294 104.951
21.295 -104.958
21.295 104.958
21.296 -104.965
21.296 104.965
21.297 -104.972
21.297 104.972
21.298 -104.979
21.298 104.979
21.299 -104.987
21.299 104.987
21.3 -104.994
21.3 104.994
21.301 -105.001
21.301 105.001
21.302 -105.008
21.302 105.008
21.303 -105.015
21.303 105.015
21.304 -105.022
21.304 105.022
21.305 -105.029
21.305 105.029
21.306 -105.036
21.306 105.036
21.307 -105.043
21.307 105.043
21.308 -105.05
21.308 105.05
21.309 -105.057
21.309 105.057
21.31 -105.065
21.31 105.065
21.311 -105.072
21.311 105.072
21.312 -105.079
21.312 105.079
21.313 -105.086
21.313 105.086
21.314 -105.093
21.314 105.093
21.315 -105.1
21.315 105.1
21.316 -105.107
21.316 105.107
21.317 -105.114
21.317 105.114
21.318 -105.121
21.318 105.121
21.319 -105.128
21.319 105.128
21.32 -105.135
21.32 105.135
21.321 -105.143
21.321 105.143
21.322 -105.15
21.322 105.15
21.323 -105.157
21.323 105.157
21.324 -105.164
21.324 105.164
21.325 -105.171
21.325 105.171
21.326 -105.178
21.326 105.178
21.327 -105.185
21.327 105.185
21.328 -105.192
21.328 105.192
21.329 -105.199
21.329 105.199
21.33 -105.206
21.33 105.206
21.331 -105.214
21.331 105.214
21.332 -105.221
21.332 105.221
21.333 -105.228
21.333 105.228
21.334 -105.235
21.334 105.235
21.335 -105.242
21.335 105.242
21.336 -105.249
21.336 105.249
21.337 -105.256
21.337 105.256
21.338 -105.263
21.338 105.263
21.339 -105.27
21.339 105.27
21.34 -105.277
21.34 105.277
21.341 -105.284
21.341 105.284
21.342 -105.292
21.342 105.292
21.343 -105.299
21.343 105.299
21.344 -105.306
21.344 105.306
21.345 -105.313
21.345 105.313
21.346 -105.32
21.346 105.32
21.347 -105.327
21.347 105.327
21.348 -105.334
21.348 105.334
21.349 -105.341
21.349 105.341
21.35 -105.348
21.35 105.348
21.351 -105.355
21.351 105.355
21.352 -105.363
21.352 105.363
21.353 -105.37
21.353 105.37
21.354 -105.377
21.354 105.377
21.355 -105.384
21.355 105.384
21.356 -105.391
21.356 105.391
21.357 -105.398
21.357 105.398
21.358 -105.405
21.358 105.405
21.359 -105.412
21.359 105.412
21.36 -105.419
21.36 105.419
21.361 -105.426
21.361 105.426
21.362 -105.434
21.362 105.434
21.363 -105.441
21.363 105.441
21.364 -105.448
21.364 105.448
21.365 -105.455
21.365 105.455
21.366 -105.462
21.366 105.462
21.367 -105.469
21.367 105.469
21.368 -105.476
21.368 105.476
21.369 -105.483
21.369 105.483
21.37 -105.49
21.37 105.49
21.371 -105.497
21.371 105.497
21.372 -105.505
21.372 105.505
21.373 -105.512
21.373 105.512
21.374 -105.519
21.374 105.519
21.375 -105.526
21.375 105.526
21.376 -105.533
21.376 105.533
21.377 -105.54
21.377 105.54
21.378 -105.547
21.378 105.547
21.379 -105.554
21.379 105.554
21.38 -105.561
21.38 105.561
21.381 -105.568
21.381 105.568
21.382 -105.576
21.382 105.576
21.383 -105.583
21.383 105.583
21.384 -105.59
21.384 105.59
21.385 -105.597
21.385 105.597
21.386 -105.604
21.386 105.604
21.387 -105.611
21.387 105.611
21.388 -105.618
21.388 105.618
21.389 -105.625
21.389 105.625
21.39 -105.632
21.39 105.632
21.391 -105.64
21.391 105.64
21.392 -105.647
21.392 105.647
21.393 -105.654
21.393 105.654
21.394 -105.661
21.394 105.661
21.395 -105.668
21.395 105.668
21.396 -105.675
21.396 105.675
21.397 -105.682
21.397 105.682
21.398 -105.689
21.398 105.689
21.399 -105.696
21.399 105.696
21.4 -105.703
21.4 105.703
21.401 -105.711
21.401 105.711
21.402 -105.718
21.402 105.718
21.403 -105.725
21.403 105.725
21.404 -105.732
21.404 105.732
21.405 -105.739
21.405 105.739
21.406 -105.746
21.406 105.746
21.407 -105.753
21.407 105.753
21.408 -105.76
21.408 105.76
21.409 -105.767
21.409 105.767
21.41 -105.775
21.41 105.775
21.411 -105.782
21.411 105.782
21.412 -105.789
21.412 105.789
21.413 -105.796
21.413 105.796
21.414 -105.803
21.414 105.803
21.415 -105.81
21.415 105.81
21.416 -105.817
21.416 105.817
21.417 -105.824
21.417 105.824
21.418 -105.831
21.418 105.831
21.419 -105.839
21.419 105.839
21.42 -105.846
21.42 105.846
21.421 -105.853
21.421 105.853
21.422 -105.86
21.422 105.86
21.423 -105.867
21.423 105.867
21.424 -105.874
21.424 105.874
21.425 -105.881
21.425 105.881
21.426 -105.888
21.426 105.888
21.427 -105.895
21.427 105.895
21.428 -105.903
21.428 105.903
21.429 -105.91
21.429 105.91
21.43 -105.917
21.43 105.917
21.431 -105.924
21.431 105.924
21.432 -105.931
21.432 105.931
21.433 -105.938
21.433 105.938
21.434 -105.945
21.434 105.945
21.435 -105.952
21.435 105.952
21.436 -105.959
21.436 105.959
21.437 -105.967
21.437 105.967
21.438 -105.974
21.438 105.974
21.439 -105.981
21.439 105.981
21.44 -105.988
21.44 105.988
21.441 -105.995
21.441 105.995
21.442 -106.002
21.442 106.002
21.443 -106.009
21.443 106.009
21.444 -106.016
21.444 106.016
21.445 -106.023
21.445 106.023
21.446 -106.031
21.446 106.031
21.447 -106.038
21.447 106.038
21.448 -106.045
21.448 106.045
21.449 -106.052
21.449 106.052
21.45 -106.059
21.45 106.059
21.451 -106.066
21.451 106.066
21.452 -106.073
21.452 106.073
21.453 -106.08
21.453 106.08
21.454 -106.087
21.454 106.087
21.455 -106.095
21.455 106.095
21.456 -106.102
21.456 106.102
21.457 -106.109
21.457 106.109
21.458 -106.116
21.458 106.116
21.459 -106.123
21.459 106.123
21.46 -106.13
21.46 106.13
21.461 -106.137
21.461 106.137
21.462 -106.144
21.462 106.144
21.463 -106.151
21.463 106.151
21.464 -106.159
21.464 106.159
21.465 -106.166
21.465 106.166
21.466 -106.173
21.466 106.173
21.467 -106.18
21.467 106.18
21.468 -106.187
21.468 106.187
21.469 -106.194
21.469 106.194
21.47 -106.201
21.47 106.201
21.471 -106.208
21.471 106.208
21.472 -106.216
21.472 106.216
21.473 -106.223
21.473 106.223
21.474 -106.23
21.474 106.23
21.475 -106.237
21.475 106.237
21.476 -106.244
21.476 106.244
21.477 -106.251
21.477 106.251
21.478 -106.258
21.478 106.258
21.479 -106.265
21.479 106.265
21.48 -106.272
21.48 106.272
21.481 -106.28
21.481 106.28
21.482 -106.287
21.482 106.287
21.483 -106.294
21.483 106.294
21.484 -106.301
21.484 106.301
21.485 -106.308
21.485 106.308
21.486 -106.315
21.486 106.315
21.487 -106.322
21.487 106.322
21.488 -106.329
21.488 106.329
21.489 -106.337
21.489 106.337
21.49 -106.344
21.49 106.344
21.491 -106.351
21.491 106.351
21.492 -106.358
21.492 106.358
21.493 -106.365
21.493 106.365
21.494 -106.372
21.494 106.372
21.495 -106.379
21.495 106.379
21.496 -106.386
21.496 106.386
21.497 -106.394
21.497 106.394
21.498 -106.401
21.498 106.401
21.499 -106.408
21.499 106.408
21.5 -106.415
21.5 106.415
21.501 -106.422
21.501 106.422
21.502 -106.429
21.502 106.429
21.503 -106.436
21.503 106.436
21.504 -106.443
21.504 106.443
21.505 -106.45
21.505 106.45
21.506 -106.458
21.506 106.458
21.507 -106.465
21.507 106.465
21.508 -106.472
21.508 106.472
21.509 -106.479
21.509 106.479
21.51 -106.486
21.51 106.486
21.511 -106.493
21.511 106.493
21.512 -106.5
21.512 106.5
21.513 -106.507
21.513 106.507
21.514 -106.515
21.514 106.515
21.515 -106.522
21.515 106.522
21.516 -106.529
21.516 106.529
21.517 -106.536
21.517 106.536
21.518 -106.543
21.518 106.543
21.519 -106.55
21.519 106.55
21.52 -106.557
21.52 106.557
21.521 -106.564
21.521 106.564
21.522 -106.572
21.522 106.572
21.523 -106.579
21.523 106.579
21.524 -106.586
21.524 106.586
21.525 -106.593
21.525 106.593
21.526 -106.6
21.526 106.6
21.527 -106.607
21.527 106.607
21.528 -106.614
21.528 106.614
21.529 -106.621
21.529 106.621
21.53 -106.629
21.53 106.629
21.531 -106.636
21.531 106.636
21.532 -106.643
21.532 106.643
21.533 -106.65
21.533 106.65
21.534 -106.657
21.534 106.657
21.535 -106.664
21.535 106.664
21.536 -106.671
21.536 106.671
21.537 -106.678
21.537 106.678
21.538 -106.686
21.538 106.686
21.539 -106.693
21.539 106.693
21.54 -106.7
21.54 106.7
21.541 -106.707
21.541 106.707
21.542 -106.714
21.542 106.714
21.543 -106.721
21.543 106.721
21.544 -106.728
21.544 106.728
21.545 -106.736
21.545 106.736
21.546 -106.743
21.546 106.743
21.547 -106.75
21.547 106.75
21.548 -106.757
21.548 106.757
21.549 -106.764
21.549 106.764
21.55 -106.771
21.55 106.771
21.551 -106.778
21.551 106.778
21.552 -106.785
21.552 106.785
21.553 -106.793
21.553 106.793
21.554 -106.8
21.554 106.8
21.555 -106.807
21.555 106.807
21.556 -106.814
21.556 106.814
21.557 -106.821
21.557 106.821
21.558 -106.828
21.558 106.828
21.559 -106.835
21.559 106.835
21.56 -106.842
21.56 106.842
21.561 -106.85
21.561 106.85
21.562 -106.857
21.562 106.857
21.563 -106.864
21.563 106.864
21.564 -106.871
21.564 106.871
21.565 -106.878
21.565 106.878
21.566 -106.885
21.566 106.885
21.567 -106.892
21.567 106.892
21.568 -106.9
21.568 106.9
21.569 -106.907
21.569 106.907
21.57 -106.914
21.57 106.914
21.571 -106.921
21.571 106.921
21.572 -106.928
21.572 106.928
21.573 -106.935
21.573 106.935
21.574 -106.942
21.574 106.942
21.575 -106.949
21.575 106.949
21.576 -106.957
21.576 106.957
21.577 -106.964
21.577 106.964
21.578 -106.971
21.578 106.971
21.579 -106.978
21.579 106.978
21.58 -106.985
21.58 106.985
21.581 -106.992
21.581 106.992
21.582 -106.999
21.582 106.999
21.583 -107.007
21.583 107.007
21.584 -107.014
21.584 107.014
21.585 -107.021
21.585 107.021
21.586 -107.028
21.586 107.028
21.587 -107.035
21.587 107.035
21.588 -107.042
21.588 107.042
21.589 -107.049
21.589 107.049
21.59 -107.056
21.59 107.056
21.591 -107.064
21.591 107.064
21.592 -107.071
21.592 107.071
21.593 -107.078
21.593 107.078
21.594 -107.085
21.594 107.085
21.595 -107.092
21.595 107.092
21.596 -107.099
21.596 107.099
21.597 -107.106
21.597 107.106
21.598 -107.114
21.598 107.114
21.599 -107.121
21.599 107.121
21.6 -107.128
21.6 107.128
21.601 -107.135
21.601 107.135
21.602 -107.142
21.602 107.142
21.603 -107.149
21.603 107.149
21.604 -107.156
21.604 107.156
21.605 -107.164
21.605 107.164
21.606 -107.171
21.606 107.171
21.607 -107.178
21.607 107.178
21.608 -107.185
21.608 107.185
21.609 -107.192
21.609 107.192
21.61 -107.199
21.61 107.199
21.611 -107.206
21.611 107.206
21.612 -107.214
21.612 107.214
21.613 -107.221
21.613 107.221
21.614 -107.228
21.614 107.228
21.615 -107.235
21.615 107.235
21.616 -107.242
21.616 107.242
21.617 -107.249
21.617 107.249
21.618 -107.256
21.618 107.256
21.619 -107.263
21.619 107.263
21.62 -107.271
21.62 107.271
21.621 -107.278
21.621 107.278
21.622 -107.285
21.622 107.285
21.623 -107.292
21.623 107.292
21.624 -107.299
21.624 107.299
21.625 -107.306
21.625 107.306
21.626 -107.313
21.626 107.313
21.627 -107.321
21.627 107.321
21.628 -107.328
21.628 107.328
21.629 -107.335
21.629 107.335
21.63 -107.342
21.63 107.342
21.631 -107.349
21.631 107.349
21.632 -107.356
21.632 107.356
21.633 -107.363
21.633 107.363
21.634 -107.371
21.634 107.371
21.635 -107.378
21.635 107.378
21.636 -107.385
21.636 107.385
21.637 -107.392
21.637 107.392
21.638 -107.399
21.638 107.399
21.639 -107.406
21.639 107.406
21.64 -107.413
21.64 107.413
21.641 -107.421
21.641 107.421
21.642 -107.428
21.642 107.428
21.643 -107.435
21.643 107.435
21.644 -107.442
21.644 107.442
21.645 -107.449
21.645 107.449
21.646 -107.456
21.646 107.456
21.647 -107.463
21.647 107.463
21.648 -107.471
21.648 107.471
21.649 -107.478
21.649 107.478
21.65 -107.485
21.65 107.485
21.651 -107.492
21.651 107.492
21.652 -107.499
21.652 107.499
21.653 -107.506
21.653 107.506
21.654 -107.514
21.654 107.514
21.655 -107.521
21.655 107.521
21.656 -107.528
21.656 107.528
21.657 -107.535
21.657 107.535
21.658 -107.542
21.658 107.542
21.659 -107.549
21.659 107.549
21.66 -107.556
21.66 107.556
21.661 -107.564
21.661 107.564
21.662 -107.571
21.662 107.571
21.663 -107.578
21.663 107.578
21.664 -107.585
21.664 107.585
21.665 -107.592
21.665 107.592
21.666 -107.599
21.666 107.599
21.667 -107.606
21.667 107.606
21.668 -107.614
21.668 107.614
21.669 -107.621
21.669 107.621
21.67 -107.628
21.67 107.628
21.671 -107.635
21.671 107.635
21.672 -107.642
21.672 107.642
21.673 -107.649
21.673 107.649
21.674 -107.656
21.674 107.656
21.675 -107.664
21.675 107.664
21.676 -107.671
21.676 107.671
21.677 -107.678
21.677 107.678
21.678 -107.685
21.678 107.685
21.679 -107.692
21.679 107.692
21.68 -107.699
21.68 107.699
21.681 -107.707
21.681 107.707
21.682 -107.714
21.682 107.714
21.683 -107.721
21.683 107.721
21.684 -107.728
21.684 107.728
21.685 -107.735
21.685 107.735
21.686 -107.742
21.686 107.742
21.687 -107.749
21.687 107.749
21.688 -107.757
21.688 107.757
21.689 -107.764
21.689 107.764
21.69 -107.771
21.69 107.771
21.691 -107.778
21.691 107.778
21.692 -107.785
21.692 107.785
21.693 -107.792
21.693 107.792
21.694 -107.799
21.694 107.799
21.695 -107.807
21.695 107.807
21.696 -107.814
21.696 107.814
21.697 -107.821
21.697 107.821
21.698 -107.828
21.698 107.828
21.699 -107.835
21.699 107.835
21.7 -107.842
21.7 107.842
21.701 -107.85
21.701 107.85
21.702 -107.857
21.702 107.857
21.703 -107.864
21.703 107.864
21.704 -107.871
21.704 107.871
21.705 -107.878
21.705 107.878
21.706 -107.885
21.706 107.885
21.707 -107.892
21.707 107.892
21.708 -107.9
21.708 107.9
21.709 -107.907
21.709 107.907
21.71 -107.914
21.71 107.914
21.711 -107.921
21.711 107.921
21.712 -107.928
21.712 107.928
21.713 -107.935
21.713 107.935
21.714 -107.943
21.714 107.943
21.715 -107.95
21.715 107.95
21.716 -107.957
21.716 107.957
21.717 -107.964
21.717 107.964
21.718 -107.971
21.718 107.971
21.719 -107.978
21.719 107.978
21.72 -107.985
21.72 107.985
21.721 -107.993
21.721 107.993
21.722 -108
21.722 108
21.723 -108.007
21.723 108.007
21.724 -108.014
21.724 108.014
21.725 -108.021
21.725 108.021
21.726 -108.028
21.726 108.028
21.727 -108.036
21.727 108.036
21.728 -108.043
21.728 108.043
21.729 -108.05
21.729 108.05
21.73 -108.057
21.73 108.057
21.731 -108.064
21.731 108.064
21.732 -108.071
21.732 108.071
21.733 -108.079
21.733 108.079
21.734 -108.086
21.734 108.086
21.735 -108.093
21.735 108.093
21.736 -108.1
21.736 108.1
21.737 -108.107
21.737 108.107
21.738 -108.114
21.738 108.114
21.739 -108.121
21.739 108.121
21.74 -108.129
21.74 108.129
21.741 -108.136
21.741 108.136
21.742 -108.143
21.742 108.143
21.743 -108.15
21.743 108.15
21.744 -108.157
21.744 108.157
21.745 -108.164
21.745 108.164
21.746 -108.172
21.746 108.172
21.747 -108.179
21.747 108.179
21.748 -108.186
21.748 108.186
21.749 -108.193
21.749 108.193
21.75 -108.2
21.75 108.2
21.751 -108.207
21.751 108.207
21.752 -108.215
21.752 108.215
21.753 -108.222
21.753 108.222
21.754 -108.229
21.754 108.229
21.755 -108.236
21.755 108.236
21.756 -108.243
21.756 108.243
21.757 -108.25
21.757 108.25
21.758 -108.258
21.758 108.258
21.759 -108.265
21.759 108.265
21.76 -108.272
21.76 108.272
21.761 -108.279
21.761 108.279
21.762 -108.286
21.762 108.286
21.763 -108.293
21.763 108.293
21.764 -108.301
21.764 108.301
21.765 -108.308
21.765 108.308
21.766 -108.315
21.766 108.315
21.767 -108.322
21.767 108.322
21.768 -108.329
21.768 108.329
21.769 -108.336
21.769 108.336
21.77 -108.344
21.77 108.344
21.771 -108.351
21.771 108.351
21.772 -108.358
21.772 108.358
21.773 -108.365
21.773 108.365
21.774 -108.372
21.774 108.372
21.775 -108.379
21.775 108.379
21.776 -108.387
21.776 108.387
21.777 -108.394
21.777 108.394
21.778 -108.401
21.778 108.401
21.779 -108.408
21.779 108.408
21.78 -108.415
21.78 108.415
21.781 -108.422
21.781 108.422
21.782 -108.43
21.782 108.43
21.783 -108.437
21.783 108.437
21.784 -108.444
21.784 108.444
21.785 -108.451
21.785 108.451
21.786 -108.458
21.786 108.458
21.787 -108.465
21.787 108.465
21.788 -108.473
21.788 108.473
21.789 -108.48
21.789 108.48
21.79 -108.487
21.79 108.487
21.791 -108.494
21.791 108.494
21.792 -108.501
21.792 108.501
21.793 -108.508
21.793 108.508
21.794 -108.516
21.794 108.516
21.795 -108.523
21.795 108.523
21.796 -108.53
21.796 108.53
21.797 -108.537
21.797 108.537
21.798 -108.544
21.798 108.544
21.799 -108.551
21.799 108.551
21.8 -108.559
21.8 108.559
21.801 -108.566
21.801 108.566
21.802 -108.573
21.802 108.573
21.803 -108.58
21.803 108.58
21.804 -108.587
21.804 108.587
21.805 -108.594
21.805 108.594
21.806 -108.602
21.806 108.602
21.807 -108.609
21.807 108.609
21.808 -108.616
21.808 108.616
21.809 -108.623
21.809 108.623
21.81 -108.63
21.81 108.63
21.811 -108.637
21.811 108.637
21.812 -108.645
21.812 108.645
21.813 -108.652
21.813 108.652
21.814 -108.659
21.814 108.659
21.815 -108.666
21.815 108.666
21.816 -108.673
21.816 108.673
21.817 -108.68
21.817 108.68
21.818 -108.688
21.818 108.688
21.819 -108.695
21.819 108.695
21.82 -108.702
21.82 108.702
21.821 -108.709
21.821 108.709
21.822 -108.716
21.822 108.716
21.823 -108.723
21.823 108.723
21.824 -108.731
21.824 108.731
21.825 -108.738
21.825 108.738
21.826 -108.745
21.826 108.745
21.827 -108.752
21.827 108.752
21.828 -108.759
21.828 108.759
21.829 -108.766
21.829 108.766
21.83 -108.774
21.83 108.774
21.831 -108.781
21.831 108.781
21.832 -108.788
21.832 108.788
21.833 -108.795
21.833 108.795
21.834 -108.802
21.834 108.802
21.835 -108.81
21.835 108.81
21.836 -108.817
21.836 108.817
21.837 -108.824
21.837 108.824
21.838 -108.831
21.838 108.831
21.839 -108.838
21.839 108.838
21.84 -108.845
21.84 108.845
21.841 -108.853
21.841 108.853
21.842 -108.86
21.842 108.86
21.843 -108.867
21.843 108.867
21.844 -108.874
21.844 108.874
21.845 -108.881
21.845 108.881
21.846 -108.888
21.846 108.888
21.847 -108.896
21.847 108.896
21.848 -108.903
21.848 108.903
21.849 -108.91
21.849 108.91
21.85 -108.917
21.85 108.917
21.851 -108.924
21.851 108.924
21.852 -108.932
21.852 108.932
21.853 -108.939
21.853 108.939
21.854 -108.946
21.854 108.946
21.855 -108.953
21.855 108.953
21.856 -108.96
21.856 108.96
21.857 -108.967
21.857 108.967
21.858 -108.975
21.858 108.975
21.859 -108.982
21.859 108.982
21.86 -108.989
21.86 108.989
21.861 -108.996
21.861 108.996
21.862 -109.003
21.862 109.003
21.863 -109.01
21.863 109.01
21.864 -109.018
21.864 109.018
21.865 -109.025
21.865 109.025
21.866 -109.032
21.866 109.032
21.867 -109.039
21.867 109.039
21.868 -109.046
21.868 109.046
21.869 -109.054
21.869 109.054
21.87 -109.061
21.87 109.061
21.871 -109.068
21.871 109.068
21.872 -109.075
21.872 109.075
21.873 -109.082
21.873 109.082
21.874 -109.089
21.874 109.089
21.875 -109.097
21.875 109.097
21.876 -109.104
21.876 109.104
21.877 -109.111
21.877 109.111
21.878 -109.118
21.878 109.118
21.879 -109.125
21.879 109.125
21.88 -109.133
21.88 109.133
21.881 -109.14
21.881 109.14
21.882 -109.147
21.882 109.147
21.883 -109.154
21.883 109.154
21.884 -109.161
21.884 109.161
21.885 -109.168
21.885 109.168
21.886 -109.176
21.886 109.176
21.887 -109.183
21.887 109.183
21.888 -109.19
21.888 109.19
21.889 -109.197
21.889 109.197
21.89 -109.204
21.89 109.204
21.891 -109.212
21.891 109.212
21.892 -109.219
21.892 109.219
21.893 -109.226
21.893 109.226
21.894 -109.233
21.894 109.233
21.895 -109.24
21.895 109.24
21.896 -109.247
21.896 109.247
21.897 -109.255
21.897 109.255
21.898 -109.262
21.898 109.262
21.899 -109.269
21.899 109.269
21.9 -109.276
21.9 109.276
21.901 -109.283
21.901 109.283
21.902 -109.291
21.902 109.291
21.903 -109.298
21.903 109.298
21.904 -109.305
21.904 109.305
21.905 -109.312
21.905 109.312
21.906 -109.319
21.906 109.319
21.907 -109.327
21.907 109.327
21.908 -109.334
21.908 109.334
21.909 -109.341
21.909 109.341
21.91 -109.348
21.91 109.348
21.911 -109.355
21.911 109.355
21.912 -109.362
21.912 109.362
21.913 -109.37
21.913 109.37
21.914 -109.377
21.914 109.377
21.915 -109.384
21.915 109.384
21.916 -109.391
21.916 109.391
21.917 -109.398
21.917 109.398
21.918 -109.406
21.918 109.406
21.919 -109.413
21.919 109.413
21.92 -109.42
21.92 109.42
21.921 -109.427
21.921 109.427
21.922 -109.434
21.922 109.434
21.923 -109.441
21.923 109.441
21.924 -109.449
21.924 109.449
21.925 -109.456
21.925 109.456
21.926 -109.463
21.926 109.463
21.927 -109.47
21.927 109.47
21.928 -109.477
21.928 109.477
21.929 -109.485
21.929 109.485
21.93 -109.492
21.93 109.492
21.931 -109.499
21.931 109.499
21.932 -109.506
21.932 109.506
21.933 -109.513
21.933 109.513
21.934 -109.521
21.934 109.521
21.935 -109.528
21.935 109.528
21.936 -109.535
21.936 109.535
21.937 -109.542
21.937 109.542
21.938 -109.549
21.938 109.549
21.939 -109.557
21.939 109.557
21.94 -109.564
21.94 109.564
21.941 -109.571
21.941 109.571
21.942 -109.578
21.942 109.578
21.943 -109.585
21.943 109.585
21.944 -109.592
21.944 109.592
21.945 -109.6
21.945 109.6
21.946 -109.607
21.946 109.607
21.947 -109.614
21.947 109.614
21.948 -109.621
21.948 109.621
21.949 -109.628
21.949 109.628
21.95 -109.636
21.95 109.636
21.951 -109.643
21.951 109.643
21.952 -109.65
21.952 109.65
21.953 -109.657
21.953 109.657
21.954 -109.664
21.954 109.664
21.955 -109.672
21.955 109.672
21.956 -109.679
21.956 109.679
21.957 -109.686
21.957 109.686
21.958 -109.693
21.958 109.693
21.959 -109.7
21.959 109.7
21.96 -109.708
21.96 109.708
21.961 -109.715
21.961 109.715
21.962 -109.722
21.962 109.722
21.963 -109.729
21.963 109.729
21.964 -109.736
21.964 109.736
21.965 -109.744
21.965 109.744
21.966 -109.751
21.966 109.751
21.967 -109.758
21.967 109.758
21.968 -109.765
21.968 109.765
21.969 -109.772
21.969 109.772
21.97 -109.78
21.97 109.78
21.971 -109.787
21.971 109.787
21.972 -109.794
21.972 109.794
21.973 -109.801
21.973 109.801
21.974 -109.808
21.974 109.808
21.975 -109.815
21.975 109.815
21.976 -109.823
21.976 109.823
21.977 -109.83
21.977 109.83
21.978 -109.837
21.978 109.837
21.979 -109.844
21.979 109.844
21.98 -109.851
21.98 109.851
21.981 -109.859
21.981 109.859
21.982 -109.866
21.982 109.866
21.983 -109.873
21.983 109.873
21.984 -109.88
21.984 109.88
21.985 -109.887
21.985 109.887
21.986 -109.895
21.986 109.895
21.987 -109.902
21.987 109.902
21.988 -109.909
21.988 109.909
21.989 -109.916
21.989 109.916
21.99 -109.923
21.99 109.923
21.991 -109.931
21.991 109.931
21.992 -109.938
21.992 109.938
21.993 -109.945
21.993 109.945
21.994 -109.952
21.994 109.952
21.995 -109.959
21.995 109.959
21.996 -109.967
21.996 109.967
21.997 -109.974
21.997 109.974
21.998 -109.981
21.998 109.981
21.999 -109.988
21.999 109.988
22 -109.995
22 109.995
22.001 -110.003
22.001 110.003
22.002 -110.01
22.002 110.01
22.003 -110.017
22.003 110.017
22.004 -110.024
22.004 110.024
22.005 -110.031
22.005 110.031
22.006 -110.039
22.006 110.039
22.007 -110.046
22.007 110.046
22.008 -110.053
22.008 110.053
22.009 -110.06
22.009 110.06
22.01 -110.067
22.01 110.067
22.011 -110.075
22.011 110.075
22.012 -110.082
22.012 110.082
22.013 -110.089
22.013 110.089
22.014 -110.096
22.014 110.096
22.015 -110.103
22.015 110.103
22.016 -110.111
22.016 110.111
22.017 -110.118
22.017 110.118
22.018 -110.125
22.018 110.125
22.019 -110.132
22.019 110.132
22.02 -110.139
22.02 110.139
22.021 -110.147
22.021 110.147
22.022 -110.154
22.022 110.154
22.023 -110.161
22.023 110.161
22.024 -110.168
22.024 110.168
22.025 -110.176
22.025 110.176
22.026 -110.183
22.026 110.183
22.027 -110.19
22.027 110.19
22.028 -110.197
22.028 110.197
22.029 -110.204
22.029 110.204
22.03 -110.212
22.03 110.212
22.031 -110.219
22.031 110.219
22.032 -110.226
22.032 110.226
22.033 -110.233
22.033 110.233
22.034 -110.24
22.034 110.24
22.035 -110.248
22.035 110.248
22.036 -110.255
22.036 110.255
22.037 -110.262
22.037 110.262
22.038 -110.269
22.038 110.269
22.039 -110.276
22.039 110.276
22.04 -110.284
22.04 110.284
22.041 -110.291
22.041 110.291
22.042 -110.298
22.042 110.298
22.043 -110.305
22.043 110.305
22.044 -110.312
22.044 110.312
22.045 -110.32
22.045 110.32
22.046 -110.327
22.046 110.327
22.047 -110.334
22.047 110.334
22.048 -110.341
22.048 110.341
22.049 -110.348
22.049 110.348
22.05 -110.356
22.05 110.356
22.051 -110.363
22.051 110.363
22.052 -110.37
22.052 110.37
22.053 -110.377
22.053 110.377
22.054 -110.384
22.054 110.384
22.055 -110.392
22.055 110.392
22.056 -110.399
22.056 110.399
22.057 -110.406
22.057 110.406
22.058 -110.413
22.058 110.413
22.059 -110.421
22.059 110.421
22.06 -110.428
22.06 110.428
22.061 -110.435
22.061 110.435
22.062 -110.442
22.062 110.442
22.063 -110.449
22.063 110.449
22.064 -110.457
22.064 110.457
22.065 -110.464
22.065 110.464
22.066 -110.471
22.066 110.471
22.067 -110.478
22.067 110.478
22.068 -110.485
22.068 110.485
22.069 -110.493
22.069 110.493
22.07 -110.5
22.07 110.5
22.071 -110.507
22.071 110.507
22.072 -110.514
22.072 110.514
22.073 -110.521
22.073 110.521
22.074 -110.529
22.074 110.529
22.075 -110.536
22.075 110.536
22.076 -110.543
22.076 110.543
22.077 -110.55
22.077 110.55
22.078 -110.558
22.078 110.558
22.079 -110.565
22.079 110.565
22.08 -110.572
22.08 110.572
22.081 -110.579
22.081 110.579
22.082 -110.586
22.082 110.586
22.083 -110.594
22.083 110.594
22.084 -110.601
22.084 110.601
22.085 -110.608
22.085 110.608
22.086 -110.615
22.086 110.615
22.087 -110.622
22.087 110.622
22.088 -110.63
22.088 110.63
22.089 -110.637
22.089 110.637
22.09 -110.644
22.09 110.644
22.091 -110.651
22.091 110.651
22.092 -110.659
22.092 110.659
22.093 -110.666
22.093 110.666
22.094 -110.673
22.094 110.673
22.095 -110.68
22.095 110.68
22.096 -110.687
22.096 110.687
22.097 -110.695
22.097 110.695
22.098 -110.702
22.098 110.702
22.099 -110.709
22.099 110.709
22.1 -110.716
22.1 110.716
22.101 -110.723
22.101 110.723
22.102 -110.731
22.102 110.731
22.103 -110.738
22.103 110.738
22.104 -110.745
22.104 110.745
22.105 -110.752
22.105 110.752
22.106 -110.76
22.106 110.76
22.107 -110.767
22.107 110.767
22.108 -110.774
22.108 110.774
22.109 -110.781
22.109 110.781
22.11 -110.788
22.11 110.788
22.111 -110.796
22.111 110.796
22.112 -110.803
22.112 110.803
22.113 -110.81
22.113 110.81
22.114 -110.817
22.114 110.817
22.115 -110.825
22.115 110.825
22.116 -110.832
22.116 110.832
22.117 -110.839
22.117 110.839
22.118 -110.846
22.118 110.846
22.119 -110.853
22.119 110.853
22.12 -110.861
22.12 110.861
22.121 -110.868
22.121 110.868
22.122 -110.875
22.122 110.875
22.123 -110.882
22.123 110.882
22.124 -110.889
22.124 110.889
22.125 -110.897
22.125 110.897
22.126 -110.904
22.126 110.904
22.127 -110.911
22.127 110.911
22.128 -110.918
22.128 110.918
22.129 -110.926
22.129 110.926
22.13 -110.933
22.13 110.933
22.131 -110.94
22.131 110.94
22.132 -110.947
22.132 110.947
22.133 -110.954
22.133 110.954
22.134 -110.962
22.134 110.962
22.135 -110.969
22.135 110.969
22.136 -110.976
22.136 110.976
22.137 -110.983
22.137 110.983
22.138 -110.991
22.138 110.991
22.139 -110.998
22.139 110.998
22.14 -111.005
22.14 111.005
22.141 -111.012
22.141 111.012
22.142 -111.019
22.142 111.019
22.143 -111.027
22.143 111.027
22.144 -111.034
22.144 111.034
22.145 -111.041
22.145 111.041
22.146 -111.048
22.146 111.048
22.147 -111.056
22.147 111.056
22.148 -111.063
22.148 111.063
22.149 -111.07
22.149 111.07
22.15 -111.077
22.15 111.077
22.151 -111.084
22.151 111.084
22.152 -111.092
22.152 111.092
22.153 -111.099
22.153 111.099
22.154 -111.106
22.154 111.106
22.155 -111.113
22.155 111.113
22.156 -111.121
22.156 111.121
22.157 -111.128
22.157 111.128
22.158 -111.135
22.158 111.135
22.159 -111.142
22.159 111.142
22.16 -111.149
22.16 111.149
22.161 -111.157
22.161 111.157
22.162 -111.164
22.162 111.164
22.163 -111.171
22.163 111.171
22.164 -111.178
22.164 111.178
22.165 -111.186
22.165 111.186
22.166 -111.193
22.166 111.193
22.167 -111.2
22.167 111.2
22.168 -111.207
22.168 111.207
22.169 -111.215
22.169 111.215
22.17 -111.222
22.17 111.222
22.171 -111.229
22.171 111.229
22.172 -111.236
22.172 111.236
22.173 -111.243
22.173 111.243
22.174 -111.251
22.174 111.251
22.175 -111.258
22.175 111.258
22.176 -111.265
22.176 111.265
22.177 -111.272
22.177 111.272
22.178 -111.28
22.178 111.28
22.179 -111.287
22.179 111.287
22.18 -111.294
22.18 111.294
22.181 -111.301
22.181 111.301
22.182 -111.308
22.182 111.308
22.183 -111.316
22.183 111.316
22.184 -111.323
22.184 111.323
22.185 -111.33
22.185 111.33
22.186 -111.337
22.186 111.337
22.187 -111.345
22.187 111.345
22.188 -111.352
22.188 111.352
22.189 -111.359
22.189 111.359
22.19 -111.366
22.19 111.366
22.191 -111.374
22.191 111.374
22.192 -111.381
22.192 111.381
22.193 -111.388
22.193 111.388
22.194 -111.395
22.194 111.395
22.195 -111.402
22.195 111.402
22.196 -111.41
22.196 111.41
22.197 -111.417
22.197 111.417
22.198 -111.424
22.198 111.424
22.199 -111.431
22.199 111.431
22.2 -111.439
22.2 111.439
22.201 -111.446
22.201 111.446
22.202 -111.453
22.202 111.453
22.203 -111.46
22.203 111.46
22.204 -111.468
22.204 111.468
22.205 -111.475
22.205 111.475
22.206 -111.482
22.206 111.482
22.207 -111.489
22.207 111.489
22.208 -111.496
22.208 111.496
22.209 -111.504
22.209 111.504
22.21 -111.511
22.21 111.511
22.211 -111.518
22.211 111.518
22.212 -111.525
22.212 111.525
22.213 -111.533
22.213 111.533
22.214 -111.54
22.214 111.54
22.215 -111.547
22.215 111.547
22.216 -111.554
22.216 111.554
22.217 -111.562
22.217 111.562
22.218 -111.569
22.218 111.569
22.219 -111.576
22.219 111.576
22.22 -111.583
22.22 111.583
22.221 -111.591
22.221 111.591
22.222 -111.598
22.222 111.598
22.223 -111.605
22.223 111.605
22.224 -111.612
22.224 111.612
22.225 -111.619
22.225 111.619
22.226 -111.627
22.226 111.627
22.227 -111.634
22.227 111.634
22.228 -111.641
22.228 111.641
22.229 -111.648
22.229 111.648
22.23 -111.656
22.23 111.656
22.231 -111.663
22.231 111.663
22.232 -111.67
22.232 111.67
22.233 -111.677
22.233 111.677
22.234 -111.685
22.234 111.685
22.235 -111.692
22.235 111.692
22.236 -111.699
22.236 111.699
22.237 -111.706
22.237 111.706
22.238 -111.714
22.238 111.714
22.239 -111.721
22.239 111.721
22.24 -111.728
22.24 111.728
22.241 -111.735
22.241 111.735
22.242 -111.742
22.242 111.742
22.243 -111.75
22.243 111.75
22.244 -111.757
22.244 111.757
22.245 -111.764
22.245 111.764
22.246 -111.771
22.246 111.771
22.247 -111.779
22.247 111.779
22.248 -111.786
22.248 111.786
22.249 -111.793
22.249 111.793
22.25 -111.8
22.25 111.8
22.251 -111.808
22.251 111.808
22.252 -111.815
22.252 111.815
22.253 -111.822
22.253 111.822
22.254 -111.829
22.254 111.829
22.255 -111.837
22.255 111.837
22.256 -111.844
22.256 111.844
22.257 -111.851
22.257 111.851
22.258 -111.858
22.258 111.858
22.259 -111.866
22.259 111.866
22.26 -111.873
22.26 111.873
22.261 -111.88
22.261 111.88
22.262 -111.887
22.262 111.887
22.263 -111.895
22.263 111.895
22.264 -111.902
22.264 111.902
22.265 -111.909
22.265 111.909
22.266 -111.916
22.266 111.916
22.267 -111.923
22.267 111.923
22.268 -111.931
22.268 111.931
22.269 -111.938
22.269 111.938
22.27 -111.945
22.27 111.945
22.271 -111.952
22.271 111.952
22.272 -111.96
22.272 111.96
22.273 -111.967
22.273 111.967
22.274 -111.974
22.274 111.974
22.275 -111.981
22.275 111.981
22.276 -111.989
22.276 111.989
22.277 -111.996
22.277 111.996
22.278 -112.003
22.278 112.003
22.279 -112.01
22.279 112.01
22.28 -112.018
22.28 112.018
22.281 -112.025
22.281 112.025
22.282 -112.032
22.282 112.032
22.283 -112.039
22.283 112.039
22.284 -112.047
22.284 112.047
22.285 -112.054
22.285 112.054
22.286 -112.061
22.286 112.061
22.287 -112.068
22.287 112.068
22.288 -112.076
22.288 112.076
22.289 -112.083
22.289 112.083
22.29 -112.09
22.29 112.09
22.291 -112.097
22.291 112.097
22.292 -112.105
22.292 112.105
22.293 -112.112
22.293 112.112
22.294 -112.119
22.294 112.119
22.295 -112.126
22.295 112.126
22.296 -112.134
22.296 112.134
22.297 -112.141
22.297 112.141
22.298 -112.148
22.298 112.148
22.299 -112.155
22.299 112.155
22.3 -112.163
22.3 112.163
22.301 -112.17
22.301 112.17
22.302 -112.177
22.302 112.177
22.303 -112.184
22.303 112.184
22.304 -112.192
22.304 112.192
22.305 -112.199
22.305 112.199
22.306 -112.206
22.306 112.206
22.307 -112.213
22.307 112.213
22.308 -112.221
22.308 112.221
22.309 -112.228
22.309 112.228
22.31 -112.235
22.31 112.235
22.311 -112.242
22.311 112.242
22.312 -112.25
22.312 112.25
22.313 -112.257
22.313 112.257
22.314 -112.264
22.314 112.264
22.315 -112.271
22.315 112.271
22.316 -112.279
22.316 112.279
22.317 -112.286
22.317 112.286
22.318 -112.293
22.318 112.293
22.319 -112.3
22.319 112.3
22.32 -112.308
22.32 112.308
22.321 -112.315
22.321 112.315
22.322 -112.322
22.322 112.322
22.323 -112.329
22.323 112.329
22.324 -112.337
22.324 112.337
22.325 -112.344
22.325 112.344
22.326 -112.351
22.326 112.351
22.327 -112.358
22.327 112.358
22.328 -112.366
22.328 112.366
22.329 -112.373
22.329 112.373
22.33 -112.38
22.33 112.38
22.331 -112.387
22.331 112.387
22.332 -112.395
22.332 112.395
22.333 -112.402
22.333 112.402
22.334 -112.409
22.334 112.409
22.335 -112.416
22.335 112.416
22.336 -112.424
22.336 112.424
22.337 -112.431
22.337 112.431
22.338 -112.438
22.338 112.438
22.339 -112.445
22.339 112.445
22.34 -112.453
22.34 112.453
22.341 -112.46
22.341 112.46
22.342 -112.467
22.342 112.467
22.343 -112.474
22.343 112.474
22.344 -112.482
22.344 112.482
22.345 -112.489
22.345 112.489
22.346 -112.496
22.346 112.496
22.347 -112.503
22.347 112.503
22.348 -112.511
22.348 112.511
22.349 -112.518
22.349 112.518
22.35 -112.525
22.35 112.525
22.351 -112.532
22.351 112.532
22.352 -112.54
22.352 112.54
22.353 -112.547
22.353 112.547
22.354 -112.554
22.354 112.554
22.355 -112.561
22.355 112.561
22.356 -112.569
22.356 112.569
22.357 -112.576
22.357 112.576
22.358 -112.583
22.358 112.583
22.359 -112.59
22.359 112.59
22.36 -112.598
22.36 112.598
22.361 -112.605
22.361 112.605
22.362 -112.612
22.362 112.612
22.363 -112.619
22.363 112.619
22.364 -112.627
22.364 112.627
22.365 -112.634
22.365 112.634
22.366 -112.641
22.366 112.641
22.367 -112.648
22.367 112.648
22.368 -112.656
22.368 112.656
22.369 -112.663
22.369 112.663
22.37 -112.67
22.37 112.67
22.371 -112.677
22.371 112.677
22.372 -112.685
22.372 112.685
22.373 -112.692
22.373 112.692
22.374 -112.699
22.374 112.699
22.375 -112.707
22.375 112.707
22.376 -112.714
22.376 112.714
22.377 -112.721
22.377 112.721
22.378 -112.728
22.378 112.728
22.379 -112.736
22.379 112.736
22.38 -112.743
22.38 112.743
22.381 -112.75
22.381 112.75
22.382 -112.757
22.382 112.757
22.383 -112.765
22.383 112.765
22.384 -112.772
22.384 112.772
22.385 -112.779
22.385 112.779
22.386 -112.786
22.386 112.786
22.387 -112.794
22.387 112.794
22.388 -112.801
22.388 112.801
22.389 -112.808
22.389 112.808
22.39 -112.815
22.39 112.815
22.391 -112.823
22.391 112.823
22.392 -112.83
22.392 112.83
22.393 -112.837
22.393 112.837
22.394 -112.844
22.394 112.844
22.395 -112.852
22.395 112.852
22.396 -112.859
22.396 112.859
22.397 -112.866
22.397 112.866
22.398 -112.873
22.398 112.873
22.399 -112.881
22.399 112.881
22.4 -112.888
22.4 112.888
22.401 -112.895
22.401 112.895
22.402 -112.903
22.402 112.903
22.403 -112.91
22.403 112.91
22.404 -112.917
22.404 112.917
22.405 -112.924
22.405 112.924
22.406 -112.932
22.406 112.932
22.407 -112.939
22.407 112.939
22.408 -112.946
22.408 112.946
22.409 -112.953
22.409 112.953
22.41 -112.961
22.41 112.961
22.411 -112.968
22.411 112.968
22.412 -112.975
22.412 112.975
22.413 -112.982
22.413 112.982
22.414 -112.99
22.414 112.99
22.415 -112.997
22.415 112.997
22.416 -113.004
22.416 113.004
22.417 -113.011
22.417 113.011
22.418 -113.019
22.418 113.019
22.419 -113.026
22.419 113.026
22.42 -113.033
22.42 113.033
22.421 -113.041
22.421 113.041
22.422 -113.048
22.422 113.048
22.423 -113.055
22.423 113.055
22.424 -113.062
22.424 113.062
22.425 -113.07
22.425 113.07
22.426 -113.077
22.426 113.077
22.427 -113.084
22.427 113.084
22.428 -113.091
22.428 113.091
22.429 -113.099
22.429 113.099
22.43 -113.106
22.43 113.106
22.431 -113.113
22.431 113.113
22.432 -113.12
22.432 113.12
22.433 -113.128
22.433 113.128
22.434 -113.135
22.434 113.135
22.435 -113.142
22.435 113.142
22.436 -113.15
22.436 113.15
22.437 -113.157
22.437 113.157
22.438 -113.164
22.438 113.164
22.439 -113.171
22.439 113.171
22.44 -113.179
22.44 113.179
22.441 -113.186
22.441 113.186
22.442 -113.193
22.442 113.193
22.443 -113.2
22.443 113.2
22.444 -113.208
22.444 113.208
22.445 -113.215
22.445 113.215
22.446 -113.222
22.446 113.222
22.447 -113.23
22.447 113.23
22.448 -113.237
22.448 113.237
22.449 -113.244
22.449 113.244
22.45 -113.251
22.45 113.251
22.451 -113.259
22.451 113.259
22.452 -113.266
22.452 113.266
22.453 -113.273
22.453 113.273
22.454 -113.28
22.454 113.28
22.455 -113.288
22.455 113.288
22.456 -113.295
22.456 113.295
22.457 -113.302
22.457 113.302
22.458 -113.309
22.458 113.309
22.459 -113.317
22.459 113.317
22.46 -113.324
22.46 113.324
22.461 -113.331
22.461 113.331
22.462 -113.339
22.462 113.339
22.463 -113.346
22.463 113.346
22.464 -113.353
22.464 113.353
22.465 -113.36
22.465 113.36
22.466 -113.368
22.466 113.368
22.467 -113.375
22.467 113.375
22.468 -113.382
22.468 113.382
22.469 -113.389
22.469 113.389
22.47 -113.397
22.47 113.397
22.471 -113.404
22.471 113.404
22.472 -113.411
22.472 113.411
22.473 -113.419
22.473 113.419
22.474 -113.426
22.474 113.426
22.475 -113.433
22.475 113.433
22.476 -113.44
22.476 113.44
22.477 -113.448
22.477 113.448
22.478 -113.455
22.478 113.455
22.479 -113.462
22.479 113.462
22.48 -113.47
22.48 113.47
22.481 -113.477
22.481 113.477
22.482 -113.484
22.482 113.484
22.483 -113.491
22.483 113.491
22.484 -113.499
22.484 113.499
22.485 -113.506
22.485 113.506
22.486 -113.513
22.486 113.513
22.487 -113.52
22.487 113.52
22.488 -113.528
22.488 113.528
22.489 -113.535
22.489 113.535
22.49 -113.542
22.49 113.542
22.491 -113.55
22.491 113.55
22.492 -113.557
22.492 113.557
22.493 -113.564
22.493 113.564
22.494 -113.571
22.494 113.571
22.495 -113.579
22.495 113.579
22.496 -113.586
22.496 113.586
22.497 -113.593
22.497 113.593
22.498 -113.6
22.498 113.6
22.499 -113.608
22.499 113.608
22.5 -113.615
22.5 113.615
22.501 -113.622
22.501 113.622
22.502 -113.63
22.502 113.63
22.503 -113.637
22.503 113.637
22.504 -113.644
22.504 113.644
22.505 -113.651
22.505 113.651
22.506 -113.659
22.506 113.659
22.507 -113.666
22.507 113.666
22.508 -113.673
22.508 113.673
22.509 -113.681
22.509 113.681
22.51 -113.688
22.51 113.688
22.511 -113.695
22.511 113.695
22.512 -113.702
22.512 113.702
22.513 -113.71
22.513 113.71
22.514 -113.717
22.514 113.717
22.515 -113.724
22.515 113.724
22.516 -113.731
22.516 113.731
22.517 -113.739
22.517 113.739
22.518 -113.746
22.518 113.746
22.519 -113.753
22.519 113.753
22.52 -113.761
22.52 113.761
22.521 -113.768
22.521 113.768
22.522 -113.775
22.522 113.775
22.523 -113.782
22.523 113.782
22.524 -113.79
22.524 113.79
22.525 -113.797
22.525 113.797
22.526 -113.804
22.526 113.804
22.527 -113.812
22.527 113.812
22.528 -113.819
22.528 113.819
22.529 -113.826
22.529 113.826
22.53 -113.833
22.53 113.833
22.531 -113.841
22.531 113.841
22.532 -113.848
22.532 113.848
22.533 -113.855
22.533 113.855
22.534 -113.863
22.534 113.863
22.535 -113.87
22.535 113.87
22.536 -113.877
22.536 113.877
22.537 -113.884
22.537 113.884
22.538 -113.892
22.538 113.892
22.539 -113.899
22.539 113.899
22.54 -113.906
22.54 113.906
22.541 -113.914
22.541 113.914
22.542 -113.921
22.542 113.921
22.543 -113.928
22.543 113.928
22.544 -113.935
22.544 113.935
22.545 -113.943
22.545 113.943
22.546 -113.95
22.546 113.95
22.547 -113.957
22.547 113.957
22.548 -113.965
22.548 113.965
22.549 -113.972
22.549 113.972
22.55 -113.979
22.55 113.979
22.551 -113.986
22.551 113.986
22.552 -113.994
22.552 113.994
22.553 -114.001
22.553 114.001
22.554 -114.008
22.554 114.008
22.555 -114.016
22.555 114.016
22.556 -114.023
22.556 114.023
22.557 -114.03
22.557 114.03
22.558 -114.037
22.558 114.037
22.559 -114.045
22.559 114.045
22.56 -114.052
22.56 114.052
22.561 -114.059
22.561 114.059
22.562 -114.067
22.562 114.067
22.563 -114.074
22.563 114.074
22.564 -114.081
22.564 114.081
22.565 -114.088
22.565 114.088
22.566 -114.096
22.566 114.096
22.567 -114.103
22.567 114.103
22.568 -114.11
22.568 114.11
22.569 -114.118
22.569 114.118
22.57 -114.125
22.57 114.125
22.571 -114.132
22.571 114.132
22.572 -114.139
22.572 114.139
22.573 -114.147
22.573 114.147
22.574 -114.154
22.574 114.154
22.575 -114.161
22.575 114.161
22.576 -114.169
22.576 114.169
22.577 -114.176
22.577 114.176
22.578 -114.183
22.578 114.183
22.579 -114.19
22.579 114.19
22.58 -114.198
22.58 114.198
22.581 -114.205
22.581 114.205
22.582 -114.212
22.582 114.212
22.583 -114.22
22.583 114.22
22.584 -114.227
22.584 114.227
22.585 -114.234
22.585 114.234
22.586 -114.241
22.586 114.241
22.587 -114.249
22.587 114.249
22.588 -114.256
22.588 114.256
22.589 -114.263
22.589 114.263
22.59 -114.271
22.59 114.271
22.591 -114.278
22.591 114.278
22.592 -114.285
22.592 114.285
22.593 -114.293
22.593 114.293
22.594 -114.3
22.594 114.3
22.595 -114.307
22.595 114.307
22.596 -114.314
22.596 114.314
22.597 -114.322
22.597 114.322
22.598 -114.329
22.598 114.329
22.599 -114.336
22.599 114.336
22.6 -114.344
22.6 114.344
22.601 -114.351
22.601 114.351
22.602 -114.358
22.602 114.358
22.603 -114.365
22.603 114.365
22.604 -114.373
22.604 114.373
22.605 -114.38
22.605 114.38
22.606 -114.387
22.606 114.387
22.607 -114.395
22.607 114.395
22.608 -114.402
22.608 114.402
22.609 -114.409
22.609 114.409
22.61 -114.417
22.61 114.417
22.611 -114.424
22.611 114.424
22.612 -114.431
22.612 114.431
22.613 -114.438
22.613 114.438
22.614 -114.446
22.614 114.446
22.615 -114.453
22.615 114.453
22.616 -114.46
22.616 114.46
22.617 -114.468
22.617 114.468
22.618 -114.475
22.618 114.475
22.619 -114.482
22.619 114.482
22.62 -114.489
22.62 114.489
22.621 -114.497
22.621 114.497
22.622 -114.504
22.622 114.504
22.623 -114.511
22.623 114.511
22.624 -114.519
22.624 114.519
22.625 -114.526
22.625 114.526
22.626 -114.533
22.626 114.533
22.627 -114.541
22.627 114.541
22.628 -114.548
22.628 114.548
22.629 -114.555
22.629 114.555
22.63 -114.562
22.63 114.562
22.631 -114.57
22.631 114.57
22.632 -114.577
22.632 114.577
22.633 -114.584
22.633 114.584
22.634 -114.592
22.634 114.592
22.635 -114.599
22.635 114.599
22.636 -114.606
22.636 114.606
22.637 -114.614
22.637 114.614
22.638 -114.621
22.638 114.621
22.639 -114.628
22.639 114.628
22.64 -114.635
22.64 114.635
22.641 -114.643
22.641 114.643
22.642 -114.65
22.642 114.65
22.643 -114.657
22.643 114.657
22.644 -114.665
22.644 114.665
22.645 -114.672
22.645 114.672
22.646 -114.679
22.646 114.679
22.647 -114.687
22.647 114.687
22.648 -114.694
22.648 114.694
22.649 -114.701
22.649 114.701
22.65 -114.708
22.65 114.708
22.651 -114.716
22.651 114.716
22.652 -114.723
22.652 114.723
22.653 -114.73
22.653 114.73
22.654 -114.738
22.654 114.738
22.655 -114.745
22.655 114.745
22.656 -114.752
22.656 114.752
22.657 -114.76
22.657 114.76
22.658 -114.767
22.658 114.767
22.659 -114.774
22.659 114.774
22.66 -114.781
22.66 114.781
22.661 -114.789
22.661 114.789
22.662 -114.796
22.662 114.796
22.663 -114.803
22.663 114.803
22.664 -114.811
22.664 114.811
22.665 -114.818
22.665 114.818
22.666 -114.825
22.666 114.825
22.667 -114.833
22.667 114.833
22.668 -114.84
22.668 114.84
22.669 -114.847
22.669 114.847
22.67 -114.854
22.67 114.854
22.671 -114.862
22.671 114.862
22.672 -114.869
22.672 114.869
22.673 -114.876
22.673 114.876
22.674 -114.884
22.674 114.884
22.675 -114.891
22.675 114.891
22.676 -114.898
22.676 114.898
22.677 -114.906
22.677 114.906
22.678 -114.913
22.678 114.913
22.679 -114.92
22.679 114.92
22.68 -114.928
22.68 114.928
22.681 -114.935
22.681 114.935
22.682 -114.942
22.682 114.942
22.683 -114.949
22.683 114.949
22.684 -114.957
22.684 114.957
22.685 -114.964
22.685 114.964
22.686 -114.971
22.686 114.971
22.687 -114.979
22.687 114.979
22.688 -114.986
22.688 114.986
22.689 -114.993
22.689 114.993
22.69 -115.001
22.69 115.001
22.691 -115.008
22.691 115.008
22.692 -115.015
22.692 115.015
22.693 -115.023
22.693 115.023
22.694 -115.03
22.694 115.03
22.695 -115.037
22.695 115.037
22.696 -115.044
22.696 115.044
22.697 -115.052
22.697 115.052
22.698 -115.059
22.698 115.059
22.699 -115.066
22.699 115.066
22.7 -115.074
22.7 115.074
22.701 -115.081
22.701 115.081
22.702 -115.088
22.702 115.088
22.703 -115.096
22.703 115.096
22.704 -115.103
22.704 115.103
22.705 -115.11
22.705 115.11
22.706 -115.118
22.706 115.118
22.707 -115.125
22.707 115.125
22.708 -115.132
22.708 115.132
22.709 -115.139
22.709 115.139
22.71 -115.147
22.71 115.147
22.711 -115.154
22.711 115.154
22.712 -115.161
22.712 115.161
22.713 -115.169
22.713 115.169
22.714 -115.176
22.714 115.176
22.715 -115.183
22.715 115.183
22.716 -115.191
22.716 115.191
22.717 -115.198
22.717 115.198
22.718 -115.205
22.718 115.205
22.719 -115.213
22.719 115.213
22.72 -115.22
22.72 115.22
22.721 -115.227
22.721 115.227
22.722 -115.235
22.722 115.235
22.723 -115.242
22.723 115.242
22.724 -115.249
22.724 115.249
22.725 -115.256
22.725 115.256
22.726 -115.264
22.726 115.264
22.727 -115.271
22.727 115.271
22.728 -115.278
22.728 115.278
22.729 -115.286
22.729 115.286
22.73 -115.293
22.73 115.293
22.731 -115.3
22.731 115.3
22.732 -115.308
22.732 115.308
22.733 -115.315
22.733 115.315
22.734 -115.322
22.734 115.322
22.735 -115.33
22.735 115.33
22.736 -115.337
22.736 115.337
22.737 -115.344
22.737 115.344
22.738 -115.352
22.738 115.352
22.739 -115.359
22.739 115.359
22.74 -115.366
22.74 115.366
22.741 -115.373
22.741 115.373
22.742 -115.381
22.742 115.381
22.743 -115.388
22.743 115.388
22.744 -115.395
22.744 115.395
22.745 -115.403
22.745 115.403
22.746 -115.41
22.746 115.41
22.747 -115.417
22.747 115.417
22.748 -115.425
22.748 115.425
22.749 -115.432
22.749 115.432
22.75 -115.439
22.75 115.439
22.751 -115.447
22.751 115.447
22.752 -115.454
22.752 115.454
22.753 -115.461
22.753 115.461
22.754 -115.469
22.754 115.469
22.755 -115.476
22.755 115.476
22.756 -115.483
22.756 115.483
22.757 -115.491
22.757 115.491
22.758 -115.498
22.758 115.498
22.759 -115.505
22.759 115.505
22.76 -115.512
22.76 115.512
22.761 -115.52
22.761 115.52
22.762 -115.527
22.762 115.527
22.763 -115.534
22.763 115.534
22.764 -115.542
22.764 115.542
22.765 -115.549
22.765 115.549
22.766 -115.556
22.766 115.556
22.767 -115.564
22.767 115.564
22.768 -115.571
22.768 115.571
22.769 -115.578
22.769 115.578
22.77 -115.586
22.77 115.586
22.771 -115.593
22.771 115.593
22.772 -115.6
22.772 115.6
22.773 -115.608
22.773 115.608
22.774 -115.615
22.774 115.615
22.775 -115.622
22.775 115.622
22.776 -115.63
22.776 115.63
22.777 -115.637
22.777 115.637
22.778 -115.644
22.778 115.644
22.779 -115.652
22.779 115.652
22.78 -115.659
22.78 115.659
22.781 -115.666
22.781 115.666
22.782 -115.674
22.782 115.674
22.783 -115.681
22.783 115.681
22.784 -115.688
22.784 115.688
22.785 -115.695
22.785 115.695
22.786 -115.703
22.786 115.703
22.787 -115.71
22.787 115.71
22.788 -115.717
22.788 115.717
22.789 -115.725
22.789 115.725
22.79 -115.732
22.79 115.732
22.791 -115.739
22.791 115.739
22.792 -115.747
22.792 115.747
22.793 -115.754
22.793 115.754
22.794 -115.761
22.794 115.761
22.795 -115.769
22.795 115.769
22.796 -115.776
22.796 115.776
22.797 -115.783
22.797 115.783
22.798 -115.791
22.798 115.791
22.799 -115.798
22.799 115.798
22.8 -115.805
22.8 115.805
22.801 -115.813
22.801 115.813
22.802 -115.82
22.802 115.82
22.803 -115.827
22.803 115.827
22.804 -115.835
22.804 115.835
22.805 -115.842
22.805 115.842
22.806 -115.849
22.806 115.849
22.807 -115.857
22.807 115.857
22.808 -115.864
22.808 115.864
22.809 -115.871
22.809 115.871
22.81 -115.879
22.81 115.879
22.811 -115.886
22.811 115.886
22.812 -115.893
22.812 115.893
22.813 -115.901
22.813 115.901
22.814 -115.908
22.814 115.908
22.815 -115.915
22.815 115.915
22.816 -115.923
22.816 115.923
22.817 -115.93
22.817 115.93
22.818 -115.937
22.818 115.937
22.819 -115.945
22.819 115.945
22.82 -115.952
22.82 115.952
22.821 -115.959
22.821 115.959
22.822 -115.966
22.822 115.966
22.823 -115.974
22.823 115.974
22.824 -115.981
22.824 115.981
22.825 -115.988
22.825 115.988
22.826 -115.996
22.826 115.996
22.827 -116.003
22.827 116.003
22.828 -116.01
22.828 116.01
22.829 -116.018
22.829 116.018
22.83 -116.025
22.83 116.025
22.831 -116.032
22.831 116.032
22.832 -116.04
22.832 116.04
22.833 -116.047
22.833 116.047
22.834 -116.054
22.834 116.054
22.835 -116.062
22.835 116.062
22.836 -116.069
22.836 116.069
22.837 -116.076
22.837 116.076
22.838 -116.084
22.838 116.084
22.839 -116.091
22.839 116.091
22.84 -116.098
22.84 116.098
22.841 -116.106
22.841 116.106
22.842 -116.113
22.842 116.113
22.843 -116.12
22.843 116.12
22.844 -116.128
22.844 116.128
22.845 -116.135
22.845 116.135
22.846 -116.142
22.846 116.142
22.847 -116.15
22.847 116.15
22.848 -116.157
22.848 116.157
22.849 -116.164
22.849 116.164
22.85 -116.172
22.85 116.172
22.851 -116.179
22.851 116.179
22.852 -116.186
22.852 116.186
22.853 -116.194
22.853 116.194
22.854 -116.201
22.854 116.201
22.855 -116.208
22.855 116.208
22.856 -116.216
22.856 116.216
22.857 -116.223
22.857 116.223
22.858 -116.23
22.858 116.23
22.859 -116.238
22.859 116.238
22.86 -116.245
22.86 116.245
22.861 -116.252
22.861 116.252
22.862 -116.26
22.862 116.26
22.863 -116.267
22.863 116.267
22.864 -116.274
22.864 116.274
22.865 -116.282
22.865 116.282
22.866 -116.289
22.866 116.289
22.867 -116.296
22.867 116.296
22.868 -116.304
22.868 116.304
22.869 -116.311
22.869 116.311
22.87 -116.318
22.87 116.318
22.871 -116.326
22.871 116.326
22.872 -116.333
22.872 116.333
22.873 -116.34
22.873 116.34
22.874 -116.348
22.874 116.348
22.875 -116.355
22.875 116.355
22.876 -116.362
22.876 116.362
22.877 -116.37
22.877 116.37
22.878 -116.377
22.878 116.377
22.879 -116.384
22.879 116.384
22.88 -116.392
22.88 116.392
22.881 -116.399
22.881 116.399
22.882 -116.406
22.882 116.406
22.883 -116.414
22.883 116.414
22.884 -116.421
22.884 116.421
22.885 -116.428
22.885 116.428
22.886 -116.436
22.886 116.436
22.887 -116.443
22.887 116.443
22.888 -116.45
22.888 116.45
22.889 -116.458
22.889 116.458
22.89 -116.465
22.89 116.465
22.891 -116.472
22.891 116.472
22.892 -116.48
22.892 116.48
22.893 -116.487
22.893 116.487
22.894 -116.494
22.894 116.494
22.895 -116.502
22.895 116.502
22.896 -116.509
22.896 116.509
22.897 -116.516
22.897 116.516
22.898 -116.524
22.898 116.524
22.899 -116.531
22.899 116.531
22.9 -116.538
22.9 116.538
22.901 -116.546
22.901 116.546
22.902 -116.553
22.902 116.553
22.903 -116.561
22.903 116.561
22.904 -116.568
22.904 116.568
22.905 -116.575
22.905 116.575
22.906 -116.583
22.906 116.583
22.907 -116.59
22.907 116.59
22.908 -116.597
22.908 116.597
22.909 -116.605
22.909 116.605
22.91 -116.612
22.91 116.612
22.911 -116.619
22.911 116.619
22.912 -116.627
22.912 116.627
22.913 -116.634
22.913 116.634
22.914 -116.641
22.914 116.641
22.915 -116.649
22.915 116.649
22.916 -116.656
22.916 116.656
22.917 -116.663
22.917 116.663
22.918 -116.671
22.918 116.671
22.919 -116.678
22.919 116.678
22.92 -116.685
22.92 116.685
22.921 -116.693
22.921 116.693
22.922 -116.7
22.922 116.7
22.923 -116.707
22.923 116.707
22.924 -116.715
22.924 116.715
22.925 -116.722
22.925 116.722
22.926 -116.729
22.926 116.729
22.927 -116.737
22.927 116.737
22.928 -116.744
22.928 116.744
22.929 -116.751
22.929 116.751
22.93 -116.759
22.93 116.759
22.931 -116.766
22.931 116.766
22.932 -116.773
22.932 116.773
22.933 -116.781
22.933 116.781
22.934 -116.788
22.934 116.788
22.935 -116.795
22.935 116.795
22.936 -116.803
22.936 116.803
22.937 -116.81
22.937 116.81
22.938 -116.817
22.938 116.817
22.939 -116.825
22.939 116.825
22.94 -116.832
22.94 116.832
22.941 -116.84
22.941 116.84
22.942 -116.847
22.942 116.847
22.943 -116.854
22.943 116.854
22.944 -116.862
22.944 116.862
22.945 -116.869
22.945 116.869
22.946 -116.876
22.946 116.876
22.947 -116.884
22.947 116.884
22.948 -116.891
22.948 116.891
22.949 -116.898
22.949 116.898
22.95 -116.906
22.95 116.906
22.951 -116.913
22.951 116.913
22.952 -116.92
22.952 116.92
22.953 -116.928
22.953 116.928
22.954 -116.935
22.954 116.935
22.955 -116.942
22.955 116.942
22.956 -116.95
22.956 116.95
22.957 -116.957
22.957 116.957
22.958 -116.964
22.958 116.964
22.959 -116.972
22.959 116.972
22.96 -116.979
22.96 116.979
22.961 -116.986
22.961 116.986
22.962 -116.994
22.962 116.994
22.963 -117.001
22.963 117.001
22.964 -117.009
22.964 117.009
22.965 -117.016
22.965 117.016
22.966 -117.023
22.966 117.023
22.967 -117.031
22.967 117.031
22.968 -117.038
22.968 117.038
22.969 -117.045
22.969 117.045
22.97 -117.053
22.97 117.053
22.971 -117.06
22.971 117.06
22.972 -117.067
22.972 117.067
22.973 -117.075
22.973 117.075
22.974 -117.082
22.974 117.082
22.975 -117.089
22.975 117.089
22.976 -117.097
22.976 117.097
22.977 -117.104
22.977 117.104
22.978 -117.111
22.978 117.111
22.979 -117.119
22.979 117.119
22.98 -117.126
22.98 117.126
22.981 -117.133
22.981 117.133
22.982 -117.141
22.982 117.141
22.983 -117.148
22.983 117.148
22.984 -117.156
22.984 117.156
22.985 -117.163
22.985 117.163
22.986 -117.17
22.986 117.17
22.987 -117.178
22.987 117.178
22.988 -117.185
22.988 117.185
22.989 -117.192
22.989 117.192
22.99 -117.2
22.99 117.2
22.991 -117.207
22.991 117.207
22.992 -117.214
22.992 117.214
22.993 -117.222
22.993 117.222
22.994 -117.229
22.994 117.229
22.995 -117.236
22.995 117.236
22.996 -117.244
22.996 117.244
22.997 -117.251
22.997 117.251
22.998 -117.258
22.998 117.258
22.999 -117.266
22.999 117.266
23 -117.273
23 117.273
23.001 -117.281
23.001 117.281
23.002 -117.288
23.002 117.288
23.003 -117.295
23.003 117.295
23.004 -117.303
23.004 117.303
23.005 -117.31
23.005 117.31
23.006 -117.317
23.006 117.317
23.007 -117.325
23.007 117.325
23.008 -117.332
23.008 117.332
23.009 -117.339
23.009 117.339
23.01 -117.347
23.01 117.347
23.011 -117.354
23.011 117.354
23.012 -117.361
23.012 117.361
23.013 -117.369
23.013 117.369
23.014 -117.376
23.014 117.376
23.015 -117.384
23.015 117.384
23.016 -117.391
23.016 117.391
23.017 -117.398
23.017 117.398
23.018 -117.406
23.018 117.406
23.019 -117.413
23.019 117.413
23.02 -117.42
23.02 117.42
23.021 -117.428
23.021 117.428
23.022 -117.435
23.022 117.435
23.023 -117.442
23.023 117.442
23.024 -117.45
23.024 117.45
23.025 -117.457
23.025 117.457
23.026 -117.464
23.026 117.464
23.027 -117.472
23.027 117.472
23.028 -117.479
23.028 117.479
23.029 -117.487
23.029 117.487
23.03 -117.494
23.03 117.494
23.031 -117.501
23.031 117.501
23.032 -117.509
23.032 117.509
23.033 -117.516
23.033 117.516
23.034 -117.523
23.034 117.523
23.035 -117.531
23.035 117.531
23.036 -117.538
23.036 117.538
23.037 -117.545
23.037 117.545
23.038 -117.553
23.038 117.553
23.039 -117.56
23.039 117.56
23.04 -117.567
23.04 117.567
23.041 -117.575
23.041 117.575
23.042 -117.582
23.042 117.582
23.043 -117.59
23.043 117.59
23.044 -117.597
23.044 117.597
23.045 -117.604
23.045 117.604
23.046 -117.612
23.046 117.612
23.047 -117.619
23.047 117.619
23.048 -117.626
23.048 117.626
23.049 -117.634
23.049 117.634
23.05 -117.641
23.05 117.641
23.051 -117.648
23.051 117.648
23.052 -117.656
23.052 117.656
23.053 -117.663
23.053 117.663
23.054 -117.671
23.054 117.671
23.055 -117.678
23.055 117.678
23.056 -117.685
23.056 117.685
23.057 -117.693
23.057 117.693
23.058 -117.7
23.058 117.7
23.059 -117.707
23.059 117.707
23.06 -117.715
23.06 117.715
23.061 -117.722
23.061 117.722
23.062 -117.729
23.062 117.729
23.063 -117.737
23.063 117.737
23.064 -117.744
23.064 117.744
23.065 -117.752
23.065 117.752
23.066 -117.759
23.066 117.759
23.067 -117.766
23.067 117.766
23.068 -117.774
23.068 117.774
23.069 -117.781
23.069 117.781
23.07 -117.788
23.07 117.788
23.071 -117.796
23.071 117.796
23.072 -117.803
23.072 117.803
23.073 -117.81
23.073 117.81
23.074 -117.818
23.074 117.818
23.075 -117.825
23.075 117.825
23.076 -117.833
23.076 117.833
23.077 -117.84
23.077 117.84
23.078 -117.847
23.078 117.847
23.079 -117.855
23.079 117.855
23.08 -117.862
23.08 117.862
23.081 -117.869
23.081 117.869
23.082 -117.877
23.082 117.877
23.083 -117.884
23.083 117.884
23.084 -117.892
23.084 117.892
23.085 -117.899
23.085 117.899
23.086 -117.906
23.086 117.906
23.087 -117.914
23.087 117.914
23.088 -117.921
23.088 117.921
23.089 -117.928
23.089 117.928
23.09 -117.936
23.09 117.936
23.091 -117.943
23.091 117.943
23.092 -117.95
23.092 117.95
23.093 -117.958
23.093 117.958
23.094 -117.965
23.094 117.965
23.095 -117.973
23.095 117.973
23.096 -117.98
23.096 117.98
23.097 -117.987
23.097 117.987
23.098 -117.995
23.098 117.995
23.099 -118.002
23.099 118.002
23.1 -118.009
23.1 118.009
23.101 -118.017
23.101 118.017
23.102 -118.024
23.102 118.024
23.103 -118.032
23.103 118.032
23.104 -118.039
23.104 118.039
23.105 -118.046
23.105 118.046
23.106 -118.054
23.106 118.054
23.107 -118.061
23.107 118.061
23.108 -118.068
23.108 118.068
23.109 -118.076
23.109 118.076
23.11 -118.083
23.11 118.083
23.111 -118.09
23.111 118.09
23.112 -118.098
23.112 118.098
23.113 -118.105
23.113 118.105
23.114 -118.113
23.114 118.113
23.115 -118.12
23.115 118.12
23.116 -118.127
23.116 118.127
23.117 -118.135
23.117 118.135
23.118 -118.142
23.118 118.142
23.119 -118.149
23.119 118.149
23.12 -118.157
23.12 118.157
23.121 -118.164
23.121 118.164
23.122 -118.172
23.122 118.172
23.123 -118.179
23.123 118.179
23.124 -118.186
23.124 118.186
23.125 -118.194
23.125 118.194
23.126 -118.201
23.126 118.201
23.127 -118.208
23.127 118.208
23.128 -118.216
23.128 118.216
23.129 -118.223
23.129 118.223
23.13 -118.231
23.13 118.231
23.131 -118.238
23.131 118.238
23.132 -118.245
23.132 118.245
23.133 -118.253
23.133 118.253
23.134 -118.26
23.134 118.26
23.135 -118.267
23.135 118.267
23.136 -118.275
23.136 118.275
23.137 -118.282
23.137 118.282
23.138 -118.29
23.138 118.29
23.139 -118.297
23.139 118.297
23.14 -118.304
23.14 118.304
23.141 -118.312
23.141 118.312
23.142 -118.319
23.142 118.319
23.143 -118.326
23.143 118.326
23.144 -118.334
23.144 118.334
23.145 -118.341
23.145 118.341
23.146 -118.349
23.146 118.349
23.147 -118.356
23.147 118.356
23.148 -118.363
23.148 118.363
23.149 -118.371
23.149 118.371
23.15 -118.378
23.15 118.378
23.151 -118.385
23.151 118.385
23.152 -118.393
23.152 118.393
23.153 -118.4
23.153 118.4
23.154 -118.408
23.154 118.408
23.155 -118.415
23.155 118.415
23.156 -118.422
23.156 118.422
23.157 -118.43
23.157 118.43
23.158 -118.437
23.158 118.437
23.159 -118.444
23.159 118.444
23.16 -118.452
23.16 118.452
23.161 -118.459
23.161 118.459
23.162 -118.467
23.162 118.467
23.163 -118.474
23.163 118.474
23.164 -118.481
23.164 118.481
23.165 -118.489
23.165 118.489
23.166 -118.496
23.166 118.496
23.167 -118.504
23.167 118.504
23.168 -118.511
23.168 118.511
23.169 -118.518
23.169 118.518
23.17 -118.526
23.17 118.526
23.171 -118.533
23.171 118.533
23.172 -118.54
23.172 118.54
23.173 -118.548
23.173 118.548
23.174 -118.555
23.174 118.555
23.175 -118.563
23.175 118.563
23.176 -118.57
23.176 118.57
23.177 -118.577
23.177 118.577
23.178 -118.585
23.178 118.585
23.179 -118.592
23.179 118.592
23.18 -118.599
23.18 118.599
23.181 -118.607
23.181 118.607
23.182 -118.614
23.182 118.614
23.183 -118.622
23.183 118.622
23.184 -118.629
23.184 118.629
23.185 -118.636
23.185 118.636
23.186 -118.644
23.186 118.644
23.187 -118.651
23.187 118.651
23.188 -118.659
23.188 118.659
23.189 -118.666
23.189 118.666
23.19 -118.673
23.19 118.673
23.191 -118.681
23.191 118.681
23.192 -118.688
23.192 118.688
23.193 -118.695
23.193 118.695
23.194 -118.703
23.194 118.703
23.195 -118.71
23.195 118.71
23.196 -118.718
23.196 118.718
23.197 -118.725
23.197 118.725
23.198 -118.732
23.198 118.732
23.199 -118.74
23.199 118.74
23.2 -118.747
23.2 118.747
23.201 -118.755
23.201 118.755
23.202 -118.762
23.202 118.762
23.203 -118.769
23.203 118.769
23.204 -118.777
23.204 118.777
23.205 -118.784
23.205 118.784
23.206 -118.791
23.206 118.791
23.207 -118.799
23.207 118.799
23.208 -118.806
23.208 118.806
23.209 -118.814
23.209 118.814
23.21 -118.821
23.21 118.821
23.211 -118.828
23.211 118.828
23.212 -118.836
23.212 118.836
23.213 -118.843
23.213 118.843
23.214 -118.851
23.214 118.851
23.215 -118.858
23.215 118.858
23.216 -118.865
23.216 118.865
23.217 -118.873
23.217 118.873
23.218 -118.88
23.218 118.88
23.219 -118.888
23.219 118.888
23.22 -118.895
23.22 118.895
23.221 -118.902
23.221 118.902
23.222 -118.91
23.222 118.91
23.223 -118.917
23.223 118.917
23.224 -118.924
23.224 118.924
23.225 -118.932
23.225 118.932
23.226 -118.939
23.226 118.939
23.227 -118.947
23.227 118.947
23.228 -118.954
23.228 118.954
23.229 -118.961
23.229 118.961
23.23 -118.969
23.23 118.969
23.231 -118.976
23.231 118.976
23.232 -118.984
23.232 118.984
23.233 -118.991
23.233 118.991
23.234 -118.998
23.234 118.998
23.235 -119.006
23.235 119.006
23.236 -119.013
23.236 119.013
23.237 -119.021
23.237 119.021
23.238 -119.028
23.238 119.028
23.239 -119.035
23.239 119.035
23.24 -119.043
23.24 119.043
23.241 -119.05
23.241 119.05
23.242 -119.057
23.242 119.057
23.243 -119.065
23.243 119.065
23.244 -119.072
23.244 119.072
23.245 -119.08
23.245 119.08
23.246 -119.087
23.246 119.087
23.247 -119.094
23.247 119.094
23.248 -119.102
23.248 119.102
23.249 -119.109
23.249 119.109
23.25 -119.117
23.25 119.117
23.251 -119.124
23.251 119.124
23.252 -119.131
23.252 119.131
23.253 -119.139
23.253 119.139
23.254 -119.146
23.254 119.146
23.255 -119.154
23.255 119.154
23.256 -119.161
23.256 119.161
23.257 -119.168
23.257 119.168
23.258 -119.176
23.258 119.176
23.259 -119.183
23.259 119.183
23.26 -119.191
23.26 119.191
23.261 -119.198
23.261 119.198
23.262 -119.205
23.262 119.205
23.263 -119.213
23.263 119.213
23.264 -119.22
23.264 119.22
23.265 -119.228
23.265 119.228
23.266 -119.235
23.266 119.235
23.267 -119.242
23.267 119.242
23.268 -119.25
23.268 119.25
23.269 -119.257
23.269 119.257
23.27 -119.264
23.27 119.264
23.271 -119.272
23.271 119.272
23.272 -119.279
23.272 119.279
23.273 -119.287
23.273 119.287
23.274 -119.294
23.274 119.294
23.275 -119.301
23.275 119.301
23.276 -119.309
23.276 119.309
23.277 -119.316
23.277 119.316
23.278 -119.324
23.278 119.324
23.279 -119.331
23.279 119.331
23.28 -119.338
23.28 119.338
23.281 -119.346
23.281 119.346
23.282 -119.353
23.282 119.353
23.283 -119.361
23.283 119.361
23.284 -119.368
23.284 119.368
23.285 -119.375
23.285 119.375
23.286 -119.383
23.286 119.383
23.287 -119.39
23.287 119.39
23.288 -119.398
23.288 119.398
23.289 -119.405
23.289 119.405
23.29 -119.412
23.29 119.412
23.291 -119.42
23.291 119.42
23.292 -119.427
23.292 119.427
23.293 -119.435
23.293 119.435
23.294 -119.442
23.294 119.442
23.295 -119.449
23.295 119.449
23.296 -119.457
23.296 119.457
23.297 -119.464
23.297 119.464
23.298 -119.472
23.298 119.472
23.299 -119.479
23.299 119.479
23.3 -119.486
23.3 119.486
23.301 -119.494
23.301 119.494
23.302 -119.501
23.302 119.501
23.303 -119.509
23.303 119.509
23.304 -119.516
23.304 119.516
23.305 -119.523
23.305 119.523
23.306 -119.531
23.306 119.531
23.307 -119.538
23.307 119.538
23.308 -119.546
23.308 119.546
23.309 -119.553
23.309 119.553
23.31 -119.56
23.31 119.56
23.311 -119.568
23.311 119.568
23.312 -119.575
23.312 119.575
23.313 -119.583
23.313 119.583
23.314 -119.59
23.314 119.59
23.315 -119.597
23.315 119.597
23.316 -119.605
23.316 119.605
23.317 -119.612
23.317 119.612
23.318 -119.62
23.318 119.62
23.319 -119.627
23.319 119.627
23.32 -119.634
23.32 119.634
23.321 -119.642
23.321 119.642
23.322 -119.649
23.322 119.649
23.323 -119.657
23.323 119.657
23.324 -119.664
23.324 119.664
23.325 -119.671
23.325 119.671
23.326 -119.679
23.326 119.679
23.327 -119.686
23.327 119.686
23.328 -119.694
23.328 119.694
23.329 -119.701
23.329 119.701
23.33 -119.709
23.33 119.709
23.331 -119.716
23.331 119.716
23.332 -119.723
23.332 119.723
23.333 -119.731
23.333 119.731
23.334 -119.738
23.334 119.738
23.335 -119.746
23.335 119.746
23.336 -119.753
23.336 119.753
23.337 -119.76
23.337 119.76
23.338 -119.768
23.338 119.768
23.339 -119.775
23.339 119.775
23.34 -119.783
23.34 119.783
23.341 -119.79
23.341 119.79
23.342 -119.797
23.342 119.797
23.343 -119.805
23.343 119.805
23.344 -119.812
23.344 119.812
23.345 -119.82
23.345 119.82
23.346 -119.827
23.346 119.827
23.347 -119.834
23.347 119.834
23.348 -119.842
23.348 119.842
23.349 -119.849
23.349 119.849
23.35 -119.857
23.35 119.857
23.351 -119.864
23.351 119.864
23.352 -119.871
23.352 119.871
23.353 -119.879
23.353 119.879
23.354 -119.886
23.354 119.886
23.355 -119.894
23.355 119.894
23.356 -119.901
23.356 119.901
23.357 -119.908
23.357 119.908
23.358 -119.916
23.358 119.916
23.359 -119.923
23.359 119.923
23.36 -119.931
23.36 119.931
23.361 -119.938
23.361 119.938
23.362 -119.946
23.362 119.946
23.363 -119.953
23.363 119.953
23.364 -119.96
23.364 119.96
23.365 -119.968
23.365 119.968
23.366 -119.975
23.366 119.975
23.367 -119.983
23.367 119.983
23.368 -119.99
23.368 119.99
23.369 -119.997
23.369 119.997
23.37 -120.005
23.37 120.005
23.371 -120.012
23.371 120.012
23.372 -120.02
23.372 120.02
23.373 -120.027
23.373 120.027
23.374 -120.034
23.374 120.034
23.375 -120.042
23.375 120.042
23.376 -120.049
23.376 120.049
23.377 -120.057
23.377 120.057
23.378 -120.064
23.378 120.064
23.379 -120.072
23.379 120.072
23.38 -120.079
23.38 120.079
23.381 -120.086
23.381 120.086
23.382 -120.094
23.382 120.094
23.383 -120.101
23.383 120.101
23.384 -120.109
23.384 120.109
23.385 -120.116
23.385 120.116
23.386 -120.123
23.386 120.123
23.387 -120.131
23.387 120.131
23.388 -120.138
23.388 120.138
23.389 -120.146
23.389 120.146
23.39 -120.153
23.39 120.153
23.391 -120.16
23.391 120.16
23.392 -120.168
23.392 120.168
23.393 -120.175
23.393 120.175
23.394 -120.183
23.394 120.183
23.395 -120.19
23.395 120.19
23.396 -120.198
23.396 120.198
23.397 -120.205
23.397 120.205
23.398 -120.212
23.398 120.212
23.399 -120.22
23.399 120.22
23.4 -120.227
23.4 120.227
23.401 -120.235
23.401 120.235
23.402 -120.242
23.402 120.242
23.403 -120.249
23.403 120.249
23.404 -120.257
23.404 120.257
23.405 -120.264
23.405 120.264
23.406 -120.272
23.406 120.272
23.407 -120.279
23.407 120.279
23.408 -120.287
23.408 120.287
23.409 -120.294
23.409 120.294
23.41 -120.301
23.41 120.301
23.411 -120.309
23.411 120.309
23.412 -120.316
23.412 120.316
23.413 -120.324
23.413 120.324
23.414 -120.331
23.414 120.331
23.415 -120.338
23.415 120.338
23.416 -120.346
23.416 120.346
23.417 -120.353
23.417 120.353
23.418 -120.361
23.418 120.361
23.419 -120.368
23.419 120.368
23.42 -120.376
23.42 120.376
23.421 -120.383
23.421 120.383
23.422 -120.39
23.422 120.39
23.423 -120.398
23.423 120.398
23.424 -120.405
23.424 120.405
23.425 -120.413
23.425 120.413
23.426 -120.42
23.426 120.42
23.427 -120.427
23.427 120.427
23.428 -120.435
23.428 120.435
23.429 -120.442
23.429 120.442
23.43 -120.45
23.43 120.45
23.431 -120.457
23.431 120.457
23.432 -120.465
23.432 120.465
23.433 -120.472
23.433 120.472
23.434 -120.479
23.434 120.479
23.435 -120.487
23.435 120.487
23.436 -120.494
23.436 120.494
23.437 -120.502
23.437 120.502
23.438 -120.509
23.438 120.509
23.439 -120.517
23.439 120.517
23.44 -120.524
23.44 120.524
23.441 -120.531
23.441 120.531
23.442 -120.539
23.442 120.539
23.443 -120.546
23.443 120.546
23.444 -120.554
23.444 120.554
23.445 -120.561
23.445 120.561
23.446 -120.568
23.446 120.568
23.447 -120.576
23.447 120.576
23.448 -120.583
23.448 120.583
23.449 -120.591
23.449 120.591
23.45 -120.598
23.45 120.598
23.451 -120.606
23.451 120.606
23.452 -120.613
23.452 120.613
23.453 -120.62
23.453 120.62
23.454 -120.628
23.454 120.628
23.455 -120.635
23.455 120.635
23.456 -120.643
23.456 120.643
23.457 -120.65
23.457 120.65
23.458 -120.658
23.458 120.658
23.459 -120.665
23.459 120.665
23.46 -120.672
23.46 120.672
23.461 -120.68
23.461 120.68
23.462 -120.687
23.462 120.687
23.463 -120.695
23.463 120.695
23.464 -120.702
23.464 120.702
23.465 -120.71
23.465 120.71
23.466 -120.717
23.466 120.717
23.467 -120.724
23.467 120.724
23.468 -120.732
23.468 120.732
23.469 -120.739
23.469 120.739
23.47 -120.747
23.47 120.747
23.471 -120.754
23.471 120.754
23.472 -120.762
23.472 120.762
23.473 -120.769
23.473 120.769
23.474 -120.776
23.474 120.776
23.475 -120.784
23.475 120.784
23.476 -120.791
23.476 120.791
23.477 -120.799
23.477 120.799
23.478 -120.806
23.478 120.806
23.479 -120.814
23.479 120.814
23.48 -120.821
23.48 120.821
23.481 -120.828
23.481 120.828
23.482 -120.836
23.482 120.836
23.483 -120.843
23.483 120.843
23.484 -120.851
23.484 120.851
23.485 -120.858
23.485 120.858
23.486 -120.866
23.486 120.866
23.487 -120.873
23.487 120.873
23.488 -120.88
23.488 120.88
23.489 -120.888
23.489 120.888
23.49 -120.895
23.49 120.895
23.491 -120.903
23.491 120.903
23.492 -120.91
23.492 120.91
23.493 -120.918
23.493 120.918
23.494 -120.925
23.494 120.925
23.495 -120.932
23.495 120.932
23.496 -120.94
23.496 120.94
23.497 -120.947
23.497 120.947
23.498 -120.955
23.498 120.955
23.499 -120.962
23.499 120.962
23.5 -120.97
23.5 120.97
23.501 -120.977
23.501 120.977
23.502 -120.984
23.502 120.984
23.503 -120.992
23.503 120.992
23.504 -120.999
23.504 120.999
23.505 -121.007
23.505 121.007
23.506 -121.014
23.506 121.014
23.507 -121.022
23.507 121.022
23.508 -121.029
23.508 121.029
23.509 -121.036
23.509 121.036
23.51 -121.044
23.51 121.044
23.511 -121.051
23.511 121.051
23.512 -121.059
23.512 121.059
23.513 -121.066
23.513 121.066
23.514 -121.074
23.514 121.074
23.515 -121.081
23.515 121.081
23.516 -121.088
23.516 121.088
23.517 -121.096
23.517 121.096
23.518 -121.103
23.518 121.103
23.519 -121.111
23.519 121.111
23.52 -121.118
23.52 121.118
23.521 -121.126
23.521 121.126
23.522 -121.133
23.522 121.133
23.523 -121.14
23.523 121.14
23.524 -121.148
23.524 121.148
23.525 -121.155
23.525 121.155
23.526 -121.163
23.526 121.163
23.527 -121.17
23.527 121.17
23.528 -121.178
23.528 121.178
23.529 -121.185
23.529 121.185
23.53 -121.193
23.53 121.193
23.531 -121.2
23.531 121.2
23.532 -121.207
23.532 121.207
23.533 -121.215
23.533 121.215
23.534 -121.222
23.534 121.222
23.535 -121.23
23.535 121.23
23.536 -121.237
23.536 121.237
23.537 -121.245
23.537 121.245
23.538 -121.252
23.538 121.252
23.539 -121.259
23.539 121.259
23.54 -121.267
23.54 121.267
23.541 -121.274
23.541 121.274
23.542 -121.282
23.542 121.282
23.543 -121.289
23.543 121.289
23.544 -121.297
23.544 121.297
23.545 -121.304
23.545 121.304
23.546 -121.311
23.546 121.311
23.547 -121.319
23.547 121.319
23.548 -121.326
23.548 121.326
23.549 -121.334
23.549 121.334
23.55 -121.341
23.55 121.341
23.551 -121.349
23.551 121.349
23.552 -121.356
23.552 121.356
23.553 -121.364
23.553 121.364
23.554 -121.371
23.554 121.371
23.555 -121.378
23.555 121.378
23.556 -121.386
23.556 121.386
23.557 -121.393
23.557 121.393
23.558 -121.401
23.558 121.401
23.559 -121.408
23.559 121.408
23.56 -121.416
23.56 121.416
23.561 -121.423
23.561 121.423
23.562 -121.431
23.562 121.431
23.563 -121.438
23.563 121.438
23.564 -121.445
23.564 121.445
23.565 -121.453
23.565 121.453
23.566 -121.46
23.566 121.46
23.567 -121.468
23.567 121.468
23.568 -121.475
23.568 121.475
23.569 -121.483
23.569 121.483
23.57 -121.49
23.57 121.49
23.571 -121.497
23.571 121.497
23.572 -121.505
23.572 121.505
23.573 -121.512
23.573 121.512
23.574 -121.52
23.574 121.52
23.575 -121.527
23.575 121.527
23.576 -121.535
23.576 121.535
23.577 -121.542
23.577 121.542
23.578 -121.55
23.578 121.55
23.579 -121.557
23.579 121.557
23.58 -121.564
23.58 121.564
23.581 -121.572
23.581 121.572
23.582 -121.579
23.582 121.579
23.583 -121.587
23.583 121.587
23.584 -121.594
23.584 121.594
23.585 -121.602
23.585 121.602
23.586 -121.609
23.586 121.609
23.587 -121.617
23.587 121.617
23.588 -121.624
23.588 121.624
23.589 -121.631
23.589 121.631
23.59 -121.639
23.59 121.639
23.591 -121.646
23.591 121.646
23.592 -121.654
23.592 121.654
23.593 -121.661
23.593 121.661
23.594 -121.669
23.594 121.669
23.595 -121.676
23.595 121.676
23.596 -121.684
23.596 121.684
23.597 -121.691
23.597 121.691
23.598 -121.698
23.598 121.698
23.599 -121.706
23.599 121.706
23.6 -121.713
23.6 121.713
23.601 -121.721
23.601 121.721
23.602 -121.728
23.602 121.728
23.603 -121.736
23.603 121.736
23.604 -121.743
23.604 121.743
23.605 -121.751
23.605 121.751
23.606 -121.758
23.606 121.758
23.607 -121.765
23.607 121.765
23.608 -121.773
23.608 121.773
23.609 -121.78
23.609 121.78
23.61 -121.788
23.61 121.788
23.611 -121.795
23.611 121.795
23.612 -121.803
23.612 121.803
23.613 -121.81
23.613 121.81
23.614 -121.818
23.614 121.818
23.615 -121.825
23.615 121.825
23.616 -121.832
23.616 121.832
23.617 -121.84
23.617 121.84
23.618 -121.847
23.618 121.847
23.619 -121.855
23.619 121.855
23.62 -121.862
23.62 121.862
23.621 -121.87
23.621 121.87
23.622 -121.877
23.622 121.877
23.623 -121.885
23.623 121.885
23.624 -121.892
23.624 121.892
23.625 -121.9
23.625 121.9
23.626 -121.907
23.626 121.907
23.627 -121.914
23.627 121.914
23.628 -121.922
23.628 121.922
23.629 -121.929
23.629 121.929
23.63 -121.937
23.63 121.937
23.631 -121.944
23.631 121.944
23.632 -121.952
23.632 121.952
23.633 -121.959
23.633 121.959
23.634 -121.967
23.634 121.967
23.635 -121.974
23.635 121.974
23.636 -121.981
23.636 121.981
23.637 -121.989
23.637 121.989
23.638 -121.996
23.638 121.996
23.639 -122.004
23.639 122.004
23.64 -122.011
23.64 122.011
23.641 -122.019
23.641 122.019
23.642 -122.026
23.642 122.026
23.643 -122.034
23.643 122.034
23.644 -122.041
23.644 122.041
23.645 -122.049
23.645 122.049
23.646 -122.056
23.646 122.056
23.647 -122.063
23.647 122.063
23.648 -122.071
23.648 122.071
23.649 -122.078
23.649 122.078
23.65 -122.086
23.65 122.086
23.651 -122.093
23.651 122.093
23.652 -122.101
23.652 122.101
23.653 -122.108
23.653 122.108
23.654 -122.116
23.654 122.116
23.655 -122.123
23.655 122.123
23.656 -122.131
23.656 122.131
23.657 -122.138
23.657 122.138
23.658 -122.145
23.658 122.145
23.659 -122.153
23.659 122.153
23.66 -122.16
23.66 122.16
23.661 -122.168
23.661 122.168
23.662 -122.175
23.662 122.175
23.663 -122.183
23.663 122.183
23.664 -122.19
23.664 122.19
23.665 -122.198
23.665 122.198
23.666 -122.205
23.666 122.205
23.667 -122.213
23.667 122.213
23.668 -122.22
23.668 122.22
23.669 -122.227
23.669 122.227
23.67 -122.235
23.67 122.235
23.671 -122.242
23.671 122.242
23.672 -122.25
23.672 122.25
23.673 -122.257
23.673 122.257
23.674 -122.265
23.674 122.265
23.675 -122.272
23.675 122.272
23.676 -122.28
23.676 122.28
23.677 -122.287
23.677 122.287
23.678 -122.295
23.678 122.295
23.679 -122.302
23.679 122.302
23.68 -122.309
23.68 122.309
23.681 -122.317
23.681 122.317
23.682 -122.324
23.682 122.324
23.683 -122.332
23.683 122.332
23.684 -122.339
23.684 122.339
23.685 -122.347
23.685 122.347
23.686 -122.354
23.686 122.354
23.687 -122.362
23.687 122.362
23.688 -122.369
23.688 122.369
23.689 -122.377
23.689 122.377
23.69 -122.384
23.69 122.384
23.691 -122.392
23.691 122.392
23.692 -122.399
23.692 122.399
23.693 -122.406
23.693 122.406
23.694 -122.414
23.694 122.414
23.695 -122.421
23.695 122.421
23.696 -122.429
23.696 122.429
23.697 -122.436
23.697 122.436
23.698 -122.444
23.698 122.444
23.699 -122.451
23.699 122.451
23.7 -122.459
23.7 122.459
23.701 -122.466
23.701 122.466
23.702 -122.474
23.702 122.474
23.703 -122.481
23.703 122.481
23.704 -122.489
23.704 122.489
23.705 -122.496
23.705 122.496
23.706 -122.503
23.706 122.503
23.707 -122.511
23.707 122.511
23.708 -122.518
23.708 122.518
23.709 -122.526
23.709 122.526
23.71 -122.533
23.71 122.533
23.711 -122.541
23.711 122.541
23.712 -122.548
23.712 122.548
23.713 -122.556
23.713 122.556
23.714 -122.563
23.714 122.563
23.715 -122.571
23.715 122.571
23.716 -122.578
23.716 122.578
23.717 -122.586
23.717 122.586
23.718 -122.593
23.718 122.593
23.719 -122.6
23.719 122.6
23.72 -122.608
23.72 122.608
23.721 -122.615
23.721 122.615
23.722 -122.623
23.722 122.623
23.723 -122.63
23.723 122.63
23.724 -122.638
23.724 122.638
23.725 -122.645
23.725 122.645
23.726 -122.653
23.726 122.653
23.727 -122.66
23.727 122.66
23.728 -122.668
23.728 122.668
23.729 -122.675
23.729 122.675
23.73 -122.683
23.73 122.683
23.731 -122.69
23.731 122.69
23.732 -122.697
23.732 122.697
23.733 -122.705
23.733 122.705
23.734 -122.712
23.734 122.712
23.735 -122.72
23.735 122.72
23.736 -122.727
23.736 122.727
23.737 -122.735
23.737 122.735
23.738 -122.742
23.738 122.742
23.739 -122.75
23.739 122.75
23.74 -122.757
23.74 122.757
23.741 -122.765
23.741 122.765
23.742 -122.772
23.742 122.772
23.743 -122.78
23.743 122.78
23.744 -122.787
23.744 122.787
23.745 -122.795
23.745 122.795
23.746 -122.802
23.746 122.802
23.747 -122.809
23.747 122.809
23.748 -122.817
23.748 122.817
23.749 -122.824
23.749 122.824
23.75 -122.832
23.75 122.832
23.751 -122.839
23.751 122.839
23.752 -122.847
23.752 122.847
23.753 -122.854
23.753 122.854
23.754 -122.862
23.754 122.862
23.755 -122.869
23.755 122.869
23.756 -122.877
23.756 122.877
23.757 -122.884
23.757 122.884
23.758 -122.892
23.758 122.892
23.759 -122.899
23.759 122.899
23.76 -122.907
23.76 122.907
23.761 -122.914
23.761 122.914
23.762 -122.922
23.762 122.922
23.763 -122.929
23.763 122.929
23.764 -122.936
23.764 122.936
23.765 -122.944
23.765 122.944
23.766 -122.951
23.766 122.951
23.767 -122.959
23.767 122.959
23.768 -122.966
23.768 122.966
23.769 -122.974
23.769 122.974
23.77 -122.981
23.77 122.981
23.771 -122.989
23.771 122.989
23.772 -122.996
23.772 122.996
23.773 -123.004
23.773 123.004
23.774 -123.011
23.774 123.011
23.775 -123.019
23.775 123.019
23.776 -123.026
23.776 123.026
23.777 -123.034
23.777 123.034
23.778 -123.041
23.778 123.041
23.779 -123.049
23.779 123.049
23.78 -123.056
23.78 123.056
23.781 -123.063
23.781 123.063
23.782 -123.071
23.782 123.071
23.783 -123.078
23.783 123.078
23.784 -123.086
23.784 123.086
23.785 -123.093
23.785 123.093
23.786 -123.101
23.786 123.101
23.787 -123.108
23.787 123.108
23.788 -123.116
23.788 123.116
23.789 -123.123
23.789 123.123
23.79 -123.131
23.79 123.131
23.791 -123.138
23.791 123.138
23.792 -123.146
23.792 123.146
23.793 -123.153
23.793 123.153
23.794 -123.161
23.794 123.161
23.795 -123.168
23.795 123.168
23.796 -123.176
23.796 123.176
23.797 -123.183
23.797 123.183
23.798 -123.191
23.798 123.191
23.799 -123.198
23.799 123.198
23.8 -123.205
23.8 123.205
23.801 -123.213
23.801 123.213
23.802 -123.22
23.802 123.22
23.803 -123.228
23.803 123.228
23.804 -123.235
23.804 123.235
23.805 -123.243
23.805 123.243
23.806 -123.25
23.806 123.25
23.807 -123.258
23.807 123.258
23.808 -123.265
23.808 123.265
23.809 -123.273
23.809 123.273
23.81 -123.28
23.81 123.28
23.811 -123.288
23.811 123.288
23.812 -123.295
23.812 123.295
23.813 -123.303
23.813 123.303
23.814 -123.31
23.814 123.31
23.815 -123.318
23.815 123.318
23.816 -123.325
23.816 123.325
23.817 -123.333
23.817 123.333
23.818 -123.34
23.818 123.34
23.819 -123.348
23.819 123.348
23.82 -123.355
23.82 123.355
23.821 -123.363
23.821 123.363
23.822 -123.37
23.822 123.37
23.823 -123.377
23.823 123.377
23.824 -123.385
23.824 123.385
23.825 -123.392
23.825 123.392
23.826 -123.4
23.826 123.4
23.827 -123.407
23.827 123.407
23.828 -123.415
23.828 123.415
23.829 -123.422
23.829 123.422
23.83 -123.43
23.83 123.43
23.831 -123.437
23.831 123.437
23.832 -123.445
23.832 123.445
23.833 -123.452
23.833 123.452
23.834 -123.46
23.834 123.46
23.835 -123.467
23.835 123.467
23.836 -123.475
23.836 123.475
23.837 -123.482
23.837 123.482
23.838 -123.49
23.838 123.49
23.839 -123.497
23.839 123.497
23.84 -123.505
23.84 123.505
23.841 -123.512
23.841 123.512
23.842 -123.52
23.842 123.52
23.843 -123.527
23.843 123.527
23.844 -123.535
23.844 123.535
23.845 -123.542
23.845 123.542
23.846 -123.55
23.846 123.55
23.847 -123.557
23.847 123.557
23.848 -123.564
23.848 123.564
23.849 -123.572
23.849 123.572
23.85 -123.579
23.85 123.579
23.851 -123.587
23.851 123.587
23.852 -123.594
23.852 123.594
23.853 -123.602
23.853 123.602
23.854 -123.609
23.854 123.609
23.855 -123.617
23.855 123.617
23.856 -123.624
23.856 123.624
23.857 -123.632
23.857 123.632
23.858 -123.639
23.858 123.639
23.859 -123.647
23.859 123.647
23.86 -123.654
23.86 123.654
23.861 -123.662
23.861 123.662
23.862 -123.669
23.862 123.669
23.863 -123.677
23.863 123.677
23.864 -123.684
23.864 123.684
23.865 -123.692
23.865 123.692
23.866 -123.699
23.866 123.699
23.867 -123.707
23.867 123.707
23.868 -123.714
23.868 123.714
23.869 -123.722
23.869 123.722
23.87 -123.729
23.87 123.729
23.871 -123.737
23.871 123.737
23.872 -123.744
23.872 123.744
23.873 -123.752
23.873 123.752
23.874 -123.759
23.874 123.759
23.875 -123.767
23.875 123.767
23.876 -123.774
23.876 123.774
23.877 -123.782
23.877 123.782
23.878 -123.789
23.878 123.789
23.879 -123.797
23.879 123.797
23.88 -123.804
23.88 123.804
23.881 -123.812
23.881 123.812
23.882 -123.819
23.882 123.819
23.883 -123.826
23.883 123.826
23.884 -123.834
23.884 123.834
23.885 -123.841
23.885 123.841
23.886 -123.849
23.886 123.849
23.887 -123.856
23.887 123.856
23.888 -123.864
23.888 123.864
23.889 -123.871
23.889 123.871
23.89 -123.879
23.89 123.879
23.891 -123.886
23.891 123.886
23.892 -123.894
23.892 123.894
23.893 -123.901
23.893 123.901
23.894 -123.909
23.894 123.909
23.895 -123.916
23.895 123.916
23.896 -123.924
23.896 123.924
23.897 -123.931
23.897 123.931
23.898 -123.939
23.898 123.939
23.899 -123.946
23.899 123.946
23.9 -123.954
23.9 123.954
23.901 -123.961
23.901 123.961
23.902 -123.969
23.902 123.969
23.903 -123.976
23.903 123.976
23.904 -123.984
23.904 123.984
23.905 -123.991
23.905 123.991
23.906 -123.999
23.906 123.999
23.907 -124.006
23.907 124.006
23.908 -124.014
23.908 124.014
23.909 -124.021
23.909 124.021
23.91 -124.029
23.91 124.029
23.911 -124.036
23.911 124.036
23.912 -124.044
23.912 124.044
23.913 -124.051
23.913 124.051
23.914 -124.059
23.914 124.059
23.915 -124.066
23.915 124.066
23.916 -124.074
23.916 124.074
23.917 -124.081
23.917 124.081
23.918 -124.089
23.918 124.089
23.919 -124.096
23.919 124.096
23.92 -124.104
23.92 124.104
23.921 -124.111
23.921 124.111
23.922 -124.119
23.922 124.119
23.923 -124.126
23.923 124.126
23.924 -124.134
23.924 124.134
23.925 -124.141
23.925 124.141
23.926 -124.149
23.926 124.149
23.927 -124.156
23.927 124.156
23.928 -124.164
23.928 124.164
23.929 -124.171
23.929 124.171
23.93 -124.179
23.93 124.179
23.931 -124.186
23.931 124.186
23.932 -124.194
23.932 124.194
23.933 -124.201
23.933 124.201
23.934 -124.209
23.934 124.209
23.935 -124.216
23.935 124.216
23.936 -124.224
23.936 124.224
23.937 -124.231
23.937 124.231
23.938 -124.239
23.938 124.239
23.939 -124.246
23.939 124.246
23.94 -124.254
23.94 124.254
23.941 -124.261
23.941 124.261
23.942 -124.269
23.942 124.269
23.943 -124.276
23.943 124.276
23.944 -124.284
23.944 124.284
23.945 -124.291
23.945 124.291
23.946 -124.299
23.946 124.299
23.947 -124.306
23.947 124.306
23.948 -124.314
23.948 124.314
23.949 -124.321
23.949 124.321
23.95 -124.329
23.95 124.329
23.951 -124.336
23.951 124.336
23.952 -124.344
23.952 124.344
23.953 -124.351
23.953 124.351
23.954 -124.359
23.954 124.359
23.955 -124.366
23.955 124.366
23.956 -124.374
23.956 124.374
23.957 -124.381
23.957 124.381
23.958 -124.389
23.958 124.389
23.959 -124.396
23.959 124.396
23.96 -124.404
23.96 124.404
23.961 -124.411
23.961 124.411
23.962 -124.419
23.962 124.419
23.963 -124.426
23.963 124.426
23.964 -124.434
23.964 124.434
23.965 -124.441
23.965 124.441
23.966 -124.449
23.966 124.449
23.967 -124.456
23.967 124.456
23.968 -124.464
23.968 124.464
23.969 -124.471
23.969 124.471
23.97 -124.479
23.97 124.479
23.971 -124.486
23.971 124.486
23.972 -124.494
23.972 124.494
23.973 -124.501
23.973 124.501
23.974 -124.509
23.974 124.509
23.975 -124.516
23.975 124.516
23.976 -124.524
23.976 124.524
23.977 -124.531
23.977 124.531
23.978 -124.539
23.978 124.539
23.979 -124.546
23.979 124.546
23.98 -124.554
23.98 124.554
23.981 -124.561
23.981 124.561
23.982 -124.569
23.982 124.569
23.983 -124.576
23.983 124.576
23.984 -124.584
23.984 124.584
23.985 -124.591
23.985 124.591
23.986 -124.599
23.986 124.599
23.987 -124.606
23.987 124.606
23.988 -124.614
23.988 124.614
23.989 -124.621
23.989 124.621
23.99 -124.629
23.99 124.629
23.991 -124.636
23.991 124.636
23.992 -124.644
23.992 124.644
23.993 -124.651
23.993 124.651
23.994 -124.659
23.994 124.659
23.995 -124.666
23.995 124.666
23.996 -124.674
23.996 124.674
23.997 -124.681
23.997 124.681
23.998 -124.689
23.998 124.689
23.999 -124.696
23.999 124.696
